text,pred_id,predicted,confidence,margin,entropy,top2,top2_confidence
who is the prime minister of India,5,find.phone.locate,0.4616887867450714,0.19726666808128357,0.6692422032356262,device.memory.change,0.26442211866378784
who is the priminister of india,5,find.phone.locate,0.46232348680496216,0.2119881510734558,0.6763836741447449,device.memory.change,0.25033533573150635
what is the capital of France,2,device.volume.increase,0.9651157855987549,0.9565611537545919,0.09450802952051163,find.phone.locate,0.008554631844162941
what is the population of India,1,device.volume.decrease,0.3297480344772339,0.026875615119934082,0.7063329219818115,find.phone.locate,0.3028724193572998
who invented the telephone,5,find.phone.locate,0.8876090049743652,0.8468416854739189,0.23104116320610046,streaming.session.stop,0.04076731950044632
when did the moon landing happen,5,find.phone.locate,0.7314725518226624,0.6584071442484856,0.4534097909927368,device.memory.change,0.07306540757417679
what is the tallest mountain,2,device.volume.increase,0.8288413286209106,0.7739526368677616,0.33107462525367737,find.phone.locate,0.05488869175314903
who won the cricket match,10,streaming.session.stop,0.4239407181739807,0.20514987409114838,0.7008780837059021,device.volume.increase,0.21879084408283234
what is artificial intelligence,2,device.volume.increase,0.8468040823936462,0.7876261509954929,0.2975364625453949,find.phone.locate,0.059177931398153305
what is machine learning,2,device.volume.increase,0.8468040823936462,0.7876261509954929,0.2975364625453949,find.phone.locate,0.059177931398153305
explain quantum computing,10,streaming.session.stop,0.21984466910362244,0.0033598989248275757,0.773049533367157,device.volume.increase,0.21648477017879486
what is the stock market doing,2,device.volume.increase,0.8604075312614441,0.8104611448943615,0.28123047947883606,find.phone.locate,0.049946386367082596
what is bitcoin,2,device.volume.increase,0.7748495936393738,0.7102593034505844,0.3965875208377838,find.phone.locate,0.06459029018878937
what is the exchange rate today,2,device.volume.increase,0.8169587254524231,0.7164183706045151,0.3227878212928772,find.phone.locate,0.10054035484790802
who is the president of the United States,2,device.volume.increase,0.7987232804298401,0.7112851738929749,0.36092644929885864,find.phone.locate,0.08743810653686523
what is the temperature today,2,device.volume.increase,0.44807910919189453,0.17585864663124084,0.6471430063247681,find.phone.locate,0.2722204625606537
what is the weather today,1,device.volume.decrease,0.8446925282478333,0.7285686433315277,0.24922746419906616,find.phone.locate,0.11612388491630554
will it rain tomorrow,9,streaming.session.start,0.6395527124404907,0.5448902696371078,0.5597586631774902,device.memory.change,0.09466244280338287
is it going to be hot today,1,device.volume.decrease,0.7272295951843262,0.5225859135389328,0.3627166152000427,reminders.task.create,0.20464368164539337
what is the forecast,2,device.volume.increase,0.8207842707633972,0.7511265799403191,0.33571237325668335,find.phone.locate,0.06965769082307816
is there a storm coming,0,device.memory.change,0.31407275795936584,0.02466544508934021,0.7634243965148926,help.reminder.show,0.28940731287002563
how cold will it be tonight,3,device.volume.mute,0.421294629573822,0.1536789834499359,0.6937564015388489,reminders.task.create,0.2676156461238861
will it rain this weekend,0,device.memory.change,0.5926166772842407,0.46700772643089294,0.5931693315505981,reminders.task.create,0.12560895085334778
what is the temperature outside,2,device.volume.increase,0.8288413286209106,0.7739526368677616,0.33107462525367737,find.phone.locate,0.05488869175314903
I want to order pizza,2,device.volume.increase,0.5752795338630676,0.2743147909641266,0.48408472537994385,device.memory.change,0.30096474289894104
how do I cook pasta,6,help.reminder.show,0.7699006199836731,0.717923779040575,0.4168557822704315,find.phone.locate,0.05197684094309807
what should I eat for dinner,8,reminders.task.create,0.8597679734230042,0.8043922521173954,0.27791130542755127,find.phone.locate,0.05537572130560875
find me a restaurant,0,device.memory.change,0.9570237398147583,0.9418854899704456,0.10519088059663773,reminders.task.create,0.015138249844312668
give me a biryani recipe,2,device.volume.increase,0.4592360258102417,0.02584579586982727,0.4793209731578827,device.memory.change,0.43339022994041443
I am hungry,5,find.phone.locate,0.43626096844673157,0.10280206799507141,0.6119667887687683,device.memory.change,0.33345890045166016
where can I get coffee,5,find.phone.locate,0.3806787431240082,0.10956892371177673,0.6162142753601074,device.volume.unmute,0.27110981941223145
order some food,5,find.phone.locate,0.438649982213974,0.16627654433250427,0.6579487919807434,device.memory.change,0.2723734378814697
book a hotel for tomorrow,0,device.memory.change,0.9685034155845642,0.9618376703001559,0.08628282696008682,reminders.task.create,0.006665745284408331
I need a flight to Mumbai,0,device.memory.change,0.6903161406517029,0.5678262338042259,0.4469228684902191,device.volume.increase,0.12248990684747696
find a hotel near the airport,5,find.phone.locate,0.8013281226158142,0.6853369921445847,0.3359481990337372,device.memory.change,0.11599113047122955
what time is my train,3,device.volume.mute,0.3811589479446411,0.19327056407928467,0.7263965010643005,device.memory.change,0.18788838386535645
how do I get to Delhi,6,help.reminder.show,0.890608549118042,0.8631298337131739,0.23483268916606903,streaming.session.stop,0.027478715404868126
book a taxi,0,device.memory.change,0.9594150185585022,0.9487770581617951,0.10546382516622543,device.volume.increase,0.010637960396707058
show me flights to London,0,device.memory.change,0.539655327796936,0.347567543387413,0.6114696264266968,help.reminder.show,0.192087784409523
I am planning a holiday,0,device.memory.change,0.617016077041626,0.4567984640598297,0.5471161603927612,find.phone.locate,0.16021761298179626
open my browser,5,find.phone.locate,0.6389684081077576,0.5550384521484375,0.5637335777282715,device.memory.change,0.08392995595932007
open youtube,10,streaming.session.stop,0.3743499517440796,0.04105314612388611,0.6758264899253845,find.phone.locate,0.3332968056201935
send an email,0,device.memory.change,0.4605335295200348,0.2183506339788437,0.6605810523033142,device.volume.increase,0.2421828955411911
call my friend,9,streaming.session.start,0.6724424362182617,0.5439175069332123,0.47466811537742615,find.phone.locate,0.12852492928504944
take a photo,0,device.memory.change,0.795627236366272,0.7441491894423962,0.3770056664943695,find.phone.locate,0.05147804692387581
open settings,0,device.memory.change,0.6418123245239258,0.500054806470871,0.5253142714500427,help.reminder.show,0.1417575180530548
turn on bluetooth,4,device.volume.unmute,0.8583931922912598,0.7957061007618904,0.26850199699401855,device.volume.increase,0.06268709152936935
connect to wifi,9,streaming.session.start,0.9741254448890686,0.96861302992329,0.07340212911367416,find.phone.locate,0.005512414965778589
play music,9,streaming.session.start,0.9618011116981506,0.9530594674870372,0.10165385901927948,device.memory.change,0.008741644211113453
pause the video,10,streaming.session.stop,0.7044677138328552,0.5551212131977081,0.43409332633018494,streaming.session.start,0.1493465006351471
open maps,2,device.volume.increase,0.29069119691848755,0.11479581892490387,0.8171557188034058,device.memory.change,0.17589537799358368
how are you,1,device.volume.decrease,0.689676821231842,0.5877485126256943,0.4828380346298218,device.volume.increase,0.10192830860614777
thank you,2,device.volume.increase,0.3015434145927429,0.13720890879631042,0.7862603664398193,reminders.task.complete,0.1643345057964325
good morning,2,device.volume.increase,0.3891424834728241,0.24864837527275085,0.7688028812408447,device.memory.change,0.14049410820007324
good night,1,device.volume.decrease,0.43632271885871887,0.17803022265434265,0.6483083367347717,device.volume.increase,0.2582924962043762
hello,10,streaming.session.stop,0.4411088824272156,0.274816557765007,0.6875581741333008,device.volume.unmute,0.16629232466220856
what are you doing,2,device.volume.increase,0.9297070503234863,0.9099438115954399,0.1633567214012146,reminders.task.complete,0.019763238728046417
tell me a joke,0,device.memory.change,0.9243773818016052,0.8961342554539442,0.17001362144947052,device.volume.increase,0.02824312634766102
that's great,0,device.memory.change,0.3423502445220947,0.09176218509674072,0.7134376764297485,find.phone.locate,0.250588059425354
I am bored,5,find.phone.locate,0.43626096844673157,0.10280206799507141,0.6119667887687683,device.memory.change,0.33345890045166016
can you help me,5,find.phone.locate,0.41561976075172424,0.11030769348144531,0.6413975358009338,device.volume.decrease,0.30531206727027893
should I buy shares,1,device.volume.decrease,0.6811677813529968,0.4634871631860733,0.4298272430896759,find.phone.locate,0.21768061816692352
what is the price of gold,2,device.volume.increase,0.9651157855987549,0.9565611537545919,0.09450802952051163,find.phone.locate,0.008554631844162941
show me today's market news,0,device.memory.change,0.294069766998291,0.06595562398433685,0.7795574069023132,find.phone.locate,0.22811414301395416
how is bitcoin doing,2,device.volume.increase,0.2942214906215668,0.029802829027175903,0.7558993101119995,help.reminder.show,0.26441866159439087
what is the interest rate,2,device.volume.increase,0.8288413286209106,0.7739526368677616,0.33107462525367737,find.phone.locate,0.05488869175314903
jkakjhdjkhd,10,streaming.session.stop,0.4411088824272156,0.274816557765007,0.6875581741333008,device.volume.unmute,0.16629232466220856
sdkjadsjj,10,streaming.session.stop,0.4411088824272156,0.274816557765007,0.6875581741333008,device.volume.unmute,0.16629232466220856
asdfghjkl,10,streaming.session.stop,0.4411088824272156,0.274816557765007,0.6875581741333008,device.volume.unmute,0.16629232466220856
qwertyuiop,10,streaming.session.stop,0.4411088824272156,0.274816557765007,0.6875581741333008,device.volume.unmute,0.16629232466220856
zzzxxyyqq,10,streaming.session.stop,0.4411088824272156,0.274816557765007,0.6875581741333008,device.volume.unmute,0.16629232466220856
123456789,8,reminders.task.create,0.9810497164726257,0.9777678647078574,0.056944139301776886,streaming.session.stop,0.003281851764768362
hello xyz abc,2,device.volume.increase,0.2976906895637512,0.09629902243614197,0.7769265174865723,device.memory.change,0.20139166712760925
qazwsxedc,10,streaming.session.stop,0.4411088824272156,0.274816557765007,0.6875581741333008,device.volume.unmute,0.16629232466220856
random words banana airplane,2,device.volume.increase,0.365770161151886,0.12070181965827942,0.7231056690216064,find.phone.locate,0.24506834149360657
kjhkjhkjh,10,streaming.session.stop,0.4411088824272156,0.274816557765007,0.6875581741333008,device.volume.unmute,0.16629232466220856
make the music more enjoyable,2,device.volume.increase,0.9890156388282776,0.9857764458283782,0.0340401753783226,device.memory.change,0.0032391929998993874
make this sound better,2,device.volume.increase,0.6368131041526794,0.5215559303760529,0.5642549991607666,reminders.task.create,0.11525717377662659
adjust what I am hearing,0,device.memory.change,0.5709143877029419,0.38807646930217743,0.5491589307785034,device.volume.increase,0.18283791840076447
I want a better listening experience,2,device.volume.increase,0.2933817505836487,0.04185578227043152,0.7348354458808899,device.memory.change,0.25152596831321716
the audio does not feel right,2,device.volume.increase,0.5840277075767517,0.4362574964761734,0.6159102320671082,device.volume.decrease,0.1477702111005783
can you improve the sound quality,2,device.volume.increase,0.8887468576431274,0.859735706821084,0.2385198324918747,find.phone.locate,0.02901115082204342
make the audio comfortable,3,device.volume.mute,0.49490785598754883,0.29769501090049744,0.6473851203918457,streaming.session.start,0.1972128450870514
fix the sound for me,4,device.volume.unmute,0.9705613255500793,0.9617328448221087,0.08003394305706024,device.volume.increase,0.0088284807279706
I am having trouble hearing this,0,device.memory.change,0.7597206830978394,0.6845130696892738,0.4148827791213989,streaming.session.stop,0.07520761340856552
help me with the audio,4,device.volume.unmute,0.9005900621414185,0.854769304394722,0.20741035044193268,help.reminder.show,0.04582075774669647
change the way this sounds,0,device.memory.change,0.8375733494758606,0.7964603789150715,0.31870037317276,device.volume.decrease,0.04111297056078911
make the listening experience better,2,device.volume.increase,0.4416239559650421,0.1430376172065735,0.6275174617767334,streaming.session.stop,0.29858633875846863
who is the prime minister but make it louder,2,device.volume.increase,0.9897470474243164,0.9872808326035738,0.03312552347779274,find.phone.locate,0.002466214820742607
tell me a joke and turn the volume up,2,device.volume.increase,0.984566867351532,0.9823256554082036,0.04761737957596779,device.memory.change,0.0022412119433283806
what is the weather and mute it,3,device.volume.mute,0.8432633280754089,0.7947878390550613,0.31208232045173645,device.volume.decrease,0.048475489020347595
play music but do not change the hearing aid,1,device.volume.decrease,0.6942375898361206,0.5982106626033783,0.49331942200660706,device.memory.change,0.09602692723274231
book a hotel and make it quieter,1,device.volume.decrease,0.7145737409591675,0.556249275803566,0.4199480712413788,device.memory.change,0.1583244651556015
what is bitcoin make it louder,2,device.volume.increase,0.9941326975822449,0.9924921424826607,0.020289216190576553,device.volume.decrease,0.0016405550995841622
open youtube and turn the sound back on,4,device.volume.unmute,0.9849869608879089,0.9826827868819237,0.046582382172346115,find.phone.locate,0.00230417400598526
tell me the capital of France,8,reminders.task.create,0.7978421449661255,0.7196444049477577,0.3749430477619171,device.volume.increase,0.07819774001836777
I need a flight tomorrow,8,reminders.task.create,0.8331159949302673,0.7694931253790855,0.31936949491500854,device.memory.change,0.0636228695511818
please browse the internet,10,streaming.session.stop,0.6461711525917053,0.5358702763915062,0.5459452867507935,device.volume.increase,0.11030087620019913
who is the prime minister of India please,0,device.memory.change,0.42197126150131226,0.13993239402770996,0.689366340637207,find.phone.locate,0.2820388674736023
who is the priminister of india now,0,device.memory.change,0.3944217264652252,0.02389228343963623,0.6447543501853943,find.phone.locate,0.370529443025589
please who is the priminister of india,5,find.phone.locate,0.4455094635486603,0.2127373218536377,0.6861968040466309,device.memory.change,0.23277214169502258
please what is the capital of France,2,device.volume.increase,0.9655880331993103,0.9570899475365877,0.09224893897771835,find.phone.locate,0.008498085662722588
what is the population of India please,1,device.volume.decrease,0.4840667247772217,0.2111656665802002,0.6239529848098755,device.memory.change,0.2729010581970215
who invented teh telephone,5,find.phone.locate,0.7148151397705078,0.5977887734770775,0.4487791359424591,device.memory.change,0.11702636629343033
when did the moon landing happen please,5,find.phone.locate,0.46137791872024536,0.2599857747554779,0.6785438656806946,device.memory.change,0.20139214396476746
what is the tallest mountain please,2,device.volume.increase,0.9091288447380066,0.8877175468951464,0.20513209700584412,device.volume.unmute,0.021411297842860222
please what is the tallest mountain,2,device.volume.increase,0.9670668840408325,0.9573270166292787,0.08899807184934616,find.phone.locate,0.00973986741155386
please who won the cricket match,2,device.volume.increase,0.42224565148353577,0.20380735397338867,0.7067101001739502,streaming.session.stop,0.2184382975101471
who won the cricket match please,10,streaming.session.stop,0.4970012605190277,0.30054348707199097,0.660412073135376,device.volume.increase,0.19645777344703674
please what is artificial intelligence,2,device.volume.increase,0.9766227006912231,0.9721907428465784,0.0675637423992157,find.phone.locate,0.004431957844644785
please explain quantum computing,2,device.volume.increase,0.3470456898212433,0.052100419998168945,0.721959114074707,device.volume.unmute,0.29494526982307434
what is the stock market doing now,2,device.volume.increase,0.8340020775794983,0.7913335487246513,0.3239790201187134,find.phone.locate,0.042668528854846954
what is bitcoin please,2,device.volume.increase,0.9507148861885071,0.9376276629045606,0.12438959628343582,device.volume.unmute,0.013087223283946514
please what is bitcoin,2,device.volume.increase,0.9859946966171265,0.983343361876905,0.04349761828780174,find.phone.locate,0.0026513347402215004
what is teh exchange rate today,2,device.volume.increase,0.6820234060287476,0.49513140320777893,0.4577537775039673,find.phone.locate,0.18689200282096863
what is the exchange rate today now,2,device.volume.increase,0.7930138111114502,0.6988942921161652,0.36647436022758484,find.phone.locate,0.09411951899528503
who is the president of the United States now,2,device.volume.increase,0.7853978872299194,0.7158790975809097,0.39688581228256226,find.phone.locate,0.0695187896490097
please who is the president of the United States,2,device.volume.increase,0.819722592830658,0.7480735704302788,0.34006112813949585,find.phone.locate,0.07164902240037918
please what is the temperature today,2,device.volume.increase,0.8844444751739502,0.8515425696969032,0.2361619919538498,reminders.task.create,0.03290190547704697
what is the temperature today now,2,device.volume.increase,0.5008718967437744,0.27182337641716003,0.6439225673675537,find.phone.locate,0.22904852032661438
what is the weather today please,1,device.volume.decrease,0.9060845971107483,0.8543354757130146,0.19102568924427032,find.phone.locate,0.05174912139773369
will it rain tomorrow please,9,streaming.session.start,0.2908037304878235,0.06807808578014374,0.8218391537666321,device.memory.change,0.22272564470767975
is it going to be hot today now,1,device.volume.decrease,0.5698524117469788,0.29463768005371094,0.5141893029212952,reminders.task.create,0.2752147316932678
what is the forecast now,2,device.volume.increase,0.46127718687057495,0.2933253198862076,0.6920005679130554,help.reminder.show,0.16795186698436737
is there a storm coming please,0,device.memory.change,0.4585612118244171,0.2778889685869217,0.7093286514282227,device.volume.increase,0.18067224323749542
is tehre a storm coming,10,streaming.session.stop,0.29597243666648865,0.007074117660522461,0.7834968566894531,device.volume.increase,0.2888983190059662
how cold will it be tonight please,3,device.volume.mute,0.47983989119529724,0.23544035851955414,0.6651567220687866,reminders.task.create,0.2443995326757431
will it rain this weekend please,0,device.memory.change,0.28374263644218445,0.026744604110717773,0.7708918452262878,reminders.task.create,0.2569980323314667
what is the temperature outside now,2,device.volume.increase,0.7066060900688171,0.6329397335648537,0.48507294058799744,help.reminder.show,0.07366635650396347
I want to order pizza now,2,device.volume.increase,0.5686662197113037,0.2851538360118866,0.520125687122345,device.memory.change,0.2835123836994171
please how do I cook pasta,6,help.reminder.show,0.47847530245780945,0.33676521480083466,0.6912696361541748,device.volume.increase,0.1417100876569748
what should I eat for dinner please,8,reminders.task.create,0.9263250827789307,0.9064859878271818,0.17204983532428741,find.phone.locate,0.019839094951748848
please find me a restaurant,0,device.memory.change,0.9360925555229187,0.9095342215150595,0.1458575576543808,find.phone.locate,0.02655833400785923
find me a restaurant now,0,device.memory.change,0.9632976651191711,0.9469600506126881,0.09203571081161499,find.phone.locate,0.016337614506483078
give me a biryani recipe please,2,device.volume.increase,0.5308060646057129,0.21069324016571045,0.5162912011146545,device.memory.change,0.32011282444000244
please give me a biryani recipe,2,device.volume.increase,0.9428151249885559,0.9102521128952503,0.12851251661777496,device.memory.change,0.03256301209330559
I am hungry please,0,device.memory.change,0.45968112349510193,0.24780863523483276,0.6757910251617432,find.phone.locate,0.21187248826026917
where can I get coffee now,4,device.volume.unmute,0.42128437757492065,0.14311638474464417,0.6050379872322083,help.reminder.show,0.2781679928302765
order some food now,5,find.phone.locate,0.405411034822464,0.08683666586875916,0.6616689562797546,device.memory.change,0.31857436895370483
please order some food,10,streaming.session.stop,0.41175952553749084,0.20326730608940125,0.7017841935157776,device.memory.change,0.2084922194480896
book a hotel for tomorrow now,0,device.memory.change,0.9670140743255615,0.9588228929787874,0.0886007621884346,reminders.task.create,0.008191181346774101
book a hotel for tommorow,0,device.memory.change,0.9560085535049438,0.9418128486722708,0.11172477155923843,device.volume.increase,0.014195704832673073
please I need a flight to Mumbai,2,device.volume.increase,0.35770103335380554,0.03422999382019043,0.7051382064819336,device.memory.change,0.3234710395336151
I need a flight to Mumbai now,0,device.memory.change,0.6186729669570923,0.3915391117334366,0.48034292459487915,device.volume.increase,0.2271338552236557
find a hotel near the airport please,5,find.phone.locate,0.5897011756896973,0.32478082180023193,0.5141816735267639,device.memory.change,0.26492035388946533
please find a hotel near the airport,5,find.phone.locate,0.5698499083518982,0.3554624766111374,0.5667536854743958,device.memory.change,0.2143874317407608
please what time is my train,3,device.volume.mute,0.2511045038700104,0.017460227012634277,0.8462275266647339,find.phone.locate,0.2336442768573761
please how do I get to Delhi,6,help.reminder.show,0.764156699180603,0.6645307540893555,0.3956751525402069,device.volume.unmute,0.09962594509124756
book a taxi now,0,device.memory.change,0.9327017664909363,0.9106393605470657,0.1577802151441574,device.volume.increase,0.022062405943870544
please show me flights to London,0,device.memory.change,0.6979028582572937,0.5538892596960068,0.4637657403945923,device.volume.increase,0.14401359856128693
I am planning a holiday now,0,device.memory.change,0.5753992199897766,0.39450356364250183,0.584178626537323,find.phone.locate,0.18089565634727478
I am planning a holiday please,0,device.memory.change,0.6458775997161865,0.537785992026329,0.5326948761940002,device.volume.increase,0.10809160768985748
please open my browser,5,find.phone.locate,0.5066611170768738,0.28823222219944,0.6078237891197205,streaming.session.stop,0.21842889487743378
open my browser please,5,find.phone.locate,0.5310056805610657,0.3984900563955307,0.6396064758300781,device.memory.change,0.13251562416553497
open youtube now,5,find.phone.locate,0.38739943504333496,0.1769101619720459,0.7778998017311096,streaming.session.stop,0.21048927307128906
send an email now,0,device.memory.change,0.5784859657287598,0.4411440044641495,0.607919454574585,help.reminder.show,0.1373419612646103
send an email please,0,device.memory.change,0.5017101764678955,0.28949861228466034,0.6674321889877319,device.volume.increase,0.21221156418323517
please call my friend,9,streaming.session.start,0.39909714460372925,0.11721876263618469,0.6942368149757385,reminders.task.create,0.28187838196754456
call my friend now,5,find.phone.locate,0.5289634466171265,0.23656663298606873,0.5564513206481934,streaming.session.start,0.29239681363105774
please take a photo,0,device.memory.change,0.7553250193595886,0.678298145532608,0.41557013988494873,device.volume.increase,0.07702687382698059
please turn on bluetooth,4,device.volume.unmute,0.9218367338180542,0.8914382420480251,0.17513276636600494,device.volume.increase,0.030398491770029068
turn on bluetooth now,4,device.volume.unmute,0.7714164853096008,0.6423899531364441,0.3646217882633209,device.volume.increase,0.12902653217315674
please connect to wifi,9,streaming.session.start,0.9193540215492249,0.8934679292142391,0.18448689579963684,reminders.task.create,0.025886092334985733
play music now,9,streaming.session.start,0.9250987768173218,0.8916447423398495,0.16834960877895355,device.volume.unmute,0.033454034477472305
pause teh video,10,streaming.session.stop,0.9689257144927979,0.9616229827515781,0.08387168496847153,help.reminder.show,0.007302731741219759
how are you now,1,device.volume.decrease,0.3053036630153656,0.020900070667266846,0.7549086213111877,device.volume.increase,0.28440359234809875
please how are you,1,device.volume.decrease,0.3698904812335968,0.06070983409881592,0.6731340289115906,device.volume.increase,0.3091806471347809
please thank you,7,reminders.task.complete,0.24078156054019928,0.0041036903858184814,0.8186795115470886,device.volume.increase,0.2366778701543808
good morning please,7,reminders.task.complete,0.26895418763160706,0.028154298663139343,0.7781878113746643,device.volume.increase,0.2407998889684677
good night please,1,device.volume.decrease,0.6729040741920471,0.46407976746559143,0.4406072199344635,device.volume.increase,0.2088243067264557
please good night,5,find.phone.locate,0.34153512120246887,0.05337914824485779,0.7318629622459412,device.volume.increase,0.2881559729576111
please hello,2,device.volume.increase,0.4227054715156555,0.24249324202537537,0.7373510599136353,device.memory.change,0.18021222949028015
what are you doing please,2,device.volume.increase,0.930914044380188,0.9129971601068974,0.1633041948080063,reminders.task.complete,0.017916884273290634
I am bored now,0,device.memory.change,0.3922681212425232,0.027846068143844604,0.6390109658241272,find.phone.locate,0.3644220530986786
can you help me please,0,device.memory.change,0.3814374804496765,0.19004154205322266,0.7225574254989624,device.volume.increase,0.19139593839645386
what is the stock market doing please,2,device.volume.increase,0.8937540054321289,0.8700199369341135,0.2326175570487976,find.phone.locate,0.023734068498015404
should I buy shares now,1,device.volume.decrease,0.5950837135314941,0.35320180654525757,0.5235425233840942,find.phone.locate,0.24188190698623657
should I buy shares please,1,device.volume.decrease,0.762089729309082,0.6521612927317619,0.40058964490890503,find.phone.locate,0.1099284365773201
what is the price of gold now,2,device.volume.increase,0.9476414918899536,0.9343490144237876,0.13127754628658295,help.reminder.show,0.01329247746616602
what is teh price of gold,2,device.volume.increase,0.9571130871772766,0.9465069184079766,0.11089566349983215,find.phone.locate,0.010606168769299984
please show me today's market news,0,device.memory.change,0.4669046998023987,0.24629516899585724,0.675881564617157,device.volume.increase,0.22060953080654144
how is bitcoin doing please,2,device.volume.increase,0.3637702167034149,0.17685335874557495,0.761813759803772,device.memory.change,0.18691685795783997
how is bitcoin doing now,6,help.reminder.show,0.4602685570716858,0.3283228576183319,0.7139905691146851,device.volume.increase,0.13194569945335388
please what is the interest rate,2,device.volume.increase,0.9670668840408325,0.9573270166292787,0.08899807184934616,find.phone.locate,0.00973986741155386
jkakjhdjkhd please,2,device.volume.increase,0.2949148118495941,0.09912802278995514,0.777411699295044,device.memory.change,0.19578678905963898
sdkjadsjj now,4,device.volume.unmute,0.282463937997818,0.07560649514198303,0.8204360604286194,device.memory.change,0.20685744285583496
please sdkjadsjj,2,device.volume.increase,0.4227054715156555,0.24249324202537537,0.7373510599136353,device.memory.change,0.18021222949028015
please asdfghjkl,2,device.volume.increase,0.4227054715156555,0.24249324202537537,0.7373510599136353,device.memory.change,0.18021222949028015
asdfghjkl now,4,device.volume.unmute,0.282463937997818,0.07560649514198303,0.8204360604286194,device.memory.change,0.20685744285583496
please qwertyuiop,2,device.volume.increase,0.4227054715156555,0.24249324202537537,0.7373510599136353,device.memory.change,0.18021222949028015
qwertyuiop please,2,device.volume.increase,0.2949148118495941,0.09912802278995514,0.777411699295044,device.memory.change,0.19578678905963898
zzzxxyyqq now,4,device.volume.unmute,0.282463937997818,0.07560649514198303,0.8204360604286194,device.memory.change,0.20685744285583496
123456789 please,8,reminders.task.create,0.9750909805297852,0.9708784795366228,0.07185928523540497,streaming.session.stop,0.004212500993162394
hello xyz abc please,2,device.volume.increase,0.3834240734577179,0.18269991874694824,0.7374147176742554,device.memory.change,0.20072415471076965
hello xyz abc now,0,device.memory.change,0.24340693652629852,0.03387826681137085,0.8196738362312317,device.volume.increase,0.20952866971492767
qazwsxedc now,4,device.volume.unmute,0.282463937997818,0.07560649514198303,0.8204360604286194,device.memory.change,0.20685744285583496
please qazwsxedc,2,device.volume.increase,0.4227054715156555,0.24249324202537537,0.7373510599136353,device.memory.change,0.18021222949028015
random words banana airplane please,2,device.volume.increase,0.35045677423477173,0.0538751482963562,0.7110629677772522,device.memory.change,0.2965816259384155
please random words banana airplane,2,device.volume.increase,0.4514752924442291,0.2799942046403885,0.6814486980438232,device.memory.change,0.17148108780384064
kjhkjhkjh please,2,device.volume.increase,0.2949148118495941,0.09912802278995514,0.777411699295044,device.memory.change,0.19578678905963898
make the music more enjoyable please,2,device.volume.increase,0.9890089631080627,0.9864271983969957,0.03472217172384262,device.memory.change,0.0025817647110670805
make teh music more enjoyable,2,device.volume.increase,0.9844708442687988,0.9787491075694561,0.04620539769530296,device.memory.change,0.005721736699342728
make this sound better please,2,device.volume.increase,0.5916258096694946,0.46258750557899475,0.5906018018722534,device.volume.mute,0.12903830409049988
please make this sound better,3,device.volume.mute,0.30242764949798584,0.059743329882621765,0.7429237365722656,device.volume.increase,0.24268431961536407
please adjust what I am hearing,2,device.volume.increase,0.5122494697570801,0.2641187310218811,0.5454322695732117,device.memory.change,0.24813073873519897
please I want a better listening experience,2,device.volume.increase,0.6130083799362183,0.4865758717060089,0.5891779661178589,device.memory.change,0.12643250823020935
the audio does not feel right now,2,device.volume.increase,0.8283289074897766,0.779766459017992,0.33022835850715637,device.volume.decrease,0.04856244847178459
teh audio does not feel right,2,device.volume.increase,0.6612350344657898,0.575308121740818,0.5430496335029602,help.reminder.show,0.08592691272497177
please can you improve the sound quality,4,device.volume.unmute,0.4453527331352234,0.09455916285514832,0.5695140361785889,device.volume.increase,0.3507935702800751
make the audio comfortable now,3,device.volume.mute,0.7246561646461487,0.5535360276699066,0.40810149908065796,device.volume.increase,0.17112013697624207
make teh audio comfortable,2,device.volume.increase,0.7303958535194397,0.5920074284076691,0.4311516284942627,device.volume.mute,0.13838842511177063
fix the sound for me now,4,device.volume.unmute,0.9347990155220032,0.9112435504794121,0.14850783348083496,device.volume.increase,0.023555465042591095
fix teh sound for me,4,device.volume.unmute,0.9245644211769104,0.8919133134186268,0.16719868779182434,device.volume.increase,0.032651107758283615
help me with the audio please,4,device.volume.unmute,0.8404939770698547,0.8084518797695637,0.32440900802612305,streaming.session.stop,0.03204209730029106
please help me with the audio,9,streaming.session.start,0.5801908373832703,0.3158341944217682,0.5295061469078064,device.volume.unmute,0.2643566429615021
please change the way this sounds,0,device.memory.change,0.5570652484893799,0.30223774909973145,0.5550898313522339,device.volume.mute,0.25482749938964844
change the way this sounds please,0,device.memory.change,0.7323397397994995,0.634734109044075,0.4545888602733612,device.volume.mute,0.0976056307554245
make the listening experience better now,2,device.volume.increase,0.6765343546867371,0.5892937704920769,0.5210932493209839,device.memory.change,0.08724058419466019
make the listening experience better please,2,device.volume.increase,0.4130144715309143,0.12241148948669434,0.6683099865913391,streaming.session.stop,0.29060298204421997
please who is the prime minister but make it louder,2,device.volume.increase,0.9826804995536804,0.9784368155524135,0.05202127620577812,find.phone.locate,0.004243684001266956
please tell me a joke and turn the volume up,2,device.volume.increase,0.9852017760276794,0.9830634607933462,0.04607337713241577,reminders.task.create,0.0021383152343332767
what is the weather and mute it please,3,device.volume.mute,0.8617611527442932,0.8143451735377312,0.28305256366729736,device.volume.decrease,0.04741597920656204
play music but do not change the hearing aid please,1,device.volume.decrease,0.645897626876831,0.5514520928263664,0.5527386665344238,device.volume.unmute,0.09444553405046463
please play music but do not change the hearing aid,1,device.volume.decrease,0.7452630996704102,0.6973505988717079,0.4647243320941925,help.reminder.show,0.04791250079870224
book a hotel and make it quieter please,1,device.volume.decrease,0.7599478363990784,0.6685700640082359,0.3937927782535553,device.memory.change,0.09137777239084244
what is bitcoin make it louder now,2,device.volume.increase,0.9934512376785278,0.9918829565867782,0.022425472736358643,device.volume.decrease,0.0015682810917496681
what is bitcoin make it louder please,2,device.volume.increase,0.9939175248146057,0.9923609984107316,0.02099597454071045,device.volume.decrease,0.0015565264038741589
please open youtube and turn the sound back on,4,device.volume.unmute,0.9816032648086548,0.9790264007169753,0.05559374392032623,device.volume.decrease,0.002576864091679454
tell me the capital of France now,8,reminders.task.create,0.5317613482475281,0.2910849153995514,0.6164143681526184,device.volume.increase,0.24067643284797668
tell me teh capital of France,2,device.volume.increase,0.5264500379562378,0.3284981697797775,0.6322295069694519,reminders.task.create,0.19795186817646027
please I need a flight tomorrow,8,reminders.task.create,0.8278450965881348,0.7864240370690823,0.33994677662849426,find.phone.locate,0.041421059519052505
I need a flight tommorow,0,device.memory.change,0.4585297703742981,0.16931205987930298,0.6247543096542358,device.volume.increase,0.2892177104949951
please browse teh internet,2,device.volume.increase,0.3128507733345032,0.03712460398674011,0.7111108899116516,streaming.session.stop,0.27572616934776306
tell me about today's news,2,device.volume.increase,0.8527682423591614,0.7756362110376358,0.2654930651187897,device.memory.change,0.07713203132152557
explain today's news,10,streaming.session.stop,0.21984466910362244,0.0033598989248275757,0.773049533367157,device.volume.increase,0.21648477017879486
explain the cricket score,10,streaming.session.stop,0.3345388174057007,0.10395850241184235,0.7405725717544556,device.volume.increase,0.23058031499385834
where can I find the train schedule,5,find.phone.locate,0.6352258920669556,0.4031399190425873,0.48440635204315186,help.reminder.show,0.2320859730243683
show me the train schedule,6,help.reminder.show,0.39501017332077026,0.1975802630186081,0.7165663242340088,device.memory.change,0.19742991030216217
explain a pasta recipe,0,device.memory.change,0.5607554912567139,0.4055893272161484,0.587118923664093,device.volume.increase,0.1551661640405655
give me information about email,2,device.volume.increase,0.975691020488739,0.969679610338062,0.06874001026153564,device.memory.change,0.006011410150676966
what is youtube,1,device.volume.decrease,0.6730827689170837,0.4635966569185257,0.4476570785045624,find.phone.locate,0.20948611199855804
where can I find youtube,5,find.phone.locate,0.906303882598877,0.8713017851114273,0.2064618617296219,help.reminder.show,0.035002097487449646
what is the weather,5,find.phone.locate,0.45155787467956543,0.005394428968429565,0.46030524373054504,device.volume.decrease,0.44616344571113586
explain email,4,device.volume.unmute,0.350320428609848,0.19686618447303772,0.7696954011917114,streaming.session.stop,0.1534542441368103
show me today's news,5,find.phone.locate,0.3745581805706024,0.12547776103019714,0.7276503443717957,device.memory.change,0.24908041954040527
give me information about bitcoin,2,device.volume.increase,0.975691020488739,0.969679610338062,0.06874001026153564,device.memory.change,0.006011410150676966
tell me about the cricket score,2,device.volume.increase,0.9061827659606934,0.88362180814147,0.21032007038593292,device.memory.change,0.022560957819223404
tell me about the stock market,2,device.volume.increase,0.9061827659606934,0.88362180814147,0.21032007038593292,device.memory.change,0.022560957819223404
explain pizza,4,device.volume.unmute,0.350320428609848,0.19686618447303772,0.7696954011917114,streaming.session.stop,0.1534542441368103
show me a pasta recipe,0,device.memory.change,0.70774906873703,0.6043839380145073,0.47394829988479614,help.reminder.show,0.10336513072252274
tell me about tax rules,2,device.volume.increase,0.8527682423591614,0.7756362110376358,0.2654930651187897,device.memory.change,0.07713203132152557
what is a pasta recipe,2,device.volume.increase,0.835287868976593,0.7913650348782539,0.32025834918022156,device.memory.change,0.04392283409833908
give me information about tax rules,2,device.volume.increase,0.9744385480880737,0.9675918379798532,0.07178235054016113,device.memory.change,0.006846710108220577
give me information about the stock market,2,device.volume.increase,0.9681647419929504,0.9617174258455634,0.08660529553890228,device.memory.change,0.006447316147387028
where can I find the stock market,5,find.phone.locate,0.9191966652870178,0.8886662758886814,0.1826648712158203,help.reminder.show,0.03053038939833641
give me information about the weather,2,device.volume.increase,0.854910135269165,0.7715758234262466,0.2662276029586792,find.phone.locate,0.0833343118429184
what is today's news,2,device.volume.increase,0.8468040823936462,0.7876261509954929,0.2975364625453949,find.phone.locate,0.059177931398153305
give me information about the cricket score,2,device.volume.increase,0.9681647419929504,0.9617174258455634,0.08660529553890228,device.memory.change,0.006447316147387028
tell me about the train schedule,8,reminders.task.create,0.31399694085121155,0.07324834167957306,0.744574248790741,device.memory.change,0.2407485991716385
explain the weather,1,device.volume.decrease,0.46172672510147095,0.1778120994567871,0.63344407081604,device.memory.change,0.28391462564468384
what is the train schedule,6,help.reminder.show,0.5562235116958618,0.37756024301052094,0.6127253174781799,reminders.task.create,0.17866326868534088
give me information about a pasta recipe,2,device.volume.increase,0.9324038624763489,0.8955619409680367,0.14752760529518127,device.memory.change,0.036841921508312225
where can I find email,5,find.phone.locate,0.878735363483429,0.820582453161478,0.24383306503295898,help.reminder.show,0.05815291032195091
tell me about a hotel,2,device.volume.increase,0.4608518183231354,0.050318390130996704,0.49866706132888794,device.memory.change,0.41053342819213867
tell me about the weather,5,find.phone.locate,0.30568572878837585,0.09277670085430145,0.7943455576896667,reminders.task.create,0.2129090279340744
how do I email,6,help.reminder.show,0.7713074684143066,0.7139038369059563,0.41463035345077515,find.phone.locate,0.05740363150835037
how do I the weather,6,help.reminder.show,0.41935762763023376,0.15693125128746033,0.6547237038612366,find.phone.locate,0.26242637634277344
where can I find a flight,5,find.phone.locate,0.9312621355056763,0.914893900975585,0.16537761688232422,help.reminder.show,0.016368234530091286
how do I a pasta recipe,6,help.reminder.show,0.7731447815895081,0.6993023380637169,0.4072627127170563,device.memory.change,0.07384244352579117
how do I tax rules,6,help.reminder.show,0.7699006199836731,0.717923779040575,0.4168557822704315,find.phone.locate,0.05197684094309807
how do I pizza,6,help.reminder.show,0.7713074684143066,0.7139038369059563,0.41463035345077515,find.phone.locate,0.05740363150835037
what is the stock market,2,device.volume.increase,0.8288413286209106,0.7739526368677616,0.33107462525367737,find.phone.locate,0.05488869175314903
what is tax rules,2,device.volume.increase,0.8468040823936462,0.7876261509954929,0.2975364625453949,find.phone.locate,0.059177931398153305
tell me about bitcoin,2,device.volume.increase,0.8552385568618774,0.7942031733691692,0.2782759964466095,device.memory.change,0.061035383492708206
how do I bitcoin,6,help.reminder.show,0.7713074684143066,0.7139038369059563,0.41463035345077515,find.phone.locate,0.05740363150835037
where can I find tax rules,5,find.phone.locate,0.8856189250946045,0.8307241089642048,0.23269878327846527,help.reminder.show,0.054894816130399704
what is my browser,5,find.phone.locate,0.9102171063423157,0.8603562489151955,0.18655899167060852,device.volume.increase,0.04986085742712021
tell me about my browser,2,device.volume.increase,0.5098587274551392,0.23864829540252686,0.6108171343803406,find.phone.locate,0.2712104320526123
explain youtube,10,streaming.session.stop,0.6950672268867493,0.5217444598674774,0.45039305090904236,device.volume.decrease,0.17332276701927185
how do I my browser,6,help.reminder.show,0.5877296924591064,0.3435535430908203,0.5373436212539673,find.phone.locate,0.24417614936828613
how do I a flight,6,help.reminder.show,0.5191336274147034,0.32970862090587616,0.6342070698738098,device.volume.decrease,0.1894250065088272
show me the cricket score,5,find.phone.locate,0.3630777597427368,0.16298682987689972,0.7604278922080994,device.memory.change,0.2000909298658371
tell me about youtube,9,streaming.session.start,0.9202163219451904,0.9083835911005735,0.19004413485527039,reminders.task.create,0.01183273084461689
where can I find a hotel,5,find.phone.locate,0.8652577996253967,0.8116417936980724,0.27109643816947937,help.reminder.show,0.053616005927324295
explain a flight,0,device.memory.change,0.709618091583252,0.5309346318244934,0.42362815141677856,device.volume.decrease,0.17868345975875854
how do I the cricket score,6,help.reminder.show,0.7584373354911804,0.6882429793477058,0.4307035803794861,find.phone.locate,0.07019435614347458
how do I a hotel,6,help.reminder.show,0.8083706498146057,0.7500501461327076,0.3599892854690552,device.memory.change,0.05832050368189812
tell me about a flight,9,streaming.session.start,0.47378137707710266,0.3257552236318588,0.7089791297912598,device.memory.change,0.14802615344524384
what is the cricket score,2,device.volume.increase,0.8288413286209106,0.7739526368677616,0.33107462525367737,find.phone.locate,0.05488869175314903
show me a hotel,0,device.memory.change,0.8251883387565613,0.7794141694903374,0.3344815671443939,help.reminder.show,0.04577416926622391
tell me about a pasta recipe,2,device.volume.increase,0.5608285665512085,0.21679770946502686,0.4415760934352875,device.memory.change,0.34403085708618164
how do I today's news,6,help.reminder.show,0.7699006199836731,0.717923779040575,0.4168557822704315,find.phone.locate,0.05197684094309807
show me youtube,9,streaming.session.start,0.4354856312274933,0.21368254721164703,0.7122747302055359,find.phone.locate,0.22180308401584625
what is pizza,2,device.volume.increase,0.7748495936393738,0.7102593034505844,0.3965875208377838,find.phone.locate,0.06459029018878937
show me bitcoin,5,find.phone.locate,0.40007397532463074,0.0909496545791626,0.6498181819915771,device.memory.change,0.30912432074546814
what is email,2,device.volume.increase,0.7748495936393738,0.7102593034505844,0.3965875208377838,find.phone.locate,0.06459029018878937
show me the stock market,5,find.phone.locate,0.3630777597427368,0.16298682987689972,0.7604278922080994,device.memory.change,0.2000909298658371
explain a hotel,0,device.memory.change,0.8008824586868286,0.7264538705348969,0.3561989665031433,device.volume.increase,0.07442858815193176
explain tax rules,10,streaming.session.stop,0.21984466910362244,0.0033598989248275757,0.773049533367157,device.volume.increase,0.21648477017879486
show me the weather,5,find.phone.locate,0.7685883045196533,0.6294870376586914,0.3608381450176239,device.memory.change,0.13910126686096191
what is a flight,1,device.volume.decrease,0.5536712408065796,0.3248802572488785,0.5731971859931946,device.volume.increase,0.2287909835577011
give me information about pizza,2,device.volume.increase,0.975691020488739,0.969679610338062,0.06874001026153564,device.memory.change,0.006011410150676966
tell me about email,2,device.volume.increase,0.8552385568618774,0.7942031733691692,0.2782759964466095,device.memory.change,0.061035383492708206
explain the stock market,10,streaming.session.stop,0.3345388174057007,0.10395850241184235,0.7405725717544556,device.volume.increase,0.23058031499385834
where can I find pizza,5,find.phone.locate,0.878735363483429,0.820582453161478,0.24383306503295898,help.reminder.show,0.05815291032195091
give me information about a flight,2,device.volume.increase,0.5097355246543884,0.2295278012752533,0.593497633934021,device.memory.change,0.28020772337913513
how do I the stock market,6,help.reminder.show,0.7584373354911804,0.6882429793477058,0.4307035803794861,find.phone.locate,0.07019435614347458
show me a flight,0,device.memory.change,0.8918241858482361,0.8323112353682518,0.21684163808822632,find.phone.locate,0.05951295047998428
give me information about the train schedule,8,reminders.task.create,0.4189786911010742,0.053032249212265015,0.6088867783546448,device.volume.increase,0.3659464418888092
give me information about today's news,2,device.volume.increase,0.9744385480880737,0.9675918379798532,0.07178235054016113,device.memory.change,0.006846710108220577
give me information about youtube,9,streaming.session.start,0.5786169767379761,0.35461048781871796,0.5616563558578491,device.volume.increase,0.22400648891925812
show me pizza,5,find.phone.locate,0.40007397532463074,0.0909496545791626,0.6498181819915771,device.memory.change,0.30912432074546814
where can I find the cricket score,5,find.phone.locate,0.9191966652870178,0.8886662758886814,0.1826648712158203,help.reminder.show,0.03053038939833641
show me tax rules,5,find.phone.locate,0.3745581805706024,0.12547776103019714,0.7276503443717957,device.memory.change,0.24908041954040527
what is a hotel,2,device.volume.increase,0.8964816927909851,0.8714114427566528,0.22517164051532745,device.memory.change,0.025070250034332275
where can I find today's news,5,find.phone.locate,0.8856189250946045,0.8307241089642048,0.23269878327846527,help.reminder.show,0.054894816130399704
show me my browser,5,find.phone.locate,0.9634861946105957,0.9561971090734005,0.09695781767368317,device.memory.change,0.007289085537195206
give me information about my browser,2,device.volume.increase,0.9589338898658752,0.943577766418457,0.10480494052171707,find.phone.locate,0.015356123447418213
how do I youtube,6,help.reminder.show,0.5687819123268127,0.36845332384109497,0.5581602454185486,streaming.session.stop,0.20032858848571777
where can I find bitcoin,5,find.phone.locate,0.878735363483429,0.820582453161478,0.24383306503295898,help.reminder.show,0.05815291032195091
tell me about pizza,2,device.volume.increase,0.8552385568618774,0.7942031733691692,0.2782759964466095,device.memory.change,0.061035383492708206
explain the train schedule,6,help.reminder.show,0.5426527857780457,0.28662189841270447,0.5833061933517456,device.memory.change,0.2560308873653412
where can I find my browser,5,find.phone.locate,0.9539074897766113,0.9386113118380308,0.11745436489582062,help.reminder.show,0.015296177938580513
explain my browser,4,device.volume.unmute,0.2675725221633911,0.04633578658103943,0.8005399703979492,streaming.session.stop,0.22123673558235168
how do I the train schedule,6,help.reminder.show,0.9477370977401733,0.9358870452269912,0.13167530298233032,find.phone.locate,0.011850052513182163
where can I find the weather,5,find.phone.locate,0.9683347940444946,0.9625323656946421,0.08813998103141785,help.reminder.show,0.005802428349852562
give me information about a hotel,2,device.volume.increase,0.9232226610183716,0.8810445666313171,0.16268709301948547,device.memory.change,0.04217809438705444
explain bitcoin,4,device.volume.unmute,0.350320428609848,0.19686618447303772,0.7696954011917114,streaming.session.stop,0.1534542441368103
where can I find a pasta recipe,5,find.phone.locate,0.8389038443565369,0.7761210426688194,0.30973929166793823,help.reminder.show,0.06278280168771744
show me email,5,find.phone.locate,0.40007397532463074,0.0909496545791626,0.6498181819915771,device.memory.change,0.30912432074546814
please who is the prime minister of India today,0,device.memory.change,0.4185899496078491,0.19268721342086792,0.7104946374893188,find.phone.locate,0.2259027361869812
can you tell me who is the prime minister of India today,8,reminders.task.create,0.5006795525550842,0.24730831384658813,0.6073737740516663,find.phone.locate,0.2533712387084961
please who is the prime minister of India please,0,device.memory.change,0.5840005278587341,0.4241676777601242,0.6183680891990662,find.phone.locate,0.15983285009860992
I need to know who is the prime minister of India now,0,device.memory.change,0.44429007172584534,0.1325148046016693,0.6332168579101562,find.phone.locate,0.311775267124176
could you who is the prime minister of India today,0,device.memory.change,0.3866448402404785,0.03133845329284668,0.6566635370254517,find.phone.locate,0.35530638694763184
please who is the prime minister of India now,0,device.memory.change,0.5041455030441284,0.24477717280387878,0.6345404386520386,find.phone.locate,0.25936833024024963
can you who is the prime minister of India now,0,device.memory.change,0.5099281072616577,0.19183418154716492,0.5676384568214417,find.phone.locate,0.3180939257144928
who is the president of India,5,find.phone.locate,0.46232348680496216,0.2119881510734558,0.6763836741447449,device.memory.change,0.25033533573150635
who is the president of India please,0,device.memory.change,0.49643006920814514,0.3054487407207489,0.6712378263473511,find.phone.locate,0.19098132848739624
I want to know who is the president of India now,0,device.memory.change,0.8947317600250244,0.8707357030361891,0.22975564002990723,find.phone.locate,0.023996056988835335
tell me who is the president of India please,0,device.memory.change,0.6740565896034241,0.5399497747421265,0.5131604075431824,find.phone.locate,0.1341068148612976
please who is the president of India please,0,device.memory.change,0.33005815744400024,0.026655495166778564,0.7194616794586182,find.phone.locate,0.3034026622772217
could you who is the president of India now,0,device.memory.change,0.578641951084137,0.35254521667957306,0.5711868405342102,find.phone.locate,0.2260967344045639
could you who is the president of India today,0,device.memory.change,0.40662989020347595,0.1322261393070221,0.6959601044654846,find.phone.locate,0.27440375089645386
I need to know who is the president of India now,0,device.memory.change,0.8554483652114868,0.8166128434240818,0.28858232498168945,find.phone.locate,0.038835521787405014
could you who is the president of India for me,0,device.memory.change,0.4839823842048645,0.25835615396499634,0.6146321892738342,reminders.task.create,0.22562623023986816
could you what is the capital of France,2,device.volume.increase,0.9527079463005066,0.9374827519059181,0.11932425200939178,find.phone.locate,0.01522519439458847
what is the capital of France please,2,device.volume.increase,0.9670836329460144,0.9597927411086857,0.09021313488483429,device.volume.mute,0.007290891837328672
please what is the capital of France today,2,device.volume.increase,0.7114598155021667,0.6016480103135109,0.45085275173187256,reminders.task.create,0.10981180518865585
can you what is the capital of France please,2,device.volume.increase,0.9446112513542175,0.9293650472536683,0.1369456648826599,find.phone.locate,0.015246204100549221
could you what is the capital of France for me,8,reminders.task.create,0.6969451308250427,0.5168875753879547,0.4420098662376404,device.volume.increase,0.180057555437088
I want to know what is the capital of France,2,device.volume.increase,0.813507616519928,0.7364782243967056,0.34604087471961975,help.reminder.show,0.07702939212322235
can you tell me what is the capital of France right now,6,help.reminder.show,0.6677905917167664,0.5445869117975235,0.5190295577049255,device.volume.increase,0.12320367991924286
could you what is the population of India please,1,device.volume.decrease,0.4067990481853485,0.21319380402565002,0.721541702747345,device.memory.change,0.1936052441596985
what is the population of India right now,1,device.volume.decrease,0.4246067702770233,0.16929137706756592,0.683247983455658,device.memory.change,0.2553153932094574
could you what is the population of India,1,device.volume.decrease,0.41211721301078796,0.21419888734817505,0.7245710492134094,find.phone.locate,0.19791832566261292
could you what is the population of India today,8,reminders.task.create,0.35087400674819946,0.10026320815086365,0.7099472284317017,device.volume.decrease,0.2506107985973358
what is the population of India today,1,device.volume.decrease,0.3487302362918854,0.052688658237457275,0.7011550068855286,find.phone.locate,0.2960415780544281
I want to know what is the population of India please,0,device.memory.change,0.6838541030883789,0.5552442818880081,0.4951198101043701,device.volume.decrease,0.1286098212003708
could you what is the population of India now,1,device.volume.decrease,0.2781824469566345,0.02677789330482483,0.7527283430099487,device.memory.change,0.2514045536518097
can you who invented the telephone right now,5,find.phone.locate,0.8224701881408691,0.7822962291538715,0.3440511226654053,device.memory.change,0.040173958986997604
tell me who invented the telephone right now,5,find.phone.locate,0.7115291357040405,0.5741289407014847,0.44947218894958496,help.reminder.show,0.13740019500255585
who invented the telephone please,5,find.phone.locate,0.724556565284729,0.6225731000304222,0.4318150281906128,streaming.session.stop,0.1019834652543068
could you who invented the telephone now,5,find.phone.locate,0.8420005440711975,0.7833169363439083,0.3038417100906372,device.memory.change,0.0586836077272892
could you who invented the telephone please,5,find.phone.locate,0.7637686133384705,0.6796375066041946,0.39695149660110474,device.memory.change,0.08413110673427582
I need to know who invented the telephone now,5,find.phone.locate,0.6887248754501343,0.5572076886892319,0.47005996108055115,device.memory.change,0.1315171867609024
who invented the telephone today,5,find.phone.locate,0.8545666933059692,0.7983281277120113,0.276724249124527,device.memory.change,0.0562385655939579
could you who invented the telephone,5,find.phone.locate,0.8843917846679688,0.8520650006830692,0.2389301061630249,streaming.session.stop,0.03232678398489952
when was the internet invented,5,find.phone.locate,0.3915919363498688,0.10165363550186157,0.675780713558197,device.memory.change,0.2899383008480072
can you when was the internet invented for me,8,reminders.task.create,0.4829200506210327,0.20011171698570251,0.587394118309021,device.memory.change,0.2828083336353302
I want to know when was the internet invented right now,0,device.memory.change,0.4593721032142639,0.2907305508852005,0.6935262680053711,help.reminder.show,0.16864155232906342
can you when was the internet invented right now,6,help.reminder.show,0.3126610517501831,0.12124064564704895,0.7662261724472046,device.volume.increase,0.19142040610313416
when was the internet invented today,5,find.phone.locate,0.35321831703186035,0.06900930404663086,0.6915270090103149,device.memory.change,0.2842090129852295
tell me when was the internet invented for me,6,help.reminder.show,0.5402083396911621,0.2858881652355194,0.5596017241477966,device.memory.change,0.2543201744556427
tell me when was the internet invented today,5,find.phone.locate,0.29106053709983826,0.05372343957424164,0.7235637307167053,device.memory.change,0.23733709752559662
could you when was the internet invented right now,2,device.volume.increase,0.33854901790618896,0.08336016535758972,0.7420929670333862,reminders.task.create,0.25518885254859924
can you tell me when was the internet invented please,0,device.memory.change,0.35327979922294617,0.08959716558456421,0.7277899384498596,find.phone.locate,0.26368263363838196
can you tell me what is artificial intelligence please,2,device.volume.increase,0.7117372155189514,0.5926933512091637,0.45306751132011414,help.reminder.show,0.11904386430978775
can you what is artificial intelligence now,2,device.volume.increase,0.9141906499862671,0.8892563171684742,0.19158515334129333,help.reminder.show,0.024934332817792892
I want to know what is artificial intelligence,2,device.volume.increase,0.8226072192192078,0.7719586230814457,0.3334324359893799,device.memory.change,0.05064859613776207
could you what is artificial intelligence right now,2,device.volume.increase,0.9428780674934387,0.9251030329614878,0.1397760808467865,help.reminder.show,0.01777503453195095
I want to know what is artificial intelligence for me,2,device.volume.increase,0.30143409967422485,0.03860872983932495,0.7103124856948853,device.memory.change,0.2628253698348999
can you tell me what is artificial intelligence right now,6,help.reminder.show,0.5570026636123657,0.23067831993103027,0.48379015922546387,device.volume.increase,0.32632434368133545
I need to know what is artificial intelligence now,2,device.volume.increase,0.8163336515426636,0.7598260939121246,0.3432316780090332,help.reminder.show,0.05650755763053894
could you what is machine learning please,2,device.volume.increase,0.977247416973114,0.9736377273220569,0.06619735807180405,device.volume.unmute,0.003609689651057124
please what is machine learning right now,2,device.volume.increase,0.9442588686943054,0.92982925940305,0.13689452409744263,help.reminder.show,0.014429609291255474
tell me what is machine learning please,2,device.volume.increase,0.6916395425796509,0.5077833086252213,0.44386473298072815,help.reminder.show,0.18385623395442963
can you tell me what is machine learning for me,6,help.reminder.show,0.5598540902137756,0.4251953959465027,0.5986160635948181,device.volume.increase,0.13465869426727295
please what is machine learning now,2,device.volume.increase,0.9507714509963989,0.9408269701525569,0.12487737089395523,device.volume.unmute,0.00994448084384203
tell me what is machine learning right now,6,help.reminder.show,0.7012136578559875,0.5086168050765991,0.4220565855503082,device.volume.increase,0.19259685277938843
I want to know what is machine learning for me,2,device.volume.increase,0.30143409967422485,0.03860872983932495,0.7103124856948853,device.memory.change,0.2628253698348999
what is machine learning right now,2,device.volume.increase,0.5554333925247192,0.38757070899009705,0.5983796119689941,help.reminder.show,0.1678626835346222
can you tell me explain quantum computing right now,6,help.reminder.show,0.6485735177993774,0.4810681939125061,0.5044329762458801,device.volume.increase,0.16750532388687134
please explain quantum computing please,2,device.volume.increase,0.39985790848731995,0.16870012879371643,0.7106071710586548,device.volume.unmute,0.23115777969360352
can you tell me explain quantum computing,6,help.reminder.show,0.384592205286026,0.1253241002559662,0.655788242816925,device.volume.increase,0.2592681050300598
please explain quantum computing for me,0,device.memory.change,0.43719571828842163,0.04765459895133972,0.5722062587738037,device.volume.increase,0.3895411193370819
can you tell me explain quantum computing please,2,device.volume.increase,0.41183003783226013,0.1902347207069397,0.673275351524353,device.memory.change,0.22159531712532043
I need to know explain quantum computing now,2,device.volume.increase,0.5463518500328064,0.26789963245391846,0.5577446818351746,device.memory.change,0.27845221757888794
I want to know explain quantum computing now,0,device.memory.change,0.41872861981391907,0.011808931827545166,0.5733662247657776,device.volume.increase,0.4069196879863739
I want to know what is the tallest mountain now,2,device.volume.increase,0.8759258389472961,0.8359212093055248,0.25648048520088196,help.reminder.show,0.040004629641771317
can you tell me what is the tallest mountain right now,2,device.volume.increase,0.4365962743759155,0.0821598470211029,0.5950043201446533,help.reminder.show,0.3544364273548126
I want to know what is the tallest mountain today,2,device.volume.increase,0.5310860276222229,0.3807224780321121,0.644914448261261,find.phone.locate,0.15036354959011078
can you tell me what is the tallest mountain today,6,help.reminder.show,0.4152965843677521,0.151765376329422,0.6503005623817444,find.phone.locate,0.2635312080383301
can you what is the tallest mountain,2,device.volume.increase,0.897361695766449,0.8628833033144474,0.21736814081668854,find.phone.locate,0.03447839245200157
can you what is the tallest mountain today,2,device.volume.increase,0.798354983329773,0.6999034956097603,0.35373789072036743,find.phone.locate,0.09845148772001266
can you what is the tallest mountain right now,2,device.volume.increase,0.7392328381538391,0.6304735988378525,0.4136935770511627,help.reminder.show,0.10875923931598663
I need to know what is the tallest mountain right now,2,device.volume.increase,0.7752278447151184,0.6919724717736244,0.40085461735725403,help.reminder.show,0.08325537294149399
who wrote this book,0,device.memory.change,0.7996245622634888,0.750074103474617,0.38072943687438965,find.phone.locate,0.049550458788871765
can you tell me who wrote this book now,0,device.memory.change,0.5598829984664917,0.4039122462272644,0.6289705634117126,find.phone.locate,0.1559707522392273
I need to know who wrote this book please,0,device.memory.change,0.6124731302261353,0.4404252618551254,0.5517983436584473,device.volume.increase,0.17204786837100983
please who wrote this book right now,0,device.memory.change,0.5165079236030579,0.4264134541153908,0.7187576293945312,reminders.task.complete,0.09009446948766708
I need to know who wrote this book now,0,device.memory.change,0.6534106135368347,0.49482616782188416,0.5132091641426086,device.volume.increase,0.15858444571495056
please who wrote this book,0,device.memory.change,0.8241034746170044,0.7853177338838577,0.3437511622905731,device.volume.increase,0.03878574073314667
I want to know who wrote this book please,0,device.memory.change,0.7657617330551147,0.6660987287759781,0.39854538440704346,device.volume.increase,0.09966300427913666
who wrote this book right now,0,device.memory.change,0.6139107346534729,0.5454859212040901,0.6262053847312927,find.phone.locate,0.06842481344938278
what happened in history today,0,device.memory.change,0.5344337224960327,0.28009042143821716,0.5907886028289795,find.phone.locate,0.25434330105781555
what happened in history today please,0,device.memory.change,0.5671175122261047,0.42059603333473206,0.6292604207992554,find.phone.locate,0.14652147889137268
could you what happened in history today,2,device.volume.increase,0.4743090867996216,0.2801237255334854,0.6520115733146667,find.phone.locate,0.19418536126613617
I need to know what happened in history today for me,8,reminders.task.create,0.8695059418678284,0.8117877952754498,0.2545255124568939,device.memory.change,0.057718146592378616
I want to know what happened in history today please,0,device.memory.change,0.3801283836364746,0.15175549685955048,0.7038151621818542,reminders.task.create,0.22837288677692413
what happened in history today today,0,device.memory.change,0.44945889711380005,0.2365615963935852,0.6604432463645935,find.phone.locate,0.21289730072021484
I want to know what happened in history today right now,0,device.memory.change,0.3223009705543518,0.1337006390094757,0.773385226726532,device.volume.increase,0.1886003315448761
what happened in history today for me,0,device.memory.change,0.5265507698059082,0.25103142857551575,0.5704857707023621,find.phone.locate,0.27551934123039246
what is the meaning of this word,2,device.volume.increase,0.846979022026062,0.8127406761050224,0.3079107701778412,device.volume.mute,0.03423834592103958
what is the meaning of this word today,8,reminders.task.create,0.5458670258522034,0.3184262663125992,0.5853462815284729,device.volume.increase,0.2274407595396042
can you tell me what is the meaning of this word right now,8,reminders.task.create,0.37095585465431213,0.1531713306903839,0.7473505735397339,device.volume.increase,0.21778452396392822
can you tell me what is the meaning of this word for me,8,reminders.task.create,0.9477025270462036,0.937254155986011,0.13334514200687408,find.phone.locate,0.010448371060192585
I need to know what is the meaning of this word please,8,reminders.task.create,0.7840532064437866,0.6946200132369995,0.3847481310367584,device.volume.increase,0.08943319320678711
tell me what is the meaning of this word,2,device.volume.increase,0.34778106212615967,0.14304912090301514,0.767399251461029,reminders.task.create,0.20473194122314453
please what is the meaning of this word today,8,reminders.task.create,0.6907203197479248,0.5755689293146133,0.4773848354816437,device.volume.increase,0.11515139043331146
tell me about space,2,device.volume.increase,0.8552385568618774,0.7942031733691692,0.2782759964466095,device.memory.change,0.061035383492708206
can you tell me tell me about space now,6,help.reminder.show,0.5875760912895203,0.4393632262945175,0.5867198705673218,device.volume.increase,0.14821286499500275
please tell me about space please,2,device.volume.increase,0.9283480644226074,0.9046085923910141,0.16794776916503906,device.memory.change,0.023739472031593323
I need to know tell me about space please,2,device.volume.increase,0.5664995312690735,0.4171605408191681,0.6074004769325256,device.memory.change,0.1493389904499054
tell me about space now,2,device.volume.increase,0.6865174770355225,0.5523430407047272,0.4503190815448761,help.reminder.show,0.1341744363307953
please tell me about space,2,device.volume.increase,0.9216457605361938,0.8889144286513329,0.17356930673122406,device.memory.change,0.03273133188486099
tell me about space for me,2,device.volume.increase,0.4402382969856262,0.1924566775560379,0.6195639371871948,device.memory.change,0.24778161942958832
tell me tell me about space right now,6,help.reminder.show,0.6468530893325806,0.41457127034664154,0.46081939339637756,device.volume.increase,0.23228181898593903
can you tell me tell me about space right now,6,help.reminder.show,0.8234119415283203,0.7337601184844971,0.3171824812889099,device.volume.increase,0.08965182304382324
how does gravity work,6,help.reminder.show,0.7897603511810303,0.7133965119719505,0.37039461731910706,device.memory.change,0.07636383920907974
can you tell me how does gravity work please,6,help.reminder.show,0.909536600112915,0.8774904273450375,0.1973259598016739,device.volume.increase,0.03204617276787758
I need to know how does gravity work,6,help.reminder.show,0.6673922538757324,0.5433491170406342,0.489735871553421,device.volume.increase,0.12404313683509827
can you how does gravity work right now,6,help.reminder.show,0.6224915385246277,0.35005271434783936,0.4473174214363098,device.volume.increase,0.27243882417678833
can you how does gravity work today,6,help.reminder.show,0.7202334403991699,0.5940067172050476,0.437569797039032,device.volume.increase,0.12622672319412231
tell me how does gravity work today,6,help.reminder.show,0.9249721765518188,0.9045984912663698,0.17063038051128387,device.memory.change,0.020373685285449028
please how does gravity work please,2,device.volume.increase,0.4890584349632263,0.25147248804569244,0.6217032074928284,help.reminder.show,0.23758594691753387
can you how does gravity work please,2,device.volume.increase,0.5409019589424133,0.23293587565422058,0.5099548101425171,help.reminder.show,0.30796608328819275
I want to know how does gravity work,6,help.reminder.show,0.706437349319458,0.5846838057041168,0.4506025016307831,device.memory.change,0.12175354361534119
what is photosynthesis,2,device.volume.increase,0.7748495936393738,0.7102593034505844,0.3965875208377838,find.phone.locate,0.06459029018878937
tell me what is photosynthesis right now,6,help.reminder.show,0.7689436674118042,0.634637787938118,0.3706359565258026,device.volume.increase,0.13430587947368622
tell me what is photosynthesis,6,help.reminder.show,0.5780081152915955,0.31476202607154846,0.5275440216064453,device.volume.increase,0.263246089220047
please what is photosynthesis for me,2,device.volume.increase,0.9766096472740173,0.9708864712156355,0.06630466133356094,device.memory.change,0.005723176058381796
could you what is photosynthesis right now,2,device.volume.increase,0.9405478239059448,0.9218770768493414,0.14324654638767242,help.reminder.show,0.01867074705660343
what is photosynthesis for me,2,device.volume.increase,0.5129951238632202,0.3397929072380066,0.6220059394836426,help.reminder.show,0.17320221662521362
could you what is photosynthesis today,2,device.volume.increase,0.6178746819496155,0.4465475529432297,0.4838331639766693,device.volume.decrease,0.1713271290063858
could you what is photosynthesis now,2,device.volume.increase,0.9200806617736816,0.9035845175385475,0.1852387934923172,device.volume.unmute,0.016496144235134125
what is photosynthesis today,1,device.volume.decrease,0.392403244972229,0.08568137884140015,0.6700066924095154,find.phone.locate,0.30672186613082886
who discovered electricity,2,device.volume.increase,0.2976906895637512,0.09629902243614197,0.7769265174865723,device.memory.change,0.20139166712760925
tell me who discovered electricity today,0,device.memory.change,0.49552905559539795,0.27278971672058105,0.649013876914978,find.phone.locate,0.2227393388748169
I need to know who discovered electricity please,2,device.volume.increase,0.6336144804954529,0.4138336330652237,0.49047011137008667,device.memory.change,0.2197808474302292
who discovered electricity please,2,device.volume.increase,0.3834240734577179,0.18269991874694824,0.7374147176742554,device.memory.change,0.20072415471076965
tell me who discovered electricity please,0,device.memory.change,0.45221957564353943,0.21845531463623047,0.6858758330345154,device.volume.increase,0.23376426100730896
please who discovered electricity for me,0,device.memory.change,0.6195060610771179,0.4404788613319397,0.5363258719444275,device.volume.increase,0.17902719974517822
can you tell me who discovered electricity,2,device.volume.increase,0.34145957231521606,0.06992626190185547,0.7129666209220886,device.memory.change,0.2715333104133606
could you who discovered electricity please,2,device.volume.increase,0.43092647194862366,0.17614656686782837,0.6667953729629517,device.memory.change,0.2547799050807953
what is the largest ocean,2,device.volume.increase,0.8288413286209106,0.7739526368677616,0.33107462525367737,find.phone.locate,0.05488869175314903
please what is the largest ocean now,2,device.volume.increase,0.9621841311454773,0.9537104647606611,0.10055701434612274,find.phone.locate,0.00847366638481617
can you tell me what is the largest ocean please,2,device.volume.increase,0.7712002992630005,0.6896686479449272,0.39780622720718384,help.reminder.show,0.08153165131807327
tell me what is the largest ocean right now,6,help.reminder.show,0.7921079993247986,0.7094280049204826,0.3667663335800171,device.volume.increase,0.08267999440431595
I need to know what is the largest ocean today,2,device.volume.increase,0.36042916774749756,0.13112950325012207,0.7157678604125977,find.phone.locate,0.2292996644973755
can you what is the largest ocean right now,2,device.volume.increase,0.7392328381538391,0.6304735988378525,0.4136935770511627,help.reminder.show,0.10875923931598663
I want to know what is the largest ocean,2,device.volume.increase,0.8668317198753357,0.8346966877579689,0.27304548025131226,help.reminder.show,0.03213503211736679
I want to know what is the largest ocean today,2,device.volume.increase,0.5310860276222229,0.3807224780321121,0.644914448261261,find.phone.locate,0.15036354959011078
I want to know what is the weather today,5,find.phone.locate,0.4441143274307251,0.11210274696350098,0.6136922836303711,device.volume.decrease,0.3320115804672241
could you what is the weather today now,1,device.volume.decrease,0.6479800343513489,0.489726722240448,0.45684126019477844,find.phone.locate,0.15825331211090088
could you what is the weather today,1,device.volume.decrease,0.8595460057258606,0.7899616211652756,0.2511640191078186,find.phone.locate,0.06958438456058502
tell me what is the weather today right now,1,device.volume.decrease,0.5390730500221252,0.36515234410762787,0.5802640914916992,help.reminder.show,0.17392070591449738
please what is the weather today now,1,device.volume.decrease,0.47646552324295044,0.16853734850883484,0.5736051201820374,find.phone.locate,0.3079281747341156
I need to know what is the weather today now,5,find.phone.locate,0.6812817454338074,0.585125558078289,0.5071203708648682,device.volume.decrease,0.09615618735551834
tell me what is the weather today,5,find.phone.locate,0.5795860290527344,0.2987838089466095,0.4912183880805969,device.volume.decrease,0.2808022201061249
what will the weather be tomorrow,8,reminders.task.create,0.9742899537086487,0.9699353352189064,0.07322482019662857,device.volume.mute,0.004354618489742279
what will the weather be tomorrow today,8,reminders.task.create,0.9748069047927856,0.9700859365984797,0.07192371785640717,device.volume.decrease,0.004720968194305897
tell me what will the weather be tomorrow for me,8,reminders.task.create,0.9755324125289917,0.9707325352355838,0.07064544409513474,find.phone.locate,0.004799877293407917
I want to know what will the weather be tomorrow right now,8,reminders.task.create,0.9702823162078857,0.9645948447287083,0.08322067558765411,device.volume.mute,0.005687471479177475
I want to know what will the weather be tomorrow for me,8,reminders.task.create,0.9773293137550354,0.9742278212215751,0.06653498858213425,device.volume.unmute,0.0031014925334602594
could you what will the weather be tomorrow now,8,reminders.task.create,0.9551175236701965,0.9463034821674228,0.11663024127483368,device.volume.mute,0.008814041502773762
what will the weather be tomorrow now,8,reminders.task.create,0.9708436727523804,0.9641093276441097,0.08106473088264465,device.volume.mute,0.006734345108270645
I need to know what will the weather be tomorrow now,8,reminders.task.create,0.9758350849151611,0.9715322470292449,0.06983523815870285,device.volume.mute,0.004302837885916233
can you tell me what will the weather be tomorrow today,8,reminders.task.create,0.9741718173027039,0.969803714659065,0.07389885932207108,find.phone.locate,0.004368102643638849
will it rain today,0,device.memory.change,0.263604074716568,0.05314056575298309,0.8211665749549866,reminders.task.create,0.2104635089635849
I want to know will it rain today right now,8,reminders.task.create,0.49422526359558105,0.34610894322395325,0.7032865881919861,device.volume.increase,0.1481163203716278
can you will it rain today today,8,reminders.task.create,0.8531903624534607,0.807591624557972,0.2997590899467468,device.volume.decrease,0.04559873789548874
I need to know will it rain today please,8,reminders.task.create,0.7851946353912354,0.7406591698527336,0.40651679039001465,device.volume.increase,0.04453546553850174
please will it rain today,8,reminders.task.create,0.5283246040344238,0.3305072784423828,0.6450123190879822,device.memory.change,0.19781732559204102
tell me will it rain today please,8,reminders.task.create,0.5244613289833069,0.4142081066966057,0.6947218775749207,device.volume.decrease,0.1102532222867012
I want to know will it rain today,8,reminders.task.create,0.5081815719604492,0.3166259527206421,0.6611473560333252,device.memory.change,0.19155561923980713
tell me will it rain today for me,8,reminders.task.create,0.7282419800758362,0.6256499588489532,0.4605705738067627,device.memory.change,0.10259202122688293
is it going to rain tomorrow,0,device.memory.change,0.712465763092041,0.5772799849510193,0.46130600571632385,device.volume.decrease,0.13518577814102173
I want to know is it going to rain tomorrow for me,8,reminders.task.create,0.5646814107894897,0.22017085552215576,0.45847389101982117,device.memory.change,0.344510555267334
please is it going to rain tomorrow now,0,device.memory.change,0.8054157495498657,0.7344331815838814,0.35724377632141113,device.volume.decrease,0.07098256796598434
can you tell me is it going to rain tomorrow today,8,reminders.task.create,0.8670395612716675,0.8247075788676739,0.27246055006980896,find.phone.locate,0.04233198240399361
I need to know is it going to rain tomorrow,0,device.memory.change,0.6675202250480652,0.4927176535129547,0.4863816201686859,reminders.task.create,0.17480257153511047
tell me is it going to rain tomorrow right now,1,device.volume.decrease,0.36963823437690735,0.18214042484760284,0.773409366607666,device.memory.change,0.1874978095293045
is it going to rain tomorrow please,0,device.memory.change,0.7251372337341309,0.5972227156162262,0.45118090510368347,device.volume.decrease,0.12791451811790466
please what is the temperature outside right now,2,device.volume.increase,0.9420496225357056,0.9289661310613155,0.1423490345478058,help.reminder.show,0.01308349147439003
what is the temperature outside for me,2,device.volume.increase,0.8026151061058044,0.7152711898088455,0.3519401550292969,find.phone.locate,0.08734391629695892
can you tell me what is the temperature outside,2,device.volume.increase,0.5581111907958984,0.3365009278059006,0.5493215918540955,help.reminder.show,0.22161026298999786
please what is the temperature outside please,2,device.volume.increase,0.97182297706604,0.96566864522174,0.07867078483104706,find.phone.locate,0.006154331844300032
I need to know what is the temperature outside now,2,device.volume.increase,0.8800928592681885,0.843384463340044,0.2517065405845642,help.reminder.show,0.036708395928144455
tell me what is the temperature outside right now,6,help.reminder.show,0.7921079993247986,0.7094280049204826,0.3667663335800171,device.volume.increase,0.08267999440431595
what is the temperature outside please,2,device.volume.increase,0.9091288447380066,0.8877175468951464,0.20513209700584412,device.volume.unmute,0.021411297842860222
can you what is the temperature outside right now,2,device.volume.increase,0.7392328381538391,0.6304735988378525,0.4136935770511627,help.reminder.show,0.10875923931598663
is it hot today,1,device.volume.decrease,0.9915095567703247,0.9897411274723709,0.02816978096961975,reminders.task.create,0.001768429297953844
could you is it hot today,1,device.volume.decrease,0.9882271885871887,0.9846433398779482,0.03698413446545601,reminders.task.create,0.0035838487092405558
can you tell me is it hot today today,1,device.volume.decrease,0.9211074113845825,0.878840409219265,0.16867172718048096,reminders.task.create,0.042267002165317535
can you tell me is it hot today now,1,device.volume.decrease,0.9641321301460266,0.9565816489048302,0.09500698745250702,help.reminder.show,0.007550481241196394
is it hot today now,1,device.volume.decrease,0.9904943108558655,0.988630719599314,0.03100620210170746,reminders.task.create,0.0018635912565514445
can you tell me is it hot today for me,1,device.volume.decrease,0.7255470156669617,0.5479093641042709,0.39364567399024963,reminders.task.create,0.17763765156269073
can you tell me is it hot today right now,1,device.volume.decrease,0.9507571458816528,0.9377235053107142,0.12242606282234192,help.reminder.show,0.013033640570938587
is it cold tonight,5,find.phone.locate,0.4140250086784363,0.1704714000225067,0.6277769207954407,device.volume.decrease,0.24355360865592957
is it cold tonight for me,5,find.phone.locate,0.2959009110927582,0.039864033460617065,0.7595110535621643,device.memory.change,0.2560368776321411
can you tell me is it cold tonight right now,6,help.reminder.show,0.4019862115383148,0.1964648813009262,0.728135883808136,find.phone.locate,0.2055213302373886
please is it cold tonight now,2,device.volume.increase,0.542408287525177,0.39909234642982483,0.6371763348579407,device.volume.mute,0.14331594109535217
I want to know is it cold tonight right now,2,device.volume.increase,0.49735474586486816,0.349213108420372,0.7008430361747742,help.reminder.show,0.14814163744449615
can you is it cold tonight today,8,reminders.task.create,0.29274094104766846,0.0013324320316314697,0.6817448139190674,find.phone.locate,0.291408509016037
could you is it cold tonight now,2,device.volume.increase,0.634037971496582,0.5178007036447525,0.546362578868866,device.volume.decrease,0.11623726785182953
can you is it cold tonight now,2,device.volume.increase,0.6703848242759705,0.5440094769001007,0.5084542632102966,find.phone.locate,0.12637534737586975
what is the weather forecast,5,find.phone.locate,0.6268782615661621,0.3860437422990799,0.4812357425689697,device.volume.increase,0.24083451926708221
can you what is the weather forecast today,5,find.phone.locate,0.7651617527008057,0.6710403189063072,0.3815694749355316,device.volume.increase,0.09412143379449844
what is the weather forecast right now,5,find.phone.locate,0.36775389313697815,0.05722016096115112,0.6922664642333984,device.volume.increase,0.310533732175827
I want to know what is the weather forecast now,2,device.volume.increase,0.5320765972137451,0.3094733655452728,0.600382387638092,find.phone.locate,0.2226032316684723
please what is the weather forecast for me,5,find.phone.locate,0.5180796980857849,0.20399698615074158,0.5611966252326965,device.volume.increase,0.31408271193504333
can you what is the weather forecast please,5,find.phone.locate,0.45416536927223206,0.0321580171585083,0.5051400661468506,device.volume.increase,0.42200735211372375
please what is the weather forecast please,2,device.volume.increase,0.826227605342865,0.728130578994751,0.3036212623119354,find.phone.locate,0.09809702634811401
could you what is the weather forecast today,1,device.volume.decrease,0.3814795911312103,0.08177736401557922,0.5882164835929871,find.phone.locate,0.2997022271156311
will there be a storm,8,reminders.task.create,0.892356812953949,0.8453815393149853,0.22557075321674347,device.memory.change,0.0469752736389637
I want to know will there be a storm,8,reminders.task.create,0.7660632133483887,0.6177616864442825,0.36653995513916016,device.memory.change,0.14830152690410614
can you tell me will there be a storm now,8,reminders.task.create,0.7319763898849487,0.6190620139241219,0.4470454454421997,device.memory.change,0.11291437596082687
I need to know will there be a storm please,8,reminders.task.create,0.921038031578064,0.8962449003010988,0.181685209274292,device.memory.change,0.02479313127696514
please will there be a storm today,8,reminders.task.create,0.9615745544433594,0.9546137861907482,0.10281667858362198,device.volume.mute,0.00696076825261116
can you tell me will there be a storm today,8,reminders.task.create,0.9484249353408813,0.9357134215533733,0.13118807971477509,device.memory.change,0.01271151378750801
I want to know will there be a storm now,8,reminders.task.create,0.7024363279342651,0.5069860816001892,0.4192304015159607,device.memory.change,0.19545024633407593
will there be a storm for me,8,reminders.task.create,0.9516515731811523,0.9354788437485695,0.12166522443294525,device.memory.change,0.016172729432582855
could you will there be a storm right now,8,reminders.task.create,0.9638572931289673,0.9561144141480327,0.09736015647649765,device.volume.mute,0.00774287898093462
is it windy outside,2,device.volume.increase,0.7437925338745117,0.6755170300602913,0.4455559253692627,find.phone.locate,0.06827550381422043
I want to know is it windy outside today,0,device.memory.change,0.412821501493454,0.26996976137161255,0.7618310451507568,device.volume.increase,0.14285174012184143
I need to know is it windy outside please,2,device.volume.increase,0.6085135340690613,0.4188278466463089,0.56731778383255,device.memory.change,0.18968568742275238
please is it windy outside,2,device.volume.increase,0.7992506623268127,0.7414103969931602,0.36220088601112366,device.volume.decrease,0.057840265333652496
can you tell me is it windy outside now,6,help.reminder.show,0.23798733949661255,0.018135085701942444,0.8162781596183777,find.phone.locate,0.2198522537946701
can you tell me is it windy outside please,2,device.volume.increase,0.26057055592536926,0.033438071608543396,0.8298102617263794,find.phone.locate,0.22713248431682587
will it snow tomorrow,9,streaming.session.start,0.6395527124404907,0.5448902696371078,0.5597586631774902,device.memory.change,0.09466244280338287
could you will it snow tomorrow,8,reminders.task.create,0.46323123574256897,0.22577166557312012,0.6467970609664917,streaming.session.start,0.23745957016944885
tell me will it snow tomorrow today,8,reminders.task.create,0.8019641637802124,0.7594062015414238,0.3783954381942749,device.volume.decrease,0.042557962238788605
I need to know will it snow tomorrow now,8,reminders.task.create,0.7847831845283508,0.7285726554691792,0.39720025658607483,device.memory.change,0.05621052905917168
could you will it snow tomorrow today,8,reminders.task.create,0.7731698751449585,0.689415767788887,0.4005289673805237,device.volume.decrease,0.08375410735607147
could you will it snow tomorrow now,8,reminders.task.create,0.5110464692115784,0.36877284944057465,0.6786260008811951,device.volume.decrease,0.14227361977100372
I want to know will it snow tomorrow today,8,reminders.task.create,0.8456191420555115,0.817362217232585,0.32014644145965576,device.volume.decrease,0.02825692482292652
please will it snow tomorrow for me,8,reminders.task.create,0.8164812922477722,0.7454778105020523,0.34732741117477417,device.memory.change,0.07100348174571991
tell me will it snow tomorrow please,8,reminders.task.create,0.47087183594703674,0.249746635556221,0.6846356391906738,streaming.session.start,0.22112520039081573
what is the humidity,2,device.volume.increase,0.8207842707633972,0.7511265799403191,0.33571237325668335,find.phone.locate,0.06965769082307816
please what is the humidity today,2,device.volume.increase,0.8844444751739502,0.8515425696969032,0.2361619919538498,reminders.task.create,0.03290190547704697
I want to know what is the humidity please,2,device.volume.increase,0.9266113638877869,0.911642774939537,0.17446736991405487,find.phone.locate,0.014968588948249817
can you what is the humidity now,2,device.volume.increase,0.8977777361869812,0.8693781085312366,0.21913808584213257,help.reminder.show,0.028399627655744553
please what is the humidity for me,2,device.volume.increase,0.9612995982170105,0.9482616288587451,0.10060135275125504,reminders.task.create,0.0130379693582654
I want to know what is the humidity right now,2,device.volume.increase,0.8066571354866028,0.6951417475938797,0.32809340953826904,help.reminder.show,0.11151538789272308
I want to know what is the humidity,2,device.volume.increase,0.832313597202301,0.7871759086847305,0.3224794268608093,find.phone.locate,0.045137688517570496
please what is the humidity please,2,device.volume.increase,0.9796926975250244,0.9746258039958775,0.05921844020485878,device.volume.mute,0.00506689352914691
can you tell me what is the humidity please,2,device.volume.increase,0.5733099579811096,0.4089783877134323,0.5792750716209412,help.reminder.show,0.1643315702676773
can you tell me I want to order pizza please,2,device.volume.increase,0.4138698875904083,0.1470966935157776,0.7085950970649719,device.memory.change,0.26677319407463074
I want to know I want to order pizza right now,2,device.volume.increase,0.45080721378326416,0.13638737797737122,0.6360570192337036,device.memory.change,0.31441983580589294
I need to know I want to order pizza now,2,device.volume.increase,0.5183623433113098,0.24133801460266113,0.5896860957145691,device.memory.change,0.2770243287086487
could you I want to order pizza please,2,device.volume.increase,0.8469328284263611,0.7750185057520866,0.2890881597995758,device.memory.change,0.07191432267427444
can you I want to order pizza for me,0,device.memory.change,0.47988662123680115,0.22879764437675476,0.5806630253791809,reminders.task.create,0.2510889768600464
could you I want to order pizza,2,device.volume.increase,0.8368870615959167,0.7507209926843643,0.29546502232551575,device.memory.change,0.08616606891155243
could you I want to order pizza for me,8,reminders.task.create,0.41975003480911255,0.14044997096061707,0.5893581509590149,device.memory.change,0.2793000638484955
how do I cook pasta please,6,help.reminder.show,0.6244646310806274,0.5461460500955582,0.5893789529800415,device.memory.change,0.07831858098506927
can you tell me how do I cook pasta today,6,help.reminder.show,0.8773069381713867,0.8124289587140083,0.23947730660438538,find.phone.locate,0.06487797945737839
could you how do I cook pasta now,6,help.reminder.show,0.6267044544219971,0.4870738238096237,0.5361788868904114,device.volume.unmute,0.13963063061237335
I want to know how do I cook pasta please,6,help.reminder.show,0.545556902885437,0.39459389448165894,0.6400760412216187,device.memory.change,0.15096300840377808
tell me how do I cook pasta,6,help.reminder.show,0.9308806657791138,0.9133152160793543,0.16214971244335175,device.memory.change,0.017565449699759483
could you how do I cook pasta please,6,help.reminder.show,0.5141838788986206,0.31411589682102203,0.6200131773948669,device.volume.unmute,0.20006798207759857
can you how do I cook pasta please,6,help.reminder.show,0.7246286273002625,0.6281720250844955,0.4489174485206604,device.volume.unmute,0.0964566022157669
give me a pasta recipe,2,device.volume.increase,0.4592360258102417,0.02584579586982727,0.4793209731578827,device.memory.change,0.43339022994041443
please give me a pasta recipe for me,2,device.volume.increase,0.7576700448989868,0.5899370014667511,0.3490751087665558,device.memory.change,0.16773304343223572
I need to know give me a pasta recipe now,2,device.volume.increase,0.45607447624206543,0.09065210819244385,0.5628420114517212,device.memory.change,0.3654223680496216
tell me give me a pasta recipe,2,device.volume.increase,0.4904434084892273,0.08279749751091003,0.4659002721309662,device.memory.change,0.40764591097831726
give me a pasta recipe for me,0,device.memory.change,0.6358298659324646,0.3735358417034149,0.43430790305137634,device.volume.increase,0.2622940242290497
I need to know give me a pasta recipe today,8,reminders.task.create,0.6968501806259155,0.570903092622757,0.4753410518169403,device.memory.change,0.12594708800315857
tell me give me a pasta recipe please,2,device.volume.increase,0.4572645127773285,0.024493157863616943,0.4891064465045929,device.memory.change,0.43277135491371155
find a restaurant,0,device.memory.change,0.9727643132209778,0.9622937627136707,0.0735899806022644,find.phone.locate,0.010470550507307053
could you find a restaurant right now,0,device.memory.change,0.8184171319007874,0.7359184175729752,0.3295432925224304,find.phone.locate,0.0824987143278122
can you find a restaurant right now,0,device.memory.change,0.7254398465156555,0.5492121279239655,0.4046686291694641,find.phone.locate,0.17622771859169006
I need to know find a restaurant please,0,device.memory.change,0.9447818994522095,0.9249213431030512,0.13312773406505585,find.phone.locate,0.019860556349158287
can you find a restaurant please,0,device.memory.change,0.879773736000061,0.8135994449257851,0.23360775411128998,find.phone.locate,0.06617429107427597
can you find a restaurant for me,0,device.memory.change,0.6875624656677246,0.5048107951879501,0.4373675584793091,find.phone.locate,0.18275167047977448
please find a restaurant right now,0,device.memory.change,0.968122124671936,0.9598794095218182,0.08586040884256363,reminders.task.create,0.008242715150117874
find a restaurant now,0,device.memory.change,0.9798939824104309,0.9725854624994099,0.057294197380542755,find.phone.locate,0.007308519911020994
can you find a restaurant,0,device.memory.change,0.8160391449928284,0.6919290199875832,0.3002619743347168,find.phone.locate,0.12411012500524521
I want to know where can I get coffee,5,find.phone.locate,0.2976486384868622,0.00698426365852356,0.752979576587677,device.volume.increase,0.2906643748283386
I want to know where can I get coffee for me,5,find.phone.locate,0.2784186005592346,0.08506457507610321,0.8113034963607788,reminders.task.create,0.1933540254831314
can you tell me where can I get coffee now,6,help.reminder.show,0.532146155834198,0.30485764145851135,0.6003819704055786,find.phone.locate,0.22728851437568665
I need to know where can I get coffee for me,8,reminders.task.create,0.3467848002910614,0.12334327399730682,0.7660565972328186,find.phone.locate,0.22344152629375458
tell me where can I get coffee right now,6,help.reminder.show,0.8815813660621643,0.8357780501246452,0.23907636106014252,device.volume.unmute,0.045803315937519073
can you tell me where can I get coffee today,5,find.phone.locate,0.5984137058258057,0.33823361992836,0.5075755715370178,help.reminder.show,0.2601800858974457
what should I eat tonight,5,find.phone.locate,0.45382243394851685,0.1945694088935852,0.6361674070358276,device.volume.decrease,0.25925302505493164
please what should I eat tonight now,8,reminders.task.create,0.42405566573143005,0.15258735418319702,0.6387348175048828,find.phone.locate,0.27146831154823303
I need to know what should I eat tonight today,8,reminders.task.create,0.8936233520507812,0.827196754515171,0.2060873955488205,find.phone.locate,0.0664265975356102
could you what should I eat tonight right now,8,reminders.task.create,0.7747009992599487,0.6891564205288887,0.38308149576187134,device.volume.increase,0.08554457873106003
what should I eat tonight now,5,find.phone.locate,0.497735857963562,0.311672642827034,0.6446813344955444,reminders.task.create,0.18606321513652802
I want to know what should I eat tonight today,8,reminders.task.create,0.8072354197502136,0.6792748272418976,0.3124937117099762,find.phone.locate,0.12796059250831604
I need to know what should I eat tonight right now,8,reminders.task.create,0.6747766137123108,0.4915934354066849,0.4654679596424103,find.phone.locate,0.18318317830562592
I want to know what should I eat tonight please,8,reminders.task.create,0.6094076633453369,0.4407271593809128,0.5559694766998291,find.phone.locate,0.16868050396442413
tell me what should I eat tonight please,8,reminders.task.create,0.568666398525238,0.38321593403816223,0.5904133915901184,find.phone.locate,0.1854504644870758
I am hungry right now,5,find.phone.locate,0.2962384521961212,0.0806933045387268,0.8002699613571167,device.memory.change,0.2155451476573944
please I am hungry for me,0,device.memory.change,0.5791311264038086,0.4178420603275299,0.5776650309562683,find.phone.locate,0.1612890660762787
could you I am hungry please,0,device.memory.change,0.4870639443397522,0.375359483063221,0.7054969072341919,device.volume.unmute,0.11170446127653122
can you I am hungry today,8,reminders.task.create,0.37452253699302673,0.06410455703735352,0.6599144339561462,device.memory.change,0.3104179799556732
tell me I am hungry today,0,device.memory.change,0.5362680554389954,0.27076268196105957,0.5501708984375,find.phone.locate,0.2655053734779358
can you tell me I am hungry now,5,find.phone.locate,0.4565204083919525,0.17644673585891724,0.6481802463531494,device.memory.change,0.2800736725330353
please order some food please,0,device.memory.change,0.43578049540519714,0.19167882204055786,0.6863557696342468,streaming.session.stop,0.24410167336463928
order some food right now,5,find.phone.locate,0.24850808084011078,0.0030843019485473633,0.7962241768836975,help.reminder.show,0.24542377889156342
can you tell me order some food now,5,find.phone.locate,0.3522225618362427,0.018378883600234985,0.6744021773338318,device.memory.change,0.3338436782360077
tell me order some food now,0,device.memory.change,0.5519742965698242,0.3618759363889694,0.5931876301765442,find.phone.locate,0.1900983601808548
could you order some food today,0,device.memory.change,0.41051265597343445,0.03641727566719055,0.6188794374465942,find.phone.locate,0.3740953803062439
can you order some food now,5,find.phone.locate,0.3725518584251404,0.020576536655426025,0.6647947430610657,device.memory.change,0.35197532176971436
I need to know order some food today,0,device.memory.change,0.6610545516014099,0.5497724413871765,0.5236192345619202,device.volume.increase,0.1112821102142334
find me a good restaurant,0,device.memory.change,0.9465314745903015,0.9228298664093018,0.1256646066904068,find.phone.locate,0.023701608180999756
can you find me a good restaurant,0,device.memory.change,0.6517722606658936,0.3937756419181824,0.43109801411628723,find.phone.locate,0.2579966187477112
tell me find me a good restaurant for me,0,device.memory.change,0.7155503630638123,0.5743722170591354,0.42646434903144836,find.phone.locate,0.14117814600467682
I need to know find me a good restaurant please,0,device.memory.change,0.8586819171905518,0.7810262888669968,0.25989899039268494,reminders.task.create,0.07765562832355499
find me a good restaurant today,0,device.memory.change,0.8541308641433716,0.7932846061885357,0.2617781460285187,find.phone.locate,0.06084625795483589
I want to know find me a good restaurant now,0,device.memory.change,0.94815993309021,0.9290889408439398,0.12481647729873657,find.phone.locate,0.01907099224627018
tell me find me a good restaurant now,0,device.memory.change,0.570143461227417,0.2863307297229767,0.4930560290813446,find.phone.locate,0.2838127315044403
please find me a good restaurant please,0,device.memory.change,0.9600273966789246,0.9469873579218984,0.10190845280885696,find.phone.locate,0.013040038757026196
can you tell me find me a good restaurant,0,device.memory.change,0.7887950539588928,0.6608224213123322,0.3375169038772583,find.phone.locate,0.12797263264656067
how do I make rice,6,help.reminder.show,0.6806657910346985,0.5647368505597115,0.4952392876148224,device.volume.decrease,0.11592894047498703
I want to know how do I make rice,6,help.reminder.show,0.7548214197158813,0.6734975725412369,0.41338592767715454,device.memory.change,0.08132384717464447
could you how do I make rice,6,help.reminder.show,0.3633202314376831,0.12144273519515991,0.7090002298355103,device.volume.increase,0.2418774962425232
can you tell me how do I make rice for me,6,help.reminder.show,0.9559742212295532,0.9434349210932851,0.11077342927455902,find.phone.locate,0.012539300136268139
can you tell me how do I make rice today,6,help.reminder.show,0.9205865263938904,0.893497409299016,0.1784583479166031,find.phone.locate,0.027089117094874382
I want to know how do I make rice right now,6,help.reminder.show,0.7881788015365601,0.706744447350502,0.3768846392631531,device.volume.increase,0.08143435418605804
can you how do I make rice,6,help.reminder.show,0.679114043712616,0.5512836426496506,0.49030041694641113,device.volume.increase,0.1278304010629654
could you how do I make rice please,2,device.volume.increase,0.3112700283527374,0.09769132733345032,0.7505007386207581,help.reminder.show,0.2135787010192871
please how do I make rice right now,6,help.reminder.show,0.40849360823631287,0.05848249793052673,0.627707839012146,device.volume.increase,0.35001111030578613
I want to know give me a biryani recipe today,0,device.memory.change,0.3955096900463104,0.04739293456077576,0.6333110332489014,reminders.task.create,0.34811675548553467
I need to know give me a biryani recipe for me,8,reminders.task.create,0.7099303603172302,0.5407184958457947,0.41423577070236206,device.memory.change,0.16921186447143555
can you give me a biryani recipe now,2,device.volume.increase,0.8278093934059143,0.7144643366336823,0.2858160436153412,device.memory.change,0.11334505677223206
please give me a biryani recipe please,2,device.volume.increase,0.9315545558929443,0.8942547328770161,0.15031467378139496,device.memory.change,0.03729982301592827
I want to know give me a biryani recipe right now,0,device.memory.change,0.45271119475364685,0.0858640968799591,0.5734502077102661,device.volume.increase,0.36684709787368774
I need to know give me a biryani recipe please,2,device.volume.increase,0.3747374713420868,0.06666359305381775,0.6389843821525574,device.memory.change,0.30807387828826904
tell me give me a biryani recipe today,0,device.memory.change,0.46816492080688477,0.24367974698543549,0.6608709096908569,reminders.task.create,0.22448517382144928
tell me give me a biryani recipe right now,2,device.volume.increase,0.5314123034477234,0.3235222101211548,0.5457198619842529,device.memory.change,0.2078900933265686
what is a healthy breakfast,2,device.volume.increase,0.771892249584198,0.6614377573132515,0.3854414224624634,help.reminder.show,0.1104544922709465
I need to know what is a healthy breakfast,2,device.volume.increase,0.627555787563324,0.49112468957901,0.5255287289619446,help.reminder.show,0.13643109798431396
tell me what is a healthy breakfast please,6,help.reminder.show,0.43312230706214905,0.05189135670661926,0.5798689126968384,device.volume.increase,0.3812309503555298
tell me what is a healthy breakfast,6,help.reminder.show,0.7063103318214417,0.5363288670778275,0.4280392825603485,device.volume.increase,0.1699814647436142
please what is a healthy breakfast right now,2,device.volume.increase,0.9622005820274353,0.9491247851401567,0.09845238924026489,help.reminder.show,0.013075796887278557
I need to know what is a healthy breakfast for me,8,reminders.task.create,0.8985085487365723,0.8682170510292053,0.21326972544193268,device.volume.increase,0.030291497707366943
I want to know what is a healthy breakfast today,8,reminders.task.create,0.4854426383972168,0.2901148498058319,0.6469745635986328,device.volume.increase,0.1953277885913849
can you tell me what is a healthy breakfast,6,help.reminder.show,0.740102231502533,0.6065666079521179,0.4187096953392029,device.volume.increase,0.13353562355041504
please what is a healthy breakfast now,2,device.volume.increase,0.9781907796859741,0.9723487528972328,0.06288965791463852,help.reminder.show,0.00584202678874135
tell me book a hotel for tomorrow now,0,device.memory.change,0.9465001225471497,0.9214055649936199,0.12564751505851746,reminders.task.create,0.02509455755352974
book a hotel for tomorrow right now,0,device.memory.change,0.9527890086174011,0.9397373367100954,0.11977650970220566,reminders.task.create,0.013051671907305717
I want to know book a hotel for tomorrow,0,device.memory.change,0.8683232665061951,0.7889942452311516,0.24066020548343658,reminders.task.create,0.07932902127504349
I need to know book a hotel for tomorrow please,0,device.memory.change,0.5078181624412537,0.13936737179756165,0.49875882267951965,reminders.task.create,0.368450790643692
can you book a hotel for tomorrow today,8,reminders.task.create,0.7638986110687256,0.593984842300415,0.34431225061416626,device.memory.change,0.16991376876831055
I want to know book a hotel for tomorrow now,0,device.memory.change,0.8699543476104736,0.7923102378845215,0.23788978159427643,reminders.task.create,0.07764410972595215
could you book a hotel for tomorrow right now,8,reminders.task.create,0.7941104769706726,0.6609658002853394,0.32472875714302063,device.memory.change,0.13314467668533325
can you tell me book a hotel for tomorrow please,8,reminders.task.create,0.6269704699516296,0.3462471067905426,0.44134223461151123,device.memory.change,0.28072336316108704
can you tell me find a hotel near the airport,5,find.phone.locate,0.822830080986023,0.7548301443457603,0.3327600657939911,device.memory.change,0.0679999366402626
could you find a hotel near the airport right now,5,find.phone.locate,0.5670675039291382,0.3757966458797455,0.5852954387664795,reminders.task.create,0.1912708580493927
find a hotel near the airport right now,5,find.phone.locate,0.7859315872192383,0.7220769673585892,0.38626936078071594,device.memory.change,0.06385461986064911
I want to know find a hotel near the airport please,5,find.phone.locate,0.5196624994277954,0.2873467803001404,0.6191495060920715,device.memory.change,0.23231571912765503
could you find a hotel near the airport now,5,find.phone.locate,0.6961117386817932,0.596516877412796,0.4872068166732788,reminders.task.create,0.09959486126899719
I want to know find a hotel near the airport now,5,find.phone.locate,0.728445291519165,0.5735239237546921,0.42102760076522827,device.memory.change,0.15492136776447296
tell me find a hotel near the airport,5,find.phone.locate,0.6963953971862793,0.5729188919067383,0.45946449041366577,device.memory.change,0.12347650527954102
can you tell me find a hotel near the airport today,5,find.phone.locate,0.5184732675552368,0.18577933311462402,0.5318865180015564,reminders.task.create,0.3326939344406128
book a flight to Mumbai,0,device.memory.change,0.9584178924560547,0.9498453829437494,0.108403779566288,find.phone.locate,0.00857250951230526
I want to know book a flight to Mumbai today,0,device.memory.change,0.8877401947975159,0.8414466194808483,0.2324710488319397,reminders.task.create,0.04629357531666756
could you book a flight to Mumbai today,0,device.memory.change,0.7656236886978149,0.6681831181049347,0.40528157353401184,reminders.task.create,0.09744057059288025
can you tell me book a flight to Mumbai right now,0,device.memory.change,0.6704197525978088,0.567757785320282,0.5139659643173218,help.reminder.show,0.10266196727752686
can you tell me book a flight to Mumbai now,0,device.memory.change,0.8671461343765259,0.8307985253632069,0.2682272493839264,find.phone.locate,0.036347609013319016
tell me book a flight to Mumbai for me,0,device.memory.change,0.9320850372314453,0.9118764270097017,0.1578785926103592,streaming.session.start,0.020208610221743584
book a flight to Mumbai for me,0,device.memory.change,0.9305412769317627,0.9046339206397533,0.15930745005607605,reminders.task.create,0.025907356292009354
can you book a flight to Mumbai today,0,device.memory.change,0.8441296815872192,0.7882176004350185,0.3026547133922577,reminders.task.create,0.0559120811522007
I need to know book a flight to Mumbai for me,0,device.memory.change,0.6291972398757935,0.3320547342300415,0.4118447005748749,reminders.task.create,0.29714250564575195
I need a flight to Delhi,0,device.memory.change,0.6903161406517029,0.5678262338042259,0.4469228684902191,device.volume.increase,0.12248990684747696
I need to know I need a flight to Delhi,0,device.memory.change,0.7509037852287292,0.6710247024893761,0.4211130738258362,device.volume.increase,0.07987908273935318
can you tell me I need a flight to Delhi,0,device.memory.change,0.832514762878418,0.7760725729167461,0.3162700831890106,find.phone.locate,0.05644218996167183
please I need a flight to Delhi for me,8,reminders.task.create,0.5997410416603088,0.3530312776565552,0.5188454389572144,device.memory.change,0.24670976400375366
could you I need a flight to Delhi now,8,reminders.task.create,0.3034266233444214,0.01205211877822876,0.6718711256980896,device.memory.change,0.2913745045661926
please I need a flight to Delhi,2,device.volume.increase,0.35770103335380554,0.03422999382019043,0.7051382064819336,device.memory.change,0.3234710395336151
could you I need a flight to Delhi today,8,reminders.task.create,0.8751704096794128,0.8359669931232929,0.2614993155002594,device.memory.change,0.03920341655611992
can you I need a flight to Delhi right now,2,device.volume.increase,0.3107893168926239,0.040528833866119385,0.7015079855918884,reminders.task.create,0.2702604830265045
I need to know I need a flight to Delhi please,0,device.memory.change,0.6348662376403809,0.4666081815958023,0.5227798819541931,reminders.task.create,0.16825805604457855
what time is the train,3,device.volume.mute,0.38268882036209106,0.1370859295129776,0.7198545932769775,help.reminder.show,0.24560289084911346
what time is the train for me,8,reminders.task.create,0.7341991066932678,0.6456870436668396,0.44810494780540466,device.memory.change,0.08851206302642822
I want to know what time is the train please,2,device.volume.increase,0.40500232577323914,0.2522387206554413,0.787017822265625,device.memory.change,0.15276360511779785
please what time is the train for me,8,reminders.task.create,0.5994906425476074,0.5134941413998604,0.6288208961486816,help.reminder.show,0.08599650114774704
I want to know what time is the train right now,6,help.reminder.show,0.45661377906799316,0.26581212878227234,0.7154048681259155,device.volume.increase,0.19080165028572083
please what time is the train please,4,device.volume.unmute,0.28209188580513,0.08029398322105408,0.8143875002861023,device.volume.mute,0.20179790258407593
I want to know what time is the train now,6,help.reminder.show,0.3847929537296295,0.13369816541671753,0.7190404534339905,device.volume.increase,0.251094788312912
book a taxi today,0,device.memory.change,0.9598690867424011,0.9489315627142787,0.10487639904022217,find.phone.locate,0.010937524028122425
please book a taxi please,0,device.memory.change,0.8970655798912048,0.8694079369306564,0.21918395161628723,device.volume.increase,0.0276576429605484
please book a taxi,0,device.memory.change,0.920263946056366,0.8969305511564016,0.17810416221618652,device.volume.increase,0.023333394899964333
can you book a taxi today,0,device.memory.change,0.8266806602478027,0.7348453402519226,0.3078690469264984,reminders.task.create,0.09183531999588013
please book a taxi for me,0,device.memory.change,0.9415821433067322,0.9141531344503164,0.13286834955215454,reminders.task.create,0.02742900885641575
could you book a taxi please,0,device.memory.change,0.7441838383674622,0.5843233913183212,0.3819890022277832,device.volume.increase,0.15986044704914093
can you tell me book a taxi today,0,device.memory.change,0.8550370931625366,0.8058768957853317,0.2887507379055023,reminders.task.create,0.049160197377204895
I want to know book a taxi for me,0,device.memory.change,0.9472442865371704,0.9252337198704481,0.12464630603790283,reminders.task.create,0.022010566666722298
how do I get to the airport,6,help.reminder.show,0.8617143034934998,0.8210306130349636,0.2842906415462494,find.phone.locate,0.04068369045853615
please how do I get to the airport today,6,help.reminder.show,0.4633188247680664,0.30854153633117676,0.7174532413482666,find.phone.locate,0.15477728843688965
how do I get to the airport now,6,help.reminder.show,0.8902451395988464,0.8556032702326775,0.237730473279953,find.phone.locate,0.034641869366168976
I need to know how do I get to the airport for me,8,reminders.task.create,0.40248894691467285,0.11174747347831726,0.6869552731513977,help.reminder.show,0.2907414734363556
please how do I get to the airport,6,help.reminder.show,0.7934005856513977,0.7417345941066742,0.3882611095905304,find.phone.locate,0.05166599154472351
could you how do I get to the airport please,6,help.reminder.show,0.5321551561355591,0.4192620515823364,0.6742379665374756,find.phone.locate,0.11289310455322266
I need to know how do I get to the airport,6,help.reminder.show,0.6959804892539978,0.5825125202536583,0.48580363392829895,find.phone.locate,0.11346796900033951
please how do I get to the airport now,6,help.reminder.show,0.8538058400154114,0.8170010708272457,0.297206848859787,find.phone.locate,0.036804769188165665
tell me how do I get to the airport for me,6,help.reminder.show,0.8940592408180237,0.8735779337584972,0.2339971512556076,find.phone.locate,0.020481307059526443
can you show me flights to London right now,6,help.reminder.show,0.41789039969444275,0.18789492547512054,0.6398469805717468,device.volume.increase,0.2299954742193222
I want to know show me flights to London for me,0,device.memory.change,0.8261335492134094,0.7591561898589134,0.32393255829811096,reminders.task.create,0.066977359354496
I want to know show me flights to London right now,0,device.memory.change,0.6018983125686646,0.4622461795806885,0.5699324607849121,device.volume.increase,0.13965213298797607
can you show me flights to London please,0,device.memory.change,0.6414827108383179,0.4849732667207718,0.5298463702201843,device.volume.increase,0.15650944411754608
please show me flights to London today,0,device.memory.change,0.7585084438323975,0.6864646151661873,0.4187588095664978,device.volume.increase,0.07204382866621017
could you show me flights to London,0,device.memory.change,0.5594050288200378,0.30033913254737854,0.5474891066551208,device.volume.increase,0.2590658962726593
I need to know show me flights to London right now,0,device.memory.change,0.38172075152397156,0.1669730693101883,0.7125824093818665,device.volume.increase,0.21474768221378326
can you tell me show me flights to London,6,help.reminder.show,0.42331716418266296,0.1712181568145752,0.6651872992515564,device.memory.change,0.25209900736808777
I need to know I am planning a holiday today,0,device.memory.change,0.4399957060813904,0.14666086435317993,0.6545630097389221,reminders.task.create,0.29333484172821045
please I am planning a holiday please,0,device.memory.change,0.48641589283943176,0.263318195939064,0.6546664834022522,device.volume.increase,0.22309769690036774
can you tell me I am planning a holiday for me,0,device.memory.change,0.6511589288711548,0.48234109580516815,0.4904283881187439,reminders.task.create,0.16881783306598663
I am planning a holiday right now,0,device.memory.change,0.45474523305892944,0.19752922654151917,0.668982207775116,device.volume.increase,0.2572160065174103
can you I am planning a holiday now,0,device.memory.change,0.5632039904594421,0.39526908099651337,0.5958568453788757,device.volume.increase,0.16793490946292877
find a hotel for tonight,0,device.memory.change,0.5586220026016235,0.3481704741716385,0.5488866567611694,reminders.task.create,0.21045152842998505
I need to know find a hotel for tonight please,8,reminders.task.create,0.8561246991157532,0.795015461742878,0.2814286947250366,device.memory.change,0.061109237372875214
can you find a hotel for tonight right now,8,reminders.task.create,0.9325671195983887,0.9005846343934536,0.15186332166194916,find.phone.locate,0.031982485204935074
I need to know find a hotel for tonight right now,8,reminders.task.create,0.8758152723312378,0.8322857208549976,0.2538352608680725,device.memory.change,0.04352955147624016
please find a hotel for tonight,8,reminders.task.create,0.8350198864936829,0.7556402757763863,0.30286747217178345,device.memory.change,0.0793796107172966
tell me find a hotel for tonight today,8,reminders.task.create,0.8566781878471375,0.7976511642336845,0.2688649594783783,find.phone.locate,0.05902702361345291
I want to know find a hotel for tonight now,8,reminders.task.create,0.4686341881752014,0.11937803030014038,0.5619869828224182,device.memory.change,0.34925615787506104
could you find a hotel for tonight today,8,reminders.task.create,0.9398903846740723,0.9207821916788816,0.14497573673725128,find.phone.locate,0.01910819299519062
can you tell me what is the train schedule right now,6,help.reminder.show,0.667000949382782,0.5205526500940323,0.5017580986022949,reminders.task.create,0.1464482992887497
could you what is the train schedule,2,device.volume.increase,0.4185243248939514,0.13921716809272766,0.6819775700569153,reminders.task.create,0.27930715680122375
I need to know what is the train schedule right now,6,help.reminder.show,0.3654920756816864,0.039363354444503784,0.6533427238464355,reminders.task.create,0.3261287212371826
could you what is the train schedule for me,8,reminders.task.create,0.9091439247131348,0.8876258861273527,0.2029504030942917,help.reminder.show,0.02151803858578205
I need to know what is the train schedule today,8,reminders.task.create,0.9049157500267029,0.8842958118766546,0.21022069454193115,find.phone.locate,0.020619938150048256
tell me what is the train schedule now,6,help.reminder.show,0.8333446383476257,0.8014819547533989,0.329597532749176,reminders.task.create,0.03186268359422684
book a rental car,0,device.memory.change,0.9558995962142944,0.9423104142770171,0.1122860312461853,find.phone.locate,0.013589181937277317
can you tell me book a rental car today,0,device.memory.change,0.6593840718269348,0.47290821373462677,0.48156869411468506,reminders.task.create,0.18647585809230804
book a rental car today,0,device.memory.change,0.9449747800827026,0.9254479687660933,0.13331389427185059,find.phone.locate,0.019526811316609383
please book a rental car please,0,device.memory.change,0.9378865957260132,0.9214499462395906,0.14620304107666016,reminders.task.create,0.01643664948642254
could you book a rental car now,0,device.memory.change,0.8907284736633301,0.8275478929281235,0.21173948049545288,device.volume.increase,0.0631805807352066
can you book a rental car,0,device.memory.change,0.9451256394386292,0.932359341531992,0.1340123564004898,reminders.task.create,0.012766297906637192
book a rental car please,0,device.memory.change,0.9589914679527283,0.9506108919158578,0.1069198027253151,find.phone.locate,0.00838057603687048
please book a rental car today,0,device.memory.change,0.8913534283638,0.8321946524083614,0.21404846012592316,reminders.task.create,0.059158775955438614
can you what is the stock market doing,2,device.volume.increase,0.8613834977149963,0.8056422136723995,0.2709813714027405,find.phone.locate,0.05574128404259682
tell me what is the stock market doing right now,6,help.reminder.show,0.6543492078781128,0.4340301603078842,0.4622807502746582,device.volume.increase,0.22031904757022858
could you what is the stock market doing for me,2,device.volume.increase,0.576724648475647,0.4143807142972946,0.5953577756881714,reminders.task.create,0.16234393417835236
what is the stock market doing right now,2,device.volume.increase,0.7281467318534851,0.6227119788527489,0.45071324706077576,help.reminder.show,0.10543475300073624
I want to know what is the stock market doing please,2,device.volume.increase,0.7517606019973755,0.6846297383308411,0.44336575269699097,device.memory.change,0.06713086366653442
tell me what is the stock market doing for me,6,help.reminder.show,0.6112185716629028,0.5095985680818558,0.5814026594161987,device.volume.increase,0.10162000358104706
could you what is the stock market doing today,2,device.volume.increase,0.8527195453643799,0.7877950221300125,0.2883574664592743,find.phone.locate,0.06492452323436737
what is bitcoin worth,2,device.volume.increase,0.8468040823936462,0.7876261509954929,0.2975364625453949,find.phone.locate,0.059177931398153305
tell me what is bitcoin worth right now,6,help.reminder.show,0.7012136578559875,0.5086168050765991,0.4220565855503082,device.volume.increase,0.19259685277938843
I need to know what is bitcoin worth right now,2,device.volume.increase,0.7853812575340271,0.6560115963220596,0.34960830211639404,help.reminder.show,0.12936966121196747
can you what is bitcoin worth today,2,device.volume.increase,0.8606343269348145,0.7967059388756752,0.2705111503601074,find.phone.locate,0.06392838805913925
can you what is bitcoin worth right now,2,device.volume.increase,0.8689032793045044,0.8143989890813828,0.25961723923683167,help.reminder.show,0.05450429022312164
I need to know what is bitcoin worth today,2,device.volume.increase,0.38195672631263733,0.16821373999118805,0.7247775197029114,find.phone.locate,0.21374298632144928
could you what is bitcoin worth now,2,device.volume.increase,0.9646009802818298,0.9571734834462404,0.095286063849926,help.reminder.show,0.007427496835589409
I want to know what is bitcoin worth today,2,device.volume.increase,0.504305362701416,0.3750867396593094,0.6804390549659729,find.phone.locate,0.12921862304210663
I need to know should I buy shares please,0,device.memory.change,0.4232974350452423,0.2914765030145645,0.7317425012588501,streaming.session.stop,0.1318209320306778
can you should I buy shares for me,5,find.phone.locate,0.4352845847606659,0.14109227061271667,0.6454101800918579,reminders.task.create,0.2941923141479492
please should I buy shares right now,1,device.volume.decrease,0.90813809633255,0.8922504801303148,0.21214890480041504,reminders.task.create,0.015887616202235222
I want to know should I buy shares right now,0,device.memory.change,0.4749043583869934,0.2907923460006714,0.703403115272522,device.volume.increase,0.18411201238632202
I want to know should I buy shares for me,8,reminders.task.create,0.5497885346412659,0.25086066126823425,0.5236501097679138,device.memory.change,0.2989278733730316
can you should I buy shares now,5,find.phone.locate,0.4270240068435669,0.21084070205688477,0.718480110168457,device.volume.decrease,0.21618330478668213
could you what is the price of gold now,2,device.volume.increase,0.9284258484840393,0.9125988837331533,0.17034146189689636,find.phone.locate,0.015826964750885963
I need to know what is the price of gold,2,device.volume.increase,0.7731106281280518,0.6996081620454788,0.4030686616897583,help.reminder.show,0.07350246608257294
could you what is the price of gold,2,device.volume.increase,0.9527079463005066,0.9374827519059181,0.11932425200939178,find.phone.locate,0.01522519439458847
can you what is the price of gold please,2,device.volume.increase,0.9446112513542175,0.9293650472536683,0.1369456648826599,find.phone.locate,0.015246204100549221
tell me what is the price of gold,2,device.volume.increase,0.5443894863128662,0.26009586453437805,0.5546848773956299,help.reminder.show,0.28429362177848816
can you tell me what is the price of gold,6,help.reminder.show,0.4198507070541382,0.06810510158538818,0.6193094253540039,device.volume.increase,0.35174560546875
show me market news,5,find.phone.locate,0.3745581805706024,0.12547776103019714,0.7276503443717957,device.memory.change,0.24908041954040527
can you show me market news right now,6,help.reminder.show,0.41546502709388733,0.23582902550697327,0.702873706817627,device.memory.change,0.17963600158691406
I need to know show me market news now,0,device.memory.change,0.5642096996307373,0.4164270907640457,0.6129935383796692,device.volume.increase,0.1477826088666916
show me market news now,6,help.reminder.show,0.3036549985408783,0.07753121852874756,0.7574988007545471,device.memory.change,0.22612378001213074
could you show me market news for me,0,device.memory.change,0.5822514295578003,0.41453374922275543,0.5768388509750366,find.phone.locate,0.16771768033504486
can you show me market news for me,0,device.memory.change,0.4440799057483673,0.21441885828971863,0.656388521194458,help.reminder.show,0.22966104745864868
please show me market news please,0,device.memory.change,0.560884416103363,0.4200190305709839,0.6266465187072754,device.volume.increase,0.14086538553237915
I need to know show me market news for me,0,device.memory.change,0.636616587638855,0.48645053803920746,0.5314849019050598,reminders.task.create,0.15016604959964752
tell me show me market news today,0,device.memory.change,0.38749414682388306,0.009241431951522827,0.5912151336669922,help.reminder.show,0.37825271487236023
can you what is the interest rate for me,2,device.volume.increase,0.4884941279888153,0.3030063956975937,0.666413426399231,help.reminder.show,0.18548773229122162
can you tell me what is the interest rate please,2,device.volume.increase,0.7712002992630005,0.6896686479449272,0.39780622720718384,help.reminder.show,0.08153165131807327
could you what is the interest rate please,2,device.volume.increase,0.9695743322372437,0.9619473381899297,0.08403114974498749,find.phone.locate,0.007626994047313929
can you what is the interest rate please,2,device.volume.increase,0.9307500123977661,0.9110481441020966,0.16218382120132446,find.phone.locate,0.019701868295669556
I need to know what is the interest rate for me,8,reminders.task.create,0.4216342270374298,0.14157071709632874,0.6621698141098022,device.volume.increase,0.2800635099411011
what is the interest rate now,2,device.volume.increase,0.7066060900688171,0.6329397335648537,0.48507294058799744,help.reminder.show,0.07366635650396347
how are stocks doing today,5,find.phone.locate,0.30247119069099426,0.09368962049484253,0.7875061631202698,device.memory.change,0.20878157019615173
I need to know how are stocks doing today please,6,help.reminder.show,0.25410035252571106,0.0011176466941833496,0.7737624049186707,device.volume.increase,0.2529827058315277
can you how are stocks doing today now,2,device.volume.increase,0.3734840154647827,0.04956066608428955,0.6619580388069153,help.reminder.show,0.32392334938049316
please how are stocks doing today,2,device.volume.increase,0.4981016218662262,0.33821535110473633,0.6661496758460999,find.phone.locate,0.15988627076148987
can you how are stocks doing today,6,help.reminder.show,0.3392445147037506,0.007773876190185547,0.6619319319725037,device.volume.increase,0.33147063851356506
could you how are stocks doing today,2,device.volume.increase,0.6135599613189697,0.47564248740673065,0.5537871718406677,help.reminder.show,0.13791747391223907
can you how are stocks doing today right now,6,help.reminder.show,0.519898533821106,0.251280277967453,0.5871393084526062,device.volume.increase,0.26861825585365295
can you tell me how are stocks doing today today,6,help.reminder.show,0.6682897806167603,0.46353933215141296,0.46015018224716187,find.phone.locate,0.2047504484653473
how are stocks doing today for me,5,find.phone.locate,0.4775649607181549,0.3060854971408844,0.6735144853591919,device.memory.change,0.1714794635772705
what is the exchange rate,2,device.volume.increase,0.8288413286209106,0.7739526368677616,0.33107462525367737,find.phone.locate,0.05488869175314903
I want to know what is the exchange rate today,2,device.volume.increase,0.5310860276222229,0.3807224780321121,0.644914448261261,find.phone.locate,0.15036354959011078
please what is the exchange rate please,2,device.volume.increase,0.97182297706604,0.96566864522174,0.07867078483104706,find.phone.locate,0.006154331844300032
I need to know what is the exchange rate today,2,device.volume.increase,0.36042916774749756,0.13112950325012207,0.7157678604125977,find.phone.locate,0.2292996644973755
can you tell me what is the exchange rate,2,device.volume.increase,0.5581111907958984,0.3365009278059006,0.5493215918540955,help.reminder.show,0.22161026298999786
tell me what is the exchange rate today,6,help.reminder.show,0.40511637926101685,0.17044147849082947,0.7007529735565186,find.phone.locate,0.23467490077018738
could you what is the exchange rate now,2,device.volume.increase,0.950947642326355,0.9383658301085234,0.1242583617568016,find.phone.locate,0.012581812217831612
I need to know what is the exchange rate now,2,device.volume.increase,0.8800928592681885,0.843384463340044,0.2517065405845642,help.reminder.show,0.036708395928144455
tell me about cryptocurrency,2,device.volume.increase,0.8552385568618774,0.7942031733691692,0.2782759964466095,device.memory.change,0.061035383492708206
please tell me about cryptocurrency,2,device.volume.increase,0.9216457605361938,0.8889144286513329,0.17356930673122406,device.memory.change,0.03273133188486099
I want to know tell me about cryptocurrency now,2,device.volume.increase,0.4036415219306946,0.019407808780670166,0.6043460369110107,device.memory.change,0.3842337131500244
tell me tell me about cryptocurrency now,2,device.volume.increase,0.4889945089817047,0.18942344188690186,0.56683349609375,help.reminder.show,0.29957106709480286
tell me about cryptocurrency please,2,device.volume.increase,0.8298372626304626,0.734781838953495,0.2999253571033478,device.memory.change,0.09505542367696762
tell me about cryptocurrency today,8,reminders.task.create,0.6493147015571594,0.5342547670006752,0.5355425477027893,device.memory.change,0.11505993455648422
please tell me about cryptocurrency now,2,device.volume.increase,0.8770434856414795,0.8361129835247993,0.2494358867406845,device.memory.change,0.040930502116680145
please tell me about cryptocurrency for me,2,device.volume.increase,0.5196734070777893,0.2855965793132782,0.5623739957809448,reminders.task.create,0.2340768277645111
can you tell me about cryptocurrency for me,2,device.volume.increase,0.37732821702957153,0.15313977003097534,0.701435387134552,reminders.task.create,0.2241884469985962
should I invest in stocks,5,find.phone.locate,0.5312381386756897,0.29918287694454193,0.6063222289085388,device.memory.change,0.23205526173114777
tell me should I invest in stocks for me,0,device.memory.change,0.5391127467155457,0.3553401976823807,0.6217846870422363,find.phone.locate,0.18377254903316498
tell me should I invest in stocks now,5,find.phone.locate,0.36048993468284607,0.13517816364765167,0.7365676760673523,device.memory.change,0.2253117710351944
tell me should I invest in stocks today,5,find.phone.locate,0.4357924461364746,0.1757240891456604,0.6897547245025635,device.memory.change,0.2600683569908142
should I invest in stocks for me,5,find.phone.locate,0.5242299437522888,0.22818347811698914,0.5643759965896606,device.memory.change,0.2960464656352997
should I invest in stocks now,5,find.phone.locate,0.4725607931613922,0.2550329566001892,0.6494297981262207,device.memory.change,0.217527836561203
could you should I invest in stocks right now,4,device.volume.unmute,0.39078235626220703,0.08020776510238647,0.6977314352989197,device.volume.increase,0.31057459115982056
should I invest in stocks today,5,find.phone.locate,0.5770441889762878,0.3006036877632141,0.518894374370575,device.memory.change,0.27644050121307373
can you should I invest in stocks,5,find.phone.locate,0.5476264953613281,0.39869481325149536,0.6225841045379639,device.memory.change,0.14893168210983276
please open my browser please,0,device.memory.change,0.2913000285625458,0.08461496233940125,0.763393223285675,streaming.session.stop,0.20668506622314453
open my browser today,5,find.phone.locate,0.8011345863342285,0.6895185261964798,0.33494630455970764,device.memory.change,0.11161606013774872
open my browser right now,5,find.phone.locate,0.41736045479774475,0.12134379148483276,0.6739971041679382,help.reminder.show,0.296016663312912
can you tell me open my browser right now,6,help.reminder.show,0.7015625238418579,0.5977718755602837,0.4775410294532776,find.phone.locate,0.10379064828157425
please open my browser right now,4,device.volume.unmute,0.3819343149662018,0.17066387832164764,0.7742119431495667,find.phone.locate,0.21127043664455414
could you open my browser now,5,find.phone.locate,0.6205142736434937,0.5323931649327278,0.6026602983474731,device.volume.increase,0.08812110871076584
can you tell me open my browser now,5,find.phone.locate,0.4618036150932312,0.13927000761032104,0.61651211977005,help.reminder.show,0.32253360748291016
can you open youtube now,5,find.phone.locate,0.2881270945072174,0.018423467874526978,0.7771133184432983,streaming.session.start,0.26970362663269043
can you open youtube today,9,streaming.session.start,0.3227047026157379,0.06423592567443848,0.7401847243309021,find.phone.locate,0.25846877694129944
can you tell me open youtube for me,9,streaming.session.start,0.3781268000602722,0.0856737494468689,0.7025896310806274,help.reminder.show,0.2924530506134033
can you tell me open youtube now,6,help.reminder.show,0.3962813913822174,0.1389557123184204,0.7046734690666199,streaming.session.start,0.257325679063797
can you tell me open youtube please,9,streaming.session.start,0.566187858581543,0.4421931803226471,0.6502695679664612,device.memory.change,0.12399467825889587
tell me open youtube for me,9,streaming.session.start,0.4249756634235382,0.14095312356948853,0.6688441038131714,help.reminder.show,0.2840225398540497
I want to know open maps for me,0,device.memory.change,0.7961308360099792,0.7453871741890907,0.37980198860168457,device.volume.increase,0.05074366182088852
could you open maps right now,4,device.volume.unmute,0.4714832305908203,0.2569517344236374,0.6757500767707825,device.volume.increase,0.21453149616718292
please open maps,0,device.memory.change,0.4382909834384918,0.3100096881389618,0.7480614185333252,device.volume.increase,0.12828129529953003
can you tell me open maps right now,6,help.reminder.show,0.8406158089637756,0.7976219318807125,0.31364545226097107,device.volume.increase,0.042993877083063126
could you open maps today,8,reminders.task.create,0.5095059871673584,0.3187011629343033,0.6434436440467834,device.memory.change,0.19080482423305511
I want to know open maps please,0,device.memory.change,0.661614179611206,0.48301342129707336,0.48749104142189026,device.volume.increase,0.1786007583141327
please open maps now,0,device.memory.change,0.39172977209091187,0.2138795256614685,0.7684836983680725,device.volume.unmute,0.17785024642944336
I need to know send an email for me,8,reminders.task.create,0.6864768266677856,0.5096084177494049,0.44646164774894714,device.memory.change,0.17686840891838074
can you tell me send an email for me,8,reminders.task.create,0.3539040982723236,0.013820946216583252,0.691262423992157,device.memory.change,0.34008315205574036
can you tell me send an email today,8,reminders.task.create,0.5453977584838867,0.4106444716453552,0.664466917514801,device.memory.change,0.1347532868385315
can you send an email,0,device.memory.change,0.4330545663833618,0.1653994619846344,0.6464521884918213,reminders.task.create,0.2676551043987274
could you send an email for me,8,reminders.task.create,0.8982222676277161,0.8613585010170937,0.21476240456104279,device.memory.change,0.036863766610622406
tell me send an email right now,6,help.reminder.show,0.7562464475631714,0.6750620603561401,0.4096510410308838,device.volume.increase,0.08118438720703125
send an email today,8,reminders.task.create,0.45117929577827454,0.19275307655334473,0.6897976398468018,device.memory.change,0.2584262192249298
can you tell me call my friend today,8,reminders.task.create,0.4902168810367584,0.15508991479873657,0.5562357902526855,find.phone.locate,0.33512696623802185
call my friend please,9,streaming.session.start,0.6840726733207703,0.5825082585215569,0.49379369616508484,find.phone.locate,0.10156441479921341
can you tell me call my friend please,5,find.phone.locate,0.5662950277328491,0.3429695665836334,0.5697184205055237,streaming.session.start,0.2233254611492157
please call my friend please,8,reminders.task.create,0.31333640217781067,0.06885144114494324,0.7970431447029114,streaming.session.start,0.24448496103286743
please call my friend today,8,reminders.task.create,0.8322311639785767,0.7884661927819252,0.3314008116722107,find.phone.locate,0.04376497119665146
I need to know call my friend please,0,device.memory.change,0.3367191255092621,0.1750202625989914,0.7754126191139221,find.phone.locate,0.1616988629102707
I want to know take a photo,0,device.memory.change,0.8704652786254883,0.8206767141819,0.2610158324241638,device.volume.increase,0.04978856444358826
I want to know take a photo for me,0,device.memory.change,0.8522270321846008,0.7852447032928467,0.28080499172210693,reminders.task.create,0.06698232889175415
tell me take a photo today,0,device.memory.change,0.6576761603355408,0.537695899605751,0.5015883445739746,reminders.task.create,0.11998026072978973
can you tell me take a photo today,0,device.memory.change,0.29303044080734253,0.042715758085250854,0.7871687412261963,reminders.task.create,0.2503146827220917
can you tell me take a photo please,0,device.memory.change,0.42659878730773926,0.13302510976791382,0.6808706521987915,device.volume.unmute,0.29357367753982544
could you take a photo today,8,reminders.task.create,0.38956329226493835,0.16144521534442902,0.7173367142677307,device.volume.decrease,0.22811807692050934
I want to know take a photo now,0,device.memory.change,0.8090128898620605,0.7316007390618324,0.3483982980251312,device.volume.increase,0.07741215080022812
I want to know open settings today,0,device.memory.change,0.8401563763618469,0.8070089109241962,0.3206031322479248,find.phone.locate,0.03314746543765068
I need to know open settings right now,0,device.memory.change,0.4014967381954193,0.016935288906097412,0.5962035655975342,help.reminder.show,0.3845614492893219
I want to know open settings now,0,device.memory.change,0.8059199452400208,0.7426473274827003,0.35563763976097107,help.reminder.show,0.0632726177573204
I need to know open settings today,0,device.memory.change,0.7931426763534546,0.7422986254096031,0.3860444724559784,find.phone.locate,0.05084405094385147
can you open settings today,0,device.memory.change,0.6864016056060791,0.5649177953600883,0.4925720691680908,find.phone.locate,0.12148381024599075
could you open settings today,0,device.memory.change,0.7599608898162842,0.6847151443362236,0.41511648893356323,find.phone.locate,0.07524574548006058
tell me open settings please,0,device.memory.change,0.600752592086792,0.3070860803127289,0.457954078912735,help.reminder.show,0.2936665117740631
can you open settings now,0,device.memory.change,0.5409822463989258,0.34225010871887207,0.6058292388916016,help.reminder.show,0.1987321376800537
I need to know turn on bluetooth right now,2,device.volume.increase,0.38933131098747253,0.03008207678794861,0.6169707179069519,device.volume.unmute,0.3592492341995239
can you turn on bluetooth for me,4,device.volume.unmute,0.46812108159065247,0.2601127624511719,0.6345089077949524,device.volume.increase,0.2080083191394806
could you turn on bluetooth,4,device.volume.unmute,0.7961260080337524,0.6981582641601562,0.35238116979599,device.volume.increase,0.09796774387359619
tell me turn on bluetooth for me,6,help.reminder.show,0.4929128587245941,0.33475208282470703,0.6202577948570251,device.volume.unmute,0.15816077589988708
can you tell me turn on bluetooth today,4,device.volume.unmute,0.5074639916419983,0.3654618561267853,0.6923280954360962,help.reminder.show,0.142002135515213
could you turn on bluetooth right now,4,device.volume.unmute,0.6723136901855469,0.4487745612859726,0.4303894639015198,device.volume.increase,0.22353912889957428
please connect to wifi right now,9,streaming.session.start,0.4298148453235626,0.22232818603515625,0.6619898080825806,reminders.task.create,0.20748665928840637
please connect to wifi now,9,streaming.session.start,0.5180412530899048,0.36392802000045776,0.6413816809654236,reminders.task.create,0.15411323308944702
could you connect to wifi right now,9,streaming.session.start,0.7885627746582031,0.7001122757792473,0.374235600233078,reminders.task.create,0.08845049887895584
I want to know connect to wifi right now,9,streaming.session.start,0.8500906825065613,0.7974734343588352,0.2875491976737976,device.volume.increase,0.05261724814772606
play a video,9,streaming.session.start,0.9668763875961304,0.9586974866688251,0.09073665738105774,device.memory.change,0.008178900927305222
I want to know play a video for me,9,streaming.session.start,0.9007157683372498,0.8622279316186905,0.20980952680110931,device.memory.change,0.038487836718559265
please play a video today,9,streaming.session.start,0.7160131335258484,0.57026606798172,0.44627314805984497,reminders.task.create,0.14574706554412842
please play a video right now,9,streaming.session.start,0.9204267859458923,0.8975266646593809,0.1853657066822052,device.volume.unmute,0.02290012128651142
can you play a video please,9,streaming.session.start,0.9685249924659729,0.9632989563979208,0.08767948299646378,device.volume.unmute,0.0052260360680520535
tell me play a video for me,9,streaming.session.start,0.9584172368049622,0.947573252953589,0.10890915989875793,device.memory.change,0.010843983851373196
I need to know play a video today,9,streaming.session.start,0.48361435532569885,0.26683521270751953,0.66961270570755,reminders.task.create,0.21677914261817932
could you play a video for me,9,streaming.session.start,0.935055673122406,0.9163445495069027,0.15689915418624878,reminders.task.create,0.01871112361550331
please play a video,9,streaming.session.start,0.9584199786186218,0.9509890545159578,0.11016103625297546,device.memory.change,0.007430924102663994
open my camera,5,find.phone.locate,0.6389684081077576,0.5550384521484375,0.5637335777282715,device.memory.change,0.08392995595932007
I need to know open my camera,0,device.memory.change,0.32466384768486023,0.07216033339500427,0.7316349744796753,find.phone.locate,0.25250351428985596
can you tell me open my camera today,5,find.phone.locate,0.7342450618743896,0.6636519059538841,0.4647054970264435,help.reminder.show,0.07059315592050552
tell me open my camera for me,6,help.reminder.show,0.38845396041870117,0.07795998454093933,0.6575170159339905,find.phone.locate,0.31049397587776184
can you tell me open my camera,5,find.phone.locate,0.44039592146873474,0.16698238253593445,0.6716214418411255,help.reminder.show,0.2734135389328003
could you open my camera,5,find.phone.locate,0.8220064640045166,0.7857369408011436,0.3491675555706024,reminders.task.complete,0.036269523203372955
can you open my camera right now,5,find.phone.locate,0.34235671162605286,0.08989876508712769,0.752206563949585,help.reminder.show,0.25245794653892517
tell me open my camera today,5,find.phone.locate,0.7063942551612854,0.6163882613182068,0.4787851870059967,reminders.task.create,0.09000599384307861
send a message,0,device.memory.change,0.8145813345909119,0.6754374653100967,0.2827602028846741,device.volume.increase,0.13914386928081512
can you tell me send a message,0,device.memory.change,0.7166513800621033,0.5513595193624496,0.42208850383758545,device.volume.increase,0.16529186069965363
can you send a message today,8,reminders.task.create,0.8059551119804382,0.7237245887517929,0.34458157420158386,device.memory.change,0.08223052322864532
I need to know send a message for me,8,reminders.task.create,0.6009072661399841,0.34596437215805054,0.4779357612133026,device.memory.change,0.2549428939819336
can you tell me send a message now,0,device.memory.change,0.6596616506576538,0.4548308700323105,0.46776625514030457,device.volume.increase,0.20483078062534332
please send a message please,0,device.memory.change,0.7477992177009583,0.6542431190609932,0.4161168038845062,device.volume.increase,0.09355609863996506
please send a message right now,2,device.volume.increase,0.5107981562614441,0.27533987164497375,0.5968526005744934,device.memory.change,0.23545828461647034
can you tell me send a message today,8,reminders.task.create,0.5937657356262207,0.399005189538002,0.5813905000686646,device.memory.change,0.1947605460882187
I want to know send a message,0,device.memory.change,0.7641240954399109,0.6012062728404999,0.34564366936683655,device.volume.increase,0.162917822599411
check my calendar,7,reminders.task.complete,0.9452149868011475,0.9313084091991186,0.13419070839881897,streaming.session.start,0.013906577602028847
could you check my calendar for me,7,reminders.task.complete,0.5822556614875793,0.4340825080871582,0.5871060490608215,reminders.task.create,0.14817315340042114
I need to know check my calendar for me,7,reminders.task.complete,0.35175639390945435,0.09791535139083862,0.7218436598777771,reminders.task.create,0.2538410425186157
can you tell me check my calendar for me,7,reminders.task.complete,0.493236243724823,0.36059971153736115,0.7051791548728943,device.memory.change,0.13263653218746185
can you check my calendar for me,7,reminders.task.complete,0.6577447652816772,0.550414614379406,0.5273398160934448,reminders.task.create,0.10733015090227127
I want to know check my calendar today,7,reminders.task.complete,0.4166009724140167,0.20609694719314575,0.7232369184494019,device.memory.change,0.21050402522087097
tell me check my calendar please,7,reminders.task.complete,0.9310876131057739,0.9136402979493141,0.16520927846431732,device.memory.change,0.01744731515645981
I need to know check my calendar today,7,reminders.task.complete,0.3278025686740875,0.08554938435554504,0.7696844339370728,reminders.task.create,0.24225318431854248
I want to know check my calendar for me,7,reminders.task.complete,0.520930826663971,0.2797302007675171,0.6122548580169678,device.memory.change,0.24120062589645386
I want to know play music today,9,streaming.session.start,0.7807649970054626,0.6299053281545639,0.33546188473701477,device.memory.change,0.15085966885089874
please play music right now,9,streaming.session.start,0.8144122958183289,0.6938067376613617,0.30731871724128723,device.volume.unmute,0.12060555815696716
tell me play music right now,9,streaming.session.start,0.9418256282806396,0.9162585157901049,0.13712909817695618,device.volume.unmute,0.025567112490534782
can you tell me play music today,9,streaming.session.start,0.9378967881202698,0.9187912829220295,0.14874523878097534,device.memory.change,0.01910550519824028
please play music,9,streaming.session.start,0.9640803933143616,0.9563573617488146,0.09661919623613358,device.memory.change,0.0077230315655469894
play music today,9,streaming.session.start,0.9412845969200134,0.92288070730865,0.14121142029762268,device.volume.decrease,0.01840388961136341
could you play music right now,9,streaming.session.start,0.9316786527633667,0.8961374908685684,0.15308992564678192,device.volume.unmute,0.03554116189479828
play a song,9,streaming.session.start,0.5698549747467041,0.23761135339736938,0.4652476906776428,device.memory.change,0.3322436213493347
please play a song today,0,device.memory.change,0.4951185882091522,0.14930427074432373,0.5486714243888855,reminders.task.create,0.3458143174648285
could you play a song please,9,streaming.session.start,0.5543662309646606,0.43797890841960907,0.6334722638130188,device.memory.change,0.11638732254505157
can you play a song please,9,streaming.session.start,0.8607725501060486,0.8232634924352169,0.2814390957355499,device.memory.change,0.03750905767083168
I want to know play a song for me,0,device.memory.change,0.8007259964942932,0.7206341773271561,0.3451024293899536,streaming.session.start,0.08009181916713715
can you tell me play a song please,9,streaming.session.start,0.5255146026611328,0.16710340976715088,0.4981824457645416,device.memory.change,0.35841119289398193
I need to know play a song today,0,device.memory.change,0.6107658743858337,0.4023585617542267,0.5383425951004028,reminders.task.create,0.20840731263160706
tell me play a song please,9,streaming.session.start,0.627234697341919,0.36563193798065186,0.46179792284965515,device.memory.change,0.2616027593612671
stop the movie,10,streaming.session.stop,0.9572231769561768,0.9479776564985514,0.11131446063518524,device.volume.unmute,0.009245520457625389
I want to know stop the movie now,10,streaming.session.stop,0.891207754611969,0.8691223468631506,0.24017338454723358,device.memory.change,0.022085407748818398
can you stop the movie now,10,streaming.session.stop,0.9091833829879761,0.8842090740799904,0.2059219777584076,device.volume.mute,0.024974308907985687
can you stop the movie right now,10,streaming.session.stop,0.8606613278388977,0.8104357421398163,0.2828892171382904,device.volume.mute,0.05022558569908142
I need to know stop the movie,10,streaming.session.stop,0.9452806711196899,0.9348788503557444,0.13893717527389526,device.memory.change,0.01040182076394558
I need to know stop the movie right now,10,streaming.session.stop,0.8624849319458008,0.8285725265741348,0.2866731882095337,device.volume.mute,0.033912405371665955
I want to know stop the movie right now,10,streaming.session.stop,0.8700463771820068,0.8432716634124517,0.2743435800075531,device.memory.change,0.026774713769555092
could you stop the movie for me,10,streaming.session.stop,0.9442364573478699,0.9356275061145425,0.14210379123687744,device.memory.change,0.008608951233327389
I want to know pause the video please,10,streaming.session.stop,0.931556761264801,0.9173990180715919,0.1612798273563385,device.volume.unmute,0.014157743193209171
please pause the video now,10,streaming.session.stop,0.5910159349441528,0.36133773624897003,0.5371745824813843,device.volume.unmute,0.2296781986951828
can you pause the video for me,9,streaming.session.start,0.5076041221618652,0.31574638187885284,0.6233680844306946,device.volume.unmute,0.1918577402830124
please pause the video please,10,streaming.session.stop,0.8375174403190613,0.7841196954250336,0.3064132630825043,device.volume.unmute,0.05339774489402771
I want to know pause the video right now,10,streaming.session.stop,0.6256090402603149,0.4872885048389435,0.5264489054679871,help.reminder.show,0.13832053542137146
can you tell me pause the video right now,6,help.reminder.show,0.5138224363327026,0.29208917915821075,0.613917887210846,device.volume.unmute,0.22173325717449188
can you tell me pause the video,9,streaming.session.start,0.29837238788604736,0.03743365406990051,0.7166871428489685,streaming.session.stop,0.26093873381614685
can you pause the video,4,device.volume.unmute,0.3721682131290436,0.09856072068214417,0.6129621267318726,streaming.session.stop,0.2736074924468994
play my playlist,9,streaming.session.start,0.9479245543479919,0.9352364623919129,0.13031771779060364,device.volume.unmute,0.012688091956079006
can you tell me play my playlist please,9,streaming.session.start,0.9601119160652161,0.9499590033665299,0.1054018959403038,device.volume.unmute,0.010152912698686123
can you play my playlist,9,streaming.session.start,0.9592427015304565,0.9495914243161678,0.10743143409490585,device.volume.unmute,0.009651277214288712
I want to know play my playlist please,9,streaming.session.start,0.8509262800216675,0.7744242325425148,0.2793939411640167,device.memory.change,0.07650204747915268
could you play my playlist please,9,streaming.session.start,0.9594382047653198,0.9493420524522662,0.10662179440259933,device.volume.unmute,0.010096152313053608
I want to know play my playlist today,9,streaming.session.start,0.8040422201156616,0.6932118237018585,0.3348070979118347,device.memory.change,0.1108303964138031
can you play my playlist please,9,streaming.session.start,0.9501641988754272,0.935320963151753,0.1255817711353302,device.volume.unmute,0.014843235723674297
please play my playlist,9,streaming.session.start,0.934217631816864,0.9180369134992361,0.15764547884464264,device.volume.unmute,0.016180718317627907
please play my playlist please,9,streaming.session.start,0.9297224879264832,0.911052854731679,0.16587696969509125,device.volume.unmute,0.01866963319480419
find a movie,0,device.memory.change,0.848463773727417,0.775690421462059,0.2823024094104767,find.phone.locate,0.07277335226535797
can you tell me find a movie now,0,device.memory.change,0.7999300360679626,0.6916625201702118,0.3435268998146057,find.phone.locate,0.10826751589775085
I want to know find a movie right now,0,device.memory.change,0.8527991771697998,0.8183733485639095,0.30067765712738037,device.volume.increase,0.034425828605890274
I want to know find a movie,0,device.memory.change,0.9284783601760864,0.900334918871522,0.16437827050685883,find.phone.locate,0.028143441304564476
please find a movie today,0,device.memory.change,0.5228451490402222,0.2907939702272415,0.6019590497016907,reminders.task.create,0.23205117881298065
can you tell me find a movie for me,0,device.memory.change,0.8574787974357605,0.8062208741903305,0.27478837966918945,reminders.task.create,0.05125792324542999
find a movie right now,0,device.memory.change,0.6397393345832825,0.48893263936042786,0.5209802985191345,find.phone.locate,0.15080669522285461
recommend a song,0,device.memory.change,0.7588161826133728,0.6663223132491112,0.4048267602920532,device.volume.increase,0.09249386936426163
please recommend a song please,0,device.memory.change,0.49251002073287964,0.299047514796257,0.616410493850708,device.volume.increase,0.19346250593662262
I need to know recommend a song for me,0,device.memory.change,0.6358166933059692,0.43183672428131104,0.4775380492210388,reminders.task.create,0.2039799690246582
recommend a song right now,0,device.memory.change,0.6079463362693787,0.49235720187425613,0.5821758508682251,device.volume.increase,0.11558913439512253
can you tell me recommend a song,0,device.memory.change,0.697124719619751,0.5230268985033035,0.44285231828689575,device.volume.increase,0.17409782111644745
I need to know recommend a song,0,device.memory.change,0.6552019119262695,0.41990263760089874,0.4455738961696625,device.volume.increase,0.2352992743253708
can you tell me recommend a song please,0,device.memory.change,0.653657078742981,0.4360983222723007,0.4701659083366394,device.volume.increase,0.21755875647068024
recommend a song please,0,device.memory.change,0.7307188510894775,0.5969223529100418,0.41634348034858704,device.volume.increase,0.13379649817943573
play some relaxing music,9,streaming.session.start,0.9492613077163696,0.9309111963957548,0.12577751278877258,device.memory.change,0.018350111320614815
I want to know play some relaxing music today,9,streaming.session.start,0.6100219488143921,0.36842288076877594,0.5122615694999695,device.memory.change,0.24159906804561615
can you tell me play some relaxing music for me,9,streaming.session.start,0.8940964937210083,0.8483791425824165,0.22281096875667572,device.memory.change,0.045717351138591766
I need to know play some relaxing music,9,streaming.session.start,0.6349048614501953,0.36031824350357056,0.43502113223075867,device.memory.change,0.27458661794662476
play some relaxing music please,9,streaming.session.start,0.8848848342895508,0.8293138667941093,0.23047490417957306,device.memory.change,0.05557096749544144
can you tell me play some relaxing music right now,9,streaming.session.start,0.8444201946258545,0.803577046841383,0.30499786138534546,device.memory.change,0.04084314778447151
could you play some relaxing music today,9,streaming.session.start,0.9485848546028137,0.9380499329417944,0.131229430437088,device.memory.change,0.010534921661019325
I want to know play some relaxing music please,9,streaming.session.start,0.6565366387367249,0.4078699201345444,0.4283539354801178,device.memory.change,0.24866671860218048
start a podcast,9,streaming.session.start,0.9651221036911011,0.9592945803888142,0.09579997509717941,device.memory.change,0.005827523302286863
please start a podcast for me,9,streaming.session.start,0.9560040831565857,0.9471261631697416,0.11615999788045883,reminders.task.create,0.008877919986844063
could you start a podcast right now,9,streaming.session.start,0.9601796865463257,0.9540770798921585,0.10734926909208298,device.volume.decrease,0.006102606654167175
can you tell me start a podcast please,9,streaming.session.start,0.9725187420845032,0.9685829030349851,0.07863125950098038,device.memory.change,0.003935839049518108
can you tell me start a podcast right now,9,streaming.session.start,0.970696210861206,0.9651409261859953,0.08257248252630234,help.reminder.show,0.005555284675210714
I want to know start a podcast now,9,streaming.session.start,0.9701705574989319,0.9640119448304176,0.08339158445596695,device.memory.change,0.006158612668514252
I need to know start a podcast,9,streaming.session.start,0.9758335947990417,0.971481192857027,0.06986511498689651,device.memory.change,0.004352401942014694
start a podcast today,9,streaming.session.start,0.9356685280799866,0.9243847467005253,0.15828976035118103,device.volume.decrease,0.011283781379461288
I want to know start a podcast,9,streaming.session.start,0.9771429300308228,0.9722242983989418,0.06645882874727249,device.memory.change,0.004918631631880999
what movie should I watch,2,device.volume.increase,0.30886533856391907,0.08048450946807861,0.7541319131851196,device.volume.decrease,0.22838082909584045
can you tell me what movie should I watch for me,8,reminders.task.create,0.6074246764183044,0.5069522932171822,0.5865254402160645,help.reminder.show,0.10047238320112228
please what movie should I watch please,2,device.volume.increase,0.6301078796386719,0.5321381613612175,0.5699775218963623,device.volume.unmute,0.09796971827745438
could you what movie should I watch today,8,reminders.task.create,0.4210716485977173,0.15204620361328125,0.6795169711112976,device.volume.decrease,0.26902544498443604
tell me what movie should I watch today,1,device.volume.decrease,0.4367534816265106,0.2721375524997711,0.7428313493728638,reminders.task.create,0.1646159291267395
please what movie should I watch right now,2,device.volume.increase,0.728114664554596,0.5906411707401276,0.4343627691268921,device.volume.unmute,0.13747349381446838
please what movie should I watch for me,8,reminders.task.create,0.6388176679611206,0.5233044028282166,0.5645154118537903,device.volume.increase,0.11551326513290405
I need to know what movie should I watch,2,device.volume.increase,0.24334527552127838,0.025106385350227356,0.7846887111663818,reminders.task.create,0.21823889017105103
can you what movie should I watch please,2,device.volume.increase,0.35047054290771484,0.17655442655086517,0.7764500379562378,streaming.session.start,0.17391611635684967
I need to know how are you please,2,device.volume.increase,0.4047262966632843,0.20007221400737762,0.688822329044342,device.memory.change,0.20465408265590668
tell me how are you today,6,help.reminder.show,0.38041359186172485,0.024294018745422363,0.6114532947540283,device.volume.decrease,0.3561195731163025
could you how are you now,2,device.volume.increase,0.8561685681343079,0.8166150487959385,0.29631927609443665,device.volume.decrease,0.03955351933836937
can you how are you right now,2,device.volume.increase,0.6174653768539429,0.4194396138191223,0.5372852683067322,help.reminder.show,0.19802576303482056
I want to know how are you please,2,device.volume.increase,0.2867829501628876,0.0004930794239044189,0.7167149782180786,device.memory.change,0.28628987073898315
could you how are you please,2,device.volume.increase,0.7752066254615784,0.6660708710551262,0.38260048627853394,device.volume.decrease,0.10913575440645218
I want to know how are you right now,6,help.reminder.show,0.5731456279754639,0.36197933554649353,0.5510676503181458,device.volume.increase,0.21116629242897034
tell me thank you right now,2,device.volume.increase,0.23687291145324707,0.05145248770713806,0.8788948059082031,device.volume.unmute,0.185420423746109
can you thank you now,2,device.volume.increase,0.38284751772880554,0.1751001477241516,0.7390861511230469,device.memory.change,0.20774737000465393
can you thank you,2,device.volume.increase,0.310034841299057,0.05480527877807617,0.7045707106590271,find.phone.locate,0.25522956252098083
tell me thank you,0,device.memory.change,0.503032922744751,0.28832586109638214,0.6000958681106567,reminders.task.complete,0.21470706164836884
tell me thank you for me,0,device.memory.change,0.7676752805709839,0.69084233045578,0.40337902307510376,reminders.task.create,0.07683295011520386
could you thank you,2,device.volume.increase,0.6550824046134949,0.5505167618393898,0.514397919178009,device.memory.change,0.10456564277410507
thank you now,0,device.memory.change,0.23137086629867554,0.00862051546573639,0.8119093775749207,device.volume.increase,0.22275035083293915
can you tell me thank you for me,0,device.memory.change,0.5180786848068237,0.2966182827949524,0.6239914894104004,find.phone.locate,0.22146040201187134
good morning now,2,device.volume.increase,0.34981203079223633,0.20352885127067566,0.7912837266921997,device.volume.unmute,0.14628317952156067
I want to know good morning for me,8,reminders.task.create,0.5519178509712219,0.2497929036617279,0.5150938630104065,device.memory.change,0.302124947309494
can you good morning now,2,device.volume.increase,0.3377452492713928,0.1466110497713089,0.7570627927780151,help.reminder.show,0.19113419950008392
tell me good morning today,8,reminders.task.create,0.699664294719696,0.5969571173191071,0.49222829937934875,device.memory.change,0.10270717740058899
I want to know good morning now,2,device.volume.increase,0.49042069911956787,0.1405847668647766,0.5459778904914856,device.memory.change,0.34983593225479126
tell me good morning now,6,help.reminder.show,0.9106338620185852,0.8924246896058321,0.20221160352230072,device.memory.change,0.018209172412753105
can you good morning today,8,reminders.task.create,0.8162623047828674,0.7553397938609123,0.34136703610420227,device.memory.change,0.06092251092195511
good night now,1,device.volume.decrease,0.6395807266235352,0.4537997245788574,0.5022128224372864,device.volume.increase,0.18578100204467773
can you tell me good night now,2,device.volume.increase,0.3479698896408081,0.11695361137390137,0.7341567277908325,find.phone.locate,0.23101627826690674
can you good night right now,2,device.volume.increase,0.5339881181716919,0.3019452542066574,0.6011742353439331,device.volume.decrease,0.23204286396503448
please good night now,2,device.volume.increase,0.31752556562423706,0.09665238857269287,0.7784138917922974,find.phone.locate,0.2208731770515442
can you tell me good night right now,2,device.volume.increase,0.3362210690975189,0.04242464900016785,0.7244036197662354,help.reminder.show,0.2937964200973511
tell me good night right now,2,device.volume.increase,0.27969789505004883,0.06700015068054199,0.784891664981842,device.volume.decrease,0.21269774436950684
I want to know good night today,0,device.memory.change,0.7735683917999268,0.6967934742569923,0.3960152864456177,device.volume.increase,0.07677491754293442
I need to know hello now,0,device.memory.change,0.4694879651069641,0.10761028528213501,0.5639519691467285,device.volume.increase,0.3618776798248291
tell me hello,0,device.memory.change,0.46413958072662354,0.29059550166130066,0.6868225932121277,help.reminder.show,0.17354407906532288
I want to know hello right now,0,device.memory.change,0.6512269973754883,0.43131454288959503,0.46900880336761475,device.volume.increase,0.21991245448589325
tell me hello for me,0,device.memory.change,0.8641776442527771,0.8072840049862862,0.2624925971031189,help.reminder.show,0.056893639266490936
I want to know hello now,0,device.memory.change,0.7676032185554504,0.6364223808050156,0.37565934658050537,device.volume.increase,0.13118083775043488
I need to know hello please,2,device.volume.increase,0.473225861787796,0.0887986421585083,0.5310266613960266,device.memory.change,0.3844272196292877
I want to know hello,0,device.memory.change,0.8893221020698547,0.8394482843577862,0.22655466198921204,device.volume.increase,0.04987381771206856
could you hello now,2,device.volume.increase,0.3945833444595337,0.09585535526275635,0.6697109341621399,device.memory.change,0.29872798919677734
I need to know what are you doing for me,2,device.volume.increase,0.5481299757957458,0.31957201659679413,0.5714772939682007,reminders.task.create,0.22855795919895172
I want to know what are you doing right now,2,device.volume.increase,0.8841405510902405,0.8534887228161097,0.24794518947601318,help.reminder.show,0.03065182827413082
could you what are you doing right now,2,device.volume.increase,0.9624975323677063,0.9494221778586507,0.09810321033000946,reminders.task.complete,0.013075354509055614
tell me what are you doing for me,2,device.volume.increase,0.5553827285766602,0.42015717923641205,0.6256217360496521,help.reminder.show,0.1352255493402481
can you tell me what are you doing please,2,device.volume.increase,0.8183726072311401,0.7590587884187698,0.33634892106056213,find.phone.locate,0.0593138188123703
could you what are you doing now,2,device.volume.increase,0.9641963839530945,0.9522602362558246,0.09431735426187515,reminders.task.complete,0.011936147697269917
I want to know what are you doing for me,2,device.volume.increase,0.5803327560424805,0.405226394534111,0.5641345381736755,device.memory.change,0.17510636150836945
can you what are you doing now,2,device.volume.increase,0.9404138326644897,0.9242028221487999,0.1436132937669754,reminders.task.complete,0.01621101051568985
tell me tell me a joke right now,6,help.reminder.show,0.7401340007781982,0.5942925214767456,0.3969652056694031,device.memory.change,0.14584147930145264
please tell me a joke now,0,device.memory.change,0.783136248588562,0.6825390383601189,0.3735031187534332,device.volume.increase,0.10059721022844315
could you tell me a joke please,0,device.memory.change,0.7786160111427307,0.6434852927923203,0.3509102165699005,device.volume.increase,0.13513071835041046
tell me tell me a joke now,0,device.memory.change,0.5399988889694214,0.22926676273345947,0.5123967528343201,help.reminder.show,0.3107321262359619
could you tell me a joke now,0,device.memory.change,0.7807102799415588,0.6337952315807343,0.33868205547332764,device.volume.increase,0.14691504836082458
please tell me a joke today,8,reminders.task.create,0.43452465534210205,0.016731947660446167,0.5463919043540955,device.memory.change,0.4177927076816559
tell me a joke please,0,device.memory.change,0.9118645787239075,0.8850738555192947,0.1942673772573471,device.volume.increase,0.026790723204612732
could you tell me a joke for me,0,device.memory.change,0.8842657208442688,0.8495446555316448,0.23919303715229034,reminders.task.create,0.03472106531262398
could you I am bored now,0,device.memory.change,0.4386281371116638,0.2538321316242218,0.6997075080871582,device.volume.unmute,0.18479600548744202
tell me I am bored,0,device.memory.change,0.5735480189323425,0.32832154631614685,0.5510790348052979,find.phone.locate,0.24522647261619568
please I am bored please,0,device.memory.change,0.47973084449768066,0.3663962185382843,0.715117335319519,find.phone.locate,0.11333462595939636
I want to know I am bored now,0,device.memory.change,0.7034627199172974,0.5934894979000092,0.4770297408103943,device.volume.increase,0.10997322201728821
please I am bored today,0,device.memory.change,0.4467364549636841,0.2462373673915863,0.7159842252731323,reminders.task.create,0.20049908757209778
tell me I am bored please,0,device.memory.change,0.7571288347244263,0.6660752221941948,0.4207099378108978,find.phone.locate,0.09105361253023148
that is great,2,device.volume.increase,0.27468499541282654,0.013913184404373169,0.7069875597953796,find.phone.locate,0.26077181100845337
can you tell me that is great for me,6,help.reminder.show,0.36345991492271423,0.19511191546916962,0.7787679433822632,device.memory.change,0.16834799945354462
that is great today,5,find.phone.locate,0.36569929122924805,0.17879432439804077,0.7647075057029724,device.volume.decrease,0.18690496683120728
can you tell me that is great now,2,device.volume.increase,0.3682880997657776,0.16255101561546326,0.7333143949508667,find.phone.locate,0.20573708415031433
I need to know that is great now,2,device.volume.increase,0.5514492988586426,0.4223942309617996,0.6412343978881836,device.memory.change,0.12905506789684296
please that is great today,2,device.volume.increase,0.445007860660553,0.3425212949514389,0.753164529800415,reminders.task.create,0.10248656570911407
could you that is great now,2,device.volume.increase,0.7962580323219299,0.6997559517621994,0.35454151034355164,device.volume.unmute,0.09650208055973053
can you tell me that is great please,2,device.volume.increase,0.5281933546066284,0.3996274322271347,0.6498013734817505,find.phone.locate,0.1285659223794937
I want to know that is great right now,2,device.volume.increase,0.418097585439682,0.10755684971809387,0.6589348912239075,device.volume.unmute,0.31054073572158813
nice to meet you,2,device.volume.increase,0.6486778855323792,0.5046886950731277,0.5150313377380371,device.memory.change,0.1439891904592514
I want to know nice to meet you right now,2,device.volume.increase,0.47468894720077515,0.1452951729297638,0.5953900218009949,device.memory.change,0.32939377427101135
could you nice to meet you,2,device.volume.increase,0.7805670499801636,0.6876864582300186,0.37306010723114014,device.memory.change,0.09288059175014496
nice to meet you today,0,device.memory.change,0.7155794501304626,0.6507265418767929,0.4782565236091614,device.volume.increase,0.06485290825366974
can you tell me nice to meet you now,2,device.volume.increase,0.40258726477622986,0.11683389544487,0.6743257641792297,device.memory.change,0.28575336933135986
I want to know nice to meet you please,0,device.memory.change,0.4510559141635895,0.06884562969207764,0.5558323860168457,device.volume.increase,0.38221028447151184
could you nice to meet you today,2,device.volume.increase,0.43326929211616516,0.16720780730247498,0.667239785194397,device.memory.change,0.2660614848136902
can you tell me nice to meet you today,8,reminders.task.create,0.5226412415504456,0.3239835053682327,0.6480673551559448,device.memory.change,0.19865773618221283
tell me nice to meet you for me,0,device.memory.change,0.5003044605255127,0.23869717121124268,0.6186618208885193,device.volume.increase,0.26160728931427
can you help me right now,4,device.volume.unmute,0.3099364638328552,0.14228932559490204,0.8223996162414551,help.reminder.show,0.16764713823795319
tell me can you help me for me,6,help.reminder.show,0.581623375415802,0.4766741245985031,0.6068857908248901,device.memory.change,0.10494925081729889
I want to know can you help me for me,0,device.memory.change,0.5239811539649963,0.22816750407218933,0.5513906478881836,reminders.task.create,0.295813649892807
please can you help me,2,device.volume.increase,0.43256157636642456,0.17820119857788086,0.6819691061973572,find.phone.locate,0.2543603777885437
can you tell me can you help me please,2,device.volume.increase,0.2588323950767517,0.02680434286594391,0.7929105758666992,help.reminder.show,0.2320280522108078
please can you help me for me,2,device.volume.increase,0.590575635433197,0.4254727065563202,0.5675399899482727,reminders.task.create,0.16510292887687683
could you can you help me now,2,device.volume.increase,0.6012508273124695,0.5160092860460281,0.6179438829421997,find.phone.locate,0.08524154126644135
what do you think,1,device.volume.decrease,0.977601170539856,0.9727096138522029,0.0648874044418335,device.volume.increase,0.004891556687653065
can you tell me what do you think please,1,device.volume.decrease,0.377155065536499,0.17716678977012634,0.7501987814903259,help.reminder.show,0.19998827576637268
please what do you think for me,2,device.volume.increase,0.9164991974830627,0.8853442464023829,0.18208397924900055,reminders.task.create,0.031154951080679893
I need to know what do you think,0,device.memory.change,0.4019272029399872,0.24174901843070984,0.7473271489143372,device.volume.increase,0.16017818450927734
I need to know what do you think please,2,device.volume.increase,0.3104000985622406,0.11075367033481598,0.8182857632637024,device.memory.change,0.19964642822742462
can you tell me what do you think now,6,help.reminder.show,0.37015485763549805,0.0757405161857605,0.7037590742111206,device.volume.decrease,0.29441434144973755
could you what do you think now,1,device.volume.decrease,0.9322352409362793,0.9056072141975164,0.15674631297588348,device.volume.increase,0.026628026738762856
I want to know what do you think,0,device.memory.change,0.39049971103668213,0.08328220248222351,0.6942862868309021,device.volume.decrease,0.3072175085544586
buy a new phone,1,device.volume.decrease,0.5945191383361816,0.4374193698167801,0.5401737093925476,streaming.session.start,0.15709976851940155
I need to know buy a new phone please,5,find.phone.locate,0.33852419257164,0.06545677781105042,0.7397884130477905,device.volume.decrease,0.2730674147605896
could you buy a new phone right now,1,device.volume.decrease,0.804918646812439,0.7417147755622864,0.3569486737251282,streaming.session.start,0.06320387125015259
please buy a new phone,1,device.volume.decrease,0.500755250453949,0.24987173080444336,0.6177884936332703,streaming.session.start,0.2508835196495056
I want to know buy a new phone for me,8,reminders.task.create,0.40469205379486084,0.12843608856201172,0.6941694617271423,find.phone.locate,0.2762559652328491
tell me buy a new phone for me,9,streaming.session.start,0.5781232118606567,0.4647686332464218,0.6138306260108948,reminders.task.create,0.11335457861423492
could you buy a new phone now,1,device.volume.decrease,0.5691075921058655,0.39265596866607666,0.5812833309173584,streaming.session.start,0.17645162343978882
please buy a new phone right now,1,device.volume.decrease,0.8375838398933411,0.7941826730966568,0.31733033061027527,streaming.session.start,0.043401166796684265
can you buy a new phone for me,9,streaming.session.start,0.3471445143222809,0.09065359830856323,0.7160261869430542,reminders.task.create,0.25649091601371765
find cheap headphones,5,find.phone.locate,0.9211066961288452,0.9015155546367168,0.1817801147699356,device.memory.change,0.019591141492128372
please find cheap headphones,5,find.phone.locate,0.8341508507728577,0.7628608420491219,0.3023967444896698,device.memory.change,0.07129000872373581
could you find cheap headphones for me,5,find.phone.locate,0.878125011920929,0.8209827765822411,0.24412377178668976,device.memory.change,0.0571422353386879
can you find cheap headphones for me,5,find.phone.locate,0.9105628728866577,0.8712427988648415,0.19546449184417725,device.memory.change,0.039320074021816254
please find cheap headphones now,5,find.phone.locate,0.7951547503471375,0.7053421437740326,0.3663620054721832,device.memory.change,0.08981260657310486
I want to know find cheap headphones for me,0,device.memory.change,0.6578529477119446,0.4385760575532913,0.459166944026947,find.phone.locate,0.21927689015865326
I need to know find cheap headphones for me,0,device.memory.change,0.46980080008506775,0.12045258283615112,0.5615187287330627,find.phone.locate,0.3493482172489166
I want to know find cheap headphones right now,5,find.phone.locate,0.3692094385623932,0.09612035751342773,0.7149347066879272,device.memory.change,0.27308908104896545
where can I buy shoes,5,find.phone.locate,0.4646205008029938,0.29078876972198486,0.6761094927787781,streaming.session.start,0.1738317310810089
could you where can I buy shoes please,5,find.phone.locate,0.6255802512168884,0.47187580168247223,0.5288007259368896,device.volume.decrease,0.1537044495344162
where can I buy shoes now,5,find.phone.locate,0.46988022327423096,0.296353355050087,0.6742161512374878,streaming.session.start,0.17352686822414398
tell me where can I buy shoes now,5,find.phone.locate,0.43542909622192383,0.17637920379638672,0.6609898209571838,help.reminder.show,0.2590498924255371
can you where can I buy shoes for me,5,find.phone.locate,0.44204413890838623,0.24998396635055542,0.7016606330871582,reminders.task.create,0.1920601725578308
I want to know where can I buy shoes for me,8,reminders.task.create,0.5079629421234131,0.3442739397287369,0.6462554335594177,find.phone.locate,0.1636890023946762
can you where can I buy shoes today,5,find.phone.locate,0.8081100583076477,0.7627415247261524,0.36420467495918274,reminders.task.create,0.045368533581495285
I want to know where can I buy shoes now,0,device.memory.change,0.4191611707210541,0.08887505531311035,0.6576249003410339,find.phone.locate,0.3302861154079437
can you tell me where can I buy shoes now,5,find.phone.locate,0.4418824017047882,0.24983182549476624,0.7004762887954712,help.reminder.show,0.19205057621002197
order a laptop,0,device.memory.change,0.9150360822677612,0.889502989128232,0.18713004887104034,device.volume.increase,0.025533093139529228
please order a laptop now,0,device.memory.change,0.7823028564453125,0.7172161340713501,0.3998570442199707,device.volume.increase,0.0650867223739624
I want to know order a laptop for me,0,device.memory.change,0.8709160685539246,0.8165406249463558,0.2479458898305893,reminders.task.create,0.05437544360756874
can you order a laptop please,0,device.memory.change,0.7137237787246704,0.5509563237428665,0.43040767312049866,device.volume.increase,0.1627674549818039
could you order a laptop now,0,device.memory.change,0.5814201831817627,0.30940571427345276,0.5188533663749695,device.volume.increase,0.27201446890830994
can you tell me order a laptop right now,0,device.memory.change,0.41252821683883667,0.18857550621032715,0.6704203486442566,device.volume.increase,0.22395271062850952
order a laptop right now,0,device.memory.change,0.8557071089744568,0.8213930986821651,0.2929286062717438,device.volume.unmute,0.03431401029229164
could you order a laptop please,0,device.memory.change,0.7198392748832703,0.5584982484579086,0.4182792007923126,device.volume.increase,0.16134102642536163
show me the best headphones,8,reminders.task.create,0.6801691055297852,0.5825231075286865,0.5375097393989563,device.volume.mute,0.09764599800109863
could you show me the best headphones right now,3,device.volume.mute,0.5822339057922363,0.3017459213733673,0.5063837766647339,reminders.task.create,0.280487984418869
I need to know show me the best headphones today,8,reminders.task.create,0.9427962899208069,0.9319029655307531,0.14417019486427307,device.volume.mute,0.010893324390053749
can you show me the best headphones right now,3,device.volume.mute,0.6623968482017517,0.4962901473045349,0.5048796534538269,reminders.task.create,0.1661067008972168
please show me the best headphones now,3,device.volume.mute,0.5680767297744751,0.3453517258167267,0.5811464190483093,reminders.task.create,0.2227250039577484
can you tell me show me the best headphones please,8,reminders.task.create,0.8232113718986511,0.7878421433269978,0.3543746769428253,find.phone.locate,0.035369228571653366
can you show me the best headphones please,3,device.volume.mute,0.3831078112125397,0.048045814037323,0.6816355586051941,reminders.task.create,0.3350619971752167
could you show me the best headphones today,8,reminders.task.create,0.8894833326339722,0.8542403280735016,0.237928569316864,device.volume.mute,0.03524300456047058
find a gift for my friend,5,find.phone.locate,0.777218222618103,0.6172711104154587,0.3294275104999542,device.memory.change,0.15994711220264435
can you tell me find a gift for my friend now,5,find.phone.locate,0.4040232300758362,0.019088029861450195,0.5763499140739441,device.memory.change,0.384935200214386
please find a gift for my friend please,0,device.memory.change,0.4743201434612274,0.24926987290382385,0.6439963579177856,find.phone.locate,0.22505027055740356
please find a gift for my friend for me,8,reminders.task.create,0.7178889513015747,0.545547291636467,0.40793949365615845,device.memory.change,0.17234165966510773
can you tell me find a gift for my friend right now,5,find.phone.locate,0.3286592364311218,0.021893709897994995,0.6652449369430542,reminders.task.create,0.30676552653312683
I need to know find a gift for my friend right now,8,reminders.task.create,0.5455366373062134,0.31540414690971375,0.5803502798080444,device.memory.change,0.23013249039649963
find a gift for my friend now,5,find.phone.locate,0.734075665473938,0.5354726016521454,0.3614053726196289,device.memory.change,0.1986030638217926
compare these phones,2,device.volume.increase,0.2976906895637512,0.09629902243614197,0.7769265174865723,device.memory.change,0.20139166712760925
please compare these phones please,0,device.memory.change,0.3501708507537842,0.08876544237136841,0.6995710134506226,device.volume.increase,0.26140540838241577
I want to know compare these phones today,0,device.memory.change,0.5410726070404053,0.26970213651657104,0.5620530247688293,device.volume.increase,0.27137047052383423
tell me compare these phones right now,6,help.reminder.show,0.363818496465683,0.1997065395116806,0.7727031111717224,device.memory.change,0.16411195695400238
please compare these phones today,0,device.memory.change,0.4149666130542755,0.22829362750053406,0.7047132849693298,device.volume.increase,0.18667298555374146
could you compare these phones please,2,device.volume.increase,0.43092647194862366,0.17614656686782837,0.6667953729629517,device.memory.change,0.2547799050807953
tell me compare these phones,0,device.memory.change,0.4013487696647644,0.22778216004371643,0.7435975670814514,device.volume.increase,0.17356660962104797
where can I buy a charger,5,find.phone.locate,0.4856182336807251,0.26115645468235016,0.6534944772720337,device.memory.change,0.22446177899837494
I want to know where can I buy a charger,0,device.memory.change,0.7238396406173706,0.6202706694602966,0.4685576558113098,find.phone.locate,0.10356897115707397
please where can I buy a charger please,5,find.phone.locate,0.5551600456237793,0.3855616897344589,0.6343410015106201,device.memory.change,0.16959835588932037
I want to know where can I buy a charger please,0,device.memory.change,0.6348900198936462,0.5268708691000938,0.5753987431526184,find.phone.locate,0.1080191507935524
could you where can I buy a charger please,5,find.phone.locate,0.8103656768798828,0.76211828738451,0.36218634247779846,device.memory.change,0.04824738949537277
tell me where can I buy a charger for me,5,find.phone.locate,0.3152073323726654,0.019214510917663574,0.6934798955917358,device.memory.change,0.29599282145500183
please where can I buy a charger today,5,find.phone.locate,0.7606140971183777,0.7000693380832672,0.4280821979045868,device.volume.decrease,0.060544759035110474
I want to know where can I buy a charger for me,8,reminders.task.create,0.4557270109653473,0.07776713371276855,0.5541943907737732,device.memory.change,0.37795987725257874
can you tell me where can I buy a charger please,5,find.phone.locate,0.37819573283195496,0.1628408282995224,0.7586899995803833,device.memory.change,0.21535490453243256
I have a headache,5,find.phone.locate,0.44300588965415955,0.14792358875274658,0.650977373123169,device.memory.change,0.29508230090141296
I have a headache for me,0,device.memory.change,0.5318858623504639,0.282747745513916,0.576602041721344,find.phone.locate,0.24913811683654785
please I have a headache right now,5,find.phone.locate,0.2706482410430908,0.05002281069755554,0.8282048106193542,device.volume.increase,0.22062543034553528
tell me I have a headache for me,0,device.memory.change,0.45890048146247864,0.24457621574401855,0.6302540898323059,help.reminder.show,0.21432426571846008
I want to know I have a headache for me,0,device.memory.change,0.47858548164367676,0.0778832733631134,0.5014588236808777,reminders.task.create,0.40070220828056335
I have a headache please,0,device.memory.change,0.5458489656448364,0.4157427251338959,0.6507238149642944,find.phone.locate,0.13010624051094055
I need to know I have a headache,0,device.memory.change,0.573854386806488,0.4552658051252365,0.6069577932357788,find.phone.locate,0.11858858168125153
can you tell me I have a headache right now,6,help.reminder.show,0.5815213918685913,0.4322337359189987,0.5948598980903625,find.phone.locate,0.1492876559495926
I want to know I have a headache please,0,device.memory.change,0.64649498462677,0.5097364783287048,0.5391676425933838,device.volume.increase,0.13675850629806519
what should I eat when sick,5,find.phone.locate,0.7623345851898193,0.6862484589219093,0.4244757294654846,device.volume.increase,0.07608612626791
I want to know what should I eat when sick please,5,find.phone.locate,0.42914438247680664,0.2092166692018509,0.6854254007339478,device.memory.change,0.21992771327495575
I need to know what should I eat when sick today,8,reminders.task.create,0.5334930419921875,0.220300555229187,0.5293965339660645,find.phone.locate,0.3131924867630005
can you what should I eat when sick for me,8,reminders.task.create,0.47995761036872864,0.12435013055801392,0.5482922792434692,find.phone.locate,0.3556074798107147
can you tell me what should I eat when sick today,5,find.phone.locate,0.5201686024665833,0.18020498752593994,0.5101996660232544,reminders.task.create,0.3399636149406433
could you what should I eat when sick for me,8,reminders.task.create,0.6945059895515442,0.5116745382547379,0.43817415833473206,find.phone.locate,0.18283145129680634
tell me what should I eat when sick for me,5,find.phone.locate,0.29899492859840393,0.0045638978481292725,0.6575487852096558,help.reminder.show,0.29443103075027466
can you what should I eat when sick,5,find.phone.locate,0.7171328663825989,0.5776438266038895,0.45167234539985657,device.volume.increase,0.1394890397787094
can you what should I eat when sick please,5,find.phone.locate,0.46327999234199524,0.1437911093235016,0.6121659874916077,device.volume.increase,0.31948888301849365
how can I sleep better,6,help.reminder.show,0.5920223593711853,0.41152819991111755,0.5522125959396362,reminders.task.complete,0.18049415946006775
can you tell me how can I sleep better please,6,help.reminder.show,0.818616509437561,0.7470065504312515,0.331278532743454,reminders.task.complete,0.07160995900630951
I need to know how can I sleep better now,6,help.reminder.show,0.8038832545280457,0.7383058741688728,0.360440194606781,reminders.task.complete,0.06557738035917282
tell me how can I sleep better right now,6,help.reminder.show,0.9413715600967407,0.923466281965375,0.1422605961561203,device.volume.mute,0.017905278131365776
can you tell me how can I sleep better now,6,help.reminder.show,0.8918601274490356,0.8632813300937414,0.22970348596572876,reminders.task.complete,0.028578797355294228
I need to know how can I sleep better today,6,help.reminder.show,0.5964887142181396,0.4387406259775162,0.5772078633308411,find.phone.locate,0.15774808824062347
please how can I sleep better for me,6,help.reminder.show,0.6088154911994934,0.44914598762989044,0.562751293182373,find.phone.locate,0.15966950356960297
could you how can I sleep better,7,reminders.task.complete,0.6237586140632629,0.4785880297422409,0.5466870069503784,help.reminder.show,0.14517058432102203
can you how can I sleep better right now,6,help.reminder.show,0.5240052938461304,0.34251120686531067,0.6338089108467102,device.volume.mute,0.1814940869808197
what is a healthy diet,2,device.volume.increase,0.835287868976593,0.7913650348782539,0.32025834918022156,device.memory.change,0.04392283409833908
could you what is a healthy diet for me,2,device.volume.increase,0.6549190282821655,0.5093292444944382,0.48147377371788025,reminders.task.create,0.14558978378772736
can you tell me what is a healthy diet please,2,device.volume.increase,0.7904126644134521,0.7057962492108345,0.3690563142299652,help.reminder.show,0.08461641520261765
I need to know what is a healthy diet right now,2,device.volume.increase,0.7140859961509705,0.6055823862552643,0.46116986870765686,help.reminder.show,0.10850360989570618
can you what is a healthy diet right now,2,device.volume.increase,0.8826461434364319,0.8388561084866524,0.2376474291086197,help.reminder.show,0.04379003494977951
what is a healthy diet right now,2,device.volume.increase,0.7561384439468384,0.6350631415843964,0.3980255424976349,help.reminder.show,0.12107530236244202
tell me what is a healthy diet,6,help.reminder.show,0.4635603725910187,0.11080324649810791,0.5524659752845764,device.volume.increase,0.35275712609291077
tell me what is a healthy diet now,6,help.reminder.show,0.5613959431648254,0.29683196544647217,0.5343017578125,device.volume.increase,0.26456397771835327
please what is a healthy diet,2,device.volume.increase,0.9824737906455994,0.9793768168892711,0.05304013937711716,help.reminder.show,0.003096973756328225
why am I tired,5,find.phone.locate,0.5439146757125854,0.4318080171942711,0.6378558278083801,device.memory.change,0.11210665851831436
can you tell me why am I tired please,5,find.phone.locate,0.39858436584472656,0.1358235478401184,0.7084088325500488,device.memory.change,0.26276081800460815
I want to know why am I tired for me,0,device.memory.change,0.7019352316856384,0.6022096127271652,0.4739833474159241,reminders.task.create,0.0997256189584732
please why am I tired right now,2,device.volume.increase,0.4093911051750183,0.21829362213611603,0.7507193088531494,device.volume.unmute,0.19109748303890228
why am I tired please,0,device.memory.change,0.44402775168418884,0.30263833701610565,0.7157956957817078,find.phone.locate,0.1413894146680832
tell me why am I tired today,0,device.memory.change,0.5956619381904602,0.3575388938188553,0.5343605279922485,find.phone.locate,0.23812304437160492
I want to know why am I tired now,0,device.memory.change,0.549921989440918,0.35612091422080994,0.6082699298858643,device.volume.increase,0.19380107522010803
please why am I tired now,5,find.phone.locate,0.25477465987205505,0.04293067753314972,0.7896457314491272,device.memory.change,0.21184398233890533
tell me why am I tired,0,device.memory.change,0.5029102563858032,0.2762235850095749,0.6395946145057678,find.phone.locate,0.22668667137622833
how much water should I drink,6,help.reminder.show,0.33482176065444946,0.10978671908378601,0.7617303729057312,device.volume.decrease,0.22503504157066345
could you how much water should I drink for me,8,reminders.task.create,0.3772185444831848,0.18309885263442993,0.7494828701019287,device.volume.unmute,0.19411969184875488
tell me how much water should I drink please,2,device.volume.increase,0.4023270308971405,0.12667399644851685,0.6711467504501343,help.reminder.show,0.27565303444862366
how much water should I drink for me,6,help.reminder.show,0.5753458738327026,0.4278002232313156,0.6208756566047668,find.phone.locate,0.14754565060138702
I need to know how much water should I drink now,6,help.reminder.show,0.35737407207489014,0.12983942031860352,0.7049261331558228,find.phone.locate,0.22753465175628662
I need to know how much water should I drink please,4,device.volume.unmute,0.2666410207748413,0.041771262884140015,0.7714600563049316,device.volume.increase,0.2248697578907013
please how much water should I drink right now,4,device.volume.unmute,0.5930451154708862,0.3092780113220215,0.48012617230415344,device.volume.increase,0.28376710414886475
I want to know how much water should I drink now,6,help.reminder.show,0.410110205411911,0.20164331793785095,0.6853022575378418,find.phone.locate,0.20846688747406006
I need to know how much water should I drink today,5,find.phone.locate,0.34623807668685913,0.12664803862571716,0.7645379304885864,reminders.task.create,0.21959003806114197
write an email to my manager,5,find.phone.locate,0.46026965975761414,0.1715044379234314,0.638016939163208,device.memory.change,0.28876522183418274
could you write an email to my manager right now,8,reminders.task.create,0.371267706155777,0.18815293908119202,0.7798289060592651,device.volume.increase,0.18311476707458496
I want to know write an email to my manager please,0,device.memory.change,0.7319069504737854,0.6628800183534622,0.461027055978775,find.phone.locate,0.06902693212032318
write an email to my manager for me,5,find.phone.locate,0.5209633708000183,0.2485629916191101,0.5963711142539978,device.memory.change,0.2724003791809082
could you write an email to my manager for me,8,reminders.task.create,0.8436257839202881,0.7964364178478718,0.3093143105506897,device.memory.change,0.047189366072416306
can you write an email to my manager please,5,find.phone.locate,0.4096803367137909,0.21948373317718506,0.7407299876213074,device.memory.change,0.19019660353660583
can you tell me write an email to my manager now,0,device.memory.change,0.3844801187515259,0.0434609055519104,0.6603246927261353,find.phone.locate,0.3410192131996155
tell me write an email to my manager right now,6,help.reminder.show,0.5897474884986877,0.45617474615573883,0.5989596843719482,find.phone.locate,0.1335727423429489
can you write an email to my manager for me,8,reminders.task.create,0.6947810053825378,0.5737428069114685,0.4751833975315094,device.memory.change,0.12103819847106934
help me with my homework,7,reminders.task.complete,0.4479723274707794,0.28505103290081024,0.7110143899917603,device.memory.change,0.16292129456996918
I want to know help me with my homework now,0,device.memory.change,0.29724371433258057,0.11677752435207367,0.8427380919456482,reminders.task.complete,0.1804661899805069
help me with my homework today,7,reminders.task.complete,0.22749289870262146,0.029567062854766846,0.8775408864021301,device.volume.decrease,0.19792583584785461
help me with my homework now,7,reminders.task.complete,0.42424896359443665,0.28262560069561005,0.7584366798400879,device.memory.change,0.1416233628988266
I need to know help me with my homework right now,6,help.reminder.show,0.3241218626499176,0.13843894004821777,0.8530052304267883,reminders.task.complete,0.18568292260169983
can you help me with my homework for me,0,device.memory.change,0.3137396275997162,0.12340937554836273,0.8442360758781433,help.reminder.show,0.19033025205135345
I need to know help me with my homework please,7,reminders.task.complete,0.28708600997924805,0.11904214322566986,0.8691128492355347,device.memory.change,0.16804386675357819
can you tell me help me with my homework for me,6,help.reminder.show,0.5683637857437134,0.46061407774686813,0.6451772451400757,find.phone.locate,0.10774970799684525
summarize this document,5,find.phone.locate,0.2870370149612427,0.003406733274459839,0.7690208554267883,device.memory.change,0.28363028168678284
could you summarize this document right now,2,device.volume.increase,0.1961730271577835,0.007066100835800171,0.8830246329307556,reminders.task.complete,0.18910692632198334
I want to know summarize this document today,0,device.memory.change,0.7607023119926453,0.6980927139520645,0.4199303090572357,reminders.task.create,0.06260959804058075
can you summarize this document now,0,device.memory.change,0.29791292548179626,0.08848845958709717,0.8084673285484314,find.phone.locate,0.2094244658946991
can you tell me summarize this document for me,0,device.memory.change,0.4705228805541992,0.12164223194122314,0.5713335871696472,reminders.task.create,0.3488806486129761
tell me summarize this document today,0,device.memory.change,0.6522505283355713,0.5246272385120392,0.5170466899871826,reminders.task.create,0.1276232898235321
please summarize this document,0,device.memory.change,0.3716173470020294,0.13695895671844482,0.7474750876426697,streaming.session.stop,0.2346583902835846
tell me summarize this document for me,0,device.memory.change,0.7455070614814758,0.6655880883336067,0.43177151679992676,reminders.task.create,0.07991897314786911
create a presentation,8,reminders.task.create,0.711260974407196,0.5998634248971939,0.45160365104675293,device.volume.increase,0.11139754951000214
please create a presentation right now,2,device.volume.increase,0.9353769421577454,0.9106701426208019,0.15048269927501678,reminders.task.create,0.024706799536943436
could you create a presentation for me,8,reminders.task.create,0.934918224811554,0.8934431299567223,0.13812100887298584,device.volume.increase,0.041475094854831696
could you create a presentation right now,2,device.volume.increase,0.7290938496589661,0.5044968575239182,0.33459171652793884,reminders.task.create,0.2245969921350479
please create a presentation today,8,reminders.task.create,0.9481455683708191,0.9279318284243345,0.12633000314235687,device.volume.increase,0.020213739946484566
please create a presentation,2,device.volume.increase,0.5694436430931091,0.22439604997634888,0.4455340802669525,reminders.task.create,0.34504759311676025
create a presentation today,8,reminders.task.create,0.9638078808784485,0.9533626288175583,0.0963219627737999,device.memory.change,0.010445252060890198
I need to know create a presentation for me,8,reminders.task.create,0.899491548538208,0.859557244926691,0.206207737326622,device.memory.change,0.03993430361151695
write a report,0,device.memory.change,0.8258141875267029,0.731909990310669,0.31125006079673767,find.phone.locate,0.09390419721603394
could you write a report please,0,device.memory.change,0.6632137894630432,0.4719179719686508,0.4778567850589752,device.volume.increase,0.1912958174943924
tell me write a report right now,0,device.memory.change,0.6969002485275269,0.5456587970256805,0.45523297786712646,help.reminder.show,0.1512414515018463
please write a report right now,0,device.memory.change,0.6641790866851807,0.4720292240381241,0.46665090322494507,device.volume.increase,0.19214986264705658
can you tell me write a report right now,0,device.memory.change,0.7829713821411133,0.7159418761730194,0.3835592567920685,help.reminder.show,0.06702950596809387
write a report right now,0,device.memory.change,0.7735730409622192,0.7086506858468056,0.4048692584037781,device.volume.unmute,0.06492235511541367
can you write a report right now,0,device.memory.change,0.4871358573436737,0.18450647592544556,0.6029382348060608,device.volume.increase,0.30262938141822815
I want to know write a report,0,device.memory.change,0.946532130241394,0.9299243297427893,0.1317533254623413,device.volume.increase,0.016607800498604774
I need to know write a report today,0,device.memory.change,0.7771913409233093,0.6868775710463524,0.3881416916847229,reminders.task.create,0.09031376987695694
explain this equation,0,device.memory.change,0.5823674201965332,0.39509522914886475,0.5889015793800354,device.volume.increase,0.18727219104766846
explain this equation for me,0,device.memory.change,0.9199548959732056,0.8891348019242287,0.1789579689502716,reminders.task.create,0.030820094048976898
I need to know explain this equation,0,device.memory.change,0.875186562538147,0.82857820764184,0.25858891010284424,device.volume.increase,0.04660835489630699
please explain this equation,0,device.memory.change,0.30725184082984924,0.08546966314315796,0.8250716328620911,reminders.task.complete,0.22178217768669128
tell me explain this equation please,0,device.memory.change,0.5881579518318176,0.4783795401453972,0.6225067973136902,reminders.task.create,0.10977841168642044
I want to know explain this equation now,0,device.memory.change,0.846764087677002,0.7819380015134811,0.2997649908065796,device.volume.increase,0.06482608616352081
please explain this equation right now,4,device.volume.unmute,0.32872334122657776,0.11835993826389313,0.774985671043396,device.volume.mute,0.21036340296268463
I need to know explain this equation for me,0,device.memory.change,0.7366412281990051,0.5691281110048294,0.38524460792541504,reminders.task.create,0.16751311719417572
please explain this equation please,0,device.memory.change,0.313740998506546,0.1335567831993103,0.8291435837745667,reminders.task.complete,0.18018421530723572
help me prepare for an interview,0,device.memory.change,0.5471263527870178,0.3185526579618454,0.5699057579040527,help.reminder.show,0.22857369482517242
I want to know help me prepare for an interview right now,0,device.memory.change,0.8059216737747192,0.7374673560261726,0.3576298654079437,help.reminder.show,0.0684543177485466
help me prepare for an interview today,0,device.memory.change,0.5916850566864014,0.4093593806028366,0.5599093437194824,find.phone.locate,0.18232567608356476
help me prepare for an interview now,0,device.memory.change,0.5226076245307922,0.2834443300962448,0.5828091502189636,help.reminder.show,0.23916329443454742
I want to know help me prepare for an interview,0,device.memory.change,0.8441502451896667,0.8009689673781395,0.3065060079097748,device.volume.increase,0.04318127781152725
tell me help me prepare for an interview today,8,reminders.task.create,0.2629357576370239,0.011232197284698486,0.7229993343353271,device.memory.change,0.25170356035232544
could you help me prepare for an interview,0,device.memory.change,0.5765990614891052,0.412727028131485,0.5736780166625977,find.phone.locate,0.16387203335762024
I need to know help me prepare for an interview for me,8,reminders.task.create,0.662033200263977,0.4110307991504669,0.42048710584640503,device.memory.change,0.25100240111351013
I want to know help me prepare for an interview for me,0,device.memory.change,0.5215852856636047,0.14461970329284668,0.4766412675380707,reminders.task.create,0.37696558237075806
I need to know make the listening experience better today,8,reminders.task.create,0.7521325349807739,0.6782113164663315,0.4390157163143158,device.volume.increase,0.07392121851444244
could you make the listening experience better please,2,device.volume.increase,0.8022353649139404,0.7497601136565208,0.37481269240379333,reminders.task.create,0.052475251257419586
tell me make the listening experience better today,8,reminders.task.create,0.6952145099639893,0.5788022726774216,0.49904289841651917,device.volume.increase,0.11641223728656769
tell me make the listening experience better,2,device.volume.increase,0.7452197074890137,0.6763853207230568,0.44346848130226135,reminders.task.create,0.06883438676595688
can you tell me make the listening experience better right now,3,device.volume.mute,0.45045140385627747,0.22134102880954742,0.6774503588676453,device.volume.increase,0.22911037504673004
please make the listening experience better,2,device.volume.increase,0.7446513772010803,0.6847995929419994,0.4510899782180786,streaming.session.stop,0.05985178425908089
I want to know make the listening experience better,2,device.volume.increase,0.39226239919662476,0.21420343220233917,0.7537722587585449,reminders.task.create,0.17805896699428558
I need to know make this sound better,2,device.volume.increase,0.7102531790733337,0.6070364788174629,0.4715438783168793,device.volume.mute,0.10321670025587082
make this sound better now,2,device.volume.increase,0.8333669900894165,0.7722718864679337,0.31485289335250854,device.volume.mute,0.06109510362148285
please make this sound better for me,8,reminders.task.create,0.716357409954071,0.6035504564642906,0.44000720977783203,device.volume.increase,0.11280695348978043
I want to know make this sound better please,2,device.volume.increase,0.6840618252754211,0.5431336313486099,0.49749571084976196,device.volume.mute,0.14092819392681122
can you tell me make this sound better for me,8,reminders.task.create,0.9012001752853394,0.8720827605575323,0.21856589615345,device.volume.mute,0.029117414727807045
could you make this sound better now,2,device.volume.increase,0.5129489302635193,0.26356104016304016,0.6149190068244934,device.volume.mute,0.24938789010047913
please adjust what I am hearing for me,0,device.memory.change,0.540625274181366,0.329496368765831,0.5779314041137695,device.volume.increase,0.21112890541553497
could you adjust what I am hearing right now,2,device.volume.increase,0.6728379130363464,0.5440396517515182,0.46105334162712097,device.memory.change,0.12879826128482819
I want to know adjust what I am hearing now,0,device.memory.change,0.461389422416687,0.08781889081001282,0.5307136178016663,device.volume.increase,0.3735705316066742
could you adjust what I am hearing now,2,device.volume.increase,0.6295410990715027,0.3809535652399063,0.4506954252719879,device.memory.change,0.24858753383159637
tell me adjust what I am hearing right now,6,help.reminder.show,0.48768702149391174,0.3231614828109741,0.618706464767456,device.volume.increase,0.16452553868293762
I need to know adjust what I am hearing today,0,device.memory.change,0.32130590081214905,0.07209432125091553,0.73893141746521,device.volume.increase,0.24921157956123352
I want to know adjust what I am hearing for me,0,device.memory.change,0.791947066783905,0.7142718285322189,0.35193780064582825,device.volume.increase,0.0776752382516861
I want to know adjust what I am hearing right now,2,device.volume.increase,0.4215238094329834,0.06995299458503723,0.5821210145950317,device.memory.change,0.35157081484794617
improve the audio quality,10,streaming.session.stop,0.6157699227333069,0.38741791248321533,0.5049153566360474,device.volume.unmute,0.22835201025009155
I need to know improve the audio quality right now,2,device.volume.increase,0.4044666290283203,0.24051684141159058,0.7734294533729553,device.memory.change,0.16394978761672974
could you improve the audio quality for me,2,device.volume.increase,0.3074548542499542,0.061673641204833984,0.7334959506988525,streaming.session.stop,0.24578121304512024
improve the audio quality for me,10,streaming.session.stop,0.43787822127342224,0.19496877491474152,0.6575777530670166,device.memory.change,0.24290944635868073
can you improve the audio quality please,2,device.volume.increase,0.419843852519989,0.13813906908035278,0.6761037111282349,streaming.session.stop,0.28170478343963623
tell me improve the audio quality for me,0,device.memory.change,0.3458713889122009,0.10800917446613312,0.7573915719985962,streaming.session.stop,0.2378622144460678
please improve the audio quality for me,10,streaming.session.stop,0.2962871193885803,0.005529135465621948,0.696354866027832,device.memory.change,0.2907579839229584
I need to know improve the audio quality now,2,device.volume.increase,0.3838118612766266,0.0761263370513916,0.686822772026062,device.memory.change,0.307685524225235
could you improve the audio quality right now,2,device.volume.increase,0.7543606162071228,0.6977727077901363,0.4448801577091217,streaming.session.stop,0.056587908416986465
make the sound more comfortable,2,device.volume.increase,0.9889783263206482,0.9844933655112982,0.03399423509836197,device.volume.decrease,0.004484960809350014
I need to know make the sound more comfortable now,2,device.volume.increase,0.9452784657478333,0.9285583775490522,0.13264019787311554,help.reminder.show,0.016720088198781013
I want to know make the sound more comfortable please,2,device.volume.increase,0.9463082551956177,0.9261181149631739,0.12995219230651855,device.volume.mute,0.02019014023244381
I need to know make the sound more comfortable,2,device.volume.increase,0.9577702879905701,0.9474629424512386,0.10875029861927032,help.reminder.show,0.010307345539331436
can you make the sound more comfortable right now,2,device.volume.increase,0.9444345235824585,0.9174537248909473,0.12882907688617706,device.volume.mute,0.026980798691511154
I need to know make the sound more comfortable today,2,device.volume.increase,0.5404175519943237,0.3057165741920471,0.5843900442123413,reminders.task.create,0.2347009778022766
could you make the sound more comfortable today,2,device.volume.increase,0.6127681136131287,0.4322712570428848,0.521926760673523,device.volume.mute,0.18049685657024384
I want to know make the sound more comfortable today,2,device.volume.increase,0.7815588712692261,0.7131514996290207,0.3861837685108185,device.volume.mute,0.06840737164020538
please fix the sound for me,4,device.volume.unmute,0.9256229400634766,0.9030176587402821,0.1730942577123642,device.volume.mute,0.022605281323194504
can you tell me fix the sound for me for me,4,device.volume.unmute,0.623677134513855,0.5177689418196678,0.5976832509040833,help.reminder.show,0.10590819269418716
can you fix the sound for me right now,4,device.volume.unmute,0.8535609245300293,0.7780802622437477,0.27197450399398804,device.volume.mute,0.07548066228628159
I want to know fix the sound for me,4,device.volume.unmute,0.8182933330535889,0.7753893956542015,0.3575051426887512,device.volume.increase,0.04290393739938736
I want to know fix the sound for me today,4,device.volume.unmute,0.4855569899082184,0.3259934335947037,0.717164933681488,reminders.task.create,0.1595635563135147
I want to know fix the sound for me right now,4,device.volume.unmute,0.7958863377571106,0.7351426184177399,0.37012121081352234,device.volume.mute,0.06074371933937073
tell me fix the sound for me,4,device.volume.unmute,0.8524250984191895,0.8159091584384441,0.3013301193714142,device.volume.mute,0.036515939980745316
help me hear this better,2,device.volume.increase,0.7712283730506897,0.6935534551739693,0.39934489130973816,reminders.task.create,0.07767491787672043
can you tell me help me hear this better now,8,reminders.task.create,0.22970744967460632,0.009249284863471985,0.8809553384780884,device.volume.decrease,0.22045816481113434
I need to know help me hear this better now,8,reminders.task.create,0.8130574226379395,0.7523378320038319,0.3562352955341339,device.volume.increase,0.06071959063410759
tell me help me hear this better please,2,device.volume.increase,0.46174025535583496,0.30448590219020844,0.7457224726676941,reminders.task.create,0.15725435316562653
can you help me hear this better for me,8,reminders.task.create,0.7674375176429749,0.6748139411211014,0.4097657799720764,device.volume.increase,0.09262357652187347
can you help me hear this better today,8,reminders.task.create,0.7008610963821411,0.5678530186414719,0.47418007254600525,device.volume.decrease,0.13300807774066925
could you help me hear this better,2,device.volume.increase,0.7118699550628662,0.594744548201561,0.46644553542137146,reminders.task.complete,0.11712540686130524
can you tell me help me hear this better right now,8,reminders.task.create,0.4359651207923889,0.2576882690191269,0.7561367154121399,device.volume.decrease,0.17827685177326202
please help me hear this better please,2,device.volume.increase,0.2586890161037445,0.07859078049659729,0.8508040904998779,reminders.task.create,0.18009823560714722
can you I am having trouble hearing this for me,0,device.memory.change,0.6052237153053284,0.36049751937389374,0.500243067741394,reminders.task.create,0.24472619593143463
I am having trouble hearing this for me,0,device.memory.change,0.7948427200317383,0.7219575718045235,0.37347957491874695,find.phone.locate,0.07288514822721481
please I am having trouble hearing this,0,device.memory.change,0.6732512712478638,0.5935605317354202,0.5325779914855957,device.volume.increase,0.07969073951244354
please I am having trouble hearing this for me,0,device.memory.change,0.607827365398407,0.41231921315193176,0.5485301613807678,reminders.task.create,0.19550815224647522
please I am having trouble hearing this now,0,device.memory.change,0.5354030132293701,0.4093926399946213,0.6582492589950562,device.volume.increase,0.12601037323474884
can you tell me I am having trouble hearing this for me,0,device.memory.change,0.41577258706092834,0.035153210163116455,0.5949006080627441,reminders.task.create,0.3806193768978119
I need to know I am having trouble hearing this now,0,device.memory.change,0.5464085936546326,0.41174060106277466,0.6471834182739258,device.volume.increase,0.1346679925918579
could you change the way this sounds please,0,device.memory.change,0.7085085511207581,0.6332214996218681,0.49591776728630066,device.volume.mute,0.07528705149888992
I want to know change the way this sounds,0,device.memory.change,0.9050572514533997,0.8811599761247635,0.21335792541503906,find.phone.locate,0.02389727532863617
can you tell me change the way this sounds today,5,find.phone.locate,0.29212111234664917,0.05896720290184021,0.7575827836990356,reminders.task.create,0.23315390944480896
can you tell me change the way this sounds right now,6,help.reminder.show,0.4232727885246277,0.26200534403324127,0.7184402346611023,find.phone.locate,0.1612674444913864
can you change the way this sounds please,0,device.memory.change,0.7373684644699097,0.6697548553347588,0.46316203474998474,device.volume.mute,0.06761360913515091
I need to know change the way this sounds right now,0,device.memory.change,0.5684230923652649,0.45820730924606323,0.6332234144210815,find.phone.locate,0.11021578311920166
could you change the way this sounds today,0,device.memory.change,0.2857963442802429,0.035830557346343994,0.7683688402175903,reminders.task.create,0.24996578693389893
please make the audio comfortable,3,device.volume.mute,0.7597275972366333,0.6383624225854874,0.40137428045272827,streaming.session.start,0.12136517465114594
I need to know make the audio comfortable now,3,device.volume.mute,0.6438367962837219,0.519747830927372,0.5429115891456604,device.volume.increase,0.12408896535634995
I want to know make the audio comfortable today,3,device.volume.mute,0.4004853069782257,0.1728406846523285,0.7333883047103882,device.volume.decrease,0.22764462232589722
can you make the audio comfortable,3,device.volume.mute,0.4100111424922943,0.0016433894634246826,0.5704891085624695,streaming.session.start,0.40836775302886963
can you tell me make the audio comfortable today,3,device.volume.mute,0.6264913082122803,0.502053752541542,0.5806429386138916,streaming.session.start,0.12443755567073822
I want to know make the audio comfortable now,3,device.volume.mute,0.5394562482833862,0.3580133616924286,0.6235922574996948,device.memory.change,0.18144288659095764
I need to know make the audio comfortable,3,device.volume.mute,0.5845913887023926,0.43748606741428375,0.5971806645393372,device.memory.change,0.14710532128810883
improve my listening experience,10,streaming.session.stop,0.9004529714584351,0.8626567609608173,0.21176916360855103,device.memory.change,0.03779621049761772
can you tell me improve my listening experience now,5,find.phone.locate,0.40528929233551025,0.20749911665916443,0.7203160524368286,device.memory.change,0.19779017567634583
I need to know improve my listening experience today,0,device.memory.change,0.31132304668426514,0.12855462729930878,0.7733409404754639,find.phone.locate,0.18276841938495636
I need to know improve my listening experience please,0,device.memory.change,0.347710520029068,0.13462139666080475,0.7344292402267456,streaming.session.stop,0.21308912336826324
could you improve my listening experience for me,5,find.phone.locate,0.43267372250556946,0.2268626093864441,0.6715699434280396,streaming.session.stop,0.20581111311912537
can you improve my listening experience right now,5,find.phone.locate,0.2334776371717453,0.07115964591503143,0.8536501526832581,device.volume.increase,0.16231799125671387
please improve my listening experience today,10,streaming.session.stop,0.7419443130493164,0.6197926178574562,0.4241507053375244,device.memory.change,0.1221516951918602
I want to know improve my listening experience right now,0,device.memory.change,0.4087502062320709,0.18615882098674774,0.7402594089508057,device.volume.increase,0.22259138524532318
improve my listening experience please,10,streaming.session.stop,0.8465853929519653,0.7612535953521729,0.2798166871070862,device.memory.change,0.08533179759979248
the sound does not feel right,2,device.volume.increase,0.8883975744247437,0.8575846217572689,0.23438780009746552,device.volume.decrease,0.030812952667474747
please the sound does not feel right now,2,device.volume.increase,0.8648056387901306,0.8019426465034485,0.24979649484157562,device.volume.unmute,0.06286299228668213
please the sound does not feel right,2,device.volume.increase,0.8813838958740234,0.8157342672348022,0.22341349720954895,device.volume.unmute,0.06564962863922119
I need to know the sound does not feel right for me,8,reminders.task.create,0.9631731510162354,0.9552056305110455,0.09942547231912613,device.volume.increase,0.007967520505189896
could you the sound does not feel right please,2,device.volume.increase,0.6051788926124573,0.46430766582489014,0.5442675948143005,device.volume.unmute,0.14087122678756714
the sound does not feel right right now,2,device.volume.increase,0.8368303775787354,0.7837820127606392,0.306880921125412,help.reminder.show,0.05304836481809616
tell me the sound does not feel right for me,8,reminders.task.create,0.5556627511978149,0.32122351229190826,0.5883567333221436,help.reminder.show,0.23443923890590668
can you tell me the sound does not feel right today,8,reminders.task.create,0.3876332938671112,0.23781763017177582,0.7780471444129944,help.reminder.show,0.1498156636953354
can you optimize the sound,2,device.volume.increase,0.6994183659553528,0.5741634964942932,0.4597226083278656,device.volume.unmute,0.12525486946105957
could you can you optimize the sound right now,4,device.volume.unmute,0.7767536044120789,0.6534316018223763,0.346131294965744,device.volume.increase,0.1233220025897026
tell me can you optimize the sound right now,4,device.volume.unmute,0.7174542546272278,0.6205850839614868,0.4428832232952118,help.reminder.show,0.09686917066574097
please can you optimize the sound right now,4,device.volume.unmute,0.5062341690063477,0.24331387877464294,0.5142937302589417,device.volume.mute,0.2629202902317047
could you can you optimize the sound please,4,device.volume.unmute,0.6450122594833374,0.417660117149353,0.45340681076049805,device.volume.increase,0.22735214233398438
can you optimize the sound for me,2,device.volume.increase,0.9041184186935425,0.8713455088436604,0.21068760752677917,find.phone.locate,0.032772909849882126
please can you optimize the sound for me,4,device.volume.unmute,0.5129696726799011,0.3137810230255127,0.622130811214447,device.volume.mute,0.19918864965438843
please can you optimize the sound,4,device.volume.unmute,0.7237997055053711,0.6129042059183121,0.40922287106513977,device.volume.increase,0.11089549958705902
can you can you optimize the sound now,4,device.volume.unmute,0.5996901988983154,0.36333122849464417,0.512624979019165,device.volume.increase,0.23635897040367126
make everything sound better,2,device.volume.increase,0.7661032676696777,0.633307546377182,0.37689483165740967,device.volume.mute,0.13279572129249573
make everything sound better right now,2,device.volume.increase,0.6839520335197449,0.4827551543712616,0.43119102716445923,device.volume.mute,0.20119687914848328
I need to know make everything sound better now,2,device.volume.increase,0.8691045045852661,0.802444577217102,0.2559543251991272,device.volume.mute,0.06665992736816406
tell me make everything sound better now,2,device.volume.increase,0.8119011521339417,0.7232429161667824,0.33500054478645325,device.volume.mute,0.08865823596715927
I need to know make everything sound better today,8,reminders.task.create,0.6132199168205261,0.4672757387161255,0.5383166670799255,device.volume.increase,0.14594417810440063
please make everything sound better for me,2,device.volume.increase,0.8390933275222778,0.7762568220496178,0.2945578694343567,device.volume.mute,0.06283650547266006
please make everything sound better please,2,device.volume.increase,0.5735799670219421,0.234207421541214,0.44795069098472595,device.volume.mute,0.33937254548072815
please make everything sound better today,3,device.volume.mute,0.3512611985206604,0.017424046993255615,0.6384944915771484,reminders.task.create,0.3338371515274048
can you tell me make everything sound better please,3,device.volume.mute,0.4904501736164093,0.09004703164100647,0.48792141675949097,device.volume.increase,0.40040314197540283
help with the audio quality,4,device.volume.unmute,0.8678759932518005,0.8356307297945023,0.27107399702072144,streaming.session.stop,0.03224526345729828
I want to know help with the audio quality please,10,streaming.session.stop,0.2732638716697693,0.015540719032287598,0.8037106990814209,device.memory.change,0.2577231526374817
please help with the audio quality please,4,device.volume.unmute,0.4226014018058777,0.24448023736476898,0.7216553092002869,device.volume.increase,0.1781211644411087
tell me help with the audio quality please,4,device.volume.unmute,0.7653414011001587,0.721668679267168,0.43246981501579285,help.reminder.show,0.043672721832990646
tell me help with the audio quality,4,device.volume.unmute,0.7729468941688538,0.6680492088198662,0.39011937379837036,help.reminder.show,0.10489768534898758
I need to know help with the audio quality now,2,device.volume.increase,0.2933003306388855,0.08322533965110779,0.8417133688926697,device.memory.change,0.2100749909877777
can you help with the audio quality today,4,device.volume.unmute,0.34086480736732483,0.1216273158788681,0.7725395560264587,device.volume.mute,0.21923749148845673
could you help with the audio quality now,4,device.volume.unmute,0.4346542954444885,0.23505473136901855,0.7093539834022522,device.volume.mute,0.19959956407546997
adjust my listening experience,0,device.memory.change,0.7373220920562744,0.6223528757691383,0.4078247845172882,streaming.session.stop,0.11496921628713608
can you tell me adjust my listening experience for me,0,device.memory.change,0.6843639016151428,0.5497221648693085,0.4811708629131317,help.reminder.show,0.13464173674583435
please adjust my listening experience now,0,device.memory.change,0.6358822584152222,0.5016930848360062,0.5235953330993652,device.volume.increase,0.134189173579216
adjust my listening experience right now,0,device.memory.change,0.49462437629699707,0.22575503587722778,0.5770490765571594,device.volume.unmute,0.2688693404197693
can you tell me adjust my listening experience,0,device.memory.change,0.49685701727867126,0.2998284697532654,0.6424153447151184,help.reminder.show,0.19702854752540588
please adjust my listening experience,0,device.memory.change,0.8138983845710754,0.7498470991849899,0.3360826373100281,device.volume.increase,0.06405128538608551
I need to know adjust my listening experience for me,0,device.memory.change,0.694760799407959,0.5795243382453918,0.4697781205177307,device.volume.increase,0.11523646116256714
I need to know adjust my listening experience,0,device.memory.change,0.6062589287757874,0.3578242063522339,0.5005393624305725,device.volume.increase,0.24843472242355347
can you adjust my listening experience today,0,device.memory.change,0.8294978141784668,0.7404158487915993,0.30561375617980957,device.volume.increase,0.08908196538686752
can you tell me jkakjhdjkhd now,0,device.memory.change,0.2489546686410904,0.004149347543716431,0.77154541015625,find.phone.locate,0.24480532109737396
jkakjhdjkhd now,4,device.volume.unmute,0.282463937997818,0.07560649514198303,0.8204360604286194,device.memory.change,0.20685744285583496
I want to know jkakjhdjkhd for me,0,device.memory.change,0.8415737152099609,0.7719025164842606,0.2875021994113922,device.volume.increase,0.06967119872570038
tell me jkakjhdjkhd please,0,device.memory.change,0.6861177682876587,0.6043834611773491,0.5030781030654907,reminders.task.complete,0.0817343071103096
I want to know jkakjhdjkhd now,0,device.memory.change,0.7676032185554504,0.6364223808050156,0.37565934658050537,device.volume.increase,0.13118083775043488
could you jkakjhdjkhd,2,device.volume.increase,0.4286190867424011,0.20402416586875916,0.6441304683685303,device.memory.change,0.22459492087364197
can you jkakjhdjkhd,5,find.phone.locate,0.36655429005622864,0.04574853181838989,0.677643358707428,device.memory.change,0.32080575823783875
can you tell me sdkjadsjj now,0,device.memory.change,0.2489546686410904,0.004149347543716431,0.77154541015625,find.phone.locate,0.24480532109737396
can you sdkjadsjj now,0,device.memory.change,0.34119677543640137,0.09368880093097687,0.7277905344963074,find.phone.locate,0.2475079745054245
could you sdkjadsjj today,0,device.memory.change,0.40614110231399536,0.0946492850780487,0.6563277840614319,device.volume.decrease,0.31149181723594666
please sdkjadsjj for me,0,device.memory.change,0.8209287524223328,0.756284236907959,0.32898467779159546,reminders.task.create,0.06464451551437378
can you tell me sdkjadsjj for me,0,device.memory.change,0.6178449988365173,0.44655975699424744,0.5431188941001892,find.phone.locate,0.1712852418422699
please sdkjadsjj please,2,device.volume.increase,0.26296451687812805,0.06709767878055573,0.8286938071250916,device.memory.change,0.19586683809757233
sdkjadsjj please,2,device.volume.increase,0.2949148118495941,0.09912802278995514,0.777411699295044,device.memory.change,0.19578678905963898
can you tell me sdkjadsjj please,0,device.memory.change,0.36570191383361816,0.1602649837732315,0.7519376873970032,device.volume.increase,0.20543693006038666
I need to know asdfghjkl for me,0,device.memory.change,0.5698397159576416,0.3792492002248764,0.5277928113937378,device.volume.increase,0.1905905157327652
could you asdfghjkl right now,2,device.volume.increase,0.3561559319496155,0.22252574563026428,0.8222755789756775,device.volume.unmute,0.1336301863193512
I need to know asdfghjkl now,0,device.memory.change,0.4694879651069641,0.10761028528213501,0.5639519691467285,device.volume.increase,0.3618776798248291
I want to know asdfghjkl right now,0,device.memory.change,0.6512269973754883,0.43131454288959503,0.46900880336761475,device.volume.increase,0.21991245448589325
could you asdfghjkl today,0,device.memory.change,0.40614110231399536,0.0946492850780487,0.6563277840614319,device.volume.decrease,0.31149181723594666
I want to know asdfghjkl now,0,device.memory.change,0.7676032185554504,0.6364223808050156,0.37565934658050537,device.volume.increase,0.13118083775043488
can you asdfghjkl right now,4,device.volume.unmute,0.3082811236381531,0.11117205023765564,0.8083145618438721,device.volume.increase,0.19710907340049744
please qwertyuiop today,0,device.memory.change,0.35145455598831177,0.16564589738845825,0.8133416771888733,find.phone.locate,0.18580865859985352
tell me qwertyuiop now,0,device.memory.change,0.429277628660202,0.21873639523983002,0.7009294033050537,help.reminder.show,0.210541233420372
tell me qwertyuiop right now,6,help.reminder.show,0.7246189713478088,0.6575785130262375,0.47210121154785156,device.memory.change,0.06704045832157135
qwertyuiop right now,3,device.volume.mute,0.49469321966171265,0.17929652333259583,0.5891304612159729,device.volume.unmute,0.3153966963291168
could you qwertyuiop today,0,device.memory.change,0.40614110231399536,0.0946492850780487,0.6563277840614319,device.volume.decrease,0.31149181723594666
I want to know qwertyuiop,0,device.memory.change,0.8893221020698547,0.8394482843577862,0.22655466198921204,device.volume.increase,0.04987381771206856
I need to know zzzxxyyqq now,0,device.memory.change,0.4694879651069641,0.10761028528213501,0.5639519691467285,device.volume.increase,0.3618776798248291
could you zzzxxyyqq,2,device.volume.increase,0.4286190867424011,0.20402416586875916,0.6441304683685303,device.memory.change,0.22459492087364197
can you zzzxxyyqq,5,find.phone.locate,0.36655429005622864,0.04574853181838989,0.677643358707428,device.memory.change,0.32080575823783875
I need to know zzzxxyyqq today,0,device.memory.change,0.45264503359794617,0.1601048707962036,0.6383030414581299,reminders.task.create,0.29254016280174255
can you zzzxxyyqq now,0,device.memory.change,0.34119677543640137,0.09368880093097687,0.7277905344963074,find.phone.locate,0.2475079745054245
can you zzzxxyyqq right now,4,device.volume.unmute,0.3082811236381531,0.11117205023765564,0.8083145618438721,device.volume.increase,0.19710907340049744
could you zzzxxyyqq right now,2,device.volume.increase,0.3561559319496155,0.22252574563026428,0.8222755789756775,device.volume.unmute,0.1336301863193512
could you zzzxxyyqq now,2,device.volume.increase,0.3945833444595337,0.09585535526275635,0.6697109341621399,device.memory.change,0.29872798919677734
qazwsxedc today,0,device.memory.change,0.6739059686660767,0.5784257873892784,0.5289963483810425,find.phone.locate,0.09548018127679825
could you qazwsxedc,2,device.volume.increase,0.4286190867424011,0.20402416586875916,0.6441304683685303,device.memory.change,0.22459492087364197
could you qazwsxedc today,0,device.memory.change,0.40614110231399536,0.0946492850780487,0.6563277840614319,device.volume.decrease,0.31149181723594666
can you qazwsxedc right now,4,device.volume.unmute,0.3082811236381531,0.11117205023765564,0.8083145618438721,device.volume.increase,0.19710907340049744
please qazwsxedc now,2,device.volume.increase,0.2277361899614334,0.02697603404521942,0.8477792739868164,device.memory.change,0.200760155916214
please qazwsxedc today,0,device.memory.change,0.35145455598831177,0.16564589738845825,0.8133416771888733,find.phone.locate,0.18580865859985352
I want to know kjhkjhkjh for me,0,device.memory.change,0.8415737152099609,0.7719025164842606,0.2875021994113922,device.volume.increase,0.06967119872570038
please kjhkjhkjh for me,0,device.memory.change,0.8209287524223328,0.756284236907959,0.32898467779159546,reminders.task.create,0.06464451551437378
I want to know kjhkjhkjh please,0,device.memory.change,0.6938065886497498,0.4862079322338104,0.41740211844444275,device.volume.increase,0.20759865641593933
tell me kjhkjhkjh for me,0,device.memory.change,0.8641776442527771,0.8072840049862862,0.2624925971031189,help.reminder.show,0.056893639266490936
can you tell me kjhkjhkjh,0,device.memory.change,0.36490151286125183,0.049961864948272705,0.6889507174491882,find.phone.locate,0.3149396479129791
can you tell me kjhkjhkjh please,0,device.memory.change,0.36570191383361816,0.1602649837732315,0.7519376873970032,device.volume.increase,0.20543693006038666
I want to know kjhkjhkjh today,0,device.memory.change,0.8396015763282776,0.7981907986104488,0.3135440945625305,device.volume.increase,0.04141077771782875
could you kjhkjhkjh today,0,device.memory.change,0.40614110231399536,0.0946492850780487,0.6563277840614319,device.volume.decrease,0.31149181723594666
random words banana airplane right now,2,device.volume.increase,0.334891140460968,0.1393972933292389,0.7792431712150574,device.volume.unmute,0.19549384713172913
random words banana airplane for me,0,device.memory.change,0.3490965664386749,0.0890607237815857,0.6939750909805298,find.phone.locate,0.26003584265708923
could you random words banana airplane today,2,device.volume.increase,0.7031011581420898,0.5896428599953651,0.46398335695266724,find.phone.locate,0.1134582981467247
please random words banana airplane please,2,device.volume.increase,0.4795656204223633,0.29317718744277954,0.658460259437561,device.memory.change,0.18638843297958374
tell me random words banana airplane now,2,device.volume.increase,0.499172568321228,0.2814367413520813,0.64455246925354,device.memory.change,0.21773582696914673
I want to know random words banana airplane right now,2,device.volume.increase,0.6671005487442017,0.5283733904361725,0.5175984501838684,device.memory.change,0.13872715830802917
could you random words banana airplane please,2,device.volume.increase,0.8190521001815796,0.7553131803870201,0.33335328102111816,device.memory.change,0.06373891979455948
can you hello xyz abc for me,0,device.memory.change,0.42079293727874756,0.18238995969295502,0.6584787964820862,find.phone.locate,0.23840297758579254
tell me hello xyz abc,0,device.memory.change,0.4013487696647644,0.22778216004371643,0.7435975670814514,device.volume.increase,0.17356660962104797
please hello xyz abc please,0,device.memory.change,0.3501708507537842,0.08876544237136841,0.6995710134506226,device.volume.increase,0.26140540838241577
I want to know hello xyz abc now,2,device.volume.increase,0.4692271947860718,0.10100153088569641,0.5560007691383362,device.memory.change,0.36822566390037537
I want to know hello xyz abc right now,2,device.volume.increase,0.5950693488121033,0.3660608381032944,0.5350608229637146,device.memory.change,0.2290085107088089
could you hello xyz abc today,0,device.memory.change,0.2867293059825897,0.0026648640632629395,0.7406579256057739,device.volume.increase,0.2840644419193268
please hello xyz abc for me,0,device.memory.change,0.6195060610771179,0.4404788613319397,0.5363258719444275,device.volume.increase,0.17902719974517822
please 123456789 please,8,reminders.task.create,0.9704599380493164,0.9644684568047523,0.08231090754270554,reminders.task.complete,0.005991481244564056
could you 123456789 now,8,reminders.task.create,0.9784455299377441,0.9752668354194611,0.06360983848571777,reminders.task.complete,0.0031786945182830095
I need to know 123456789 for me,8,reminders.task.create,0.9833441376686096,0.9810934618581086,0.05115402489900589,streaming.session.stop,0.0022506758105009794
I need to know 123456789 today,8,reminders.task.create,0.9814676642417908,0.9790520681999624,0.05603065714240074,streaming.session.stop,0.002415596041828394
I want to know 123456789,8,reminders.task.create,0.981374204158783,0.9787436383776367,0.05627642944455147,streaming.session.stop,0.002630565781146288
tell me 123456789,8,reminders.task.create,0.9797871112823486,0.9768357630819082,0.06046228110790253,streaming.session.stop,0.002951348200440407
can you tell me 123456789 for me,8,reminders.task.create,0.9839320182800293,0.981994882109575,0.04969319328665733,reminders.task.complete,0.0019371361704543233
aaaa bbbb cccc,0,device.memory.change,0.943473756313324,0.9165651146322489,0.13058550655841827,device.volume.increase,0.026908641681075096
aaaa bbbb cccc today,0,device.memory.change,0.8766265511512756,0.8237483538687229,0.24228332936763763,reminders.task.create,0.05287819728255272
can you aaaa bbbb cccc for me,0,device.memory.change,0.4628530442714691,0.0017848014831542969,0.4409652054309845,reminders.task.create,0.4610682427883148
aaaa bbbb cccc now,0,device.memory.change,0.8906525373458862,0.8163057714700699,0.2016056329011917,device.volume.increase,0.07434676587581635
I want to know aaaa bbbb cccc today,0,device.memory.change,0.8508851528167725,0.7757683172821999,0.2773391306400299,reminders.task.create,0.0751168355345726
aaaa bbbb cccc right now,0,device.memory.change,0.6493282318115234,0.3881221115589142,0.4262026846408844,device.volume.increase,0.26120612025260925
I want to know aaaa bbbb cccc for me,0,device.memory.change,0.9020088911056519,0.8439617604017258,0.1945628523826599,reminders.task.create,0.058047130703926086
I want to know aaaa bbbb cccc,0,device.memory.change,0.9505099058151245,0.9322208017110825,0.12108676135540009,device.volume.increase,0.018289104104042053
zxcasdqwe,10,streaming.session.stop,0.4411088824272156,0.274816557765007,0.6875581741333008,device.volume.unmute,0.16629232466220856
zxcasdqwe right now,3,device.volume.mute,0.49469321966171265,0.17929652333259583,0.5891304612159729,device.volume.unmute,0.3153966963291168
I want to know zxcasdqwe now,0,device.memory.change,0.7676032185554504,0.6364223808050156,0.37565934658050537,device.volume.increase,0.13118083775043488
can you zxcasdqwe please,2,device.volume.increase,0.3715467154979706,0.11694082617759705,0.7162342071533203,device.memory.change,0.25460588932037354
can you zxcasdqwe for me,0,device.memory.change,0.8480389714241028,0.7893248945474625,0.2883533835411072,find.phone.locate,0.05871407687664032
can you tell me zxcasdqwe right now,6,help.reminder.show,0.4717576205730438,0.32657162845134735,0.7006801962852478,device.volume.increase,0.14518599212169647
can you who is the prime minister but make it louder now,2,device.volume.increase,0.9886953234672546,0.9864074387587607,0.03633963316679001,find.phone.locate,0.002287884708493948
please who is the prime minister but make it louder today,2,device.volume.increase,0.972051739692688,0.9648935021832585,0.07738322764635086,find.phone.locate,0.007158237509429455
tell me who is the prime minister but make it louder for me,2,device.volume.increase,0.9113001227378845,0.8593104779720306,0.18215268850326538,reminders.task.create,0.05198964476585388
I need to know who is the prime minister but make it louder now,2,device.volume.increase,0.9772191047668457,0.9721391424536705,0.06606276333332062,find.phone.locate,0.005079962313175201
can you tell me who is the prime minister but make it louder now,2,device.volume.increase,0.9801850318908691,0.9749425984919071,0.05832289904356003,find.phone.locate,0.005242433398962021
tell me who is the prime minister but make it louder,2,device.volume.increase,0.985602080821991,0.9831520761363208,0.04480665922164917,find.phone.locate,0.0024500046856701374
I want to know who is the prime minister but make it louder,2,device.volume.increase,0.9822351336479187,0.9781886618584394,0.05343640595674515,find.phone.locate,0.004046471789479256
I want to know tell me a joke and turn the volume up today,2,device.volume.increase,0.8647347092628479,0.7796375453472137,0.2457481026649475,reminders.task.create,0.08509716391563416
I want to know tell me a joke and turn the volume up for me,2,device.volume.increase,0.8734474182128906,0.7887591496109962,0.22733326256275177,reminders.task.create,0.08468826860189438
tell me tell me a joke and turn the volume up,2,device.volume.increase,0.9740018248558044,0.968309611082077,0.07336478680372238,device.memory.change,0.005692213773727417
I need to know tell me a joke and turn the volume up for me,2,device.volume.increase,0.7904484272003174,0.6327096372842789,0.30748504400253296,reminders.task.create,0.1577387899160385
could you tell me a joke and turn the volume up right now,2,device.volume.increase,0.9847179055213928,0.9821046150755137,0.04736950621008873,reminders.task.create,0.0026132904458791018
tell me tell me a joke and turn the volume up please,2,device.volume.increase,0.9737775921821594,0.9681813074275851,0.07413073629140854,reminders.task.create,0.005596284754574299
I want to know tell me a joke and turn the volume up please,2,device.volume.increase,0.9731524586677551,0.9670197372324765,0.07604863494634628,reminders.task.create,0.006132721435278654
I want to know what is the weather and mute it today,3,device.volume.mute,0.7100579142570496,0.6212152242660522,0.481129914522171,help.reminder.show,0.08884268999099731
could you what is the weather and mute it,3,device.volume.mute,0.8149800896644592,0.7522019147872925,0.3478391170501709,help.reminder.show,0.06277817487716675
I need to know what is the weather and mute it now,3,device.volume.mute,0.8695935606956482,0.8162050619721413,0.2548726499080658,help.reminder.show,0.05338849872350693
can you tell me what is the weather and mute it for me,3,device.volume.mute,0.6459174156188965,0.48711414635181427,0.5213043689727783,help.reminder.show,0.15880326926708221
please what is the weather and mute it today,3,device.volume.mute,0.9248192310333252,0.9055501949042082,0.17635977268218994,find.phone.locate,0.019269036129117012
can you tell me what is the weather and mute it now,3,device.volume.mute,0.7516454458236694,0.6056521236896515,0.3844152092933655,help.reminder.show,0.14599332213401794
can you what is the weather and mute it,3,device.volume.mute,0.735085129737854,0.6060449481010437,0.4250617027282715,help.reminder.show,0.1290401816368103
I want to know book a hotel and make it quieter right now,1,device.volume.decrease,0.4854654371738434,0.2219826579093933,0.6179940104484558,device.memory.change,0.2634827792644501
can you tell me book a hotel and make it quieter please,1,device.volume.decrease,0.5648165941238403,0.39740605652332306,0.5971539616584778,reminders.task.create,0.16741053760051727
can you tell me book a hotel and make it quieter right now,1,device.volume.decrease,0.6836947202682495,0.588260680437088,0.5063530206680298,reminders.task.create,0.0954340398311615
please book a hotel and make it quieter right now,1,device.volume.decrease,0.43972453474998474,0.11345931887626648,0.6164637804031372,device.volume.increase,0.32626521587371826
I want to know book a hotel and make it quieter for me,8,reminders.task.create,0.5660764575004578,0.35868096351623535,0.5611931681632996,device.memory.change,0.2073954939842224
could you book a hotel and make it quieter please,1,device.volume.decrease,0.6526367664337158,0.5355427116155624,0.5145504474639893,device.volume.increase,0.11709405481815338
can you tell me book a hotel and make it quieter today,1,device.volume.decrease,0.504179060459137,0.16418814659118652,0.5438171029090881,reminders.task.create,0.33999091386795044
I need to know what is bitcoin make it louder please,2,device.volume.increase,0.9873954653739929,0.9851864194497466,0.03992655128240585,device.volume.decrease,0.002209045924246311
I need to know what is bitcoin make it louder,2,device.volume.increase,0.9879443645477295,0.9857540491502732,0.03836183622479439,device.volume.decrease,0.0021903153974562883
can you what is bitcoin make it louder please,2,device.volume.increase,0.9930025935173035,0.9916452079778537,0.02394034154713154,device.volume.decrease,0.0013573855394497514
tell me what is bitcoin make it louder please,2,device.volume.increase,0.9917054176330566,0.9894063165411353,0.02746346779167652,device.volume.decrease,0.0022991010919213295
could you what is bitcoin make it louder today,2,device.volume.increase,0.9832984805107117,0.978317295666784,0.04897509142756462,device.volume.decrease,0.004981184843927622
can you tell me what is bitcoin make it louder,2,device.volume.increase,0.9896440505981445,0.9873968644533306,0.033289410173892975,help.reminder.show,0.0022471861448138952
I need to know what is bitcoin make it louder now,2,device.volume.increase,0.9871091842651367,0.984986076131463,0.04070891812443733,device.volume.decrease,0.002123108133673668
can you tell me open youtube and turn the sound back on please,4,device.volume.unmute,0.9590861797332764,0.9504044950008392,0.10781184583902359,streaming.session.start,0.008681684732437134
open youtube and turn the sound back on now,4,device.volume.unmute,0.987304151058197,0.9853015560656786,0.04029415175318718,device.volume.decrease,0.002002594992518425
open youtube and turn the sound back on today,4,device.volume.unmute,0.9599892497062683,0.9511870527639985,0.10625455528497696,device.volume.decrease,0.008802196942269802
can you open youtube and turn the sound back on for me,4,device.volume.unmute,0.9525915384292603,0.9373372988775373,0.11972004920244217,reminders.task.create,0.015254239551723003
I need to know open youtube and turn the sound back on,4,device.volume.unmute,0.9581038951873779,0.9492146847769618,0.11020675301551819,streaming.session.stop,0.008889210410416126
I want to know open youtube and turn the sound back on please,4,device.volume.unmute,0.9441498517990112,0.93213742505759,0.13912339508533478,streaming.session.stop,0.012012426741421223
can you open youtube and turn the sound back on please,4,device.volume.unmute,0.9836233854293823,0.9812835110351443,0.05015936866402626,find.phone.locate,0.002339874394237995
tell me the capital of France and lower it,1,device.volume.decrease,0.8955352902412415,0.8730914704501629,0.23069697618484497,reminders.task.create,0.022443819791078568
tell me tell me the capital of France and lower it right now,1,device.volume.decrease,0.36543357372283936,0.20421582460403442,0.7599722743034363,help.reminder.show,0.16121774911880493
can you tell me tell me the capital of France and lower it for me,1,device.volume.decrease,0.42681825160980225,0.036438047885894775,0.5867626667022705,reminders.task.create,0.39038020372390747
I want to know tell me the capital of France and lower it please,1,device.volume.decrease,0.9044755101203918,0.8780501671135426,0.21495962142944336,reminders.task.create,0.02642534300684929
please tell me the capital of France and lower it right now,1,device.volume.decrease,0.7957900762557983,0.7490710131824017,0.3888606131076813,device.volume.mute,0.04671906307339668
tell me the capital of France and lower it for me,1,device.volume.decrease,0.5340525507926941,0.24980896711349487,0.5717395544052124,reminders.task.create,0.2842435836791992
I need to know tell me the capital of France and lower it right now,1,device.volume.decrease,0.8364002108573914,0.7706976383924484,0.31476789712905884,reminders.task.create,0.06570257246494293
can you tell me tell me the capital of France and lower it today,8,reminders.task.create,0.4854706823825836,0.15121620893478394,0.5767073035240173,device.volume.decrease,0.3342544734477997
play music and mute the hearing aid,3,device.volume.mute,0.8882929682731628,0.8464059084653854,0.21930304169654846,device.volume.unmute,0.041887059807777405
I want to know play music and mute the hearing aid now,3,device.volume.mute,0.9247331619262695,0.8977696914225817,0.1657741218805313,device.memory.change,0.02696347050368786
please play music and mute the hearing aid now,3,device.volume.mute,0.9421917200088501,0.9152887836098671,0.13027630746364594,device.volume.unmute,0.026902936398983
can you tell me play music and mute the hearing aid for me,3,device.volume.mute,0.8072070479393005,0.7059129476547241,0.3282441794872284,streaming.session.start,0.10129410028457642
tell me play music and mute the hearing aid now,3,device.volume.mute,0.5915694236755371,0.37175773084163666,0.48663944005966187,device.volume.unmute,0.21981169283390045
I need to know play music and mute the hearing aid,3,device.volume.mute,0.926143229007721,0.902992507442832,0.1669071614742279,device.memory.change,0.023150721564888954
please play music and mute the hearing aid,3,device.volume.mute,0.9210774898529053,0.8865907341241837,0.16647909581661224,device.volume.unmute,0.03448675572872162
can you tell me play music and mute the hearing aid,3,device.volume.mute,0.8922278881072998,0.8502646945416927,0.21955595910549164,streaming.session.start,0.04196319356560707
find a restaurant and increase the volume,2,device.volume.increase,0.9543243050575256,0.9296060241758823,0.10826262086629868,device.memory.change,0.024718280881643295
find a restaurant and increase the volume please,2,device.volume.increase,0.9787206649780273,0.9699103273451328,0.059881146997213364,device.memory.change,0.008810337632894516
I need to know find a restaurant and increase the volume right now,2,device.volume.increase,0.9605227112770081,0.9445661585777998,0.09932579845190048,reminders.task.create,0.01595655269920826
could you find a restaurant and increase the volume right now,2,device.volume.increase,0.9865162372589111,0.9836435888428241,0.04182357341051102,device.memory.change,0.0028726484160870314
can you find a restaurant and increase the volume now,2,device.volume.increase,0.9859849214553833,0.9819781822152436,0.04305347055196762,device.memory.change,0.004006739240139723
I need to know find a restaurant and increase the volume for me,8,reminders.task.create,0.8697430491447449,0.785319946706295,0.23333634436130524,device.volume.increase,0.08442310243844986
please find a restaurant and increase the volume please,2,device.volume.increase,0.9749569892883301,0.9675788157619536,0.06884130835533142,reminders.task.create,0.007378173526376486
I need to know find a restaurant and increase the volume today,8,reminders.task.create,0.7401645183563232,0.5593239963054657,0.3670775592327118,device.volume.increase,0.18084052205085754
can you find a restaurant and increase the volume please,2,device.volume.increase,0.9864068627357483,0.9828946148045361,0.04199155792593956,device.memory.change,0.003512247931212187
what is the train time make it louder,2,device.volume.increase,0.9885243773460388,0.9854056048206985,0.03605390340089798,device.volume.decrease,0.0031187725253403187
please what is the train time make it louder please,2,device.volume.increase,0.9735702276229858,0.9662920092232525,0.07354142516851425,device.volume.mute,0.007278218399733305
could you what is the train time make it louder for me,2,device.volume.increase,0.5310125350952148,0.13912418484687805,0.4361480176448822,reminders.task.create,0.3918883502483368
I need to know what is the train time make it louder for me,8,reminders.task.create,0.9025759100914001,0.8433736301958561,0.19295509159564972,device.volume.increase,0.05920227989554405
tell me what is the train time make it louder,2,device.volume.increase,0.9729702472686768,0.9644483765587211,0.07410059124231339,device.volume.decrease,0.008521870709955692
please what is the train time make it louder now,2,device.volume.increase,0.9844334125518799,0.9807356442324817,0.04746256396174431,device.volume.mute,0.0036977683193981647
could you what is the train time make it louder please,2,device.volume.increase,0.9805270433425903,0.9750833455473185,0.056388989090919495,device.volume.decrease,0.0054436977952718735
I need to know what is the train time make it louder now,2,device.volume.increase,0.8945370316505432,0.8283707946538925,0.20171144604682922,reminders.task.create,0.0661662369966507
send an email and turn it down,1,device.volume.decrease,0.5334895849227905,0.3564748615026474,0.6435253620147705,device.memory.change,0.17701472342014313
please send an email and turn it down for me,1,device.volume.decrease,0.39937007427215576,0.16572777926921844,0.6983066201210022,device.memory.change,0.23364229500293732
tell me send an email and turn it down please,1,device.volume.decrease,0.8040511608123779,0.7486849129199982,0.3728858232498169,device.memory.change,0.05536624789237976
I want to know send an email and turn it down today,1,device.volume.decrease,0.6068339943885803,0.4621979296207428,0.5895072221755981,device.memory.change,0.14463606476783752
I need to know send an email and turn it down right now,1,device.volume.decrease,0.5497134923934937,0.3835955858230591,0.6597139239311218,device.memory.change,0.16611790657043457
tell me send an email and turn it down today,1,device.volume.decrease,0.7197325229644775,0.6399196311831474,0.47464391589164734,reminders.task.create,0.07981289178133011
send an email and turn it down right now,1,device.volume.decrease,0.7741017937660217,0.7155994102358818,0.41619524359703064,device.volume.mute,0.05850238353013992
send an email and turn it down please,1,device.volume.decrease,0.6505757570266724,0.5462706238031387,0.550552248954773,device.memory.change,0.10430513322353363
send an email and turn it down today,1,device.volume.decrease,0.407674640417099,0.1675844043493271,0.7435862421989441,device.memory.change,0.2400902360677719
tell me a joke and mute it,0,device.memory.change,0.3269267678260803,0.009201258420944214,0.7285462021827698,device.volume.mute,0.3177255094051361
can you tell me a joke and mute it for me,3,device.volume.mute,0.6955538988113403,0.5611199736595154,0.4617302715778351,device.memory.change,0.13443392515182495
could you tell me a joke and mute it now,3,device.volume.mute,0.8669098615646362,0.8199005126953125,0.26861539483070374,device.memory.change,0.04700934886932373
tell me tell me a joke and mute it now,3,device.volume.mute,0.7187724709510803,0.5676221251487732,0.4298005700111389,help.reminder.show,0.15115034580230713
could you tell me a joke and mute it today,3,device.volume.mute,0.8347393870353699,0.7713783383369446,0.32037216424942017,device.memory.change,0.06336104869842529
please tell me a joke and mute it for me,3,device.volume.mute,0.7074292898178101,0.6029411405324936,0.4833272099494934,device.memory.change,0.10448814928531647
tell me tell me a joke and mute it for me,3,device.volume.mute,0.5125040411949158,0.27598737180233,0.5976719856262207,help.reminder.show,0.23651666939258575
tell me a joke and mute it right now,3,device.volume.mute,0.7679319381713867,0.6759902387857437,0.40556958317756653,help.reminder.show,0.091941699385643
please tell me a joke and mute it now,3,device.volume.mute,0.8955020904541016,0.8652839604765177,0.22596587240695953,device.memory.change,0.030218129977583885
tell me about cricket,2,device.volume.increase,0.8552385568618774,0.7942031733691692,0.2782759964466095,device.memory.change,0.061035383492708206
what is a song,2,device.volume.increase,0.8964816927909851,0.8714114427566528,0.22517164051532745,device.memory.change,0.025070250034332275
can you explain pizza,4,device.volume.unmute,0.4095786511898041,0.2045115828514099,0.7209010124206543,device.memory.change,0.20506706833839417
can you explain a flight,0,device.memory.change,0.8248524069786072,0.747147724032402,0.32554635405540466,device.volume.decrease,0.07770468294620514
can you explain the exchange rate,2,device.volume.increase,0.5597246289253235,0.43376298248767853,0.6303269863128662,device.volume.unmute,0.12596164643764496
tell me about the exchange rate,2,device.volume.increase,0.9061827659606934,0.88362180814147,0.21032007038593292,device.memory.change,0.022560957819223404
can you explain football,4,device.volume.unmute,0.4095786511898041,0.2045115828514099,0.7209010124206543,device.memory.change,0.20506706833839417
how do I football,6,help.reminder.show,0.7713074684143066,0.7139038369059563,0.41463035345077515,find.phone.locate,0.05740363150835037
where can I find a movie,5,find.phone.locate,0.8494865894317627,0.8012776635587215,0.29918643832206726,device.memory.change,0.04820892587304115
how do I a song,6,help.reminder.show,0.8083706498146057,0.7500501461327076,0.3599892854690552,device.memory.change,0.05832050368189812
how do I the exchange rate,6,help.reminder.show,0.7584373354911804,0.6882429793477058,0.4307035803794861,find.phone.locate,0.07019435614347458
can you explain a pasta recipe,2,device.volume.increase,0.5988890528678894,0.3274705111980438,0.486050009727478,device.memory.change,0.2714185416698456
what is football,2,device.volume.increase,0.7748495936393738,0.7102593034505844,0.3965875208377838,find.phone.locate,0.06459029018878937
where can I find cricket,5,find.phone.locate,0.878735363483429,0.820582453161478,0.24383306503295898,help.reminder.show,0.05815291032195091
tell me about football,2,device.volume.increase,0.8552385568618774,0.7942031733691692,0.2782759964466095,device.memory.change,0.061035383492708206
show me cricket,5,find.phone.locate,0.40007397532463074,0.0909496545791626,0.6498181819915771,device.memory.change,0.30912432074546814
explain cricket,4,device.volume.unmute,0.350320428609848,0.19686618447303772,0.7696954011917114,streaming.session.stop,0.1534542441368103
can you explain a hotel,0,device.memory.change,0.6550115942955017,0.4484826326370239,0.4715975224971771,device.volume.increase,0.20652896165847778
explain weather,0,device.memory.change,0.43483251333236694,0.057879507541656494,0.5734428763389587,device.volume.decrease,0.37695300579071045
explain the exchange rate,10,streaming.session.stop,0.3345388174057007,0.10395850241184235,0.7405725717544556,device.volume.increase,0.23058031499385834
show me football,5,find.phone.locate,0.40007397532463074,0.0909496545791626,0.6498181819915771,device.memory.change,0.30912432074546814
can you explain email,4,device.volume.unmute,0.4095786511898041,0.2045115828514099,0.7209010124206543,device.memory.change,0.20506706833839417
explain a movie,0,device.memory.change,0.9454009532928467,0.9234205558896065,0.1296737939119339,device.volume.unmute,0.021980397403240204
can you explain the stock market,2,device.volume.increase,0.5597246289253235,0.43376298248767853,0.6303269863128662,device.volume.unmute,0.12596164643764496
show me a movie,0,device.memory.change,0.969170331954956,0.9610285190865397,0.08447111397981644,reminders.task.complete,0.00814181286841631
what is cricket,2,device.volume.increase,0.7748495936393738,0.7102593034505844,0.3965875208377838,find.phone.locate,0.06459029018878937
tell me about weather,1,device.volume.decrease,0.36280497908592224,0.1802978366613388,0.7404277324676514,streaming.session.start,0.18250714242458344
where can I find weather,5,find.phone.locate,0.9520651698112488,0.941636067815125,0.12329788506031036,help.reminder.show,0.01042910199612379
where can I find the exchange rate,5,find.phone.locate,0.9191966652870178,0.8886662758886814,0.1826648712158203,help.reminder.show,0.03053038939833641
can you explain bitcoin,4,device.volume.unmute,0.4095786511898041,0.2045115828514099,0.7209010124206543,device.memory.change,0.20506706833839417
where can I find football,5,find.phone.locate,0.878735363483429,0.820582453161478,0.24383306503295898,help.reminder.show,0.05815291032195091
explain a song,0,device.memory.change,0.8008824586868286,0.7264538705348969,0.3561989665031433,device.volume.increase,0.07442858815193176
how do I weather,5,find.phone.locate,0.3044207990169525,0.022823244333267212,0.6878442764282227,device.volume.decrease,0.2815975546836853
can you explain weather,0,device.memory.change,0.38672780990600586,0.08833953738212585,0.6535803079605103,device.volume.decrease,0.29838827252388
show me the exchange rate,5,find.phone.locate,0.3630777597427368,0.16298682987689972,0.7604278922080994,device.memory.change,0.2000909298658371
can you explain a song,0,device.memory.change,0.6550115942955017,0.4484826326370239,0.4715975224971771,device.volume.increase,0.20652896165847778
can you explain today's news,4,device.volume.unmute,0.3135671317577362,0.11399802565574646,0.7615947723388672,device.memory.change,0.19956910610198975
show me a song,0,device.memory.change,0.8251883387565613,0.7794141694903374,0.3344815671443939,help.reminder.show,0.04577416926622391
how do I cricket,6,help.reminder.show,0.7713074684143066,0.7139038369059563,0.41463035345077515,find.phone.locate,0.05740363150835037
what is a movie,2,device.volume.increase,0.6631149053573608,0.4630674868822098,0.44570571184158325,device.volume.decrease,0.20004741847515106
can you explain a movie,0,device.memory.change,0.9576885104179382,0.9469610629603267,0.10961342602968216,device.volume.increase,0.01072744745761156
show me weather,5,find.phone.locate,0.848016083240509,0.7574088275432587,0.2704831063747406,device.memory.change,0.09060725569725037
what is weather,5,find.phone.locate,0.6329904794692993,0.33210432529449463,0.3918055295944214,device.volume.decrease,0.3008861541748047
can you explain tax rules,4,device.volume.unmute,0.3135671317577362,0.11399802565574646,0.7615947723388672,device.memory.change,0.19956910610198975
explain football,4,device.volume.unmute,0.350320428609848,0.19686618447303772,0.7696954011917114,streaming.session.stop,0.1534542441368103
can you explain cricket,4,device.volume.unmute,0.4095786511898041,0.2045115828514099,0.7209010124206543,device.memory.change,0.20506706833839417
tell me about a movie,0,device.memory.change,0.7938234806060791,0.6876911148428917,0.34801292419433594,streaming.session.start,0.10613236576318741
tell me about a song,2,device.volume.increase,0.4608518183231354,0.050318390130996704,0.49866706132888794,device.memory.change,0.41053342819213867
can you explain the train schedule,6,help.reminder.show,0.5093343257904053,0.3294420391321182,0.6372590661048889,reminders.task.create,0.17989228665828705
where can I find a song,5,find.phone.locate,0.8652577996253967,0.8116417936980724,0.27109643816947937,help.reminder.show,0.053616005927324295
can you explain youtube,9,streaming.session.start,0.6208032965660095,0.5345842018723488,0.591170072555542,device.volume.decrease,0.08621909469366074
can you explain my browser,4,device.volume.unmute,0.34864097833633423,0.15430012345314026,0.7928075194358826,find.phone.locate,0.19434085488319397
how do I a movie,6,help.reminder.show,0.7664080262184143,0.6820703148841858,0.40161171555519104,device.memory.change,0.08433771133422852
I was wondering about football,2,device.volume.increase,0.5652537941932678,0.31503304839134216,0.5257815718650818,help.reminder.show,0.25022074580192566
What can you tell me about today's news,2,device.volume.increase,0.9096996784210205,0.8809793591499329,0.2032202184200287,find.phone.locate,0.028720319271087646
I was wondering about today's news,2,device.volume.increase,0.7931045889854431,0.6849255487322807,0.33774447441101074,help.reminder.show,0.10817904025316238
Please explain my browser,4,device.volume.unmute,0.509719967842102,0.3732015937566757,0.6839097142219543,reminders.task.complete,0.13651837408542633
Can you help me understand a hotel,0,device.memory.change,0.7265100479125977,0.5150078982114792,0.35778892040252686,device.volume.increase,0.21150214970111847
I want information about a pasta recipe,2,device.volume.increase,0.9416894316673279,0.9090058580040932,0.13083569705486298,device.memory.change,0.03268357366323471
I was wondering about email,2,device.volume.increase,0.5652537941932678,0.31503304839134216,0.5257815718650818,help.reminder.show,0.25022074580192566
I want information about my browser,2,device.volume.increase,0.9252981543540955,0.8755199573934078,0.15214088559150696,find.phone.locate,0.04977819696068764
Can you help me understand a flight,0,device.memory.change,0.8985688090324402,0.8520811796188354,0.21151544153690338,device.volume.increase,0.046487629413604736
What can you tell me about the exchange rate,2,device.volume.increase,0.8286232352256775,0.7626685276627541,0.3291644752025604,find.phone.locate,0.06595470756292343
Please explain bitcoin,2,device.volume.increase,0.5575475692749023,0.3508816361427307,0.6114517450332642,device.volume.unmute,0.20666593313217163
Please explain a song,2,device.volume.increase,0.39802658557891846,0.10449713468551636,0.6641163229942322,device.memory.change,0.2935294508934021
Please explain today's news,2,device.volume.increase,0.3470456898212433,0.052100419998168945,0.721959114074707,device.volume.unmute,0.29494526982307434
I want information about a flight,2,device.volume.increase,0.5268710255622864,0.24154603481292725,0.547234058380127,device.memory.change,0.28532499074935913
I was wondering about a pasta recipe,2,device.volume.increase,0.5998227000236511,0.33618414402008057,0.4581373631954193,device.memory.change,0.26363855600357056
Please explain the train schedule,8,reminders.task.create,0.5775666236877441,0.4170103669166565,0.6207372546195984,device.memory.change,0.16055625677108765
I want information about weather,2,device.volume.increase,0.6390383839607239,0.498955562710762,0.5008311867713928,find.phone.locate,0.14008282124996185
Can you help me understand today's news,2,device.volume.increase,0.5017410516738892,0.13822269439697266,0.5187443494796753,device.memory.change,0.3635183572769165
Can you help me understand my browser,0,device.memory.change,0.4960586726665497,0.2922254949808121,0.6463378667831421,find.phone.locate,0.2038331776857376
I want information about email,2,device.volume.increase,0.9827761650085449,0.9785291426815093,0.051417358219623566,device.memory.change,0.0042470223270356655
I want information about bitcoin,2,device.volume.increase,0.9827761650085449,0.9785291426815093,0.051417358219623566,device.memory.change,0.0042470223270356655
I was wondering about the stock market,2,device.volume.increase,0.7520679235458374,0.6363338381052017,0.4014918804168701,help.reminder.show,0.11573408544063568
I was wondering about youtube,5,find.phone.locate,0.26133856177330017,0.010524839162826538,0.7974270582199097,device.memory.change,0.25081372261047363
What can you tell me about tax rules,2,device.volume.increase,0.9096996784210205,0.8809793591499329,0.2032202184200287,find.phone.locate,0.028720319271087646
I want information about a movie,2,device.volume.increase,0.8419591188430786,0.7172188460826874,0.2448757141828537,device.memory.change,0.12474027276039124
I want information about the exchange rate,2,device.volume.increase,0.9615543484687805,0.9472651248797774,0.09882351011037827,find.phone.locate,0.014289223589003086
Please explain weather,1,device.volume.decrease,0.7094916105270386,0.6195056438446045,0.4615858793258667,device.memory.change,0.08998596668243408
I want information about today's news,2,device.volume.increase,0.9775806665420532,0.9721549488604069,0.06414074450731277,device.memory.change,0.005425717681646347
Please explain the stock market,4,device.volume.unmute,0.3738826811313629,0.11812061071395874,0.7287740111351013,device.volume.increase,0.2557620704174042
Can you help me understand a pasta recipe,0,device.memory.change,0.5608335733413696,0.2126479148864746,0.4567698836326599,device.volume.increase,0.348185658454895
Please explain a hotel,2,device.volume.increase,0.39802658557891846,0.10449713468551636,0.6641163229942322,device.memory.change,0.2935294508934021
Can you help me understand pizza,0,device.memory.change,0.43112218379974365,0.0014126598834991455,0.5300803184509277,device.volume.increase,0.4297095239162445
What can you tell me about email,2,device.volume.increase,0.8931326270103455,0.8727010302245617,0.2364807426929474,help.reminder.show,0.020431596785783768
Can you help me understand tax rules,2,device.volume.increase,0.5017410516738892,0.13822269439697266,0.5187443494796753,device.memory.change,0.3635183572769165
Can you help me understand bitcoin,0,device.memory.change,0.43112218379974365,0.0014126598834991455,0.5300803184509277,device.volume.increase,0.4297095239162445
I was wondering about a hotel,0,device.memory.change,0.4284997582435608,0.04376870393753052,0.5297018885612488,device.volume.increase,0.3847310543060303
What can you tell me about youtube,9,streaming.session.start,0.5936875939369202,0.504024013876915,0.6393834948539734,device.volume.unmute,0.08966358006000519
I want information about the train schedule,2,device.volume.increase,0.40767377614974976,0.07546219229698181,0.6532719731330872,reminders.task.create,0.33221158385276794
Can you help me understand the exchange rate,2,device.volume.increase,0.48284459114074707,0.22670450806617737,0.641983687877655,device.memory.change,0.2561400830745697
What can you tell me about my browser,2,device.volume.increase,0.5156975388526917,0.19477838277816772,0.5500364303588867,find.phone.locate,0.3209191560745239
Please explain a pasta recipe,2,device.volume.increase,0.4491913616657257,0.24247068166732788,0.6685702800750732,device.memory.change,0.20672067999839783
Can you help me understand email,0,device.memory.change,0.43112218379974365,0.0014126598834991455,0.5300803184509277,device.volume.increase,0.4297095239162445
I want information about football,2,device.volume.increase,0.9827761650085449,0.9785291426815093,0.051417358219623566,device.memory.change,0.0042470223270356655
Please explain youtube,1,device.volume.decrease,0.4080696702003479,0.2116725593805313,0.7072665691375732,streaming.session.stop,0.1963971108198166
I was wondering about the train schedule,6,help.reminder.show,0.3772820234298706,0.2147073745727539,0.775919497013092,reminders.task.create,0.1625746488571167
I want information about the stock market,2,device.volume.increase,0.9615543484687805,0.9472651248797774,0.09882351011037827,find.phone.locate,0.014289223589003086
I was wondering about pizza,2,device.volume.increase,0.5652537941932678,0.31503304839134216,0.5257815718650818,help.reminder.show,0.25022074580192566
I was wondering about bitcoin,2,device.volume.increase,0.5652537941932678,0.31503304839134216,0.5257815718650818,help.reminder.show,0.25022074580192566
I was wondering about my browser,5,find.phone.locate,0.4486953318119049,0.18666893243789673,0.6571192741394043,device.volume.increase,0.2620263993740082
Can you help me understand the stock market,2,device.volume.increase,0.48284459114074707,0.22670450806617737,0.641983687877655,device.memory.change,0.2561400830745697
I was wondering about tax rules,2,device.volume.increase,0.7931045889854431,0.6849255487322807,0.33774447441101074,help.reminder.show,0.10817904025316238
I want information about tax rules,2,device.volume.increase,0.9775806665420532,0.9721549488604069,0.06414074450731277,device.memory.change,0.005425717681646347
Please explain cricket,2,device.volume.increase,0.5575475692749023,0.3508816361427307,0.6114517450332642,device.volume.unmute,0.20666593313217163
Can you help me understand a movie,0,device.memory.change,0.9234728813171387,0.8720262311398983,0.15445667505264282,device.volume.increase,0.05144665017724037
What can you tell me about a pasta recipe,2,device.volume.increase,0.856777012348175,0.8182315789163113,0.29277241230010986,device.memory.change,0.038545433431863785
What can you tell me about the stock market,2,device.volume.increase,0.8286232352256775,0.7626685276627541,0.3291644752025604,find.phone.locate,0.06595470756292343
What can you tell me about pizza,2,device.volume.increase,0.8931326270103455,0.8727010302245617,0.2364807426929474,help.reminder.show,0.020431596785783768
What can you tell me about a hotel,2,device.volume.increase,0.853863537311554,0.821759644895792,0.3019275963306427,device.memory.change,0.03210389241576195
I was wondering about a song,0,device.memory.change,0.4284997582435608,0.04376870393753052,0.5297018885612488,device.volume.increase,0.3847310543060303
Can you help me understand weather,0,device.memory.change,0.7691340446472168,0.6775509342551231,0.39561641216278076,find.phone.locate,0.09158311039209366
I was wondering about cricket,2,device.volume.increase,0.5652537941932678,0.31503304839134216,0.5257815718650818,help.reminder.show,0.25022074580192566
Can you help me understand youtube,0,device.memory.change,0.7898408770561218,0.7404388040304184,0.3903943598270416,device.volume.decrease,0.04940207302570343
Can you help me understand football,0,device.memory.change,0.43112218379974365,0.0014126598834991455,0.5300803184509277,device.volume.increase,0.4297095239162445
I want information about cricket,2,device.volume.increase,0.9827761650085449,0.9785291426815093,0.051417358219623566,device.memory.change,0.0042470223270356655
I want information about pizza,2,device.volume.increase,0.9827761650085449,0.9785291426815093,0.051417358219623566,device.memory.change,0.0042470223270356655
What can you tell me about bitcoin,2,device.volume.increase,0.8931326270103455,0.8727010302245617,0.2364807426929474,help.reminder.show,0.020431596785783768
What can you tell me about a song,2,device.volume.increase,0.853863537311554,0.821759644895792,0.3019275963306427,device.memory.change,0.03210389241576195
Can you help me understand a song,0,device.memory.change,0.7265100479125977,0.5150078982114792,0.35778892040252686,device.volume.increase,0.21150214970111847
What can you tell me about cricket,2,device.volume.increase,0.8931326270103455,0.8727010302245617,0.2364807426929474,help.reminder.show,0.020431596785783768
I was wondering about a flight,0,device.memory.change,0.5238713026046753,0.37922242283821106,0.672115683555603,device.volume.increase,0.14464887976646423
Can you help me understand cricket,0,device.memory.change,0.43112218379974365,0.0014126598834991455,0.5300803184509277,device.volume.increase,0.4297095239162445
I want information about a song,2,device.volume.increase,0.9447498917579651,0.9122636765241623,0.12419527769088745,device.memory.change,0.032486215233802795
What can you tell me about weather,5,find.phone.locate,0.4386727213859558,0.1807546317577362,0.682009220123291,device.volume.increase,0.2579180896282196
What can you tell me about football,2,device.volume.increase,0.8931326270103455,0.8727010302245617,0.2364807426929474,help.reminder.show,0.020431596785783768
Can you help me understand the train schedule,0,device.memory.change,0.30769726634025574,0.10457804799079895,0.8017469048500061,reminders.task.create,0.2031192183494568
What can you tell me about the train schedule,8,reminders.task.create,0.6665101051330566,0.6009184196591377,0.5552382469177246,device.volume.increase,0.06559168547391891
Please explain a flight,0,device.memory.change,0.6772177815437317,0.5356162637472153,0.4797152876853943,device.volume.decrease,0.14160151779651642
I was wondering about a movie,0,device.memory.change,0.6702110171318054,0.4621405601501465,0.43139776587486267,device.volume.increase,0.20807045698165894
Please explain tax rules,2,device.volume.increase,0.3470456898212433,0.052100419998168945,0.721959114074707,device.volume.unmute,0.29494526982307434
Please explain the exchange rate,4,device.volume.unmute,0.3738826811313629,0.11812061071395874,0.7287740111351013,device.volume.increase,0.2557620704174042
I was wondering about the exchange rate,2,device.volume.increase,0.7520679235458374,0.6363338381052017,0.4014918804168701,help.reminder.show,0.11573408544063568
Please explain a movie,0,device.memory.change,0.7741414308547974,0.6641287580132484,0.3732490539550781,device.volume.increase,0.11001267284154892
I want information about a hotel,2,device.volume.increase,0.9447498917579651,0.9122636765241623,0.12419527769088745,device.memory.change,0.032486215233802795
What can you tell me about a movie,2,device.volume.increase,0.5657299757003784,0.4643527567386627,0.6448912024497986,streaming.session.start,0.1013772189617157
Please explain email,2,device.volume.increase,0.5575475692749023,0.3508816361427307,0.6114517450332642,device.volume.unmute,0.20666593313217163
Please explain football,2,device.volume.increase,0.5575475692749023,0.3508816361427307,0.6114517450332642,device.volume.unmute,0.20666593313217163
I was wondering about weather,5,find.phone.locate,0.5397716760635376,0.2829363942146301,0.5938968062400818,device.memory.change,0.25683528184890747
Please explain pizza,2,device.volume.increase,0.5575475692749023,0.3508816361427307,0.6114517450332642,device.volume.unmute,0.20666593313217163
I want information about youtube,5,find.phone.locate,0.6625521779060364,0.5884904563426971,0.5516946315765381,device.volume.increase,0.07406172156333923
What can you tell me about a flight,2,device.volume.increase,0.3827129900455475,0.21978625655174255,0.7938724160194397,find.phone.locate,0.16292673349380493
