text,true_intent,Base V3_prediction,Base V3_confidence,Base V3_correct,Targeted V2_prediction,Targeted V2_confidence,Targeted V2_correct,Controlled V2.1_prediction,Controlled V2.1_confidence,Controlled V2.1_correct
where is my cell phone,Cmd.FindMyPhone,Cmd.FindMyPhone,0.9489314556121826,True,Cmd.FindMyPhone,0.9108848571777344,True,Cmd.FindMyPhone,0.9403577446937561,True
how to intelligent voice,Help_IntelliVoice,Help_IntelliVoice,0.9121209979057312,True,Help_IntelliVoice,0.8927274346351624,True,Help_IntelliVoice,0.8891705274581909,True
can you switch setting to number two,Cmd.MemoryChange,Cmd.MemoryChange,0.9532931447029114,True,Cmd.MemoryChange,0.9728873372077942,True,Cmd.MemoryChange,0.9627740383148193,True
complete my reminder,reminders.complete,reminders.complete,0.9738672375679016,True,reminders.complete,0.9744606018066406,True,reminders.complete,0.974284291267395,True
please change program to office,Cmd.MemoryChange,Cmd.MemoryChange,0.9621877670288086,True,Cmd.MemoryChange,0.9775562882423401,True,Cmd.MemoryChange,0.9691588878631592,True
trader reminder,reminders.add,reminders.add,0.4269576072692871,True,reminders.add,0.5803316831588745,True,reminders.add,0.5432478189468384,True
what percentage of battery is left,Cmd.BatteryLevel,Cmd.BatteryLevel,0.8788082599639893,True,Cmd.BatteryLevel,0.8857940435409546,True,Cmd.BatteryLevel,0.8901286721229553,True
how do i change to another program on my hearing aids?,Help_ChangingMemories,Help_ChangingMemories,0.8899669051170349,True,Help_ChangingMemories,0.8940383195877075,True,Help_ChangingMemories,0.8922525644302368,True
can you change to quiet memory,Cmd.MemoryChange,Cmd.MemoryChange,0.851296603679657,True,Cmd.MemoryChange,0.9350364804267883,True,Cmd.MemoryChange,0.8977057933807373,True
send a quick text,Cmd.SendMessage,Cmd.SendMessage,0.9754852056503296,True,Cmd.SendMessage,0.9687859416007996,True,Cmd.SendMessage,0.9737994074821472,True
remind me to pay my credit card bill,reminders.add,reminders.add,0.9595853686332703,True,reminders.add,0.9630489349365234,True,reminders.add,0.9600228071212769,True
how do i customize my hearing aid memory?,Help_MemoryOptions,Help_MemoryOptions,0.5233958959579468,True,Help_MemoryOptions,0.5132479667663574,True,Help_MemoryOptions,0.5133053064346313,True
television program,Cmd.MemoryChange,Cmd.MemoryChange,0.7455382943153381,True,Cmd.MemoryChange,0.8596078753471375,True,Cmd.MemoryChange,0.8072549104690552,True
i need you to remind me,reminders.add,reminders.add,0.9391503930091858,True,reminders.add,0.9504155516624451,True,reminders.add,0.9418693780899048,True
turn the volume up,Cmd.VolumeIncrease,Cmd.VolumeIncrease,0.8169178366661072,True,Cmd.VolumeIncrease,0.8191624283790588,True,Cmd.VolumeIncrease,0.7979272603988647,True
play frank sinatra,Default Fallback Intent,Default Fallback Intent,0.5516567826271057,True,Default Fallback Intent,0.8185551762580872,True,Default Fallback Intent,0.7053232192993164,True
how is heart rate recovery measured,Help_HeartRateRecovery,Help_HeartRateRecovery,0.9440836310386658,True,Help_HeartRateRecovery,0.9437482357025146,True,Help_HeartRateRecovery,0.9491369128227234,True
please volume up right aid,Cmd.VolumeIncrease,Cmd.VolumeIncrease,0.8822910189628601,True,Cmd.VolumeIncrease,0.8976021409034729,True,Cmd.VolumeIncrease,0.8869238495826721,True
what's the serial number of my aid?,Help_DeviceSettings,Help_DeviceSettings,0.4064027965068817,True,Help_DeviceSettings,0.37272343039512634,True,Help_DeviceSettings,0.3826458752155304,True
can i translate english to french?,Help_Translate,Cmd.TranslationStart,0.5264191627502441,False,Cmd.TranslationStart,0.5303544402122498,False,Cmd.TranslationStart,0.5892112255096436,False
tell me about the news,Default Fallback Intent,Default Fallback Intent,0.3821713626384735,True,Default Fallback Intent,0.6381099820137024,True,Default Fallback Intent,0.5259753465652466,True
apple music sign in,Default Fallback Intent,Cmd.MemoryChange,0.12428486347198486,False,Cmd.MemoryChange,0.19313499331474304,False,Cmd.MemoryChange,0.16658641397953033,False
what's the meaning of life,Default Fallback Intent,Default Fallback Intent,0.5282641649246216,True,Default Fallback Intent,0.6286627650260925,True,Default Fallback Intent,0.539821445941925,True
help customizing my settings,Help_Customize,Help_AppSettings,0.31594300270080566,False,Help_AppSettings,0.2892983853816986,False,Help_AppSettings,0.2636728882789612,False
how does the voice clarity feature work,Help_IntelliVoice,Help_VoiceAssistant,0.3420334458351135,False,Help_VoiceAssistant,0.2907654345035553,False,Help_VoiceAssistant,0.30191564559936523,False
where do i find my overall rating,Help_ThriveScore,Help_HearingCareAnywhereConnect,0.21030111610889435,False,Help_HearingCareAnywhereConnect,0.1698257476091385,False,Help_HearingCareAnywhereConnect,0.19517090916633606,False
the stage sign,Default Fallback Intent,Cmd.MemoryChange,0.20557661354541779,False,Cmd.MemoryChange,0.2776310443878174,False,Cmd.MemoryChange,0.2567204535007477,False
can you set to auditorium program,Cmd.MemoryChange,Cmd.MemoryChange,0.9461626410484314,True,Cmd.MemoryChange,0.9728715419769287,True,Cmd.MemoryChange,0.9608386754989624,True
are these almost dead,Cmd.BatteryLevel,Default Fallback Intent,0.5124292969703674,False,Default Fallback Intent,0.7250149846076965,False,Default Fallback Intent,0.6023316383361816,False
help me with thive assistant,Help_VoiceAssistant,Help_VoiceAssistant,0.9514317512512207,True,Help_VoiceAssistant,0.9425827860832214,True,Help_VoiceAssistant,0.9443286061286926,True
can you alexa learn my voice,Default Fallback Intent,Help_IntelliVoice,0.2200354039669037,False,Default Fallback Intent,0.24307245016098022,True,Default Fallback Intent,0.15672598779201508,True
change to pub memory,Cmd.MemoryChange,Cmd.MemoryChange,0.9553130865097046,True,Cmd.MemoryChange,0.9772912859916687,True,Cmd.MemoryChange,0.965306282043457,True
lexus assembly to new,Default Fallback Intent,Default Fallback Intent,0.504472017288208,True,Default Fallback Intent,0.798373818397522,True,Default Fallback Intent,0.6604556441307068,True
please it's too low turn it up,Cmd.VolumeIncrease,Cmd.VolumeIncrease,0.4995242655277252,True,Default Fallback Intent,0.44197389483451843,False,Cmd.VolumeIncrease,0.43606650829315186,True
please turn the engine off of,Default Fallback Intent,Default Fallback Intent,0.8361152410507202,True,Default Fallback Intent,0.9312302470207214,True,Default Fallback Intent,0.8795120120048523,True
capture my running session,Cmd.ActivityRun,Cmd.ActivityWalk,0.48148733377456665,False,Cmd.ActivityWalk,0.46649691462516785,False,Cmd.ActivityWalk,0.4346158802509308,False
how do i enable double tap on my aid?,Help_DeviceSettings,Help_DeviceSettings,0.7128767967224121,True,Help_DeviceSettings,0.723832905292511,True,Help_DeviceSettings,0.73862224817276,True
start streaming remote to my hearing aids,Cmd.StreamingStart,Cmd.StreamingStart,0.8631606101989746,True,Cmd.StreamingStart,0.8847903609275818,True,Cmd.StreamingStart,0.8831455111503601,True
hearing aid,Default Fallback Intent,Help_FindMyHearingAids,0.5080190896987915,False,Help_FindMyHearingAids,0.510744571685791,False,Help_FindMyHearingAids,0.4911387860774994,False
can you search for my hearing aids,Help_FindMyHearingAids,Help_FindMyHearingAids,0.8735120892524719,True,Help_FindMyHearingAids,0.8469375371932983,True,Help_FindMyHearingAids,0.8513780236244202,True
can you show me user manual for my accessory,Help_Accessories,Help_RemoteProgramming,0.5714123249053955,False,Help_RemoteProgramming,0.6063403487205505,False,Help_RemoteProgramming,0.5571423172950745,False
send a quick update,Cmd.SendMessage,Cmd.SendMessage,0.9782082438468933,True,Cmd.SendMessage,0.9746957421302795,True,Cmd.SendMessage,0.9768444895744324,True
please change to mask,Cmd.MemoryChange,Cmd.MemoryChange,0.7934755682945251,True,Cmd.MemoryChange,0.8579928278923035,True,Cmd.MemoryChange,0.8328105211257935,True
can you finish my reminder.,reminders.complete,reminders.complete,0.9320727586746216,True,reminders.complete,0.9111390709877014,True,reminders.complete,0.9106493592262268,True
can you switch program to theater,Cmd.MemoryChange,Cmd.MemoryChange,0.9629043340682983,True,Cmd.MemoryChange,0.981999933719635,True,Cmd.MemoryChange,0.9733871817588806,True
please they are trying to reduce the temperature right now,Default Fallback Intent,Default Fallback Intent,0.532146155834198,True,Default Fallback Intent,0.7751398682594299,True,Default Fallback Intent,0.6649424433708191,True
send a message to a person,Cmd.SendMessage,Cmd.SendMessage,0.9833716750144958,True,Cmd.SendMessage,0.9790374040603638,True,Cmd.SendMessage,0.9805530905723572,True
turn off cable,Default Fallback Intent,Default Fallback Intent,0.6217462420463562,True,Default Fallback Intent,0.7967406511306763,True,Default Fallback Intent,0.7084274291992188,True
how do i mute the aid?,Help_Volume,Help_HearingCareAnywhereConnect,0.2523786723613739,False,Help_HearingCareAnywhereConnect,0.2229258269071579,False,Help_HearingCareAnywhereConnect,0.25963616371154785,False
how do i connect my hearing aids,Help_Pairing,Help_Pairing,0.46860596537590027,True,Help_Pairing,0.6284589171409607,True,Help_Pairing,0.4868732988834381,True
where would i cancel a fall alert text?,Help_FallAlert,Help_FallAlert,0.9877986311912537,True,Help_FallAlert,0.9887266755104065,True,Help_FallAlert,0.9884987473487854,True
help with transcription,Help_Transcribe,Help_IntelliVoice,0.6039271354675293,False,Help_IntelliVoice,0.5735614895820618,False,Help_IntelliVoice,0.569695770740509,False
send audio message,Cmd.SendMessage,Cmd.SendMessage,0.8281415700912476,True,Cmd.SendMessage,0.8353415131568909,True,Cmd.SendMessage,0.8358462452888489,True
create a reminder for me,reminders.add,reminders.add,0.8486518859863281,True,reminders.add,0.932733952999115,True,reminders.add,0.9155019521713257,True
add mask as a customized memory,Help_MemoryOptions,Cmd.MemoryChange,0.7093958258628845,False,Cmd.MemoryChange,0.8521812558174133,False,Cmd.MemoryChange,0.7935362458229065,False
phone missing,Cmd.FindMyPhone,Cmd.FindMyPhone,0.8450433611869812,True,Cmd.FindMyPhone,0.7857770323753357,True,Cmd.FindMyPhone,0.8177897334098816,True
but i want to see,Default Fallback Intent,Default Fallback Intent,0.5271639227867126,True,Default Fallback Intent,0.7379565834999084,True,Default Fallback Intent,0.6508263945579529,True
mute sound on hearing aids,Cmd.VolumeMute,Cmd.VolumeUnmute,0.6107619404792786,False,Cmd.VolumeUnmute,0.5776056051254272,False,Cmd.VolumeUnmute,0.5388849377632141,False
how to run self check,Help_SelfCheck,Help_SelfCheck,0.4850846827030182,True,Help_SelfCheck,0.45079848170280457,True,Help_SelfCheck,0.49022164940834045,True
can you sync car bluetooth to hearing aid,Help_Pairing,Help_Pairing,0.796580970287323,True,Help_Pairing,0.7900810837745667,True,Help_Pairing,0.7420491576194763,True
please cooking pork ribs on the bbq,Default Fallback Intent,Default Fallback Intent,0.8328156471252441,True,Default Fallback Intent,0.9185574054718018,True,Default Fallback Intent,0.8744465112686157,True
can you west winds blowing it up,Default Fallback Intent,Default Fallback Intent,0.7944154739379883,True,Default Fallback Intent,0.9114419221878052,True,Default Fallback Intent,0.861492395401001,True
how do i use self check,Help_SelfCheck,Help_SelfCheck,0.7255037426948547,True,Help_SelfCheck,0.7382001280784607,True,Help_SelfCheck,0.7689957022666931,True
please sorry i didn't give you a kiss,Default Fallback Intent,Default Fallback Intent,0.6907641887664795,True,Default Fallback Intent,0.8510692119598389,True,Default Fallback Intent,0.7620562314987183,True
please record this meeting,Cmd.TranscribeStart,Cmd.TranscribeStart,0.7935279011726379,True,Cmd.TranscribeStart,0.7635416984558105,True,Cmd.TranscribeStart,0.7771751880645752,True
set a reminder for me please,reminders.add,reminders.add,0.9285475611686707,True,reminders.add,0.9529855847358704,True,reminders.add,0.9382661581039429,True
how do i adjust my noise masker in my aid?,Help_Tinnitus,Help_Tinnitus,0.7180114388465881,True,Help_Tinnitus,0.7593214511871338,True,Help_Tinnitus,0.744669497013092,True
can my audiologist adjust my aid remotely?,Help_RemoteProgramming,Help_RemoteProgramming,0.7081848382949829,True,Help_RemoteProgramming,0.7446383833885193,True,Help_RemoteProgramming,0.7213513851165771,True
let me send a message,Cmd.SendMessage,Cmd.SendMessage,0.9604431986808777,True,Cmd.SendMessage,0.9573627710342407,True,Cmd.SendMessage,0.9580398201942444,True
when should i use self-check?,Help_SelfCheck,Help_VoiceAssistant,0.16548076272010803,False,Default Fallback Intent,0.3737300634384155,False,Default Fallback Intent,0.23378078639507294,False
how do i show the app without hearing aids?,Help_DemoMode,Help_DemoMode,0.7836560010910034,True,Help_DemoMode,0.7791817784309387,True,Help_DemoMode,0.7826671004295349,True
where do i intercept an alert message text?,Help_FallAlert,Help_FallAlert,0.9741942286491394,True,Help_FallAlert,0.9755399823188782,True,Help_FallAlert,0.9741641283035278,True
my hearing aids are missing,Help_FindMyHearingAids,Help_DeviceSettings,0.4194329082965851,False,Help_DeviceSettings,0.40914738178253174,False,Help_DeviceSettings,0.4196264445781708,False
what are symptoms of ear wax buildup,Help_CleanCare,Help_CleanCare,0.41560566425323486,True,Help_CleanCare,0.38833776116371155,True,Help_CleanCare,0.3628329634666443,True
please switch to worship,Cmd.MemoryChange,Cmd.MemoryChange,0.9095829725265503,True,Cmd.MemoryChange,0.9442859888076782,True,Cmd.MemoryChange,0.9281860589981079,True
please pairing aids on the app,Help_Pairing,Help_Pairing,0.9439154863357544,True,Help_Pairing,0.9592972993850708,True,Help_Pairing,0.9489963054656982,True
what is the life cycle of a rechargeable hearing aid,Default Fallback Intent,Default Fallback Intent,0.4996907114982605,True,Default Fallback Intent,0.7740395069122314,True,Default Fallback Intent,0.6774734854698181,True
can you show me an overview of the thrive app,Help_WhatsNew,Help_WhatsNew,0.8512550592422485,True,Help_WhatsNew,0.84639573097229,True,Help_WhatsNew,0.8569849133491516,True
can you switch to work memory,Cmd.MemoryChange,Cmd.MemoryChange,0.8693203330039978,True,Cmd.MemoryChange,0.947035014629364,True,Cmd.MemoryChange,0.9132107496261597,True
please not so loud,Cmd.VolumeDecrease,Cmd.VolumeDecrease,0.19894693791866302,True,Default Fallback Intent,0.3508620858192444,False,Default Fallback Intent,0.2505841553211212,False
can i setup geotagging,Help_MemoryOptions,Help_DeviceSettings,0.20013728737831116,False,Default Fallback Intent,0.35985028743743896,False,Default Fallback Intent,0.24276015162467957,False
can you please remind me to call,reminders.add,reminders.add,0.9794179797172546,True,reminders.add,0.9842503070831299,True,reminders.add,0.9814599752426147,True
can you calories working out,Cmd.ActivityExercise,Default Fallback Intent,0.1808738112449646,False,Default Fallback Intent,0.40233176946640015,False,Default Fallback Intent,0.2981231212615967,False
set to worship program,Cmd.MemoryChange,Cmd.MemoryChange,0.9694287776947021,True,Cmd.MemoryChange,0.9845392107963562,True,Cmd.MemoryChange,0.9767168760299683,True
please play my message,Cmd.ListenMessage,Cmd.ListenMessage,0.9703137874603271,True,Cmd.ListenMessage,0.9656437635421753,True,Cmd.ListenMessage,0.9651048183441162,True
can you turn my left hearing aid off,Cmd.VolumeMute,Cmd.VolumeMute,0.8854809999465942,True,Cmd.VolumeMute,0.8062928318977356,True,Cmd.VolumeMute,0.8571093678474426,True
please help with self check,Help_SelfCheck,Help_SelfCheck,0.7719354033470154,True,Help_SelfCheck,0.7323657274246216,True,Help_SelfCheck,0.7756729125976562,True
cut off the streamed audio,Cmd.StreamingStop,Cmd.StreamingStop,0.6398176550865173,True,Cmd.StreamingStop,0.5797396898269653,True,Cmd.StreamingStop,0.6035043597221375,True
please switch setting to number three,Cmd.MemoryChange,Cmd.MemoryChange,0.8975655436515808,True,Cmd.MemoryChange,0.9362389445304871,True,Cmd.MemoryChange,0.916126549243927,True
please turn off source plugs,Default Fallback Intent,Default Fallback Intent,0.8855220675468445,True,Default Fallback Intent,0.9555442333221436,True,Default Fallback Intent,0.9238135814666748,True
remember to work out,reminders.add,Default Fallback Intent,0.5612186789512634,False,Default Fallback Intent,0.7231720685958862,False,Default Fallback Intent,0.6364017128944397,False
how do i enable mask mode for masks,Help_MaskMode,Help_MaskMode,0.9275516271591187,True,Help_MaskMode,0.9293537139892578,True,Help_MaskMode,0.9300519227981567,True
search for my hearing aids,Help_FindMyHearingAids,Help_FindMyHearingAids,0.7692534923553467,True,Help_FindMyHearingAids,0.8120808005332947,True,Help_FindMyHearingAids,0.7904579043388367,True
i want to listen to the presenter,Cmd.StreamingStart,Cmd.StreamingStart,0.7523460984230042,True,Cmd.StreamingStart,0.675642728805542,True,Cmd.StreamingStart,0.6902834177017212,True
how do i enable double tap on my hearing aid?,Help_DeviceSettings,Help_DeviceSettings,0.7030800580978394,True,Help_DeviceSettings,0.7243298292160034,True,Help_DeviceSettings,0.7435395121574402,True
begin a message,Cmd.SendMessage,Cmd.SendMessage,0.9889215230941772,True,Cmd.SendMessage,0.9860973358154297,True,Cmd.SendMessage,0.9883529543876648,True
let a friend hear what i hear,Help_HearShare,Help_HearShare,0.6627094745635986,True,Help_HearShare,0.5854678750038147,True,Help_HearShare,0.5716059803962708,True
can the hearing care specialist adjust my aids remotely?,Help_RemoteProgramming,Help_RemoteProgramming,0.85626220703125,True,Help_RemoteProgramming,0.878141462802887,True,Help_RemoteProgramming,0.8585778474807739,True
how do i adjust the volume on my remote mic?,Help_Accessories,Help_Accessories,0.7904158234596252,True,Help_Accessories,0.7994788885116577,True,Help_Accessories,0.8103324770927429,True
can you stream from the remote microphone,Cmd.StreamingStart,Cmd.StreamingStart,0.5247372984886169,True,Cmd.StreamingStart,0.5583035349845886,True,Cmd.StreamingStart,0.56596839427948,True
track my aerobic exercise,Cmd.ActivityAerobics,Cmd.ActivityAerobics,0.683276355266571,True,Cmd.ActivityAerobics,0.6776070594787598,True,Cmd.ActivityAerobics,0.6791912317276001,True
stop the audio stream,Cmd.StreamingStop,Cmd.StreamingStop,0.8159839510917664,True,Cmd.StreamingStop,0.7925949096679688,True,Cmd.StreamingStop,0.7945258021354675,True
are my hearing aids paired to the phone?,Help_Pairing,Help_Pairing,0.9662783145904541,True,Help_Pairing,0.97091144323349,True,Help_Pairing,0.9583896398544312,True
can you set reminder for dinner with tom please,reminders.add,reminders.add,0.9842302203178406,True,reminders.add,0.9852603673934937,True,reminders.add,0.985180139541626,True
how will i know when the hearing specialist adjusted my hearing aid?,Help_RemoteProgramming,Help_RemoteProgramming,0.9566165804862976,True,Help_RemoteProgramming,0.9586965441703796,True,Help_RemoteProgramming,0.9554413557052612,True
can you set to theater memory,Cmd.MemoryChange,Cmd.MemoryChange,0.9203260540962219,True,Cmd.MemoryChange,0.9669914245605469,True,Cmd.MemoryChange,0.9485219717025757,True
can you remind me to wake up tomorrow,reminders.add,reminders.add,0.9812038540840149,True,reminders.add,0.9842069149017334,True,reminders.add,0.9833816289901733,True
please locate the nearest golf course,Default Fallback Intent,Default Fallback Intent,0.9692903757095337,True,Default Fallback Intent,0.9845179915428162,True,Default Fallback Intent,0.9708407521247864,True
please remind me of my appointment,reminders.add,reminders.add,0.9495711326599121,True,reminders.add,0.9617557525634766,True,reminders.add,0.9524759650230408,True
does a remote microphone work with my aids,Help_Accessories,Help_Accessories,0.6083229184150696,True,Help_Accessories,0.6349450349807739,True,Help_Accessories,0.566033124923706,True
lower the level,Cmd.VolumeDecrease,Cmd.VolumeDecrease,0.7941766977310181,True,Cmd.VolumeDecrease,0.8261947631835938,True,Cmd.VolumeDecrease,0.8193731307983398,True
can you make my aid silent,Cmd.VolumeMute,Cmd.VolumeMute,0.6517689824104309,True,Cmd.VolumeMute,0.5831277966499329,True,Cmd.VolumeMute,0.6238917112350464,True
can you it's different both of them are different,Default Fallback Intent,Default Fallback Intent,0.722558319568634,True,Default Fallback Intent,0.8590522408485413,True,Default Fallback Intent,0.7958766222000122,True
hearing care anywhere help,Help_HearingCareAnywhereConnect,Help_FindMyHearingAids,0.3073316812515259,False,Help_FindMyHearingAids,0.31476926803588867,False,Help_FindMyHearingAids,0.30586186051368713,False
read my new texts aloud,Cmd.ListenMessage,Help_Health,0.2763211727142334,False,Cmd.ListenMessage,0.2597866654396057,True,Cmd.ListenMessage,0.2586717903614044,True
silence the aids entirely,Cmd.VolumeMute,Cmd.VolumeIncrease,0.29558292031288147,False,Default Fallback Intent,0.2718483805656433,False,Cmd.VolumeIncrease,0.247468501329422,False
what is thrive assistant,Help_VoiceAssistant,Help_VoiceAssistant,0.9350099563598633,True,Help_VoiceAssistant,0.9255849719047546,True,Help_VoiceAssistant,0.9286690354347229,True
can you play last message,Cmd.ListenMessage,Cmd.ListenMessage,0.9789328575134277,True,Cmd.ListenMessage,0.9741100072860718,True,Cmd.ListenMessage,0.9762337803840637,True
find the product name hearing aids starkly,Help_DeviceSettings,Help_Tinnitus,0.2099628746509552,False,Default Fallback Intent,0.19107401371002197,False,Help_Tinnitus,0.19414158165454865,False
how to use edge mode,Help_EdgeMode,Help_EdgeMode,0.9780096411705017,True,Help_EdgeMode,0.9771331548690796,True,Help_EdgeMode,0.9769394993782043,True
please my left ear doesn't work good,Help_SelfCheck,Help_SelfCheck,0.34967151284217834,True,Help_SelfCheck,0.30010539293289185,True,Help_SelfCheck,0.33460766077041626,True
pairing my hearing aids with my app,Help_Pairing,Help_Pairing,0.9262352585792542,True,Help_Pairing,0.9498452544212341,True,Help_Pairing,0.9360184073448181,True
what microphone accessories can stream to me,Help_Accessories,Help_Accessories,0.40299513936042786,True,Help_Accessories,0.3956226110458374,True,Help_Accessories,0.3544703423976898,True
can you new reminder about fitness,reminders.add,reminders.add,0.6367907524108887,True,reminders.add,0.7704358696937561,True,reminders.add,0.795427143573761,True
detect phone,Cmd.FindMyPhone,Cmd.FindMyPhone,0.9043567776679993,True,Cmd.FindMyPhone,0.864976704120636,True,Cmd.FindMyPhone,0.8894152641296387,True
create reminder,reminders.add,reminders.complete,0.5868014693260193,False,reminders.add,0.4684010148048401,True,reminders.complete,0.47530800104141235,False
please switch program to master,Cmd.MemoryChange,Cmd.MemoryChange,0.9568513035774231,True,Cmd.MemoryChange,0.9754965305328369,True,Cmd.MemoryChange,0.9660979509353638,True
how do i charge my hearing aid itc,Help_Battery,Help_Battery,0.6640815138816833,True,Help_Battery,0.6156697869300842,True,Help_Battery,0.6857355833053589,True
can you switch setting to number three,Cmd.MemoryChange,Cmd.MemoryChange,0.9360727071762085,True,Cmd.MemoryChange,0.9609854221343994,True,Cmd.MemoryChange,0.947976291179657,True
set to auditorium memory,Cmd.MemoryChange,Cmd.MemoryChange,0.9644357562065125,True,Cmd.MemoryChange,0.9824129343032837,True,Cmd.MemoryChange,0.9728406071662903,True
please change settings to three,Cmd.MemoryChange,Cmd.MemoryChange,0.854231595993042,True,Cmd.MemoryChange,0.909690797328949,True,Cmd.MemoryChange,0.8837778568267822,True
how much juice is left?,Cmd.BatteryLevel,Cmd.BatteryLevel,0.8674792051315308,True,Cmd.BatteryLevel,0.8339211344718933,True,Cmd.BatteryLevel,0.8649307489395142,True
why can't i easily turn the sound on my hearing aid app,Help_Volume,Help_Pairing,0.2560012936592102,False,Help_Pairing,0.27228274941444397,False,Help_Pairing,0.20066781342029572,False
please remind me to send out christmas cards every year on december 1st at 5 p.m.,reminders.add,reminders.add,0.9190530776977539,True,reminders.add,0.9147927165031433,True,reminders.add,0.9215699434280396,True
set program to pub,Cmd.MemoryChange,Cmd.MemoryChange,0.9762643575668335,True,Cmd.MemoryChange,0.9867847561836243,True,Cmd.MemoryChange,0.980993390083313,True
how far have i jogged?,Cmd.ActivityRun,Cmd.ActivityCycle,0.4746576249599457,False,Cmd.ActivityCycle,0.43284812569618225,False,Cmd.ActivityCycle,0.5040343999862671,False
please set setting to number one,Cmd.MemoryChange,Cmd.MemoryChange,0.932863712310791,True,Cmd.MemoryChange,0.9605664014816284,True,Cmd.MemoryChange,0.9462464451789856,True
how do i make eggs,Default Fallback Intent,Default Fallback Intent,0.810919463634491,True,Default Fallback Intent,0.9347716569900513,True,Default Fallback Intent,0.8829729557037354,True
cut the wind noise with a setting,Help_EdgeMode,Help_Reminder,0.3266286551952362,False,Help_Reminder,0.2568783760070801,False,Help_Reminder,0.2888968288898468,False
what's the best way to clean my aids,Help_CleanCare,Help_RemoteProgramming,0.18339106440544128,False,Help_RemoteProgramming,0.19845052063465118,False,Help_RemoteProgramming,0.18176324665546417,False
please change setting to two,Cmd.MemoryChange,Cmd.MemoryChange,0.9532003402709961,True,Cmd.MemoryChange,0.9709186553955078,True,Cmd.MemoryChange,0.9612094163894653,True
take me to quick start,Help_WhatsNew,Help_WhatsNew,0.2331792265176773,True,Help_WhatsNew,0.24436159431934357,True,Help_WhatsNew,0.22657662630081177,True
where can i see my daily goals,Help_Health,Help_Health,0.7564760446548462,True,Help_Health,0.7447903752326965,True,Help_Health,0.7354804277420044,True
how does transcribe work,Help_Transcribe,Help_Transcribe,0.9769346714019775,True,Help_Transcribe,0.9746365547180176,True,Help_Transcribe,0.9760501980781555,True
turn up my right aid,Cmd.VolumeIncrease,Cmd.VolumeIncrease,0.6317816972732544,True,Cmd.VolumeIncrease,0.6743274331092834,True,Cmd.VolumeIncrease,0.6330792903900146,True
hey google,Default Fallback Intent,Default Fallback Intent,0.7474973201751709,True,Default Fallback Intent,0.8704642057418823,True,Default Fallback Intent,0.8008188605308533,True
can you help with tinnitus volume adjustment in my aid,Help_Tinnitus,Help_Tinnitus,0.9581737518310547,True,Help_Tinnitus,0.9632232189178467,True,Help_Tinnitus,0.9613416790962219,True
switch setting to number two,Cmd.MemoryChange,Cmd.MemoryChange,0.9614514112472534,True,Cmd.MemoryChange,0.9775851368904114,True,Cmd.MemoryChange,0.9685965776443481,True
let someone know about this,Cmd.SendMessage,Default Fallback Intent,0.5942631363868713,False,Default Fallback Intent,0.7367266416549683,False,Default Fallback Intent,0.6381062269210815,False
explain how edge mode works,Help_EdgeMode,Help_EdgeMode,0.8974819183349609,True,Help_EdgeMode,0.8877202272415161,True,Help_EdgeMode,0.8851408958435059,True
translate hebrew,Cmd.TranslationStart,Help_Translate,0.5222599506378174,False,Help_Translate,0.4492281377315521,False,Help_Translate,0.46645307540893555,False
how can i use custom memories?,Help_MemoryOptions,Help_MemoryOptions,0.7428840398788452,True,Help_MemoryOptions,0.7635491490364075,True,Help_MemoryOptions,0.7762565612792969,True
can you pairing my aids,Help_Pairing,Help_Pairing,0.9067540168762207,True,Help_Pairing,0.9187511801719666,True,Help_Pairing,0.8958005905151367,True
can you have i stood an hour,Cmd.ActivityStand,Cmd.ActivityStand,0.9129186868667603,True,Cmd.ActivityStand,0.8508698344230652,True,Cmd.ActivityStand,0.8725165724754333,True
help finding my hearing aids feature,Help_FindMyHearingAids,Help_DeviceSettings,0.344906747341156,False,Help_DeviceSettings,0.3575541377067566,False,Help_DeviceSettings,0.38195565342903137,False
can you david soul alert,Default Fallback Intent,Default Fallback Intent,0.8288532495498657,True,Default Fallback Intent,0.9242884516716003,True,Default Fallback Intent,0.8623164892196655,True
activity goal,Cmd.ActivityAerobics,Cmd.VolumeIncrease,0.5345187783241272,False,Cmd.VolumeIncrease,0.5354079008102417,False,Cmd.VolumeIncrease,0.5448270440101624,False
set to pub memory,Cmd.MemoryChange,Cmd.MemoryChange,0.9613799452781677,True,Cmd.MemoryChange,0.9804242849349976,True,Cmd.MemoryChange,0.9699446558952332,True
wish you would have been with me it is so crowded on their john's pass you can't find a parking spot,Default Fallback Intent,Default Fallback Intent,0.90966796875,True,Default Fallback Intent,0.9518854022026062,True,Default Fallback Intent,0.9247256517410278,True
can you change to music memory,Cmd.MemoryChange,Cmd.MemoryChange,0.9150500893592834,True,Cmd.MemoryChange,0.9652478694915771,True,Cmd.MemoryChange,0.9433486461639404,True
can you change memory to work,Cmd.MemoryChange,Cmd.MemoryChange,0.9450411796569824,True,Cmd.MemoryChange,0.9751796126365662,True,Cmd.MemoryChange,0.9607149958610535,True
what's the charge on my aids,Cmd.BatteryLevel,Help_DeviceSettings,0.3369312882423401,False,Cmd.BatteryLevel,0.31234216690063477,True,Cmd.BatteryLevel,0.3431793749332428,True
nice to meet you,Default Fallback Intent,Default Fallback Intent,0.9198375940322876,True,Default Fallback Intent,0.9475405812263489,True,Default Fallback Intent,0.9182338714599609,True
can you remind me i have a meeting,reminders.add,reminders.add,0.7986477613449097,True,reminders.add,0.891395628452301,True,reminders.add,0.867141604423523,True
explain how to schedule reminders,Help_Reminder,Help_HearShare,0.39575767517089844,False,Help_HearShare,0.382519006729126,False,Help_HearShare,0.36478719115257263,False
how many steps calories,Cmd.ActivityStep,Cmd.ActivityStep,0.36993271112442017,True,Cmd.ActivityRun,0.36255061626434326,False,Cmd.ActivityStep,0.3719242513179779,True
can you transcribe help,Help_Transcribe,Help_Transcribe,0.9794216156005859,True,Help_Transcribe,0.9795297980308533,True,Help_Transcribe,0.9801654815673828,True
can i use the app without a hearing aid,Help_DemoMode,Help_DemoMode,0.46073856949806213,True,Help_DemoMode,0.4178559482097626,True,Help_DemoMode,0.40191349387168884,True
please turn streaming on,Cmd.StreamingStart,Cmd.StreamingStart,0.5352790355682373,True,Cmd.StreamingStart,0.5343543291091919,True,Cmd.StreamingStart,0.5517898797988892,True
can you turn on this is my life,Default Fallback Intent,Default Fallback Intent,0.5060260891914368,True,Default Fallback Intent,0.7181843519210815,True,Default Fallback Intent,0.6113868355751038,True
please search for my hearing aids,Help_FindMyHearingAids,Help_FindMyHearingAids,0.509690523147583,True,Help_FindMyHearingAids,0.5548727512359619,True,Help_FindMyHearingAids,0.539480984210968,True
how do i increase the volume in just the left side?,Help_Volume,Help_Volume,0.9810172915458679,True,Help_Volume,0.9782366156578064,True,Help_Volume,0.9754968881607056,True
please remind about business meeting every monday at 4 p.m.,reminders.add,reminders.add,0.8523035645484924,True,reminders.add,0.8540686964988708,True,reminders.add,0.8687185645103455,True
reminder me every year to go to the doctor at 8 a.m.,reminders.add,reminders.add,0.975888192653656,True,reminders.add,0.9788892269134521,True,reminders.add,0.9787225127220154,True
min sound,Cmd.VolumeDecrease,Cmd.VolumeDecrease,0.3257722556591034,True,Cmd.VolumeDecrease,0.35484397411346436,True,Cmd.VolumeDecrease,0.3384905755519867,True
please turn off tv,Default Fallback Intent,Cmd.StreamingStart,0.3768480718135834,False,Default Fallback Intent,0.3887397050857544,True,Cmd.StreamingStart,0.3371657133102417,False
how do i unpair my aids from my phone?,Help_Pairing,Help_Accessories,0.3033432960510254,False,Help_Pairing,0.3317781388759613,True,Help_Accessories,0.3229706883430481,False
can i snooze a reminder,Help_Reminder,Help_Reminder,0.6155110597610474,True,Help_Reminder,0.4498732388019562,True,Help_Reminder,0.5222588777542114,True
bye bye,Default Fallback Intent,Cmd.TranscribeStart,0.19135050475597382,False,Cmd.TranscribeStart,0.17589661478996277,False,Cmd.TranscribeStart,0.18580061197280884,False
tell me what my step goal is,Cmd.ActivityStep,Cmd.ActivityStep,0.9490485787391663,True,Cmd.ActivityStep,0.9564875364303589,True,Cmd.ActivityStep,0.9546103477478027,True
saab wanted control,Default Fallback Intent,Help_WiCROS,0.5270918607711792,False,Help_WiCROS,0.437045693397522,False,Help_WiCROS,0.4945940673351288,False
how do i use translate,Help_Translate,Help_Translate,0.8921098709106445,True,Help_Translate,0.8945149183273315,True,Help_Translate,0.8929064869880676,True
remind me,reminders.add,reminders.add,0.9812707901000977,True,reminders.add,0.9847480654716492,True,reminders.add,0.9828451871871948,True
speech program,Cmd.MemoryChange,Cmd.MemoryChange,0.9436143636703491,True,Cmd.MemoryChange,0.9682764410972595,True,Cmd.MemoryChange,0.9550254344940186,True
what's the score of the match,Default Fallback Intent,Default Fallback Intent,0.7685008645057678,True,Default Fallback Intent,0.8673923015594482,True,Default Fallback Intent,0.8087514638900757,True
can you ask my house,Default Fallback Intent,Default Fallback Intent,0.9166374206542969,True,Default Fallback Intent,0.9749305844306946,True,Default Fallback Intent,0.9517351388931274,True
kitchen program,Cmd.MemoryChange,Cmd.MemoryChange,0.9524591565132141,True,Cmd.MemoryChange,0.9708779454231262,True,Cmd.MemoryChange,0.9611838459968567,True
please turn my left hearing aid on,Cmd.VolumeUnmute,Cmd.VolumeUnmute,0.7294402122497559,True,Cmd.VolumeUnmute,0.674788236618042,True,Cmd.VolumeUnmute,0.6614184975624084,True
can you first washing machine,Default Fallback Intent,reminders.add,0.559294581413269,False,reminders.add,0.5769572854042053,False,reminders.add,0.6147910356521606,False
how do i change the cros balance on the receiver?,Help_WiCROS,Help_WiCROS,0.826458215713501,True,Help_WiCROS,0.8196462988853455,True,Help_WiCROS,0.822114884853363,True
he forgot them and you need them let me know if i have a free afternoon i can drive over,Default Fallback Intent,Cmd.TranslationStart,0.30740293860435486,False,Default Fallback Intent,0.5161687731742859,True,Default Fallback Intent,0.4305987060070038,True
make things quieter,Cmd.VolumeDecrease,Cmd.VolumeDecrease,0.39717772603034973,True,Cmd.VolumeDecrease,0.43023842573165894,True,Cmd.VolumeDecrease,0.40666666626930237,True
how do i access mask mode,Help_MaskMode,Help_MaskMode,0.9455636143684387,True,Help_MaskMode,0.9459130167961121,True,Help_MaskMode,0.9460124969482422,True
how can i use my voice to talk to thrive,Help_VoiceAssistant,Help_Transcribe,0.26635631918907166,False,Help_Transcribe,0.28412798047065735,False,Help_Transcribe,0.2912732660770416,False
where is the heart feature?,Help_HeartRate,Help_HeartRateRecovery,0.4259380102157593,False,Help_HeartRateRecovery,0.382277250289917,False,Help_HeartRateRecovery,0.40375369787216187,False
how do i adjust the sensitivity of the double tap?,Help_DeviceSettings,Help_DeviceSettings,0.7468690276145935,True,Help_DeviceSettings,0.7550807595252991,True,Help_DeviceSettings,0.7552908658981323,True
battery life is getting shorter,Help_Battery,Cmd.BatteryLevel,0.4631573259830475,False,Cmd.BatteryLevel,0.4453989863395691,False,Cmd.BatteryLevel,0.4678407907485962,False
please play it again.,Cmd.ListenMessage,Cmd.ListenMessage,0.9305337071418762,True,Cmd.ListenMessage,0.9099319577217102,True,Cmd.ListenMessage,0.918192446231842,True
what does the body score mean?,Help_ThriveScore,Help_ThriveScore,0.9615982174873352,True,Help_ThriveScore,0.955091655254364,True,Help_ThriveScore,0.9572114944458008,True
can you assist me,Default Fallback Intent,Default Fallback Intent,0.9372743368148804,True,Default Fallback Intent,0.9703081250190735,True,Default Fallback Intent,0.9493823051452637,True
how do i set reminders,Help_Reminder,Help_Reminder,0.8457779288291931,True,Help_Reminder,0.7899484634399414,True,Help_Reminder,0.8189753293991089,True
can you set memory to two,Cmd.MemoryChange,Cmd.MemoryChange,0.9578542709350586,True,Cmd.MemoryChange,0.9789338111877441,True,Cmd.MemoryChange,0.9688073992729187,True
can you am i close enough to the car,Default Fallback Intent,Default Fallback Intent,0.8501831293106079,True,Default Fallback Intent,0.9395272135734558,True,Default Fallback Intent,0.9090976715087891,True
can you adjusted with my phone,Default Fallback Intent,Cmd.FindMyPhone,0.28504109382629395,False,Default Fallback Intent,0.34058719873428345,True,Cmd.FindMyPhone,0.2617553472518921,False
turn up volume,Cmd.VolumeIncrease,Cmd.VolumeIncrease,0.8946852087974548,True,Cmd.VolumeIncrease,0.8961159586906433,True,Cmd.VolumeIncrease,0.8866590857505798,True
how many steps have i taken this week?,Cmd.ActivityStep,Cmd.ActivityStep,0.8962482810020447,True,Cmd.ActivityStep,0.8911157250404358,True,Cmd.ActivityStep,0.8902902603149414,True
i need it more quiet,Cmd.VolumeDecrease,Cmd.VolumeIncrease,0.36695927381515503,False,Cmd.VolumeIncrease,0.326592355966568,False,Cmd.VolumeIncrease,0.3221921920776367,False
how do i increase the volume in the left hearing aid?,Help_Volume,Help_Volume,0.9430761933326721,True,Help_Volume,0.9372869729995728,True,Help_Volume,0.9315859079360962,True
what's the firmware version of my hearing aid?,Help_DeviceSettings,Help_DeviceSettings,0.5593330264091492,True,Help_DeviceSettings,0.5619730949401855,True,Help_DeviceSettings,0.6018272638320923,True
on the phone with pt ptt,Default Fallback Intent,Default Fallback Intent,0.8557711839675903,True,Default Fallback Intent,0.9280217885971069,True,Default Fallback Intent,0.8891642093658447,True
can you increase volume in my hearing aids,Cmd.VolumeIncrease,Cmd.VolumeIncrease,0.8508899807929993,True,Cmd.VolumeIncrease,0.855785608291626,True,Cmd.VolumeIncrease,0.8416284918785095,True
can you i'll let you sleep,Default Fallback Intent,Default Fallback Intent,0.37620097398757935,True,Default Fallback Intent,0.5295519232749939,True,Default Fallback Intent,0.4224400222301483,True
please take us to see forget it we are in the car and the drone noise will cost if i have them in the road noises being amplified as well,Default Fallback Intent,Default Fallback Intent,0.8564267158508301,True,Default Fallback Intent,0.9440146088600159,True,Default Fallback Intent,0.9195522665977478,True
can you switch program to telephone,Cmd.MemoryChange,Cmd.MemoryChange,0.9633699059486389,True,Cmd.MemoryChange,0.982672929763794,True,Cmd.MemoryChange,0.9733890891075134,True
please set a reminder for 8 a.m.,reminders.add,reminders.add,0.9586846828460693,True,reminders.add,0.9746856689453125,True,reminders.add,0.9672616124153137,True
switch program to office,Cmd.MemoryChange,Cmd.MemoryChange,0.9672327041625977,True,Cmd.MemoryChange,0.9820735454559326,True,Cmd.MemoryChange,0.9741114974021912,True
can you school memory,Cmd.MemoryChange,Cmd.MemoryChange,0.8742889761924744,True,Cmd.MemoryChange,0.9478747248649597,True,Cmd.MemoryChange,0.915235161781311,True
can you tell me about the reminders feature,Help_Reminder,Default Fallback Intent,0.21761734783649445,False,Default Fallback Intent,0.4494534432888031,False,Default Fallback Intent,0.34415292739868164,False
how do i remove accessories from my app?,Help_Accessories,Help_Accessories,0.7910230755805969,True,Help_Accessories,0.8244868516921997,True,Help_Accessories,0.8177989721298218,True
please set to everyday program,Cmd.MemoryChange,Cmd.MemoryChange,0.8844607472419739,True,Cmd.MemoryChange,0.9302829504013062,True,Cmd.MemoryChange,0.906806230545044,True
how does self check work?,Help_SelfCheck,Help_SelfCheck,0.9448670148849487,True,Help_SelfCheck,0.9372955560684204,True,Help_SelfCheck,0.9477823376655579,True
compose a message to my coworker,Cmd.SendMessage,Cmd.SendMessage,0.846554696559906,True,Cmd.SendMessage,0.7678899765014648,True,Cmd.SendMessage,0.8312193751335144,True
explain my brain score,Help_ThriveScore,Help_ThriveScore,0.9174018502235413,True,Help_ThriveScore,0.9256468415260315,True,Help_ThriveScore,0.9180614948272705,True
start writing down the speech,Cmd.TranscribeStart,Cmd.TranscribeStart,0.19146327674388885,True,Cmd.TranscribeStart,0.1725490689277649,True,Cmd.TranscribeStart,0.18345482647418976,True
talking about my daughter,Default Fallback Intent,Help_EdgeMode,0.23959912359714508,False,Cmd.ActivityRun,0.22924968600273132,False,Cmd.ActivityRun,0.22823376953601837,False
can the audiologist adjust the hearing aid remotely?,Help_RemoteProgramming,Help_RemoteProgramming,0.7624284625053406,True,Help_RemoteProgramming,0.7983132004737854,True,Help_RemoteProgramming,0.7722652554512024,True
remind me to deliver to saint barbara catholic church on friday 9 to 9:30,reminders.add,reminders.add,0.7054823637008667,True,reminders.add,0.698444664478302,True,reminders.add,0.7065467834472656,True
how do i let another person hear with me,Help_HearShare,Help_HearShare,0.8955965638160706,True,Help_HearShare,0.8889729380607605,True,Help_HearShare,0.8853515982627869,True
can you self check user guide,Help_SelfCheck,Help_SelfCheck,0.8424059152603149,True,Help_SelfCheck,0.8559711575508118,True,Help_SelfCheck,0.8718268275260925,True
i'm new to this,Help_Home,Help_WhatsNew,0.19330820441246033,False,Help_WhatsNew,0.1722719520330429,False,Help_WhatsNew,0.17933765053749084,False
dnn speech enhancement user guide,Help_IntelliVoice,Help_IntelliVoice,0.9142532348632812,True,Help_IntelliVoice,0.9202982783317566,True,Help_IntelliVoice,0.9068400859832764,True
how does hearshare connect another person,Help_HearShare,Help_HearShare,0.942040205001831,True,Help_HearShare,0.9474227428436279,True,Help_HearShare,0.9465708136558533,True
can you music program,Cmd.MemoryChange,Cmd.MemoryChange,0.7817170023918152,True,Cmd.MemoryChange,0.8702011704444885,True,Cmd.MemoryChange,0.8305674195289612,True
tell me my calories for today,Cmd.ActivityCalories,Cmd.ActivityCalories,0.6602625250816345,True,Cmd.ActivityCalories,0.6507112979888916,True,Cmd.ActivityCalories,0.6647011041641235,True
i want to send a voice message,Cmd.SendMessage,Cmd.SendMessage,0.9627730846405029,True,Cmd.SendMessage,0.954208254814148,True,Cmd.SendMessage,0.9556753635406494,True
i want you to remind me something,reminders.add,reminders.add,0.9619588255882263,True,reminders.add,0.9624660611152649,True,reminders.add,0.9610610604286194,True
can you connect left aid,Help_Pairing,Help_Pairing,0.7426623106002808,True,Help_Pairing,0.684852659702301,True,Help_Pairing,0.5915495753288269,True
please remind me to visit my family on thanksgiving day,reminders.add,reminders.add,0.9688768982887268,True,reminders.add,0.9775405526161194,True,reminders.add,0.9735809564590454,True
find me a hotel,Default Fallback Intent,Default Fallback Intent,0.3752133250236511,True,Default Fallback Intent,0.5933606624603271,True,Default Fallback Intent,0.4604008197784424,True
pull back the volume,Cmd.VolumeDecrease,Cmd.VolumeDecrease,0.7603726983070374,True,Cmd.VolumeDecrease,0.7840554714202881,True,Cmd.VolumeDecrease,0.7963935136795044,True
please my right hearing aid is at 0%,Default Fallback Intent,Help_SelfCheck,0.84140944480896,False,Help_SelfCheck,0.740144670009613,False,Help_SelfCheck,0.7754417061805725,False
can you turn the sound on,Cmd.VolumeUnmute,Cmd.VolumeUnmute,0.8603042364120483,True,Cmd.VolumeUnmute,0.797007143497467,True,Cmd.VolumeUnmute,0.8008360862731934,True
note down my walk,Cmd.ActivityWalk,Cmd.ActivityWalk,0.2625631093978882,True,Cmd.ActivityWalk,0.21688708662986755,True,Cmd.ActivityWalk,0.2092261165380478,True
how do i find heart rate recovery?,Help_HeartRateRecovery,Help_HeartRateRecovery,0.9493471384048462,True,Help_HeartRateRecovery,0.9490823745727539,True,Help_HeartRateRecovery,0.9542752504348755,True
where can i learn more,Help_Home,Default Fallback Intent,0.24395805597305298,False,Default Fallback Intent,0.5073279142379761,False,Default Fallback Intent,0.35048922896385193,False
please change to home,Cmd.MemoryChange,Cmd.MemoryChange,0.7488878965377808,True,Cmd.MemoryChange,0.8098078966140747,True,Cmd.MemoryChange,0.7859152555465698,True
can you help with tinnitus sound adjustments in my hearing aids,Help_Tinnitus,Help_Tinnitus,0.9722242951393127,True,Help_Tinnitus,0.974915087223053,True,Help_Tinnitus,0.9735192656517029,True
please where's my phone,Cmd.FindMyPhone,Cmd.FindMyPhone,0.9663219451904297,True,Cmd.FindMyPhone,0.9503553509712219,True,Cmd.FindMyPhone,0.9616081714630127,True
make everything quieter,Cmd.VolumeDecrease,Cmd.VolumeIncrease,0.4425223767757416,False,Cmd.VolumeIncrease,0.44295820593833923,False,Cmd.VolumeIncrease,0.43223750591278076,False
inserting hearing aids help,Help_InsertDevice,Help_CleanCare,0.3171941041946411,False,Help_CleanCare,0.3296717405319214,False,Help_CleanCare,0.32318076491355896,False
set a reminder so i don't forget,reminders.add,reminders.add,0.7144335508346558,True,reminders.add,0.8393694758415222,True,reminders.add,0.8140888214111328,True
can you help me transcribe,Help_Transcribe,Help_Transcribe,0.9752821922302246,True,Help_Transcribe,0.9689591526985168,True,Help_Transcribe,0.9709180593490601,True
can you switch to tinnitus program,Cmd.MemoryChange,Cmd.MemoryChange,0.8009310960769653,True,Cmd.MemoryChange,0.9077490568161011,True,Cmd.MemoryChange,0.8557999730110168,True
please show me my jogging goal,Cmd.ActivityRun,Cmd.ActivityRun,0.5250913500785828,True,Cmd.ActivityRun,0.5594893097877502,True,Cmd.ActivityRun,0.5248335599899292,True
any new messages read them,Cmd.ListenMessage,Cmd.ActivityExercise,0.3088921010494232,False,Cmd.ActivityExercise,0.28127428889274597,False,Cmd.ActivityExercise,0.29129913449287415,False
please increase the right hearing aid,Cmd.VolumeIncrease,Help_SelfCheck,0.42978769540786743,False,Help_SelfCheck,0.3741072416305542,False,Help_SelfCheck,0.3997125029563904,False
remind me once about running,reminders.add,reminders.add,0.9846241474151611,True,reminders.add,0.9873037934303284,True,reminders.add,0.9865037202835083,True
what is transcribe,Help_Transcribe,Help_Transcribe,0.9718591570854187,True,Help_Transcribe,0.9710370898246765,True,Help_Transcribe,0.9712962508201599,True
how does my provider adjust my aids remotely,Help_RemoteProgramming,Help_HearingCareAnywhereConnect,0.2895759046077728,False,Help_RemoteProgramming,0.29643410444259644,True,Help_HearingCareAnywhereConnect,0.28644612431526184,False
what is a cros hearing aid,Help_WiCROS,Help_WiCROS,0.41109609603881836,True,Help_WiCROS,0.4304334819316864,True,Help_WiCROS,0.4214530289173126,True
change program to car,Cmd.MemoryChange,Cmd.MemoryChange,0.9755544066429138,True,Cmd.MemoryChange,0.9845820069313049,True,Cmd.MemoryChange,0.9794353246688843,True
make a reminder for me,reminders.add,reminders.add,0.9195464253425598,True,reminders.add,0.9567992091178894,True,reminders.add,0.9405561685562134,True
we searched for relief you can go in,Default Fallback Intent,Default Fallback Intent,0.7587438821792603,True,Default Fallback Intent,0.9029941558837891,True,Default Fallback Intent,0.8410064578056335,True
please make volume louder,Cmd.VolumeIncrease,Cmd.VolumeIncrease,0.7175760865211487,True,Cmd.VolumeIncrease,0.7221752405166626,True,Cmd.VolumeIncrease,0.6934475898742676,True
play my message,Cmd.ListenMessage,Cmd.ListenMessage,0.8890630602836609,True,Cmd.ListenMessage,0.8713124990463257,True,Cmd.ListenMessage,0.8685531616210938,True
thursday,Default Fallback Intent,Default Fallback Intent,0.8547848463058472,True,Default Fallback Intent,0.9263135194778442,True,Default Fallback Intent,0.8865664005279541,True
can you switch to meeting memory,Cmd.MemoryChange,Cmd.MemoryChange,0.8664354681968689,True,Cmd.MemoryChange,0.944757342338562,True,Cmd.MemoryChange,0.9111465215682983,True
help me send information,Cmd.SendMessage,Cmd.SendMessage,0.5821605324745178,True,Cmd.SendMessage,0.5926986336708069,True,Cmd.SendMessage,0.5886829495429993,True
my hearing aid won't stay in it keeps coming out,Help_InsertDevice,Help_InsertDevice,0.6407297253608704,True,Help_InsertDevice,0.49825096130371094,True,Help_InsertDevice,0.5468552708625793,True
can you remind me to call mom on christmas,reminders.add,reminders.add,0.9720504879951477,True,reminders.add,0.9692745804786682,True,reminders.add,0.9695609211921692,True
what does alert sent mean?,Help_FallAlert,Help_FallAlert,0.8366901874542236,True,Help_FallAlert,0.7916162014007568,True,Help_FallAlert,0.8186023831367493,True
what does the activity score mean?,Help_ThriveScore,Help_ThriveScore,0.9378912448883057,True,Help_ThriveScore,0.9305552840232849,True,Help_ThriveScore,0.9330111145973206,True
can you switch memory to auditorium,Cmd.MemoryChange,Cmd.MemoryChange,0.9596981406211853,True,Cmd.MemoryChange,0.9811768531799316,True,Cmd.MemoryChange,0.9703723788261414,True
can you switch program to two,Cmd.MemoryChange,Cmd.MemoryChange,0.9581798911094666,True,Cmd.MemoryChange,0.9773099422454834,True,Cmd.MemoryChange,0.967430830001831,True
search genesis,Default Fallback Intent,Default Fallback Intent,0.6621115803718567,True,Default Fallback Intent,0.7896535992622375,True,Default Fallback Intent,0.6789666414260864,True
can you switch program to everyday,Cmd.MemoryChange,Cmd.MemoryChange,0.9465336203575134,True,Cmd.MemoryChange,0.973220705986023,True,Cmd.MemoryChange,0.9598178267478943,True
can you crowd setting,Cmd.MemoryChange,Cmd.MemoryChange,0.9582175016403198,True,Cmd.MemoryChange,0.9723857045173645,True,Cmd.MemoryChange,0.9651880860328674,True
how do i personalize my sound settings,Help_Customize,Help_Customize,0.47174859046936035,True,Help_Customize,0.4868329167366028,True,Help_Customize,0.48942360281944275,True
how are you feeling today,Default Fallback Intent,Default Fallback Intent,0.8695617318153381,True,Default Fallback Intent,0.9530806541442871,True,Default Fallback Intent,0.9179809093475342,True
creating a demo with your capabilities,Default Fallback Intent,Default Fallback Intent,0.5413841605186462,True,Default Fallback Intent,0.8036566376686096,True,Default Fallback Intent,0.6964930891990662,True
stream from an accessory mic to my aids,Help_Accessories,Help_Accessories,0.5255559682846069,True,Help_Accessories,0.541171133518219,True,Help_Accessories,0.49103567004203796,True
how many calories did i burn while exercising,Cmd.ActivityExercise,Cmd.ActivityCalories,0.38398656249046326,False,Cmd.ActivityCalories,0.37485960125923157,False,Cmd.ActivityCalories,0.3898952007293701,False
please help with tinnitus volume adjustment on my hearing aids,Help_Tinnitus,Help_Tinnitus,0.9159260988235474,True,Help_Tinnitus,0.9247241020202637,True,Help_Tinnitus,0.9197946190834045,True
change to theater memory,Cmd.MemoryChange,Cmd.MemoryChange,0.9510833024978638,True,Cmd.MemoryChange,0.974280059337616,True,Cmd.MemoryChange,0.9624820947647095,True
can you switch program to automatic,Cmd.MemoryChange,Cmd.MemoryChange,0.9565695524215698,True,Cmd.MemoryChange,0.978415310382843,True,Cmd.MemoryChange,0.9672937989234924,True
how does mask mode help with covered faces,Help_MaskMode,Help_MaskMode,0.5716826915740967,True,Help_MaskMode,0.5669996738433838,True,Help_MaskMode,0.5500393509864807,True
stop stream,Cmd.StreamingStop,Cmd.StreamingStop,0.8727512955665588,True,Cmd.StreamingStop,0.8500729203224182,True,Cmd.StreamingStop,0.8595195412635803,True
can you he forgot them and you need them let me know if i have a free afternoon i can drive over,Default Fallback Intent,Cmd.TranslationStart,0.3892795443534851,False,Default Fallback Intent,0.5344051718711853,True,Default Fallback Intent,0.4415140450000763,True
please set an alarm for 8 a.m.,reminders.add,reminders.add,0.7305460572242737,True,reminders.add,0.7145548462867737,True,reminders.add,0.747588574886322,True
please switch memory to quiet,Cmd.MemoryChange,Cmd.MemoryChange,0.9025910496711731,True,Cmd.MemoryChange,0.947199821472168,True,Cmd.MemoryChange,0.9241772294044495,True
remind me at,reminders.add,reminders.add,0.9916663765907288,True,reminders.add,0.9938167929649353,True,reminders.add,0.9927714467048645,True
i need a reminder,reminders.add,reminders.add,0.7961738705635071,True,reminders.add,0.8656133413314819,True,reminders.add,0.8343857526779175,True
can you volume decrease,Cmd.VolumeDecrease,Cmd.VolumeDecrease,0.88297039270401,True,Cmd.VolumeDecrease,0.858157753944397,True,Cmd.VolumeDecrease,0.8784880042076111,True
can you phone missing,Cmd.FindMyPhone,Cmd.FindMyPhone,0.9523687958717346,True,Cmd.FindMyPhone,0.9221929311752319,True,Cmd.FindMyPhone,0.9410935044288635,True
how do i enable heart rate tracking,Help_HeartRate,Help_HeartRate,0.8556531667709351,True,Help_HeartRate,0.8576128482818604,True,Help_HeartRate,0.837622880935669,True
what improvements are new,Help_WhatsNew,Help_WhatsNew,0.5481575131416321,True,Help_WhatsNew,0.47159042954444885,True,Help_WhatsNew,0.534502387046814,True
what should i watch tonight,Default Fallback Intent,Cmd.BatteryLevel,0.5863473415374756,False,Cmd.BatteryLevel,0.6031642556190491,False,Cmd.BatteryLevel,0.5968881845474243,False
play tv stream,Cmd.StreamingStart,Cmd.StreamingStart,0.8757754564285278,True,Cmd.StreamingStart,0.899989128112793,True,Cmd.StreamingStart,0.884834885597229,True
can you change memory to outdoors,Cmd.MemoryChange,Cmd.MemoryChange,0.9241437315940857,True,Cmd.MemoryChange,0.9681720733642578,True,Cmd.MemoryChange,0.9482117891311646,True
how to set daily reminder,Help_Reminder,Help_Reminder,0.5227009057998657,True,reminders.add,0.5007209181785583,False,reminders.add,0.44591546058654785,False
switch to telephone,Cmd.MemoryChange,Cmd.MemoryChange,0.892170786857605,True,Cmd.MemoryChange,0.9500628113746643,True,Cmd.MemoryChange,0.9220296144485474,True
are both of my hearing aids working,Help_SelfCheck,Cmd.BatteryLevel,0.34116894006729126,False,Cmd.BatteryLevel,0.35992977023124695,False,Cmd.BatteryLevel,0.3994652032852173,False
please let me hear the tv,Cmd.StreamingStart,Cmd.StreamingStart,0.6855900287628174,True,Cmd.StreamingStart,0.5649406909942627,True,Cmd.StreamingStart,0.587433934211731,True
how do i adjust my loudness of the white noise in my hearing aid?,Help_Tinnitus,Help_Tinnitus,0.9495117664337158,True,Help_Tinnitus,0.9584592580795288,True,Help_Tinnitus,0.9555135369300842,True
please listen to my tv,Cmd.StreamingStart,Cmd.StreamingStart,0.9418343901634216,True,Cmd.StreamingStart,0.9482486844062805,True,Cmd.StreamingStart,0.9417662620544434,True
how do i diagnose my hearing aids,Help_SelfCheck,Help_DeviceSettings,0.37821605801582336,False,Help_DeviceSettings,0.3816407322883606,False,Help_DeviceSettings,0.4703986644744873,False
hearing aid audio stream,Cmd.StreamingStart,Cmd.StreamingStart,0.6968763470649719,True,Cmd.StreamingStart,0.7300126552581787,True,Cmd.StreamingStart,0.7168371677398682,True
does a clip on mic send audio to my aids,Help_Accessories,Help_SelfCheck,0.5216044783592224,False,Help_SelfCheck,0.5243709683418274,False,Help_SelfCheck,0.5472784638404846,False
please i can't find my android phone,Cmd.FindMyPhone,Cmd.FindMyPhone,0.9316297173500061,True,Cmd.FindMyPhone,0.9142280220985413,True,Cmd.FindMyPhone,0.9255317449569702,True
which version of the app am i using?,Help_AppSettings,Cmd.ActivityRun,0.24915188550949097,False,Cmd.ActivityRun,0.22046250104904175,False,Cmd.BatteryLevel,0.22882327437400818,False
how do i use self-check feature?,Help_SelfCheck,Help_VoiceAssistant,0.2155185043811798,False,Default Fallback Intent,0.16996797919273376,False,Help_Transcribe,0.17568016052246094,False
what is voice ai?,Help_IntelliVoice,Help_IntelliVoice,0.9618790745735168,True,Help_IntelliVoice,0.9668546915054321,True,Help_IntelliVoice,0.9595088958740234,True
am i close to my cycling goal?,Cmd.ActivityCycle,Cmd.ActivityRun,0.2675952911376953,False,Cmd.ActivityRun,0.2638835310935974,False,Cmd.ActivityRun,0.22270162403583527,False
ratchet the volume back,Cmd.VolumeDecrease,Cmd.VolumeDecrease,0.8271691203117371,True,Cmd.VolumeDecrease,0.8384276032447815,True,Cmd.VolumeDecrease,0.8394184112548828,True
please i'm walking and they didn't working,Default Fallback Intent,Cmd.TranslationStart,0.2786061465740204,False,Cmd.TranslationStart,0.2793313264846802,False,Cmd.TranslationStart,0.3088393807411194,False
want to send a message,Cmd.SendMessage,Cmd.SendMessage,0.9759027361869812,True,Cmd.SendMessage,0.9685379862785339,True,Cmd.SendMessage,0.9725894331932068,True
reduce the hearing aid volume,Cmd.VolumeDecrease,Cmd.VolumeDecrease,0.522522509098053,True,Cmd.VolumeDecrease,0.5250949859619141,True,Cmd.VolumeDecrease,0.5899439454078674,True
how do i adjust the cros balance on the transmitter?,Help_WiCROS,Help_WiCROS,0.8550859093666077,True,Help_WiCROS,0.8550379276275635,True,Help_WiCROS,0.8533177971839905,True
please all pre-program settings change when once changed,Default Fallback Intent,Help_ChangingMemories,0.16844803094863892,False,Default Fallback Intent,0.15278251469135284,True,Help_Home,0.15521200001239777,False
what are the fall detections,Help_FallAlert,Help_FallAlert,0.6963443756103516,True,Help_FallAlert,0.669644296169281,True,Help_FallAlert,0.6879657506942749,True
how to save edge mode setting?,Help_EdgeMode,Help_EdgeMode,0.8994565606117249,True,Help_EdgeMode,0.8845016956329346,True,Help_EdgeMode,0.8820527195930481,True
how do i share my information with my son?,Help_HearShare,Help_HearShare,0.9394214749336243,True,Help_HearShare,0.9472205638885498,True,Help_HearShare,0.9509417414665222,True
track my walking distance,Cmd.ActivityWalk,Cmd.ActivityWalk,0.8736105561256409,True,Cmd.ActivityWalk,0.8795158267021179,True,Cmd.ActivityWalk,0.8724998831748962,True
i'd like to stream now,Cmd.StreamingStart,Cmd.StreamingStart,0.7496181130409241,True,Cmd.StreamingStart,0.7856005430221558,True,Cmd.StreamingStart,0.772240161895752,True
please switch memory to telephone,Cmd.MemoryChange,Cmd.MemoryChange,0.9455313086509705,True,Cmd.MemoryChange,0.9727485775947571,True,Cmd.MemoryChange,0.9592581391334534,True
please change to program one,Cmd.MemoryChange,Cmd.MemoryChange,0.9431641101837158,True,Cmd.MemoryChange,0.9697474241256714,True,Cmd.MemoryChange,0.9559898376464844,True
are my hearing aids cros?,Help_WiCROS,Help_FindMyHearingAids,0.200876846909523,False,Help_FindMyHearingAids,0.19391988217830658,False,Help_FindMyHearingAids,0.19651059806346893,False
can you memory number one,Cmd.MemoryChange,Cmd.MemoryChange,0.8740363717079163,True,Cmd.MemoryChange,0.9415969252586365,True,Cmd.MemoryChange,0.9084678888320923,True
give me some quiet,Cmd.VolumeDecrease,Cmd.VolumeIncrease,0.18873435258865356,False,Default Fallback Intent,0.2789004147052765,False,Default Fallback Intent,0.2088322788476944,False
please pick up tv stream signal,Cmd.StreamingStart,Cmd.StreamingStart,0.5982661843299866,True,Cmd.StreamingStart,0.5971469879150391,True,Cmd.StreamingStart,0.6054461002349854,True
play message i got.,Cmd.ListenMessage,Cmd.ListenMessage,0.7888954877853394,True,Cmd.ListenMessage,0.7039077281951904,True,Cmd.ListenMessage,0.7370491623878479,True
please set memory to two,Cmd.MemoryChange,Cmd.MemoryChange,0.950245201587677,True,Cmd.MemoryChange,0.9741138815879822,True,Cmd.MemoryChange,0.9621466398239136,True
reach out to my family for me,Cmd.SendMessage,Cmd.ActivityAerobics,0.4670593738555908,False,Cmd.ActivityAerobics,0.39690712094306946,False,Cmd.ActivityAerobics,0.3854360282421112,False
take me to amazon,Default Fallback Intent,Cmd.MemoryChange,0.4216841459274292,False,Cmd.MemoryChange,0.6038217544555664,False,Cmd.MemoryChange,0.5681793093681335,False
can you i was down 17 grand earlier today,Default Fallback Intent,Default Fallback Intent,0.9536939263343811,True,Default Fallback Intent,0.9789028167724609,True,Default Fallback Intent,0.9664130210876465,True
can you i need to program new stamping to my phone,Default Fallback Intent,Help_ChangingMemories,0.23073920607566833,False,Help_ChangingMemories,0.21608412265777588,False,Help_ChangingMemories,0.22642382979393005,False
how do i adjust my tinnitus setting?,Help_Tinnitus,Help_Tinnitus,0.8506640195846558,True,Help_Tinnitus,0.8666859865188599,True,Help_Tinnitus,0.8548650741577148,True
remind me of my appointment,reminders.add,reminders.add,0.9704013466835022,True,reminders.add,0.976005494594574,True,reminders.add,0.971878170967102,True
todays calorie count,Cmd.ActivityCalories,Cmd.ActivityCalories,0.470445841550827,True,Default Fallback Intent,0.6454070806503296,False,Default Fallback Intent,0.4963758587837219,False
everything is way too loud,Cmd.VolumeDecrease,Cmd.VolumeDecrease,0.7169893383979797,True,Cmd.VolumeDecrease,0.7387022972106934,True,Cmd.VolumeDecrease,0.7280458807945251,True
can you change memory to car,Cmd.MemoryChange,Cmd.MemoryChange,0.9703361988067627,True,Cmd.MemoryChange,0.9833383560180664,True,Cmd.MemoryChange,0.9764301180839539,True
start transcription,Cmd.TranscribeStart,Cmd.TranscribeStart,0.5397278666496277,True,Cmd.TranscribeStart,0.49170106649398804,True,Cmd.TranscribeStart,0.5204495787620544,True
quiet it down for me,Cmd.VolumeDecrease,Cmd.VolumeDecrease,0.6648575663566589,True,Cmd.VolumeDecrease,0.5749766230583191,True,Cmd.VolumeDecrease,0.5879019498825073,True
how do i geotag my memory?,Help_MemoryOptions,Help_MemoryOptions,0.6286697387695312,True,Help_MemoryOptions,0.6074380278587341,True,Help_MemoryOptions,0.6037871837615967,True
please switch to television program,Cmd.MemoryChange,Cmd.MemoryChange,0.9092888832092285,True,Cmd.MemoryChange,0.9501033425331116,True,Cmd.MemoryChange,0.931300699710846,True
please remind me to wake up tomorrow,reminders.add,reminders.add,0.9871017932891846,True,reminders.add,0.9886084794998169,True,reminders.add,0.9881367683410645,True
how do i test drive the app?,Help_DemoMode,Help_AppSettings,0.3579702079296112,False,Help_AppSettings,0.26420682668685913,False,Help_AppSettings,0.2911050617694855,False
how do i change the volume of my tv streamer?,Help_Accessories,Help_Accessories,0.9368582367897034,True,Help_Accessories,0.9449959397315979,True,Help_Accessories,0.9401682615280151,True
can you tinnitus program,Cmd.MemoryChange,Cmd.MemoryChange,0.5303640961647034,True,Cmd.MemoryChange,0.7421522736549377,True,Cmd.MemoryChange,0.63261878490448,True
memory button,Help_ChangingMemories,Cmd.MemoryChange,0.4893801510334015,False,Cmd.MemoryChange,0.6391163468360901,False,Cmd.MemoryChange,0.5586756467819214,False
remind me to call dad,reminders.add,reminders.add,0.9816872477531433,True,reminders.add,0.9867664575576782,True,reminders.add,0.9837083220481873,True
can you don't let me forget to pick up milk today,reminders.add,reminders.add,0.7389623522758484,True,reminders.add,0.7775341272354126,True,reminders.add,0.7744451761245728,True
text someone,Cmd.SendMessage,Cmd.SendMessage,0.8997619152069092,True,Cmd.SendMessage,0.883273720741272,True,Cmd.SendMessage,0.8981946110725403,True
how do i adjust my tinnitus noise on the aid?,Help_Tinnitus,Help_Tinnitus,0.9484409093856812,True,Help_Tinnitus,0.9543064832687378,True,Help_Tinnitus,0.9493291974067688,True
how long before the battery dies,Cmd.BatteryLevel,Help_Battery,0.5353248119354248,False,Help_Battery,0.4865700602531433,False,Help_Battery,0.5055117011070251,False
discover iphone,Cmd.FindMyPhone,Cmd.FindMyPhone,0.7433847784996033,True,Cmd.FindMyPhone,0.7295140027999878,True,Cmd.FindMyPhone,0.738027811050415,True
mark my last reminder complete,reminders.complete,reminders.complete,0.9812211990356445,True,reminders.complete,0.9807344079017639,True,reminders.complete,0.980374276638031,True
they're speaking another language i can't follow,Cmd.TranslationStart,Default Fallback Intent,0.47387343645095825,False,Default Fallback Intent,0.6846585869789124,False,Default Fallback Intent,0.5653430223464966,False
help with tinnitus sound adjustment on my hearing aid,Help_Tinnitus,Help_Tinnitus,0.930638313293457,True,Help_Tinnitus,0.941200315952301,True,Help_Tinnitus,0.9359031915664673,True
please remind me to pick up my prescription at 5 p.m. on monday,reminders.add,reminders.add,0.9880000948905945,True,reminders.add,0.9897909760475159,True,reminders.add,0.9896824955940247,True
beep,Help_DeviceSettings,Cmd.BatteryLevel,0.43866288661956787,False,Cmd.BatteryLevel,0.448745459318161,False,Cmd.BatteryLevel,0.4446994364261627,False
help with moving between memories,Help_ChangingMemories,Help_ChangingMemories,0.33700069785118103,True,Help_ChangingMemories,0.3296727240085602,True,Help_ChangingMemories,0.3297897279262543,True
can you switch program to meeting,Cmd.MemoryChange,Cmd.MemoryChange,0.9497211575508118,True,Cmd.MemoryChange,0.9747912287712097,True,Cmd.MemoryChange,0.9625000953674316,True
can you switch to memory number one,Cmd.MemoryChange,Cmd.MemoryChange,0.9167017936706543,True,Cmd.MemoryChange,0.9598618745803833,True,Cmd.MemoryChange,0.9391412734985352,True
can i test features without aids connected,Help_DemoMode,Help_Pairing,0.5124366283416748,False,Help_Pairing,0.5272902846336365,False,Help_Pairing,0.47385185956954956,False
can you remind about running everyday at 6 a.m.,reminders.add,reminders.add,0.9845607280731201,True,reminders.add,0.9862685799598694,True,reminders.add,0.9855499863624573,True
how do i submit another help request?,Help_RemoteProgramming,Help_Customize,0.19413872063159943,False,Help_DeviceSettings,0.200251042842865,False,Help_DeviceSettings,0.20531298220157623,False
play who messaged me,Cmd.ListenMessage,Default Fallback Intent,0.43689092993736267,False,Default Fallback Intent,0.6836233735084534,False,Default Fallback Intent,0.5616294145584106,False
how much longer can they go,Cmd.BatteryLevel,Help_MaskMode,0.47841981053352356,False,Help_MaskMode,0.4349130392074585,False,Help_ThriveScore,0.4206886291503906,False
how do i turn up the loudness on my aids?,Help_Volume,Help_Volume,0.9712608456611633,True,Help_Volume,0.9716468453407288,True,Help_Volume,0.9673265814781189,True
i walked into a restaurant,Cmd.MemoryChange,Default Fallback Intent,0.45782706141471863,False,Default Fallback Intent,0.6724584102630615,False,Default Fallback Intent,0.5436165928840637,False
set reminder set reminder,reminders.add,reminders.add,0.6851997971534729,True,reminders.add,0.7916593551635742,True,reminders.add,0.7476023435592651,True
tell me about hearing care anywhere,Help_HearingCareAnywhereConnect,Help_HearingCareAnywhereConnect,0.3986874520778656,True,Help_HearingCareAnywhereConnect,0.35698288679122925,True,Help_HearingCareAnywhereConnect,0.3736620843410492,True
is my power almost gone,Cmd.BatteryLevel,Default Fallback Intent,0.3751818537712097,False,Default Fallback Intent,0.6396209001541138,False,Default Fallback Intent,0.5110158324241638,False
switch program to restaurant,Cmd.MemoryChange,Cmd.MemoryChange,0.9617589712142944,True,Cmd.MemoryChange,0.9795291423797607,True,Cmd.MemoryChange,0.9698484539985657,True
please play me the microphone,Cmd.StreamingStart,Cmd.StreamingStart,0.39692866802215576,True,Cmd.StreamingStart,0.4055943191051483,True,Cmd.StreamingStart,0.42022231221199036,True
can you turn on hearing aids,Cmd.VolumeUnmute,Cmd.VolumeUnmute,0.6646640300750732,True,Cmd.VolumeUnmute,0.5223222970962524,True,Cmd.VolumeUnmute,0.5904833078384399,True
tune for this windy weather,Cmd.MemoryChange,Default Fallback Intent,0.83463454246521,False,Default Fallback Intent,0.9431694746017456,False,Default Fallback Intent,0.9026427268981934,False
please change memory to number three,Cmd.MemoryChange,Cmd.MemoryChange,0.933472216129303,True,Cmd.MemoryChange,0.9582849740982056,True,Cmd.MemoryChange,0.9445875287055969,True
how does finding my aids work,Help_FindMyHearingAids,Help_CleanCare,0.6289249062538147,False,Help_CleanCare,0.5894153714179993,False,Help_CleanCare,0.5503426194190979,False
how do i start streaming from the accessory?,Help_Accessories,Help_Accessories,0.9538447856903076,True,Help_Accessories,0.9560569524765015,True,Help_Accessories,0.9508941769599915,True
can you start remote stream,Cmd.StreamingStart,Cmd.StreamingStart,0.8438355326652527,True,Cmd.StreamingStart,0.8617318272590637,True,Cmd.StreamingStart,0.8537966012954712,True
can you set to work memory,Cmd.MemoryChange,Cmd.MemoryChange,0.9092010259628296,True,Cmd.MemoryChange,0.9647366404533386,True,Cmd.MemoryChange,0.9417032599449158,True
please pairing my aids,Help_Pairing,Help_Pairing,0.933709442615509,True,Help_Pairing,0.9434850811958313,True,Help_Pairing,0.9228768348693848,True
how are things,Default Fallback Intent,Cmd.VolumeDecrease,0.48574182391166687,False,Cmd.VolumeDecrease,0.5503591299057007,False,Cmd.VolumeDecrease,0.5254483819007874,False
can you start recording,Cmd.TranscribeStart,Cmd.TranscribeStart,0.6573192477226257,True,Cmd.TranscribeStart,0.5514720678329468,True,Cmd.TranscribeStart,0.6089591383934021,True
explain how to care for my aids,Help_CleanCare,Help_HearingCareAnywhereConnect,0.43160998821258545,False,Help_RemoteProgramming,0.38367313146591187,False,Help_HearingCareAnywhereConnect,0.42067950963974,False
text my sister,Cmd.SendMessage,Cmd.SendMessage,0.4493177533149719,True,Cmd.SendMessage,0.39466914534568787,True,Cmd.SendMessage,0.4775155186653137,True
scale back the sound,Cmd.VolumeDecrease,Cmd.VolumeDecrease,0.7301219701766968,True,Cmd.VolumeDecrease,0.7300302386283875,True,Cmd.VolumeDecrease,0.7403429746627808,True
please help with accessories,Help_Accessories,Help_Accessories,0.860055685043335,True,Help_Accessories,0.868262529373169,True,Help_Accessories,0.8610901832580566,True
help me remember to take medication at 9 am,reminders.add,reminders.add,0.9694669842720032,True,reminders.add,0.9788371324539185,True,reminders.add,0.9771667122840881,True
please remind me to drink water today,reminders.add,reminders.add,0.9803574681282043,True,reminders.add,0.9853128790855408,True,reminders.add,0.9836001396179199,True
help with changing memories using the thrive app,Help_ChangingMemories,Help_ChangingMemories,0.9337007999420166,True,Help_ChangingMemories,0.9386246800422668,True,Help_ChangingMemories,0.940743088722229,True
what can the caption feature do,Help_Transcribe,Help_Home,0.4583590030670166,False,Help_Home,0.5162662267684937,False,Help_Home,0.5263546109199524,False
can you mask mode,Cmd.MemoryChange,Help_MaskMode,0.8922659754753113,False,Help_MaskMode,0.8693315386772156,False,Help_MaskMode,0.8718646168708801,False
can you set program to quiet,Cmd.MemoryChange,Cmd.MemoryChange,0.9284493923187256,True,Cmd.MemoryChange,0.9624959826469421,True,Cmd.MemoryChange,0.9455152750015259,True
can you onkyo receiver,Default Fallback Intent,Default Fallback Intent,0.5710259079933167,True,Default Fallback Intent,0.8120630383491516,True,Default Fallback Intent,0.6888881921768188,True
can you switch program to master,Cmd.MemoryChange,Cmd.MemoryChange,0.9620315432548523,True,Cmd.MemoryChange,0.9817249774932861,True,Cmd.MemoryChange,0.9726012349128723,True
can you remind me to refill my prescription tomorrow afternoon,reminders.add,reminders.add,0.970573902130127,True,reminders.add,0.9816900491714478,True,reminders.add,0.9787164330482483,True
show me transcribe user guide,Help_Transcribe,Help_Transcribe,0.948373019695282,True,Help_Transcribe,0.9489635229110718,True,Help_Transcribe,0.947653591632843,True
direct hearing aid connection,Cmd.StreamingStart,Help_Pairing,0.45470115542411804,False,Help_Pairing,0.4424043297767639,False,Help_Pairing,0.37064921855926514,False
switch to restaurant memory,Cmd.MemoryChange,Cmd.MemoryChange,0.9364184737205505,True,Cmd.MemoryChange,0.9700045585632324,True,Cmd.MemoryChange,0.9525021910667419,True
customize my hearing aid settings,Help_Customize,Help_MemoryOptions,0.37334463000297546,False,Help_MemoryOptions,0.392672598361969,False,Help_MemoryOptions,0.39218634366989136,False
change to noise memory,Cmd.MemoryChange,Cmd.MemoryChange,0.9673300981521606,True,Cmd.MemoryChange,0.9832274913787842,True,Cmd.MemoryChange,0.9748854041099548,True
can you start translation for spanish,Cmd.TranslationStart,Cmd.TranslationStart,0.7330968976020813,True,Cmd.TranslationStart,0.7205621004104614,True,Cmd.TranslationStart,0.7476669549942017,True
track my bike ride,Cmd.ActivityCycle,Cmd.ActivityCycle,0.6806067228317261,True,Cmd.ActivityCycle,0.6876997947692871,True,Cmd.ActivityCycle,0.7077675461769104,True
please switch memory to meeting,Cmd.MemoryChange,Cmd.MemoryChange,0.9173100590705872,True,Cmd.MemoryChange,0.9576225876808167,True,Cmd.MemoryChange,0.9374203085899353,True
can you right hearing aid doesn't work,Help_SelfCheck,Help_SelfCheck,0.5467054843902588,True,Help_SelfCheck,0.4833639860153198,True,Help_SelfCheck,0.5190024375915527,True
can you set setting to three,Cmd.MemoryChange,Cmd.MemoryChange,0.9630018472671509,True,Cmd.MemoryChange,0.977601945400238,True,Cmd.MemoryChange,0.9702847003936768,True
can you i'm interested in my location,Default Fallback Intent,Default Fallback Intent,0.6393544673919678,True,Default Fallback Intent,0.8479404449462891,True,Default Fallback Intent,0.763936460018158,True
how do i create a new program,Help_MemoryOptions,Help_MemoryOptions,0.583390474319458,True,Help_MemoryOptions,0.5769152641296387,True,Help_MemoryOptions,0.5900776386260986,True
raise the volume up,Cmd.VolumeIncrease,Cmd.VolumeIncrease,0.8901645541191101,True,Cmd.VolumeIncrease,0.893930196762085,True,Cmd.VolumeIncrease,0.8858006000518799,True
"this is important, remind me later",reminders.add,reminders.add,0.9838946461677551,True,reminders.add,0.9846929311752319,True,reminders.add,0.9845746159553528,True
begin tracking my exercise,Cmd.ActivityExercise,Cmd.ActivityExercise,0.9165271520614624,True,Cmd.ActivityExercise,0.9151244163513184,True,Cmd.ActivityExercise,0.9138093590736389,True
please set to noise program,Cmd.MemoryChange,Cmd.MemoryChange,0.9304580688476562,True,Cmd.MemoryChange,0.9575892090797424,True,Cmd.MemoryChange,0.9435356855392456,True
can you remind me tomorrow,reminders.add,reminders.add,0.9890940189361572,True,reminders.add,0.9915052056312561,True,reminders.add,0.9902585744857788,True
use my hearing aids as speakers,Cmd.StreamingStart,Help_CleanCare,0.3016238212585449,False,Cmd.VolumeIncrease,0.2576184570789337,False,Cmd.VolumeIncrease,0.26954057812690735,False
when would i send a manual alert text message?,Help_FallAlert,Help_FallAlert,0.9611355066299438,True,Help_FallAlert,0.9580146074295044,True,Help_FallAlert,0.9577017426490784,True
how accurate is the heart rate reading,Help_HeartRate,Help_HeartRate,0.9462417364120483,True,Help_HeartRate,0.9445928335189819,True,Help_HeartRate,0.9398277997970581,True
stream from the remote mic,Cmd.StreamingStart,Cmd.StreamingStart,0.4408576786518097,True,Cmd.StreamingStart,0.47672784328460693,True,Cmd.StreamingStart,0.4734733998775482,True
can you set program to television,Cmd.MemoryChange,Cmd.MemoryChange,0.9242942333221436,True,Cmd.MemoryChange,0.9627912044525146,True,Cmd.MemoryChange,0.9471074938774109,True
where can i change app settings,Help_AppSettings,Help_AppSettings,0.9197046756744385,True,Help_AppSettings,0.9181376695632935,True,Help_AppSettings,0.9123205542564392,True
how do i change my preferences?,Help_DeviceSettings,Help_Customize,0.31690940260887146,False,Help_Customize,0.28179600834846497,False,Help_DeviceSettings,0.29412561655044556,True
show my walking activity,Cmd.ActivityWalk,Cmd.ActivityWalk,0.5312650203704834,True,Cmd.ActivityWalk,0.5242169499397278,True,Cmd.ActivityWalk,0.5172407031059265,True
how do i geotag a location to a memory?,Help_MemoryOptions,Help_MemoryOptions,0.8770451545715332,True,Help_MemoryOptions,0.8586065769195557,True,Help_MemoryOptions,0.8649685978889465,True
please hi there i don't,Default Fallback Intent,reminders.add,0.8949434161186218,False,reminders.add,0.8688003420829773,False,reminders.add,0.8866920471191406,False
how do i get more information on the brain score?,Help_ThriveScore,Help_ThriveScore,0.981255292892456,True,Help_ThriveScore,0.9755131006240845,True,Help_ThriveScore,0.979286253452301,True
can you start writing this down for me,Cmd.TranscribeStart,Default Fallback Intent,0.21201039850711823,False,Default Fallback Intent,0.4290850758552551,False,Default Fallback Intent,0.31680676341056824,False
morning,Default Fallback Intent,Help_Tinnitus,0.31480926275253296,False,Help_Tinnitus,0.27742907404899597,False,Help_Tinnitus,0.2992158830165863,False
please change memory to music,Cmd.MemoryChange,Cmd.MemoryChange,0.950872004032135,True,Cmd.MemoryChange,0.9740806221961975,True,Cmd.MemoryChange,0.9620850086212158,True
how many stand hours today,Cmd.ActivityStand,Cmd.ActivityStand,0.853699266910553,True,Cmd.ActivityStand,0.8105157017707825,True,Cmd.ActivityStand,0.7970895767211914,True
what's my battery at,Cmd.BatteryLevel,Cmd.BatteryLevel,0.541662871837616,True,Cmd.BatteryLevel,0.5486176013946533,True,Cmd.BatteryLevel,0.5592514276504517,True
please switch to tinnitus program,Cmd.MemoryChange,Cmd.MemoryChange,0.7928798794746399,True,Cmd.MemoryChange,0.8998580574989319,True,Cmd.MemoryChange,0.8443130254745483,True
can you switch to school program,Cmd.MemoryChange,Cmd.MemoryChange,0.9520174264907837,True,Cmd.MemoryChange,0.9788396954536438,True,Cmd.MemoryChange,0.9671672582626343,True
please tell me what how much do i owe you would be in español,Cmd.TranslationStart,Cmd.TranslationStart,0.5184443593025208,True,Default Fallback Intent,0.5252894759178162,False,Cmd.TranslationStart,0.41676127910614014,True
can you set memory to number one,Cmd.MemoryChange,Cmd.MemoryChange,0.9032917022705078,True,Cmd.MemoryChange,0.9571759700775146,True,Cmd.MemoryChange,0.9320303797721863,True
how do i adjust bass on edge mode?,Help_EdgeMode,Help_EdgeMode,0.9235888123512268,True,Help_EdgeMode,0.9157519340515137,True,Help_EdgeMode,0.9095869064331055,True
how's my exercise progress,Cmd.ActivityExercise,Cmd.ActivityExercise,0.9083058834075928,True,Cmd.ActivityExercise,0.9115001559257507,True,Cmd.ActivityExercise,0.9066649079322815,True
please switch to outdoors,Cmd.MemoryChange,Cmd.MemoryChange,0.8953139185905457,True,Cmd.MemoryChange,0.9441851377487183,True,Cmd.MemoryChange,0.9198552370071411,True
help me understand edge mode,Help_EdgeMode,Help_EdgeMode,0.7887166142463684,True,Help_EdgeMode,0.7781143188476562,True,Help_EdgeMode,0.7651048898696899,True
can you change to quiet,Cmd.MemoryChange,Cmd.MemoryChange,0.9208187460899353,True,Cmd.MemoryChange,0.9507076740264893,True,Cmd.MemoryChange,0.935171902179718,True
getting customers exactly with a free wireless.,Default Fallback Intent,Default Fallback Intent,0.21692483127117157,True,Default Fallback Intent,0.45566606521606445,True,Default Fallback Intent,0.33577898144721985,True
show my current heart rate,Help_HeartRate,Help_HeartRate,0.9501834511756897,True,Help_HeartRate,0.9539347290992737,True,Help_HeartRate,0.948465883731842,True
please finish this reminder.,reminders.complete,reminders.add,0.5685429573059082,False,reminders.add,0.7593490481376648,False,reminders.add,0.7132595181465149,False
can my professional adjust my aids remotely?,Help_RemoteProgramming,Help_RemoteProgramming,0.754332423210144,True,Help_RemoteProgramming,0.7803118824958801,True,Help_RemoteProgramming,0.7574717402458191,True
please change to everyday memory,Cmd.MemoryChange,Cmd.MemoryChange,0.9307039976119995,True,Cmd.MemoryChange,0.9611279964447021,True,Cmd.MemoryChange,0.9452744126319885,True
begin my walking workout,Cmd.ActivityWalk,Cmd.ActivityWalk,0.642188310623169,True,Cmd.ActivityWalk,0.648354709148407,True,Cmd.ActivityWalk,0.6368201971054077,True
what do i hear when an alert text message is received?,Help_FallAlert,Help_FallAlert,0.861966609954834,True,Help_FallAlert,0.8386306166648865,True,Help_FallAlert,0.8521179556846619,True
guide me through the interface,Help_Home,Help_Home,0.6655088067054749,True,Help_Home,0.6749341487884521,True,Help_Home,0.6419394612312317,True
but their counterparts of the white pieces of fabric,Default Fallback Intent,Default Fallback Intent,0.7739971876144409,True,Default Fallback Intent,0.8786279559135437,True,Default Fallback Intent,0.8264007568359375,True
can you pump up the volume,Cmd.VolumeIncrease,Cmd.VolumeIncrease,0.8370369672775269,True,Cmd.VolumeIncrease,0.8451821804046631,True,Cmd.VolumeIncrease,0.826970636844635,True
concussion rehabilitation team works collaboratively in designing and implementing a treatment program,Default Fallback Intent,Default Fallback Intent,0.5085560083389282,True,Default Fallback Intent,0.7705315351486206,True,Default Fallback Intent,0.6666848659515381,True
please set program to number one,Cmd.MemoryChange,Cmd.MemoryChange,0.9419730305671692,True,Cmd.MemoryChange,0.9669430255889893,True,Cmd.MemoryChange,0.9537272453308105,True
how do i reach my audiologist through the app,Help_HearingCareAnywhereConnect,Help_AppSettings,0.39430323243141174,False,Help_AppSettings,0.3494419455528259,False,Help_AppSettings,0.3483744263648987,False
please record a message,Cmd.SendMessage,Cmd.SendMessage,0.9476738572120667,True,Cmd.SendMessage,0.9545378088951111,True,Cmd.SendMessage,0.9560191035270691,True
tips for putting in my aids,Help_InsertDevice,Help_Translate,0.14936627447605133,False,Default Fallback Intent,0.26410111784935,False,Default Fallback Intent,0.20752136409282684,False
locate iphone,Cmd.FindMyPhone,Cmd.FindMyPhone,0.8276529908180237,True,Cmd.FindMyPhone,0.7808146476745605,True,Cmd.FindMyPhone,0.8045675754547119,True
turn down my right aid,Cmd.VolumeDecrease,Cmd.VolumeDecrease,0.717753529548645,True,Cmd.VolumeDecrease,0.7582297921180725,True,Cmd.VolumeDecrease,0.7234190106391907,True
i need to contact someone,Cmd.SendMessage,Cmd.SendMessage,0.9523184895515442,True,Cmd.SendMessage,0.9460327625274658,True,Cmd.SendMessage,0.9501062631607056,True
how do i assign a location to my memory?,Help_MemoryOptions,Help_MemoryOptions,0.9294121265411377,True,Help_MemoryOptions,0.9176390171051025,True,Help_MemoryOptions,0.9177300333976746,True
have you seen my aids,Help_FindMyHearingAids,Cmd.ActivityRun,0.24657802283763885,False,Default Fallback Intent,0.23079878091812134,False,Cmd.ActivityRun,0.18151763081550598,False
please and how do you think we can resolve that,Default Fallback Intent,Default Fallback Intent,0.9910751581192017,True,Default Fallback Intent,0.995952844619751,True,Default Fallback Intent,0.9937785267829895,True
what memory settings are available,Help_MemoryOptions,Help_MemoryOptions,0.4506152272224426,True,Help_MemoryOptions,0.4104989171028137,True,Help_MemoryOptions,0.42390382289886475,True
i've misplaced both my aids,Help_FindMyHearingAids,Help_FindMyHearingAids,0.5709675550460815,True,Help_FindMyHearingAids,0.6251236200332642,True,Help_FindMyHearingAids,0.5858017802238464,True
guide me on using translate,Help_Translate,Help_Pairing,0.29352203011512756,False,Help_Pairing,0.3124348223209381,False,Help_Translate,0.27981802821159363,True
hello hello,Default Fallback Intent,Cmd.VolumeUnmute,0.1974932998418808,False,Cmd.MemoryChange,0.1601571887731552,False,Cmd.VolumeUnmute,0.17156341671943665,False
what do my hearing aids do when i've fallen?,Help_FallAlert,Help_Customize,0.2832484841346741,False,Help_Customize,0.28484830260276794,False,Help_Customize,0.2701680064201355,False
kill all the noise completely,Cmd.VolumeMute,Default Fallback Intent,0.26678088307380676,False,Default Fallback Intent,0.4309699535369873,False,Default Fallback Intent,0.33565840125083923,False
good day,Default Fallback Intent,Default Fallback Intent,0.36730071902275085,True,Default Fallback Intent,0.5354782342910767,True,Default Fallback Intent,0.4347722828388214,True
what is the impact to the environment of an electric battery for a vehicle,Default Fallback Intent,Default Fallback Intent,0.8270828127861023,True,Default Fallback Intent,0.9208863377571106,True,Default Fallback Intent,0.881284236907959,True
please change to worship,Cmd.MemoryChange,Cmd.MemoryChange,0.9356130957603455,True,Cmd.MemoryChange,0.9560034275054932,True,Cmd.MemoryChange,0.9470045566558838,True
please turn up the loudness on my hearing aids,Cmd.VolumeIncrease,Cmd.VolumeIncrease,0.7137843370437622,True,Cmd.VolumeIncrease,0.702734649181366,True,Cmd.VolumeIncrease,0.6938914656639099,True
meeting memory,Cmd.MemoryChange,Cmd.MemoryChange,0.8904795050621033,True,Cmd.MemoryChange,0.9425013661384583,True,Cmd.MemoryChange,0.9157915115356445,True
what is my biking goal?,Cmd.ActivityCycle,Cmd.ActivityCycle,0.8399752974510193,True,Cmd.ActivityCycle,0.8462277054786682,True,Cmd.ActivityCycle,0.8542236089706421,True
help me find my hearing aid,Help_FindMyHearingAids,Help_FindMyHearingAids,0.939441978931427,True,Help_FindMyHearingAids,0.954862654209137,True,Help_FindMyHearingAids,0.9458653926849365,True
help with tinnitus noise adjustments in my aids,Help_Tinnitus,Help_Tinnitus,0.9776650667190552,True,Help_Tinnitus,0.9784647226333618,True,Help_Tinnitus,0.9766494035720825,True
what do all these buttons do,Help_Home,Help_FallAlert,0.2598990201950073,False,Help_FallAlert,0.22109654545783997,False,Help_FallAlert,0.24684108793735504,False
where is my right aid?,Help_FindMyHearingAids,Help_FindMyHearingAids,0.8404960036277771,True,Help_FindMyHearingAids,0.8531574010848999,True,Help_FindMyHearingAids,0.8658653497695923,True
please it was discouraging and then i found balance of nature it's just being a no-brainer ever since i feel good,Default Fallback Intent,Default Fallback Intent,0.962182343006134,True,Default Fallback Intent,0.9805221557617188,True,Default Fallback Intent,0.9727365970611572,True
how will i know when my hearing specialist adjusted my hearing aids?,Help_RemoteProgramming,Help_RemoteProgramming,0.9529097080230713,True,Help_RemoteProgramming,0.9556527733802795,True,Help_RemoteProgramming,0.9517117142677307,True
switch to personal program,Cmd.MemoryChange,Cmd.MemoryChange,0.9640827178955078,True,Cmd.MemoryChange,0.9813253879547119,True,Cmd.MemoryChange,0.9719456434249878,True
please android phone to listen to spotify,Default Fallback Intent,Cmd.ListenMessage,0.19095170497894287,False,Default Fallback Intent,0.3374663293361664,True,Default Fallback Intent,0.25024446845054626,True
switch to home,Cmd.MemoryChange,Cmd.MemoryChange,0.8923559188842773,True,Cmd.MemoryChange,0.9364467859268188,True,Cmd.MemoryChange,0.9113499522209167,True
turn off the volume in my left hearing aid,Cmd.VolumeMute,Cmd.VolumeMute,0.6355130672454834,True,Cmd.VolumeMute,0.602978527545929,True,Cmd.VolumeMute,0.6614980101585388,True
where do i see my health data,Help_Health,Help_Health,0.6439979672431946,True,Help_Health,0.6481105089187622,True,Help_Health,0.6306392550468445,True
can you right,Default Fallback Intent,Default Fallback Intent,0.5197449922561646,True,Default Fallback Intent,0.7819482684135437,True,Default Fallback Intent,0.6266909241676331,True
please your permit on my cellphone,Default Fallback Intent,Default Fallback Intent,0.8147532939910889,True,Default Fallback Intent,0.9261703491210938,True,Default Fallback Intent,0.8834039568901062,True
can you remind me to call jose tomorrow,reminders.add,reminders.add,0.9837251305580139,True,reminders.add,0.9867892861366272,True,reminders.add,0.9851085543632507,True
do i need special tools to clean my hearing aid?,Help_CleanCare,Help_CleanCare,0.9226928949356079,True,Help_CleanCare,0.9076710939407349,True,Help_CleanCare,0.9011461138725281,True
connect to media audio,Cmd.StreamingStart,Cmd.StreamingStart,0.9004616737365723,True,Cmd.StreamingStart,0.9041744470596313,True,Cmd.StreamingStart,0.8953244090080261,True
guide me on tinnitus relief,Help_Tinnitus,Help_Tinnitus,0.9113968014717102,True,Help_Tinnitus,0.9170309901237488,True,Help_Tinnitus,0.9123610854148865,True
can you which version of the app am i using?,Help_AppSettings,Help_HeartRate,0.1563452035188675,False,Default Fallback Intent,0.21341417729854584,False,Default Fallback Intent,0.16574615240097046,False
log a walk for me,Cmd.ActivityWalk,Cmd.ActivityWalk,0.8540048599243164,True,Cmd.ActivityWalk,0.8162819743156433,True,Cmd.ActivityWalk,0.8163871169090271,True
please change to restaurant program,Cmd.MemoryChange,Cmd.MemoryChange,0.9595649838447571,True,Cmd.MemoryChange,0.9746451377868652,True,Cmd.MemoryChange,0.9666010141372681,True
please switch to meeting program,Cmd.MemoryChange,Cmd.MemoryChange,0.9290224313735962,True,Cmd.MemoryChange,0.962846577167511,True,Cmd.MemoryChange,0.9457889795303345,True
the sound is faint,Cmd.VolumeIncrease,Cmd.VolumeDecrease,0.573235034942627,False,Cmd.VolumeDecrease,0.6117441654205322,False,Cmd.VolumeDecrease,0.6156342625617981,False
send sms,Cmd.SendMessage,Cmd.SendMessage,0.6656596660614014,True,Default Fallback Intent,0.4664137065410614,False,Cmd.SendMessage,0.6046589612960815,True
please switch memory to number two,Cmd.MemoryChange,Cmd.MemoryChange,0.9323044419288635,True,Cmd.MemoryChange,0.9593686461448669,True,Cmd.MemoryChange,0.9450238347053528,True
what is the transmitter?,Help_WiCROS,Help_WiCROS,0.5678383111953735,True,Help_WiCROS,0.5330212116241455,True,Help_WiCROS,0.5395265817642212,True
show me a summary of new app,Help_WhatsNew,Help_WhatsNew,0.9282558560371399,True,Help_WhatsNew,0.9302623271942139,True,Help_WhatsNew,0.9259225130081177,True
can you make it louder,Cmd.VolumeIncrease,Cmd.VolumeIncrease,0.5502637624740601,True,Cmd.VolumeIncrease,0.4485982656478882,True,Cmd.VolumeIncrease,0.4919918179512024,True
help with body score,Help_ThriveScore,Help_ThriveScore,0.9843988418579102,True,Help_ThriveScore,0.9819132685661316,True,Help_ThriveScore,0.9835802912712097,True
please change memory to one,Cmd.MemoryChange,Cmd.MemoryChange,0.9389458298683167,True,Cmd.MemoryChange,0.9699262380599976,True,Cmd.MemoryChange,0.9546152353286743,True
explain how to test my devices,Help_SelfCheck,Help_ChangingMemories,0.7077012062072754,False,Help_ChangingMemories,0.7357763648033142,False,Help_ChangingMemories,0.7591503858566284,False
how do i use my aids with an accessory?,Help_Accessories,Help_Accessories,0.9196963906288147,True,Help_Accessories,0.9294335246086121,True,Help_Accessories,0.9279046654701233,True
can you schedule physical therapy appointment tomorrow morning 8:40 a.m.,reminders.add,Help_Tinnitus,0.4592682421207428,False,Default Fallback Intent,0.45268020033836365,False,Help_Tinnitus,0.37947508692741394,False
can you remind me to buy bread at 11 a.m. tomorrow,reminders.add,reminders.add,0.9770461916923523,True,reminders.add,0.9798963069915771,True,reminders.add,0.9800577163696289,True
remind me to vitamin d at 7 p.m. everyday,reminders.add,reminders.add,0.9787102937698364,True,reminders.add,0.9825552701950073,True,reminders.add,0.9812057018280029,True
please switch on ps4,Default Fallback Intent,Cmd.MemoryChange,0.48338091373443604,False,Cmd.MemoryChange,0.5412029027938843,False,Cmd.MemoryChange,0.5442773699760437,False
set program to auditorium,Cmd.MemoryChange,Cmd.MemoryChange,0.9723771214485168,True,Cmd.MemoryChange,0.9847407937049866,True,Cmd.MemoryChange,0.9782707095146179,True
please on the phone with pt ptt,Default Fallback Intent,Default Fallback Intent,0.8287845253944397,True,Default Fallback Intent,0.9222809076309204,True,Default Fallback Intent,0.8828299641609192,True
where do i intercept a manual alert text message?,Help_FallAlert,Help_FallAlert,0.9830092787742615,True,Help_FallAlert,0.9839761257171631,True,Help_FallAlert,0.9829879999160767,True
how would i stop an alert?,Help_FallAlert,Help_FallAlert,0.9623417854309082,True,Help_FallAlert,0.967106819152832,True,Help_FallAlert,0.9670064449310303,True
help with white noise adjustment,Help_Tinnitus,Help_Tinnitus,0.846394956111908,True,Help_Tinnitus,0.8442071676254272,True,Help_Tinnitus,0.8424218893051147,True
pair my right hearing aid,Help_Pairing,Help_Pairing,0.8931924700737,True,Help_Pairing,0.9159646034240723,True,Help_Pairing,0.8672232627868652,True
edge mode help please,Help_EdgeMode,Help_EdgeMode,0.8646329045295715,True,Help_EdgeMode,0.840899646282196,True,Help_EdgeMode,0.8591269254684448,True
please make my hearing aids softer,Cmd.VolumeDecrease,Cmd.VolumeUnmute,0.32108187675476074,False,Cmd.VolumeMute,0.2894757091999054,False,Cmd.VolumeMute,0.34555912017822266,False
find my device,Cmd.FindMyPhone,Help_FindMyHearingAids,0.36872488260269165,False,Help_FindMyHearingAids,0.35906147956848145,False,Help_FindMyHearingAids,0.35229483246803284,False
can you switch setting to one,Cmd.MemoryChange,Cmd.MemoryChange,0.9329368472099304,True,Cmd.MemoryChange,0.9687613248825073,True,Cmd.MemoryChange,0.9516760110855103,True
please show me the user guide for transcribe,Help_Transcribe,Help_Transcribe,0.9373836517333984,True,Help_Transcribe,0.9399244785308838,True,Help_Transcribe,0.9406074285507202,True
train setting,Cmd.MemoryChange,Cmd.MemoryChange,0.6628820300102234,True,Cmd.MemoryChange,0.7744107246398926,True,Cmd.MemoryChange,0.721394956111908,True
can you switch to crowd memory,Cmd.MemoryChange,Cmd.MemoryChange,0.8652089834213257,True,Cmd.MemoryChange,0.9451639652252197,True,Cmd.MemoryChange,0.9111121892929077,True
goodnight,Default Fallback Intent,Default Fallback Intent,0.8844526410102844,True,Default Fallback Intent,0.9458637237548828,True,Default Fallback Intent,0.9064242243766785,True
can you reset,Default Fallback Intent,Default Fallback Intent,0.7987837195396423,True,Default Fallback Intent,0.8964625597000122,True,Default Fallback Intent,0.8384801149368286,True
can you change program to golf,Cmd.MemoryChange,Cmd.MemoryChange,0.9501705169677734,True,Cmd.MemoryChange,0.976137101650238,True,Cmd.MemoryChange,0.9643279910087585,True
open my wellness dashboard,Help_Health,Cmd.ListenMessage,0.2875123620033264,False,Cmd.ListenMessage,0.3412119746208191,False,Cmd.ListenMessage,0.35343262553215027,False
change to golf memory,Cmd.MemoryChange,Cmd.MemoryChange,0.9210052490234375,True,Cmd.MemoryChange,0.9637531042098999,True,Cmd.MemoryChange,0.9422330856323242,True
can you send me a reminder to pay the cable bill on march 3,reminders.add,reminders.add,0.8624070882797241,True,reminders.add,0.8536788821220398,True,reminders.add,0.8709933757781982,True
can you turn on my program for restaurant,Cmd.MemoryChange,Cmd.MemoryChange,0.7656481862068176,True,Cmd.MemoryChange,0.8313327431678772,True,Cmd.MemoryChange,0.8045019507408142,True
down volume,Cmd.VolumeDecrease,Cmd.VolumeDecrease,0.8910761475563049,True,Cmd.VolumeDecrease,0.9058828949928284,True,Cmd.VolumeDecrease,0.9002906680107117,True
play the microphone,Cmd.StreamingStart,Cmd.ListenMessage,0.443705290555954,False,Cmd.ListenMessage,0.3783037066459656,False,Cmd.ListenMessage,0.3906592130661011,False
please make this quieter,Cmd.VolumeDecrease,reminders.add,0.2929196357727051,False,reminders.add,0.3355298340320587,False,reminders.add,0.33873143792152405,False
switch to school,Cmd.MemoryChange,Cmd.MemoryChange,0.908364474773407,True,Cmd.MemoryChange,0.9496028423309326,True,Cmd.MemoryChange,0.9296116232872009,True
how do i increase the volume in my hearing aids?,Help_Volume,Help_Volume,0.9758634567260742,True,Help_Volume,0.9776170253753662,True,Help_Volume,0.9762095808982849,True
can you which version of the app do i have?,Help_AppSettings,Help_AppSettings,0.21894948184490204,True,Help_AppSettings,0.1822671890258789,True,Help_AppSettings,0.17711667716503143,True
change to meeting memory,Cmd.MemoryChange,Cmd.MemoryChange,0.9430471658706665,True,Cmd.MemoryChange,0.973120927810669,True,Cmd.MemoryChange,0.9575487971305847,True
what's the most expensive phone,Default Fallback Intent,Default Fallback Intent,0.6727953553199768,True,Default Fallback Intent,0.825231671333313,True,Default Fallback Intent,0.7322450280189514,True
help with changing memories on my phone,Help_ChangingMemories,Help_ChangingMemories,0.9772711396217346,True,Help_ChangingMemories,0.9766934514045715,True,Help_ChangingMemories,0.9760628342628479,True
can i pair a wearable microphone,Help_Accessories,Help_DemoMode,0.30329298973083496,False,Help_DemoMode,0.24443328380584717,False,Help_DemoMode,0.24643558263778687,False
how do i stop streaming from my tv streamer?,Help_Accessories,Help_Accessories,0.9631014466285706,True,Help_Accessories,0.970008134841919,True,Help_Accessories,0.965600848197937,True
translate user guide,Help_Translate,Help_Translate,0.9137442708015442,True,Help_Translate,0.9223626852035522,True,Help_Translate,0.9131806492805481,True
where's my son,Default Fallback Intent,Cmd.SendMessage,0.3321220576763153,False,Cmd.SendMessage,0.36264434456825256,False,Cmd.SendMessage,0.36458927392959595,False
can you switch to television,Cmd.MemoryChange,Cmd.MemoryChange,0.9039974212646484,True,Cmd.MemoryChange,0.9423386454582214,True,Cmd.MemoryChange,0.9261631369590759,True
can i have a different volume in each ear,Help_Volume,Help_Volume,0.40014371275901794,True,Help_Volume,0.43555381894111633,True,Help_Volume,0.3782278597354889,True
can you locate a restaurant,Default Fallback Intent,Default Fallback Intent,0.8031260371208191,True,Default Fallback Intent,0.8993852734565735,True,Default Fallback Intent,0.8407202363014221,True
have a good one,Default Fallback Intent,Cmd.MemoryChange,0.354929119348526,False,Cmd.MemoryChange,0.6144422888755798,False,Cmd.MemoryChange,0.5078295469284058,False
switch program,Cmd.MemoryChange,Cmd.MemoryChange,0.9579400420188904,True,Cmd.MemoryChange,0.9768193364143372,True,Cmd.MemoryChange,0.9662516117095947,True
lower it down please,Cmd.VolumeDecrease,Cmd.VolumeDecrease,0.9671084880828857,True,Cmd.VolumeDecrease,0.9525331258773804,True,Cmd.VolumeDecrease,0.9560421109199524,True
its to loud,Cmd.VolumeDecrease,Cmd.VolumeDecrease,0.8033551573753357,True,Cmd.VolumeDecrease,0.8305068016052246,True,Cmd.VolumeDecrease,0.8111748099327087,True
can my professional adjust the aid remotely?,Help_RemoteProgramming,Help_RemoteProgramming,0.677609384059906,True,Help_RemoteProgramming,0.718640148639679,True,Help_RemoteProgramming,0.6792903542518616,True
where is the loudness control,Help_Volume,Help_WiCROS,0.6335021257400513,False,Help_WiCROS,0.5934357047080994,False,Help_WiCROS,0.6189013123512268,False
ping my aids,Help_FindMyHearingAids,Help_FindMyHearingAids,0.5999568700790405,True,Help_FindMyHearingAids,0.5562386512756348,True,Help_FindMyHearingAids,0.5534579753875732,True
can you find my aids,Help_FindMyHearingAids,Help_FindMyHearingAids,0.6534107327461243,True,Help_FindMyHearingAids,0.6593848466873169,True,Help_FindMyHearingAids,0.6434158086776733,True
can you help with changing programs,Help_ChangingMemories,Help_ChangingMemories,0.9204357862472534,True,Help_ChangingMemories,0.9248420000076294,True,Help_ChangingMemories,0.9269240498542786,True
how do i change my app settings?,Help_AppSettings,Help_AppSettings,0.8043534755706787,True,Help_AppSettings,0.7933517694473267,True,Help_AppSettings,0.7777631282806396,True
please i'm interested in my location,Default Fallback Intent,Default Fallback Intent,0.29707232117652893,True,Default Fallback Intent,0.5336301922798157,True,Default Fallback Intent,0.43163779377937317,True
make it dead silent,Cmd.VolumeMute,Default Fallback Intent,0.37476763129234314,False,Default Fallback Intent,0.5694441795349121,False,Default Fallback Intent,0.462568074464798,False
it sounds too low,Cmd.VolumeIncrease,Cmd.VolumeDecrease,0.5518386363983154,False,Cmd.VolumeDecrease,0.5778753757476807,False,Cmd.VolumeDecrease,0.5836008787155151,False
unsilence,Cmd.VolumeUnmute,Default Fallback Intent,0.8844526410102844,False,Default Fallback Intent,0.9458637237548828,False,Default Fallback Intent,0.9064242243766785,False
can you sound off,Cmd.VolumeMute,Cmd.VolumeMute,0.7513009309768677,True,Cmd.VolumeMute,0.6564147472381592,True,Cmd.VolumeMute,0.723058819770813,True
which version of the app do i have?,Help_AppSettings,Help_AppSettings,0.2877444922924042,True,Help_AppSettings,0.24169057607650757,True,Help_AppSettings,0.23378774523735046,True
how would i know if a manual alert has been initiated?,Help_FallAlert,Help_FallAlert,0.6614444255828857,True,Help_FallAlert,0.6055519580841064,True,Help_FallAlert,0.6323693990707397,True
how do i set my heart rate recovery?,Help_HeartRateRecovery,Help_HeartRateRecovery,0.8282070159912109,True,Help_HeartRateRecovery,0.8305261135101318,True,Help_HeartRateRecovery,0.8477259874343872,True
how do i link my aids to bluetooth,Help_Pairing,Help_Pairing,0.9691279530525208,True,Help_Pairing,0.9767678380012512,True,Help_Pairing,0.9700950384140015,True
please turn my left hearing aid up,Cmd.VolumeIncrease,Cmd.VolumeIncrease,0.6138929128646851,True,Cmd.VolumeIncrease,0.6371000409126282,True,Cmd.VolumeIncrease,0.6435969471931458,True
how long on my feet today,Cmd.ActivityStand,Cmd.ActivityCycle,0.1926470845937729,False,Cmd.ActivityCycle,0.17217834293842316,False,Cmd.ActivityCycle,0.20112350583076477,False
can you schedule appointment,reminders.add,Cmd.VolumeMute,0.23760439455509186,False,Cmd.VolumeMute,0.21334275603294373,False,Cmd.VolumeMute,0.23248648643493652,False
how do i adjust my noise masker on my aid?,Help_Tinnitus,Help_Tinnitus,0.5697641372680664,True,Help_Tinnitus,0.6146551966667175,True,Help_Tinnitus,0.5908446907997131,True
can you help,Default Fallback Intent,Default Fallback Intent,0.43048685789108276,True,Default Fallback Intent,0.7167479991912842,True,Default Fallback Intent,0.5720159411430359,True
can you add a reminder for tomorrow,reminders.add,reminders.add,0.9201323986053467,True,reminders.add,0.954649031162262,True,reminders.add,0.9441642761230469,True
i'd like to hear once more,Cmd.VolumeUnmute,Default Fallback Intent,0.24831876158714294,False,Default Fallback Intent,0.5026264190673828,False,Default Fallback Intent,0.37466761469841003,False
can you switch to kitchen,Cmd.MemoryChange,Cmd.MemoryChange,0.9660160541534424,True,Cmd.MemoryChange,0.9798989295959473,True,Cmd.MemoryChange,0.9732365608215332,True
close out that reminder,reminders.complete,reminders.complete,0.8792888522148132,True,reminders.complete,0.822201132774353,True,reminders.complete,0.8378515243530273,True
switch to crowd,Cmd.MemoryChange,Cmd.MemoryChange,0.9750691056251526,True,Cmd.MemoryChange,0.9857412576675415,True,Cmd.MemoryChange,0.979491114616394,True
how do i get a better kind score?,Help_ThriveScore,Help_ThriveScore,0.9813356399536133,True,Help_ThriveScore,0.9708065390586853,True,Help_ThriveScore,0.975428581237793,True
please fall alert isn't working,Help_FallAlert,Help_FallAlert,0.6466712355613708,True,Help_FallAlert,0.4874381721019745,True,Help_FallAlert,0.5686599016189575,True
how do i manage my reminders,Help_Reminder,Help_Reminder,0.9021893739700317,True,Help_Reminder,0.9002447128295898,True,Help_Reminder,0.9112013578414917,True
what can i personalize on my aids,Help_Customize,Help_Customize,0.31748756766319275,True,Help_Customize,0.29426828026771545,True,Help_Customize,0.2791987359523773,True
can you help with tinnitus volume adjustment on my aids,Help_Tinnitus,Help_Tinnitus,0.9403230547904968,True,Help_Tinnitus,0.9437732696533203,True,Help_Tinnitus,0.9415572881698608,True
put captions on everyone's speech,Cmd.TranscribeStart,Help_Transcribe,0.2844025194644928,False,Help_Transcribe,0.2742672562599182,False,Help_Transcribe,0.2740013897418976,False
i'm running low aren't i,Cmd.BatteryLevel,Cmd.ActivityRun,0.2445024996995926,False,Help_Home,0.2150062620639801,False,Help_Home,0.237523153424263,False
remind me to take my pills at 8,reminders.add,reminders.add,0.9909127950668335,True,reminders.add,0.9935526847839355,True,reminders.add,0.9925190210342407,True
can you set an alarm for doctors appointment tomorrow morning,reminders.add,reminders.add,0.9432557225227356,True,reminders.add,0.9526817798614502,True,reminders.add,0.9518229365348816,True
explain the transcription feature,Help_Transcribe,Help_Transcribe,0.3722878098487854,True,Help_Transcribe,0.36483272910118103,True,Help_Transcribe,0.3698219358921051,True
please remind me to,reminders.add,reminders.add,0.9703902006149292,True,reminders.add,0.9737669825553894,True,reminders.add,0.9696171879768372,True
please add mask as a customized memory,Help_MemoryOptions,Cmd.MemoryChange,0.40566426515579224,False,Cmd.MemoryChange,0.6038655638694763,False,Cmd.MemoryChange,0.5457708835601807,False
please pairing devices with my thrive app,Help_Pairing,Help_Pairing,0.9783557653427124,True,Help_Pairing,0.9813247323036194,True,Help_Pairing,0.974253237247467,True
time my run,Cmd.ActivityRun,Cmd.ActivityRun,0.5691037178039551,True,Cmd.ActivityRun,0.5746734142303467,True,Cmd.ActivityRun,0.5637850761413574,True
change to kitchen program,Cmd.MemoryChange,Cmd.MemoryChange,0.9602183699607849,True,Cmd.MemoryChange,0.981186032295227,True,Cmd.MemoryChange,0.9707095623016357,True
what is the ringing in my ears,Help_Tinnitus,Help_DeviceSettings,0.2374478280544281,False,Help_DeviceSettings,0.25981321930885315,False,Help_DeviceSettings,0.2577430307865143,False
standing calories,Cmd.ActivityStand,Cmd.ActivityStand,0.8428379893302917,True,Cmd.ActivityStand,0.7873952388763428,True,Cmd.ActivityStand,0.8120311498641968,True
please set to master program,Cmd.MemoryChange,Cmd.MemoryChange,0.9423651099205017,True,Cmd.MemoryChange,0.9668876528739929,True,Cmd.MemoryChange,0.9573588371276855,True
who invented the telephone?,Default Fallback Intent,Default Fallback Intent,0.42797330021858215,True,Default Fallback Intent,0.7390689253807068,True,Default Fallback Intent,0.6163682341575623,True
charge status,Cmd.BatteryLevel,Cmd.BatteryLevel,0.8199440240859985,True,Cmd.BatteryLevel,0.7448474764823914,True,Cmd.BatteryLevel,0.7842119932174683,True
please show me a help guide for my accessories,Help_Accessories,Help_HeartRate,0.34095510840415955,False,Help_HeartRate,0.3164146840572357,False,Help_HeartRate,0.2765623927116394,False
what voice helpers are supported,Help_VoiceAssistant,Help_VoiceAssistant,0.585266649723053,True,Help_VoiceAssistant,0.4124726355075836,True,Help_VoiceAssistant,0.4918351173400879,True
give me a reminder later today,reminders.add,reminders.add,0.9095001220703125,True,reminders.add,0.9542045593261719,True,reminders.add,0.9432158470153809,True
program cleaned iboost,Default Fallback Intent,Cmd.MemoryChange,0.4283222556114197,False,Cmd.MemoryChange,0.4447213113307953,False,Cmd.MemoryChange,0.4674736559391022,False
please change memory to kitchen,Cmd.MemoryChange,Cmd.MemoryChange,0.9310509562492371,True,Cmd.MemoryChange,0.9689456224441528,True,Cmd.MemoryChange,0.9506829977035522,True
how do i get my device to stream,Help_Accessories,Help_Accessories,0.5652465224266052,True,Help_Accessories,0.5919951796531677,True,Help_Accessories,0.5274708271026611,True
fix face mask issues,Help_MaskMode,Help_MaskMode,0.8810919523239136,True,Help_MaskMode,0.8873533010482788,True,Help_MaskMode,0.8796267509460449,True
can you remind me to drink water everyday at 10 in the morning,reminders.add,reminders.add,0.9354389905929565,True,reminders.add,0.9595797657966614,True,reminders.add,0.949715793132782,True
help with volume adjustment on my hearing aid,Help_Volume,Help_Volume,0.7802736163139343,True,Help_Volume,0.8011017441749573,True,Help_Volume,0.764529824256897,True
my battery drains too fast why,Help_Battery,Help_Battery,0.6716228127479553,True,Help_Battery,0.6147099733352661,True,Help_Battery,0.6426302790641785,True
can my hearing aids use intellivoice,Help_IntelliVoice,Help_IntelliVoice,0.6836775541305542,True,Help_IntelliVoice,0.7394508123397827,True,Help_IntelliVoice,0.7263826131820679,True
phone a friend,Default Fallback Intent,Cmd.SendMessage,0.7529399394989014,False,Cmd.SendMessage,0.5821285843849182,False,Cmd.SendMessage,0.7279082536697388,False
help with tinnitus volume adjustment in my hearing aid,Help_Tinnitus,Help_Tinnitus,0.940125048160553,True,Help_Tinnitus,0.9505388736724854,True,Help_Tinnitus,0.9467453956604004,True
please let me hear the remote mic,Cmd.StreamingStart,Cmd.StreamingStart,0.47012507915496826,True,Cmd.StreamingStart,0.4217265248298645,True,Cmd.StreamingStart,0.44635650515556335,True
can you assistant professor jobs,Default Fallback Intent,Default Fallback Intent,0.3826732635498047,True,Default Fallback Intent,0.6197064518928528,True,Default Fallback Intent,0.48515817523002625,True
sound bar,Default Fallback Intent,Cmd.VolumeUnmute,0.4344625473022461,False,Cmd.VolumeUnmute,0.4055253267288208,False,Cmd.VolumeUnmute,0.4127323627471924,False
it sounds too soft,Cmd.VolumeIncrease,Cmd.VolumeIncrease,0.5644123554229736,True,Cmd.VolumeIncrease,0.5551791191101074,True,Cmd.VolumeIncrease,0.5432388186454773,True
how do you calculate the ipro score?,Help_ThriveScore,Help_ThriveScore,0.9622254967689514,True,Help_ThriveScore,0.9225790500640869,True,Help_ThriveScore,0.9391947984695435,True
help me get started,Help_Home,Help_Home,0.33381637930870056,True,Help_Home,0.29729536175727844,True,Help_Home,0.3254466950893402,True
and i'm really looking forward to not having to wear the mask anymore for sure,Default Fallback Intent,Default Fallback Intent,0.5812931060791016,True,Default Fallback Intent,0.7692398428916931,True,Default Fallback Intent,0.6891117095947266,True
switch the sound off,Cmd.VolumeMute,Cmd.VolumeMute,0.45661741495132446,True,Cmd.VolumeMute,0.38428717851638794,True,Cmd.VolumeMute,0.41851678490638733,True
please help with tinnitus masker adjustment on my aids,Help_Tinnitus,Help_Tinnitus,0.9613575339317322,True,Help_Tinnitus,0.963450014591217,True,Help_Tinnitus,0.9602420330047607,True
stop sending sound to my hearing aids,Cmd.StreamingStop,Help_SelfCheck,0.33877354860305786,False,Help_SelfCheck,0.32870131731033325,False,Help_SelfCheck,0.3337966799736023,False
can you make the hearing aids quieter,Cmd.VolumeDecrease,Cmd.VolumeMute,0.4222562313079834,False,Cmd.VolumeMute,0.3230556547641754,False,Cmd.VolumeMute,0.42355385422706604,False
mute all audio right now,Cmd.VolumeMute,Cmd.VolumeMute,0.5149879455566406,True,Cmd.VolumeMute,0.48989468812942505,True,Cmd.VolumeMute,0.5205422639846802,True
how do i adjust my loudness of the tinnitus stimulus on the hearing aids?,Help_Tinnitus,Help_Tinnitus,0.9638045430183411,True,Help_Tinnitus,0.9665886163711548,True,Help_Tinnitus,0.9658544063568115,True
show me my aerobics stats,Cmd.ActivityAerobics,Cmd.ActivityAerobics,0.8191105723381042,True,Cmd.ActivityAerobics,0.7837791442871094,True,Cmd.ActivityAerobics,0.7703830599784851,True
please show me how to insert hearing aids into my ears.,Help_InsertDevice,Help_InsertDevice,0.680990993976593,True,Help_InsertDevice,0.6738701462745667,True,Help_InsertDevice,0.6823468208312988,True
message my friend,Cmd.SendMessage,Cmd.SendMessage,0.32666629552841187,True,Cmd.SendMessage,0.3562793433666229,True,Cmd.SendMessage,0.37661832571029663,True
set up a remote appointment,Help_HearingCareAnywhereConnect,reminders.add,0.4111950695514679,False,reminders.add,0.4392453134059906,False,reminders.add,0.4287165403366089,False
move to my church program,Cmd.MemoryChange,Cmd.MemoryChange,0.8423082232475281,True,Cmd.MemoryChange,0.9027453660964966,True,Cmd.MemoryChange,0.880240261554718,True
it's different both of them are different,Default Fallback Intent,Default Fallback Intent,0.2031809538602829,True,Default Fallback Intent,0.3552584946155548,True,Default Fallback Intent,0.29331666231155396,True
can you remind me once about running,reminders.add,reminders.add,0.9702349901199341,True,reminders.add,0.980363667011261,True,reminders.add,0.9786801338195801,True
remind me 10:30 p.m. to close the restaurant,reminders.add,reminders.add,0.8520854115486145,True,reminders.add,0.8702327609062195,True,reminders.add,0.8586974143981934,True
how do i request an adjustment?,Help_RemoteProgramming,Help_Customize,0.4768570065498352,False,Help_Customize,0.42521557211875916,False,Help_Customize,0.3968106508255005,False
can you change to worship,Cmd.MemoryChange,Cmd.MemoryChange,0.9649897813796997,True,Cmd.MemoryChange,0.9781084060668945,True,Cmd.MemoryChange,0.9714647531509399,True
please set to gym program,Cmd.MemoryChange,Cmd.MemoryChange,0.9729031324386597,True,Cmd.MemoryChange,0.9791244864463806,True,Cmd.MemoryChange,0.9756339192390442,True
send sound straight to my aids,Cmd.StreamingStart,Cmd.VolumeUnmute,0.41676759719848633,False,Cmd.VolumeUnmute,0.37494707107543945,False,Cmd.VolumeUnmute,0.34616973996162415,False
please let me hear the presenter,Cmd.StreamingStart,Default Fallback Intent,0.3013778626918793,False,Default Fallback Intent,0.42623087763786316,False,Default Fallback Intent,0.35006505250930786,False
can you set to kitchen memory,Cmd.MemoryChange,Cmd.MemoryChange,0.865258514881134,True,Cmd.MemoryChange,0.9504269361495972,True,Cmd.MemoryChange,0.9156162738800049,True
please switch program to work,Cmd.MemoryChange,Cmd.MemoryChange,0.9518575072288513,True,Cmd.MemoryChange,0.9737813472747803,True,Cmd.MemoryChange,0.962313175201416,True
how do you fix your tv?,Default Fallback Intent,Help_Accessories,0.7548500895500183,False,Help_Accessories,0.6659169793128967,False,Help_Accessories,0.6877216100692749,False
when is samsung releasing the next galaxy phone,Default Fallback Intent,Default Fallback Intent,0.7212534546852112,True,Default Fallback Intent,0.8640278577804565,True,Default Fallback Intent,0.790786862373352,True
please set to auditorium program,Cmd.MemoryChange,Cmd.MemoryChange,0.9247961640357971,True,Cmd.MemoryChange,0.9560509324073792,True,Cmd.MemoryChange,0.9408077597618103,True
please switch to restaurant,Cmd.MemoryChange,Cmd.MemoryChange,0.9294620752334595,True,Cmd.MemoryChange,0.953926146030426,True,Cmd.MemoryChange,0.9418638944625854,True
please set program to speech,Cmd.MemoryChange,Cmd.MemoryChange,0.947810173034668,True,Cmd.MemoryChange,0.9704027771949768,True,Cmd.MemoryChange,0.959674596786499,True
please send message,Cmd.SendMessage,Cmd.SendMessage,0.9450761079788208,True,Cmd.SendMessage,0.938488781452179,True,Cmd.SendMessage,0.941872775554657,True
please translate how much do i owe you in español,Cmd.TranslationStart,Cmd.TranslationStart,0.7857311964035034,True,Cmd.TranslationStart,0.5702966451644897,True,Cmd.TranslationStart,0.6878721117973328,True
what's the problem,Default Fallback Intent,Default Fallback Intent,0.33187079429626465,True,Default Fallback Intent,0.5646921992301941,True,Default Fallback Intent,0.4400465786457062,True
play message,Cmd.ListenMessage,Cmd.ListenMessage,0.860018789768219,True,Cmd.ListenMessage,0.8186012506484985,True,Cmd.ListenMessage,0.8338068723678589,True
how do i set up fall detection,Help_FallAlert,Help_FallAlert,0.7957549691200256,True,Help_FallAlert,0.7964520454406738,True,Help_FallAlert,0.7996310591697693,True
can you so do i unable to caesar,Default Fallback Intent,Default Fallback Intent,0.8560925126075745,True,Default Fallback Intent,0.9250627756118774,True,Default Fallback Intent,0.8824930191040039,True
set to work program,Cmd.MemoryChange,Cmd.MemoryChange,0.9812573194503784,True,Cmd.MemoryChange,0.9894388318061829,True,Cmd.MemoryChange,0.9849590063095093,True
what does a self check tell me,Help_SelfCheck,Help_SelfCheck,0.7589893341064453,True,Help_SelfCheck,0.7813252806663513,True,Help_SelfCheck,0.7710703015327454,True
help with tinnitus masker adjustments in my aids,Help_Tinnitus,Help_Tinnitus,0.9785349369049072,True,Help_Tinnitus,0.9796835780143738,True,Help_Tinnitus,0.9780414700508118,True
please setting number two,Cmd.MemoryChange,Cmd.MemoryChange,0.9223979711532593,True,Cmd.MemoryChange,0.9504144787788391,True,Cmd.MemoryChange,0.935516893863678,True
remind me tomorrow to,reminders.add,reminders.add,0.9816306233406067,True,reminders.add,0.9869792461395264,True,reminders.add,0.9840197563171387,True
can you don't tell me that's the problem,Default Fallback Intent,Default Fallback Intent,0.45346519351005554,True,Default Fallback Intent,0.7011224627494812,True,Default Fallback Intent,0.6022579669952393,True
can you use soap to clean hearing aids?,Help_CleanCare,Help_CleanCare,0.8646787405014038,True,Help_CleanCare,0.8123975396156311,True,Help_CleanCare,0.8151355385780334,True
what’s virtual assistant?,Help_VoiceAssistant,Help_VoiceAssistant,0.8979871273040771,True,Help_VoiceAssistant,0.8367227911949158,True,Help_VoiceAssistant,0.871002197265625,True
please help with tinnitus stimulus adjustment on my aids,Help_Tinnitus,Help_Tinnitus,0.9751976132392883,True,Help_Tinnitus,0.9776769280433655,True,Help_Tinnitus,0.9755277633666992,True
share my audio so others can hear,Help_HearShare,Help_HearShare,0.2744598686695099,True,Help_HearShare,0.25238731503486633,True,Help_HearShare,0.2561929523944855,True
what are the volume options,Help_Volume,Help_Volume,0.5571747422218323,True,Help_Volume,0.5709680914878845,True,Help_Volume,0.533389151096344,True
hi there i don't,Default Fallback Intent,reminders.add,0.4104304015636444,False,reminders.add,0.4727555215358734,False,reminders.add,0.45834439992904663,False
guide me through changing memories,Help_ChangingMemories,Help_ChangingMemories,0.9168818593025208,True,Help_ChangingMemories,0.9170663952827454,True,Help_ChangingMemories,0.9174723029136658,True
what's my remaining charge?,Cmd.BatteryLevel,Default Fallback Intent,0.2997404634952545,False,Default Fallback Intent,0.5299614667892456,False,Default Fallback Intent,0.4158860445022583,False
how are my batteries doing?,Cmd.BatteryLevel,Cmd.BatteryLevel,0.4047268331050873,True,Cmd.BatteryLevel,0.4175906479358673,True,Cmd.BatteryLevel,0.4274846315383911,True
can you i can't remember where my aids are,Help_FindMyHearingAids,Help_FindMyHearingAids,0.9472618699073792,True,Help_FindMyHearingAids,0.9276700019836426,True,Help_FindMyHearingAids,0.9305693507194519,True
raise volume,Cmd.VolumeIncrease,Cmd.VolumeIncrease,0.8665058016777039,True,Cmd.VolumeIncrease,0.8754550814628601,True,Cmd.VolumeIncrease,0.8638922572135925,True
let me hear the presenter,Cmd.StreamingStart,Cmd.ListenMessage,0.2265722155570984,False,Cmd.ListenMessage,0.18797025084495544,False,Cmd.ListenMessage,0.19631721079349518,False
please the shadowy men on a shadowy planet,Default Fallback Intent,Default Fallback Intent,0.9454672336578369,True,Default Fallback Intent,0.9707266092300415,True,Default Fallback Intent,0.955391526222229,True
change to golf,Cmd.MemoryChange,Cmd.MemoryChange,0.8609616756439209,True,Cmd.MemoryChange,0.9123080968856812,True,Cmd.MemoryChange,0.8852836489677429,True
how many help requests can i submit?,Help_RemoteProgramming,Help_Transcribe,0.23051556944847107,False,Help_Home,0.2175644487142563,False,Help_Home,0.23101623356342316,False
can you fisher is jacking off in the car so it's in the closet,Default Fallback Intent,Default Fallback Intent,0.5924956202507019,True,Default Fallback Intent,0.7512349486351013,True,Default Fallback Intent,0.6704345941543579,True
can you completely,Default Fallback Intent,Default Fallback Intent,0.6515204310417175,True,Default Fallback Intent,0.8038215041160583,True,Default Fallback Intent,0.7137535810470581,True
please change setting to number two,Cmd.MemoryChange,Cmd.MemoryChange,0.9349262714385986,True,Cmd.MemoryChange,0.9562579989433289,True,Cmd.MemoryChange,0.9439802765846252,True
please change to automatic memory,Cmd.MemoryChange,Cmd.MemoryChange,0.9611873626708984,True,Cmd.MemoryChange,0.9786883592605591,True,Cmd.MemoryChange,0.9691048264503479,True
explain the find my aids feature,Help_FindMyHearingAids,Help_FindMyHearingAids,0.904625654220581,True,Help_FindMyHearingAids,0.9081786274909973,True,Help_FindMyHearingAids,0.8940684795379639,True
crowd program,Cmd.MemoryChange,Cmd.MemoryChange,0.9575270414352417,True,Cmd.MemoryChange,0.9760448932647705,True,Cmd.MemoryChange,0.9659183621406555,True
can you change to theater memory,Cmd.MemoryChange,Cmd.MemoryChange,0.8911319971084595,True,Cmd.MemoryChange,0.9569652676582336,True,Cmd.MemoryChange,0.9313885569572449,True
my phone is lost ring it,Cmd.FindMyPhone,Cmd.FindMyPhone,0.741508424282074,True,Cmd.FindMyPhone,0.6899709105491638,True,Cmd.FindMyPhone,0.7382989525794983,True
what does the fall alert do,Help_FallAlert,Help_FallAlert,0.9282429814338684,True,Help_FallAlert,0.9306652545928955,True,Help_FallAlert,0.9300435781478882,True
put me in speech mode,Cmd.MemoryChange,Help_MaskMode,0.27279502153396606,False,Help_MaskMode,0.22137998044490814,False,Help_MaskMode,0.21666911244392395,False
help with the volume feature,Help_Volume,Help_Volume,0.9314892888069153,True,Help_Volume,0.9406600594520569,True,Help_Volume,0.934565007686615,True
can you exercise goal,Cmd.ActivityExercise,Cmd.ActivityExercise,0.8934959173202515,True,Cmd.ActivityExercise,0.8896579742431641,True,Cmd.ActivityExercise,0.8865687251091003,True
everyone has to say things twice for me,Cmd.VolumeIncrease,Default Fallback Intent,0.24286389350891113,False,Default Fallback Intent,0.4489805996417999,False,Default Fallback Intent,0.3543298840522766,False
pump up the volume,Cmd.VolumeIncrease,Cmd.VolumeIncrease,0.7554506063461304,True,Cmd.VolumeIncrease,0.7768761515617371,True,Cmd.VolumeIncrease,0.7571824193000793,True
how do i make,Default Fallback Intent,Default Fallback Intent,0.6318642497062683,True,Default Fallback Intent,0.8789393901824951,True,Default Fallback Intent,0.7795147895812988,True
please remind me to pick up my prescription sunday at 5 p.m.,reminders.add,reminders.add,0.9843947887420654,True,reminders.add,0.9876861572265625,True,reminders.add,0.9874085187911987,True
can you i got a ton of recommendation completely wireless,Default Fallback Intent,Default Fallback Intent,0.9036076068878174,True,Default Fallback Intent,0.9633281826972961,True,Default Fallback Intent,0.9394113421440125,True
how would i stop a fall alert text?,Help_FallAlert,Help_FallAlert,0.9882900714874268,True,Help_FallAlert,0.9894634485244751,True,Help_FallAlert,0.9894058108329773,True
i need help pairing,Help_Pairing,Help_Pairing,0.7783525586128235,True,Help_Pairing,0.7973690629005432,True,Help_Pairing,0.7770700454711914,True
help me understand volume settings,Help_Volume,Help_Volume,0.5790985822677612,True,Help_Volume,0.6143395304679871,True,Help_Volume,0.5569047331809998,True
max burger,Default Fallback Intent,Cmd.VolumeIncrease,0.2485535889863968,False,Default Fallback Intent,0.4029008746147156,True,Default Fallback Intent,0.2826169431209564,True
please change memory to crowd,Cmd.MemoryChange,Cmd.MemoryChange,0.935255765914917,True,Cmd.MemoryChange,0.9679858684539795,True,Cmd.MemoryChange,0.9521018862724304,True
where's intellivoice?,Help_IntelliVoice,Help_IntelliVoice,0.8412340879440308,True,Help_IntelliVoice,0.8413655161857605,True,Help_IntelliVoice,0.8237594962120056,True
please change program to master,Cmd.MemoryChange,Cmd.MemoryChange,0.9746227264404297,True,Cmd.MemoryChange,0.9848135113716125,True,Cmd.MemoryChange,0.9795198440551758,True
set memory to restaurant,Cmd.MemoryChange,Cmd.MemoryChange,0.9675389528274536,True,Cmd.MemoryChange,0.9829013347625732,True,Cmd.MemoryChange,0.9748069643974304,True
can you turn the volume on,Cmd.VolumeUnmute,Cmd.VolumeUnmute,0.6889358758926392,True,Cmd.VolumeUnmute,0.6170815229415894,True,Cmd.VolumeUnmute,0.6201185584068298,True
can you reminder finished.,reminders.complete,reminders.complete,0.38802728056907654,True,reminders.add,0.5606861114501953,False,reminders.add,0.5013670921325684,False
please set memory to mute,Cmd.MemoryChange,Cmd.MemoryChange,0.9250386953353882,True,Cmd.MemoryChange,0.9600188136100769,True,Cmd.MemoryChange,0.9425176382064819,True
what is quick start,Help_WhatsNew,Help_WhatsNew,0.891278088092804,True,Help_WhatsNew,0.9018130302429199,True,Help_WhatsNew,0.9013025164604187,True
start logging my walk,Cmd.ActivityWalk,Cmd.ActivityWalk,0.7324605584144592,True,Cmd.ActivityWalk,0.7344301342964172,True,Cmd.ActivityWalk,0.7108383178710938,True
how do i make one side louder,Help_Volume,Help_HearShare,0.1736527681350708,False,Default Fallback Intent,0.38818788528442383,False,Default Fallback Intent,0.2915683090686798,False
reminder to play with my cat everyday at 7 p.m.,reminders.add,reminders.add,0.6842241287231445,True,reminders.add,0.8091916441917419,True,reminders.add,0.7846924066543579,True
how to charge my itc hearing aid?,Help_Battery,Help_Pairing,0.2630801498889923,False,Help_Pairing,0.300058513879776,False,Help_Pairing,0.22000521421432495,False
can you hearing aids,Default Fallback Intent,Cmd.VolumeMute,0.3397340476512909,False,Default Fallback Intent,0.2623373568058014,True,Cmd.VolumeMute,0.30336737632751465,False
how do i adjust my loudness of the tinnitus masker on the aid?,Help_Tinnitus,Help_Tinnitus,0.9662510752677917,True,Help_Tinnitus,0.9696822762489319,True,Help_Tinnitus,0.967358410358429,True
can you music memory,Cmd.MemoryChange,Cmd.MemoryChange,0.781173050403595,True,Cmd.MemoryChange,0.8896971940994263,True,Cmd.MemoryChange,0.8363848328590393,True
set program to quiet,Cmd.MemoryChange,Cmd.MemoryChange,0.9505746960639954,True,Cmd.MemoryChange,0.9717615246772766,True,Cmd.MemoryChange,0.9600884914398193,True
how does changing profiles work,Help_ChangingMemories,Help_ChangingMemories,0.4118450880050659,True,Help_ChangingMemories,0.3930882215499878,True,Help_ChangingMemories,0.4420597553253174,True
please sentences with more,Default Fallback Intent,Default Fallback Intent,0.9452780485153198,True,Default Fallback Intent,0.984585702419281,True,Default Fallback Intent,0.9711484909057617,True
"can you this jena fuller. can you trying to fill out way, too?",Default Fallback Intent,Default Fallback Intent,0.939852237701416,True,Default Fallback Intent,0.9749525785446167,True,Default Fallback Intent,0.9567578434944153,True
have i reached my biking goal?,Cmd.ActivityCycle,Cmd.ActivityCycle,0.7665575742721558,True,Cmd.ActivityCycle,0.7667046785354614,True,Cmd.ActivityCycle,0.7790806889533997,True
can you i cannot remember where my aids are,Help_FindMyHearingAids,Help_FindMyHearingAids,0.9198179244995117,True,Help_FindMyHearingAids,0.8959667682647705,True,Help_FindMyHearingAids,0.9071907997131348,True
help with pairing the aids,Help_Pairing,Help_Pairing,0.9779215455055237,True,Help_Pairing,0.9813374280929565,True,Help_Pairing,0.9769796133041382,True
please set to 80% volume,Cmd.VolumeIncrease,Cmd.VolumeIncrease,0.5619821548461914,True,Cmd.VolumeIncrease,0.5594565272331238,True,Cmd.VolumeIncrease,0.5208448171615601,True
how do i insert my left hearing aids into my ears?,Help_InsertDevice,Help_InsertDevice,0.3903052508831024,True,Help_InsertDevice,0.35791507363319397,True,Help_InsertDevice,0.3799678385257721,True
can i pair siri to my hearing aids,Help_VoiceAssistant,Help_Pairing,0.4858778417110443,False,Help_Pairing,0.5780017971992493,False,Help_Pairing,0.4908229410648346,False
please show me my exercise goal,Cmd.ActivityExercise,Cmd.ActivityExercise,0.8458825349807739,True,Cmd.ActivityExercise,0.8397939801216125,True,Cmd.ActivityExercise,0.8309047818183899,True
show me where my iphone is,Cmd.FindMyPhone,Cmd.FindMyPhone,0.3079241216182709,True,Cmd.FindMyPhone,0.3411521911621094,True,Cmd.FindMyPhone,0.3695349097251892,True
remind me to wake up tomorrow,reminders.add,reminders.add,0.9891062378883362,True,reminders.add,0.9917529225349426,True,reminders.add,0.9904256463050842,True
can you kid pushes the top button real quick and let it go the volume goes up,Default Fallback Intent,Default Fallback Intent,0.854776918888092,True,Default Fallback Intent,0.930109441280365,True,Default Fallback Intent,0.9014447927474976,True
please help with changing programs on my aid,Help_ChangingMemories,Help_ChangingMemories,0.9627974629402161,True,Help_ChangingMemories,0.9641376733779907,True,Help_ChangingMemories,0.9658797979354858,True
explain the main options,Help_Home,Help_Home,0.7017744183540344,True,Help_Home,0.7153896689414978,True,Help_Home,0.7187376618385315,True
can you got to getting a text message at boston,Default Fallback Intent,Default Fallback Intent,0.6575019955635071,True,Default Fallback Intent,0.8282362818717957,True,Default Fallback Intent,0.71996009349823,True
how depleted is the battery,Cmd.BatteryLevel,Cmd.BatteryLevel,0.5495972037315369,True,Cmd.BatteryLevel,0.584345281124115,True,Cmd.BatteryLevel,0.5783836841583252,True
can you i misplaced my other aid,Help_FindMyHearingAids,Help_FindMyHearingAids,0.9531055688858032,True,Help_FindMyHearingAids,0.9622135758399963,True,Help_FindMyHearingAids,0.9561945796012878,True
start my cardio class tracking,Cmd.ActivityAerobics,Cmd.ActivityCalories,0.3279460072517395,False,Cmd.ActivityCalories,0.28239789605140686,False,Cmd.ActivityCalories,0.30969125032424927,False
set to mute program,Cmd.MemoryChange,Cmd.MemoryChange,0.9577972888946533,True,Cmd.MemoryChange,0.9774335026741028,True,Cmd.MemoryChange,0.96698397397995,True
how do i adjust the volume on my aids?,Help_Volume,Help_Volume,0.9663689136505127,True,Help_Volume,0.9732092022895813,True,Help_Volume,0.9659163951873779,True
shift into the outdoor profile,Cmd.MemoryChange,Default Fallback Intent,0.4508395791053772,False,Default Fallback Intent,0.5602838397026062,False,Default Fallback Intent,0.46903496980667114,False
why is my hearing aid quiet on one side,Help_DeviceSettings,Help_SelfCheck,0.3273663818836212,False,Help_SelfCheck,0.3331143856048584,False,Help_SelfCheck,0.34600257873535156,False
please switch program to car,Cmd.MemoryChange,Cmd.MemoryChange,0.9543878436088562,True,Cmd.MemoryChange,0.9717687368392944,True,Cmd.MemoryChange,0.9619739651679993,True
can you remind me to call someone everyday at 4 p.m.,reminders.add,reminders.add,0.9887434244155884,True,reminders.add,0.9913278222084045,True,reminders.add,0.9902722239494324,True
i can't even hardly hear that,Default Fallback Intent,Default Fallback Intent,0.7687657475471497,True,Default Fallback Intent,0.9121946096420288,True,Default Fallback Intent,0.8549239635467529,True
can you change to master memory,Cmd.MemoryChange,Cmd.MemoryChange,0.8476146459579468,True,Cmd.MemoryChange,0.9402405619621277,True,Cmd.MemoryChange,0.9030397534370422,True
please and i'm really looking forward to not having to wear the mask anymore for sure,Default Fallback Intent,Default Fallback Intent,0.7118968963623047,True,Default Fallback Intent,0.8669618964195251,True,Default Fallback Intent,0.8062806129455566,True
can you let me hear the tv,Cmd.StreamingStart,Cmd.StreamingStart,0.8873098492622375,True,Cmd.StreamingStart,0.9047278761863708,True,Cmd.StreamingStart,0.894049882888794,True
compose message,Cmd.SendMessage,Default Fallback Intent,0.3749365210533142,False,Default Fallback Intent,0.5761016607284546,False,Default Fallback Intent,0.4470203220844269,False
can you i want to connect to my audiologist,Help_RemoteProgramming,Help_RemoteProgramming,0.38802891969680786,True,Help_RemoteProgramming,0.3968893885612488,True,Help_RemoteProgramming,0.3712482154369354,True
can you change program to restaurant,Cmd.MemoryChange,Cmd.MemoryChange,0.9649974703788757,True,Cmd.MemoryChange,0.9809707999229431,True,Cmd.MemoryChange,0.9728906750679016,True
every day,reminders.add,reminders.add,0.8687859773635864,True,reminders.add,0.8925995826721191,True,reminders.add,0.8876463770866394,True
please hear it again.,Cmd.ListenMessage,Cmd.VolumeUnmute,0.3568836748600006,False,Cmd.VolumeUnmute,0.2790302038192749,False,Cmd.VolumeUnmute,0.30721813440322876,False
reduce the noise level,Cmd.VolumeDecrease,Cmd.VolumeDecrease,0.8121148347854614,True,Cmd.VolumeDecrease,0.8187225461006165,True,Cmd.VolumeDecrease,0.804617702960968,True
please go to outdoors,Cmd.MemoryChange,Cmd.MemoryChange,0.4811338484287262,True,Cmd.MemoryChange,0.6749508380889893,True,Cmd.MemoryChange,0.6141430735588074,True
am i close to my running goal?,Cmd.ActivityRun,Cmd.ActivityRun,0.6468950510025024,True,Cmd.ActivityRun,0.6741847395896912,True,Cmd.ActivityRun,0.6338121891021729,True
stop streaming tv to my hearing aids,Cmd.StreamingStop,Cmd.StreamingStop,0.6278022527694702,True,Cmd.StreamingStop,0.5734488368034363,True,Cmd.StreamingStop,0.5912185311317444,True
put hearing aids in auditorium setting,Cmd.MemoryChange,Cmd.MemoryChange,0.2446134090423584,True,Cmd.MemoryChange,0.42026272416114807,True,Cmd.MemoryChange,0.35280853509902954,True
new edema,Default Fallback Intent,Default Fallback Intent,0.7061373591423035,True,Default Fallback Intent,0.8662671446800232,True,Default Fallback Intent,0.7779192328453064,True
how do i change programs on my hearing aid?,Help_ChangingMemories,Help_ChangingMemories,0.9529718160629272,True,Help_ChangingMemories,0.9589618444442749,True,Help_ChangingMemories,0.9559773802757263,True
locate the hearing devices,Help_FindMyHearingAids,Help_FindMyHearingAids,0.3437168598175049,True,Help_FindMyHearingAids,0.3440453112125397,True,Help_FindMyHearingAids,0.3254135847091675,True
information on the ipro score,Help_ThriveScore,Help_ThriveScore,0.9254439473152161,True,Help_ThriveScore,0.9246805906295776,True,Help_ThriveScore,0.9194169044494629,True
switch program to number one,Cmd.MemoryChange,Cmd.MemoryChange,0.9519931077957153,True,Cmd.MemoryChange,0.9730892181396484,True,Cmd.MemoryChange,0.9614246487617493,True
how do i check if the hearing aids are connected to the thrive app?,Help_Pairing,Help_Pairing,0.9315068125724792,True,Help_Pairing,0.949480414390564,True,Help_Pairing,0.9329414367675781,True
my aids aren't where i left them,Help_FindMyHearingAids,Help_FindMyHearingAids,0.4845294654369354,True,Help_FindMyHearingAids,0.515686571598053,True,Help_FindMyHearingAids,0.5665780901908875,True
can you set me a reminder,reminders.add,reminders.add,0.7826871871948242,True,reminders.add,0.8931412696838379,True,reminders.add,0.856716513633728,True
where'd you go,Default Fallback Intent,Default Fallback Intent,0.7592431306838989,True,Default Fallback Intent,0.9199867248535156,True,Default Fallback Intent,0.8515094518661499,True
can you search citizens,Default Fallback Intent,Default Fallback Intent,0.9275833964347839,True,Default Fallback Intent,0.9765253067016602,True,Default Fallback Intent,0.9527671337127686,True
why is my left very faint not working,Help_SelfCheck,Help_SelfCheck,0.5181038975715637,True,Default Fallback Intent,0.7061427235603333,False,Default Fallback Intent,0.5899723768234253,False
explain personalizing my hearing aids,Help_Customize,Help_DeviceSettings,0.35827645659446716,False,Help_DeviceSettings,0.38938504457473755,False,Help_DeviceSettings,0.4455997049808502,False
remind me to pick up my prescription sunday at 5 p.m.,reminders.add,reminders.add,0.9873688817024231,True,reminders.add,0.991251528263092,True,reminders.add,0.9898871779441833,True
where do i see my wellness score,Help_ThriveScore,Help_ThriveScore,0.9151340126991272,True,Help_ThriveScore,0.9149512648582458,True,Help_ThriveScore,0.9067369699478149,True
please turn the volume up,Cmd.VolumeIncrease,Cmd.VolumeIncrease,0.8219065070152283,True,Cmd.VolumeIncrease,0.8300701379776001,True,Cmd.VolumeIncrease,0.812574028968811,True
play my incoming texts,Cmd.ListenMessage,Cmd.ListenMessage,0.900363564491272,True,Cmd.ListenMessage,0.8912016749382019,True,Cmd.ListenMessage,0.8851480484008789,True
let me hear the microphone,Cmd.StreamingStart,Cmd.VolumeUnmute,0.2726927101612091,False,Cmd.VolumeUnmute,0.22278279066085815,False,Cmd.VolumeUnmute,0.2349454015493393,False
what microphones can i pair,Help_Accessories,Help_Pairing,0.31356310844421387,False,Help_Pairing,0.33611419796943665,False,Help_Pairing,0.2887323200702667,False
add reminder for meeting,reminders.add,reminders.add,0.43675288558006287,True,reminders.add,0.5669615268707275,True,reminders.add,0.5182870030403137,True
can you federal assistance up to my energy,Default Fallback Intent,Default Fallback Intent,0.36230623722076416,True,Default Fallback Intent,0.6200762391090393,True,Default Fallback Intent,0.5116656422615051,True
can you return to initial settings,Default Fallback Intent,Default Fallback Intent,0.1850033849477768,True,Default Fallback Intent,0.4000402092933655,True,Default Fallback Intent,0.28646138310432434,True
how old is tom cruise?,Default Fallback Intent,Default Fallback Intent,0.45818257331848145,True,Default Fallback Intent,0.7196057438850403,True,Default Fallback Intent,0.572172999382019,True
please set memory to music,Cmd.MemoryChange,Cmd.MemoryChange,0.9631469249725342,True,Cmd.MemoryChange,0.9802699089050293,True,Cmd.MemoryChange,0.9713230133056641,True
don't make any noise for a minute,Default Fallback Intent,reminders.add,0.46393904089927673,False,reminders.add,0.5232986807823181,False,reminders.add,0.5328378677368164,False
please i lost my hearing aid,Help_FindMyHearingAids,Help_FindMyHearingAids,0.9473283886909485,True,Help_FindMyHearingAids,0.9548527598381042,True,Help_FindMyHearingAids,0.9565173983573914,True
play i'm carrying it,Default Fallback Intent,Cmd.ListenMessage,0.8236063122749329,False,Cmd.ListenMessage,0.7414094805717468,False,Cmd.ListenMessage,0.7778093218803406,False
dispatch a message,Cmd.SendMessage,Cmd.SendMessage,0.9574080109596252,True,Cmd.SendMessage,0.9001200795173645,True,Cmd.SendMessage,0.9414655566215515,True
where did i leave my right aid?,Help_FindMyHearingAids,Help_FindMyHearingAids,0.9859959483146667,True,Help_FindMyHearingAids,0.9898427128791809,True,Help_FindMyHearingAids,0.9871739149093628,True
can you change memory to number four,Cmd.MemoryChange,Cmd.MemoryChange,0.9087232351303101,True,Cmd.MemoryChange,0.959779679775238,True,Cmd.MemoryChange,0.9362769722938538,True
please set to speech program,Cmd.MemoryChange,Cmd.MemoryChange,0.9473440051078796,True,Cmd.MemoryChange,0.9681282639503479,True,Cmd.MemoryChange,0.9584646224975586,True
can you help with tinnitus masker adjustment on my aids,Help_Tinnitus,Help_Tinnitus,0.9379071593284607,True,Help_Tinnitus,0.9391282200813293,True,Help_Tinnitus,0.9352478981018066,True
the audio is distorted on my hearing aids,Help_DeviceSettings,Cmd.StreamingStart,0.3480782210826874,False,Cmd.StreamingStart,0.3981936275959015,False,Cmd.StreamingStart,0.397787868976593,False
how do i share what i hear,Help_HearShare,Help_HearShare,0.7392919063568115,True,Help_HearShare,0.7335529923439026,True,Help_HearShare,0.7345250844955444,True
how do i turn my hearing aids down,Help_Volume,Help_Volume,0.586675763130188,True,Help_Volume,0.5986446142196655,True,Help_Volume,0.5099637508392334,True
restaurant near me,Default Fallback Intent,Default Fallback Intent,0.6151092052459717,True,Default Fallback Intent,0.7296539545059204,True,Default Fallback Intent,0.6425818800926208,True
can you switch to master program,Cmd.MemoryChange,Cmd.MemoryChange,0.9428480863571167,True,Cmd.MemoryChange,0.9749889373779297,True,Cmd.MemoryChange,0.961063802242279,True
what's on the health screen,Help_Health,Help_Health,0.4166374206542969,True,Help_Home,0.3814924359321594,False,Help_Home,0.37941569089889526,False
begin streaming to my devices,Cmd.StreamingStart,Cmd.StreamingStart,0.7411971688270569,True,Cmd.StreamingStart,0.773957371711731,True,Cmd.StreamingStart,0.7551818490028381,True
can you amazon screen is dark,Default Fallback Intent,Default Fallback Intent,0.8733086585998535,True,Default Fallback Intent,0.9476528763771057,True,Default Fallback Intent,0.9105287790298462,True
please switch program to school,Cmd.MemoryChange,Cmd.MemoryChange,0.9522410035133362,True,Cmd.MemoryChange,0.9735941886901855,True,Cmd.MemoryChange,0.9623785018920898,True
how do i customize my left hearing aid?,Help_Customize,Help_Customize,0.6094628572463989,True,Help_Customize,0.5634948015213013,True,Help_Customize,0.5425711274147034,True
total quiet now please,Cmd.VolumeMute,reminders.add,0.40755414962768555,False,reminders.add,0.46348410844802856,False,reminders.add,0.46003901958465576,False
what was the indians score,Default Fallback Intent,Help_ThriveScore,0.6029348373413086,False,Default Fallback Intent,0.4852482080459595,True,Help_ThriveScore,0.5144346952438354,False
remind me to pick up my prescription at 5 p.m. on thursday,reminders.add,reminders.add,0.9844852685928345,True,reminders.add,0.9863837361335754,True,reminders.add,0.9860870242118835,True
will you set a reminder for me,reminders.add,reminders.add,0.8913483023643494,True,reminders.add,0.9339430928230286,True,reminders.add,0.914061963558197,True
show me how to insert hearing aids into my ears.,Help_InsertDevice,Help_InsertDevice,0.7532647848129272,True,Help_InsertDevice,0.731713593006134,True,Help_InsertDevice,0.7380726933479309,True
please i don't like the double tap feature. how do i turn it off?,Help_DeviceSettings,Default Fallback Intent,0.8052090406417847,False,Default Fallback Intent,0.9214848279953003,False,Default Fallback Intent,0.872352659702301,False
please i cannot find my aid,Help_FindMyHearingAids,Help_FindMyHearingAids,0.9933231472969055,True,Help_FindMyHearingAids,0.9935386776924133,True,Help_FindMyHearingAids,0.9936518669128418,True
can you intelligent voice user guide,Help_IntelliVoice,Help_IntelliVoice,0.9382666945457458,True,Help_IntelliVoice,0.9489004015922546,True,Help_IntelliVoice,0.9433938264846802,True
can you help with remote programming,Help_RemoteProgramming,Help_RemoteProgramming,0.43104544281959534,True,Help_RemoteProgramming,0.4082275331020355,True,Help_RemoteProgramming,0.3922926187515259,True
does translation work both ways,Help_Translate,Default Fallback Intent,0.5664229989051819,False,Default Fallback Intent,0.7651341557502747,False,Default Fallback Intent,0.6919418573379517,False
help understanding remote tuning,Help_RemoteProgramming,Help_RemoteProgramming,0.46666663885116577,True,Help_RemoteProgramming,0.5097209811210632,True,Help_RemoteProgramming,0.4739600121974945,True
can you and push it down for dramatics,Default Fallback Intent,Default Fallback Intent,0.603730320930481,True,Default Fallback Intent,0.7996066212654114,True,Default Fallback Intent,0.7185710072517395,True
make speech louder,Cmd.VolumeIncrease,Cmd.VolumeIncrease,0.4504227638244629,True,Cmd.VolumeIncrease,0.4195449650287628,True,Cmd.VolumeIncrease,0.43432140350341797,True
can you make my hearing aids softer,Cmd.VolumeDecrease,Cmd.VolumeIncrease,0.5205974578857422,False,Cmd.VolumeIncrease,0.509901225566864,False,Cmd.VolumeIncrease,0.4930422008037567,False
can you my left hearing aid does not respond,Help_SelfCheck,Help_SelfCheck,0.5054717659950256,True,Default Fallback Intent,0.5160456299781799,False,Help_SelfCheck,0.4192965626716614,True
how do i restore my hearing aid settings?,Help_HearingCareAnywhereConnect,Help_Customize,0.3406417667865753,False,Help_Customize,0.3273182511329651,False,Help_Customize,0.36071228981018066,False
please connect me to my audiologist,Help_RemoteProgramming,Help_RemoteProgramming,0.2160796821117401,True,Help_RemoteProgramming,0.2566392123699188,True,Help_RemoteProgramming,0.21927990019321442,True
minimum volume,Cmd.VolumeDecrease,Cmd.VolumeIncrease,0.6332757472991943,False,Cmd.VolumeIncrease,0.5983366370201111,False,Cmd.VolumeIncrease,0.601680338382721,False
please wax build up,Help_CleanCare,Default Fallback Intent,0.519686758518219,False,Default Fallback Intent,0.7079241275787354,False,Default Fallback Intent,0.6110352277755737,False
how do i get to mask mode?,Help_MaskMode,Help_MaskMode,0.9507331848144531,True,Help_MaskMode,0.9500429034233093,True,Help_MaskMode,0.9477355480194092,True
can you text levitar,Default Fallback Intent,Default Fallback Intent,0.5749887228012085,True,Default Fallback Intent,0.8465626835823059,True,Default Fallback Intent,0.7300296425819397,True
pairing aids on the app,Help_Pairing,Help_Pairing,0.9340440034866333,True,Help_Pairing,0.9527769088745117,True,Help_Pairing,0.9385720491409302,True
what health info does the app track,Help_Health,Help_AppSettings,0.6068800687789917,False,Help_AppSettings,0.5971142649650574,False,Help_AppSettings,0.5876603126525879,False
record my training session,Cmd.ActivityExercise,Cmd.ListenMessage,0.31351396441459656,False,Cmd.ListenMessage,0.35592108964920044,False,Cmd.ListenMessage,0.35782650113105774,False
stream the audio to my devices,Cmd.StreamingStart,Cmd.StreamingStart,0.8726879954338074,True,Cmd.StreamingStart,0.9000145196914673,True,Cmd.StreamingStart,0.8827472925186157,True
can you switch to car program,Cmd.MemoryChange,Cmd.MemoryChange,0.9702636003494263,True,Cmd.MemoryChange,0.9832100868225098,True,Cmd.MemoryChange,0.9763255715370178,True
set memory to mask,Cmd.MemoryChange,Cmd.MemoryChange,0.9604774117469788,True,Cmd.MemoryChange,0.9798313975334167,True,Cmd.MemoryChange,0.9704563021659851,True
how do i play notifications through my hearing aids?,Help_DeviceSettings,Help_DeviceSettings,0.5464040637016296,True,Help_DeviceSettings,0.5615683197975159,True,Help_DeviceSettings,0.6242703795433044,True
can you tell me what my stand goal is,Cmd.ActivityStand,Cmd.ActivityStand,0.825319230556488,True,Cmd.ActivityStand,0.8255980014801025,True,Cmd.ActivityStand,0.8460699319839478,True
how can i synchronize my hearing aids,Help_Pairing,Help_DemoMode,0.2141159623861313,False,Help_CleanCare,0.2015422135591507,False,Help_Customize,0.1963595151901245,False
how do different programs work,Help_ChangingMemories,Help_Customize,0.29825735092163086,False,Help_Customize,0.2706511318683624,False,Help_Customize,0.2630003094673157,False
quiet memory,Cmd.MemoryChange,Cmd.MemoryChange,0.9093745946884155,True,Cmd.MemoryChange,0.9498374462127686,True,Cmd.MemoryChange,0.9280464053153992,True
how does translate work?,Help_Translate,Help_Translate,0.9485461115837097,True,Help_Translate,0.9477010369300842,True,Help_Translate,0.9485973715782166,True
can you program number two,Cmd.MemoryChange,Cmd.MemoryChange,0.88233482837677,True,Cmd.MemoryChange,0.9124366641044617,True,Cmd.MemoryChange,0.8974719047546387,True
what's different about this app?,Help_WhatsNew,Help_WhatsNew,0.8858190178871155,True,Help_WhatsNew,0.8818354606628418,True,Help_WhatsNew,0.8816113471984863,True
can you set program to number one,Cmd.MemoryChange,Cmd.MemoryChange,0.9105854034423828,True,Cmd.MemoryChange,0.9551511406898499,True,Cmd.MemoryChange,0.9346855282783508,True
help me find my iphone,Cmd.FindMyPhone,Cmd.FindMyPhone,0.5326815843582153,True,Cmd.FindMyPhone,0.5282713770866394,True,Cmd.FindMyPhone,0.5513623952865601,True
change to restaurant memory,Cmd.MemoryChange,Cmd.MemoryChange,0.9364224672317505,True,Cmd.MemoryChange,0.9698792695999146,True,Cmd.MemoryChange,0.9523938894271851,True
can you volume louder,Cmd.VolumeIncrease,Cmd.VolumeIncrease,0.7723037600517273,True,Cmd.VolumeIncrease,0.7442858219146729,True,Cmd.VolumeIncrease,0.7395828366279602,True
can you show me my jogging goal,Cmd.ActivityRun,Cmd.ActivityRun,0.5233575105667114,True,Cmd.ActivityRun,0.5641237497329712,True,Cmd.ActivityRun,0.5274609327316284,True
can you switch to crowd program,Cmd.MemoryChange,Cmd.MemoryChange,0.9432241916656494,True,Cmd.MemoryChange,0.973724901676178,True,Cmd.MemoryChange,0.9598114490509033,True
how does the activity score work?,Help_ThriveScore,Help_ThriveScore,0.9717562198638916,True,Help_ThriveScore,0.9710633158683777,True,Help_ThriveScore,0.9724740982055664,True
i need to disconnect the hearing aids from the phone,Help_Pairing,Help_Pairing,0.26891180872917175,True,Default Fallback Intent,0.4125840663909912,False,Default Fallback Intent,0.3789776563644409,False
explain personalizing my hearing,Help_Customize,Help_Health,0.4545076787471771,False,Help_Health,0.41582363843917847,False,Help_Health,0.4124981164932251,False
can you turn down my right aid,Cmd.VolumeDecrease,Cmd.VolumeDecrease,0.8006627559661865,True,Cmd.VolumeDecrease,0.7485182285308838,True,Cmd.VolumeDecrease,0.7669115662574768,True
can you turn off my left aid,Cmd.VolumeMute,Cmd.VolumeMute,0.8354201316833496,True,Cmd.VolumeMute,0.7522053718566895,True,Cmd.VolumeMute,0.80673748254776,True
can you i need a reminder for today,reminders.add,reminders.add,0.9175964593887329,True,reminders.add,0.9565030336380005,True,reminders.add,0.950743556022644,True
can you remind me at 7 p.m. on november 11 to do homework,reminders.add,reminders.add,0.8772076964378357,True,reminders.add,0.8649073839187622,True,reminders.add,0.8833755254745483,True
can you work memory,Cmd.MemoryChange,Cmd.MemoryChange,0.8285846710205078,True,Cmd.MemoryChange,0.924635112285614,True,Cmd.MemoryChange,0.8796983361244202,True
can you there is a problem with my hearing aid,Help_SelfCheck,Help_SelfCheck,0.7717661261558533,True,Help_SelfCheck,0.5491992235183716,True,Help_SelfCheck,0.654076337814331,True
do these need charging right now,Cmd.BatteryLevel,Cmd.BatteryLevel,0.4394959807395935,True,Cmd.BatteryLevel,0.4677954912185669,True,Cmd.BatteryLevel,0.4789977967739105,True
s&s side working,Default Fallback Intent,Default Fallback Intent,0.8475204110145569,True,Default Fallback Intent,0.9446547627449036,True,Default Fallback Intent,0.9003060460090637,True
calories burned today,Cmd.ActivityCalories,Cmd.ActivityCalories,0.9612836241722107,True,Cmd.ActivityCalories,0.9596394896507263,True,Cmd.ActivityCalories,0.9612937569618225,True
how has kind changed?,Help_WhatsNew,Help_WhatsNew,0.6327100992202759,True,Help_WhatsNew,0.5804387927055359,True,Help_WhatsNew,0.6141878962516785,True
help with changing programs using my app,Help_ChangingMemories,Help_ChangingMemories,0.9648112058639526,True,Help_ChangingMemories,0.9710662364959717,True,Help_ChangingMemories,0.9743003249168396,True
how do i put this left hearing aid in?,Help_InsertDevice,Help_InsertDevice,0.9151905179023743,True,Help_InsertDevice,0.8797571063041687,True,Help_InsertDevice,0.8765770792961121,True
can you mask setting,Cmd.MemoryChange,Cmd.MemoryChange,0.49324941635131836,True,Cmd.MemoryChange,0.6328432559967041,True,Cmd.MemoryChange,0.5819932222366333,True
please go to restaurant,Cmd.MemoryChange,Cmd.MemoryChange,0.44615671038627625,True,Default Fallback Intent,0.45861315727233887,False,Cmd.MemoryChange,0.49207907915115356,True
tell me my stand hours,Cmd.ActivityStand,Cmd.ActivityStand,0.8280695080757141,True,Cmd.ActivityStand,0.8444913029670715,True,Cmd.ActivityStand,0.8315985202789307,True
can you help with changing memories using my app,Help_ChangingMemories,Help_ChangingMemories,0.9410277009010315,True,Help_ChangingMemories,0.948331356048584,True,Help_ChangingMemories,0.9501650333404541,True
why aren't my hearing aids synced,Help_Pairing,Help_SelfCheck,0.469549298286438,False,Help_SelfCheck,0.4268360137939453,False,Help_SelfCheck,0.44685885310173035,False
bluetooth pairing help,Help_Pairing,Help_Pairing,0.957869827747345,True,Help_Pairing,0.9678294062614441,True,Help_Pairing,0.9620042443275452,True
please i want to listen to the presenter,Cmd.StreamingStart,Cmd.StreamingStart,0.7427514791488647,True,Cmd.StreamingStart,0.7689047455787659,True,Cmd.StreamingStart,0.7886073589324951,True
please help with changing memories on my aids,Help_ChangingMemories,Help_ChangingMemories,0.9654314517974854,True,Help_ChangingMemories,0.9588379859924316,True,Help_ChangingMemories,0.9620775580406189,True
please show me an overview of this thrive app,Help_WhatsNew,Help_WhatsNew,0.9351856708526611,True,Help_WhatsNew,0.9192397594451904,True,Help_WhatsNew,0.9249632954597473,True
can you change to home memory,Cmd.MemoryChange,Cmd.MemoryChange,0.8269248008728027,True,Cmd.MemoryChange,0.934169352054596,True,Cmd.MemoryChange,0.8930843472480774,True
can you so it goes back it goes back to the memory or in,Default Fallback Intent,Default Fallback Intent,0.6027786731719971,True,Default Fallback Intent,0.774511992931366,True,Default Fallback Intent,0.6823990941047668,True
can you i can't find my left hearing aid,Help_FindMyHearingAids,Help_FindMyHearingAids,0.9095860123634338,True,Help_FindMyHearingAids,0.862798273563385,True,Help_FindMyHearingAids,0.8635497689247131,True
battery information,Cmd.BatteryLevel,Cmd.BatteryLevel,0.537101686000824,True,Cmd.BatteryLevel,0.47793149948120117,True,Cmd.BatteryLevel,0.5192481875419617,True
push to talk,Cmd.SendMessage,Cmd.ListenMessage,0.4374140799045563,False,Cmd.ListenMessage,0.37131476402282715,False,Cmd.ListenMessage,0.4063868522644043,False
turn the sound level down,Cmd.VolumeDecrease,Cmd.VolumeDecrease,0.9430298805236816,True,Cmd.VolumeDecrease,0.9509688019752502,True,Cmd.VolumeDecrease,0.9480531811714172,True
can you turn the lights off,Default Fallback Intent,Default Fallback Intent,0.7822182178497314,True,Default Fallback Intent,0.9048007726669312,True,Default Fallback Intent,0.8407952785491943,True
help with pairing the aids with the phone,Help_Pairing,Help_Pairing,0.9919356107711792,True,Help_Pairing,0.9922986626625061,True,Help_Pairing,0.9908117055892944,True
please no tv remote in fry's app,Default Fallback Intent,Cmd.StreamingStart,0.4397917091846466,False,Cmd.StreamingStart,0.4801934063434601,False,Cmd.StreamingStart,0.47305282950401306,False
what accessories do i have?,Help_Accessories,Cmd.ActivityStand,0.5628395676612854,False,Cmd.ActivityStand,0.5612844228744507,False,Cmd.ActivityStand,0.576917290687561,False
can you turn on my right aid,Cmd.VolumeUnmute,Cmd.VolumeUnmute,0.5535738468170166,True,Cmd.VolumeUnmute,0.5221885442733765,True,Cmd.VolumeUnmute,0.5412036776542664,True
please i'm floating on the road,Default Fallback Intent,Default Fallback Intent,0.6014358997344971,True,Default Fallback Intent,0.810613751411438,True,Default Fallback Intent,0.7108825445175171,True
how do i pair my accessory?,Help_Accessories,Help_Accessories,0.42724350094795227,True,Help_Accessories,0.41973942518234253,True,Help_Accessories,0.4269193708896637,True
make a note to remind me,reminders.add,reminders.add,0.9394345879554749,True,reminders.add,0.9583306908607483,True,reminders.add,0.9486937522888184,True
how do i enable auto alert?,Help_FallAlert,Help_FallAlert,0.4339596629142761,True,Help_FallAlert,0.4162481129169464,True,Help_FallAlert,0.4294240474700928,True
please new reminder about fitness,reminders.add,reminders.add,0.47872647643089294,True,reminders.add,0.5800830125808716,True,reminders.add,0.6108759045600891,True
can you volume up left aid,Cmd.VolumeIncrease,Cmd.VolumeIncrease,0.8590688705444336,True,Cmd.VolumeIncrease,0.8665964007377625,True,Cmd.VolumeIncrease,0.8525636196136475,True
please and so now the what happens is if it is in streaming mode cuz waiting for you to ask a question,Default Fallback Intent,Default Fallback Intent,0.8231400847434998,True,Default Fallback Intent,0.9332557916641235,True,Default Fallback Intent,0.8961023092269897,True
switch to memory one,Cmd.MemoryChange,Cmd.MemoryChange,0.9317391514778137,True,Cmd.MemoryChange,0.9684379696846008,True,Cmd.MemoryChange,0.9499723315238953,True
please change memory to three,Cmd.MemoryChange,Cmd.MemoryChange,0.9490740299224854,True,Cmd.MemoryChange,0.9709063172340393,True,Cmd.MemoryChange,0.9585696458816528,True
but they live here i remember when jerry told me,Default Fallback Intent,Default Fallback Intent,0.9235531091690063,True,Default Fallback Intent,0.9603752493858337,True,Default Fallback Intent,0.9421271681785583,True
do i have charleston,Default Fallback Intent,Cmd.ActivityStand,0.23487146198749542,False,Cmd.ActivityStand,0.21024475991725922,False,Cmd.ActivityStand,0.22314110398292542,False
can i see my step goal?,Cmd.ActivityStep,Cmd.ActivityStep,0.9436415433883667,True,Cmd.ActivityStep,0.9485670328140259,True,Cmd.ActivityStep,0.9488687515258789,True
is there a button for memory,Help_ChangingMemories,Cmd.MemoryChange,0.2730347812175751,False,Cmd.MemoryChange,0.4245513379573822,False,Cmd.MemoryChange,0.35373052954673767,False
what is the app menu,Help_Home,Help_AppSettings,0.7224240303039551,False,Help_AppSettings,0.6552789807319641,False,Help_AppSettings,0.6573888659477234,False
tinnitus setting,Cmd.MemoryChange,Cmd.MemoryChange,0.4667537212371826,True,Cmd.MemoryChange,0.6700388789176941,True,Cmd.MemoryChange,0.563173234462738,True
please remember to wake up at 6 a.m.,reminders.add,reminders.add,0.8906866312026978,True,reminders.add,0.893592357635498,True,reminders.add,0.9020013213157654,True
help with the home screen,Help_Home,Help_Home,0.755408525466919,True,Help_Home,0.7717926502227783,True,Help_Home,0.7582097053527832,True
please set program to mask,Cmd.MemoryChange,Cmd.MemoryChange,0.9247031211853027,True,Cmd.MemoryChange,0.9536450505256653,True,Cmd.MemoryChange,0.9406182765960693,True
how do i tweak the volume on each side,Help_Volume,Help_Volume,0.9512437582015991,True,Help_Volume,0.9587497711181641,True,Help_Volume,0.9515975117683411,True
hearing aid audio link,Cmd.StreamingStart,Cmd.VolumeMute,0.6456611752510071,False,Cmd.VolumeMute,0.6345733404159546,False,Cmd.VolumeMute,0.6779146194458008,False
how do i make my aids quieter?,Help_Volume,Help_Tinnitus,0.3273678123950958,False,Help_Tinnitus,0.33718281984329224,False,Help_Tinnitus,0.3806209862232208,False
translate for russian,Cmd.TranslationStart,Help_Translate,0.6749885678291321,False,Help_Translate,0.6675857901573181,False,Help_Translate,0.6507541537284851,False
i can't make sense of the app,Help_Home,Default Fallback Intent,0.35141462087631226,False,Default Fallback Intent,0.6454281210899353,False,Default Fallback Intent,0.5076387524604797,False
reminder user guide,Help_Reminder,Help_Reminder,0.4116351902484894,True,reminders.complete,0.361911416053772,False,Help_Reminder,0.37893053889274597,True
please volume on right aid,Cmd.VolumeUnmute,Cmd.VolumeUnmute,0.6772056221961975,True,Cmd.VolumeUnmute,0.6645742058753967,True,Cmd.VolumeUnmute,0.6426540017127991,True
set reminder for everyday,reminders.add,reminders.add,0.9168720245361328,True,reminders.add,0.9506458044052124,True,reminders.add,0.9378125071525574,True
begin my aerobics session,Cmd.ActivityAerobics,Cmd.ActivityAerobics,0.9557088017463684,True,Cmd.ActivityAerobics,0.9583151936531067,True,Cmd.ActivityAerobics,0.9570679664611816,True
please change program to kitchen,Cmd.MemoryChange,Cmd.MemoryChange,0.947778582572937,True,Cmd.MemoryChange,0.9715131521224976,True,Cmd.MemoryChange,0.9591422080993652,True
wanted to say hello,Default Fallback Intent,Cmd.ListenMessage,0.2529650628566742,False,Cmd.ListenMessage,0.25085532665252686,False,Cmd.ListenMessage,0.2587624192237854,False
battery drains fast,Help_Battery,Cmd.BatteryLevel,0.5811764597892761,False,Cmd.BatteryLevel,0.5825029611587524,False,Cmd.BatteryLevel,0.5900699496269226,False
can you sometimes it's okay to take a day off,Default Fallback Intent,Default Fallback Intent,0.6910313963890076,True,Default Fallback Intent,0.7967486381530762,True,Default Fallback Intent,0.7209967970848083,True
put my hearing back on,Cmd.VolumeUnmute,Cmd.VolumeUnmute,0.6035313010215759,True,Cmd.VolumeUnmute,0.5173669457435608,True,Cmd.VolumeUnmute,0.5304898023605347,True
what does the equalizer do,Help_Customize,Help_Home,0.48826342821121216,False,Help_Home,0.5153558254241943,False,Help_Home,0.5042779445648193,False
please switch to kitchen program,Cmd.MemoryChange,Cmd.MemoryChange,0.9482269287109375,True,Cmd.MemoryChange,0.9715964198112488,True,Cmd.MemoryChange,0.9595086574554443,True
please change to crowd program,Cmd.MemoryChange,Cmd.MemoryChange,0.9463062882423401,True,Cmd.MemoryChange,0.9707596898078918,True,Cmd.MemoryChange,0.9583436250686646,True
is the application of sound,Default Fallback Intent,Cmd.VolumeDecrease,0.583688497543335,False,Cmd.VolumeDecrease,0.5976007580757141,False,Cmd.VolumeDecrease,0.6109709739685059,False
what features should i know about,Help_Home,Help_Accessories,0.528895914554596,False,Help_Accessories,0.47477540373802185,False,Help_Accessories,0.4594688415527344,False
set memory to tinnitus,Cmd.MemoryChange,Cmd.MemoryChange,0.8702202439308167,True,Cmd.MemoryChange,0.9392244219779968,True,Cmd.MemoryChange,0.9046823382377625,True
do i look good,Default Fallback Intent,Cmd.BatteryLevel,0.44262024760246277,False,Cmd.BatteryLevel,0.45634952187538147,False,Cmd.BatteryLevel,0.45270195603370667,False
how do i talk to someone that’s speaking a different language?,Help_Translate,Default Fallback Intent,0.38486823439598083,False,Default Fallback Intent,0.6225877404212952,False,Default Fallback Intent,0.5414764881134033,False
can my hearing care specialist adjust my hearing aids remotely?,Help_RemoteProgramming,Help_RemoteProgramming,0.834038496017456,True,Help_RemoteProgramming,0.8540284037590027,True,Help_RemoteProgramming,0.8363433480262756,True
where did i put my other hearing aid?,Help_FindMyHearingAids,Help_FindMyHearingAids,0.8023127317428589,True,Help_FindMyHearingAids,0.8363141417503357,True,Help_FindMyHearingAids,0.8128489255905151,True
can you help with volume adjustment on my hearing aid,Help_Volume,Help_Volume,0.6327669620513916,True,Help_Volume,0.6495744585990906,True,Help_Volume,0.6082474589347839,True
can you switch to program two,Cmd.MemoryChange,Cmd.MemoryChange,0.9610860347747803,True,Cmd.MemoryChange,0.9787545800209045,True,Cmd.MemoryChange,0.96946781873703,True
how do i get my right hearing aid to stream,Help_Accessories,Help_Accessories,0.5542431473731995,True,Help_Accessories,0.5374217629432678,True,Help_Accessories,0.5586799383163452,True
i need help with pairing the aids,Help_Pairing,Help_Pairing,0.968692421913147,True,Help_Pairing,0.9732137322425842,True,Help_Pairing,0.9687533974647522,True
can you alexa,Default Fallback Intent,Default Fallback Intent,0.2741156816482544,True,Default Fallback Intent,0.5270426273345947,True,Default Fallback Intent,0.37557244300842285,True
can you minimum sound,Cmd.VolumeDecrease,Cmd.VolumeMute,0.3031426668167114,False,Default Fallback Intent,0.49312809109687805,False,Default Fallback Intent,0.322437584400177,False
please switch to music memory,Cmd.MemoryChange,Cmd.MemoryChange,0.9479788541793823,True,Cmd.MemoryChange,0.97184157371521,True,Cmd.MemoryChange,0.9594948291778564,True
pairing my hearing aids with the thrive app,Help_Pairing,Help_Pairing,0.9576974511146545,True,Help_Pairing,0.9721241593360901,True,Help_Pairing,0.9641897678375244,True
how much longer do i need to stand,Cmd.ActivityStand,Cmd.ActivityRun,0.48415377736091614,False,Cmd.ActivityRun,0.5171344876289368,False,Cmd.ActivityRun,0.4706976115703583,False
can you help me intercept a fall alert,Help_FallAlert,Help_FallAlert,0.9553547501564026,True,Help_FallAlert,0.957525908946991,True,Help_FallAlert,0.9564532041549683,True
send my message,Cmd.SendMessage,Cmd.SendMessage,0.9567919373512268,True,Cmd.SendMessage,0.9622009992599487,True,Cmd.SendMessage,0.9622209668159485,True
set memory to three,Cmd.MemoryChange,Cmd.MemoryChange,0.9693266153335571,True,Cmd.MemoryChange,0.9830580353736877,True,Cmd.MemoryChange,0.9758508205413818,True
change to work,Cmd.MemoryChange,Cmd.MemoryChange,0.8554954528808594,True,Cmd.MemoryChange,0.9105926156044006,True,Cmd.MemoryChange,0.8854970335960388,True
what's the latest cricket score?,Default Fallback Intent,Help_ThriveScore,0.5029310584068298,False,Default Fallback Intent,0.6815820932388306,True,Default Fallback Intent,0.5639123320579529,True
okay microphone,Default Fallback Intent,Help_SelfCheck,0.1773623526096344,False,Help_SelfCheck,0.1939948946237564,False,Help_SelfCheck,0.19538670778274536,False
can you youtube videos,Default Fallback Intent,Default Fallback Intent,0.9334821701049805,True,Default Fallback Intent,0.9760239720344543,True,Default Fallback Intent,0.954097330570221,True
please change program to number one,Cmd.MemoryChange,Cmd.MemoryChange,0.9234244227409363,True,Cmd.MemoryChange,0.9563673734664917,True,Cmd.MemoryChange,0.9389185309410095,True
would you send a message for me,Cmd.SendMessage,Cmd.SendMessage,0.970343291759491,True,Cmd.SendMessage,0.9498825073242188,True,Cmd.SendMessage,0.9613562226295471,True
i can't hear the,Default Fallback Intent,Cmd.VolumeIncrease,0.37764647603034973,False,Default Fallback Intent,0.3495253026485443,True,Cmd.VolumeIncrease,0.34072253108024597,False
is my hearing aid connected to the app?,Help_Pairing,Help_Pairing,0.9473589658737183,True,Help_Pairing,0.9634436964988708,True,Help_Pairing,0.9536357522010803,True
please change to memory two,Cmd.MemoryChange,Cmd.MemoryChange,0.9514332413673401,True,Cmd.MemoryChange,0.9748209118843079,True,Cmd.MemoryChange,0.9628047943115234,True
can you auditorium setting,Cmd.MemoryChange,Cmd.MemoryChange,0.9295947551727295,True,Cmd.MemoryChange,0.9590414762496948,True,Cmd.MemoryChange,0.9454835653305054,True
how do i link a location to my memory?,Help_MemoryOptions,Help_MemoryOptions,0.92237389087677,True,Help_MemoryOptions,0.8974186182022095,True,Help_MemoryOptions,0.9017919898033142,True
please where's dnn speech enhancement?,Help_IntelliVoice,Help_IntelliVoice,0.9468870759010315,True,Help_IntelliVoice,0.9371001720428467,True,Help_IntelliVoice,0.9335871338844299,True
communicate via text,Cmd.SendMessage,Default Fallback Intent,0.43599531054496765,False,Default Fallback Intent,0.6498960852622986,False,Default Fallback Intent,0.5261965394020081,False
how often should i use intellivoice?,Help_IntelliVoice,Help_IntelliVoice,0.9377737045288086,True,Help_IntelliVoice,0.9481281042098999,True,Help_IntelliVoice,0.9421453475952148,True
soften things up,Cmd.VolumeDecrease,Cmd.VolumeIncrease,0.8117753267288208,False,Cmd.VolumeIncrease,0.7963331937789917,False,Cmd.VolumeIncrease,0.7986588478088379,False
please change to mask memory,Cmd.MemoryChange,Cmd.MemoryChange,0.9497870206832886,True,Cmd.MemoryChange,0.9726707339286804,True,Cmd.MemoryChange,0.9612502455711365,True
make my surroundings quieter,Cmd.VolumeDecrease,Cmd.ActivityAerobics,0.3113454580307007,False,Default Fallback Intent,0.21356622874736786,False,Cmd.VolumeIncrease,0.20970278978347778,False
can you finish reminder.,reminders.complete,reminders.complete,0.6658400893211365,True,reminders.complete,0.5153754353523254,True,reminders.complete,0.5638019442558289,True
angry orchard beer,Default Fallback Intent,Default Fallback Intent,0.8562707304954529,True,Default Fallback Intent,0.9318857192993164,True,Default Fallback Intent,0.8916281461715698,True
how do i use thrive assistant,Help_VoiceAssistant,Help_VoiceAssistant,0.9627648591995239,True,Help_VoiceAssistant,0.9616578817367554,True,Help_VoiceAssistant,0.9623752236366272,True
can you tell me what my step goal is,Cmd.ActivityStep,Cmd.ActivityStep,0.9039326310157776,True,Cmd.ActivityStep,0.9140055775642395,True,Cmd.ActivityStep,0.9181102514266968,True
can i assign a location to my memory?,Help_MemoryOptions,Help_MemoryOptions,0.8946707248687744,True,Help_MemoryOptions,0.8466475009918213,True,Help_MemoryOptions,0.8614901900291443,True
please turn the sound down,Cmd.VolumeDecrease,Cmd.VolumeDecrease,0.9167026281356812,True,Cmd.VolumeDecrease,0.9052106738090515,True,Cmd.VolumeDecrease,0.9057183861732483,True
can you so that your hearing,Default Fallback Intent,Default Fallback Intent,0.8949156999588013,True,Default Fallback Intent,0.952507495880127,True,Default Fallback Intent,0.9246158599853516,True
how much battery,Cmd.BatteryLevel,Cmd.BatteryLevel,0.8943319320678711,True,Cmd.BatteryLevel,0.9143837094306946,True,Cmd.BatteryLevel,0.906721830368042,True
how do i toggle my hearing programs,Help_ChangingMemories,Help_Customize,0.4695921242237091,False,Help_Customize,0.4173196852207184,False,Help_Customize,0.39764875173568726,False
how will i know when the audiologist adjusted my hearing aids?,Help_RemoteProgramming,Help_RemoteProgramming,0.9466200470924377,True,Help_RemoteProgramming,0.9544090032577515,True,Help_RemoteProgramming,0.9475231170654297,True
change to mask mode,Cmd.MemoryChange,Cmd.MemoryChange,0.6395005583763123,True,Cmd.MemoryChange,0.8480262756347656,True,Cmd.MemoryChange,0.7798143029212952,True
how do you spell keep my microphone,Default Fallback Intent,Cmd.ActivityCycle,0.3051288425922394,False,Default Fallback Intent,0.2561856508255005,True,Cmd.ActivityCycle,0.263818621635437,False
step calories,Cmd.ActivityStep,Cmd.ActivityStep,0.42372721433639526,True,Cmd.ActivityStep,0.44335228204727173,True,Cmd.ActivityStep,0.4540320038795471,True
please change to everyday,Cmd.MemoryChange,Cmd.MemoryChange,0.7536541819572449,True,Cmd.MemoryChange,0.815061092376709,True,Cmd.MemoryChange,0.785876452922821,True
can i turn off tinnitus,Help_Tinnitus,Help_Tinnitus,0.4644085168838501,True,Help_Tinnitus,0.42774245142936707,True,Help_Tinnitus,0.43463775515556335,True
what's new in this engage app?,Help_WhatsNew,Help_WhatsNew,0.9585886001586914,True,Help_WhatsNew,0.9519867300987244,True,Help_WhatsNew,0.9503148794174194,True
how to change my step goals from weekly to daily?,Help_Health,Help_Health,0.8786661624908447,True,Help_Health,0.8763477802276611,True,Help_Health,0.8773475885391235,True
how will i know when my professional adjusted the hearing aids?,Help_RemoteProgramming,Help_RemoteProgramming,0.9584198594093323,True,Help_RemoteProgramming,0.9652655124664307,True,Help_RemoteProgramming,0.9586278200149536,True
stop casting to my hearing aids,Cmd.StreamingStop,Help_Pairing,0.3362885117530823,False,Help_SelfCheck,0.3237241804599762,False,Help_SelfCheck,0.3722192049026489,False
can you help with remote mic,Help_Accessories,Help_Accessories,0.8783544898033142,True,Help_Accessories,0.8799238801002502,True,Help_Accessories,0.8712978959083557,True
change to mute,Cmd.MemoryChange,Cmd.MemoryChange,0.888688862323761,True,Cmd.MemoryChange,0.9329918622970581,True,Cmd.MemoryChange,0.9095640182495117,True
please change program to worship,Cmd.MemoryChange,Cmd.MemoryChange,0.9606884121894836,True,Cmd.MemoryChange,0.9786034226417542,True,Cmd.MemoryChange,0.9691935777664185,True
please switch program to office,Cmd.MemoryChange,Cmd.MemoryChange,0.9563272595405579,True,Cmd.MemoryChange,0.9745451807975769,True,Cmd.MemoryChange,0.9646965861320496,True
please remind me to pick up my car friday morning,reminders.add,reminders.add,0.9766525030136108,True,reminders.add,0.9800098538398743,True,reminders.add,0.9770458340644836,True
switch memory to speech,Cmd.MemoryChange,Cmd.MemoryChange,0.9356634020805359,True,Cmd.MemoryChange,0.9686457514762878,True,Cmd.MemoryChange,0.9519367814064026,True
how do remote fittings work,Help_RemoteProgramming,Help_Accessories,0.26265424489974976,False,Help_Accessories,0.25431936979293823,False,Help_Accessories,0.22755540907382965,False
please remind me to wash the car,reminders.add,reminders.add,0.9748935699462891,True,reminders.add,0.9745410680770874,True,reminders.add,0.9728828072547913,True
my ears keep ringing what can i do,Help_Tinnitus,Help_InsertDevice,0.43798503279685974,False,Help_InsertDevice,0.42720580101013184,False,Help_InsertDevice,0.4640496075153351,False
please sync car bluetooth to hearing aid,Help_Pairing,Help_Pairing,0.8688474893569946,True,Help_Pairing,0.8615536093711853,True,Help_Pairing,0.81466144323349,True
turn on the answer double tap slept here.,Default Fallback Intent,Default Fallback Intent,0.6442453861236572,True,Default Fallback Intent,0.806393563747406,True,Default Fallback Intent,0.7331628799438477,True
please play frank sinatra,Default Fallback Intent,Default Fallback Intent,0.48429426550865173,True,Default Fallback Intent,0.7212780714035034,True,Default Fallback Intent,0.6023845076560974,True
how do i increase my kind score?,Help_ThriveScore,Help_ThriveScore,0.9814768433570862,True,Help_ThriveScore,0.9769962430000305,True,Help_ThriveScore,0.977392852306366,True
can you phone a friend,Default Fallback Intent,Default Fallback Intent,0.5050688982009888,True,Default Fallback Intent,0.7854675650596619,True,Default Fallback Intent,0.6394639015197754,True
new reminder,reminders.add,reminders.add,0.6939501166343689,True,reminders.add,0.811752200126648,True,reminders.add,0.7785775661468506,True
please set memory to number three,Cmd.MemoryChange,Cmd.MemoryChange,0.9463815689086914,True,Cmd.MemoryChange,0.9665113091468811,True,Cmd.MemoryChange,0.955722987651825,True
begin a walk,Cmd.ActivityWalk,Cmd.ActivityWalk,0.7287766933441162,True,Cmd.ActivityWalk,0.6980675458908081,True,Cmd.ActivityWalk,0.6876451373100281,True
what accessories work with my aids,Help_Accessories,Help_Accessories,0.7466642260551453,True,Help_Accessories,0.7727270126342773,True,Help_Accessories,0.7471975088119507,True
can you car memory,Cmd.MemoryChange,Cmd.MemoryChange,0.9130768775939941,True,Cmd.MemoryChange,0.9461055397987366,True,Cmd.MemoryChange,0.9301722645759583,True
can you change program to number four,Cmd.MemoryChange,Cmd.MemoryChange,0.9203984141349792,True,Cmd.MemoryChange,0.9594037532806396,True,Cmd.MemoryChange,0.9416311979293823,True
how do i use,Default Fallback Intent,Help_IntelliVoice,0.5635568499565125,False,Help_IntelliVoice,0.47072508931159973,False,Help_IntelliVoice,0.48892319202423096,False
please i cannot find my right hearing aid,Help_FindMyHearingAids,Help_FindMyHearingAids,0.9751096367835999,True,Help_FindMyHearingAids,0.9768084287643433,True,Help_FindMyHearingAids,0.9783985018730164,True
telephone missing,Cmd.FindMyPhone,Cmd.FindMyPhone,0.5246177911758423,True,Cmd.FindMyPhone,0.38686123490333557,True,Cmd.FindMyPhone,0.4527435898780823,True
help with the ipro score,Help_ThriveScore,Help_ThriveScore,0.9340478181838989,True,Help_ThriveScore,0.9336807727813721,True,Help_ThriveScore,0.928820788860321,True
detect android phone,Cmd.FindMyPhone,Cmd.FindMyPhone,0.9545055627822876,True,Cmd.FindMyPhone,0.952100396156311,True,Cmd.FindMyPhone,0.9545178413391113,True
please switch to personal,Cmd.MemoryChange,Cmd.MemoryChange,0.9144703149795532,True,Cmd.MemoryChange,0.9468265771865845,True,Cmd.MemoryChange,0.9312223196029663,True
please latest reminder completed.,reminders.complete,reminders.complete,0.8737402558326721,True,reminders.complete,0.783142626285553,True,reminders.complete,0.8047933578491211,True
please change memory to personal,Cmd.MemoryChange,Cmd.MemoryChange,0.9605855345726013,True,Cmd.MemoryChange,0.9800621867179871,True,Cmd.MemoryChange,0.9699885845184326,True
can you set to noise memory,Cmd.MemoryChange,Cmd.MemoryChange,0.9481434226036072,True,Cmd.MemoryChange,0.97754967212677,True,Cmd.MemoryChange,0.9648501873016357,True
can you sizzlers in initiated by cham tap here to inform them that you received this order,Default Fallback Intent,Default Fallback Intent,0.8659446239471436,True,Default Fallback Intent,0.9345501065254211,True,Default Fallback Intent,0.9034746885299683,True
can you heart rate recovery user guide,Help_HeartRateRecovery,Help_HeartRateRecovery,0.9000486135482788,True,Help_HeartRateRecovery,0.9035143852233887,True,Help_HeartRateRecovery,0.9135971665382385,True
how do i adjust the volume on just the left hearing aid?,Help_Volume,Help_Volume,0.9699642658233643,True,Help_Volume,0.9714323878288269,True,Help_Volume,0.9646048545837402,True
please remember to take my medicine tuesday morning at 10 a.m.,reminders.add,reminders.add,0.9592270851135254,True,reminders.add,0.9516752362251282,True,reminders.add,0.9546133875846863,True
remind me of video everyday at noon,reminders.add,reminders.add,0.9903623461723328,True,reminders.add,0.9919828772544861,True,reminders.add,0.991454005241394,True
how do i locate my right aid?,Help_FindMyHearingAids,Help_FindMyHearingAids,0.9282279014587402,True,Help_FindMyHearingAids,0.9460895657539368,True,Help_FindMyHearingAids,0.9443105459213257,True
how much have i walked?,Cmd.ActivityWalk,Cmd.ActivityWalk,0.6218434572219849,True,Cmd.ActivityWalk,0.604114294052124,True,Cmd.ActivityWalk,0.5812110900878906,True
how do i turn the wind noise down,Help_Customize,Help_Volume,0.7786382436752319,False,Help_Volume,0.790086567401886,False,Help_Volume,0.7515929937362671,False
can you change program to noise,Cmd.MemoryChange,Cmd.MemoryChange,0.9719766974449158,True,Cmd.MemoryChange,0.9842960834503174,True,Cmd.MemoryChange,0.9777699112892151,True
can you change to quiet program,Cmd.MemoryChange,Cmd.MemoryChange,0.9347205758094788,True,Cmd.MemoryChange,0.9669592976570129,True,Cmd.MemoryChange,0.9512549042701721,True
help with changing programs on the phone,Help_ChangingMemories,Help_ChangingMemories,0.9227708578109741,True,Help_ChangingMemories,0.9202086329460144,True,Help_ChangingMemories,0.9181864857673645,True
can you hear it again.,Cmd.ListenMessage,Cmd.TranscribeStart,0.3803543150424957,False,Default Fallback Intent,0.670347273349762,False,Default Fallback Intent,0.5092193484306335,False
can you set to master program,Cmd.MemoryChange,Cmd.MemoryChange,0.9505483508110046,True,Cmd.MemoryChange,0.9782564640045166,True,Cmd.MemoryChange,0.9677024483680725,True
i want pure silence,Cmd.VolumeMute,Cmd.VolumeMute,0.26436272263526917,True,Default Fallback Intent,0.2609221935272217,False,Cmd.VolumeMute,0.25966787338256836,True
can you volume on left aid,Cmd.VolumeUnmute,Cmd.VolumeUnmute,0.8210806250572205,True,Cmd.VolumeUnmute,0.7787530422210693,True,Cmd.VolumeUnmute,0.7797747850418091,True
how do you do,Default Fallback Intent,Default Fallback Intent,0.7650012373924255,True,Default Fallback Intent,0.9111149311065674,True,Default Fallback Intent,0.8478873372077942,True
how do i clean my ric hearing aids?,Help_CleanCare,Help_CleanCare,0.9215776324272156,True,Help_CleanCare,0.9180580973625183,True,Help_CleanCare,0.923891544342041,True
what's new?,Help_WhatsNew,Help_WhatsNew,0.5907936692237854,True,Help_WhatsNew,0.5068994164466858,True,Help_WhatsNew,0.5536103844642639,True
where is help for intellivoice,Help_IntelliVoice,Help_IntelliVoice,0.7724319696426392,True,Help_IntelliVoice,0.766762375831604,True,Help_IntelliVoice,0.7525957822799683,True
did i drop my aids somewhere,Help_FindMyHearingAids,Help_FindMyHearingAids,0.2037065476179123,True,Help_FindMyHearingAids,0.20362955331802368,True,Help_FindMyHearingAids,0.1969408541917801,True
what size battery does my hearing aid use,Help_Battery,Help_Battery,0.7162676453590393,True,Help_Battery,0.7186762094497681,True,Help_Battery,0.7371052503585815,True
when do i cancel an alert text message?,Help_FallAlert,Help_FallAlert,0.9677141904830933,True,Help_FallAlert,0.9651564359664917,True,Help_FallAlert,0.9641205072402954,True
please switch to auditorium program,Cmd.MemoryChange,Cmd.MemoryChange,0.9482856392860413,True,Cmd.MemoryChange,0.9721546769142151,True,Cmd.MemoryChange,0.9593341946601868,True
show me my step goal?,Cmd.ActivityStep,Cmd.ActivityStep,0.8563300967216492,True,Cmd.ActivityStep,0.8703415989875793,True,Cmd.ActivityStep,0.868889331817627,True
can you play last voice message.,Cmd.ListenMessage,Cmd.ListenMessage,0.975186824798584,True,Cmd.ListenMessage,0.9761691689491272,True,Cmd.ListenMessage,0.9760947227478027,True
not screaming loud enough,Default Fallback Intent,Cmd.StreamingStop,0.36720916628837585,False,Cmd.StreamingStop,0.33278587460517883,False,Cmd.StreamingStop,0.3600507080554962,False
please heart rate recovery help,Help_HeartRateRecovery,Help_HeartRateRecovery,0.9626837968826294,True,Help_HeartRateRecovery,0.9622388482093811,True,Help_HeartRateRecovery,0.9648601412773132,True
is it ok to push the hearing aid in deep?,Help_InsertDevice,Help_InsertDevice,0.9555740356445312,True,Help_InsertDevice,0.9418548941612244,True,Help_InsertDevice,0.9446825385093689,True
how do i create my own memory for my hearing aid?,Help_MemoryOptions,Help_MemoryOptions,0.6925287842750549,True,Help_MemoryOptions,0.6773787140846252,True,Help_MemoryOptions,0.6735302209854126,True
how do i use find my hearing aids,Help_FindMyHearingAids,Help_FindMyHearingAids,0.918908953666687,True,Help_FindMyHearingAids,0.930351972579956,True,Help_FindMyHearingAids,0.9191135764122009,True
stop piping audio to my ears,Cmd.StreamingStop,Cmd.StreamingStart,0.31228697299957275,False,Cmd.StreamingStart,0.3324834406375885,False,Cmd.StreamingStart,0.3388889729976654,False
how do i automatically change to a different memory for phone calls,Help_DeviceSettings,Help_MemoryOptions,0.2963450849056244,False,Default Fallback Intent,0.546860933303833,False,Default Fallback Intent,0.3767528831958771,False
can you switch to telephone memory,Cmd.MemoryChange,Cmd.MemoryChange,0.880569338798523,True,Cmd.MemoryChange,0.9536446332931519,True,Cmd.MemoryChange,0.9227912425994873,True
please locate a bowling alley nearby,Default Fallback Intent,Default Fallback Intent,0.9096167683601379,True,Default Fallback Intent,0.9587416648864746,True,Default Fallback Intent,0.9253793358802795,True
can you set to pub program,Cmd.MemoryChange,Cmd.MemoryChange,0.9657624959945679,True,Cmd.MemoryChange,0.9834719896316528,True,Cmd.MemoryChange,0.9752002358436584,True
help with white noise adjustments in my hearing aids,Help_Tinnitus,Help_Tinnitus,0.9588852524757385,True,Help_Tinnitus,0.9638643860816956,True,Help_Tinnitus,0.9596693515777588,True
can you ek divas jam to send the money,Default Fallback Intent,Default Fallback Intent,0.9466794729232788,True,Default Fallback Intent,0.968643844127655,True,Default Fallback Intent,0.9524613618850708,True
can you set up a reminder for me,reminders.add,reminders.add,0.951296329498291,True,reminders.add,0.9738026857376099,True,reminders.add,0.9671834111213684,True
help with the remote mic,Help_Accessories,Help_Accessories,0.8181151151657104,True,Help_Accessories,0.8159632682800293,True,Help_Accessories,0.8166237473487854,True
and push it down for dramatics,Default Fallback Intent,Cmd.VolumeDecrease,0.7048510313034058,False,Cmd.VolumeDecrease,0.6887905597686768,False,Cmd.VolumeDecrease,0.7387235760688782,False
can you i don’t have a normal memory,Help_MemoryOptions,Help_MemoryOptions,0.6677261590957642,True,Help_MemoryOptions,0.48773518204689026,True,Help_MemoryOptions,0.5608052015304565,True
quiet everything down to nothing,Cmd.VolumeMute,Cmd.VolumeDecrease,0.6290116906166077,False,Cmd.VolumeDecrease,0.6673552989959717,False,Cmd.VolumeDecrease,0.6352443695068359,False
can i change the ringtones on my hearing aid?,Help_DeviceSettings,Help_InsertDevice,0.2973780035972595,False,Help_InsertDevice,0.28197744488716125,False,Help_InsertDevice,0.27894580364227295,False
much appreciated,Default Fallback Intent,Cmd.StreamingStart,0.3409644067287445,False,Default Fallback Intent,0.5228090286254883,True,Default Fallback Intent,0.36521995067596436,True
setup reminder to take medicine at 1 p.m.,reminders.add,reminders.add,0.8757803440093994,True,reminders.add,0.9450287222862244,True,reminders.add,0.9295110106468201,True
help with changing programs on my aid,Help_ChangingMemories,Help_ChangingMemories,0.9743903279304504,True,Help_ChangingMemories,0.9744265079498291,True,Help_ChangingMemories,0.9772770404815674,True
what is intellivoice,Help_IntelliVoice,Help_IntelliVoice,0.9687561988830566,True,Help_IntelliVoice,0.9738977551460266,True,Help_IntelliVoice,0.970110297203064,True
can you discover revelation,Default Fallback Intent,Default Fallback Intent,0.5765011310577393,True,Default Fallback Intent,0.8007612228393555,True,Default Fallback Intent,0.6792486310005188,True
is my heart rate recovery good?,Help_HeartRateRecovery,Help_HeartRateRecovery,0.952205240726471,True,Help_HeartRateRecovery,0.9517505764961243,True,Help_HeartRateRecovery,0.9552964568138123,True
have long have i been jogging?,Cmd.ActivityRun,Cmd.ActivityCycle,0.4502975344657898,False,Cmd.ActivityCycle,0.46150803565979004,False,Cmd.ActivityCycle,0.48933160305023193,False
can you change program to outdoors,Cmd.MemoryChange,Cmd.MemoryChange,0.9375812411308289,True,Cmd.MemoryChange,0.9715813398361206,True,Cmd.MemoryChange,0.9569295644760132,True
schedule appointment tomorrow,reminders.add,reminders.add,0.7066411375999451,True,reminders.add,0.7979511022567749,True,reminders.add,0.7556027173995972,True
please turn off the volume in my left hearing aid,Cmd.VolumeMute,Cmd.VolumeMute,0.5232772827148438,True,Cmd.VolumeMute,0.4878182113170624,True,Cmd.VolumeMute,0.5603334903717041,True
please set an doctors appointment for tomorrow at 10 am,reminders.add,reminders.add,0.8823842406272888,True,reminders.add,0.8478102684020996,True,reminders.add,0.8767387270927429,True
remind me to take my medicine today in one minute,reminders.add,reminders.add,0.9556625485420227,True,reminders.add,0.9741067290306091,True,reminders.add,0.9678475856781006,True
set to office memory,Cmd.MemoryChange,Cmd.MemoryChange,0.9691512584686279,True,Cmd.MemoryChange,0.9839911460876465,True,Cmd.MemoryChange,0.9763296842575073,True
how do i turn up the tinnitus noise?,Help_Tinnitus,Help_Tinnitus,0.9476245045661926,True,Help_Tinnitus,0.9539330005645752,True,Help_Tinnitus,0.9491298794746399,True
please since you're coming up pretty soon,Default Fallback Intent,Help_CleanCare,0.3037795424461365,False,Help_CleanCare,0.25437039136886597,False,Help_CleanCare,0.2408321648836136,False
how do i use voice commands,Help_VoiceAssistant,Help_VoiceAssistant,0.6212216019630432,True,Help_VoiceAssistant,0.5812307000160217,True,Help_VoiceAssistant,0.598742663860321,True
what should i wear today,Default Fallback Intent,Default Fallback Intent,0.24381516873836517,True,Default Fallback Intent,0.5487673878669739,True,Default Fallback Intent,0.4210931360721588,True
hear it again.,Cmd.ListenMessage,Cmd.VolumeIncrease,0.4767526090145111,False,Cmd.VolumeIncrease,0.4986504018306732,False,Cmd.VolumeIncrease,0.48758020997047424,False
please change memory to home,Cmd.MemoryChange,Cmd.MemoryChange,0.9004851579666138,True,Cmd.MemoryChange,0.9517781138420105,True,Cmd.MemoryChange,0.9280127286911011,True
please change to kitchen,Cmd.MemoryChange,Cmd.MemoryChange,0.9125890731811523,True,Cmd.MemoryChange,0.9302080869674683,True,Cmd.MemoryChange,0.9243541359901428,True
i lost the connection to my hearing aids,Help_Pairing,Cmd.StreamingStart,0.685151994228363,False,Cmd.StreamingStart,0.7073630690574646,False,Cmd.StreamingStart,0.6985530853271484,False
what should i do first here,Help_Home,Help_HearShare,0.29682913422584534,False,Help_Home,0.30603015422821045,True,Help_Home,0.3277576267719269,True
can you i misplaced my aid,Help_FindMyHearingAids,Help_FindMyHearingAids,0.9250219464302063,True,Help_FindMyHearingAids,0.9420991539955139,True,Help_FindMyHearingAids,0.9375032186508179,True
how is the wellness score calculated?,Help_ThriveScore,Help_ThriveScore,0.9702521562576294,True,Help_ThriveScore,0.9620947241783142,True,Help_ThriveScore,0.9653545022010803,True
switch memory to number one,Cmd.MemoryChange,Cmd.MemoryChange,0.9467303156852722,True,Cmd.MemoryChange,0.9722175598144531,True,Cmd.MemoryChange,0.958756685256958,True
please savory someone sucking reasons,Default Fallback Intent,Default Fallback Intent,0.926063060760498,True,Default Fallback Intent,0.971207857131958,True,Default Fallback Intent,0.954592764377594,True
convert this foreign language to english,Cmd.TranslationStart,Cmd.TranslationStart,0.40352529287338257,True,Default Fallback Intent,0.467021644115448,False,Cmd.TranslationStart,0.3524826765060425,True
who has the best chinese food in sioux falls,Default Fallback Intent,Default Fallback Intent,0.8237234950065613,True,Default Fallback Intent,0.903754711151123,True,Default Fallback Intent,0.8651835918426514,True
edge mode help,Help_EdgeMode,Help_EdgeMode,0.9295822381973267,True,Help_EdgeMode,0.9204415678977966,True,Help_EdgeMode,0.9265785813331604,True
how do i unmute the volume?,Help_Volume,Help_Volume,0.883385181427002,True,Help_Volume,0.8832535743713379,True,Help_Volume,0.864471435546875,True
mute the hearing aids,Cmd.VolumeMute,Cmd.VolumeMute,0.7267074584960938,True,Cmd.VolumeMute,0.7136454582214355,True,Cmd.VolumeMute,0.7285517454147339,True
how do i use the translation tool,Help_Translate,Default Fallback Intent,0.37821871042251587,False,Default Fallback Intent,0.6954022645950317,False,Default Fallback Intent,0.6520864963531494,False
can you increase the loudness in my aids,Cmd.VolumeIncrease,Cmd.VolumeIncrease,0.754787027835846,True,Cmd.VolumeIncrease,0.7339559197425842,True,Cmd.VolumeIncrease,0.7175349593162537,True
show me the help for translate,Help_Translate,Help_Translate,0.9001340270042419,True,Help_Translate,0.9049736261367798,True,Help_Translate,0.8968861103057861,True
drop a message,Cmd.SendMessage,Cmd.SendMessage,0.910643458366394,True,Cmd.SendMessage,0.8221427202224731,True,Cmd.SendMessage,0.8803215622901917,True
remember to wash the car in 4 hours,reminders.add,reminders.add,0.7791431546211243,True,reminders.add,0.7707153558731079,True,reminders.add,0.7679581642150879,True
how do i change memories on my hearing aids?,Help_ChangingMemories,Help_ChangingMemories,0.8020288944244385,True,Help_ChangingMemories,0.7995700240135193,True,Help_ChangingMemories,0.7984464764595032,True
please switch program to worship,Cmd.MemoryChange,Cmd.MemoryChange,0.9526855945587158,True,Cmd.MemoryChange,0.9737580418586731,True,Cmd.MemoryChange,0.9624629020690918,True
how do i add an automatic telephone program?,Help_DeviceSettings,Help_MemoryOptions,0.2607903778553009,False,Cmd.MemoryChange,0.2212926596403122,False,Help_MemoryOptions,0.22753514349460602,False
please set to quiet program,Cmd.MemoryChange,Cmd.MemoryChange,0.904091477394104,True,Cmd.MemoryChange,0.9429502487182617,True,Cmd.MemoryChange,0.9227307438850403,True
show me my weekly health summary,Help_Health,Help_Health,0.7167204022407532,True,Help_Health,0.7251861095428467,True,Help_Health,0.7182431221008301,True
please turn the sound up,Cmd.VolumeIncrease,Cmd.VolumeIncrease,0.6435638666152954,True,Cmd.VolumeIncrease,0.6650916337966919,True,Cmd.VolumeIncrease,0.6391931772232056,True
remind me to go to work the 19th of august,reminders.add,reminders.add,0.9768757820129395,True,reminders.add,0.9801991581916809,True,reminders.add,0.9787962436676025,True
go back to normal mode,Cmd.MemoryChange,Help_MaskMode,0.2501212954521179,False,Cmd.MemoryChange,0.2692747116088867,True,Cmd.MemoryChange,0.22789514064788818,True
please set program to pub,Cmd.MemoryChange,Cmd.MemoryChange,0.9638903141021729,True,Cmd.MemoryChange,0.9792546629905701,True,Cmd.MemoryChange,0.9710333943367004,True
end my tv streaming,Cmd.StreamingStop,Cmd.StreamingStop,0.7642239928245544,True,Cmd.StreamingStop,0.7352828979492188,True,Cmd.StreamingStop,0.754247784614563,True
do i have cros or wicros?,Help_WiCROS,Help_WiCROS,0.27782881259918213,True,Help_WiCROS,0.2736468017101288,True,Help_WiCROS,0.2677929699420929,True
remind me to check my computer,reminders.add,reminders.add,0.9268856644630432,True,reminders.add,0.9581789970397949,True,reminders.add,0.9436950087547302,True
what's the best battery for my aids,Help_Battery,Help_Battery,0.4224928021430969,True,Cmd.BatteryLevel,0.40780824422836304,False,Cmd.BatteryLevel,0.41265514492988586,False
what's my total thrive number,Help_ThriveScore,Help_Home,0.22383973002433777,False,Default Fallback Intent,0.31220361590385437,False,Default Fallback Intent,0.23888665437698364,False
can you home memory,Cmd.MemoryChange,Cmd.MemoryChange,0.7725896835327148,True,Cmd.MemoryChange,0.8970618844032288,True,Cmd.MemoryChange,0.8411372303962708,True
can you play my message,Cmd.ListenMessage,Cmd.ListenMessage,0.9763718247413635,True,Cmd.ListenMessage,0.9693356156349182,True,Cmd.ListenMessage,0.9701453447341919,True
please start translating in french,Cmd.TranslationStart,Cmd.TranslationStart,0.5937908291816711,True,Cmd.TranslationStart,0.5251016020774841,True,Cmd.TranslationStart,0.5547915697097778,True
how do i turn down background noise?,Help_Customize,Help_Volume,0.42846986651420593,False,Help_Volume,0.4337277114391327,False,Help_Volume,0.401388019323349,False
turn my right hearing aid up,Cmd.VolumeIncrease,Cmd.VolumeIncrease,0.5387195348739624,True,Cmd.VolumeIncrease,0.6042217016220093,True,Cmd.VolumeIncrease,0.5784193277359009,True
can you set to tinnitus memory,Cmd.MemoryChange,Cmd.MemoryChange,0.6915654540061951,True,Cmd.MemoryChange,0.8499919772148132,True,Cmd.MemoryChange,0.7772898077964783,True
why can't i get my hearing aids to go through on my phone to go through my hearing aids,Help_Pairing,Help_ChangingMemories,0.35022401809692383,False,Help_ChangingMemories,0.3323730528354645,False,Help_ChangingMemories,0.35259026288986206,False
please reminder for this evening,reminders.add,reminders.add,0.8296721577644348,True,reminders.add,0.895691454410553,True,reminders.add,0.8839208483695984,True
please go back to a high,Default Fallback Intent,Default Fallback Intent,0.5051993727684021,True,Default Fallback Intent,0.6313999891281128,True,Default Fallback Intent,0.503961443901062,True
can you remind me today,reminders.add,reminders.add,0.9894421100616455,True,reminders.add,0.9926281571388245,True,reminders.add,0.9913722276687622,True
explain dnn speech enhancement,Help_IntelliVoice,Help_IntelliVoice,0.8819212913513184,True,Help_IntelliVoice,0.8933939337730408,True,Help_IntelliVoice,0.8805475831031799,True
what can i do here?,Help_Home,Help_FallAlert,0.31540191173553467,False,Help_FallAlert,0.30202987790107727,False,Help_FallAlert,0.313394159078598,False
how do i adjust my loudness of the noise masker in the hearing aid?,Help_Tinnitus,Help_Tinnitus,0.8763799667358398,True,Help_Tinnitus,0.8912127614021301,True,Help_Tinnitus,0.8884216547012329,True
can you change memory to tinnitus,Cmd.MemoryChange,Cmd.MemoryChange,0.7636457681655884,True,Cmd.MemoryChange,0.8971518874168396,True,Cmd.MemoryChange,0.8360094428062439,True
can you every month,reminders.add,reminders.add,0.5004138350486755,True,reminders.add,0.4757482409477234,True,reminders.add,0.5216356515884399,True
how do i change the volume on just one aid?,Help_Volume,Help_Volume,0.5203922390937805,True,Help_Volume,0.5456112027168274,True,Help_Volume,0.48000627756118774,True
can you open transcribe,Cmd.TranscribeStart,Cmd.TranscribeStart,0.715486466884613,True,Cmd.TranscribeStart,0.7043272256851196,True,Cmd.TranscribeStart,0.7143551707267761,True
can you switch to speech program,Cmd.MemoryChange,Cmd.MemoryChange,0.9409348368644714,True,Cmd.MemoryChange,0.972165048122406,True,Cmd.MemoryChange,0.9581893086433411,True
how do i share my status with a caregiver?,Help_HearShare,Help_HearShare,0.9425241351127625,True,Help_HearShare,0.9389176964759827,True,Help_HearShare,0.9314494729042053,True
can you make a u-turn,Default Fallback Intent,Default Fallback Intent,0.7727845311164856,True,Default Fallback Intent,0.8889199495315552,True,Default Fallback Intent,0.8211089372634888,True
how do i search for my aid?,Help_FindMyHearingAids,Help_FindMyHearingAids,0.8568671941757202,True,Help_FindMyHearingAids,0.8654892444610596,True,Help_FindMyHearingAids,0.8785912394523621,True
can you change to home program,Cmd.MemoryChange,Cmd.MemoryChange,0.9275338649749756,True,Cmd.MemoryChange,0.9677829146385193,True,Cmd.MemoryChange,0.9513203501701355,True
start my cycling workout,Cmd.ActivityCycle,Cmd.ActivityExercise,0.5014935731887817,False,Cmd.ActivityExercise,0.49406716227531433,False,Cmd.ActivityExercise,0.4917912483215332,False
where can i find tally here,Help_HearingCareAnywhereConnect,Default Fallback Intent,0.16798438131809235,False,Default Fallback Intent,0.449154257774353,False,Default Fallback Intent,0.3152429759502411,False
set up audio streaming,Cmd.StreamingStart,Cmd.StreamingStart,0.7191617488861084,True,Cmd.StreamingStart,0.7604572176933289,True,Cmd.StreamingStart,0.7374817132949829,True
can you change memory to television,Cmd.MemoryChange,Cmd.MemoryChange,0.9112443923950195,True,Cmd.MemoryChange,0.9597700238227844,True,Cmd.MemoryChange,0.9379474520683289,True
can you pairing hearing aids on the thrive app,Help_Pairing,Help_Pairing,0.966978132724762,True,Help_Pairing,0.9749830365180969,True,Help_Pairing,0.9677538275718689,True
track this gym session,Cmd.ActivityExercise,Cmd.ActivityExercise,0.14209991693496704,True,Default Fallback Intent,0.15839709341526031,False,Help_WhatsNew,0.1187417283654213,False
can you kitchen memory,Cmd.MemoryChange,Cmd.MemoryChange,0.7337342500686646,True,Cmd.MemoryChange,0.8823609352111816,True,Cmd.MemoryChange,0.8103572726249695,True
can you just keep me that you searching,Default Fallback Intent,Default Fallback Intent,0.924770712852478,True,Default Fallback Intent,0.9544910788536072,True,Default Fallback Intent,0.9335570931434631,True
can you set to television memory,Cmd.MemoryChange,Cmd.MemoryChange,0.9030097126960754,True,Cmd.MemoryChange,0.9587658643722534,True,Cmd.MemoryChange,0.9372357726097107,True
change memory to train,Cmd.MemoryChange,Cmd.MemoryChange,0.9519914388656616,True,Cmd.MemoryChange,0.9739394783973694,True,Cmd.MemoryChange,0.9624884724617004,True
can you i'd like to know how far it is to the moon,Default Fallback Intent,Default Fallback Intent,0.9539607167243958,True,Default Fallback Intent,0.9841152429580688,True,Default Fallback Intent,0.9737221002578735,True
can you i need an adjustment to my aids,Help_RemoteProgramming,Help_RemoteProgramming,0.6245654225349426,True,Help_RemoteProgramming,0.670605480670929,True,Help_RemoteProgramming,0.6095196008682251,True
set program to gym,Cmd.MemoryChange,Cmd.MemoryChange,0.9801766872406006,True,Cmd.MemoryChange,0.9866798520088196,True,Cmd.MemoryChange,0.9829734563827515,True
please change to work program,Cmd.MemoryChange,Cmd.MemoryChange,0.9542981386184692,True,Cmd.MemoryChange,0.9741910099983215,True,Cmd.MemoryChange,0.9640264511108398,True
set a reminder to take medication today at 5 p.m.,reminders.add,reminders.add,0.9877684712409973,True,reminders.add,0.991609513759613,True,reminders.add,0.9900181293487549,True
reminder to play with my cat every workday at 7 p.m.,reminders.add,reminders.add,0.8488942980766296,True,reminders.add,0.9136635065078735,True,reminders.add,0.8991817831993103,True
that's hurting my ears,Cmd.VolumeDecrease,Cmd.VolumeDecrease,0.6231091022491455,True,Cmd.VolumeDecrease,0.6546366810798645,True,Cmd.VolumeDecrease,0.6392766237258911,True
how do i set up hearshare?,Help_HearShare,Help_HearShare,0.9595129489898682,True,Help_HearShare,0.9566590189933777,True,Help_HearShare,0.9514312744140625,True
can thrive measure my heart rate,Help_HeartRate,Help_HeartRate,0.9654698967933655,True,Help_HeartRate,0.9670988917350769,True,Help_HeartRate,0.9663240909576416,True
remind me to wash my car,reminders.add,reminders.add,0.987369954586029,True,reminders.add,0.9906442165374756,True,reminders.add,0.9887694120407104,True
can you i need to unpair my hearing aids from my phone,Help_Pairing,Help_Pairing,0.5227019190788269,True,Help_Pairing,0.5091391801834106,True,Help_Pairing,0.4476693868637085,True
make it less intense,Cmd.VolumeDecrease,Cmd.VolumeUnmute,0.7101583480834961,False,Cmd.VolumeUnmute,0.7034122347831726,False,Cmd.VolumeUnmute,0.7027748823165894,False
can you tinnitus memory,Cmd.MemoryChange,Cmd.MemoryChange,0.4521915912628174,True,Cmd.MemoryChange,0.6669062376022339,True,Cmd.MemoryChange,0.5509715676307678,True
how to run intelligent voice,Help_IntelliVoice,Help_IntelliVoice,0.27061185240745544,True,Default Fallback Intent,0.20046712458133698,False,Help_IntelliVoice,0.22686833143234253,True
can you locate phone,Cmd.FindMyPhone,Cmd.FindMyPhone,0.9519122838973999,True,Cmd.FindMyPhone,0.8913182616233826,True,Cmd.FindMyPhone,0.933728039264679,True
can you change memory to number two,Cmd.MemoryChange,Cmd.MemoryChange,0.9446735978126526,True,Cmd.MemoryChange,0.9721943140029907,True,Cmd.MemoryChange,0.9591884016990662,True
send audio to my aids,Cmd.StreamingStart,Cmd.StreamingStart,0.4343349039554596,True,Cmd.StreamingStart,0.4743240177631378,True,Cmd.StreamingStart,0.4431699514389038,True
log a run,Cmd.ActivityRun,Cmd.ActivityRun,0.24115468561649323,True,Cmd.VolumeDecrease,0.263156533241272,False,Cmd.VolumeDecrease,0.2582620084285736,False
help with self check,Help_SelfCheck,Help_SelfCheck,0.8323603868484497,True,Help_SelfCheck,0.8171115517616272,True,Help_SelfCheck,0.8353559970855713,True
change memory to crowd,Cmd.MemoryChange,Cmd.MemoryChange,0.9497605562210083,True,Cmd.MemoryChange,0.9752354025840759,True,Cmd.MemoryChange,0.9625186324119568,True
can you be more specific,Default Fallback Intent,Default Fallback Intent,0.9757444858551025,True,Default Fallback Intent,0.9883787631988525,True,Default Fallback Intent,0.9813324213027954,True
please change program to meeting,Cmd.MemoryChange,Cmd.MemoryChange,0.939657986164093,True,Cmd.MemoryChange,0.964593768119812,True,Cmd.MemoryChange,0.9507466554641724,True
what languages can the translate feature use?,Help_Translate,Help_Translate,0.8789572715759277,True,Help_Translate,0.893355131149292,True,Help_Translate,0.8829162120819092,True
hope you're doing well,Default Fallback Intent,Help_Transcribe,0.32032787799835205,False,Help_Transcribe,0.25418561697006226,False,Help_Transcribe,0.29235371947288513,False
point me to what i can do here,Help_Home,Help_Home,0.2549809217453003,True,Help_Home,0.2653838098049164,True,Help_Home,0.26464757323265076,True
please i need a reminder for today,reminders.add,reminders.add,0.9771993160247803,True,reminders.add,0.9851576089859009,True,reminders.add,0.9834417700767517,True
please remind me to check my computer,reminders.add,reminders.add,0.9550343155860901,True,reminders.add,0.9694672226905823,True,reminders.add,0.9598112106323242,True
theater setting,Cmd.MemoryChange,Cmd.MemoryChange,0.8319525718688965,True,Cmd.MemoryChange,0.9083769917488098,True,Cmd.MemoryChange,0.8705911636352539,True
thrive assistant user guide,Help_VoiceAssistant,Help_VoiceAssistant,0.8936233520507812,True,Help_VoiceAssistant,0.9017348289489746,True,Help_VoiceAssistant,0.9006645679473877,True
stand goal?,Cmd.ActivityStand,Cmd.ActivityStand,0.7724555134773254,True,Cmd.ActivityStand,0.762087345123291,True,Cmd.ActivityStand,0.7616140246391296,True
how do i wear my aids properly,Help_InsertDevice,Help_CleanCare,0.36976727843284607,False,Help_CleanCare,0.32834482192993164,False,Help_CleanCare,0.3114539682865143,False
set memory to pub,Cmd.MemoryChange,Cmd.MemoryChange,0.9685784578323364,True,Cmd.MemoryChange,0.9837378263473511,True,Cmd.MemoryChange,0.9756710529327393,True
give me my energy burn,Cmd.ActivityCalories,Help_FindMyHearingAids,0.304313600063324,False,Help_FindMyHearingAids,0.29730933904647827,False,Help_FindMyHearingAids,0.29497456550598145,False
help i'm overwhelmed by the app,Help_Home,Help_AppSettings,0.6225778460502625,False,Help_AppSettings,0.5633867979049683,False,Help_AppSettings,0.5387696623802185,False
can you telephone memory,Cmd.MemoryChange,Cmd.MemoryChange,0.8068976402282715,True,Cmd.MemoryChange,0.9207103848457336,True,Cmd.MemoryChange,0.8693654537200928,True
start my aerobics workout,Cmd.ActivityAerobics,Cmd.ActivityAerobics,0.9530194997787476,True,Cmd.ActivityAerobics,0.9574911594390869,True,Cmd.ActivityAerobics,0.9586338400840759,True
set to kitchen program,Cmd.MemoryChange,Cmd.MemoryChange,0.961910605430603,True,Cmd.MemoryChange,0.9817286133766174,True,Cmd.MemoryChange,0.9715226292610168,True
can you set memory to crowd,Cmd.MemoryChange,Cmd.MemoryChange,0.9652315378189087,True,Cmd.MemoryChange,0.9841136932373047,True,Cmd.MemoryChange,0.9751070737838745,True
can you put my phone on chris home,Default Fallback Intent,Cmd.FindMyPhone,0.3628586232662201,False,Default Fallback Intent,0.36791688203811646,True,Cmd.FindMyPhone,0.29676786065101624,False
why isn't my heart mahira anaise bagri working,Default Fallback Intent,Default Fallback Intent,0.9488309621810913,True,Default Fallback Intent,0.9808484315872192,True,Default Fallback Intent,0.9684264659881592,True
how can i see my health goals?,Help_Health,Help_Health,0.8846441507339478,True,Help_Health,0.8865434527397156,True,Help_Health,0.8803474307060242,True
relay information,Cmd.SendMessage,Default Fallback Intent,0.7907301783561707,False,Default Fallback Intent,0.9127423763275146,False,Default Fallback Intent,0.8431218266487122,False
enable direct audio,Cmd.StreamingStart,Cmd.VolumeUnmute,0.35362401604652405,False,Cmd.VolumeUnmute,0.32531651854515076,False,Cmd.VolumeUnmute,0.303570032119751,False
can you set memory to speech,Cmd.MemoryChange,Cmd.MemoryChange,0.9417816996574402,True,Cmd.MemoryChange,0.9739615321159363,True,Cmd.MemoryChange,0.959282398223877,True
how do i improve my brain score?,Help_ThriveScore,Help_ThriveScore,0.9901717305183411,True,Help_ThriveScore,0.9887294173240662,True,Help_ThriveScore,0.9889756441116333,True
how should i send a manual alert text?,Help_FallAlert,Help_FallAlert,0.9536184668540955,True,Help_FallAlert,0.9533538222312927,True,Help_FallAlert,0.9507586359977722,True
i misplaced my hearing device,Help_FindMyHearingAids,Help_MemoryOptions,0.455576628446579,False,Help_MemoryOptions,0.36509740352630615,False,Help_MemoryOptions,0.39381304383277893,False
please set program to number two,Cmd.MemoryChange,Cmd.MemoryChange,0.9316474795341492,True,Cmd.MemoryChange,0.9563691020011902,True,Cmd.MemoryChange,0.9430610537528992,True
remind me to buy shoes in paris,reminders.add,reminders.add,0.9605250358581543,True,reminders.add,0.9602161645889282,True,reminders.add,0.960128903388977,True
help with changing memories using my app,Help_ChangingMemories,Help_ChangingMemories,0.9425792098045349,True,Help_ChangingMemories,0.9515101909637451,True,Help_ChangingMemories,0.9542369246482849,True
can you change program to home,Cmd.MemoryChange,Cmd.MemoryChange,0.9320220947265625,True,Cmd.MemoryChange,0.9694420099258423,True,Cmd.MemoryChange,0.9542156457901001,True
please mavis by stupid hearing aids,Default Fallback Intent,Help_SelfCheck,0.37312039732933044,False,Default Fallback Intent,0.6156629920005798,True,Default Fallback Intent,0.4798305034637451,True
can you switch to tinnitus,Cmd.MemoryChange,Cmd.MemoryChange,0.7469313144683838,True,Cmd.MemoryChange,0.8676232099533081,True,Cmd.MemoryChange,0.803835928440094,True
translate their speech into english,Cmd.TranslationStart,Cmd.TranslationStart,0.5824058055877686,True,Cmd.TranslationStart,0.6078277230262756,True,Cmd.TranslationStart,0.6047744750976562,True
please set memory to automatic,Cmd.MemoryChange,Cmd.MemoryChange,0.9431470036506653,True,Cmd.MemoryChange,0.9708223342895508,True,Cmd.MemoryChange,0.9565083384513855,True
when should i use intellivoice,Help_IntelliVoice,Help_IntelliVoice,0.9015390276908875,True,Help_IntelliVoice,0.9093766808509827,True,Help_IntelliVoice,0.8898869156837463,True
please wendy's double tapped it and has not worked,Default Fallback Intent,Default Fallback Intent,0.712887167930603,True,Default Fallback Intent,0.879936158657074,True,Default Fallback Intent,0.8079042434692383,True
can you keep track of this for me?,reminders.add,Default Fallback Intent,0.662804901599884,False,Default Fallback Intent,0.8257075548171997,False,Default Fallback Intent,0.7537457942962646,False
turn all sound off,Cmd.VolumeMute,Cmd.VolumeMute,0.6581315398216248,True,Cmd.VolumeMute,0.5716243982315063,True,Cmd.VolumeMute,0.6556400060653687,True
is the hearing aid connected to the app?,Help_Pairing,Help_Pairing,0.8681976199150085,True,Help_Pairing,0.9064388275146484,True,Help_Pairing,0.8815521001815796,True
max loudness,Cmd.VolumeIncrease,Cmd.VolumeIncrease,0.5249809622764587,True,Cmd.VolumeIncrease,0.5129371881484985,True,Cmd.VolumeIncrease,0.5043742656707764,True
what's new in this app?,Help_WhatsNew,Help_WhatsNew,0.9441113471984863,True,Help_WhatsNew,0.9377478957176208,True,Help_WhatsNew,0.9361619353294373,True
please change to work memory,Cmd.MemoryChange,Cmd.MemoryChange,0.9622884392738342,True,Cmd.MemoryChange,0.979775071144104,True,Cmd.MemoryChange,0.9706794619560242,True
i'm going cycling,Cmd.ActivityCycle,Cmd.StreamingStart,0.4705222547054291,False,Cmd.StreamingStart,0.3960629999637604,False,Cmd.StreamingStart,0.43449458479881287,False
can you help with device settings,Help_DeviceSettings,Help_MemoryOptions,0.24203713238239288,False,Help_MemoryOptions,0.2332637906074524,False,Help_MemoryOptions,0.25077909231185913,False
can you change memory to office,Cmd.MemoryChange,Cmd.MemoryChange,0.9598493576049805,True,Cmd.MemoryChange,0.9813761711120605,True,Cmd.MemoryChange,0.9710050821304321,True
how do i use my cros device,Help_WiCROS,Help_Health,0.37611880898475647,False,Help_Health,0.38187921047210693,False,Help_Health,0.3727642595767975,False
keep this in mind for me,reminders.add,Default Fallback Intent,0.35591888427734375,False,Default Fallback Intent,0.5856002569198608,False,Default Fallback Intent,0.4757499098777771,False
on your bookkeeping it's all on my side so,Default Fallback Intent,Default Fallback Intent,0.7211015820503235,True,Default Fallback Intent,0.8591540455818176,True,Default Fallback Intent,0.8007564544677734,True
switch my memory,Cmd.MemoryChange,Cmd.MemoryChange,0.8485699892044067,True,Cmd.MemoryChange,0.9284001588821411,True,Cmd.MemoryChange,0.8890318870544434,True
please it's busy being born,Default Fallback Intent,Cmd.TranscribeStart,0.28929874300956726,False,Default Fallback Intent,0.5076572299003601,True,Default Fallback Intent,0.3996841013431549,True
how do i save my settings online,Help_HearingCareAnywhereConnect,Help_Customize,0.22876034677028656,False,Help_Customize,0.22093437612056732,False,Help_HearingCareAnywhereConnect,0.23002487421035767,True
how do i unmute the left hearing aid?,Help_Volume,Help_Volume,0.8808561563491821,True,Help_Volume,0.888253927230835,True,Help_Volume,0.8541664481163025,True
repair the audio on my hearing aids,Help_DeviceSettings,Cmd.StreamingStart,0.37819361686706543,False,Cmd.StreamingStart,0.41847172379493713,False,Cmd.StreamingStart,0.41121241450309753,False
voices are too soft for me,Cmd.VolumeIncrease,Cmd.VolumeDecrease,0.3644922971725464,False,Cmd.VolumeDecrease,0.3931337594985962,False,Cmd.VolumeDecrease,0.3817616105079651,False
can i use thrive assistant without my phone?,Help_VoiceAssistant,Help_VoiceAssistant,0.4742313325405121,True,Help_VoiceAssistant,0.4597760736942291,True,Help_VoiceAssistant,0.46749234199523926,True
can you play my last recording.,Cmd.ListenMessage,Cmd.ListenMessage,0.8285163044929504,True,Cmd.ListenMessage,0.7219694256782532,True,Cmd.ListenMessage,0.7659711241722107,True
can you change setting to two,Cmd.MemoryChange,Cmd.MemoryChange,0.9636340737342834,True,Cmd.MemoryChange,0.9768759608268738,True,Cmd.MemoryChange,0.969670295715332,True
discover android phone,Cmd.FindMyPhone,Cmd.FindMyPhone,0.9032241702079773,True,Cmd.FindMyPhone,0.9061549305915833,True,Cmd.FindMyPhone,0.9100157618522644,True
can you change memory to speech,Cmd.MemoryChange,Cmd.MemoryChange,0.9248661398887634,True,Cmd.MemoryChange,0.9662590622901917,True,Cmd.MemoryChange,0.9464876055717468,True
can you set program to mute,Cmd.MemoryChange,Cmd.MemoryChange,0.9491938352584839,True,Cmd.MemoryChange,0.9719493389129639,True,Cmd.MemoryChange,0.9608879089355469,True
please switch to train program,Cmd.MemoryChange,Cmd.MemoryChange,0.9421595335006714,True,Cmd.MemoryChange,0.9668191075325012,True,Cmd.MemoryChange,0.9541698694229126,True
locate my hearing aids for me,Help_FindMyHearingAids,Help_FindMyHearingAids,0.892270028591156,True,Help_FindMyHearingAids,0.8875346183776855,True,Help_FindMyHearingAids,0.878551185131073,True
can you change to golf,Cmd.MemoryChange,Cmd.MemoryChange,0.9413005709648132,True,Cmd.MemoryChange,0.9608347415924072,True,Cmd.MemoryChange,0.9516111016273499,True
change memory to number four,Cmd.MemoryChange,Cmd.MemoryChange,0.9369551539421082,True,Cmd.MemoryChange,0.9684320688247681,True,Cmd.MemoryChange,0.9519033432006836,True
please yeah just take a little off yeah,Default Fallback Intent,Default Fallback Intent,0.659130334854126,True,Default Fallback Intent,0.7462965846061707,True,Default Fallback Intent,0.691150963306427,True
can you help with noise stimulus adjustment on my aids,Help_Tinnitus,Help_Tinnitus,0.8644164204597473,True,Help_Tinnitus,0.8815105557441711,True,Help_Tinnitus,0.8784460425376892,True
hello,Default Fallback Intent,Help_FindMyHearingAids,0.1864534467458725,False,Default Fallback Intent,0.2167668491601944,True,Help_FindMyHearingAids,0.180173859000206,False
can you unmute the aids,Cmd.VolumeUnmute,Cmd.VolumeUnmute,0.6207830905914307,True,Cmd.VolumeUnmute,0.5154340267181396,True,Cmd.VolumeUnmute,0.5218299627304077,True
can you i want to make sure i also cleaned but nuflex filters in them,Default Fallback Intent,Default Fallback Intent,0.9709717035293579,True,Default Fallback Intent,0.9855896830558777,True,Default Fallback Intent,0.9783762693405151,True
i need it softer,Cmd.VolumeDecrease,Cmd.VolumeDecrease,0.334624707698822,True,Cmd.VolumeDecrease,0.34482476115226746,True,Cmd.VolumeDecrease,0.32909315824508667,True
please switch to memory number one,Cmd.MemoryChange,Cmd.MemoryChange,0.9083627462387085,True,Cmd.MemoryChange,0.9509594440460205,True,Cmd.MemoryChange,0.9292359948158264,True
calories walking,Cmd.ActivityWalk,Cmd.ActivityWalk,0.5763041377067566,True,Cmd.ActivityWalk,0.5353286862373352,True,Cmd.ActivityWalk,0.5393319129943848,True
the shadowy men on a shadowy planet,Default Fallback Intent,Default Fallback Intent,0.8544589281082153,True,Default Fallback Intent,0.92485111951828,True,Default Fallback Intent,0.8885233998298645,True
reduce the sound,Cmd.VolumeDecrease,Cmd.VolumeUnmute,0.45652323961257935,False,Cmd.VolumeDecrease,0.4545394778251648,True,Cmd.VolumeDecrease,0.43391427397727966,True
reminder finished.,reminders.complete,reminders.add,0.5379610061645508,False,reminders.add,0.6621480584144592,False,reminders.add,0.6102537512779236,False
automatic setting,Cmd.MemoryChange,Cmd.MemoryChange,0.8810133337974548,True,Cmd.MemoryChange,0.9277945756912231,True,Cmd.MemoryChange,0.9042332172393799,True
how many miles have i biked,Cmd.ActivityCycle,Help_Home,0.25350797176361084,False,Help_Home,0.2638723850250244,False,Help_Home,0.2944410443305969,False
can you help with noise stimulus adjustment in my aids,Help_Tinnitus,Help_Tinnitus,0.9306120872497559,True,Help_Tinnitus,0.9434710741043091,True,Help_Tinnitus,0.9419565200805664,True
explain the loudness controls,Help_Volume,Help_Volume,0.42460739612579346,True,Help_Volume,0.37105628848075867,True,Help_Volume,0.3576671779155731,True
increase the volume in my hearing aids,Cmd.VolumeIncrease,Cmd.VolumeIncrease,0.41230931878089905,True,Cmd.VolumeIncrease,0.41619765758514404,True,Cmd.VolumeDecrease,0.435391902923584,False
can you lift device not registering,Default Fallback Intent,Default Fallback Intent,0.88079434633255,True,Default Fallback Intent,0.9505006074905396,True,Default Fallback Intent,0.9116372466087341,True
display my calorie total,Cmd.ActivityCalories,Help_HeartRateRecovery,0.6545320153236389,False,Help_HeartRateRecovery,0.5999377369880676,False,Help_HeartRateRecovery,0.6221634745597839,False
what's the right way to insert my aids,Help_InsertDevice,Cmd.StreamingStart,0.33502763509750366,False,Cmd.StreamingStart,0.2876989543437958,False,Cmd.StreamingStart,0.2840416133403778,False
mute program,Cmd.MemoryChange,Cmd.MemoryChange,0.908399224281311,True,Cmd.MemoryChange,0.9477494359016418,True,Cmd.MemoryChange,0.9270090460777283,True
can you reminder completed.,reminders.complete,reminders.complete,0.5613173842430115,True,reminders.add,0.5301176309585571,False,reminders.add,0.46840766072273254,False
lift device not registering,Default Fallback Intent,Default Fallback Intent,0.23999470472335815,True,Default Fallback Intent,0.4942808747291565,True,Default Fallback Intent,0.3382672071456909,True
help me understand volume per side,Help_Volume,Help_Volume,0.7711724638938904,True,Help_Volume,0.7307421565055847,True,Help_Volume,0.7045650482177734,True
the tv is hard to hear,Cmd.VolumeIncrease,Cmd.StreamingStart,0.3246834874153137,False,Cmd.StreamingStart,0.3109149932861328,False,Cmd.StreamingStart,0.3490879535675049,False
am i close to my step goal,Cmd.ActivityStep,Cmd.ActivityStep,0.8282416462898254,True,Cmd.ActivityStep,0.8384214043617249,True,Cmd.ActivityStep,0.8498495817184448,True
close the audio streaming,Cmd.StreamingStop,Cmd.StreamingStop,0.6063841581344604,True,Cmd.StreamingStop,0.5521514415740967,True,Cmd.StreamingStop,0.5744033455848694,True
where do i find the transcription feature,Help_Transcribe,Help_Transcribe,0.32442259788513184,True,Help_Transcribe,0.3226209580898285,True,Help_WiCROS,0.31393277645111084,False
how do i mute my right hearing aid?,Help_Volume,Help_Pairing,0.3440187871456146,False,Help_Pairing,0.43559530377388,False,Help_Pairing,0.30852562189102173,False
switch to noise,Cmd.MemoryChange,Cmd.MemoryChange,0.9469096064567566,True,Cmd.MemoryChange,0.9688299298286438,True,Cmd.MemoryChange,0.9560896158218384,True
show my steps so far,Cmd.ActivityStep,Cmd.ActivityStep,0.8856691122055054,True,Cmd.ActivityStep,0.8701876401901245,True,Cmd.ActivityStep,0.8622123599052429,True
can you find my other hearing aid,Help_FindMyHearingAids,Help_FindMyHearingAids,0.9137451648712158,True,Help_FindMyHearingAids,0.9169257283210754,True,Help_FindMyHearingAids,0.8924686312675476,True
recommend me a book,Default Fallback Intent,Default Fallback Intent,0.40566548705101013,True,Default Fallback Intent,0.6145323514938354,True,Default Fallback Intent,0.509607195854187,True
please my hearing aids have too much treble,Help_Customize,Help_DeviceSettings,0.2070780247449875,False,Help_DeviceSettings,0.22000782191753387,False,Help_DeviceSettings,0.2211734652519226,False
can you look for my hearing aids,Help_FindMyHearingAids,Help_FindMyHearingAids,0.874218761920929,True,Help_FindMyHearingAids,0.8249959945678711,True,Help_FindMyHearingAids,0.8397868275642395,True
where do i find the app settings?,Help_AppSettings,Help_AppSettings,0.8464240431785583,True,Help_AppSettings,0.8423103094100952,True,Help_AppSettings,0.8327316641807556,True
please lift device not registering,Default Fallback Intent,Default Fallback Intent,0.5858752131462097,True,Default Fallback Intent,0.8146739602088928,True,Default Fallback Intent,0.694011926651001,True
can you remind me to visit my family on thanksgiving day,reminders.add,reminders.add,0.9449836015701294,True,reminders.add,0.9697301387786865,True,reminders.add,0.9617345929145813,True
how do i adjust my loudness of the tinnitus volume on the hearing aids?,Help_Tinnitus,Help_Tinnitus,0.8427810072898865,True,Help_Tinnitus,0.848421037197113,True,Help_Tinnitus,0.8546568155288696,True
can you help with white noise adjustments in my aid,Help_Tinnitus,Help_Tinnitus,0.9297307133674622,True,Help_Tinnitus,0.9334811568260193,True,Help_Tinnitus,0.9345476627349854,True
tinnitus memory,Cmd.MemoryChange,Cmd.MemoryChange,0.5096073150634766,True,Cmd.MemoryChange,0.6949248909950256,True,Cmd.MemoryChange,0.5934305191040039,True
its loudy,Cmd.VolumeDecrease,Cmd.VolumeDecrease,0.225190207362175,True,Cmd.VolumeDecrease,0.2661473751068115,True,Cmd.VolumeDecrease,0.2539740800857544,True
since my letter needs to be updated,Default Fallback Intent,Help_Home,0.20735414326190948,False,Default Fallback Intent,0.368592232465744,True,Default Fallback Intent,0.2773565351963043,True
bluetooth is not working,Help_Pairing,Cmd.ActivityWalk,0.3420313596725464,False,Cmd.ActivityWalk,0.30861788988113403,False,Cmd.ActivityWalk,0.2852836847305298,False
set the reminder,reminders.add,reminders.add,0.826440155506134,True,reminders.add,0.8973456621170044,True,reminders.add,0.8668489456176758,True
can you switch memory to mask,Cmd.MemoryChange,Cmd.MemoryChange,0.9367767572402954,True,Cmd.MemoryChange,0.9696465134620667,True,Cmd.MemoryChange,0.9538730978965759,True
please set program to work,Cmd.MemoryChange,Cmd.MemoryChange,0.9547194242477417,True,Cmd.MemoryChange,0.974448025226593,True,Cmd.MemoryChange,0.9649657011032104,True
can you i can't find my right hearing aid,Help_FindMyHearingAids,Help_FindMyHearingAids,0.9641571640968323,True,Help_FindMyHearingAids,0.9444326162338257,True,Help_FindMyHearingAids,0.9437094926834106,True
can you volume quieter,Cmd.VolumeDecrease,Cmd.VolumeIncrease,0.5013499855995178,False,Cmd.VolumeIncrease,0.4770747721195221,False,Cmd.VolumeIncrease,0.4655889868736267,False
give me a tour of the app,Help_Home,Help_Home,0.4227807819843292,True,Help_Home,0.459297776222229,True,Help_Home,0.47349950671195984,True
how do i change to another program on my hearing aid?,Help_ChangingMemories,Help_ChangingMemories,0.9267573356628418,True,Help_ChangingMemories,0.9311283826828003,True,Help_ChangingMemories,0.9288586378097534,True
please set program to train,Cmd.MemoryChange,Cmd.MemoryChange,0.9391492605209351,True,Cmd.MemoryChange,0.9665200114250183,True,Cmd.MemoryChange,0.9535790085792542,True
tell me about demo mode,Help_DemoMode,Help_DemoMode,0.8477855324745178,True,Help_DemoMode,0.826671838760376,True,Help_DemoMode,0.8459125757217407,True
why did rome fall,Default Fallback Intent,Help_FallAlert,0.7345678210258484,False,Help_FallAlert,0.5925160646438599,False,Help_FallAlert,0.6768452525138855,False
switch listening modes,Cmd.MemoryChange,Cmd.MemoryChange,0.3086983859539032,True,Cmd.MemoryChange,0.489658385515213,True,Cmd.MemoryChange,0.39056625962257385,True
direct the audio to my hearing devices,Cmd.StreamingStart,Help_Pairing,0.4247826933860779,False,Help_Pairing,0.4128953516483307,False,Cmd.StreamingStart,0.3390650451183319,True
help with the app configuration,Help_AppSettings,Help_AppSettings,0.6630709171295166,True,Help_AppSettings,0.6079938411712646,True,Help_AppSettings,0.5971704721450806,True
please change memory to work,Cmd.MemoryChange,Cmd.MemoryChange,0.9488927721977234,True,Cmd.MemoryChange,0.9753357172012329,True,Cmd.MemoryChange,0.9625072479248047,True
please i need to talk t to my audiologist,Help_RemoteProgramming,Help_RemoteProgramming,0.7077029347419739,True,Help_RemoteProgramming,0.7220103740692139,True,Help_RemoteProgramming,0.6925013065338135,True
help with remote programming,Help_RemoteProgramming,Help_RemoteProgramming,0.7896400094032288,True,Help_RemoteProgramming,0.8151648044586182,True,Help_RemoteProgramming,0.7879014015197754,True
set a recurring daily reminder,Help_Reminder,reminders.add,0.9050421714782715,False,reminders.add,0.942911684513092,False,reminders.add,0.9261993765830994,False
please i need to disconnect the hearing aids from the phone,Help_Pairing,Help_Pairing,0.8038241267204285,True,Help_Pairing,0.7600815296173096,True,Help_Pairing,0.7359082698822021,True
what does the button do that i just pressed,Default Fallback Intent,Help_Home,0.3000260889530182,False,Default Fallback Intent,0.48697566986083984,True,Default Fallback Intent,0.3713628351688385,True
i'm going for a stroll,Cmd.ActivityWalk,Default Fallback Intent,0.3442956507205963,False,Default Fallback Intent,0.590988278388977,False,Default Fallback Intent,0.48717963695526123,False
remind me to wash the car,reminders.add,reminders.add,0.9845474362373352,True,reminders.add,0.9875985980033875,True,reminders.add,0.9857617616653442,True
translate how much do i owe you in español,Cmd.TranslationStart,Cmd.TranslationStart,0.8336420059204102,True,Cmd.TranslationStart,0.6681053638458252,True,Cmd.TranslationStart,0.7639413475990295,True
what's my total calorie count,Cmd.ActivityCalories,Cmd.ActivityCalories,0.806780219078064,True,Cmd.ActivityCalories,0.6776705384254456,True,Cmd.ActivityCalories,0.7297162413597107,True
can you i need to connect the hearing aids to the phone,Help_Pairing,Help_Pairing,0.8177633285522461,True,Help_Pairing,0.7830876708030701,True,Help_Pairing,0.7498716711997986,True
help with the captioning feature,Help_Transcribe,Help_DeviceSettings,0.2407228797674179,False,Help_DeviceSettings,0.26086053252220154,False,Help_DeviceSettings,0.27135956287384033,False
set program to meeting,Cmd.MemoryChange,Cmd.MemoryChange,0.9608613848686218,True,Cmd.MemoryChange,0.9791086316108704,True,Cmd.MemoryChange,0.9699211120605469,True
how do i ask my audiologist for new hearing aid settings?,Help_RemoteProgramming,Help_RemoteProgramming,0.8368571400642395,True,Help_RemoteProgramming,0.8443756103515625,True,Help_RemoteProgramming,0.84785395860672,True
how should i send a manual alert message?,Help_FallAlert,Help_FallAlert,0.8988374471664429,True,Help_FallAlert,0.8774034380912781,True,Help_FallAlert,0.8761349320411682,True
set up a reminder,reminders.add,reminders.add,0.886133074760437,True,reminders.add,0.9372125267982483,True,reminders.add,0.917600154876709,True
can you beep,Help_DeviceSettings,Cmd.BatteryLevel,0.3637343645095825,False,Default Fallback Intent,0.6082347631454468,False,Default Fallback Intent,0.4606934189796448,False
set to master memory,Cmd.MemoryChange,Cmd.MemoryChange,0.9695639610290527,True,Cmd.MemoryChange,0.9851893782615662,True,Cmd.MemoryChange,0.9771385192871094,True
switch memory to telephone,Cmd.MemoryChange,Cmd.MemoryChange,0.9384613037109375,True,Cmd.MemoryChange,0.9712331891059875,True,Cmd.MemoryChange,0.954951822757721,True
explain edge mode,Help_EdgeMode,Help_EdgeMode,0.9580138921737671,True,Help_EdgeMode,0.9555259346961975,True,Help_EdgeMode,0.9561063051223755,True
caption this conversation,Cmd.TranscribeStart,Cmd.TranscribeStart,0.562458872795105,True,Cmd.TranscribeStart,0.4559016227722168,True,Cmd.TranscribeStart,0.524240255355835,True
does mask mode improve clarity with masks,Help_MaskMode,Help_MaskMode,0.8080490827560425,True,Help_MaskMode,0.8186090588569641,True,Help_MaskMode,0.8080167770385742,True
please am i close to my cycling goal?,Cmd.ActivityCycle,Default Fallback Intent,0.19565072655677795,False,Default Fallback Intent,0.42590591311454773,False,Default Fallback Intent,0.32727229595184326,False
when should i start a manual alert message?,Help_FallAlert,Help_FallAlert,0.9637038111686707,True,Help_FallAlert,0.9644386172294617,True,Help_FallAlert,0.9628761410713196,True
increase the right hearing aid,Cmd.VolumeIncrease,Cmd.VolumeIncrease,0.31811878085136414,True,Cmd.VolumeIncrease,0.3332796096801758,True,Cmd.VolumeIncrease,0.32583287358283997,True
explain proper aid placement,Help_InsertDevice,Help_InsertDevice,0.4339507520198822,True,Help_InsertDevice,0.42614954710006714,True,Help_InsertDevice,0.44838809967041016,True
what is my step count?,Cmd.ActivityStep,Cmd.ActivityStep,0.953039288520813,True,Cmd.ActivityStep,0.9539027214050293,True,Cmd.ActivityStep,0.9563709497451782,True
locate my right hearing aid,Help_FindMyHearingAids,Help_FindMyHearingAids,0.935718297958374,True,Help_FindMyHearingAids,0.9466851949691772,True,Help_FindMyHearingAids,0.936981737613678,True
where do i manage notifications,Help_AppSettings,Help_DeviceSettings,0.3663105368614197,False,Help_DeviceSettings,0.436158150434494,False,Help_DeviceSettings,0.429313987493515,False
why do my aids sound strange,Help_DeviceSettings,Help_DeviceSettings,0.8620890378952026,True,Help_DeviceSettings,0.8529196381568909,True,Help_DeviceSettings,0.8499544858932495,True
where do transcripts get saved,Help_Transcribe,Default Fallback Intent,0.37390992045402527,False,Default Fallback Intent,0.6596043705940247,False,Default Fallback Intent,0.5443496108055115,False
can i edit a reminder,Help_Reminder,Help_Reminder,0.6155110597610474,True,Help_Reminder,0.4498732388019562,True,Help_Reminder,0.5222588777542114,True
can you help me find my left hearing aid,Help_FindMyHearingAids,Help_FindMyHearingAids,0.8788585066795349,True,Help_FindMyHearingAids,0.8716922402381897,True,Help_FindMyHearingAids,0.8587111830711365,True
sound on again please,Cmd.VolumeUnmute,Cmd.VolumeUnmute,0.7198578119277954,True,Cmd.VolumeUnmute,0.7029560208320618,True,Cmd.VolumeUnmute,0.6949114799499512,True
can you more volume on hearing aid,Cmd.VolumeIncrease,Cmd.VolumeIncrease,0.5699417591094971,True,Cmd.VolumeIncrease,0.5803453326225281,True,Cmd.VolumeIncrease,0.547927737236023,True
listen to the presenter,Cmd.StreamingStart,Cmd.StreamingStart,0.8324866890907288,True,Cmd.StreamingStart,0.8586220145225525,True,Cmd.StreamingStart,0.8562556505203247,True
can you change to home,Cmd.MemoryChange,Cmd.MemoryChange,0.848180890083313,True,Cmd.MemoryChange,0.902492105960846,True,Cmd.MemoryChange,0.8806306719779968,True
help with tinnitus stimulus adjustments on my hearing aid,Help_Tinnitus,Help_Tinnitus,0.9491503834724426,True,Help_Tinnitus,0.9553224444389343,True,Help_Tinnitus,0.9528407454490662,True
please there is a problem with my right hearing aid,Help_SelfCheck,Help_SelfCheck,0.9243900775909424,True,Help_SelfCheck,0.8478204011917114,True,Help_SelfCheck,0.8808322548866272,True
turn it up,Cmd.VolumeIncrease,Cmd.VolumeIncrease,0.8218291997909546,True,Cmd.VolumeIncrease,0.7605948448181152,True,Cmd.VolumeIncrease,0.7976148128509521,True
turn the mute off,Cmd.VolumeUnmute,Cmd.VolumeMute,0.6190889477729797,False,Cmd.VolumeMute,0.6039540767669678,False,Cmd.VolumeMute,0.6405445337295532,False
please tell me a joke i need to be cheered up,Default Fallback Intent,Cmd.TranslationStart,0.30525583028793335,False,Default Fallback Intent,0.47998589277267456,True,Default Fallback Intent,0.3716297447681427,True
turn the sound down a bit,Cmd.VolumeDecrease,Cmd.VolumeDecrease,0.9371968507766724,True,Cmd.VolumeDecrease,0.9365410804748535,True,Cmd.VolumeDecrease,0.9311558604240417,True
please help with intelligent voice,Help_IntelliVoice,Help_IntelliVoice,0.7674044966697693,True,Help_IntelliVoice,0.7442194819450378,True,Help_IntelliVoice,0.7403360605239868,True
remind me to go running at 6 a.m.,reminders.add,reminders.add,0.9873453974723816,True,reminders.add,0.9912657141685486,True,reminders.add,0.9897201657295227,True
switch my hearing back on,Cmd.VolumeUnmute,Cmd.VolumeUnmute,0.20285432040691376,True,Cmd.MemoryChange,0.32123053073883057,False,Cmd.MemoryChange,0.2564921975135803,False
how do i enable comfort boost?,Help_DeviceSettings,Help_DeviceSettings,0.6721116304397583,True,Help_DeviceSettings,0.7206917405128479,True,Help_DeviceSettings,0.7179073691368103,True
these keeps doing this,Default Fallback Intent,Help_Home,0.28070107102394104,False,Default Fallback Intent,0.2583356201648712,True,Cmd.SendMessage,0.2689836621284485,False
please translate to english,Cmd.TranslationStart,Cmd.TranslationStart,0.8073179125785828,True,Cmd.TranslationStart,0.7993395924568176,True,Cmd.TranslationStart,0.8093602657318115,True
can you discover iphone,Cmd.FindMyPhone,Cmd.FindMyPhone,0.7446257472038269,True,Cmd.FindMyPhone,0.6927949786186218,True,Cmd.FindMyPhone,0.7177751064300537,True
can you remember to take medicine,reminders.add,reminders.add,0.5368624925613403,True,reminders.add,0.6367350816726685,True,reminders.add,0.6127524375915527,True
switch to everyday,Cmd.MemoryChange,Cmd.MemoryChange,0.799189031124115,True,Cmd.MemoryChange,0.8656243681907654,True,Cmd.MemoryChange,0.8300560712814331,True
is spanish available for translation,Help_Translate,Help_Translate,0.755642294883728,True,Help_Translate,0.7378379702568054,True,Help_Translate,0.7358736991882324,True
hook my aids up to the tv sound,Cmd.StreamingStart,Cmd.StreamingStart,0.7114126682281494,True,Cmd.StreamingStart,0.7517208456993103,True,Cmd.StreamingStart,0.7338066697120667,True
what is remote programming?,Help_RemoteProgramming,Help_RemoteProgramming,0.8222593665122986,True,Help_RemoteProgramming,0.8468939065933228,True,Help_RemoteProgramming,0.8208167552947998,True
please alexa turn off porch light,Default Fallback Intent,Default Fallback Intent,0.8866398930549622,True,Default Fallback Intent,0.9295006990432739,True,Default Fallback Intent,0.8925738334655762,True
please remind me about dinner in 1 minute,reminders.add,reminders.add,0.9184352159500122,True,reminders.add,0.928779661655426,True,reminders.add,0.9337741732597351,True
wireless stream audio,Cmd.StreamingStart,Cmd.StreamingStart,0.7636353373527527,True,Cmd.StreamingStart,0.8000763654708862,True,Cmd.StreamingStart,0.7827960252761841,True
help setting up shared listening,Help_HearShare,Help_DeviceSettings,0.2437485158443451,False,Help_DeviceSettings,0.2604748010635376,False,Help_DeviceSettings,0.2680763900279999,False
personalize my hearing aid settings,Help_MemoryOptions,Help_HearingCareAnywhereConnect,0.44621092081069946,False,Help_HearingCareAnywhereConnect,0.42386293411254883,False,Help_HearingCareAnywhereConnect,0.4263613224029541,False
what's my battery life?,Cmd.BatteryLevel,Cmd.BatteryLevel,0.6867499351501465,True,Cmd.BatteryLevel,0.696135938167572,True,Cmd.BatteryLevel,0.6956678032875061,True
please remind me of blood brothers,reminders.add,reminders.add,0.9364681243896484,True,reminders.add,0.9184532165527344,True,reminders.add,0.9290294051170349,True
please switch program to one,Cmd.MemoryChange,Cmd.MemoryChange,0.9486197233200073,True,Cmd.MemoryChange,0.9720170497894287,True,Cmd.MemoryChange,0.9596431255340576,True
show me my step count,Cmd.ActivityStep,Cmd.ActivityStep,0.9361944794654846,True,Cmd.ActivityStep,0.9356208443641663,True,Cmd.ActivityStep,0.9374587535858154,True
please change to worship program,Cmd.MemoryChange,Cmd.MemoryChange,0.9505974650382996,True,Cmd.MemoryChange,0.973029375076294,True,Cmd.MemoryChange,0.9620338678359985,True
where is the heart rate function within the app?,Help_HeartRate,Help_HeartRate,0.9680928587913513,True,Help_HeartRate,0.9686050415039062,True,Help_HeartRate,0.9651561379432678,True
how do i disconnect my aid?,Help_Pairing,Help_Pairing,0.45042601227760315,True,Help_Pairing,0.5361735820770264,True,Help_Pairing,0.4208689332008362,True
change to meeting program,Cmd.MemoryChange,Cmd.MemoryChange,0.9657574892044067,True,Cmd.MemoryChange,0.9813969135284424,True,Cmd.MemoryChange,0.9730724096298218,True
can you help transcribe,Help_Transcribe,Help_Transcribe,0.9754667282104492,True,Help_Transcribe,0.9707590937614441,True,Help_Transcribe,0.9736062288284302,True
can you change to auditorium memory,Cmd.MemoryChange,Cmd.MemoryChange,0.9375325441360474,True,Cmd.MemoryChange,0.9746314287185669,True,Cmd.MemoryChange,0.9585945010185242,True
remind me to take medicine in 5 minutes,reminders.add,reminders.add,0.990098774433136,True,reminders.add,0.9918363690376282,True,reminders.add,0.9907705783843994,True
can you change program to work,Cmd.MemoryChange,Cmd.MemoryChange,0.9673742651939392,True,Cmd.MemoryChange,0.982511579990387,True,Cmd.MemoryChange,0.9751412868499756,True
make sure i don't forget to take my pills at 8 am,reminders.add,reminders.add,0.7276109457015991,True,reminders.add,0.8205642700195312,True,reminders.add,0.8303907513618469,True
what's my standing time,Cmd.ActivityStand,Cmd.ActivityStand,0.5895404815673828,True,Cmd.ActivityStand,0.5235023498535156,True,Cmd.ActivityStand,0.5061513185501099,True
can you have i reached my exercise goal,Cmd.ActivityExercise,Cmd.ActivityExercise,0.8929873704910278,True,Cmd.ActivityExercise,0.8923631310462952,True,Cmd.ActivityExercise,0.8892835974693298,True
"please hey, mark, okay.",Default Fallback Intent,Default Fallback Intent,0.42121508717536926,True,Default Fallback Intent,0.6503675580024719,True,Default Fallback Intent,0.5173059105873108,True
which battery do i need for my hearing aid,Help_Battery,Help_Battery,0.5988770723342896,True,Help_Battery,0.5280370116233826,True,Help_Battery,0.553760290145874,True
create a future reminder,reminders.add,reminders.add,0.7948952913284302,True,reminders.add,0.9087376594543457,True,reminders.add,0.8751479983329773,True
when is the king and i playing,Default Fallback Intent,Help_Home,0.26908984780311584,False,Default Fallback Intent,0.41543442010879517,True,Default Fallback Intent,0.2840785086154938,True
please set memory to everyday,Cmd.MemoryChange,Cmd.MemoryChange,0.9462152719497681,True,Cmd.MemoryChange,0.9702826738357544,True,Cmd.MemoryChange,0.9579452872276306,True
i need a reminder to take medication,reminders.add,reminders.add,0.8657189607620239,True,reminders.add,0.9197676777839661,True,reminders.add,0.8969656229019165,True
please remind me of video everyday at noon,reminders.add,reminders.add,0.9762113094329834,True,reminders.add,0.9799848794937134,True,reminders.add,0.978855311870575,True
can you set to automatic program,Cmd.MemoryChange,Cmd.MemoryChange,0.9541901350021362,True,Cmd.MemoryChange,0.9771925806999207,True,Cmd.MemoryChange,0.9660322666168213,True
can you remind me to go to sleep,reminders.add,reminders.add,0.8937728404998779,True,reminders.add,0.9324601292610168,True,reminders.add,0.9168552160263062,True
master setting,Cmd.MemoryChange,Cmd.MemoryChange,0.4527060091495514,True,Cmd.MemoryChange,0.6453782320022583,True,Cmd.MemoryChange,0.5654729604721069,True
can you switch program to three,Cmd.MemoryChange,Cmd.MemoryChange,0.9608461856842041,True,Cmd.MemoryChange,0.9785157442092896,True,Cmd.MemoryChange,0.9694761037826538,True
can you angry orchard beer,Default Fallback Intent,Default Fallback Intent,0.9572510123252869,True,Default Fallback Intent,0.978611409664154,True,Default Fallback Intent,0.9637704491615295,True
bring the volume down,Cmd.VolumeDecrease,Cmd.VolumeDecrease,0.9729821085929871,True,Cmd.VolumeDecrease,0.976280689239502,True,Cmd.VolumeDecrease,0.9759440422058105,True
does mask mode help me hear masked voices,Help_MaskMode,Help_MaskMode,0.39586061239242554,True,Help_MaskMode,0.3541490137577057,True,Help_MaskMode,0.33381423354148865,True
"alpha bail, again. swelling down in rio.",Default Fallback Intent,Default Fallback Intent,0.8952763676643372,True,Default Fallback Intent,0.9426183700561523,True,Default Fallback Intent,0.9194368720054626,True
can you have i reached my activity goal?,Cmd.ActivityAerobics,Cmd.ActivityExercise,0.30069485306739807,False,Cmd.ActivityExercise,0.2791859209537506,False,Cmd.ActivityExercise,0.2762548625469208,False
how much longer do i need to stand?,Cmd.ActivityStand,Cmd.ActivityRun,0.48415377736091614,False,Cmd.ActivityRun,0.5171344876289368,False,Cmd.ActivityRun,0.4706976115703583,False
can you mute off,Cmd.VolumeUnmute,Cmd.VolumeMute,0.5376033782958984,False,Cmd.VolumeMute,0.3925759792327881,False,Cmd.VolumeMute,0.4755150079727173,False
i need a hand getting going,Help_Home,Cmd.SendMessage,0.35149911046028137,False,Default Fallback Intent,0.5417559146881104,False,Default Fallback Intent,0.38982367515563965,False
how many burned calories today,Cmd.ActivityCalories,Cmd.ActivityCalories,0.9279689192771912,True,Cmd.ActivityCalories,0.921916127204895,True,Cmd.ActivityCalories,0.9250818490982056,True
can you change program to office,Cmd.MemoryChange,Cmd.MemoryChange,0.9699095487594604,True,Cmd.MemoryChange,0.9834920763969421,True,Cmd.MemoryChange,0.9767870306968689,True
can you set program to number three,Cmd.MemoryChange,Cmd.MemoryChange,0.929639458656311,True,Cmd.MemoryChange,0.9564027190208435,True,Cmd.MemoryChange,0.9426324963569641,True
can you meeting program,Cmd.MemoryChange,Cmd.MemoryChange,0.8920619487762451,True,Cmd.MemoryChange,0.9477031826972961,True,Cmd.MemoryChange,0.9247820973396301,True
the program isn't right for where i am,Cmd.MemoryChange,Default Fallback Intent,0.24998056888580322,False,Default Fallback Intent,0.4607543647289276,False,Default Fallback Intent,0.36383673548698425,False
please remember to wash the car in 4 hours,reminders.add,reminders.add,0.7330582737922668,True,reminders.add,0.7644021511077881,True,reminders.add,0.7469387054443359,True
track aerobics workout,Cmd.ActivityAerobics,Cmd.ActivityAerobics,0.910555899143219,True,Cmd.ActivityAerobics,0.9133526682853699,True,Cmd.ActivityAerobics,0.9145551323890686,True
please set to music memory,Cmd.MemoryChange,Cmd.MemoryChange,0.9537224769592285,True,Cmd.MemoryChange,0.9749047756195068,True,Cmd.MemoryChange,0.9640293121337891,True
can you start transcribe,Cmd.TranscribeStart,Cmd.TranscribeStart,0.6396799683570862,True,Cmd.TranscribeStart,0.619841992855072,True,Cmd.TranscribeStart,0.6325281262397766,True
change to mask mode memory,Cmd.MemoryChange,Cmd.MemoryChange,0.8488702774047852,True,Cmd.MemoryChange,0.9329598546028137,True,Cmd.MemoryChange,0.8964723944664001,True
please change to tinnitus memory,Cmd.MemoryChange,Cmd.MemoryChange,0.8418534398078918,True,Cmd.MemoryChange,0.9233722686767578,True,Cmd.MemoryChange,0.8817020058631897,True
how do i change the volume on the aid?,Help_Volume,Help_Volume,0.7383580803871155,True,Help_Volume,0.7547456622123718,True,Help_Volume,0.7015165686607361,True
show me the user guide for translate,Help_Translate,Help_Translate,0.8892741799354553,True,Help_Translate,0.8969756960868835,True,Help_Translate,0.8855429887771606,True
discover phone,Cmd.FindMyPhone,Cmd.FindMyPhone,0.8958256244659424,True,Cmd.FindMyPhone,0.871690034866333,True,Cmd.FindMyPhone,0.8907473683357239,True
can you switch to home,Cmd.MemoryChange,Cmd.MemoryChange,0.9328902363777161,True,Cmd.MemoryChange,0.9555729627609253,True,Cmd.MemoryChange,0.9452311396598816,True
please remind me to drink water in 10 minutes,reminders.add,reminders.add,0.9771947264671326,True,reminders.add,0.977188229560852,True,reminders.add,0.9774870276451111,True
how will i know if i've received new hearing aid settings?,Help_RemoteProgramming,Help_RemoteProgramming,0.7071335315704346,True,Help_RemoteProgramming,0.7236291170120239,True,Help_RemoteProgramming,0.7180193066596985,True
cut the streamed audio to my aids,Cmd.StreamingStop,Cmd.StreamingStart,0.6772666573524475,False,Cmd.StreamingStart,0.7246934771537781,False,Cmd.StreamingStart,0.7058294415473938,False
how do i see my walking goals?,Help_Health,Help_Health,0.8734875321388245,True,Help_Health,0.8842073082923889,True,Help_Health,0.877841055393219,True
where do i see my beats per minute,Help_HeartRate,Help_HearingCareAnywhereConnect,0.16807200014591217,False,Default Fallback Intent,0.27404695749282837,False,Default Fallback Intent,0.18457110226154327,False
can you hearing aid volume on,Cmd.VolumeUnmute,Cmd.VolumeUnmute,0.701313316822052,True,Cmd.VolumeUnmute,0.6606132388114929,True,Cmd.VolumeUnmute,0.6539903879165649,True
how long have i been exercising,Cmd.ActivityExercise,Cmd.ActivityCycle,0.39165377616882324,False,Cmd.ActivityCycle,0.428102046251297,False,Cmd.ActivityCycle,0.45054998993873596,False
please change program to everyday,Cmd.MemoryChange,Cmd.MemoryChange,0.9468838572502136,True,Cmd.MemoryChange,0.9658695459365845,True,Cmd.MemoryChange,0.9547043442726135,True
how do i adjust my loudness of the tinnitus stimulus in the aids?,Help_Tinnitus,Help_Tinnitus,0.9624764919281006,True,Help_Tinnitus,0.9656140804290771,True,Help_Tinnitus,0.9646509885787964,True
volume down,Cmd.VolumeDecrease,Cmd.VolumeDecrease,0.8993608951568604,True,Cmd.VolumeDecrease,0.9010356068611145,True,Cmd.VolumeDecrease,0.8946896195411682,True
unmute everything,Cmd.VolumeUnmute,Cmd.VolumeUnmute,0.8475270867347717,True,Cmd.VolumeUnmute,0.8230689167976379,True,Cmd.VolumeUnmute,0.8285664319992065,True
show me tinnitus settings,Help_Tinnitus,Help_Tinnitus,0.7743915915489197,True,Help_Tinnitus,0.7857210040092468,True,Help_Tinnitus,0.7695547938346863,True
make it quieter,Cmd.VolumeDecrease,Cmd.VolumeIncrease,0.5308530330657959,False,Cmd.VolumeIncrease,0.49734172224998474,False,Cmd.VolumeIncrease,0.49362704157829285,False
lhs lhs,Default Fallback Intent,Default Fallback Intent,0.9477351903915405,True,Default Fallback Intent,0.9746719598770142,True,Default Fallback Intent,0.9593008160591125,True
please so it goes back it goes back to the memory or in,Default Fallback Intent,Default Fallback Intent,0.7188481092453003,True,Default Fallback Intent,0.8722690343856812,True,Default Fallback Intent,0.8022146224975586,True
how do i start streaming from my tv streamer?,Help_Accessories,Help_Accessories,0.9748072028160095,True,Help_Accessories,0.9785889387130737,True,Help_Accessories,0.9765317440032959,True
log my exercise session,Cmd.ActivityExercise,Cmd.ActivityExercise,0.9306676387786865,True,Cmd.ActivityExercise,0.9337579607963562,True,Cmd.ActivityExercise,0.9297786355018616,True
switch program to auditorium,Cmd.MemoryChange,Cmd.MemoryChange,0.963468074798584,True,Cmd.MemoryChange,0.9810598492622375,True,Cmd.MemoryChange,0.9716139435768127,True
can you set to train memory,Cmd.MemoryChange,Cmd.MemoryChange,0.9254285097122192,True,Cmd.MemoryChange,0.9684831500053406,True,Cmd.MemoryChange,0.9499881267547607,True
can i assign a location to a memory?,Help_MemoryOptions,Help_MemoryOptions,0.8361074924468994,True,Help_MemoryOptions,0.7721025943756104,True,Help_MemoryOptions,0.7986615896224976,True
please set to car program,Cmd.MemoryChange,Cmd.MemoryChange,0.909443736076355,True,Cmd.MemoryChange,0.9410647749900818,True,Cmd.MemoryChange,0.9266189336776733,True
please change to train memory,Cmd.MemoryChange,Cmd.MemoryChange,0.9705819487571716,True,Cmd.MemoryChange,0.9822470545768738,True,Cmd.MemoryChange,0.9756549596786499,True
how does heart rate work?,Help_HeartRate,Help_HeartRate,0.8398973941802979,True,Help_HeartRate,0.8418389558792114,True,Help_HeartRate,0.8272855877876282,True
can you remind me in 15 minutes to go to the bar,reminders.add,reminders.add,0.7877150774002075,True,reminders.add,0.8741788268089294,True,reminders.add,0.8621041774749756,True
how do i insert my right hearing aids into my ears?,Help_InsertDevice,Help_InsertDevice,0.3165993094444275,True,Help_InsertDevice,0.2974475920200348,True,Help_InsertDevice,0.3158245086669922,True
i want to record a run,Cmd.ActivityRun,Cmd.ActivityWalk,0.18686281144618988,False,Default Fallback Intent,0.3592780530452728,False,Default Fallback Intent,0.26953595876693726,False
help with changing memories using the app,Help_ChangingMemories,Help_ChangingMemories,0.9297029972076416,True,Help_ChangingMemories,0.9415619373321533,True,Help_ChangingMemories,0.9438527226448059,True
thrive translate help,Help_Translate,Help_Translate,0.9344531297683716,True,Help_Translate,0.9331344366073608,True,Help_Translate,0.9315431118011475,True
show me demo mode,Help_DemoMode,Help_DemoMode,0.959941565990448,True,Help_DemoMode,0.9565368294715881,True,Help_DemoMode,0.9575626850128174,True
please score of the twins game,Default Fallback Intent,Default Fallback Intent,0.38990917801856995,True,Default Fallback Intent,0.7292606830596924,True,Default Fallback Intent,0.6174996495246887,True
how do i change to a different memory on my aids?,Help_ChangingMemories,Help_ChangingMemories,0.9002518653869629,True,Help_ChangingMemories,0.9051695466041565,True,Help_ChangingMemories,0.9053311944007874,True
volume off,Cmd.VolumeMute,Cmd.VolumeMute,0.7841174006462097,True,Cmd.VolumeMute,0.7688929438591003,True,Cmd.VolumeMute,0.7906683683395386,True
battery left,Cmd.BatteryLevel,Cmd.BatteryLevel,0.8979908227920532,True,Cmd.BatteryLevel,0.8907196521759033,True,Cmd.BatteryLevel,0.8963704109191895,True
can my hearing aids self check,Help_SelfCheck,Help_SelfCheck,0.9270315170288086,True,Help_SelfCheck,0.9245169162750244,True,Help_SelfCheck,0.9256025552749634,True
can you telephone setting,Cmd.MemoryChange,Cmd.MemoryChange,0.9179831147193909,True,Cmd.MemoryChange,0.9582194685935974,True,Cmd.MemoryChange,0.941373348236084,True
remind me about the teacher meeting on friday,reminders.add,reminders.add,0.9248319864273071,True,reminders.add,0.9509838819503784,True,reminders.add,0.9398001432418823,True
please help with tinnitus masker adjustments,Help_Tinnitus,Help_Tinnitus,0.9740455746650696,True,Help_Tinnitus,0.9762803912162781,True,Help_Tinnitus,0.9742816686630249,True
can you set to personal program,Cmd.MemoryChange,Cmd.MemoryChange,0.9681328535079956,True,Cmd.MemoryChange,0.9844152331352234,True,Cmd.MemoryChange,0.9765920042991638,True
how do i stop streaming from the accessories?,Help_Accessories,Help_Accessories,0.9483478665351868,True,Help_Accessories,0.9564973711967468,True,Help_Accessories,0.9500298500061035,True
teach me how to use this,Help_Home,Help_Home,0.20478852093219757,True,Default Fallback Intent,0.2698694169521332,False,Default Fallback Intent,0.19449885189533234,False
can you everyday is exciting,Default Fallback Intent,reminders.add,0.563935399055481,False,Default Fallback Intent,0.5274789929389954,True,reminders.add,0.554969847202301,False
information on the brain score,Help_ThriveScore,Help_ThriveScore,0.9440692067146301,True,Help_ThriveScore,0.9313335418701172,True,Help_ThriveScore,0.9347596764564514,True
what you can check in,Default Fallback Intent,Cmd.TranslationStart,0.7000945210456848,False,Cmd.TranslationStart,0.47430920600891113,False,Cmd.TranslationStart,0.5874593257904053,False
please help with pairing the aids,Help_Pairing,Help_Pairing,0.9716919660568237,True,Help_Pairing,0.976321280002594,True,Help_Pairing,0.9716173410415649,True
switch to speech,Cmd.MemoryChange,Cmd.MemoryChange,0.8980036973953247,True,Cmd.MemoryChange,0.945629894733429,True,Cmd.MemoryChange,0.9197768568992615,True
please set memory to restaurant,Cmd.MemoryChange,Cmd.MemoryChange,0.9606534838676453,True,Cmd.MemoryChange,0.9798932075500488,True,Cmd.MemoryChange,0.9701523780822754,True
can you make volume off,Cmd.VolumeMute,Cmd.VolumeMute,0.700031578540802,True,Cmd.VolumeMute,0.6575078368186951,True,Cmd.VolumeMute,0.7038451433181763,True
can you make my aids listen to the remote microphone,Cmd.StreamingStart,Cmd.StreamingStart,0.8682248592376709,True,Cmd.StreamingStart,0.8657481074333191,True,Cmd.StreamingStart,0.8617751598358154,True
remind me to pick up prescription today at 5 p.m.,reminders.add,reminders.add,0.9847816228866577,True,reminders.add,0.9890949130058289,True,reminders.add,0.9875353574752808,True
remind me to go to the doctor,reminders.add,reminders.add,0.9648158550262451,True,reminders.add,0.9744074940681458,True,reminders.add,0.9720845222473145,True
how many steps until my goal,Cmd.ActivityStep,Cmd.ActivityStep,0.8965893387794495,True,Cmd.ActivityStep,0.8961023092269897,True,Cmd.ActivityStep,0.8957414627075195,True
how do i change my battery?,Help_Battery,Help_Battery,0.7922124266624451,True,Help_Battery,0.7600042819976807,True,Help_Battery,0.772621214389801,True
switch program to two,Cmd.MemoryChange,Cmd.MemoryChange,0.9599403738975525,True,Cmd.MemoryChange,0.9783883690834045,True,Cmd.MemoryChange,0.9685738682746887,True
what do i need to know about this new app?,Help_WhatsNew,Help_Home,0.3006371557712555,False,Help_Home,0.3089196979999542,False,Help_Home,0.3194361627101898,False
steps to pair my devices,Help_Pairing,Help_Pairing,0.4887746572494507,True,Help_Pairing,0.4630736708641052,True,Help_Pairing,0.41606345772743225,True
show help guide for thrive,Help_ThriveScore,Help_MaskMode,0.2700657248497009,False,Help_MaskMode,0.2636122405529022,False,Help_MaskMode,0.24860046803951263,False
can you office memory,Cmd.MemoryChange,Cmd.MemoryChange,0.8734642267227173,True,Cmd.MemoryChange,0.9448206424713135,True,Cmd.MemoryChange,0.913321316242218,True
can you complete reminder,reminders.complete,reminders.complete,0.9056490659713745,True,reminders.complete,0.8642898201942444,True,reminders.complete,0.8768558502197266,True
what does this app do,Help_Home,Help_Home,0.8938604593276978,True,Help_Home,0.9119912981987,True,Help_Home,0.9165881276130676,True
set program to kitchen,Cmd.MemoryChange,Cmd.MemoryChange,0.9775758981704712,True,Cmd.MemoryChange,0.9877464771270752,True,Cmd.MemoryChange,0.9821949601173401,True
how do i use mask mode,Help_MaskMode,Help_MaskMode,0.974445104598999,True,Help_MaskMode,0.9751083850860596,True,Help_MaskMode,0.9737887978553772,True
can you nothing i can share publicly,Default Fallback Intent,Default Fallback Intent,0.6519896984100342,True,Default Fallback Intent,0.8778128027915955,True,Default Fallback Intent,0.7937771081924438,True
check them off like pink lady,Default Fallback Intent,Default Fallback Intent,0.751806378364563,True,Default Fallback Intent,0.907401978969574,True,Default Fallback Intent,0.8466495275497437,True
can you adidas women boots,Default Fallback Intent,Default Fallback Intent,0.41308438777923584,True,Default Fallback Intent,0.5996929407119751,True,Default Fallback Intent,0.48834121227264404,True
please remind me to get groceries every month on the 15th at 1 p.m.,reminders.add,reminders.add,0.9104700684547424,True,reminders.add,0.9061058163642883,True,reminders.add,0.917321503162384,True
bring the audio back,Cmd.VolumeUnmute,Cmd.VolumeDecrease,0.49434706568717957,False,Cmd.VolumeDecrease,0.5396068096160889,False,Cmd.VolumeDecrease,0.513157069683075,False
can you switch memory to golf,Cmd.MemoryChange,Cmd.MemoryChange,0.9495872259140015,True,Cmd.MemoryChange,0.9780779480934143,True,Cmd.MemoryChange,0.9643220901489258,True
can you turn down the volume,Cmd.VolumeDecrease,Cmd.VolumeDecrease,0.9521547555923462,True,Cmd.VolumeDecrease,0.9547786712646484,True,Cmd.VolumeDecrease,0.9544792771339417,True
please switch to telephone,Cmd.MemoryChange,Cmd.MemoryChange,0.8728877305984497,True,Cmd.MemoryChange,0.933901309967041,True,Cmd.MemoryChange,0.9061540961265564,True
can you decrease the right hearing aid,Cmd.VolumeDecrease,Cmd.VolumeDecrease,0.7275769710540771,True,Cmd.VolumeDecrease,0.6252585649490356,True,Cmd.VolumeDecrease,0.6831924319267273,True
what's new in the engage app?,Help_WhatsNew,Help_WhatsNew,0.9473109245300293,True,Help_WhatsNew,0.937868058681488,True,Help_WhatsNew,0.9376895427703857,True
work setting,Cmd.MemoryChange,Cmd.MemoryChange,0.8456092476844788,True,Cmd.MemoryChange,0.9093076586723328,True,Cmd.MemoryChange,0.8781226277351379,True
can you talking about my daughter,Default Fallback Intent,Default Fallback Intent,0.34944748878479004,True,Default Fallback Intent,0.6377375721931458,True,Default Fallback Intent,0.5499218702316284,True
change to quiet memory,Cmd.MemoryChange,Cmd.MemoryChange,0.942111611366272,True,Cmd.MemoryChange,0.9704731702804565,True,Cmd.MemoryChange,0.9556301236152649,True
where do i find my heart rate?,Help_HeartRate,Help_HeartRate,0.8456159830093384,True,Help_HeartRate,0.8494228720664978,True,Help_HeartRate,0.8352233171463013,True
people sound muffled and faint,Cmd.VolumeIncrease,Cmd.VolumeIncrease,0.26643916964530945,True,Default Fallback Intent,0.3549954891204834,False,Default Fallback Intent,0.2759973108768463,False
can you 328 cedar falls,Default Fallback Intent,Default Fallback Intent,0.9555362462997437,True,Default Fallback Intent,0.9816356897354126,True,Default Fallback Intent,0.9698163866996765,True
can you change to television memory,Cmd.MemoryChange,Cmd.MemoryChange,0.7516021132469177,True,Cmd.MemoryChange,0.8897871375083923,True,Cmd.MemoryChange,0.8350722193717957,True
explain when to use mask mode,Help_MaskMode,Help_MaskMode,0.9381815791130066,True,Help_MaskMode,0.9349402189254761,True,Help_MaskMode,0.9317377209663391,True
can you lost phone,Cmd.FindMyPhone,Cmd.FindMyPhone,0.8790937662124634,True,Cmd.FindMyPhone,0.7581762075424194,True,Cmd.FindMyPhone,0.8324543833732605,True
can you generative ai,Default Fallback Intent,Default Fallback Intent,0.4932212829589844,True,Default Fallback Intent,0.7370958924293518,True,Default Fallback Intent,0.6032638549804688,True
can i use a clip on microphone,Help_Accessories,Help_MaskMode,0.2780984044075012,False,Help_MaskMode,0.2158893495798111,False,Help_MaskMode,0.20383454859256744,False
please change memory to meeting,Cmd.MemoryChange,Cmd.MemoryChange,0.9341004490852356,True,Cmd.MemoryChange,0.9664021134376526,True,Cmd.MemoryChange,0.9498769044876099,True
how do i know if i need hearing aids,Default Fallback Intent,Help_VoiceAssistant,0.3465012311935425,False,Help_VoiceAssistant,0.352649986743927,False,Help_VoiceAssistant,0.34955188632011414,False
capture this as a reminder,reminders.add,reminders.add,0.6904142498970032,True,reminders.add,0.7963613867759705,True,reminders.add,0.7791953086853027,True
can you change memory to crowd,Cmd.MemoryChange,Cmd.MemoryChange,0.9409477114677429,True,Cmd.MemoryChange,0.9737100005149841,True,Cmd.MemoryChange,0.9580995440483093,True
why is my left hearing aid not paired,Help_Pairing,Help_Pairing,0.8856572508811951,True,Help_Pairing,0.9053100943565369,True,Help_Pairing,0.8501490950584412,True
how do i switch programs,Help_ChangingMemories,Help_ChangingMemories,0.2258925586938858,True,Help_ChangingMemories,0.23575831949710846,True,Help_ChangingMemories,0.2357340157032013,True
switch program to mask,Cmd.MemoryChange,Cmd.MemoryChange,0.9571681022644043,True,Cmd.MemoryChange,0.977104127407074,True,Cmd.MemoryChange,0.9671030044555664,True
can you i lost my other hearing aid,Help_FindMyHearingAids,Help_FindMyHearingAids,0.8776999115943909,True,Help_FindMyHearingAids,0.8874553442001343,True,Help_FindMyHearingAids,0.876181423664093,True
can you play hank williams junior,Default Fallback Intent,Default Fallback Intent,0.9059478640556335,True,Default Fallback Intent,0.9626718759536743,True,Default Fallback Intent,0.9352334141731262,True
please turn down my right aid,Cmd.VolumeDecrease,Cmd.VolumeDecrease,0.8380346894264221,True,Cmd.VolumeDecrease,0.834621012210846,True,Cmd.VolumeDecrease,0.8066360950469971,True
can you list items not working,Default Fallback Intent,Default Fallback Intent,0.943743884563446,True,Default Fallback Intent,0.9777747392654419,True,Default Fallback Intent,0.9623551368713379,True
what's my power level,Cmd.BatteryLevel,Cmd.BatteryLevel,0.2812405228614807,True,Default Fallback Intent,0.308258593082428,False,Cmd.BatteryLevel,0.24925968050956726,True
can i change the name of my remote mic?,Help_Accessories,Help_Accessories,0.9499021768569946,True,Help_Accessories,0.9507418274879456,True,Help_Accessories,0.9493901133537292,True
can you go up in volume,Cmd.VolumeIncrease,Cmd.VolumeIncrease,0.9350327253341675,True,Cmd.VolumeIncrease,0.9304206371307373,True,Cmd.VolumeIncrease,0.9315860271453857,True
is my aid connected?,Help_Pairing,Help_FindMyHearingAids,0.6330914497375488,False,Help_FindMyHearingAids,0.6691238284111023,False,Help_FindMyHearingAids,0.6856963038444519,False
tell me my messages,Cmd.ListenMessage,Cmd.ActivityExercise,0.2979748249053955,False,Cmd.ActivityExercise,0.25883880257606506,False,Cmd.ActivityExercise,0.27077287435531616,False
switch program to telephone,Cmd.MemoryChange,Cmd.MemoryChange,0.9605121612548828,True,Cmd.MemoryChange,0.9806225299835205,True,Cmd.MemoryChange,0.970012366771698,True
my left aid is missing,Help_FindMyHearingAids,Help_FindMyHearingAids,0.774784505367279,True,Help_FindMyHearingAids,0.7784233093261719,True,Help_FindMyHearingAids,0.7557008862495422,True
switch to quiet program,Cmd.MemoryChange,Cmd.MemoryChange,0.9539881944656372,True,Cmd.MemoryChange,0.9760513305664062,True,Cmd.MemoryChange,0.9642918109893799,True
nudge me to stretch in an hour,reminders.add,reminders.add,0.5435125827789307,True,reminders.add,0.5754217505455017,True,reminders.add,0.5919533967971802,True
please turn the volume down,Cmd.VolumeDecrease,Cmd.VolumeDecrease,0.9487625360488892,True,Cmd.VolumeDecrease,0.9545810222625732,True,Cmd.VolumeDecrease,0.9560001492500305,True
can you switch to noise,Cmd.MemoryChange,Cmd.MemoryChange,0.9627242088317871,True,Cmd.MemoryChange,0.9756787419319153,True,Cmd.MemoryChange,0.9683935046195984,True
remind me to leave at noon,reminders.add,reminders.add,0.9896721839904785,True,reminders.add,0.9924038052558899,True,reminders.add,0.9910921454429626,True
can you change program to automatic,Cmd.MemoryChange,Cmd.MemoryChange,0.9600551724433899,True,Cmd.MemoryChange,0.9796903133392334,True,Cmd.MemoryChange,0.9697863459587097,True
how do i adjust the loudness on my transmitter?,Help_WiCROS,Help_Volume,0.6094542741775513,False,Help_Volume,0.6553667783737183,False,Help_Volume,0.609740138053894,False
how do i turn down the volume in the aids?,Help_Volume,Help_Volume,0.9399604201316833,True,Help_Volume,0.9395184516906738,True,Help_Volume,0.9254022836685181,True
what does the share listening feature do,Help_HearShare,Help_Reminder,0.5853921175003052,False,Help_Reminder,0.5668444633483887,False,Help_Reminder,0.6235052943229675,False
switch to automatic program,Cmd.MemoryChange,Cmd.MemoryChange,0.9454079866409302,True,Cmd.MemoryChange,0.9723783731460571,True,Cmd.MemoryChange,0.9580807089805603,True
what's my calorie burn today,Cmd.ActivityCalories,Cmd.ActivityCalories,0.9348878264427185,True,Cmd.ActivityCalories,0.9299544095993042,True,Cmd.ActivityCalories,0.9266626238822937,True
show my heart rate recovery trend,Help_HeartRateRecovery,Help_HeartRateRecovery,0.92500901222229,True,Help_HeartRateRecovery,0.9262006878852844,True,Help_HeartRateRecovery,0.9337916374206543,True
remember to take medicine next thursday at 4 p.m.,reminders.add,reminders.add,0.7618691921234131,True,reminders.add,0.820126473903656,True,reminders.add,0.8215909600257874,True
how do i delete the hearing aids from the phone?,Help_Pairing,Help_Pairing,0.30831876397132874,True,Help_Pairing,0.3569489121437073,True,Help_Pairing,0.2794114947319031,True
stop the broadcast to my hearing aids,Cmd.StreamingStop,Cmd.StreamingStop,0.8451488614082336,True,Cmd.StreamingStop,0.8293967843055725,True,Cmd.StreamingStop,0.8323671817779541,True
where did i leave my left hearing aid?,Help_FindMyHearingAids,Help_FindMyHearingAids,0.9900652766227722,True,Help_FindMyHearingAids,0.9923577904701233,True,Help_FindMyHearingAids,0.9911991953849792,True
how do i make it louder?,Help_Volume,Cmd.VolumeIncrease,0.41504937410354614,False,Cmd.VolumeIncrease,0.4439709782600403,False,Cmd.VolumeIncrease,0.4548991620540619,False
the noise is pounding my ears,Cmd.VolumeDecrease,Cmd.VolumeDecrease,0.4016634523868561,True,Cmd.VolumeDecrease,0.46361416578292847,True,Cmd.VolumeDecrease,0.4578857421875,True
please reminder user guide,Help_Reminder,Help_Reminder,0.329511433839798,True,reminders.add,0.5189972519874573,False,reminders.add,0.46019411087036133,False
people sound too soft,Cmd.VolumeIncrease,Cmd.VolumeDecrease,0.40746113657951355,False,Cmd.VolumeDecrease,0.4314267039299011,False,Cmd.VolumeDecrease,0.4273746907711029,False
when using my iphone,Default Fallback Intent,Help_ChangingMemories,0.2777917683124542,False,Help_ChangingMemories,0.21548816561698914,False,Help_ChangingMemories,0.24407213926315308,False
can you remind me to have a dinner every sunday at 8 a.m.,reminders.add,reminders.add,0.9762953519821167,True,reminders.add,0.9812628626823425,True,reminders.add,0.9802439212799072,True
i don't understand their foreign language,Cmd.TranslationStart,Cmd.TranslationStart,0.26136308908462524,True,Default Fallback Intent,0.33318960666656494,False,reminders.add,0.29833972454071045,False
please set to office program,Cmd.MemoryChange,Cmd.MemoryChange,0.9590241312980652,True,Cmd.MemoryChange,0.9743349552154541,True,Cmd.MemoryChange,0.9663035869598389,True
what caused the fall of rome,Default Fallback Intent,Help_FallAlert,0.4826749563217163,False,Help_FallAlert,0.39856094121932983,False,Help_FallAlert,0.4549436569213867,False
what does demo mode do,Help_DemoMode,Help_DemoMode,0.9184461832046509,True,Help_DemoMode,0.9166132807731628,True,Help_DemoMode,0.9193488955497742,True
voice assistant help please,Help_VoiceAssistant,Help_VoiceAssistant,0.9114602208137512,True,Help_VoiceAssistant,0.9118236303329468,True,Help_VoiceAssistant,0.9123438000679016,True
what are the main features,Help_Home,Help_Home,0.8796253800392151,True,Help_Home,0.8831167817115784,True,Help_Home,0.8856020569801331,True
outdoors memory,Cmd.MemoryChange,Cmd.MemoryChange,0.8643565773963928,True,Cmd.MemoryChange,0.9311742782592773,True,Cmd.MemoryChange,0.8975186944007874,True
please remind me on thursday,reminders.add,reminders.add,0.955481767654419,True,reminders.add,0.9513099193572998,True,reminders.add,0.9570257067680359,True
switch program to television,Cmd.MemoryChange,Cmd.MemoryChange,0.9272819757461548,True,Cmd.MemoryChange,0.9605117440223694,True,Cmd.MemoryChange,0.9433071613311768,True
please help with white noise adjustments in my aid,Help_Tinnitus,Help_Tinnitus,0.8038708567619324,True,Help_Tinnitus,0.8269810676574707,True,Help_Tinnitus,0.8178662657737732,True
give me so much i don't know it's another problem,Default Fallback Intent,reminders.add,0.37018463015556335,False,Default Fallback Intent,0.38916006684303284,True,reminders.add,0.4296117126941681,False
log a cycling session,Cmd.ActivityCycle,Cmd.ActivityCycle,0.38781702518463135,True,Default Fallback Intent,0.3105376958847046,False,Cmd.ActivityCycle,0.3576374351978302,True
i can't hear very well,Cmd.VolumeIncrease,Help_Transcribe,0.35015588998794556,False,Default Fallback Intent,0.6060882806777954,False,Default Fallback Intent,0.4674118161201477,False
create a daily reminder to take medication at 5 p.m.,reminders.add,reminders.add,0.9534735679626465,True,reminders.add,0.9747955799102783,True,reminders.add,0.9698922634124756,True
please shelley my phone,Default Fallback Intent,Cmd.FindMyPhone,0.7790793776512146,False,Cmd.FindMyPhone,0.5553808808326721,False,Cmd.FindMyPhone,0.6871511340141296,False
how do i diagnose a problem with my aids,Help_SelfCheck,Help_Accessories,0.2561475336551666,False,Help_Accessories,0.27087917923927307,False,Help_Battery,0.24921485781669617,False
what's on the health dashboard,Help_Health,Default Fallback Intent,0.2792922556400299,False,Default Fallback Intent,0.5110856890678406,False,Default Fallback Intent,0.3804234564304352,False
can i improve my heart rate recovery?,Help_HeartRateRecovery,Help_HeartRateRecovery,0.9036635160446167,True,Help_HeartRateRecovery,0.9046840667724609,True,Help_HeartRateRecovery,0.9140886664390564,True
thanks so much,Default Fallback Intent,Cmd.BatteryLevel,0.5839889645576477,False,Cmd.BatteryLevel,0.480791300535202,False,Cmd.BatteryLevel,0.541702151298523,False
can you at home,Default Fallback Intent,reminders.add,0.3607710003852844,False,reminders.add,0.4790359437465668,False,reminders.add,0.47248056530952454,False
car memory,Cmd.MemoryChange,Cmd.MemoryChange,0.9311705231666565,True,Cmd.MemoryChange,0.9585525989532471,True,Cmd.MemoryChange,0.944054126739502,True
we expect an update,Default Fallback Intent,Default Fallback Intent,0.47687262296676636,True,Default Fallback Intent,0.7156845927238464,True,Default Fallback Intent,0.5676334500312805,True
setup reminder,reminders.add,reminders.complete,0.7306197285652161,False,reminders.complete,0.6216281056404114,False,reminders.complete,0.6587180495262146,False
how would i know if an alert text message is canceled?,Help_FallAlert,Help_FallAlert,0.95491623878479,True,Help_FallAlert,0.9386839270591736,True,Help_FallAlert,0.9474571943283081,True
how do i locate my right hearing aid?,Help_FindMyHearingAids,Help_FindMyHearingAids,0.7764837145805359,True,Help_FindMyHearingAids,0.8281531929969788,True,Help_FindMyHearingAids,0.8141094446182251,True
can you set reminder about dog walking repeat it everyday at 9 a.m.,reminders.add,reminders.add,0.8055728673934937,True,reminders.add,0.8862953186035156,True,reminders.add,0.8799254894256592,True
begin a bike ride,Cmd.ActivityCycle,Cmd.BatteryLevel,0.4028107523918152,False,Cmd.BatteryLevel,0.363192081451416,False,Cmd.BatteryLevel,0.3794102072715759,False
can you add reminder for meeting,reminders.add,reminders.add,0.5969367623329163,True,reminders.add,0.7249075770378113,True,reminders.add,0.6890246868133545,True
please i need to unpair my hearing aids from my phone,Help_Pairing,Help_FindMyHearingAids,0.20910586416721344,False,Default Fallback Intent,0.22899465262889862,False,Help_FindMyHearingAids,0.21451999247074127,False
please remember when they are unloading the truck you get exasperated,Default Fallback Intent,Default Fallback Intent,0.9422804117202759,True,Default Fallback Intent,0.9657571315765381,True,Default Fallback Intent,0.948228657245636,True
test drive the app,Help_DemoMode,Cmd.StreamingStop,0.5734219551086426,False,Cmd.StreamingStop,0.5513929724693298,False,Cmd.StreamingStop,0.5868114829063416,False
hey send a message,Cmd.SendMessage,Cmd.SendMessage,0.9799132347106934,True,Cmd.SendMessage,0.9699209928512573,True,Cmd.SendMessage,0.9766594171524048,True
show me my calorie burn,Cmd.ActivityCalories,Cmd.ActivityCalories,0.5740055441856384,True,Cmd.ActivityCalories,0.5462247729301453,True,Cmd.ActivityCalories,0.5313969850540161,True
self check help please,Help_SelfCheck,Help_SelfCheck,0.764906644821167,True,Help_SelfCheck,0.7302321195602417,True,Help_SelfCheck,0.7567444443702698,True
can you turn body off,Default Fallback Intent,Default Fallback Intent,0.7722038626670837,True,Default Fallback Intent,0.9043571352958679,True,Default Fallback Intent,0.8363019824028015,True
explain the program options,Help_MemoryOptions,Help_MemoryOptions,0.5548651814460754,True,Help_MemoryOptions,0.4864276945590973,True,Help_MemoryOptions,0.5176751613616943,True
please help for tele hear,Help_HearingCareAnywhereConnect,Cmd.ActivityCalories,0.3561510443687439,False,Cmd.ActivityCalories,0.31908315420150757,False,Cmd.ActivityCalories,0.34465619921684265,False
what's the model of my aids?,Help_DeviceSettings,Help_DeviceSettings,0.6643929481506348,True,Help_DeviceSettings,0.6504768133163452,True,Help_DeviceSettings,0.6321817636489868,True
please turn on this is my life,Default Fallback Intent,Default Fallback Intent,0.4528248906135559,True,Default Fallback Intent,0.6109200119972229,True,Default Fallback Intent,0.5085752606391907,True
please turn off mute,Cmd.VolumeUnmute,Cmd.VolumeMute,0.5160937309265137,False,Cmd.VolumeMute,0.5123614072799683,False,Cmd.VolumeMute,0.5440787076950073,False
can you i lost my hearing aids. can you help me find them?,Help_FindMyHearingAids,Help_FindMyHearingAids,0.9270469546318054,True,Help_FindMyHearingAids,0.9089487195014954,True,Help_FindMyHearingAids,0.9192010760307312,True
i can't find my right aid,Help_FindMyHearingAids,Help_FindMyHearingAids,0.9888104200363159,True,Help_FindMyHearingAids,0.9888258576393127,True,Help_FindMyHearingAids,0.9867837429046631,True
please switch program to personal,Cmd.MemoryChange,Cmd.MemoryChange,0.9459744095802307,True,Cmd.MemoryChange,0.9696887731552124,True,Cmd.MemoryChange,0.9566910862922668,True
make another reminder,reminders.add,reminders.add,0.549635112285614,True,reminders.add,0.7349278926849365,True,reminders.add,0.6651995778083801,True
what is dnn speech enhancement,Help_IntelliVoice,Help_IntelliVoice,0.9636555314064026,True,Help_IntelliVoice,0.9634308815002441,True,Help_IntelliVoice,0.9599254727363586,True
how do i increase my thrive score?,Help_ThriveScore,Help_ThriveScore,0.9849621057510376,True,Help_ThriveScore,0.9824511408805847,True,Help_ThriveScore,0.9812623858451843,True
transcribe what i'm hearing,Cmd.TranscribeStart,Cmd.TranscribeStart,0.5616933703422546,True,Cmd.TranscribeStart,0.5677777528762817,True,Cmd.TranscribeStart,0.5616847276687622,True
rain. the the app me,Default Fallback Intent,Help_AppSettings,0.303722083568573,False,Help_AppSettings,0.2607852816581726,False,Help_AppSettings,0.26156115531921387,False
how does telehear work,Help_HearingCareAnywhereConnect,Help_WiCROS,0.29130443930625916,False,Default Fallback Intent,0.5560595989227295,False,Default Fallback Intent,0.3899993300437927,False
how do i turn on intellivoice,Help_IntelliVoice,Help_IntelliVoice,0.685713529586792,True,Help_IntelliVoice,0.6914280652999878,True,Help_IntelliVoice,0.6878470778465271,True
stream this to my aids,Cmd.StreamingStart,Cmd.StreamingStart,0.9473358988761902,True,Cmd.StreamingStart,0.948753833770752,True,Cmd.StreamingStart,0.9435659646987915,True
tone the loudness down,Cmd.VolumeDecrease,Cmd.VolumeDecrease,0.8990386724472046,True,Cmd.VolumeDecrease,0.9102219343185425,True,Cmd.VolumeDecrease,0.9054995775222778,True
i need help pairing to the phone,Help_Pairing,Help_Pairing,0.8720174431800842,True,Help_Pairing,0.8733561038970947,True,Help_Pairing,0.8547178506851196,True
remember to vitamin d at 7 p.m. every day,reminders.add,reminders.add,0.8007684350013733,True,reminders.add,0.825770914554596,True,reminders.add,0.8349661231040955,True
do my aids measure bpm,Help_HeartRate,Help_MaskMode,0.3604901134967804,False,Help_MaskMode,0.3235333263874054,False,Help_MaskMode,0.32153305411338806,False
how to do intelligent voice,Help_IntelliVoice,Help_IntelliVoice,0.9303665161132812,True,Help_IntelliVoice,0.9292844533920288,True,Help_IntelliVoice,0.9245542287826538,True
how would i intercept a manual alert text?,Help_FallAlert,Help_FallAlert,0.9672586917877197,True,Help_FallAlert,0.9712041616439819,True,Help_FallAlert,0.9693519473075867,True
can you i've lost my hearing aids,Help_FindMyHearingAids,Help_FindMyHearingAids,0.42689457535743713,True,Help_FindMyHearingAids,0.45073264837265015,True,Help_FindMyHearingAids,0.43419861793518066,True
please help with tinnitus masker adjustments in my hearing aid,Help_Tinnitus,Help_Tinnitus,0.9687818884849548,True,Help_Tinnitus,0.9719843864440918,True,Help_Tinnitus,0.9696903824806213,True
please wish you would have been with me it is so crowded on their john's pass you can't find a parking spot,Default Fallback Intent,Default Fallback Intent,0.9526904225349426,True,Default Fallback Intent,0.9751182794570923,True,Default Fallback Intent,0.9589167833328247,True
how do you calculate the wellness score?,Help_ThriveScore,Help_ThriveScore,0.9783414602279663,True,Help_ThriveScore,0.9506164193153381,True,Help_ThriveScore,0.9627141952514648,True
switch to train memory,Cmd.MemoryChange,Cmd.MemoryChange,0.9351327419281006,True,Cmd.MemoryChange,0.966734766960144,True,Cmd.MemoryChange,0.9500415921211243,True
please volume up left aid,Cmd.VolumeIncrease,Cmd.VolumeIncrease,0.8833984136581421,True,Cmd.VolumeIncrease,0.8950451016426086,True,Cmd.VolumeIncrease,0.8851099014282227,True
well hello,Default Fallback Intent,Default Fallback Intent,0.3332444429397583,True,Default Fallback Intent,0.4990871548652649,True,Default Fallback Intent,0.3967810571193695,True
how do i change options for notification on my hearing aids?,Help_DeviceSettings,Default Fallback Intent,0.21055908501148224,False,Default Fallback Intent,0.41716307401657104,False,Default Fallback Intent,0.3205658793449402,False
can you should i tell him how i feel,Default Fallback Intent,Default Fallback Intent,0.8175495862960815,True,Default Fallback Intent,0.9303279519081116,True,Default Fallback Intent,0.8902779221534729,True
end streaming from the tv,Cmd.StreamingStop,Cmd.StreamingStop,0.7737019658088684,True,Cmd.StreamingStop,0.736570417881012,True,Cmd.StreamingStop,0.7597160339355469,True
can you volume down,Cmd.VolumeDecrease,Cmd.VolumeDecrease,0.9386255145072937,True,Cmd.VolumeDecrease,0.9371964335441589,True,Cmd.VolumeDecrease,0.9373282790184021,True
how long have i been running?,Cmd.ActivityRun,Cmd.ActivityRun,0.2615100145339966,True,Cmd.ActivityRun,0.2944459021091461,True,Cmd.ActivityRun,0.2627347409725189,True
please set to school program,Cmd.MemoryChange,Cmd.MemoryChange,0.950960636138916,True,Cmd.MemoryChange,0.9689434170722961,True,Cmd.MemoryChange,0.959793210029602,True
can you remind me to drink water in 10 minutes,reminders.add,reminders.add,0.9436101317405701,True,reminders.add,0.9580097198486328,True,reminders.add,0.9562983512878418,True
where did i put my hearing aids?,Help_FindMyHearingAids,Help_FindMyHearingAids,0.9724545478820801,True,Help_FindMyHearingAids,0.9775589108467102,True,Help_FindMyHearingAids,0.9725095629692078,True
can you make the volume more on hearing aids,Cmd.VolumeIncrease,Cmd.VolumeIncrease,0.5894601941108704,True,Cmd.VolumeIncrease,0.5789753198623657,True,Cmd.VolumeIncrease,0.5467074513435364,True
switch memory to crowd,Cmd.MemoryChange,Cmd.MemoryChange,0.9524818658828735,True,Cmd.MemoryChange,0.9767121076583862,True,Cmd.MemoryChange,0.9644256234169006,True
a setting for very windy places,Help_EdgeMode,Default Fallback Intent,0.42540881037712097,False,Default Fallback Intent,0.46298542618751526,False,Cmd.MemoryChange,0.4476466774940491,False
can you locate my right hearing aid,Help_FindMyHearingAids,Help_FindMyHearingAids,0.9746782183647156,True,Help_FindMyHearingAids,0.9747640490531921,True,Help_FindMyHearingAids,0.971036434173584,True
"tony's office, i myself india.",Default Fallback Intent,Default Fallback Intent,0.8427737355232239,True,Default Fallback Intent,0.9221050143241882,True,Default Fallback Intent,0.8738648295402527,True
check battery level,Cmd.BatteryLevel,Cmd.BatteryLevel,0.9292907118797302,True,Cmd.BatteryLevel,0.9086123108863831,True,Cmd.BatteryLevel,0.9227865934371948,True
can you switch memory to noise,Cmd.MemoryChange,Cmd.MemoryChange,0.9554148316383362,True,Cmd.MemoryChange,0.9790948033332825,True,Cmd.MemoryChange,0.9671903252601624,True
how to share my information with my wife?,Help_HearShare,Help_HearShare,0.7806151509284973,True,Help_HearShare,0.7850916981697083,True,Help_HearShare,0.7466078400611877,True
please switch to school,Cmd.MemoryChange,Cmd.MemoryChange,0.8894873261451721,True,Cmd.MemoryChange,0.9326839447021484,True,Cmd.MemoryChange,0.913301944732666,True
what can the app do,Help_Home,Help_AppSettings,0.6229028701782227,False,Help_AppSettings,0.6074568629264832,False,Help_AppSettings,0.6004387736320496,False
this mode isn't working for my surroundings,Cmd.MemoryChange,Help_MaskMode,0.410129576921463,False,Help_MaskMode,0.3514111340045929,False,Help_MaskMode,0.35236865282058716,False
locate a restaurant,Default Fallback Intent,Default Fallback Intent,0.26508840918540955,True,Default Fallback Intent,0.4610040783882141,True,Default Fallback Intent,0.32775241136550903,True
shelley my phone,Default Fallback Intent,Cmd.FindMyPhone,0.9505698680877686,False,Cmd.FindMyPhone,0.9079901576042175,False,Cmd.FindMyPhone,0.9404042363166809,False
can you set program to golf,Cmd.MemoryChange,Cmd.MemoryChange,0.9618588089942932,True,Cmd.MemoryChange,0.9808617234230042,True,Cmd.MemoryChange,0.97232586145401,True
i already did that one clear it,reminders.complete,Cmd.ActivityCycle,0.20221200585365295,False,Default Fallback Intent,0.26189595460891724,False,Cmd.ActivityCycle,0.19387099146842957,False
please change memory to number four,Cmd.MemoryChange,Cmd.MemoryChange,0.9341531991958618,True,Cmd.MemoryChange,0.9619500041007996,True,Cmd.MemoryChange,0.9467768669128418,True
can you setup reminder to take medicine at 1 p.m.,reminders.add,reminders.add,0.898746907711029,True,reminders.add,0.9427133202552795,True,reminders.add,0.934584379196167,True
start a run,Cmd.ActivityRun,Cmd.ActivityRun,0.4787270724773407,True,Cmd.ActivityRun,0.4455432891845703,True,Cmd.ActivityRun,0.44633957743644714,True
i got a chica phone if you can find her something right,Default Fallback Intent,Default Fallback Intent,0.8698555827140808,True,Default Fallback Intent,0.9451941847801208,True,Default Fallback Intent,0.9103076457977295,True
"hey spec, hello good stats heart. i didn't get that coverage. but the cardboard that was hanging in the fall.",Default Fallback Intent,Default Fallback Intent,0.941881537437439,True,Default Fallback Intent,0.9734993577003479,True,Default Fallback Intent,0.9624652862548828,True
the sound keeps dropping out,Help_DeviceSettings,Cmd.VolumeDecrease,0.23346644639968872,False,Default Fallback Intent,0.2502332627773285,False,Cmd.VolumeDecrease,0.22286967933177948,False
bring me some quiet,Cmd.VolumeDecrease,Cmd.VolumeDecrease,0.4501356780529022,True,Cmd.VolumeDecrease,0.4639826714992523,True,Cmd.VolumeDecrease,0.43937554955482483,True
turn unmute on,Cmd.VolumeUnmute,Cmd.VolumeUnmute,0.8661389946937561,True,Cmd.VolumeUnmute,0.8207324743270874,True,Cmd.VolumeUnmute,0.834114134311676,True
can you fire on friday,Default Fallback Intent,Default Fallback Intent,0.5597946643829346,True,Default Fallback Intent,0.7195602059364319,True,Default Fallback Intent,0.6087818145751953,True
please add one more to that what does that equal,Default Fallback Intent,Default Fallback Intent,0.5626376271247864,True,Default Fallback Intent,0.7490720748901367,True,Default Fallback Intent,0.6691460609436035,True
please first do you need to do,Default Fallback Intent,Cmd.SendMessage,0.14650453627109528,False,reminders.add,0.23331502079963684,False,reminders.add,0.2305254191160202,False
how do i access my hearing aid memories?,Help_ChangingMemories,Help_MemoryOptions,0.4006149470806122,False,Help_MemoryOptions,0.366478830575943,False,Help_MemoryOptions,0.4244019389152527,False
can you change memory to one,Cmd.MemoryChange,Cmd.MemoryChange,0.8774669766426086,True,Cmd.MemoryChange,0.947025716304779,True,Cmd.MemoryChange,0.9140459299087524,True
i'm in butterbrodt new delhi,Default Fallback Intent,Help_WhatsNew,0.2337656170129776,False,Default Fallback Intent,0.44728246331214905,True,Default Fallback Intent,0.3443446159362793,True
how do i bake bread,Default Fallback Intent,Default Fallback Intent,0.2623404264450073,True,Default Fallback Intent,0.5188506841659546,True,Default Fallback Intent,0.3887443244457245,True
set reminder about dog walking repeat it everyday at 9 a.m.,reminders.add,reminders.add,0.9373327493667603,True,reminders.add,0.9599645733833313,True,reminders.add,0.9538713693618774,True
help understanding mask mode,Help_MaskMode,Help_MaskMode,0.8450381755828857,True,Help_MaskMode,0.8471909761428833,True,Help_MaskMode,0.8414676785469055,True
can you wax build up,Help_CleanCare,Default Fallback Intent,0.627570629119873,False,Default Fallback Intent,0.8305509686470032,False,Default Fallback Intent,0.7411012053489685,False
switch to home program,Cmd.MemoryChange,Cmd.MemoryChange,0.9509550929069519,True,Cmd.MemoryChange,0.9755969643592834,True,Cmd.MemoryChange,0.9628807902336121,True
please set memory to auditorium,Cmd.MemoryChange,Cmd.MemoryChange,0.9481342434883118,True,Cmd.MemoryChange,0.9735756516456604,True,Cmd.MemoryChange,0.9609330296516418,True
where can i see if my hearing aid is working?,Help_SelfCheck,Help_FindMyHearingAids,0.4052616357803345,False,Help_FindMyHearingAids,0.433402955532074,False,Help_FindMyHearingAids,0.4195268154144287,False
locate a bowling alley nearby,Default Fallback Intent,Default Fallback Intent,0.8799725770950317,True,Default Fallback Intent,0.9321954846382141,True,Default Fallback Intent,0.8864068388938904,True
can you change to worship memory,Cmd.MemoryChange,Cmd.MemoryChange,0.8141100406646729,True,Cmd.MemoryChange,0.9274073243141174,True,Cmd.MemoryChange,0.8807438015937805,True
set memory to everyday,Cmd.MemoryChange,Cmd.MemoryChange,0.925011157989502,True,Cmd.MemoryChange,0.9584847688674927,True,Cmd.MemoryChange,0.9409149885177612,True
my telephone my,Default Fallback Intent,Cmd.FindMyPhone,0.5502122640609741,False,Cmd.FindMyPhone,0.5319321751594543,False,Cmd.FindMyPhone,0.5631092190742493,False
please set reminder buy milk on november 11 at 5 p.m.,reminders.add,reminders.add,0.9769324064254761,True,reminders.add,0.9799908399581909,True,reminders.add,0.979401171207428,True
record message,Cmd.SendMessage,Cmd.SendMessage,0.5641376972198486,True,Cmd.SendMessage,0.5544130802154541,True,Cmd.SendMessage,0.5750925540924072,True
can you set to pub memory,Cmd.MemoryChange,Cmd.MemoryChange,0.940680980682373,True,Cmd.MemoryChange,0.9750816822052002,True,Cmd.MemoryChange,0.9600089192390442,True
when would i cancel a manual alert text message?,Help_FallAlert,Help_FallAlert,0.9869521856307983,True,Help_FallAlert,0.9875661134719849,True,Help_FallAlert,0.9871171116828918,True
remind me to drink water later today at 5 p.m.,reminders.add,reminders.add,0.99297696352005,True,reminders.add,0.9939092397689819,True,reminders.add,0.9935204386711121,True
cut the volume a little,Cmd.VolumeDecrease,Cmd.VolumeIncrease,0.4067157208919525,False,Cmd.VolumeIncrease,0.3920815587043762,False,Cmd.VolumeDecrease,0.3952805697917938,True
can you basically,Default Fallback Intent,Default Fallback Intent,0.9648280739784241,True,Default Fallback Intent,0.9844570755958557,True,Default Fallback Intent,0.9723385572433472,True
set program to mute,Cmd.MemoryChange,Cmd.MemoryChange,0.9424039721488953,True,Cmd.MemoryChange,0.9694948196411133,True,Cmd.MemoryChange,0.9558529853820801,True
shoot a message,Cmd.SendMessage,Cmd.SendMessage,0.9574080109596252,True,Cmd.SendMessage,0.9001200795173645,True,Cmd.SendMessage,0.9414655566215515,True
can you remind me to take medicine next thursday at 4 p.m.,reminders.add,reminders.add,0.9619752764701843,True,reminders.add,0.9565659761428833,True,reminders.add,0.9609363079071045,True
can you set program to number two,Cmd.MemoryChange,Cmd.MemoryChange,0.9400851130485535,True,Cmd.MemoryChange,0.9643715620040894,True,Cmd.MemoryChange,0.9529032111167908,True
can you start translation,Cmd.TranslationStart,Cmd.TranslationStart,0.8030114769935608,True,Cmd.TranslationStart,0.8037241697311401,True,Cmd.TranslationStart,0.8235576748847961,True
please help with tinnitus volume adjustment in my hearing aid,Help_Tinnitus,Help_Tinnitus,0.9507731795310974,True,Help_Tinnitus,0.9576125144958496,True,Help_Tinnitus,0.9538199305534363,True
that's the one who's having problems with,Default Fallback Intent,Default Fallback Intent,0.2998482584953308,True,Default Fallback Intent,0.5693637728691101,True,Default Fallback Intent,0.43609657883644104,True
remember to take medicine tomorrow morning,reminders.add,reminders.add,0.9308489561080933,True,reminders.add,0.953684389591217,True,reminders.add,0.9400103092193604,True
please change volume down,Cmd.VolumeDecrease,Cmd.VolumeDecrease,0.581691324710846,True,Cmd.VolumeDecrease,0.5218977332115173,True,Cmd.VolumeDecrease,0.5244243741035461,True
share my hearing aid audio with someone,Help_HearShare,Help_HearShare,0.8339859247207642,True,Help_HearShare,0.8394290208816528,True,Help_HearShare,0.8644390106201172,True
make speech clearer,Cmd.VolumeIncrease,Default Fallback Intent,0.45812496542930603,False,Default Fallback Intent,0.6836728453636169,False,Default Fallback Intent,0.5595632791519165,False
start tracking my aerobics,Cmd.ActivityAerobics,Cmd.ActivityAerobics,0.9582869410514832,True,Cmd.ActivityAerobics,0.960182249546051,True,Cmd.ActivityAerobics,0.9601503610610962,True
where is the hearing aid serial number?,Help_DeviceSettings,Help_DeviceSettings,0.2639784812927246,True,Default Fallback Intent,0.2396102100610733,False,Help_DeviceSettings,0.2526248097419739,True
pairing my aids,Help_Pairing,Help_Pairing,0.968693196773529,True,Help_Pairing,0.9755390882492065,True,Help_Pairing,0.9686993360519409,True
remind me to see the table in 5 minutes,reminders.add,reminders.add,0.9828180074691772,True,reminders.add,0.9860171675682068,True,reminders.add,0.9845888018608093,True
please switch program to pub,Cmd.MemoryChange,Cmd.MemoryChange,0.953001081943512,True,Cmd.MemoryChange,0.9738786816596985,True,Cmd.MemoryChange,0.9625275135040283,True
please turn on the volume,Cmd.VolumeUnmute,Cmd.VolumeUnmute,0.6187702417373657,True,Cmd.VolumeUnmute,0.5596569776535034,True,Cmd.VolumeUnmute,0.5459045171737671,True
i'll see you then you help me,Default Fallback Intent,reminders.add,0.2895500957965851,False,Default Fallback Intent,0.36285507678985596,True,reminders.add,0.3451029658317566,False
please help for transcribe,Help_Transcribe,Help_Transcribe,0.9647848010063171,True,Help_Transcribe,0.9616480469703674,True,Help_Transcribe,0.9637487530708313,True
please set to outdoors memory,Cmd.MemoryChange,Cmd.MemoryChange,0.9342599511146545,True,Cmd.MemoryChange,0.9652929306030273,True,Cmd.MemoryChange,0.9494791030883789,True
is my aid connected to my app?,Help_Pairing,Help_Pairing,0.7450927495956421,True,Help_Pairing,0.8051567077636719,True,Help_Pairing,0.7459558844566345,True
how do i adjust my loudness of the white noise in my aids?,Help_Tinnitus,Help_Tinnitus,0.9096890091896057,True,Help_Tinnitus,0.9249883890151978,True,Help_Tinnitus,0.923784077167511,True
please remember to take medicine today at 5 p.m.,reminders.add,reminders.add,0.9208317995071411,True,reminders.add,0.9305905103683472,True,reminders.add,0.933181643486023,True
how often is recovery measured,Help_HeartRateRecovery,Cmd.VolumeDecrease,0.5614436268806458,False,Cmd.VolumeDecrease,0.592515766620636,False,Cmd.VolumeDecrease,0.5967690944671631,False
please help with changing memories,Help_ChangingMemories,Help_ChangingMemories,0.9323752522468567,True,Help_ChangingMemories,0.9077945351600647,True,Help_ChangingMemories,0.9212183952331543,True
can you set program to four,Cmd.MemoryChange,Cmd.MemoryChange,0.9526686072349548,True,Cmd.MemoryChange,0.9755658507347107,True,Cmd.MemoryChange,0.9647676944732666,True
what does ipro score mean?,Help_ThriveScore,Help_ThriveScore,0.8700284361839294,True,Help_ThriveScore,0.8132319450378418,True,Help_ThriveScore,0.8267307877540588,True
can you did my son accept my hearshare invitation?,Help_HearShare,Help_HearShare,0.8711661696434021,True,Help_HearShare,0.8532108664512634,True,Help_HearShare,0.8386428952217102,True
please set program to home,Cmd.MemoryChange,Cmd.MemoryChange,0.9508820176124573,True,Cmd.MemoryChange,0.9713082909584045,True,Cmd.MemoryChange,0.9607304334640503,True
tell me how charged they are,Cmd.BatteryLevel,Cmd.BatteryLevel,0.35032588243484497,True,Cmd.BatteryLevel,0.3748895227909088,True,Cmd.BatteryLevel,0.40114378929138184,True
please take a break and come back,Default Fallback Intent,Default Fallback Intent,0.4939683973789215,True,Default Fallback Intent,0.6614823341369629,True,Default Fallback Intent,0.5241929888725281,True
can i see my stand goal,Cmd.ActivityStand,Cmd.ActivityStand,0.4657851457595825,True,Cmd.ActivityStand,0.45526987314224243,True,Cmd.ActivityStand,0.49711719155311584,True
please change program to one,Cmd.MemoryChange,Cmd.MemoryChange,0.9560455083847046,True,Cmd.MemoryChange,0.9762383103370667,True,Cmd.MemoryChange,0.9655596017837524,True
battery check please,Cmd.BatteryLevel,Cmd.BatteryLevel,0.8772594332695007,True,Cmd.BatteryLevel,0.8366320133209229,True,Cmd.BatteryLevel,0.8642412424087524,True
drop it down a few clicks,Cmd.VolumeDecrease,Default Fallback Intent,0.5759834051132202,False,Default Fallback Intent,0.7398566007614136,False,Default Fallback Intent,0.6647400259971619,False
please switch memory to gym,Cmd.MemoryChange,Cmd.MemoryChange,0.9499200582504272,True,Cmd.MemoryChange,0.9720767140388489,True,Cmd.MemoryChange,0.9611220359802246,True
what is the volume on my hearing aid automatically go down to nothing,Help_Volume,Help_Volume,0.6043035984039307,True,Help_Volume,0.5504157543182373,True,Help_Volume,0.5365501046180725,True
raise up the volume,Cmd.VolumeIncrease,Cmd.VolumeIncrease,0.9114900827407837,True,Cmd.VolumeIncrease,0.9192605018615723,True,Cmd.VolumeIncrease,0.912006676197052,True
how do i disable sensitivity of the double tap?,Help_DeviceSettings,Help_DeviceSettings,0.8496488928794861,True,Help_DeviceSettings,0.8481121063232422,True,Help_DeviceSettings,0.851572573184967,True
can i go to a different memory?,Help_ChangingMemories,Help_MemoryOptions,0.7814242243766785,False,Help_MemoryOptions,0.7294979095458984,False,Help_MemoryOptions,0.7497424483299255,False
what is in edge mode?,Help_EdgeMode,Help_EdgeMode,0.9675123691558838,True,Help_EdgeMode,0.9657648205757141,True,Help_EdgeMode,0.9653753638267517,True
find my android,Cmd.FindMyPhone,Cmd.FindMyPhone,0.6674548983573914,True,Cmd.FindMyPhone,0.6104708313941956,True,Cmd.FindMyPhone,0.6397092342376709,True
please just like siri,Default Fallback Intent,Default Fallback Intent,0.4897853136062622,True,Default Fallback Intent,0.7374687194824219,True,Default Fallback Intent,0.6236403584480286,True
how to wash hearing aids,Help_CleanCare,Help_SelfCheck,0.6128007769584656,False,Help_SelfCheck,0.6007007956504822,False,Help_SelfCheck,0.6141600608825684,False
move me to the speech in noise mode,Cmd.MemoryChange,Cmd.MemoryChange,0.2871595025062561,True,Cmd.MemoryChange,0.45727935433387756,True,Cmd.MemoryChange,0.42000699043273926,True
that reminder is complete,reminders.complete,reminders.complete,0.973843514919281,True,reminders.complete,0.9721226692199707,True,reminders.complete,0.9731876254081726,True
please remember to work out,reminders.add,reminders.add,0.39063259959220886,True,reminders.add,0.45333653688430786,True,reminders.add,0.4461981952190399,True
please help with intellivoice,Help_IntelliVoice,Help_IntelliVoice,0.9137129783630371,True,Help_IntelliVoice,0.9208667278289795,True,Help_IntelliVoice,0.914707601070404,True
can you switch memory to three,Cmd.MemoryChange,Cmd.MemoryChange,0.9522561430931091,True,Cmd.MemoryChange,0.9763690233230591,True,Cmd.MemoryChange,0.9642103910446167,True
can you show me how long i've stood,Cmd.ActivityStand,Cmd.ActivityStand,0.7366341352462769,True,Cmd.ActivityStand,0.7050380706787109,True,Cmd.ActivityStand,0.7250240445137024,True
can you hold on,Default Fallback Intent,Default Fallback Intent,0.8966910243034363,True,Default Fallback Intent,0.9586981534957886,True,Default Fallback Intent,0.9265974164009094,True
please remind me to watch,reminders.add,reminders.add,0.9886382222175598,True,reminders.add,0.9893116354942322,True,reminders.add,0.9884573817253113,True
let me hear things again,Cmd.VolumeUnmute,Cmd.TranscribeStart,0.42282599210739136,False,Cmd.TranscribeStart,0.39966002106666565,False,Cmd.TranscribeStart,0.4122370183467865,False
can you change memory to two,Cmd.MemoryChange,Cmd.MemoryChange,0.9557898640632629,True,Cmd.MemoryChange,0.9785674214363098,True,Cmd.MemoryChange,0.9675021171569824,True
please i wash them every now and then,Default Fallback Intent,Default Fallback Intent,0.4853786528110504,True,Default Fallback Intent,0.6753105521202087,True,Default Fallback Intent,0.5793575644493103,True
mute on,Cmd.VolumeMute,Cmd.VolumeUnmute,0.7425546646118164,False,Cmd.VolumeUnmute,0.6978458166122437,False,Cmd.VolumeUnmute,0.7142677903175354,False
how much running have i done this month?,Cmd.ActivityRun,Cmd.ActivityRun,0.6018151044845581,True,Cmd.ActivityRun,0.6448842287063599,True,Cmd.ActivityRun,0.6090467572212219,True
can you calories walking,Cmd.ActivityWalk,Cmd.ActivityWalk,0.456531822681427,True,Cmd.ActivityRun,0.43406742811203003,False,Cmd.ActivityRun,0.4213830828666687,False
can you help with the main screen,Help_Home,Help_Home,0.7507120966911316,True,Help_Home,0.7602230310440063,True,Help_Home,0.7561277151107788,True
please turn off toshiba,Default Fallback Intent,Default Fallback Intent,0.6111675500869751,True,Default Fallback Intent,0.8235791921615601,True,Default Fallback Intent,0.7028517127037048,True
remind me to buy movie tickets for friday evening,reminders.add,reminders.add,0.9584002494812012,True,reminders.add,0.9658533334732056,True,reminders.add,0.9625583291053772,True
can you switch to speech,Cmd.MemoryChange,Cmd.MemoryChange,0.9310960173606873,True,Cmd.MemoryChange,0.9611932039260864,True,Cmd.MemoryChange,0.9478949904441833,True
change memory to speech,Cmd.MemoryChange,Cmd.MemoryChange,0.9483155608177185,True,Cmd.MemoryChange,0.9739627838134766,True,Cmd.MemoryChange,0.9608500599861145,True
can you i need help with pairing my aid to the phone,Help_Pairing,Help_Pairing,0.9651663303375244,True,Help_Pairing,0.9664953947067261,True,Help_Pairing,0.9635030031204224,True
can you switch to personal,Cmd.MemoryChange,Cmd.MemoryChange,0.9545816779136658,True,Cmd.MemoryChange,0.974093496799469,True,Cmd.MemoryChange,0.9641300439834595,True
how do i dry my hearing aids,Help_CleanCare,Help_DeviceSettings,0.37821605801582336,False,Help_DeviceSettings,0.3816407322883606,False,Help_DeviceSettings,0.4703986644744873,False
heya,Default Fallback Intent,Default Fallback Intent,0.8844526410102844,True,Default Fallback Intent,0.9458637237548828,True,Default Fallback Intent,0.9064242243766785,True
how do i set up auto streaming?,Help_DeviceSettings,Help_Accessories,0.45206907391548157,False,Help_Accessories,0.4633791446685791,False,Help_Accessories,0.43603944778442383,False
could you compose a message,Cmd.SendMessage,Cmd.SendMessage,0.6929294466972351,True,Cmd.SendMessage,0.4600255489349365,True,Cmd.SendMessage,0.5840942859649658,True
can you play i'm carrying it,Default Fallback Intent,Cmd.ListenMessage,0.8526199460029602,False,Cmd.ListenMessage,0.7636033892631531,False,Cmd.ListenMessage,0.8151881694793701,False
recover iphone,Cmd.FindMyPhone,Default Fallback Intent,0.35466885566711426,False,Default Fallback Intent,0.5352287888526917,False,Default Fallback Intent,0.41016170382499695,False
sync car bluetooth to hearing aid,Help_Pairing,Help_Pairing,0.88926762342453,True,Help_Pairing,0.8884502053260803,True,Help_Pairing,0.862593412399292,True
amplify the sound a bit,Cmd.VolumeIncrease,Cmd.VolumeDecrease,0.33974215388298035,False,Cmd.VolumeDecrease,0.3205931782722473,False,Cmd.VolumeDecrease,0.3268123269081116,False
using the app without aids connected,Help_DemoMode,Help_DemoMode,0.4573010504245758,True,Help_DemoMode,0.367967426776886,True,Help_DemoMode,0.37007471919059753,True
i need a reminder set,reminders.add,reminders.add,0.8569736480712891,True,reminders.add,0.9191210269927979,True,reminders.add,0.8930268883705139,True
please turn off alarm,Default Fallback Intent,Cmd.VolumeMute,0.6299223303794861,False,Cmd.VolumeMute,0.5244666934013367,False,Cmd.VolumeMute,0.6042820811271667,False
where is italy located,Default Fallback Intent,Default Fallback Intent,0.46367448568344116,True,Default Fallback Intent,0.7038039565086365,True,Default Fallback Intent,0.5576208829879761,True
can you change program to number one,Cmd.MemoryChange,Cmd.MemoryChange,0.8900634050369263,True,Cmd.MemoryChange,0.9447079300880432,True,Cmd.MemoryChange,0.9194294810295105,True
how to share hearing aid information with my daughter?,Help_HearShare,Help_HearShare,0.9286739826202393,True,Help_HearShare,0.9277893900871277,True,Help_HearShare,0.9325394034385681,True
can you switch memory to crowd,Cmd.MemoryChange,Cmd.MemoryChange,0.9536168575286865,True,Cmd.MemoryChange,0.9785813689231873,True,Cmd.MemoryChange,0.9663695693016052,True
and how do you think we can resolve that,Default Fallback Intent,Default Fallback Intent,0.7893471717834473,True,Default Fallback Intent,0.9203681349754333,True,Default Fallback Intent,0.8743147850036621,True
can you set to everyday program,Cmd.MemoryChange,Cmd.MemoryChange,0.9229061603546143,True,Cmd.MemoryChange,0.960446834564209,True,Cmd.MemoryChange,0.942572295665741,True
what features were just added,Help_WhatsNew,Help_Home,0.4177163541316986,False,Help_Home,0.4358326196670532,False,Help_Home,0.45378604531288147,False
guide me on the cros feature,Help_WiCROS,Help_HeartRateRecovery,0.4709256589412689,False,Help_HeartRateRecovery,0.4731924533843994,False,Help_HeartRateRecovery,0.49063143134117126,False
how do i replace the wax filter,Help_CleanCare,Help_DeviceSettings,0.13953030109405518,False,Default Fallback Intent,0.30030378699302673,False,Default Fallback Intent,0.2058999091386795,False
can you restaurant memory,Cmd.MemoryChange,Cmd.MemoryChange,0.854289710521698,True,Cmd.MemoryChange,0.9328017830848694,True,Cmd.MemoryChange,0.8931639194488525,True
change to restaurant,Cmd.MemoryChange,Cmd.MemoryChange,0.9361832141876221,True,Cmd.MemoryChange,0.9627935290336609,True,Cmd.MemoryChange,0.9495306015014648,True
how much power do i have,Cmd.BatteryLevel,Cmd.BatteryLevel,0.7243971228599548,True,Cmd.BatteryLevel,0.753882646560669,True,Cmd.BatteryLevel,0.7481389045715332,True
i forgot all about looks thank you for reminding me,Default Fallback Intent,Default Fallback Intent,0.9602528810501099,True,Default Fallback Intent,0.9731941819190979,True,Default Fallback Intent,0.9603067636489868,True
set to restaurant memory,Cmd.MemoryChange,Cmd.MemoryChange,0.9467881917953491,True,Cmd.MemoryChange,0.9749593734741211,True,Cmd.MemoryChange,0.9600215554237366,True
can you switch to automatic memory,Cmd.MemoryChange,Cmd.MemoryChange,0.9193356037139893,True,Cmd.MemoryChange,0.9651960730552673,True,Cmd.MemoryChange,0.9443227648735046,True
