text,expected,v2_predicted,v2_confidence,v2_top2,v2_top2_confidence,v3_predicted,v3_confidence,v3_top2,v3_top2_confidence,v2_correct,v3_correct
switch my hearing aid to the restaurant program,device.memory.change,device.memory.change,0.9837523698806763,device.volume.increase,0.0036419688258320093,device.memory.change,0.9768597483634949,device.volume.increase,0.005034702364355326,True,True
put my hearing aids into the phone setting,device.memory.change,device.memory.change,0.8906317949295044,find.phone.locate,0.04452638328075409,device.memory.change,0.8334454894065857,device.volume.mute,0.05633160471916199,True,True
change the current hearing program to music,device.memory.change,device.memory.change,0.9833838939666748,device.volume.increase,0.0039858827367424965,device.memory.change,0.9753325581550598,device.volume.increase,0.005379433743655682,True,True
use my outdoor hearing setting,device.memory.change,device.memory.change,0.9855255484580994,streaming.session.start,0.0022105469834059477,device.memory.change,0.976475179195404,device.volume.decrease,0.0038602936547249556,True,True
move to the television listening program,device.memory.change,device.memory.change,0.9377090334892273,streaming.session.start,0.03815522417426109,device.memory.change,0.9102234840393066,streaming.session.start,0.05605892837047577,True,True
change which hearing aid program is active,device.memory.change,device.memory.change,0.9266157746315002,help.reminder.show,0.02632216364145279,device.memory.change,0.9196352958679199,help.reminder.show,0.022316064685583115,True,True
switch from my current hearing mode to the phone mode,device.memory.change,device.memory.change,0.8540442585945129,streaming.session.stop,0.06601584702730179,device.memory.change,0.8252740502357483,streaming.session.stop,0.07583580166101456,True,True
select a different hearing profile,device.memory.change,device.memory.change,0.9902778267860413,device.volume.increase,0.002329530892893672,device.memory.change,0.982697069644928,device.volume.increase,0.004030069801956415,True,True
change the hearing setting i'm using now,device.memory.change,device.memory.change,0.9747231602668762,device.volume.increase,0.005962654482573271,device.memory.change,0.9658794403076172,device.volume.increase,0.0078064147382974625,True,True
put the devices into the program i use for conversations,device.memory.change,device.memory.change,0.9386996626853943,streaming.session.stop,0.012880474328994751,device.memory.change,0.8822149634361267,device.volume.mute,0.048836201429367065,True,True
switch the active memory on my hearing aids,device.memory.change,device.memory.change,0.9514481425285339,device.volume.mute,0.012803011573851109,device.memory.change,0.8990763425827026,device.volume.mute,0.05003384128212929,True,True
choose another hearing aid environment,device.memory.change,device.memory.change,0.4941222667694092,device.volume.increase,0.3500096797943115,device.memory.change,0.4001498520374298,device.volume.increase,0.31560999155044556,True,True
move my hearing aids to the music profile,device.memory.change,streaming.session.start,0.7222520709037781,device.memory.change,0.11270149052143097,streaming.session.start,0.6715952157974243,device.volume.mute,0.1471853405237198,False,False
change the program for my hearing aids,device.memory.change,device.memory.change,0.9724145531654358,device.volume.unmute,0.005206459201872349,device.memory.change,0.9540674090385437,device.volume.mute,0.014319474808871746,True,True
select the telephone hearing program,device.memory.change,device.memory.change,0.9435784816741943,find.phone.locate,0.018638234585523605,device.memory.change,0.9394403100013733,find.phone.locate,0.013954346999526024,True,True
switch to my custom hearing setting,device.memory.change,device.memory.change,0.9825598001480103,device.volume.increase,0.0035623779986053705,device.memory.change,0.9759147763252258,device.volume.increase,0.004332693759351969,True,True
change the active hearing memory,device.memory.change,device.memory.change,0.9802477955818176,device.volume.unmute,0.004788528196513653,device.memory.change,0.9713270664215088,device.volume.unmute,0.006543414667248726,True,True
put my hearing aids in the program for watching tv,device.memory.change,device.memory.change,0.9086936116218567,device.volume.mute,0.03863178938627243,device.memory.change,0.7454113960266113,device.volume.mute,0.1665562093257904,True,True
use a different hearing profile right now,device.memory.change,device.memory.change,0.9798077344894409,device.volume.increase,0.0058290534652769566,device.memory.change,0.9656469821929932,device.volume.increase,0.009149094112217426,True,True
switch my devices to another listening mode,device.memory.change,device.memory.change,0.8973084092140198,streaming.session.stop,0.04674424231052399,device.memory.change,0.8451842069625854,streaming.session.stop,0.05698199197649956,True,True
change the memory currently selected,device.memory.change,device.memory.change,0.9687870740890503,help.reminder.show,0.008371887728571892,device.memory.change,0.9635313749313354,device.volume.unmute,0.006961522623896599,True,True
move to my conversation program,device.memory.change,device.memory.change,0.9847307205200195,device.volume.increase,0.002777442568913102,device.memory.change,0.9790535569190979,device.volume.increase,0.004146660212427378,True,True
select the hearing mode for noisy places,device.memory.change,device.memory.change,0.939484179019928,device.volume.increase,0.04056801646947861,device.memory.change,0.864578127861023,device.volume.increase,0.08816719800233841,True,True
switch the hearing aids to my preferred program,device.memory.change,device.memory.change,0.9672754406929016,device.volume.unmute,0.008172855712473392,device.memory.change,0.9487709999084473,device.volume.mute,0.013591955415904522,True,True
change the current listening profile,device.memory.change,device.memory.change,0.9889883399009705,device.volume.increase,0.00375571520999074,device.memory.change,0.9825404286384583,device.volume.increase,0.005143221467733383,True,True
activate another hearing program,device.memory.change,device.memory.change,0.9832301735877991,streaming.session.start,0.0029295964632183313,device.memory.change,0.9749709367752075,streaming.session.start,0.0041451831348240376,True,True
put the hearing aids on the setting i use outdoors,device.memory.change,device.memory.change,0.9626070261001587,device.volume.unmute,0.007638456765562296,device.memory.change,0.931918740272522,device.volume.mute,0.023120680823922157,True,True
switch to the program for phone calls,device.memory.change,device.memory.change,0.9789911508560181,find.phone.locate,0.004779865499585867,device.memory.change,0.9715476036071777,find.phone.locate,0.005027278792113066,True,True
change which memory my hearing aids are using,device.memory.change,device.memory.change,0.9294660687446594,help.reminder.show,0.023609064519405365,device.memory.change,0.924358606338501,help.reminder.show,0.01831933483481407,True,True
select a different sound program,device.memory.change,device.memory.change,0.9841023087501526,device.volume.mute,0.002770549850538373,device.memory.change,0.9684595465660095,device.volume.mute,0.010302784852683544,True,True
move from this hearing program to another one,device.memory.change,device.memory.change,0.985846221446991,device.volume.decrease,0.002074080752208829,device.memory.change,0.9677441716194153,device.volume.decrease,0.008520275354385376,True,True
change my current device setting,device.memory.change,device.memory.change,0.9908279180526733,device.volume.increase,0.002295873360708356,device.memory.change,0.9870786666870117,device.volume.increase,0.002835613675415516,True,True
switch to my tv listening profile,device.memory.change,device.memory.change,0.918452799320221,streaming.session.stop,0.02942865900695324,device.memory.change,0.8862195611000061,streaming.session.stop,0.04559621587395668,True,True
activate the restaurant hearing program,device.memory.change,device.memory.change,0.984379768371582,device.volume.increase,0.002536370884627104,device.memory.change,0.9797795414924622,device.volume.increase,0.003420168999582529,True,True
choose another memory for the hearing aids,device.memory.change,device.memory.change,0.9478627443313599,device.volume.mute,0.011458080261945724,device.memory.change,0.8894540071487427,device.volume.mute,0.04465753212571144,True,True
change the listening environment setting,device.memory.change,device.memory.change,0.9851247072219849,device.volume.increase,0.0035203974694013596,device.memory.change,0.9781177639961243,device.volume.decrease,0.004786631092429161,True,True
switch my hearing aids into telephone mode,device.memory.change,device.memory.change,0.9300110936164856,find.phone.locate,0.017947686836123466,device.memory.change,0.9054220914840698,streaming.session.stop,0.021111486479640007,True,True
select my music hearing profile,device.memory.change,streaming.session.start,0.8890281915664673,device.memory.change,0.06610922515392303,streaming.session.start,0.8772257566452026,device.memory.change,0.06024043634533882,False,False
move to a different hearing memory,device.memory.change,device.memory.change,0.9933723211288452,device.volume.increase,0.0012020778376609087,device.memory.change,0.9901374578475952,device.volume.increase,0.0017635055119171739,True,True
change the program that is active,device.memory.change,device.memory.change,0.9766440987586975,streaming.session.stop,0.0035042560193687677,device.memory.change,0.9712046384811401,device.volume.decrease,0.004625785630196333,True,True
switch the devices to another acoustic setting,device.memory.change,device.memory.change,0.9729160666465759,device.volume.increase,0.006161736324429512,device.memory.change,0.9538257122039795,device.volume.mute,0.0112437279894948,True,True
choose the hearing program i need now,device.memory.change,device.memory.change,0.982235312461853,device.volume.increase,0.005245481617748737,device.memory.change,0.9680832624435425,device.volume.increase,0.008075068704783916,True,True
change from the current memory to my outdoor one,device.memory.change,device.memory.change,0.9835608005523682,device.volume.increase,0.0035445080138742924,device.memory.change,0.975324809551239,device.volume.increase,0.004543738439679146,True,True
activate my conversation setting,device.memory.change,device.memory.change,0.9279413223266602,streaming.session.start,0.04455466940999031,device.memory.change,0.9461885690689087,streaming.session.start,0.027740389108657837,True,True
switch the current hearing profile,device.memory.change,device.memory.change,0.976920485496521,device.volume.increase,0.006558126769959927,device.memory.change,0.9547321796417236,device.volume.mute,0.01344285812228918,True,True
pick another program for my hearing aids,device.memory.change,device.memory.change,0.958939254283905,streaming.session.start,0.009834113530814648,device.memory.change,0.9223635792732239,device.volume.mute,0.020621351897716522,True,True
change the active memory setting,device.memory.change,device.memory.change,0.9884219765663147,device.volume.increase,0.0016374824335798621,device.memory.change,0.9842174053192139,device.volume.decrease,0.002644988941028714,True,True
put the devices into a different listening program,device.memory.change,device.memory.change,0.9569212198257446,device.volume.mute,0.010898075997829437,device.memory.change,0.899176836013794,device.volume.mute,0.03871660307049751,True,True
switch to another hearing environment,device.memory.change,device.memory.change,0.9826509356498718,device.volume.increase,0.004565512295812368,device.memory.change,0.9718376398086548,device.volume.unmute,0.006787133868783712,True,True
select the phone program on my hearing aids,device.memory.change,device.memory.change,0.7903910875320435,find.phone.locate,0.06809014081954956,device.memory.change,0.7118701338768005,device.volume.mute,0.06523730605840683,True,True
change my hearing aids from the current program,device.memory.change,device.memory.change,0.9604310989379883,device.volume.increase,0.009170441888272762,device.memory.change,0.9251365065574646,device.volume.mute,0.026387052610516548,True,True
activate a different hearing profile,device.memory.change,device.memory.change,0.9874441027641296,device.volume.increase,0.00275152875110507,device.memory.change,0.9790944457054138,device.volume.increase,0.004261601250618696,True,True
switch the listening memory to another option,device.memory.change,device.memory.change,0.9638670086860657,streaming.session.stop,0.008107212372124195,device.memory.change,0.9539830088615417,device.volume.mute,0.00899456162005663,True,True
make the sound a little softer,device.volume.decrease,device.volume.decrease,0.9908323884010315,reminders.task.create,0.0023756639566272497,device.volume.decrease,0.9873120784759521,reminders.task.create,0.003479806939139962,True,True
lower what i'm hearing without silencing it,device.volume.decrease,device.volume.decrease,0.6642537117004395,device.volume.increase,0.15955254435539246,device.volume.decrease,0.9873968958854675,streaming.session.stop,0.00194971589371562,True,True
"the hearing aids are too loud, turn them down",device.volume.decrease,device.volume.decrease,0.9371836185455322,device.volume.increase,0.036148086190223694,device.volume.decrease,0.9810927510261536,device.volume.increase,0.007507363334298134,True,True
reduce the audio level slightly,device.volume.decrease,device.volume.decrease,0.9903733730316162,streaming.session.stop,0.0021028921473771334,device.volume.decrease,0.9899914264678955,streaming.session.stop,0.0016358280554413795,True,True
i need less volume but i still want to hear,device.volume.decrease,device.volume.decrease,0.9664066433906555,device.volume.increase,0.009951353073120117,device.volume.decrease,0.9684931039810181,streaming.session.start,0.0077000753954052925,True,True
make the sound quieter,device.volume.decrease,device.volume.decrease,0.9946178793907166,device.volume.increase,0.0008736441377550364,device.volume.decrease,0.9932683110237122,reminders.task.create,0.0010633685160428286,True,True
bring the volume down a notch,device.volume.decrease,device.volume.decrease,0.9892020225524902,streaming.session.stop,0.0020358741749078035,device.volume.decrease,0.9872046709060669,reminders.task.create,0.0022978174965828657,True,True
turn the audio down a little,device.volume.decrease,device.volume.decrease,0.9830544590950012,device.memory.change,0.0034417808055877686,device.volume.decrease,0.9850537180900574,streaming.session.stop,0.0023108948953449726,True,True
reduce how loud the hearing aids are,device.volume.decrease,device.volume.decrease,0.9889834523200989,help.reminder.show,0.0018390939803794026,device.volume.decrease,0.9907885193824768,device.volume.mute,0.0013341456651687622,True,True
make everything less loud,device.volume.decrease,device.volume.decrease,0.992024302482605,device.memory.change,0.0019198593217879534,device.volume.decrease,0.9910492897033691,device.memory.change,0.0015957371797412634,True,True
drop the listening level slightly,device.volume.decrease,device.volume.decrease,0.974585235118866,streaming.session.stop,0.009647786617279053,device.volume.decrease,0.984943151473999,streaming.session.stop,0.004417297430336475,True,True
"the sound is too strong, lower it",device.volume.decrease,device.volume.decrease,0.9785328507423401,device.volume.increase,0.013490120880305767,device.volume.decrease,0.9902334213256836,device.volume.increase,0.0027443752624094486,True,True
give me a softer volume,device.volume.decrease,device.volume.decrease,0.9898481965065002,reminders.task.create,0.002780454931780696,device.volume.decrease,0.987171471118927,reminders.task.create,0.003609998384490609,True,True
turn down the hearing level,device.volume.decrease,device.volume.decrease,0.9946841597557068,device.memory.change,0.0008318115724250674,device.volume.decrease,0.9931118488311768,device.memory.change,0.0008767444523982704,True,True
reduce the loudness but keep the sound on,device.volume.decrease,device.volume.decrease,0.9844303727149963,help.reminder.show,0.00319777918048203,device.volume.decrease,0.9865562915802002,reminders.task.create,0.0023231059312820435,True,True
make my hearing aids quieter,device.volume.decrease,device.volume.decrease,0.9910948276519775,help.reminder.show,0.0014264266937971115,device.volume.decrease,0.9906933903694153,streaming.session.start,0.0013075898168608546,True,True
lower the current volume,device.volume.decrease,device.volume.decrease,0.9948481321334839,device.volume.increase,0.0009222147637046874,device.volume.decrease,0.994106650352478,device.volume.increase,0.00092013378161937,True,True
take the volume down a bit,device.volume.decrease,device.volume.decrease,0.9935302138328552,device.volume.increase,0.0011982758296653628,device.volume.decrease,0.991662859916687,reminders.task.create,0.0015201971400529146,True,True
the audio is too loud for me,device.volume.decrease,device.volume.decrease,0.947261393070221,device.volume.increase,0.03676893189549446,device.volume.decrease,0.9651234745979309,device.volume.increase,0.021803688257932663,True,True
soften the sound coming through the devices,device.volume.decrease,device.volume.decrease,0.9745447039604187,device.volume.mute,0.004790506325662136,device.volume.decrease,0.9773756265640259,device.volume.mute,0.004559221677482128,True,True
reduce the hearing aid volume,device.volume.decrease,device.volume.decrease,0.9944056272506714,device.volume.increase,0.0010543419048190117,device.volume.decrease,0.99347984790802,device.volume.increase,0.0011066332226619124,True,True
turn the sound lower,device.volume.decrease,device.volume.decrease,0.9924880266189575,reminders.task.complete,0.001048858161084354,device.volume.decrease,0.9912804961204529,reminders.task.complete,0.0011851266026496887,True,True
make the audio less intense,device.volume.decrease,device.volume.decrease,0.9771190285682678,streaming.session.start,0.007422138471156359,device.volume.decrease,0.9877417087554932,streaming.session.start,0.00293706264346838,True,True
i want the volume reduced,device.volume.decrease,device.volume.decrease,0.9915231466293335,streaming.session.stop,0.00196363334544003,device.volume.decrease,0.9910066723823547,streaming.session.stop,0.001426244038157165,True,True
bring the sound level down,device.volume.decrease,device.volume.decrease,0.9943696856498718,reminders.task.complete,0.0007068017730489373,device.volume.decrease,0.9922499656677246,streaming.session.start,0.0010287194745615125,True,True
make it quieter while keeping audio available,device.volume.decrease,device.volume.decrease,0.9710637331008911,help.reminder.show,0.005941626150161028,device.volume.decrease,0.9833614230155945,device.volume.mute,0.002888113260269165,True,True
lower the output a little,device.volume.decrease,device.volume.decrease,0.9927876591682434,streaming.session.stop,0.0012484891340136528,device.volume.decrease,0.9916822910308838,streaming.session.stop,0.0012828188482671976,True,True
reduce the current listening volume,device.volume.decrease,device.volume.decrease,0.9903113842010498,streaming.session.stop,0.0020673596300184727,device.volume.decrease,0.9905530214309692,streaming.session.stop,0.0015175367007032037,True,True
turn the hearing aids down,device.volume.decrease,device.volume.decrease,0.9899939894676208,device.memory.change,0.0018409494077786803,device.volume.decrease,0.9897364377975464,streaming.session.start,0.0013905245577916503,True,True
make the audio more comfortable by lowering it,device.volume.decrease,device.volume.decrease,0.6963377594947815,device.volume.increase,0.17168492078781128,device.volume.decrease,0.9778313636779785,device.volume.increase,0.009008457884192467,True,True
decrease the sound level,device.volume.decrease,device.volume.decrease,0.9946253895759583,device.volume.increase,0.0008374290773645043,device.volume.decrease,0.9926069974899292,streaming.session.start,0.0011066821170970798,True,True
the hearing aids need to be quieter,device.volume.decrease,device.volume.decrease,0.9180372953414917,device.volume.mute,0.018146226182579994,device.volume.decrease,0.9464153051376343,device.volume.mute,0.01252876129001379,True,True
reduce the volume one step,device.volume.decrease,device.volume.decrease,0.9931822419166565,device.volume.increase,0.0010540279326960444,device.volume.decrease,0.9919806718826294,reminders.task.create,0.0012776730582118034,True,True
make the listening level lower,device.volume.decrease,device.volume.decrease,0.993115246295929,device.volume.increase,0.001352221122942865,device.volume.decrease,0.9916926622390747,reminders.task.create,0.001422604196704924,True,True
turn down what i hear,device.volume.decrease,device.volume.decrease,0.9917116165161133,device.memory.change,0.0012458241544663906,device.volume.decrease,0.9907034635543823,streaming.session.stop,0.0013194005005061626,True,True
lower the device volume slightly,device.volume.decrease,device.volume.decrease,0.9923690557479858,device.volume.mute,0.0015400521224364638,device.volume.decrease,0.993247389793396,device.volume.mute,0.0011573971714824438,True,True
the sound is a bit too loud,device.volume.decrease,device.volume.decrease,0.9838396906852722,device.volume.increase,0.009737412445247173,device.volume.decrease,0.987194836139679,device.volume.increase,0.005536150652915239,True,True
bring the audio level down,device.volume.decrease,device.volume.decrease,0.9927969574928284,streaming.session.start,0.001125236740335822,device.volume.decrease,0.9909253120422363,streaming.session.start,0.0013620149111375213,True,True
make the hearing output softer,device.volume.decrease,device.volume.decrease,0.9915662407875061,reminders.task.create,0.0014177816919982433,device.volume.decrease,0.9895806908607483,reminders.task.create,0.0020352343562990427,True,True
reduce how much sound i'm getting,device.volume.decrease,device.volume.decrease,0.7589699029922485,help.reminder.show,0.10052450001239777,device.volume.decrease,0.9761601686477661,help.reminder.show,0.004831965081393719,True,True
turn the volume down without muting,device.volume.decrease,device.volume.decrease,0.9891191720962524,streaming.session.stop,0.0018176755402237177,device.volume.decrease,0.9877932667732239,reminders.task.create,0.0020996571984142065,True,True
give me less sound,device.volume.decrease,device.volume.decrease,0.984015703201294,streaming.session.start,0.004820026457309723,device.volume.decrease,0.9809515476226807,streaming.session.start,0.005377782974392176,True,True
lower the hearing aid output,device.volume.decrease,device.volume.decrease,0.9924387335777283,device.memory.change,0.001187456538900733,device.volume.decrease,0.9923934936523438,device.volume.mute,0.001107737421989441,True,True
quiet the audio somewhat,device.volume.decrease,device.volume.decrease,0.9760189652442932,streaming.session.start,0.007746098563075066,device.volume.decrease,0.9840011596679688,device.volume.mute,0.003642469644546509,True,True
reduce the loudness a little,device.volume.decrease,device.volume.decrease,0.9924236536026001,device.volume.increase,0.001786964712664485,device.volume.decrease,0.9914175271987915,device.volume.increase,0.0016018254682421684,True,True
turn the sound down but leave it audible,device.volume.decrease,device.volume.decrease,0.9879499673843384,reminders.task.complete,0.0022756438702344894,device.volume.decrease,0.9867045879364014,reminders.task.complete,0.002146354177966714,True,True
make my current volume lower,device.volume.decrease,device.volume.decrease,0.9925029277801514,device.volume.increase,0.001516146818175912,device.volume.decrease,0.9920607805252075,device.volume.increase,0.0012749723391607404,True,True
decrease the listening level,device.volume.decrease,device.volume.decrease,0.9928688406944275,streaming.session.stop,0.0012681944062933326,device.volume.decrease,0.9910238981246948,streaming.session.stop,0.0013869329122826457,True,True
take the audio down slightly,device.volume.decrease,device.volume.decrease,0.561085045337677,device.volume.unmute,0.29359960556030273,device.volume.decrease,0.8713365793228149,device.volume.unmute,0.07588532567024231,True,True
make the hearing aids less loud,device.volume.decrease,device.volume.decrease,0.9917905330657959,device.memory.change,0.0016330229118466377,device.volume.decrease,0.9905461072921753,streaming.session.start,0.0018943632021546364,True,True
lower the sound coming from the devices,device.volume.decrease,device.volume.decrease,0.9857990741729736,streaming.session.stop,0.0026016109623014927,device.volume.decrease,0.9861288070678711,device.volume.mute,0.0023057409562170506,True,True
reduce the volume but don't turn it off,device.volume.decrease,device.volume.decrease,0.6547288298606873,streaming.session.stop,0.22134633362293243,device.volume.decrease,0.9659853577613831,streaming.session.stop,0.011070550419390202,True,True
soften the hearing aid output,device.volume.decrease,device.volume.decrease,0.9895852208137512,device.memory.change,0.0018134342972189188,device.volume.decrease,0.9891003966331482,device.volume.mute,0.0018212918657809496,True,True
turn it down just a little,device.volume.decrease,device.volume.decrease,0.9844337701797485,streaming.session.stop,0.003202555701136589,device.volume.decrease,0.9854789972305298,streaming.session.stop,0.002542778616771102,True,True
make the hearing aids louder,device.volume.increase,device.volume.increase,0.9941805601119995,device.volume.decrease,0.001292946981266141,device.volume.increase,0.9933215975761414,device.volume.decrease,0.0014406457776203752,True,True
raise the sound level a little,device.volume.increase,device.volume.increase,0.9923500418663025,device.volume.decrease,0.0018733111210167408,device.volume.increase,0.990165650844574,device.volume.decrease,0.001740200212225318,True,True
i need more volume,device.volume.increase,device.volume.increase,0.9888185858726501,device.volume.decrease,0.007549172267317772,device.volume.increase,0.9804799556732178,device.volume.decrease,0.013618990778923035,True,True
"the audio is too quiet, increase it",device.volume.increase,device.volume.increase,0.9907594919204712,device.volume.decrease,0.002155574504286051,device.volume.increase,0.9907292723655701,device.volume.decrease,0.0025840403977781534,True,True
boost what i'm hearing,device.volume.increase,device.volume.increase,0.9855437278747559,help.reminder.show,0.003183988621458411,device.volume.increase,0.9892327785491943,device.memory.change,0.001976624596863985,True,True
turn the sound up,device.volume.increase,device.volume.increase,0.9854223728179932,device.volume.unmute,0.0022822474129498005,device.volume.increase,0.9872797727584839,device.memory.change,0.0015417193062603474,True,True
make everything louder,device.volume.increase,device.volume.increase,0.993135929107666,device.volume.decrease,0.0014677526196464896,device.volume.increase,0.9926918148994446,device.volume.decrease,0.001497757970355451,True,True
give me a stronger listening level,device.volume.increase,device.volume.decrease,0.6149201393127441,device.volume.increase,0.20084543526172638,device.volume.decrease,0.7231791019439697,device.volume.increase,0.12501931190490723,False,False
raise the hearing aid volume,device.volume.increase,device.volume.increase,0.9935067892074585,device.volume.decrease,0.0010924864327535033,device.volume.increase,0.992602527141571,device.volume.decrease,0.0011470199096947908,True,True
the sound needs to be louder,device.volume.increase,device.volume.increase,0.9832161068916321,reminders.task.create,0.003555834526196122,device.volume.increase,0.984478771686554,reminders.task.create,0.0031551411375403404,True,True
increase the audio output,device.volume.increase,device.volume.increase,0.9894357919692993,device.memory.change,0.0022070978302508593,device.volume.increase,0.9894236922264099,device.memory.change,0.0020316150039434433,True,True
bring the volume up a notch,device.volume.increase,device.volume.increase,0.9907622933387756,device.volume.decrease,0.0015411684289574623,device.volume.increase,0.9887955188751221,device.volume.decrease,0.0020724530331790447,True,True
make the hearing output stronger,device.volume.increase,device.volume.increase,0.6311420798301697,device.memory.change,0.15337137877941132,device.volume.increase,0.7610320448875427,device.volume.unmute,0.08248014003038406,True,True
turn up what i hear,device.volume.increase,device.volume.increase,0.9852574467658997,help.reminder.show,0.0027411554474383593,device.volume.increase,0.9861887097358704,device.memory.change,0.0022259473334997892,True,True
add a little more volume,device.volume.increase,device.volume.increase,0.9805214405059814,device.volume.decrease,0.009718499146401882,device.volume.increase,0.9771522879600525,device.volume.decrease,0.011021115817129612,True,True
raise the listening level,device.volume.increase,device.volume.increase,0.9911823272705078,device.volume.decrease,0.0015424673911184072,device.volume.increase,0.9888476133346558,device.memory.change,0.0018175005679950118,True,True
"i can barely hear, make it louder",device.volume.increase,device.volume.increase,0.990872323513031,device.volume.decrease,0.0018374063074588776,device.volume.increase,0.9902732968330383,device.volume.decrease,0.0022111600264906883,True,True
increase the loudness,device.volume.increase,device.volume.increase,0.9936380982398987,device.volume.decrease,0.00142067635897547,device.volume.increase,0.9928705096244812,device.volume.decrease,0.001405327464453876,True,True
boost the audio slightly,device.volume.increase,device.volume.increase,0.9884629845619202,streaming.session.stop,0.00200048484839499,device.volume.increase,0.9910455346107483,streaming.session.stop,0.0014757798053324223,True,True
make the sound more prominent,device.volume.increase,device.volume.increase,0.9917696714401245,device.volume.decrease,0.0024408898316323757,device.volume.increase,0.9892934560775757,device.volume.decrease,0.004886520095169544,True,True
turn the hearing aids up,device.volume.increase,device.volume.increase,0.9856314659118652,device.memory.change,0.002907725051045418,device.volume.increase,0.9868085384368896,device.memory.change,0.002391187474131584,True,True
give me more sound,device.volume.increase,device.volume.increase,0.8698764443397522,device.volume.decrease,0.0824119821190834,device.volume.increase,0.9087547659873962,device.volume.decrease,0.05464809015393257,True,True
raise the current volume,device.volume.increase,device.volume.increase,0.9942677021026611,device.volume.decrease,0.001033094129525125,device.volume.increase,0.9930900931358337,device.volume.decrease,0.0011372581357136369,True,True
the hearing aids are too quiet,device.volume.increase,device.volume.increase,0.8963040113449097,device.volume.decrease,0.09087032079696655,device.volume.increase,0.6745275855064392,device.volume.decrease,0.3019804358482361,True,True
increase what comes through the devices,device.volume.increase,device.volume.increase,0.9827942848205566,find.phone.locate,0.0034703067503869534,device.volume.increase,0.9833776950836182,find.phone.locate,0.0030974308028817177,True,True
make the audio louder without changing the program,device.volume.increase,device.volume.increase,0.9270092844963074,device.memory.change,0.049946364015340805,device.volume.increase,0.9731329083442688,device.memory.change,0.012520245276391506,True,True
turn up the output,device.volume.increase,device.volume.increase,0.978742241859436,device.memory.change,0.004628412425518036,device.volume.increase,0.9814481139183044,device.memory.change,0.0034526370000094175,True,True
bring the sound level higher,device.volume.increase,device.volume.increase,0.9862114191055298,device.volume.decrease,0.0099951708689332,device.volume.increase,0.9829418063163757,device.volume.decrease,0.011987129226326942,True,True
make my hearing aids louder,device.volume.increase,device.volume.increase,0.9933184385299683,device.volume.decrease,0.0013728358317166567,device.volume.increase,0.9926992058753967,device.volume.decrease,0.0014620112488046288,True,True
raise the audio level,device.volume.increase,device.volume.increase,0.9915444850921631,device.volume.decrease,0.0013741118600592017,device.volume.increase,0.9901183247566223,streaming.session.stop,0.0015196558088064194,True,True
add more sound,device.volume.increase,device.volume.increase,0.8511679172515869,reminders.task.create,0.042785074561834335,device.volume.increase,0.8964442610740662,reminders.task.create,0.03718462958931923,True,True
increase the hearing volume,device.volume.increase,device.volume.increase,0.9950897693634033,device.memory.change,0.000836990715470165,device.volume.increase,0.9944402575492859,device.memory.change,0.0009421295835636556,True,True
make the listening output stronger,device.volume.increase,device.volume.increase,0.5355854630470276,device.memory.change,0.21603898704051971,device.volume.increase,0.6402961611747742,device.memory.change,0.12390031665563583,True,True
turn the volume higher,device.volume.increase,device.volume.increase,0.9920965433120728,device.volume.decrease,0.0025417294818907976,device.volume.increase,0.9906865954399109,device.volume.decrease,0.0029951026663184166,True,True
boost what is coming through,device.volume.increase,device.volume.increase,0.9879286885261536,help.reminder.show,0.002454166766256094,device.volume.increase,0.9874546527862549,device.volume.decrease,0.002248067408800125,True,True
raise the sound a little,device.volume.increase,device.volume.increase,0.991621732711792,help.reminder.show,0.0014537328388541937,device.volume.increase,0.9899683594703674,help.reminder.show,0.0014306213706731796,True,True
i want more audio,device.volume.increase,device.volume.increase,0.9450035095214844,device.volume.decrease,0.01813136413693428,device.volume.increase,0.9788957238197327,device.volume.decrease,0.0058580441400408745,True,True
make the device output louder,device.volume.increase,device.volume.increase,0.9934763312339783,device.volume.decrease,0.0012969704112038016,device.volume.increase,0.9923337697982788,device.volume.decrease,0.001427856390364468,True,True
increase the listening level,device.volume.increase,device.volume.increase,0.9919153451919556,device.memory.change,0.0017283337656408548,device.volume.increase,0.9902196526527405,device.memory.change,0.0019739216659218073,True,True
the current volume is too low,device.volume.increase,device.volume.increase,0.9897195100784302,device.volume.decrease,0.008015405386686325,device.volume.increase,0.9523811936378479,device.volume.decrease,0.04263778775930405,True,True
turn up the hearing output,device.volume.increase,device.volume.increase,0.9756417870521545,device.memory.change,0.008018738590180874,device.volume.increase,0.981071412563324,device.memory.change,0.004977634642273188,True,True
make the audio less quiet,device.volume.increase,device.volume.decrease,0.9910133481025696,device.volume.increase,0.002057715319097042,device.volume.decrease,0.9911271929740906,device.volume.mute,0.0018940261797979474,False,False
raise the device volume,device.volume.increase,device.volume.increase,0.9934078454971313,device.volume.decrease,0.0012201301287859678,device.volume.increase,0.9921431541442871,device.volume.decrease,0.001319290604442358,True,True
give the sound a boost,device.volume.increase,device.volume.increase,0.9875859022140503,device.volume.decrease,0.0037354526575654745,device.volume.increase,0.9855968356132507,device.volume.decrease,0.004154094494879246,True,True
increase the volume one step,device.volume.increase,device.volume.increase,0.9923546314239502,device.volume.decrease,0.0016358296852558851,device.volume.increase,0.9914793968200684,device.volume.decrease,0.001672418788075447,True,True
make what i'm hearing louder,device.volume.increase,device.volume.increase,0.9914632439613342,device.volume.decrease,0.0015498956199735403,device.volume.increase,0.9914942979812622,device.volume.decrease,0.0016679520485922694,True,True
turn the sound up slightly,device.volume.increase,device.volume.increase,0.9796586036682129,device.volume.unmute,0.0040158736519515514,device.volume.increase,0.9864034652709961,device.volume.unmute,0.0017187698977068067,True,True
boost the hearing aid level,device.volume.increase,device.volume.increase,0.9934926629066467,device.volume.decrease,0.0019832716789096594,device.volume.increase,0.9923821091651917,device.volume.decrease,0.0021818489767611027,True,True
raise the loudness,device.volume.increase,device.volume.increase,0.993044912815094,device.volume.decrease,0.001693131634965539,device.volume.increase,0.99201500415802,device.volume.decrease,0.001625303877517581,True,True
more volume please,device.volume.increase,device.volume.increase,0.9849362969398499,device.volume.decrease,0.00685990322381258,device.volume.increase,0.9795994758605957,device.volume.decrease,0.010087977163493633,True,True
increase the current audio level,device.volume.increase,device.volume.increase,0.9924161434173584,device.memory.change,0.0014471400063484907,device.volume.increase,0.9912609457969666,device.memory.change,0.0016373556572943926,True,True
make the hearing output louder,device.volume.increase,device.volume.increase,0.993593156337738,device.volume.decrease,0.0013118487549945712,device.volume.increase,0.9926840662956238,device.volume.decrease,0.001439010025933385,True,True
turn it up but keep the same program,device.volume.increase,device.volume.increase,0.8339806795120239,device.memory.change,0.09972108155488968,device.volume.increase,0.9392949938774109,device.memory.change,0.03310737758874893,True,True
strengthen the sound coming through,device.volume.increase,device.volume.mute,0.705629289150238,find.phone.locate,0.0667412206530571,device.volume.mute,0.9068437814712524,streaming.session.stop,0.022049017250537872,False,False
silence my hearing aids completely,device.volume.mute,device.volume.mute,0.9949525594711304,device.volume.decrease,0.0009702022653073072,device.volume.mute,0.9953811168670654,device.volume.decrease,0.0013933045556768775,True,True
stop all sound from the devices,device.volume.mute,device.volume.mute,0.9814892411231995,streaming.session.stop,0.009634343907237053,device.volume.mute,0.9840042591094971,streaming.session.stop,0.00806944165378809,True,True
i don't want to hear any audio right now,device.volume.mute,help.reminder.show,0.3850395083427429,device.volume.increase,0.18813948333263397,device.volume.mute,0.48673561215400696,help.reminder.show,0.17583277821540833,False,True
make the hearing aids completely silent,device.volume.mute,device.volume.mute,0.9928691983222961,device.volume.increase,0.001315122121013701,device.volume.mute,0.9936208128929138,device.volume.increase,0.0012804490979760885,True,True
turn the sound off entirely,device.volume.mute,device.volume.mute,0.9914013743400574,device.volume.unmute,0.0015094353584572673,device.volume.mute,0.9945476055145264,device.volume.unmute,0.0007781815947964787,True,True
mute the hearing aids,device.volume.mute,device.volume.mute,0.9853854775428772,device.memory.change,0.004386692773550749,device.volume.mute,0.9915589094161987,device.volume.decrease,0.0018122675828635693,True,True
shut off the audio output,device.volume.mute,streaming.session.stop,0.6100130677223206,device.volume.mute,0.3449993133544922,device.volume.mute,0.8135247230529785,streaming.session.stop,0.15527020394802094,False,True
give me complete silence,device.volume.mute,device.volume.mute,0.7994053959846497,reminders.task.complete,0.09453555941581726,device.volume.mute,0.9752076864242554,device.volume.decrease,0.012502523139119148,True,True
stop the sound completely,device.volume.mute,device.volume.mute,0.9167013168334961,streaming.session.stop,0.050536297261714935,device.volume.mute,0.9551675319671631,streaming.session.stop,0.020441506057977676,True,True
turn off all hearing aid audio,device.volume.mute,device.volume.mute,0.9926037192344666,device.volume.unmute,0.0014026719145476818,device.volume.mute,0.995005190372467,streaming.session.stop,0.0008406070992350578,True,True
i need the devices to be silent,device.volume.mute,device.volume.mute,0.9598040580749512,reminders.task.complete,0.010878659784793854,device.volume.mute,0.9768633842468262,reminders.task.create,0.005310690961778164,True,True
cut the sound off completely,device.volume.mute,device.volume.mute,0.9903533458709717,streaming.session.stop,0.0028307000175118446,device.volume.mute,0.9919496774673462,device.volume.decrease,0.002558391308411956,True,True
silence everything i'm hearing,device.volume.mute,device.volume.mute,0.718360960483551,device.memory.change,0.07339520007371902,device.volume.mute,0.9394274353981018,device.memory.change,0.013538227416574955,True,True
make the audio stop,device.volume.mute,streaming.session.stop,0.8963404893875122,device.volume.mute,0.07031181454658508,device.volume.mute,0.49527013301849365,streaming.session.stop,0.4429565370082855,False,True
turn off the hearing output,device.volume.mute,device.volume.mute,0.8414862155914307,streaming.session.stop,0.0684865340590477,device.volume.mute,0.9439544677734375,streaming.session.stop,0.020824212580919266,True,True
no sound from my hearing aids,device.volume.mute,device.volume.mute,0.9279571175575256,streaming.session.stop,0.02579393982887268,device.volume.mute,0.9675575494766235,device.volume.decrease,0.009314018301665783,True,True
completely silence the devices,device.volume.mute,device.volume.mute,0.9947503209114075,device.volume.decrease,0.0009790501790121198,device.volume.mute,0.9948363304138184,device.volume.decrease,0.0017103429418057203,True,True
stop all audio through the hearing aids,device.volume.mute,device.volume.mute,0.9709123373031616,streaming.session.stop,0.016180744394659996,device.volume.mute,0.9882193803787231,streaming.session.stop,0.005271196365356445,True,True
make them quiet with no sound at all,device.volume.mute,device.volume.mute,0.9619088768959045,reminders.task.create,0.017208820208907127,device.volume.mute,0.9659264087677002,reminders.task.create,0.01461009681224823,True,True
switch the hearing aids to complete silence,device.volume.mute,device.volume.mute,0.7974926829338074,device.memory.change,0.14382117986679077,device.volume.mute,0.9314692616462708,device.memory.change,0.04011496156454086,True,True
i need total silence,device.volume.mute,device.volume.mute,0.9818825125694275,device.memory.change,0.002884850837290287,device.volume.mute,0.9896995425224304,device.memory.change,0.0014359592460095882,True,True
mute all audio,device.volume.mute,device.volume.mute,0.9931151270866394,device.volume.unmute,0.0014567611506208777,device.volume.mute,0.9947677850723267,streaming.session.start,0.001055083004757762,True,True
stop what is playing through my hearing aids,device.volume.mute,device.volume.mute,0.3354073166847229,streaming.session.stop,0.27630358934402466,device.volume.mute,0.4300159215927124,device.volume.decrease,0.38585302233695984,True,True
turn the hearing aid sound completely off,device.volume.mute,device.volume.mute,0.9937242865562439,device.volume.unmute,0.0017064486164599657,device.volume.mute,0.9957823753356934,device.volume.unmute,0.0008116637472994626,True,True
silence the audio output,device.volume.mute,device.volume.mute,0.9804353713989258,streaming.session.stop,0.008390483446419239,device.volume.mute,0.991146981716156,streaming.session.stop,0.002678046002984047,True,True
make there be no sound,device.volume.mute,device.volume.mute,0.9690139889717102,help.reminder.show,0.0075004990212619305,device.volume.mute,0.9793883562088013,device.volume.decrease,0.007146566640585661,True,True
shut the hearing aid audio off,device.volume.mute,device.volume.mute,0.981205940246582,streaming.session.stop,0.011164410039782524,device.volume.mute,0.9940549731254578,streaming.session.stop,0.002485815202817321,True,True
stop hearing anything through the devices,device.volume.mute,streaming.session.stop,0.4745257794857025,device.volume.mute,0.42467015981674194,device.volume.mute,0.7051645517349243,streaming.session.stop,0.1472877860069275,False,True
turn off the sound entirely,device.volume.mute,device.volume.mute,0.9907322525978088,streaming.session.stop,0.0017794062150642276,device.volume.mute,0.9944104552268982,streaming.session.stop,0.000948902394156903,True,True
silence my hearing output,device.volume.mute,device.volume.mute,0.9830712676048279,device.memory.change,0.0031260265968739986,device.volume.mute,0.9887784123420715,device.volume.decrease,0.0031550328712910414,True,True
remove all sound from the hearing aids,device.volume.mute,device.volume.mute,0.9943312406539917,streaming.session.start,0.0013010443653911352,device.volume.mute,0.995185911655426,streaming.session.start,0.0011556759709492326,True,True
i want complete silence from the devices,device.volume.mute,device.volume.mute,0.9810425043106079,device.volume.decrease,0.004280260764062405,device.volume.mute,0.9891945123672485,device.volume.decrease,0.004477015230804682,True,True
mute the current audio,device.volume.mute,device.volume.mute,0.9760720133781433,device.memory.change,0.00563078373670578,device.volume.mute,0.99073725938797,streaming.session.start,0.002080541802570224,True,True
stop the hearing aid output,device.volume.mute,streaming.session.stop,0.5867946147918701,device.volume.mute,0.24092160165309906,device.volume.mute,0.5568795204162598,streaming.session.stop,0.3142748773097992,False,True
make the devices produce no sound,device.volume.mute,device.volume.mute,0.990123450756073,device.volume.unmute,0.0022311443462967873,device.volume.mute,0.990886926651001,device.volume.decrease,0.002187093487009406,True,True
turn everything audible off,device.volume.mute,device.volume.mute,0.9413486123085022,device.volume.unmute,0.0132907684892416,device.volume.mute,0.978943407535553,device.volume.unmute,0.004914043005555868,True,True
completely mute the hearing aids,device.volume.mute,device.volume.mute,0.9930777549743652,device.memory.change,0.0015700345393270254,device.volume.mute,0.9949837923049927,device.volume.decrease,0.0010683569125831127,True,True
stop all sound coming through,device.volume.mute,device.volume.mute,0.9903013706207275,streaming.session.stop,0.0030017285607755184,device.volume.mute,0.9933720827102661,streaming.session.stop,0.0020360192283988,True,True
silence the current hearing output,device.volume.mute,device.volume.mute,0.9731011986732483,device.memory.change,0.008898215368390083,device.volume.mute,0.9857358336448669,device.memory.change,0.0035402521025389433,True,True
turn off what i'm hearing,device.volume.mute,device.volume.unmute,0.2906396687030792,device.volume.increase,0.27024564146995544,device.volume.mute,0.2946440577507019,device.volume.increase,0.23352979123592377,False,True
make the hearing aids silent,device.volume.mute,device.volume.mute,0.9794759154319763,device.volume.increase,0.005500254221260548,device.volume.mute,0.98777836561203,device.volume.increase,0.0033102731686085463,True,True
no audio should come through,device.volume.mute,streaming.session.stop,0.3217734098434448,device.volume.unmute,0.27772945165634155,device.volume.unmute,0.3412616550922394,streaming.session.stop,0.1838497519493103,False,False
shut down the sound output,device.volume.mute,device.volume.decrease,0.989324152469635,streaming.session.stop,0.0020489937160164118,device.volume.decrease,0.9883556365966797,device.volume.mute,0.002135734772309661,False,False
mute the current hearing aid audio,device.volume.mute,device.volume.mute,0.9873476028442383,streaming.session.start,0.0025970544666051865,device.volume.mute,0.9935129284858704,streaming.session.start,0.001542316866107285,True,True
stop the audio completely,device.volume.mute,streaming.session.stop,0.7439393401145935,device.volume.mute,0.21616968512535095,device.volume.mute,0.689528226852417,streaming.session.stop,0.26010599732398987,False,True
give me zero sound,device.volume.mute,streaming.session.start,0.47026538848876953,device.volume.unmute,0.28770148754119873,device.volume.mute,0.48819029331207275,streaming.session.start,0.21950659155845642,False,True
turn all hearing aid audio off,device.volume.mute,device.volume.mute,0.9927757978439331,device.volume.unmute,0.0012711806921288371,device.volume.mute,0.9945782423019409,device.volume.unmute,0.0008311636047437787,True,True
silence the devices now,device.volume.mute,device.volume.mute,0.9947041869163513,device.volume.decrease,0.0008920888067223132,device.volume.mute,0.9957928657531738,device.volume.decrease,0.0011880488600581884,True,True
make the output completely silent,device.volume.mute,device.volume.mute,0.9755294322967529,reminders.task.create,0.005281563848257065,device.volume.mute,0.983601987361908,reminders.task.create,0.003372055711224675,True,True
stop all audible output,device.volume.mute,device.volume.mute,0.9642355442047119,streaming.session.stop,0.011312088929116726,device.volume.mute,0.9811878800392151,streaming.session.stop,0.007037644274532795,True,True
mute what i'm hearing,device.volume.mute,help.reminder.show,0.34537652134895325,device.volume.mute,0.27737969160079956,device.volume.mute,0.7948818206787109,help.reminder.show,0.10271326452493668,False,True
turn the hearing sound off,device.volume.mute,device.volume.mute,0.9826558828353882,device.volume.unmute,0.007350380998104811,device.volume.mute,0.9923282265663147,device.volume.unmute,0.0022038251627236605,True,True
no sound at all please,device.volume.mute,device.volume.mute,0.9839634299278259,reminders.task.create,0.0033328249119222164,device.volume.mute,0.9879083037376404,reminders.task.create,0.0022025855723768473,True,True
completely shut off the audio,device.volume.mute,device.volume.mute,0.9676974415779114,streaming.session.stop,0.020705312490463257,device.volume.mute,0.989843487739563,streaming.session.stop,0.004596115089952946,True,True
bring the sound back after muting,device.volume.unmute,device.volume.unmute,0.9832988381385803,device.volume.decrease,0.004919680766761303,device.volume.unmute,0.9824867844581604,device.volume.decrease,0.005364492069929838,True,True
restore audio to my hearing aids,device.volume.unmute,device.volume.unmute,0.8993610739707947,streaming.session.start,0.06396079808473587,device.volume.unmute,0.9691008925437927,streaming.session.start,0.011682198382914066,True,True
let me hear through the devices again,device.volume.unmute,device.volume.unmute,0.9533385634422302,streaming.session.start,0.016816619783639908,device.volume.unmute,0.9698077440261841,streaming.session.start,0.007192263845354319,True,True
turn the sound back on,device.volume.unmute,device.volume.unmute,0.992522656917572,device.volume.decrease,0.0013449027901515365,device.volume.unmute,0.9920594692230225,device.volume.decrease,0.0014504332793876529,True,True
resume audio output,device.volume.unmute,device.volume.unmute,0.9549779295921326,device.memory.change,0.01440221257507801,device.volume.unmute,0.9814157485961914,device.memory.change,0.005042852833867073,True,True
unmute the hearing aids,device.volume.unmute,device.volume.unmute,0.9934211373329163,help.reminder.show,0.0011259866878390312,device.volume.unmute,0.9935954213142395,help.reminder.show,0.0012191617861390114,True,True
restore the hearing aid sound,device.volume.unmute,device.volume.unmute,0.9933905601501465,device.volume.decrease,0.000987047329545021,device.volume.unmute,0.9930874705314636,device.volume.increase,0.001024529803544283,True,True
i want audio again,device.volume.unmute,device.volume.unmute,0.983137845993042,streaming.session.start,0.0034019295126199722,device.volume.unmute,0.9895555377006531,reminders.task.create,0.001431672484613955,True,True
enable sound on the devices,device.volume.unmute,device.volume.unmute,0.8405564427375793,streaming.session.start,0.05086004361510277,device.volume.unmute,0.8147733807563782,help.reminder.show,0.0540972501039505,True,True
bring back the volume after silence,device.volume.unmute,device.volume.unmute,0.8066091537475586,device.volume.decrease,0.16459216177463531,device.volume.unmute,0.5037673115730286,device.volume.decrease,0.45545580983161926,True,True
stop muting my hearing aids,device.volume.unmute,streaming.session.stop,0.7121611833572388,device.volume.unmute,0.20217040181159973,device.volume.unmute,0.8307315111160278,streaming.session.stop,0.09937882423400879,False,True
turn audio back on,device.volume.unmute,device.volume.unmute,0.9916227459907532,streaming.session.start,0.001169466064311564,device.volume.unmute,0.993060827255249,help.reminder.show,0.0009040769655257463,True,True
restore what i was hearing,device.volume.unmute,device.volume.unmute,0.9424495697021484,help.reminder.show,0.035437580198049545,device.volume.unmute,0.9526614546775818,help.reminder.show,0.027442600578069687,True,True
let the hearing aids produce sound again,device.volume.unmute,device.volume.unmute,0.9915286302566528,streaming.session.start,0.0014730225084349513,device.volume.unmute,0.9914088845252991,help.reminder.show,0.001409478485584259,True,True
resume the sound output,device.volume.unmute,device.volume.unmute,0.9845713376998901,help.reminder.show,0.0036135392729192972,device.volume.unmute,0.9870098829269409,help.reminder.show,0.003086043056100607,True,True
remove the mute state,device.volume.unmute,device.volume.unmute,0.9885343909263611,device.volume.mute,0.002551713492721319,device.volume.unmute,0.9890581965446472,device.volume.mute,0.002604808658361435,True,True
make the devices audible again,device.volume.unmute,device.volume.unmute,0.9802631735801697,device.volume.increase,0.003521147882565856,device.volume.unmute,0.981468141078949,device.volume.increase,0.0033257603645324707,True,True
switch the hearing aids back to sound,device.volume.unmute,device.volume.unmute,0.9750452637672424,device.memory.change,0.007682936731725931,device.volume.unmute,0.9781889319419861,device.memory.change,0.005835403688251972,True,True
turn hearing aid audio on,device.volume.unmute,device.volume.unmute,0.947998046875,streaming.session.start,0.030901646241545677,device.volume.unmute,0.9774215221405029,streaming.session.start,0.007754274643957615,True,True
bring the audio back,device.volume.unmute,device.volume.unmute,0.9788049459457397,device.volume.decrease,0.004506145138293505,device.volume.unmute,0.9866145253181458,device.volume.decrease,0.002695465460419655,True,True
restore sound to the devices,device.volume.unmute,device.volume.unmute,0.9890255331993103,streaming.session.start,0.0018778475932776928,device.volume.unmute,0.9895127415657043,find.phone.locate,0.0016663522692397237,True,True
"i can hear nothing, enable the audio",device.volume.unmute,device.volume.increase,0.6270920634269714,device.volume.unmute,0.11082018911838531,device.volume.increase,0.7220385670661926,device.volume.unmute,0.06979817897081375,False,False
unmute my hearing output,device.volume.unmute,device.volume.unmute,0.9901280999183655,device.memory.change,0.002249921904876828,device.volume.unmute,0.9918419122695923,device.memory.change,0.001667552161961794,True,True
start the sound again,device.volume.unmute,device.volume.unmute,0.7852305173873901,streaming.session.start,0.1636538952589035,device.volume.unmute,0.944193959236145,streaming.session.start,0.028833454474806786,True,True
allow audio through the hearing aids,device.volume.unmute,streaming.session.start,0.9336727261543274,device.volume.decrease,0.03233591467142105,streaming.session.start,0.8322027325630188,device.volume.decrease,0.10056227445602417,False,False
restore the previous audio,device.volume.unmute,device.volume.unmute,0.9898502826690674,find.phone.locate,0.001693334779702127,device.volume.unmute,0.9925433397293091,find.phone.locate,0.0012434407835826278,True,True
turn the hearing output back on,device.volume.unmute,device.volume.unmute,0.9884745478630066,device.memory.change,0.001976415514945984,device.volume.unmute,0.9882944822311401,device.memory.change,0.0017234927508980036,True,True
bring sound back to my devices,device.volume.unmute,device.volume.unmute,0.9607571363449097,streaming.session.start,0.016557831317186356,device.volume.unmute,0.9660474061965942,streaming.session.start,0.011240976862609386,True,True
enable the hearing aid speakers,device.volume.unmute,device.volume.unmute,0.6906065344810486,streaming.session.start,0.19699007272720337,device.volume.unmute,0.9482017159461975,streaming.session.start,0.016685055568814278,True,True
resume what was muted,device.volume.unmute,device.volume.unmute,0.8770349621772766,help.reminder.show,0.08546622097492218,device.volume.unmute,0.9071727991104126,help.reminder.show,0.06268675625324249,True,True
make the hearing aids audible,device.volume.unmute,device.volume.increase,0.4480443000793457,device.volume.mute,0.42968013882637024,device.volume.mute,0.7966254949569702,device.volume.increase,0.1393900215625763,False,False
switch off mute mode,device.volume.unmute,device.memory.change,0.7076571583747864,device.volume.unmute,0.19234244525432587,device.memory.change,0.6828461289405823,device.volume.unmute,0.1793276071548462,False,False
restore audio after muting,device.volume.unmute,device.volume.unmute,0.9900767207145691,find.phone.locate,0.0017951881745830178,device.volume.unmute,0.9907315373420715,device.volume.increase,0.0016367777716368437,True,True
turn sound back on for the hearing aids,device.volume.unmute,device.volume.unmute,0.9918801188468933,streaming.session.start,0.0013890046393498778,device.volume.unmute,0.9919174313545227,streaming.session.start,0.0012087490176782012,True,True
let audio come through again,device.volume.unmute,device.volume.unmute,0.8091377019882202,streaming.session.start,0.13137076795101166,device.volume.unmute,0.9501949548721313,streaming.session.start,0.02069939114153385,True,True
enable the device output,device.volume.unmute,device.memory.change,0.28341227769851685,device.volume.unmute,0.27901846170425415,device.volume.unmute,0.616417407989502,device.memory.change,0.15394777059555054,False,True
return the hearing aids to audible mode,device.volume.unmute,device.volume.unmute,0.9607903957366943,streaming.session.start,0.010794566944241524,device.volume.unmute,0.9792242646217346,help.reminder.show,0.005092056002467871,True,True
undo mute,device.volume.unmute,device.volume.unmute,0.9901846647262573,help.reminder.show,0.002138992538675666,device.volume.unmute,0.9906302094459534,help.reminder.show,0.00241235364228487,True,True
restore the sound level,device.volume.unmute,device.volume.unmute,0.6158475279808044,device.volume.decrease,0.3210947513580322,device.volume.unmute,0.7331336140632629,device.volume.decrease,0.2082737535238266,True,True
start hearing aid audio again,device.volume.unmute,device.volume.unmute,0.884501039981842,streaming.session.start,0.08656436204910278,device.volume.unmute,0.9721364378929138,streaming.session.start,0.014017252251505852,True,True
bring back the hearing output,device.volume.unmute,device.volume.unmute,0.9597127437591553,device.memory.change,0.012271095998585224,device.volume.unmute,0.9706037640571594,device.volume.decrease,0.007190435193479061,True,True
make the devices produce sound again,device.volume.unmute,device.volume.unmute,0.9912636280059814,device.volume.mute,0.0016423269407823682,device.volume.unmute,0.9903542995452881,device.volume.mute,0.0017408588901162148,True,True
cancel the mute,device.volume.unmute,device.volume.unmute,0.9776864051818848,device.volume.mute,0.00884227268397808,device.volume.unmute,0.9799705743789673,device.volume.mute,0.010113751515746117,True,True
resume audio through my hearing aids,device.volume.unmute,device.volume.unmute,0.8564485907554626,streaming.session.start,0.09623659402132034,device.volume.unmute,0.9724059700965881,streaming.session.start,0.009432834573090076,True,True
turn on the sound again,device.volume.unmute,device.volume.unmute,0.9915557503700256,help.reminder.show,0.0012933772522956133,device.volume.unmute,0.9912521243095398,help.reminder.show,0.0014271491672843695,True,True
restore hearing aid audio,device.volume.unmute,device.volume.unmute,0.9882379174232483,streaming.session.start,0.003182425396516919,device.volume.unmute,0.9931681156158447,streaming.session.start,0.0009724061819724739,True,True
unmute the current output,device.volume.unmute,device.volume.unmute,0.9825066328048706,device.memory.change,0.004784707445651293,device.volume.unmute,0.9872927665710449,device.memory.change,0.002825631992891431,True,True
allow sound to pass through again,device.volume.unmute,device.volume.unmute,0.9805760979652405,streaming.session.start,0.003513636300340295,device.volume.unmute,0.987070620059967,device.volume.increase,0.0020259120501577854,True,True
reactivate audio on the hearing aids,device.volume.unmute,device.volume.unmute,0.9791210889816284,streaming.session.start,0.010041753761470318,device.volume.unmute,0.9885547757148743,streaming.session.start,0.003397270804271102,True,True
bring the sound back,device.volume.unmute,device.volume.unmute,0.9625716805458069,device.volume.decrease,0.018169332295656204,device.volume.unmute,0.9659097194671631,device.volume.decrease,0.016256576403975487,True,True
turn the audio output on again,device.volume.unmute,device.volume.unmute,0.9866601228713989,reminders.task.create,0.0020988371688872576,device.volume.unmute,0.9888710379600525,reminders.task.create,0.0017651064554229379,True,True
remove complete silence,device.volume.unmute,reminders.task.complete,0.6599012613296509,device.volume.mute,0.20946082472801208,device.volume.mute,0.7932683825492859,reminders.task.complete,0.11984750628471375,False,False
restore audible output,device.volume.unmute,device.volume.unmute,0.9865236878395081,device.volume.increase,0.001955757848918438,device.volume.unmute,0.9877290725708008,device.volume.increase,0.002073414623737335,True,True
enable sound again,device.volume.unmute,device.volume.unmute,0.988044798374176,streaming.session.start,0.003137453692033887,device.volume.unmute,0.9917682409286499,help.reminder.show,0.001757218618877232,True,True
where did i leave my phone,find.phone.locate,find.phone.locate,0.9857099056243896,streaming.session.stop,0.003973647952079773,find.phone.locate,0.9779389500617981,streaming.session.stop,0.0057464903220534325,True,True
help me locate my mobile,find.phone.locate,find.phone.locate,0.9834396243095398,help.reminder.show,0.0034608126152306795,find.phone.locate,0.9758515357971191,help.reminder.show,0.004278542939573526,True,True
find the phone for me,find.phone.locate,find.phone.locate,0.9689193367958069,reminders.task.create,0.00935843214392662,find.phone.locate,0.9644151926040649,reminders.task.create,0.008768024854362011,True,True
i can't find my smartphone,find.phone.locate,find.phone.locate,0.9658640027046204,help.reminder.show,0.010444012470543385,find.phone.locate,0.9534541964530945,help.reminder.show,0.011522457003593445,True,True
show me where my phone is,find.phone.locate,find.phone.locate,0.9824935793876648,help.reminder.show,0.0049240789376199245,find.phone.locate,0.9747475385665894,help.reminder.show,0.006082781124860048,True,True
locate my mobile device,find.phone.locate,find.phone.locate,0.9945228099822998,device.volume.increase,0.001134402584284544,find.phone.locate,0.9901873469352722,device.volume.increase,0.002159515395760536,True,True
track down my phone,find.phone.locate,find.phone.locate,0.9845197200775146,device.volume.decrease,0.007485881447792053,find.phone.locate,0.9732532501220703,device.volume.decrease,0.013117446564137936,True,True
where is my handset,find.phone.locate,find.phone.locate,0.9774541258811951,device.volume.unmute,0.00452108308672905,find.phone.locate,0.9655635952949524,device.volume.unmute,0.007979783229529858,True,True
help find my phone,find.phone.locate,find.phone.locate,0.9939226508140564,device.volume.decrease,0.0010123865213245153,find.phone.locate,0.9897255301475525,streaming.session.start,0.001642167684622109,True,True
tell me where the phone is,find.phone.locate,find.phone.locate,0.9560365676879883,help.reminder.show,0.019410736858844757,find.phone.locate,0.9523473978042603,help.reminder.show,0.017024315893650055,True,True
i misplaced my mobile,find.phone.locate,find.phone.locate,0.9819111227989197,device.volume.unmute,0.003321112599223852,find.phone.locate,0.9712498188018799,device.volume.unmute,0.005191959906369448,True,True
find my smartphone,find.phone.locate,find.phone.locate,0.993224024772644,streaming.session.start,0.0014912019250914454,find.phone.locate,0.987987756729126,streaming.session.start,0.002791101112961769,True,True
locate the phone i paired,find.phone.locate,find.phone.locate,0.989790141582489,device.volume.unmute,0.001475651515647769,find.phone.locate,0.984352171421051,device.volume.unmute,0.0023856775369495153,True,True
where can i find my phone,find.phone.locate,find.phone.locate,0.9800907969474792,help.reminder.show,0.0050681112334132195,find.phone.locate,0.9715532064437866,help.reminder.show,0.006038879510015249,True,True
my phone is missing,find.phone.locate,find.phone.locate,0.989496648311615,device.volume.increase,0.0022974165622144938,find.phone.locate,0.9809941053390503,device.volume.increase,0.0050346641801297665,True,True
help me find the mobile,find.phone.locate,find.phone.locate,0.9751268625259399,help.reminder.show,0.006519041955471039,find.phone.locate,0.9677771329879761,help.reminder.show,0.006579678505659103,True,True
search for my phone,find.phone.locate,find.phone.locate,0.9910665154457092,streaming.session.start,0.0017871182644739747,find.phone.locate,0.9853723645210266,streaming.session.start,0.0027887956239283085,True,True
can you locate my handset,find.phone.locate,find.phone.locate,0.9768099188804626,device.volume.unmute,0.0032993925269693136,find.phone.locate,0.9655724763870239,device.volume.unmute,0.005194461438804865,True,True
find the device i use as my phone,find.phone.locate,find.phone.locate,0.984803318977356,streaming.session.stop,0.003327496349811554,find.phone.locate,0.9802085161209106,streaming.session.stop,0.004207730758935213,True,True
where did my smartphone go,find.phone.locate,find.phone.locate,0.9860416054725647,device.volume.decrease,0.00217267032712698,find.phone.locate,0.977512001991272,streaming.session.start,0.0033309829887002707,True,True
locate my missing phone,find.phone.locate,find.phone.locate,0.9940817952156067,device.volume.unmute,0.0009754872880876064,find.phone.locate,0.9896655678749084,device.volume.unmute,0.0016879669856280088,True,True
help me track my mobile,find.phone.locate,find.phone.locate,0.951094388961792,help.reminder.show,0.019015204161405563,find.phone.locate,0.9363958835601807,help.reminder.show,0.02156294696033001,True,True
show the location of my phone,find.phone.locate,find.phone.locate,0.9637361168861389,streaming.session.start,0.010689842514693737,find.phone.locate,0.9480066299438477,streaming.session.start,0.014862333424389362,True,True
i need to find my phone,find.phone.locate,find.phone.locate,0.9894664883613586,streaming.session.start,0.002331265714019537,find.phone.locate,0.9839708209037781,streaming.session.start,0.0036928211338818073,True,True
where is my mobile right now,find.phone.locate,find.phone.locate,0.9707659482955933,help.reminder.show,0.008489272557199001,find.phone.locate,0.9618003368377686,help.reminder.show,0.006916793994605541,True,True
find my lost handset,find.phone.locate,find.phone.locate,0.974250316619873,streaming.session.start,0.00957102794200182,find.phone.locate,0.9673937559127808,streaming.session.start,0.010053974576294422,True,True
can you find my smartphone,find.phone.locate,find.phone.locate,0.9893118739128113,streaming.session.start,0.001757019548676908,find.phone.locate,0.9832243919372559,streaming.session.start,0.003001254051923752,True,True
locate my phone please,find.phone.locate,find.phone.locate,0.9922297596931458,device.volume.decrease,0.0020624652970582247,find.phone.locate,0.9866881966590881,device.volume.decrease,0.0025805796030908823,True,True
my mobile has disappeared,find.phone.locate,find.phone.locate,0.8903312683105469,device.volume.unmute,0.025294091552495956,find.phone.locate,0.8201333284378052,device.volume.decrease,0.05224227532744408,True,True
help me locate the handset,find.phone.locate,find.phone.locate,0.9347789287567139,help.reminder.show,0.024635672569274902,find.phone.locate,0.909271240234375,help.reminder.show,0.03081417642533779,True,True
track my phone,find.phone.locate,find.phone.locate,0.9875875115394592,streaming.session.start,0.0023302596528083086,find.phone.locate,0.9796274900436401,streaming.session.start,0.003870540764182806,True,True
where's my mobile device,find.phone.locate,find.phone.locate,0.9379711747169495,help.reminder.show,0.016151627525687218,find.phone.locate,0.917763888835907,device.volume.mute,0.016970427706837654,True,True
find the smartphone,find.phone.locate,find.phone.locate,0.9917064905166626,device.volume.decrease,0.00179328303784132,find.phone.locate,0.987468957901001,device.volume.decrease,0.0019357723649591208,True,True
i need the location of my phone,find.phone.locate,find.phone.locate,0.5588392019271851,reminders.task.create,0.2107739895582199,find.phone.locate,0.5362608432769775,device.volume.decrease,0.1637837141752243,True,True
help me search for my phone,find.phone.locate,find.phone.locate,0.9900102019309998,help.reminder.show,0.0017845139373093843,find.phone.locate,0.9851851463317871,help.reminder.show,0.002003275090828538,True,True
locate the phone,find.phone.locate,find.phone.locate,0.9944291114807129,device.volume.decrease,0.001525777275674045,find.phone.locate,0.9904866814613342,device.volume.decrease,0.002284971997141838,True,True
my phone is somewhere nearby,find.phone.locate,find.phone.locate,0.9916730523109436,device.volume.decrease,0.0016341271111741662,find.phone.locate,0.9853901863098145,device.volume.decrease,0.0031021805480122566,True,True
tell me where my handset is,find.phone.locate,find.phone.locate,0.9268409013748169,help.reminder.show,0.033952921628952026,find.phone.locate,0.897974967956543,help.reminder.show,0.043594930320978165,True,True
find my mobile device,find.phone.locate,find.phone.locate,0.9900992512702942,streaming.session.start,0.002276756800711155,find.phone.locate,0.9838767647743225,streaming.session.start,0.0038547394797205925,True,True
where did i put my phone,find.phone.locate,find.phone.locate,0.9867690801620483,device.volume.unmute,0.0022021110635250807,find.phone.locate,0.979796290397644,device.volume.mute,0.0033660668414086103,True,True
can you track down my smartphone,find.phone.locate,find.phone.locate,0.987427830696106,device.volume.decrease,0.0041584731079638,find.phone.locate,0.9786096811294556,device.volume.decrease,0.0077486042864620686,True,True
locate my missing mobile,find.phone.locate,find.phone.locate,0.9914014935493469,device.volume.unmute,0.001342783565632999,find.phone.locate,0.9856964349746704,device.volume.unmute,0.0021076523698866367,True,True
help locate my phone,find.phone.locate,find.phone.locate,0.9941394329071045,reminders.task.complete,0.0008131893118843436,find.phone.locate,0.9889950752258301,device.volume.mute,0.0015670410357415676,True,True
show where my handset is,find.phone.locate,find.phone.locate,0.9673219323158264,device.volume.unmute,0.006449221167713404,find.phone.locate,0.9517783522605896,device.volume.unmute,0.010665257461369038,True,True
find the phone i can't see,find.phone.locate,find.phone.locate,0.9730257987976074,help.reminder.show,0.006178881507366896,find.phone.locate,0.9631813168525696,device.volume.increase,0.006404808256775141,True,True
my smartphone is lost,find.phone.locate,find.phone.locate,0.9862194657325745,device.volume.decrease,0.0029185316525399685,find.phone.locate,0.9765982627868652,device.volume.unmute,0.004509138409048319,True,True
look for my phone,find.phone.locate,find.phone.locate,0.990409255027771,streaming.session.stop,0.0015578746097162366,find.phone.locate,0.9837886095046997,device.volume.increase,0.0026815400924533606,True,True
where is the mobile i paired,find.phone.locate,find.phone.locate,0.8224331140518188,help.reminder.show,0.07379433512687683,find.phone.locate,0.7525144219398499,help.reminder.show,0.06564360111951828,True,True
locate my smartphone,find.phone.locate,find.phone.locate,0.994354248046875,streaming.session.start,0.0009557910379953682,find.phone.locate,0.9891816973686218,streaming.session.start,0.0019259753171354532,True,True
help me find the handset,find.phone.locate,find.phone.locate,0.9605474472045898,help.reminder.show,0.012145260348916054,find.phone.locate,0.948919951915741,help.reminder.show,0.013554875738918781,True,True
find where my phone is,find.phone.locate,find.phone.locate,0.9906099438667297,streaming.session.start,0.0013903926592320204,find.phone.locate,0.9843927621841431,streaming.session.start,0.00243417383171618,True,True
track down the mobile,find.phone.locate,find.phone.locate,0.9462289214134216,device.volume.decrease,0.035189203917980194,find.phone.locate,0.8292948007583618,device.volume.decrease,0.13432298600673676,True,True
can you locate my phone now,find.phone.locate,find.phone.locate,0.9879239201545715,device.volume.mute,0.0019123980309814215,find.phone.locate,0.9794250130653381,device.volume.mute,0.004192047752439976,True,True
search for my missing smartphone,find.phone.locate,find.phone.locate,0.990520715713501,reminders.task.complete,0.0013268903130665421,find.phone.locate,0.985201895236969,reminders.task.complete,0.0020375356543809175,True,True
show me the reminders i currently have,help.reminder.show,help.reminder.show,0.9778778553009033,reminders.task.create,0.006337597034871578,help.reminder.show,0.9847297072410583,reminders.task.create,0.003780101425945759,True,True
what reminders are on my list,help.reminder.show,help.reminder.show,0.9802712202072144,reminders.task.create,0.006793349049985409,help.reminder.show,0.9839078187942505,reminders.task.create,0.0052986303344368935,True,True
let me see my reminders,help.reminder.show,help.reminder.show,0.9532384276390076,reminders.task.create,0.011750307865440845,help.reminder.show,0.9663379788398743,reminders.task.create,0.009013906121253967,True,True
display my pending reminders,help.reminder.show,help.reminder.show,0.9698256850242615,reminders.task.create,0.00808805599808693,help.reminder.show,0.9773769974708557,reminders.task.create,0.0057248990051448345,True,True
which reminders are active,help.reminder.show,help.reminder.show,0.9764479994773865,reminders.task.create,0.007103081326931715,help.reminder.show,0.9810503125190735,reminders.task.create,0.005730623845010996,True,True
tell me what i have scheduled,help.reminder.show,reminders.task.create,0.3095064163208008,help.reminder.show,0.28429099917411804,reminders.task.create,0.31079569458961487,help.reminder.show,0.23391832411289215,False,False
show the reminders i've created,help.reminder.show,help.reminder.show,0.9767309427261353,device.volume.increase,0.005233511328697205,help.reminder.show,0.981840193271637,device.volume.increase,0.004323758650571108,True,True
what reminders do i have,help.reminder.show,help.reminder.show,0.9801455736160278,reminders.task.create,0.007811346091330051,help.reminder.show,0.9834871292114258,reminders.task.create,0.006226333789527416,True,True
list my current reminders,help.reminder.show,help.reminder.show,0.9769620895385742,reminders.task.complete,0.010525120422244072,help.reminder.show,0.9850305914878845,reminders.task.complete,0.006444146391004324,True,True
can i see my reminder list,help.reminder.show,help.reminder.show,0.8967682719230652,reminders.task.complete,0.03884575143456459,help.reminder.show,0.9322349429130554,reminders.task.complete,0.02952137403190136,True,True
read out my reminders,help.reminder.show,help.reminder.show,0.9485667943954468,reminders.task.create,0.018854286521673203,help.reminder.show,0.9649584889411926,reminders.task.create,0.013030368834733963,True,True
what tasks have i set reminders for,help.reminder.show,help.reminder.show,0.9846895933151245,reminders.task.create,0.004305185750126839,help.reminder.show,0.9866262078285217,reminders.task.create,0.003444785252213478,True,True
show my reminder schedule,help.reminder.show,help.reminder.show,0.47238120436668396,reminders.task.create,0.4473244249820709,help.reminder.show,0.8867509365081787,reminders.task.create,0.07152283191680908,True,True
which reminders are still pending,help.reminder.show,help.reminder.show,0.9755761027336121,reminders.task.create,0.009136353619396687,help.reminder.show,0.9803646802902222,reminders.task.create,0.0067317490465939045,True,True
open my reminder list,help.reminder.show,help.reminder.show,0.6224886775016785,reminders.task.complete,0.2891732156276703,help.reminder.show,0.9365980625152588,reminders.task.complete,0.04524848610162735,True,True
give me a list of reminders,help.reminder.show,reminders.task.create,0.7676060199737549,help.reminder.show,0.17890363931655884,reminders.task.create,0.7000536918640137,help.reminder.show,0.2316087931394577,False,False
what reminders are waiting,help.reminder.show,help.reminder.show,0.974922776222229,reminders.task.create,0.00801321491599083,help.reminder.show,0.9780233502388,reminders.task.create,0.006952686235308647,True,True
see the reminders i have,help.reminder.show,help.reminder.show,0.9565171003341675,reminders.task.create,0.017048165202140808,help.reminder.show,0.9737706780433655,reminders.task.complete,0.00689653167501092,True,True
show all active reminders,help.reminder.show,help.reminder.show,0.9282569289207458,reminders.task.create,0.019918981939554214,help.reminder.show,0.9742315411567688,reminders.task.create,0.006391351111233234,True,True
what did i set reminders for,help.reminder.show,help.reminder.show,0.9701242446899414,reminders.task.create,0.01938202977180481,help.reminder.show,0.9733789563179016,reminders.task.create,0.01726887933909893,True,True
let me check my reminders,help.reminder.show,help.reminder.show,0.9541214108467102,reminders.task.complete,0.013443910516798496,help.reminder.show,0.9601428508758545,reminders.task.complete,0.014126604422926903,True,True
display the reminder entries,help.reminder.show,help.reminder.show,0.9317339062690735,reminders.task.create,0.03547418862581253,help.reminder.show,0.9580699801445007,reminders.task.create,0.016049182042479515,True,True
which reminder tasks are pending,help.reminder.show,help.reminder.show,0.9800271391868591,reminders.task.create,0.006230562925338745,help.reminder.show,0.9820966720581055,reminders.task.complete,0.006142402067780495,True,True
tell me my current reminders,help.reminder.show,help.reminder.show,0.9869563579559326,reminders.task.complete,0.0030150343663990498,help.reminder.show,0.9886205792427063,reminders.task.complete,0.0028866345528513193,True,True
show my scheduled reminders,help.reminder.show,help.reminder.show,0.9822575449943542,reminders.task.complete,0.005879392381757498,help.reminder.show,0.9879327416419983,reminders.task.complete,0.0044027892872691154,True,True
what is on my reminder list,help.reminder.show,help.reminder.show,0.9752023816108704,reminders.task.complete,0.0076072062365710735,help.reminder.show,0.9812861680984497,reminders.task.complete,0.006148322951048613,True,True
list the reminders i have,help.reminder.show,help.reminder.show,0.9797003865242004,reminders.task.create,0.007355994079262018,help.reminder.show,0.986052393913269,reminders.task.create,0.0039673009887337685,True,True
read my active reminders,help.reminder.show,help.reminder.show,0.9814326167106628,reminders.task.create,0.00449312012642622,help.reminder.show,0.987059473991394,reminders.task.complete,0.003277691313996911,True,True
show me what's in reminders,help.reminder.show,help.reminder.show,0.9881263971328735,reminders.task.create,0.0019645635038614273,help.reminder.show,0.989513635635376,reminders.task.create,0.0016070667188614607,True,True
which reminders haven't been completed,help.reminder.show,help.reminder.show,0.9006407856941223,reminders.task.complete,0.04664592444896698,help.reminder.show,0.9006249308586121,reminders.task.complete,0.05149535462260246,True,True
let me view the reminder list,help.reminder.show,help.reminder.show,0.8523623943328857,device.volume.unmute,0.045507874339818954,help.reminder.show,0.9123027920722961,device.volume.unmute,0.02662891335785389,True,True
give me my current reminder status,help.reminder.show,reminders.task.create,0.9721517562866211,help.reminder.show,0.006680267862975597,reminders.task.create,0.9690127968788147,find.phone.locate,0.005758065730333328,False,False
show existing reminders,help.reminder.show,help.reminder.show,0.8661044836044312,reminders.task.create,0.07850534468889236,help.reminder.show,0.9627358317375183,reminders.task.create,0.019264496862888336,True,True
what reminders are currently saved,help.reminder.show,help.reminder.show,0.9844299554824829,reminders.task.create,0.005048819817602634,help.reminder.show,0.9857127666473389,reminders.task.create,0.00438468623906374,True,True
display my reminders,help.reminder.show,help.reminder.show,0.972515881061554,reminders.task.create,0.013154406100511551,help.reminder.show,0.9805741906166077,reminders.task.create,0.00826989859342575,True,True
can you list my reminders,help.reminder.show,help.reminder.show,0.9472482800483704,reminders.task.create,0.021928584203124046,help.reminder.show,0.9544333219528198,reminders.task.create,0.01955069787800312,True,True
tell me which reminders are active,help.reminder.show,help.reminder.show,0.9904650449752808,reminders.task.complete,0.0018141716718673706,help.reminder.show,0.9916772842407227,reminders.task.complete,0.0016206665895879269,True,True
show my pending reminder tasks,help.reminder.show,help.reminder.show,0.9478728175163269,reminders.task.complete,0.01642337255179882,help.reminder.show,0.9631028771400452,reminders.task.complete,0.015655968338251114,True,True
let me see saved reminders,help.reminder.show,help.reminder.show,0.9736341834068298,reminders.task.create,0.007733235135674477,help.reminder.show,0.9796321988105774,reminders.task.create,0.005989267490804195,True,True
what reminder tasks are on file,help.reminder.show,help.reminder.show,0.9828148484230042,reminders.task.complete,0.0043196287006139755,help.reminder.show,0.9859811067581177,reminders.task.complete,0.003726246999576688,True,True
show my outstanding reminders,help.reminder.show,help.reminder.show,0.9027860760688782,find.phone.locate,0.032848700881004333,help.reminder.show,0.9342144727706909,reminders.task.complete,0.016175448894500732,True,True
which reminders do i still have,help.reminder.show,help.reminder.show,0.9816930294036865,reminders.task.create,0.00575421703979373,help.reminder.show,0.9860920310020447,reminders.task.create,0.004199886694550514,True,True
read my reminder list,help.reminder.show,help.reminder.show,0.7484022974967957,reminders.task.complete,0.12850327789783478,help.reminder.show,0.9219423532485962,reminders.task.complete,0.0460914708673954,True,True
view my current reminders,help.reminder.show,help.reminder.show,0.9842342734336853,reminders.task.complete,0.004252702463418245,help.reminder.show,0.9882733821868896,reminders.task.complete,0.003113121259957552,True,True
what have i scheduled as reminders,help.reminder.show,help.reminder.show,0.9829355478286743,reminders.task.create,0.007112519349902868,help.reminder.show,0.9844126105308533,reminders.task.create,0.006227516569197178,True,True
show the reminder items,help.reminder.show,help.reminder.show,0.9225351214408875,reminders.task.complete,0.03476729243993759,help.reminder.show,0.9487044811248779,reminders.task.complete,0.03595827892422676,True,True
list my outstanding reminders,help.reminder.show,help.reminder.show,0.8993636965751648,reminders.task.complete,0.029838483780622482,help.reminder.show,0.9302248954772949,reminders.task.complete,0.022267187014222145,True,True
can i see what reminders i set,help.reminder.show,help.reminder.show,0.9849609136581421,reminders.task.create,0.003926884848624468,help.reminder.show,0.9867867231369019,reminders.task.create,0.003391002304852009,True,True
display the reminders i haven't finished,help.reminder.show,help.reminder.show,0.9143363237380981,reminders.task.complete,0.042074814438819885,help.reminder.show,0.9169235229492188,reminders.task.complete,0.03731906786561012,True,True
tell me about my reminders,help.reminder.show,help.reminder.show,0.9839938879013062,reminders.task.create,0.0038726371712982655,help.reminder.show,0.9865866899490356,reminders.task.create,0.0028533036820590496,True,True
show my active reminder items,help.reminder.show,help.reminder.show,0.8006998300552368,reminders.task.complete,0.12753400206565857,help.reminder.show,0.8489460349082947,reminders.task.complete,0.10471433401107788,True,True
let me check what reminders remain,help.reminder.show,help.reminder.show,0.9852316379547119,reminders.task.create,0.0036651501432061195,help.reminder.show,0.9867568016052246,reminders.task.complete,0.0037440345622599125,True,True
list all current reminder tasks,help.reminder.show,help.reminder.show,0.6886109709739685,reminders.task.create,0.1580473780632019,help.reminder.show,0.862207293510437,reminders.task.complete,0.05937788635492325,True,True
show my reminder entries,help.reminder.show,help.reminder.show,0.9528894424438477,find.phone.locate,0.014092271216213703,help.reminder.show,0.972724437713623,reminders.task.create,0.007602795027196407,True,True
set a reminder for my appointment tomorrow,reminders.task.create,reminders.task.create,0.9901697039604187,device.memory.change,0.0014935944927856326,reminders.task.create,0.9847368597984314,reminders.task.complete,0.0027684804517775774,True,True
remind me to call the clinic at nine,reminders.task.create,reminders.task.create,0.9855459332466125,device.volume.decrease,0.002152181463316083,reminders.task.create,0.980038046836853,find.phone.locate,0.0025966018438339233,True,True
create a new reminder for later,reminders.task.create,reminders.task.create,0.9906561970710754,help.reminder.show,0.001570440363138914,reminders.task.create,0.9875559210777283,reminders.task.complete,0.0018690138822421432,True,True
add a reminder to take my keys,reminders.task.create,reminders.task.create,0.9854517579078674,help.reminder.show,0.0021281989756971598,reminders.task.create,0.9781576991081238,reminders.task.complete,0.0037829827051609755,True,True
put a reminder on my schedule,reminders.task.create,reminders.task.create,0.988042950630188,help.reminder.show,0.0031358040869235992,reminders.task.create,0.9847689867019653,help.reminder.show,0.0035333563573658466,True,True
schedule a reminder for this evening,reminders.task.create,reminders.task.create,0.9909898042678833,device.memory.change,0.0014110879274085164,reminders.task.create,0.9858959317207336,reminders.task.complete,0.0024271465372294188,True,True
make a reminder for my meeting,reminders.task.create,reminders.task.create,0.9889649152755737,reminders.task.complete,0.0016460708575323224,reminders.task.create,0.9826962947845459,reminders.task.complete,0.0038736264687031507,True,True
remember to remind me about the meeting,reminders.task.create,reminders.task.create,0.9866744875907898,device.volume.increase,0.001987934811040759,reminders.task.create,0.9807835221290588,device.volume.increase,0.002976427786052227,True,True
add something to my reminders,reminders.task.create,reminders.task.create,0.8207752704620361,help.reminder.show,0.13313987851142883,reminders.task.create,0.9704437255859375,help.reminder.show,0.01354316994547844,True,True
create a reminder for next week,reminders.task.create,reminders.task.create,0.9901960492134094,help.reminder.show,0.001636916073039174,reminders.task.create,0.9872063398361206,help.reminder.show,0.001668316894210875,True,True
set one up so i don't forget,reminders.task.create,device.volume.increase,0.6210593581199646,device.memory.change,0.1577492505311966,device.volume.increase,0.8286740779876709,device.memory.change,0.07448962330818176,False,False
add a new reminder to my list,reminders.task.create,reminders.task.create,0.9772416353225708,streaming.session.start,0.0043576555326581,reminders.task.create,0.9671924114227295,reminders.task.complete,0.007383373100310564,True,True
schedule a reminder to call john,reminders.task.create,reminders.task.create,0.9873472452163696,help.reminder.show,0.002251568017527461,reminders.task.create,0.9813506603240967,reminders.task.complete,0.002596832113340497,True,True
remind me about dinner tonight,reminders.task.create,reminders.task.create,0.9870076775550842,device.volume.decrease,0.0021640334744006395,reminders.task.create,0.9817904233932495,device.volume.decrease,0.0024321628734469414,True,True
make a new reminder,reminders.task.create,reminders.task.create,0.9841873645782471,help.reminder.show,0.002546759555116296,reminders.task.create,0.9792095422744751,reminders.task.complete,0.003570938017219305,True,True
create an entry in my reminders,reminders.task.create,reminders.task.create,0.8808941841125488,help.reminder.show,0.08418398350477219,reminders.task.create,0.8891677856445312,help.reminder.show,0.07557384669780731,True,True
set something to remind me tomorrow,reminders.task.create,reminders.task.create,0.9895796179771423,device.memory.change,0.0015850140480324626,reminders.task.create,0.9860491156578064,device.memory.change,0.002094821771606803,True,True
add a reminder for the weekend,reminders.task.create,reminders.task.create,0.9901552200317383,device.memory.change,0.0013033142313361168,reminders.task.create,0.9854075312614441,reminders.task.complete,0.0028648481238633394,True,True
schedule a new reminder,reminders.task.create,reminders.task.create,0.9848340749740601,help.reminder.show,0.0027187976520508528,reminders.task.create,0.9803762435913086,reminders.task.complete,0.002983431564643979,True,True
please create a reminder,reminders.task.create,reminders.task.create,0.9850671291351318,help.reminder.show,0.003352229716256261,reminders.task.create,0.978400468826294,reminders.task.complete,0.00485055660828948,True,True
put this on my reminder list,reminders.task.create,reminders.task.create,0.8800836801528931,reminders.task.complete,0.05738803371787071,reminders.task.create,0.7682814002037048,reminders.task.complete,0.1505492478609085,True,True
remind me to buy groceries,reminders.task.create,reminders.task.create,0.9756498336791992,streaming.session.start,0.0048791165463626385,reminders.task.create,0.9667783379554749,streaming.session.start,0.007245348766446114,True,True
add an appointment reminder,reminders.task.create,reminders.task.create,0.9860682487487793,help.reminder.show,0.00307609885931015,reminders.task.create,0.9807454347610474,reminders.task.complete,0.0044846804812550545,True,True
create a reminder for the morning,reminders.task.create,reminders.task.create,0.9903254508972168,help.reminder.show,0.0018647739198058844,reminders.task.create,0.9873381853103638,reminders.task.complete,0.002107859356328845,True,True
set a reminder for later today,reminders.task.create,reminders.task.create,0.9920948147773743,device.memory.change,0.001448113122023642,reminders.task.create,0.9877278804779053,reminders.task.complete,0.002579191466793418,True,True
make sure i get a reminder about this,reminders.task.create,reminders.task.create,0.9770658612251282,reminders.task.complete,0.004751157946884632,reminders.task.create,0.9622750878334045,reminders.task.complete,0.009907050989568233,True,True
add this as a reminder,reminders.task.create,reminders.task.create,0.9884635806083679,reminders.task.complete,0.002325489418581128,reminders.task.create,0.9786955714225769,reminders.task.complete,0.006488708313554525,True,True
schedule something in reminders,reminders.task.create,reminders.task.create,0.9254781603813171,help.reminder.show,0.04713820293545723,reminders.task.create,0.9540277719497681,help.reminder.show,0.02467065304517746,True,True
create a reminder to charge the phone,reminders.task.create,reminders.task.create,0.9866085052490234,find.phone.locate,0.0025013999547809362,reminders.task.create,0.9822288751602173,find.phone.locate,0.0030896253883838654,True,True
set a reminder for my medication time,reminders.task.create,reminders.task.create,0.9800287485122681,device.memory.change,0.004265946801751852,reminders.task.create,0.9647738337516785,reminders.task.complete,0.012102877721190453,True,True
add a new reminder for tomorrow,reminders.task.create,reminders.task.create,0.9876036047935486,streaming.session.start,0.002048567635938525,reminders.task.create,0.9820175766944885,streaming.session.start,0.003137888852506876,True,True
remind me to send the email,reminders.task.create,reminders.task.create,0.986066997051239,device.volume.increase,0.0026454308535903692,reminders.task.create,0.97897869348526,device.volume.increase,0.004274463746696711,True,True
make a reminder for friday,reminders.task.create,reminders.task.create,0.992520809173584,device.volume.increase,0.0011372639564797282,reminders.task.create,0.9891769289970398,reminders.task.complete,0.001873704488389194,True,True
create a reminder entry,reminders.task.create,reminders.task.create,0.9873279929161072,help.reminder.show,0.0024068783968687057,reminders.task.create,0.9822491407394409,reminders.task.complete,0.003119091736152768,True,True
schedule a reminder for my task,reminders.task.create,reminders.task.create,0.988262951374054,help.reminder.show,0.0022620416712015867,reminders.task.create,0.9822463989257812,reminders.task.complete,0.005345096345990896,True,True
set up a reminder for the appointment,reminders.task.create,reminders.task.create,0.9911749362945557,device.volume.increase,0.001651862054131925,reminders.task.create,0.9862120151519775,device.volume.increase,0.0029561833944171667,True,True
add this task to reminders,reminders.task.create,reminders.task.create,0.7689279317855835,help.reminder.show,0.16371144354343414,reminders.task.create,0.8380056023597717,help.reminder.show,0.07262099534273148,True,True
create a new scheduled reminder,reminders.task.create,reminders.task.create,0.9864306449890137,help.reminder.show,0.0032411834690719843,reminders.task.create,0.9828566908836365,help.reminder.show,0.0030193524435162544,True,True
remind me about my call,reminders.task.create,reminders.task.create,0.9786491990089417,streaming.session.start,0.0036976493429392576,reminders.task.create,0.970170795917511,streaming.session.start,0.005605899263173342,True,True
put a reminder in place,reminders.task.create,reminders.task.create,0.9893864393234253,device.memory.change,0.002363888779655099,reminders.task.create,0.9865406155586243,device.memory.change,0.0032444738317281008,True,True
set a reminder so i remember,reminders.task.create,reminders.task.create,0.9871870279312134,help.reminder.show,0.0031964913941919804,reminders.task.create,0.9838694930076599,help.reminder.show,0.0030365281272679567,True,True
add another reminder,reminders.task.create,reminders.task.create,0.9861609935760498,reminders.task.complete,0.002821775386109948,reminders.task.create,0.9776330590248108,reminders.task.complete,0.006947244517505169,True,True
create a reminder for tonight,reminders.task.create,reminders.task.create,0.9897823333740234,help.reminder.show,0.0013617983786389232,reminders.task.create,0.9853286147117615,reminders.task.complete,0.002319437451660633,True,True
schedule my reminder,reminders.task.create,reminders.task.create,0.983834981918335,help.reminder.show,0.004475387744605541,reminders.task.create,0.9742423892021179,help.reminder.show,0.007096261717379093,True,True
make a reminder for the afternoon,reminders.task.create,reminders.task.create,0.991908848285675,device.volume.increase,0.0017252076650038362,reminders.task.create,0.9876807928085327,device.volume.increase,0.003172468626871705,True,True
remind me to check the oven,reminders.task.create,reminders.task.create,0.9806169271469116,device.volume.increase,0.0039336346089839935,reminders.task.create,0.9677478671073914,device.volume.increase,0.00634214049205184,True,True
add a reminder for an upcoming task,reminders.task.create,reminders.task.create,0.9865560531616211,help.reminder.show,0.0028750626370310783,reminders.task.create,0.9771968722343445,reminders.task.complete,0.007893222384154797,True,True
create a reminder about the trip,reminders.task.create,reminders.task.create,0.9860347509384155,help.reminder.show,0.002935422584414482,reminders.task.create,0.9794716835021973,device.volume.increase,0.003826632397249341,True,True
set one for tomorrow morning,reminders.task.create,reminders.task.create,0.9717117547988892,device.memory.change,0.00810648687183857,reminders.task.create,0.9626694321632385,device.memory.change,0.011178507469594479,True,True
put this into my reminder schedule,reminders.task.create,reminders.task.create,0.9860246777534485,find.phone.locate,0.0026290740352123976,reminders.task.create,0.9793767929077148,reminders.task.complete,0.0048732147552073,True,True
make a new reminder entry,reminders.task.create,reminders.task.create,0.9852367043495178,reminders.task.complete,0.0018662204965949059,reminders.task.create,0.9773520827293396,reminders.task.complete,0.004176038317382336,True,True
add a reminder for next month,reminders.task.create,reminders.task.create,0.9919427633285522,help.reminder.show,0.0012084519257768989,reminders.task.create,0.989096999168396,reminders.task.complete,0.002008521929383278,True,True
create a reminder to call home,reminders.task.create,reminders.task.create,0.9832828044891357,help.reminder.show,0.004861520603299141,reminders.task.create,0.9779195785522461,help.reminder.show,0.005469297058880329,True,True
schedule something as a reminder,reminders.task.create,reminders.task.create,0.9913201928138733,help.reminder.show,0.0018154480494558811,reminders.task.create,0.989594578742981,reminders.task.complete,0.0017732362030074,True,True
set up a new reminder,reminders.task.create,reminders.task.create,0.9896557331085205,device.memory.change,0.002347348490729928,reminders.task.create,0.9847071766853333,device.memory.change,0.003529552835971117,True,True
mark my current reminder as done,reminders.task.complete,reminders.task.complete,0.9897245168685913,reminders.task.create,0.0020082031842321157,reminders.task.complete,0.987424910068512,reminders.task.create,0.002350015565752983,True,True
finish the reminder i just handled,reminders.task.complete,reminders.task.complete,0.9508413672447205,streaming.session.stop,0.011701428331434727,reminders.task.complete,0.9267758727073669,streaming.session.stop,0.019871871918439865,True,True
dismiss the reminder that is completed,reminders.task.complete,reminders.task.complete,0.974460244178772,help.reminder.show,0.00765058072283864,reminders.task.complete,0.9655663967132568,device.volume.decrease,0.010172511450946331,True,True
check off my latest reminder,reminders.task.complete,reminders.task.complete,0.9879859089851379,help.reminder.show,0.0021395657677203417,reminders.task.complete,0.9842400550842285,device.volume.mute,0.0029659122228622437,True,True
clear the reminder i finished,reminders.task.complete,reminders.task.complete,0.9682268500328064,help.reminder.show,0.00943022407591343,reminders.task.complete,0.9489386081695557,streaming.session.stop,0.012745007872581482,True,True
mark that reminder complete,reminders.task.complete,reminders.task.complete,0.9919872283935547,device.volume.unmute,0.001517999335192144,reminders.task.complete,0.9894606471061707,device.volume.unmute,0.0017113571520894766,True,True
remove the reminder i have already done,reminders.task.complete,reminders.task.complete,0.8368837237358093,help.reminder.show,0.10188925266265869,reminders.task.complete,0.8835188746452332,help.reminder.show,0.07170633971691132,True,True
complete my pending reminder,reminders.task.complete,reminders.task.complete,0.9926593899726868,find.phone.locate,0.001533632050268352,reminders.task.complete,0.9905089139938354,find.phone.locate,0.001555072725750506,True,True
close out the reminder i finished,reminders.task.complete,reminders.task.complete,0.9793614745140076,streaming.session.stop,0.0056566339917480946,reminders.task.complete,0.9644928574562073,streaming.session.stop,0.009677581489086151,True,True
mark the task behind the reminder as complete,reminders.task.complete,reminders.task.complete,0.9888371229171753,help.reminder.show,0.0020296392031013966,reminders.task.complete,0.9855722784996033,device.volume.mute,0.003295330563560128,True,True
"i've done it, complete that reminder",reminders.task.complete,reminders.task.complete,0.9398919343948364,device.volume.unmute,0.01093230303376913,reminders.task.complete,0.9139898419380188,device.volume.unmute,0.013950702734291553,True,True
dismiss my completed reminder,reminders.task.complete,reminders.task.complete,0.9885329008102417,device.volume.decrease,0.002700469456613064,reminders.task.complete,0.9848968982696533,device.volume.decrease,0.0036265896633267403,True,True
check that reminder off my list,reminders.task.complete,reminders.task.complete,0.9857915639877319,reminders.task.create,0.0029324546921998262,reminders.task.complete,0.9843662977218628,help.reminder.show,0.003785110078752041,True,True
finish the active reminder,reminders.task.complete,reminders.task.complete,0.9832261204719543,help.reminder.show,0.002881578402593732,reminders.task.complete,0.9758049845695496,streaming.session.stop,0.003834567964076996,True,True
mark the reminder as completed,reminders.task.complete,reminders.task.complete,0.9913867115974426,help.reminder.show,0.002012496115639806,reminders.task.complete,0.9908730983734131,help.reminder.show,0.0018915183609351516,True,True
clear my finished reminder,reminders.task.complete,reminders.task.complete,0.9886230826377869,help.reminder.show,0.001798285753466189,reminders.task.complete,0.98246830701828,device.volume.mute,0.00331270438618958,True,True
complete the reminder task,reminders.task.complete,reminders.task.complete,0.9922499656677246,help.reminder.show,0.0017705229111015797,reminders.task.complete,0.9865078926086426,help.reminder.show,0.0029395194724202156,True,True
remove the reminder after finishing it,reminders.task.complete,reminders.task.complete,0.9335063099861145,help.reminder.show,0.019879775121808052,reminders.task.complete,0.9258522987365723,device.volume.mute,0.020532377064228058,True,True
close the reminder i completed,reminders.task.complete,reminders.task.complete,0.9644254446029663,help.reminder.show,0.014731727540493011,reminders.task.complete,0.9598629474639893,help.reminder.show,0.010808215476572514,True,True
mark my reminder done,reminders.task.complete,reminders.task.complete,0.9919483661651611,reminders.task.create,0.001344639458693564,reminders.task.complete,0.9904081225395203,reminders.task.create,0.001517970347777009,True,True
"i finished that task, clear its reminder",reminders.task.complete,reminders.task.complete,0.9655703902244568,help.reminder.show,0.008580129593610764,reminders.task.complete,0.9168209433555603,device.volume.mute,0.03083057515323162,True,True
complete my latest reminder,reminders.task.complete,reminders.task.complete,0.989701509475708,device.volume.unmute,0.0013667624443769455,reminders.task.complete,0.9844638705253601,device.volume.mute,0.003075522603467107,True,True
dismiss the reminder i no longer need,reminders.task.complete,reminders.task.complete,0.8684964776039124,help.reminder.show,0.06528593599796295,reminders.task.complete,0.826511800289154,help.reminder.show,0.059062570333480835,True,True
check off the task i was reminded about,reminders.task.complete,reminders.task.complete,0.8752043843269348,find.phone.locate,0.03254125639796257,reminders.task.complete,0.7550110816955566,device.volume.mute,0.1411164104938507,True,True
mark that reminder as finished,reminders.task.complete,reminders.task.complete,0.9923903346061707,reminders.task.create,0.0015495913103222847,reminders.task.complete,0.989496648311615,reminders.task.create,0.0020046632271260023,True,True
clear the completed reminder,reminders.task.complete,reminders.task.complete,0.9831513166427612,help.reminder.show,0.005523576866835356,reminders.task.complete,0.9789184927940369,help.reminder.show,0.005282024387270212,True,True
finish the reminder task,reminders.task.complete,reminders.task.complete,0.9888904094696045,help.reminder.show,0.002370554255321622,reminders.task.complete,0.9823756814002991,device.volume.mute,0.0033458105754107237,True,True
complete the active reminder,reminders.task.complete,reminders.task.complete,0.9906721115112305,help.reminder.show,0.0017193263629451394,reminders.task.complete,0.9866142868995667,help.reminder.show,0.0026184343732893467,True,True
remove the reminder i just completed,reminders.task.complete,reminders.task.complete,0.5358011722564697,help.reminder.show,0.26871010661125183,reminders.task.complete,0.7476938962936401,help.reminder.show,0.15740719437599182,True,True
mark this reminder done,reminders.task.complete,reminders.task.complete,0.9860605001449585,reminders.task.create,0.004317213781177998,reminders.task.complete,0.9843202829360962,reminders.task.create,0.0045280675403773785,True,True
dismiss my current reminder,reminders.task.complete,reminders.task.complete,0.9854614734649658,help.reminder.show,0.004263903480023146,reminders.task.complete,0.9791982173919678,help.reminder.show,0.007370560895651579,True,True
check off my reminder,reminders.task.complete,reminders.task.complete,0.9892559051513672,help.reminder.show,0.0019671176560223103,reminders.task.complete,0.9857358336448669,device.volume.mute,0.0034751712810248137,True,True
finish the reminder that's pending,reminders.task.complete,reminders.task.complete,0.9191159009933472,streaming.session.stop,0.030623748898506165,reminders.task.complete,0.8674591183662415,streaming.session.stop,0.0568835623562336,True,True
complete that reminder now,reminders.task.complete,reminders.task.complete,0.9805963039398193,reminders.task.create,0.005246086046099663,reminders.task.complete,0.9741264581680298,reminders.task.create,0.0063341595232486725,True,True
clear the reminder i handled,reminders.task.complete,reminders.task.complete,0.9295056462287903,help.reminder.show,0.03783769905567169,reminders.task.complete,0.9289628863334656,help.reminder.show,0.03133758530020714,True,True
mark my outstanding reminder complete,reminders.task.complete,reminders.task.complete,0.9889289736747742,find.phone.locate,0.003080332651734352,reminders.task.complete,0.9855951070785522,find.phone.locate,0.002960516605526209,True,True
close my completed reminder,reminders.task.complete,reminders.task.complete,0.9881722331047058,device.volume.decrease,0.0018480969592928886,reminders.task.complete,0.9831889271736145,device.volume.mute,0.0034095391165465117,True,True
finish my active reminder,reminders.task.complete,reminders.task.complete,0.9856505990028381,streaming.session.stop,0.0023817908950150013,reminders.task.complete,0.9787247776985168,streaming.session.stop,0.003834943985566497,True,True
complete the reminder i just dealt with,reminders.task.complete,reminders.task.complete,0.963236391544342,device.volume.unmute,0.007806858979165554,reminders.task.complete,0.9434045553207397,help.reminder.show,0.011903303675353527,True,True
remove my finished reminder,reminders.task.complete,reminders.task.complete,0.9779387712478638,streaming.session.stop,0.003896485548466444,reminders.task.complete,0.9660072326660156,device.volume.mute,0.009539191611111164,True,True
mark the current reminder as completed,reminders.task.complete,reminders.task.complete,0.985734224319458,help.reminder.show,0.004908495582640171,reminders.task.complete,0.9871312975883484,help.reminder.show,0.003604003693908453,True,True
dismiss the reminder after completing it,reminders.task.complete,reminders.task.complete,0.9810017943382263,help.reminder.show,0.005891766399145126,reminders.task.complete,0.9722166657447815,help.reminder.show,0.007210015319287777,True,True
check the reminder off as done,reminders.task.complete,reminders.task.complete,0.9848946928977966,help.reminder.show,0.0028012224938720465,reminders.task.complete,0.9829385280609131,help.reminder.show,0.0027653807774186134,True,True
complete my pending reminder task,reminders.task.complete,reminders.task.complete,0.9920206665992737,help.reminder.show,0.002301223808899522,reminders.task.complete,0.9886723160743713,help.reminder.show,0.003315890906378627,True,True
clear the task reminder i finished,reminders.task.complete,reminders.task.complete,0.9820939898490906,help.reminder.show,0.007303217891603708,reminders.task.complete,0.972714364528656,help.reminder.show,0.008845007047057152,True,True
mark that item complete,reminders.task.complete,reminders.task.complete,0.9898932576179504,device.volume.unmute,0.0017905061831697822,reminders.task.complete,0.9837145209312439,device.volume.mute,0.002478554379194975,True,True
finish this reminder,reminders.task.complete,reminders.task.complete,0.9813832640647888,streaming.session.stop,0.0037724270951002836,reminders.task.complete,0.9745473265647888,streaming.session.stop,0.005744189489632845,True,True
remove the completed reminder,reminders.task.complete,reminders.task.complete,0.9693296551704407,help.reminder.show,0.011379331350326538,reminders.task.complete,0.9718471765518188,device.volume.mute,0.007703142706304789,True,True
complete the current reminder,reminders.task.complete,reminders.task.complete,0.987203061580658,device.volume.increase,0.002886061789467931,reminders.task.complete,0.979909360408783,device.volume.increase,0.004623019602149725,True,True
close out this reminder,reminders.task.complete,reminders.task.complete,0.9818183779716492,reminders.task.create,0.003955835476517677,reminders.task.complete,0.9766631722450256,device.volume.mute,0.004385205917060375,True,True
mark the reminder finished,reminders.task.complete,reminders.task.complete,0.99326092004776,help.reminder.show,0.0008998425910249352,reminders.task.complete,0.9889134764671326,device.volume.mute,0.0023331802804023027,True,True
clear my completed task reminder,reminders.task.complete,reminders.task.complete,0.9898831248283386,help.reminder.show,0.003008454805240035,reminders.task.complete,0.9850731492042542,help.reminder.show,0.0038372522685676813,True,True
check off the current reminder,reminders.task.complete,reminders.task.complete,0.9886793494224548,help.reminder.show,0.002302966546267271,reminders.task.complete,0.9857215881347656,device.volume.mute,0.0031876610592007637,True,True
complete the reminder item,reminders.task.complete,reminders.task.complete,0.9898149967193604,help.reminder.show,0.0028153874445706606,reminders.task.complete,0.9860429763793945,help.reminder.show,0.003951223101466894,True,True
send audio from my phone to the hearing aids,streaming.session.start,streaming.session.start,0.9825981855392456,find.phone.locate,0.0027207941748201847,streaming.session.start,0.9752898216247559,device.volume.mute,0.004023764748126268,True,True
start streaming music into my hearing aids,streaming.session.start,streaming.session.start,0.9908347129821777,streaming.session.stop,0.00124764209613204,streaming.session.start,0.9882927536964417,streaming.session.stop,0.0015607449458912015,True,True
connect the laptop audio to my devices,streaming.session.start,streaming.session.start,0.9910366535186768,streaming.session.stop,0.0014285979559645057,streaming.session.start,0.986972987651825,device.volume.unmute,0.002185364253818989,True,True
play my tablet sound through the hearing aids,streaming.session.start,streaming.session.start,0.9721660614013672,device.volume.mute,0.007437257561832666,streaming.session.start,0.9549779295921326,device.volume.mute,0.015945246443152428,True,True
route the phone's audio to my hearing aids,streaming.session.start,streaming.session.start,0.9527231454849243,find.phone.locate,0.019116153940558434,streaming.session.start,0.9628092050552368,find.phone.locate,0.011659744195640087,True,True
begin streaming from my mobile,streaming.session.start,streaming.session.start,0.9807603359222412,find.phone.locate,0.004456258378922939,streaming.session.start,0.9776215553283691,find.phone.locate,0.005129160359501839,True,True
let me hear the tv through my hearing aids,streaming.session.start,streaming.session.start,0.9796432852745056,device.volume.unmute,0.003896036185324192,streaming.session.start,0.9713257551193237,device.volume.unmute,0.005974248051643372,True,True
start an audio connection with my phone,streaming.session.start,streaming.session.start,0.9855479598045349,find.phone.locate,0.003222599159926176,streaming.session.start,0.9805035591125488,find.phone.locate,0.004326980095356703,True,True
stream sound from the computer,streaming.session.start,streaming.session.start,0.9869062304496765,streaming.session.stop,0.0023864118847995996,streaming.session.start,0.9833987951278687,streaming.session.stop,0.0029078444931656122,True,True
connect my hearing aids to the television audio,streaming.session.start,streaming.session.start,0.988457977771759,device.volume.unmute,0.0015509732766076922,streaming.session.start,0.9848598837852478,device.volume.mute,0.0023535650689154863,True,True
start sending media audio to my devices,streaming.session.start,streaming.session.start,0.9844127297401428,device.volume.mute,0.0024326727725565434,streaming.session.start,0.9770023822784424,device.volume.mute,0.004944489803165197,True,True
play the phone through my hearing aids,streaming.session.start,streaming.session.start,0.974494457244873,find.phone.locate,0.00550619512796402,streaming.session.start,0.9653373956680298,find.phone.locate,0.006427684798836708,True,True
begin streaming from the laptop,streaming.session.start,streaming.session.start,0.9865763187408447,streaming.session.stop,0.0035651656799018383,streaming.session.start,0.9840510487556458,streaming.session.stop,0.004690296947956085,True,True
route music into my hearing aids,streaming.session.start,streaming.session.start,0.9337382316589355,device.volume.decrease,0.03168787062168121,streaming.session.start,0.9265281558036804,device.volume.decrease,0.030771002173423767,True,True
connect to my tablet for audio,streaming.session.start,streaming.session.start,0.9863722920417786,device.memory.change,0.0021598453167825937,streaming.session.start,0.9828851222991943,streaming.session.stop,0.0026643122546374798,True,True
start the streaming session,streaming.session.start,streaming.session.start,0.987529993057251,streaming.session.stop,0.0022909105755388737,streaming.session.start,0.9851358532905579,streaming.session.stop,0.0029257333371788263,True,True
send the computer sound to my hearing aids,streaming.session.start,streaming.session.start,0.960522472858429,device.volume.unmute,0.011940667405724525,streaming.session.start,0.9304547905921936,device.volume.mute,0.028753885999321938,True,True
play tv audio through the devices,streaming.session.start,streaming.session.start,0.9846187233924866,device.volume.unmute,0.0026154506485909224,streaming.session.start,0.9760367274284363,device.volume.mute,0.005551724694669247,True,True
start streaming from my smartphone,streaming.session.start,streaming.session.start,0.984835684299469,find.phone.locate,0.004212148021906614,streaming.session.start,0.9815780520439148,find.phone.locate,0.004872799851000309,True,True
connect my hearing aids to the media source,streaming.session.start,streaming.session.start,0.9848493337631226,device.volume.increase,0.0025336272083222866,streaming.session.start,0.9783489108085632,device.volume.increase,0.0038097286596894264,True,True
begin routing audio from the phone,streaming.session.start,streaming.session.start,0.9686901569366455,device.volume.unmute,0.0067335874773561954,streaming.session.start,0.9337529540061951,device.volume.unmute,0.02342889830470085,True,True
stream the laptop's sound to my devices,streaming.session.start,streaming.session.start,0.7809279561042786,streaming.session.stop,0.07609391212463379,streaming.session.start,0.9557017683982849,streaming.session.stop,0.014002734795212746,True,True
let the hearing aids receive tv audio,streaming.session.start,streaming.session.start,0.9654743671417236,device.volume.unmute,0.013231003656983376,streaming.session.start,0.9307123422622681,device.volume.unmute,0.03631199896335602,True,True
start a connection for media sound,streaming.session.start,streaming.session.start,0.9840330481529236,device.memory.change,0.0025284881703555584,streaming.session.start,0.9786883592605591,device.volume.mute,0.0030217317398637533,True,True
send music directly to my hearing aids,streaming.session.start,streaming.session.start,0.9811862707138062,device.volume.unmute,0.0035112504847347736,streaming.session.start,0.972285270690918,device.volume.mute,0.007402768358588219,True,True
begin audio streaming,streaming.session.start,streaming.session.start,0.9902098178863525,streaming.session.stop,0.001833777641877532,streaming.session.start,0.987894594669342,streaming.session.stop,0.0021977960132062435,True,True
connect the hearing aids for streaming,streaming.session.start,streaming.session.start,0.99045729637146,streaming.session.stop,0.0017268666997551918,streaming.session.start,0.9880592226982117,streaming.session.stop,0.0022501701023429632,True,True
route my tablet audio to the devices,streaming.session.start,streaming.session.start,0.9857272505760193,streaming.session.stop,0.0017216579290106893,streaming.session.start,0.9781075119972229,device.volume.mute,0.003888459410518408,True,True
start playing phone audio through the hearing aids,streaming.session.start,streaming.session.start,0.9805753231048584,device.volume.decrease,0.0040282257832586765,streaming.session.start,0.9718905687332153,device.volume.mute,0.005220992024987936,True,True
stream audio from my computer,streaming.session.start,streaming.session.start,0.9910125136375427,streaming.session.stop,0.0025464037898927927,streaming.session.start,0.9890961050987244,streaming.session.stop,0.002749140141531825,True,True
connect to the tv audio,streaming.session.start,streaming.session.start,0.9886554479598999,device.memory.change,0.0020180880092084408,streaming.session.start,0.9862603545188904,streaming.session.stop,0.0022076743189245462,True,True
begin streaming media to the hearing aids,streaming.session.start,streaming.session.start,0.9883536100387573,streaming.session.stop,0.0016363364411517978,streaming.session.start,0.9851522445678711,device.volume.mute,0.0023876328486949205,True,True
start routing sound from my phone,streaming.session.start,streaming.session.start,0.9645652770996094,find.phone.locate,0.007386323530226946,streaming.session.start,0.948240339756012,find.phone.locate,0.011244427412748337,True,True
play the computer audio through my devices,streaming.session.start,streaming.session.start,0.9852564930915833,device.volume.mute,0.003309056395664811,streaming.session.start,0.9739921689033508,device.volume.mute,0.009099850431084633,True,True
establish the audio stream,streaming.session.start,streaming.session.stop,0.5639985799789429,streaming.session.start,0.3317590653896332,streaming.session.stop,0.48995158076286316,device.volume.unmute,0.28469792008399963,False,False
start sending sound to the hearing aids,streaming.session.start,streaming.session.start,0.978281557559967,device.volume.decrease,0.0036476170644164085,streaming.session.start,0.9694340825080872,device.volume.unmute,0.004795496352016926,True,True
connect my phone for streaming,streaming.session.start,streaming.session.start,0.9776192903518677,find.phone.locate,0.006693004630506039,streaming.session.start,0.9743853211402893,find.phone.locate,0.006934259552508593,True,True
begin the media audio connection,streaming.session.start,streaming.session.start,0.9885362386703491,streaming.session.stop,0.00227369274944067,streaming.session.start,0.9854037165641785,streaming.session.stop,0.002916163532063365,True,True
stream sound from the television,streaming.session.start,streaming.session.start,0.9856378436088562,streaming.session.stop,0.002367353066802025,streaming.session.start,0.9816537499427795,streaming.session.stop,0.0030608486849814653,True,True
route audio from my laptop,streaming.session.start,streaming.session.start,0.9819229245185852,streaming.session.stop,0.003024016274139285,streaming.session.start,0.9796249866485596,streaming.session.stop,0.0033123851753771305,True,True
start streaming from my tablet,streaming.session.start,streaming.session.start,0.9904791712760925,streaming.session.stop,0.0022910914849489927,streaming.session.start,0.9883952140808105,streaming.session.stop,0.002778056776151061,True,True
send tv sound into the hearing aids,streaming.session.start,streaming.session.start,0.9496602416038513,device.volume.decrease,0.010317792184650898,streaming.session.start,0.9274325370788574,device.volume.mute,0.019934803247451782,True,True
open the audio stream,streaming.session.start,streaming.session.start,0.9863294959068298,streaming.session.stop,0.003515527816489339,streaming.session.start,0.9632745385169983,device.volume.unmute,0.01353820227086544,True,True
connect the devices to my phone audio,streaming.session.start,streaming.session.start,0.9785934686660767,find.phone.locate,0.008219744078814983,streaming.session.start,0.9705737829208374,find.phone.locate,0.010608624666929245,True,True
start streaming the media,streaming.session.start,streaming.session.start,0.9869475364685059,streaming.session.stop,0.002753918059170246,streaming.session.start,0.9837397933006287,streaming.session.stop,0.0035181348212063313,True,True
begin playing audio through the hearing aids,streaming.session.start,streaming.session.start,0.9809296131134033,device.memory.change,0.004053404089063406,streaming.session.start,0.9747705459594727,device.volume.mute,0.005243931896984577,True,True
route music from my smartphone,streaming.session.start,streaming.session.start,0.5338154435157776,find.phone.locate,0.27245745062828064,streaming.session.start,0.4881680905818939,find.phone.locate,0.3141586184501648,True,True
start the hearing aid streaming connection,streaming.session.start,streaming.session.start,0.9922771453857422,streaming.session.stop,0.0018869019113481045,streaming.session.start,0.9902946949005127,streaming.session.stop,0.0022993560414761305,True,True
connect my laptop audio,streaming.session.start,streaming.session.start,0.9874602556228638,streaming.session.stop,0.0021849360782653093,streaming.session.start,0.9816701412200928,device.volume.unmute,0.004295559134334326,True,True
begin streaming from the tv,streaming.session.start,streaming.session.start,0.9882395267486572,streaming.session.stop,0.0031605525873601437,streaming.session.start,0.9863467812538147,streaming.session.stop,0.003929486032575369,True,True
send media sound to my hearing aids,streaming.session.start,streaming.session.start,0.9654096961021423,device.volume.mute,0.011367140337824821,streaming.session.start,0.9357125759124756,device.volume.mute,0.03037256747484207,True,True
start an audio stream from the phone,streaming.session.start,streaming.session.start,0.9822567105293274,find.phone.locate,0.002408046508207917,streaming.session.start,0.9740798473358154,device.volume.mute,0.0038419198244810104,True,True
route my computer's sound to the devices,streaming.session.start,streaming.session.start,0.8056046366691589,device.volume.unmute,0.06177642196416855,streaming.session.start,0.9134447574615479,device.volume.mute,0.020558690652251244,True,True
connect for audio streaming,streaming.session.start,streaming.session.start,0.990724503993988,streaming.session.stop,0.0023911367170512676,streaming.session.start,0.9885165691375732,streaming.session.stop,0.003107649739831686,True,True
stop sending audio to my hearing aids,streaming.session.stop,streaming.session.stop,0.9555919766426086,device.volume.mute,0.01242750696837902,streaming.session.stop,0.8701202273368835,device.volume.mute,0.06923625618219376,True,True
end the current streaming session,streaming.session.stop,streaming.session.stop,0.9750941395759583,reminders.task.complete,0.007162404712289572,streaming.session.stop,0.9701659679412842,reminders.task.complete,0.007026977371424437,True,True
disconnect the phone audio,streaming.session.stop,streaming.session.stop,0.9869900345802307,find.phone.locate,0.0036462012212723494,streaming.session.stop,0.9703279137611389,device.volume.unmute,0.00822241511195898,True,True
stop streaming from my laptop,streaming.session.stop,streaming.session.stop,0.9952438473701477,streaming.session.start,0.0008345102542079985,streaming.session.stop,0.9935089945793152,device.volume.decrease,0.0013538968050852418,True,True
end the media connection,streaming.session.stop,streaming.session.stop,0.9911572933197021,find.phone.locate,0.0014019040390849113,streaming.session.stop,0.9861664772033691,device.volume.unmute,0.002893000142648816,True,True
disconnect my hearing aids from the tv audio,streaming.session.stop,streaming.session.stop,0.9832940101623535,device.memory.change,0.0029143192805349827,streaming.session.stop,0.9697054028511047,device.volume.mute,0.007001918740570545,True,True
stop the audio stream,streaming.session.stop,streaming.session.stop,0.9943998456001282,streaming.session.start,0.0008178964490070939,streaming.session.stop,0.9902426600456238,device.volume.decrease,0.0019127213163301349,True,True
turn off the current streaming connection,streaming.session.stop,streaming.session.stop,0.9908825755119324,streaming.session.start,0.002193848369643092,streaming.session.stop,0.98764568567276,streaming.session.start,0.003074859967455268,True,True
end streaming now,streaming.session.stop,streaming.session.stop,0.9721537828445435,device.volume.unmute,0.00995221920311451,streaming.session.stop,0.9589518904685974,device.volume.unmute,0.018152235075831413,True,True
stop routing sound from the phone,streaming.session.stop,streaming.session.stop,0.9746062159538269,device.volume.mute,0.0065394314005970955,streaming.session.stop,0.9528636932373047,device.volume.decrease,0.015571999363601208,True,True
disconnect the tablet audio,streaming.session.stop,streaming.session.stop,0.9892170429229736,device.volume.unmute,0.002300516003742814,streaming.session.stop,0.9722630977630615,device.volume.unmute,0.009822804480791092,True,True
finish the current streaming session,streaming.session.stop,streaming.session.stop,0.8713130354881287,reminders.task.complete,0.08357370644807816,streaming.session.stop,0.8938531279563904,reminders.task.complete,0.05980615317821503,True,True
stop sending media sound to the devices,streaming.session.stop,streaming.session.stop,0.6763929724693298,device.volume.mute,0.27004387974739075,device.volume.mute,0.6714528203010559,streaming.session.stop,0.2798957824707031,True,False
disconnect the laptop from my hearing aids,streaming.session.stop,streaming.session.stop,0.9800169467926025,device.volume.decrease,0.003363671712577343,streaming.session.stop,0.9670072197914124,device.volume.decrease,0.008662829175591469,True,True
end the audio stream,streaming.session.stop,streaming.session.stop,0.9884445667266846,device.volume.unmute,0.002861598040908575,streaming.session.stop,0.9721581935882568,device.volume.unmute,0.0114925941452384,True,True
stop streaming music,streaming.session.stop,streaming.session.stop,0.9939664602279663,streaming.session.start,0.0012932068202644587,streaming.session.stop,0.9909900426864624,streaming.session.start,0.0017794552259147167,True,True
break the current audio connection,streaming.session.stop,streaming.session.start,0.7823521494865417,streaming.session.stop,0.0876355916261673,streaming.session.start,0.4594269096851349,device.volume.unmute,0.32007113099098206,False,False
disconnect the hearing aids from the phone,streaming.session.stop,streaming.session.stop,0.9772948026657104,device.volume.unmute,0.0040753851644694805,streaming.session.stop,0.9631609320640564,device.volume.decrease,0.008296380750834942,True,True
stop the tv audio stream,streaming.session.stop,streaming.session.stop,0.9939802885055542,streaming.session.start,0.0011610769433900714,streaming.session.stop,0.9902230501174927,device.volume.mute,0.001646724995225668,True,True
close the streaming session,streaming.session.stop,streaming.session.stop,0.9320549964904785,reminders.task.complete,0.04194233566522598,streaming.session.stop,0.9340380430221558,reminders.task.complete,0.036243025213479996,True,True
end the connection carrying audio,streaming.session.stop,streaming.session.stop,0.9793334603309631,device.volume.unmute,0.005722633097320795,streaming.session.stop,0.9600375294685364,device.volume.unmute,0.017297755926847458,True,True
stop routing the computer sound,streaming.session.stop,streaming.session.stop,0.9354062080383301,device.volume.mute,0.016529442742466927,streaming.session.stop,0.8277830481529236,device.volume.mute,0.059893764555454254,True,True
disconnect from the media source,streaming.session.stop,streaming.session.stop,0.9888792037963867,device.memory.change,0.0016820477321743965,streaming.session.stop,0.9836322665214539,device.volume.decrease,0.0033165074419230223,True,True
finish streaming,streaming.session.stop,streaming.session.stop,0.9629985094070435,streaming.session.start,0.014387563802301884,streaming.session.stop,0.9543291926383972,streaming.session.start,0.016919147223234177,True,True
stop the audio coming from my phone,streaming.session.stop,streaming.session.stop,0.9829444289207458,device.volume.mute,0.0042403931729495525,streaming.session.stop,0.9633881449699402,device.volume.mute,0.01389225758612156,True,True
end the current media stream,streaming.session.stop,streaming.session.stop,0.9880030155181885,reminders.task.complete,0.0026731863617897034,streaming.session.stop,0.9816440939903259,reminders.task.complete,0.0033405127469450235,True,True
disconnect the hearing aids from the laptop,streaming.session.stop,streaming.session.stop,0.9753274321556091,device.volume.unmute,0.004611271899193525,streaming.session.stop,0.9601864218711853,device.volume.mute,0.009946760721504688,True,True
stop the streaming connection,streaming.session.stop,streaming.session.stop,0.9962305426597595,streaming.session.start,0.0008485072175972164,streaming.session.stop,0.9947558641433716,streaming.session.start,0.0011270736576989293,True,True
turn off audio streaming,streaming.session.stop,streaming.session.stop,0.9867594838142395,streaming.session.start,0.003150736913084984,streaming.session.stop,0.9766864776611328,device.volume.mute,0.007573994807898998,True,True
end the phone audio connection,streaming.session.stop,streaming.session.stop,0.9871771335601807,find.phone.locate,0.0032429220154881477,streaming.session.stop,0.9717025756835938,device.volume.unmute,0.010657423175871372,True,True
stop sending tv sound,streaming.session.stop,streaming.session.stop,0.9471308588981628,device.volume.mute,0.02017556130886078,streaming.session.stop,0.8208418488502502,device.volume.mute,0.10761707276105881,True,True
disconnect the tablet from the hearing aids,streaming.session.stop,streaming.session.stop,0.9804588556289673,device.volume.decrease,0.0032019666396081448,streaming.session.stop,0.9668883085250854,device.volume.decrease,0.008341209031641483,True,True
close the audio stream,streaming.session.stop,streaming.session.stop,0.9790658950805664,streaming.session.start,0.011231972835958004,streaming.session.stop,0.9672224521636963,streaming.session.start,0.014043647795915604,True,True
finish the streaming session,streaming.session.stop,streaming.session.stop,0.9406548142433167,reminders.task.complete,0.033758439123630524,streaming.session.stop,0.9419721961021423,reminders.task.complete,0.02766457013785839,True,True
stop media audio,streaming.session.stop,streaming.session.stop,0.9847360253334045,device.volume.mute,0.006145034451037645,streaming.session.stop,0.9604908227920532,device.volume.mute,0.02274860255420208,True,True
break the streaming link,streaming.session.stop,streaming.session.start,0.978131890296936,streaming.session.stop,0.009244582615792751,streaming.session.start,0.9530361294746399,streaming.session.stop,0.023459693416953087,False,False
disconnect the computer audio,streaming.session.stop,streaming.session.stop,0.9881369471549988,device.volume.unmute,0.0031269595492631197,streaming.session.stop,0.9675989747047424,device.volume.unmute,0.013791479170322418,True,True
stop the current stream,streaming.session.stop,streaming.session.stop,0.9944625496864319,streaming.session.start,0.0008284275536425412,streaming.session.stop,0.9926833510398865,device.volume.decrease,0.001496756449341774,True,True
end audio streaming,streaming.session.stop,streaming.session.stop,0.9888211488723755,device.volume.unmute,0.003124621696770191,streaming.session.stop,0.9769245386123657,device.volume.unmute,0.01003718189895153,True,True
remove the active streaming connection,streaming.session.stop,streaming.session.stop,0.9780174493789673,streaming.session.start,0.016341187059879303,streaming.session.stop,0.9786791205406189,streaming.session.start,0.014606436714529991,True,True
stop routing sound to my devices,streaming.session.stop,streaming.session.stop,0.7372283935546875,device.volume.mute,0.20616917312145233,device.volume.mute,0.6054940819740295,streaming.session.stop,0.3381449580192566,True,False
disconnect from the tv,streaming.session.stop,streaming.session.stop,0.9909107089042664,device.memory.change,0.0020045130513608456,streaming.session.stop,0.9873675107955933,device.memory.change,0.002332521602511406,True,True
finish the current audio connection,streaming.session.stop,streaming.session.stop,0.957973837852478,streaming.session.start,0.01094165537506342,streaming.session.stop,0.932693600654602,streaming.session.start,0.01393021922558546,True,True
stop the phone stream,streaming.session.stop,streaming.session.stop,0.9942119717597961,find.phone.locate,0.001215728698298335,streaming.session.stop,0.9921974539756775,device.volume.decrease,0.0016040474874898791,True,True
close the media connection,streaming.session.stop,streaming.session.stop,0.9934875965118408,streaming.session.start,0.0016755304532125592,streaming.session.stop,0.9913164377212524,streaming.session.start,0.0018990266835317016,True,True
end streaming from the laptop,streaming.session.stop,streaming.session.stop,0.9928669929504395,streaming.session.start,0.0010896124877035618,streaming.session.stop,0.9902661442756653,device.volume.unmute,0.0017008589347824454,True,True
disconnect the audio source,streaming.session.stop,streaming.session.stop,0.982545018196106,device.volume.unmute,0.004447117447853088,streaming.session.stop,0.958526074886322,device.volume.unmute,0.01681123673915863,True,True
stop streaming to the hearing aids,streaming.session.stop,streaming.session.stop,0.9865362048149109,streaming.session.start,0.0025916704908013344,streaming.session.stop,0.977464497089386,device.volume.mute,0.005754780489951372,True,True
terminate the active audio stream,streaming.session.stop,streaming.session.stop,0.9423094987869263,streaming.session.start,0.04264558106660843,streaming.session.stop,0.9398159384727478,streaming.session.start,0.02952108345925808,True,True
disconnect my phone audio,streaming.session.stop,streaming.session.stop,0.9880670309066772,find.phone.locate,0.0037287212908267975,streaming.session.stop,0.9738710522651672,find.phone.locate,0.006510681007057428,True,True
end the hearing aid streaming session,streaming.session.stop,streaming.session.stop,0.9378067255020142,device.volume.unmute,0.03195265308022499,streaming.session.stop,0.9209378361701965,device.volume.unmute,0.0429890975356102,True,True
stop the media connection,streaming.session.stop,streaming.session.stop,0.9947006702423096,device.volume.decrease,0.0008417008793912828,streaming.session.stop,0.9922116994857788,device.volume.decrease,0.001798692042939365,True,True
close the current stream,streaming.session.stop,streaming.session.stop,0.9493129849433899,reminders.task.complete,0.029323793947696686,streaming.session.stop,0.9401811361312866,reminders.task.complete,0.03302733972668648,True,True
disconnect from the laptop audio,streaming.session.stop,streaming.session.stop,0.9890072345733643,device.volume.mute,0.0017596430843695998,streaming.session.stop,0.9808250069618225,device.volume.mute,0.004193420521914959,True,True
finish audio streaming,streaming.session.stop,streaming.session.stop,0.9098732471466064,streaming.session.start,0.0708809494972229,streaming.session.stop,0.8975922465324402,streaming.session.start,0.07027298212051392,True,True
