text,intent
Wie lange mache ich schon Aerobic,Cmd.ActivityAerobics
Wie lange mache ich Aerobic,Cmd.ActivityAerobics
Seit wann mache ich Aerobic,Cmd.ActivityAerobics
Wie viele Minuten habe ich Aerobic gemacht,Cmd.ActivityAerobics
Habe ich mein Aerobic-Ziel erreicht,Cmd.ActivityAerobics
Wie viele Minuten habe ich trainiert,Cmd.ActivityAerobics
Zeigen Sie mir mein Aerobic-Ziel,Cmd.ActivityAerobics
Wie viele Kalorien habe ich beim Aerobic verbraucht,Cmd.ActivityAerobics
Wie viele Kalorien habe ich beim Aerobic verbrannt,Cmd.ActivityAerobics
Wie viele Kalorien habe ich beim Aerobic verbrannt?,Cmd.ActivityAerobics
Wie viele Kalorien habe ich beim Aerobic verbraucht?,Cmd.ActivityAerobics
Wie viele Aerobic-Kalorien,Cmd.ActivityAerobics
Aerobic-Kalorien,Cmd.ActivityAerobics
Kalorien Aerobic,Cmd.ActivityAerobics
heute verbrannte Kalorien,Cmd.ActivityCalories
Heute verbrannte Kalorien,Cmd.ActivityCalories
Wie viele Kalorien habe ich heute verbrannt?,Cmd.ActivityCalories
Wie viele Kalorien habe ich heute verbraucht?,Cmd.ActivityCalories
Kalorienzähler heute,Cmd.ActivityCalories
Wie viele Kalorien heute verbraucht,Cmd.ActivityCalories
Wie viele Kalorien heute verbrannt,Cmd.ActivityCalories
heutige Kalorienzahl,Cmd.ActivityCalories
Kalorien heute verbraucht,Cmd.ActivityCalories
verbrauchte Kalorien heute,Cmd.ActivityCalories
Wie lange fahre ich schon Fahrrad,Cmd.ActivityCycle
Wie lange radel ich schon,Cmd.ActivityCycle
Wie lange fahre ich schon mit dem Rad,Cmd.ActivityCycle
Bin ich meinem Radfahrziel nahe,Cmd.ActivityCycle
Bin ich meinem Fahrradziel nahe,Cmd.ActivityCycle
Wie viele Minuten bin ich mit dem Fahrrad unterwegs,Cmd.ActivityCycle
Wie viele Minuten bin ich mit dem Rad unterwegs,Cmd.ActivityCycle
Bin ich eine Stunde geradelt,Cmd.ActivityCycle
Bin ich eine Stunde mit dem Fahrrad gefahren,Cmd.ActivityCycle
Wie weit bin ich geradelt,Cmd.ActivityCycle
Habe ich mein Ziel beim Radfahren erreicht,Cmd.ActivityCycle
Habe ich mein Fahrradziel erreicht,Cmd.ActivityCycle
Habe ich mein Radfahrziel erreicht,Cmd.ActivityCycle
Was ist mein Ziel für das Fahrrad fahren,Cmd.ActivityCycle
Was ist mein Rad Ziel,Cmd.ActivityCycle
Ziel Rad,Cmd.ActivityCycle
Ziel Fahrrad,Cmd.ActivityCycle
Was ist mein Ziel beim Radfahren,Cmd.ActivityCycle
Zeigen Sie mir mein Radfahrziel,Cmd.ActivityCycle
Was ist mein Fahrradziel,Cmd.ActivityCycle
Wie lautet mein Fahrradziel,Cmd.ActivityCycle
Wie oft bin ich diese Woche schon Fahrrad gefahren,Cmd.ActivityCycle
Was sind meine Radfahrminuten für die Woche,Cmd.ActivityCycle
Wie lauten meine Radfahrminuten für die Woche,Cmd.ActivityCycle
Wie viele Minuten bin ich Rad gefahren,Cmd.ActivityCycle
Wie viele Stunden bin ich Fahrrad gefahren,Cmd.ActivityCycle
Wie viele Minuten bin ich diese Woche Fahrrad gefahren,Cmd.ActivityCycle
Wie oft bin ich diese Woche Fahrrad gefahren,Cmd.ActivityCycle
Wie oft bin ich diese Woche geradelt,Cmd.ActivityCycle
Wie oft bin ich diese Woche mit dem Rad gefahren,Cmd.ActivityCycle
Wie viele Kalorien habe ich beim Radfahren verbrannt?,Cmd.ActivityCycle
Wie viele Kalorien habe ich beim Radfahren verbraucht,Cmd.ActivityCycle
Wie viele Kalorien beim Radfahren,Cmd.ActivityCycle
Kalorien beim Radfahren,Cmd.ActivityCycle
Kalorien Radfahren,Cmd.ActivityCycle
Radfahren Kalorien,Cmd.ActivityCycle
Kalorien Radfahren,Cmd.ActivityCycle
Wie lange habe ich heute trainiert?,Cmd.ActivityExercise
Wie lang war mein Training heute?,Cmd.ActivityExercise
Wie nah bin ich an meinem Trainingsziel?,Cmd.ActivityExercise
Wie dicht bin ich an meinem Trainingsziel?,Cmd.ActivityExercise
Wie dicht bin ich an meinem Trainingsziel?,Cmd.ActivityExercise
Wie dicht ist mein Trainingsziel?,Cmd.ActivityExercise
Wie lautet mein Trainingsziel?,Cmd.ActivityExercise
Wie ist mein Trainingsziel?,Cmd.ActivityExercise
Wie viele Minuten habe ich trainiert?,Cmd.ActivityExercise
Wie viele Minuten habe ich Sport gemacht?,Cmd.ActivityExercise
Wie viele Kalorien habe ich beim Sport verbrannt?,Cmd.ActivityExercise
Wie viele Kalorien habe ich beim Training verbrannt?,Cmd.ActivityExercise
Wie viele Kalorien habe ich während des Trainings verbraucht?,Cmd.ActivityExercise
Wie viele Kalorien habe ich beim Training verbraucht?,Cmd.ActivityExercise
Kalorien beim Training,Cmd.ActivityExercise
Kalorien Training,Cmd.ActivityExercise
Wie lange bin ich schon gelaufen,Cmd.ActivityRun
Wie lange bin ich gelaufen,Cmd.ActivityRun
Wie weit bin ich gelaufen,Cmd.ActivityRun
Wie nah bin ich an meinem Laufziel,Cmd.ActivityRun
"Muss ich länger laufen, um mein Ziel zu erreichen",Cmd.ActivityRun
Wie viele Minuten bin ich schon gelaufen,Cmd.ActivityRun
"Zeigen Sie mir, wie lange ich gelaufen bin",Cmd.ActivityRun
Zeigen Sie mir mein Laufziel,Cmd.ActivityRun
Wie viel bin ich diese Woche gelaufen,Cmd.ActivityRun
Was sind meine Lauf-Minuten für die Woche,Cmd.ActivityRun
Wie viele Meter bin ich gelaufen,Cmd.ActivityRun
Wie viele Kilometer bin ich gelaufen,Cmd.ActivityRun
Bin ich nah an meinem Laufziel,Cmd.ActivityRun
Wie lange bin ich gejoggt,Cmd.ActivityRun
Wie lange bin ich schon gejoggt,Cmd.ActivityRun
Wie weit bin ich gejoggt,Cmd.ActivityRun
Wie viele Meter bin ich gejoggt,Cmd.ActivityRun
Wie viele Kilometer bin ich gejoggt,Cmd.ActivityRun
Wie viele Minuten bin ich schon gejoggt,Cmd.ActivityRun
Bin ich schon eine Stunde gejoggt,Cmd.ActivityRun
Habe ich mein Laufziel erreicht,Cmd.ActivityRun
Habe ich mein Jogging Ziel erreicht,Cmd.ActivityRun
Wie nah bin ich an meinem Jogginziel,Cmd.ActivityRun
Wie lange muss ich noch joggen,Cmd.ActivityRun
Was ist mein Laufziel,Cmd.ActivityRun
Wie lautet mein Laufziel,Cmd.ActivityRun
Wie ist mein Laufziel,Cmd.ActivityRun
Wie ist das Ziel für das Laufen,Cmd.ActivityRun
Was ist mein Joggingziel,Cmd.ActivityRun
Wie lautet mein Joggingziel,Cmd.ActivityRun
Wie ist mein Joggingziel,Cmd.ActivityRun
Wie ist das Ziel für das Joggen,Cmd.ActivityRun
Zeige mir mein Laufziel,Cmd.ActivityRun
Sag mir mein Laufziel,Cmd.ActivityRun
Zeige mir mein Joggingziel,Cmd.ActivityRun
Sag mir mein Joggingziel,Cmd.ActivityRun
Wie viel bin ich diese Woche schon gelaufen,Cmd.ActivityRun
Was sind meine Laufminuten für die Woche,Cmd.ActivityRun
Wie viel bin ich diesen Monat schon gelaufen,Cmd.ActivityRun
Wie ist mein Laufziel für diese Woche,Cmd.ActivityRun
Wie viele Kalorien habe ich beim Laufen verbrannt?,Cmd.ActivityRun
Wie viele Kalorien habe ich während des Laufens verbraucht?,Cmd.ActivityRun
Wie viele Kalorien beim Laufen,Cmd.ActivityRun
wie viele Kalorien habe ich beim Joggen verbrannt,Cmd.ActivityRun
Kalorien beim Joggen,Cmd.ActivityRun
Kalorien beim Joggen,Cmd.ActivityRun
Kalorien beim Laufen,Cmd.ActivityRun
Kalorien beim Laufen,Cmd.ActivityRun
Wie lange stehe ich schon,Cmd.ActivityStand
Habe ich mein Standziel erreicht,Cmd.ActivityStand
Habe ich das Ziel für das Aufstehen schon erreicht,Cmd.ActivityStand
Habe ich mein Ziel für das Stehen erreicht,Cmd.ActivityStand
Wie lautet mein Ziel für das Aufstehen,Cmd.ActivityStand
Wie lautet mein Ziel für das Stehen,Cmd.ActivityStand
Zeig mir das Ziel für das Aufstehen,Cmd.ActivityStand
Kalorien im Stehen,Cmd.ActivityStand
Wie viele Kalorien habe ich im Stehen verbraucht?,Cmd.ActivityStand
Kalorien im Stehen,Cmd.ActivityStand
Wie viele Kalorien habe ich im Stehen verbraucht?,Cmd.ActivityStand
Wieviele Schritte bin ich heute gegangen,Cmd.ActivityStep
"Wie viele Schritte sind noch nötig, um mein Ziel zu erreichen",Cmd.ActivityStep
Schritte unternommen,Cmd.ActivityStep
Was ist mein Schrittziel,Cmd.ActivityStep
Wie lautet mein Schrittziel,Cmd.ActivityStep
Wie hoch ist mein Schrittziel,Cmd.ActivityStep
Wie viele Schritte muss ich noch machen,Cmd.ActivityStep
Schritt Ziel,Cmd.ActivityStep
Wie viel Prozent meines Schrittziels habe ich heute erreicht,Cmd.ActivityStep
Wie nah bin ich am Schrittziel,Cmd.ActivityStep
Wie viele Schritte habe ich diese Woche gemacht,Cmd.ActivityStep
Wie hoch ist meine Schrittzahl für die Woche,Cmd.ActivityStep
Wie viele Schritte habe ich diesen Monat gemacht,Cmd.ActivityStep
Wie hoch ist meine Schrittzahl für den Monat,Cmd.ActivityStep
Wie hoch ist meine Schrittzahl,Cmd.ActivityStep
Zeige mir meine Schrittzahl,Cmd.ActivityStep
Wie viele Schritte bin ich gegangen,Cmd.ActivityStep
Wie ist meine aktuelle Schrittzahl,Cmd.ActivityStep
Zeige mir mein Schrittziel,Cmd.ActivityStep
Wie viele Schritte bin ich bereits gegangen,Cmd.ActivityStep
Wie viele Schritte habe ich bereits,Cmd.ActivityStep
Wie viele Schritte habe ich gemacht,Cmd.ActivityStep
Wie hoch ist die Anzahl meiner Schritte für den Monat,Cmd.ActivityStep
Schritt Kalorien,Cmd.ActivityStep
Kalorien Schritte,Cmd.ActivityStep
Wie viele Kalorien habe ich mit meinen Schritten verbrannt?,Cmd.ActivityStep
wie viele Schritte Kalorien?,Cmd.ActivityStep
"Muss ich noch weiter laufen, um mein Ziel zu erreichen",Cmd.ActivityWalk
Meine Gehzeit beträgt,Cmd.ActivityWalk
Wie lange bin ich schon spazieren gegangen,Cmd.ActivityWalk
Zeigen Sie mir meine Gehhistorie,Cmd.ActivityWalk
Wie viel bin ich diese Woche gelaufen,Cmd.ActivityWalk
Was sind meine Gehminuten für die Woche,Cmd.ActivityWalk
Bin ich schon eine Stunde gelaufen,Cmd.ActivityWalk
Wie lange muss ich noch laufen,Cmd.ActivityWalk
Wie viele Kalorien habe ich beim Gehen verbrannt?,Cmd.ActivityWalk
Wie viele Kalorien habe ich während des Gehens verbraucht?,Cmd.ActivityWalk
Wie viele Kalorien beim Gehen,Cmd.ActivityWalk
Kalorien beim Gehen,Cmd.ActivityWalk
Kalorien beim Gehen,Cmd.ActivityWalk
Wie viel Akku habe ich noch,Cmd.BatteryLevel
Wie lange hält mein Akku noch,Cmd.BatteryLevel
Wie lange halten meine Hörgeräte noch,Cmd.BatteryLevel
Wie viel Akku haben meine Geräte noch,Cmd.BatteryLevel
Wie viel Akku haben meine Hörgeräte noch,Cmd.BatteryLevel
Wie ist der Akkustand,Cmd.BatteryLevel
Wie ist der Akkustand meiner Geräte,Cmd.BatteryLevel
Wie viel Strom habe ich noch,Cmd.BatteryLevel
Wie lange hält der STrom meiner Geräte,Cmd.BatteryLevel
Wie viel Strom  haben meine Geräte noch,Cmd.BatteryLevel
Wie viel Strom haben meine Hörgeräte noch,Cmd.BatteryLevel
Wie viel Batterie habe ich noch,Cmd.BatteryLevel
Wie lange halten meine Batterien noch,Cmd.BatteryLevel
Wie lange halten meine Hörgeräte Batterie noch,Cmd.BatteryLevel
Wie viel Batterie haben meine Geräte noch,Cmd.BatteryLevel
Wie viel Batterie haben meine Hörgeräte noch,Cmd.BatteryLevel
Wie ist der Batteriestand,Cmd.BatteryLevel
Wie ist der Batteriestand meiner Geräte,Cmd.BatteryLevel
Wie voll sind meine Batterien,Cmd.BatteryLevel
Wie voll sind meine Akkus,Cmd.BatteryLevel
Wie lange hält der Akku noch,Cmd.BatteryLevel
Wie langen halten die Batterien noch,Cmd.BatteryLevel
Wie lange halten noch die Hörgerätebatterien,Cmd.BatteryLevel
Wie lange hält der Akku der Hörgeräte noch,Cmd.BatteryLevel
Wie ist mein Akkustand,Cmd.BatteryLevel
Wie ist der Akkustand,Cmd.BatteryLevel
Wie ist der Akkustand der Geräte,Cmd.BatteryLevel
Wie ist der Akkustand der Hörgeräte,Cmd.BatteryLevel
Akkustand,Cmd.BatteryLevel
Batteriestand,Cmd.BatteryLevel
Stromstand,Cmd.BatteryLevel
Batterie übrig,Cmd.BatteryLevel
Akku übrig,Cmd.BatteryLevel
Sag mir meinen Batteriestatus,Cmd.BatteryLevel
Nenn mir meinen Batteriestaus,Cmd.BatteryLevel
Sag mir meinen Akkustatus,Cmd.BatteryLevel
Nenn mir meinen Akkustatus,Cmd.BatteryLevel
Aktueller Batteriestand,Cmd.BatteryLevel
Aktueller Akkustand,Cmd.BatteryLevel
Verbleibender Akku,Cmd.BatteryLevel
Restlicher Akku,Cmd.BatteryLevel
Verbleibender Batterie,Cmd.BatteryLevel
Restliche Batterie,Cmd.BatteryLevel
verbleibende Batteriekapazität,Cmd.BatteryLevel
verbleibende Akkuladung,Cmd.BatteryLevel
An welchem Ort ist mein Telefon.,Cmd.FindMyPhone
Entdecke mei Telefon,Cmd.FindMyPhone
Entdecke mein Handy,Cmd.FindMyPhone
Entdecke Telefon,Cmd.FindMyPhone
Entdecken Sie mein iPhone,Cmd.FindMyPhone
Entdecken Sie Telefon,Cmd.FindMyPhone
Ermittle mein Handy,Cmd.FindMyPhone
Finde mein Handy,Cmd.FindMyPhone
Finde mein iPhone,Cmd.FindMyPhone
Finde mein Telefon.,Cmd.FindMyPhone
Finde Telefon,Cmd.FindMyPhone
Hilf mir mein Telefon zu finden,Cmd.FindMyPhone
Ich habe mein Telefon verloren,Cmd.FindMyPhone
Ich kann mein Handy nicht finden,Cmd.FindMyPhone
Ich kann mein Telefon nicht finden,Cmd.FindMyPhone
Lokalisiere mein Telefon.,Cmd.FindMyPhone
Mein Handy wiederherstellen,Cmd.FindMyPhone
Orte Telefon,Cmd.FindMyPhone
Stelle mein iPhone wieder her,Cmd.FindMyPhone
Such nach meinem Handy,Cmd.FindMyPhone
Suche mein Telefon,Cmd.FindMyPhone
Suche nach meinem Handy,Cmd.FindMyPhone
Suche nach meinem iPhone,Cmd.FindMyPhone
Suche Telefon,Cmd.FindMyPhone
Suchen Sie das Telefon,Cmd.FindMyPhone
Suchen Sie mein iPhone,Cmd.FindMyPhone
Suchen Sie nach meinem iPhone,Cmd.FindMyPhone
Suchen Sie nach Telefon,Cmd.FindMyPhone
Telefon erkennen,Cmd.FindMyPhone
Telefon suchen,Cmd.FindMyPhone
Wie lange mache ich schon Aerobic,Cmd.Health
Wie lange mache ich Aerobic,Cmd.Health
Seit wann mache ich Aerobic,Cmd.Health
Wie viele Minuten habe ich Aerobic gemacht,Cmd.Health
Habe ich mein Aerobic-Ziel erreicht,Cmd.Health
Wie viele Minuten habe ich trainiert,Cmd.Health
Zeigen Sie mir mein Aerobic-Ziel,Cmd.Health
Wie viele Kalorien habe ich beim Aerobic verbraucht,Cmd.Health
Wie viele Kalorien habe ich beim Aerobic verbrannt,Cmd.Health
Wie viele Kalorien habe ich verbraucht.,Cmd.Health
Wie viele Kalorien habe ich beim Gehen verbraucht,Cmd.Health
Wie viele Kalorien habe ich beim Gehen verbrannt,Cmd.Health
Verbrannte Kalorien,Cmd.Health
Wie viele Kalorien habe ich beim Radfahren verbraucht,Cmd.Health
Wie viele Kalorien habe ich beim Fahrradfahren verbraucht,Cmd.Health
Wie viele Kalorien habe ich beim Laufen verbraucht,Cmd.Health
Wie viele Kalorien habe ich durch das Laufen verloren,Cmd.Health
Wie viele Kalorien habe ich während des Laufens verbraucht,Cmd.Health
Wie viele Kalorien habe ich beim Laufen verbrannt,Cmd.Health
Wie viele Kalorien habe ich heute verbraucht?,Cmd.Health
Wie viele Kalorien habe ich heute verbrannt?,Cmd.Health
Wie hoch ist mein Gesamtkalorienverbrauch für den Tag?,Cmd.Health
Wie lange fahre ich schon Fahrrad,Cmd.Health
Wie lange radel ich schon,Cmd.Health
Wie lange fahre ich schon mit dem Rad,Cmd.Health
Bin ich meinem Radfahrziel nahe,Cmd.Health
Bin ich meinem Fahrradziel nahe,Cmd.Health
Wie viele Minuten bin ich mit dem Fahrrad unterwegs,Cmd.Health
Wie viele Minuten bin ich mit dem Rad unterwegs,Cmd.Health
Bin ich eine Stunde geradelt,Cmd.Health
Bin ich eine Stunde mit dem Fahrrad gefahren,Cmd.Health
Wie weit bin ich geradelt,Cmd.Health
Habe ich mein Ziel beim Radfahren erreicht,Cmd.Health
Habe ich mein Fahrradziel erreicht,Cmd.Health
Habe ich mein Radfahrziel erreicht,Cmd.Health
Was ist mein Ziel für das Fahrrad fahren,Cmd.Health
Was ist mein Rad Ziel,Cmd.Health
Ziel Rad,Cmd.Health
Ziel Fahrrad,Cmd.Health
Was ist mein Ziel beim Radfahren,Cmd.Health
Zeigen Sie mir mein Radfahrziel,Cmd.Health
Was ist mein Fahrradziel,Cmd.Health
Wie lautet mein Fahrradziel,Cmd.Health
Wie oft bin ich diese Woche schon Fahrrad gefahren,Cmd.Health
Was sind meine Radfahrminuten für die Woche,Cmd.Health
Wie lauten meine Radfahrminuten für die Woche,Cmd.Health
Wie viele Minuten bin ich Rad gefahren,Cmd.Health
Wie viele Stunden bin ich Fahrrad gefahren,Cmd.Health
Wie viele Minuten bin ich diese Woche Fahrrad gefahren,Cmd.Health
Wie oft bin ich diese Woche Fahrrad gefahren,Cmd.Health
Wie oft bin ich diese Woche geradelt,Cmd.Health
Wie oft bin ich diese Woche mit dem Rad gefahren,Cmd.Health
Wie lange bin ich schon gelaufen,Cmd.Health
Wie lange bin ich gelaufen,Cmd.Health
Wie weit bin ich gelaufen,Cmd.Health
Wie nah bin ich an meinem Laufziel,Cmd.Health
"Muss ich länger laufen, um mein Ziel zu erreichen",Cmd.Health
Wie viele Minuten bin ich schon gelaufen,Cmd.Health
"Zeigen Sie mir, wie lange ich gelaufen bin",Cmd.Health
Zeigen Sie mir mein Laufziel,Cmd.Health
Wie viel bin ich diese Woche gelaufen,Cmd.Health
Was sind meine Lauf-Minuten für die Woche,Cmd.Health
Wie viele Meter bin ich gelaufen,Cmd.Health
Wie viele Kilometer bin ich gelaufen,Cmd.Health
Bin ich nah an meinem Laufziel,Cmd.Health
Wie lange bin ich gejoggt,Cmd.Health
Wie lange bin ich schon gejoggt,Cmd.Health
Wie weit bin ich gejoggt,Cmd.Health
Wie viele Meter bin ich gejoggt,Cmd.Health
Wie viele Kilometer bin ich gejoggt,Cmd.Health
Wie viele Minuten bin ich schon gejoggt,Cmd.Health
Bin ich schon eine Stunde gejoggt,Cmd.Health
Habe ich mein Laufziel erreicht,Cmd.Health
Habe ich mein Jogging Ziel erreicht,Cmd.Health
Wie nah bin ich an meinem Jogginziel,Cmd.Health
Wie lange muss ich noch joggen,Cmd.Health
Was ist mein Laufziel,Cmd.Health
Wie lautet mein Laufziel,Cmd.Health
Wie ist mein Laufziel,Cmd.Health
Wie ist das Ziel für das Laufen,Cmd.Health
Was ist mein Joggingziel,Cmd.Health
Wie lautet mein Joggingziel,Cmd.Health
Wie ist mein Joggingziel,Cmd.Health
Wie ist das Ziel für das Joggen,Cmd.Health
Zeige mir mein Laufziel,Cmd.Health
Sag mir mein Laufziel,Cmd.Health
Zeige mir mein Joggingziel,Cmd.Health
Sag mir mein Joggingziel,Cmd.Health
Wie viel bin ich diese Woche schon gelaufen,Cmd.Health
Was sind meine Laufminuten für die Woche,Cmd.Health
Wie viel bin ich diesen Monat schon gelaufen,Cmd.Health
Wie ist mein Laufziel für diese Woche,Cmd.Health
Wie lange stehe ich schon,Cmd.Health
Habe ich mein Standziel erreicht,Cmd.Health
Habe ich das Ziel für das Aufstehen schon erreicht,Cmd.Health
Habe ich mein Ziel für das Stehen erreicht,Cmd.Health
Wie lautet mein Ziel für das Aufstehen,Cmd.Health
Wie lautet mein Ziel für das Stehen,Cmd.Health
Zeig mir das Ziel für das Aufstehen,Cmd.Health
Wieviele Schritte bin ich heute gegangen,Cmd.Health
"Wie viele Schritte sind noch nötig, um mein Ziel zu erreichen",Cmd.Health
Schritte unternommen,Cmd.Health
Schritte gelaufen,Cmd.Health
Schritte gegangen,Cmd.Health
Was ist mein Schrittziel,Cmd.Health
Wie lautet mein Schrittziel,Cmd.Health
Wie hoch ist mein Schrittziel,Cmd.Health
Wie viele Schritte muss ich noch machen,Cmd.Health
Schritt Ziel,Cmd.Health
Wie viel Prozent meines Schrittziels habe ich heute erreicht,Cmd.Health
Wie nah bin ich am Schrittziel,Cmd.Health
Wie viele Schritte habe ich diese Woche gemacht,Cmd.Health
Wie hoch ist meine Schrittzahl für die Woche,Cmd.Health
Wie viele Schritte habe ich diesen Monat gemacht,Cmd.Health
Wie hoch ist meine Schrittzahl für den Monat,Cmd.Health
Wie hoch ist meine Schrittzahl,Cmd.Health
Zeige mir meine Schrittzahl,Cmd.Health
Wie viele Schritte bin ich gegangen,Cmd.Health
Wie ist meine aktuelle Schrittzahl,Cmd.Health
Zeige mir mein Schrittziel,Cmd.Health
Wie viele Schritte bin ich bereits gegangen,Cmd.Health
Wie viele Schritte habe ich bereits,Cmd.Health
Wie viele Schritte habe ich gemacht,Cmd.Health
"Muss ich noch weiter laufen, um mein Ziel zu erreichen",Cmd.Health
Meine Gehzeit beträgt,Cmd.Health
Wie lange bin ich schon spazieren gegangen,Cmd.Health
Zeigen Sie mir meine Gehhistorie,Cmd.Health
Wie viele Schritte bin ich diese Woche gegangen,Cmd.Health
Was sind meine Gehminuten für die Woche,Cmd.Health
Wie hoch ist die Anzahl meiner Schritte für den Monat,Cmd.Health
Bin ich schon eine Stunde gelaufen,Cmd.Health
Wie lange muss ich noch laufen,Cmd.Health
Fernsehrübertragung starten,Cmd.StreamingStart
Fernsehton einschalten,Cmd.StreamingStart
Fernsehübertragung ein.,Cmd.StreamingStart
Starte die Fernsehübertragung,Cmd.StreamingStart
TV Streaming einschalen,Cmd.StreamingStart
TV Streaming einschalten,Cmd.StreamingStart
TV Übertragung einschalten,Cmd.StreamingStart
TV-Sendung stoppen,Cmd.StreamingStop
TV-Ton ausschalten,Cmd.StreamingStop
Stoppen Sie die Fernsehübertragung,Cmd.StreamingStop
TV-Streaming ausschalten,Cmd.StreamingStop
TV-Übertragung ausschalten,Cmd.StreamingStop
Start der Transkription,Cmd.TranscribeStart
Start der Sprache-zu-Text Funktion,Cmd.TranscribeStart
Starte Notizen,Cmd.TranscribeStart
Starte die Transkription,Cmd.TranscribeStart
Start die Sprache-zu-Text Funktion,Cmd.TranscribeStart
Starte die Notizfunktion,Cmd.TranscribeStart
Starte die Notizen,Cmd.TranscribeStart
Transkription beginnen,Cmd.TranscribeStart
Sprache-zu-Text Funktion beginnen,Cmd.TranscribeStart
Notizfunktion öffnen,Cmd.TranscribeStart
Notizen öffnen,Cmd.TranscribeStart
Öffne die Transkription,Cmd.TranscribeStart
Öffne die Sprache-zu-Text Funktion,Cmd.TranscribeStart
Öffne die Notiz Funktion,Cmd.TranscribeStart
Beginne die Transkription,Cmd.TranscribeStart
Beginne die Sprache-zu-Text Funktion,Cmd.TranscribeStart
Beginne die Notizen,Cmd.TranscribeStart
"Fangen an, das für mich aufzuschreiben",Cmd.TranscribeStart
Starte dies für mich zu notieren,Cmd.TranscribeStart
Notieren starten,Cmd.TranscribeStart
Sprache-zu-Text starten,Cmd.TranscribeStart
Aufzeichnung starten,Cmd.TranscribeStart
Aufzeichnung stoppen,Cmd.TranscribeStart
Zeichne die Unterhaltung auf,Cmd.TranscribeStart
Dieses Gespräch aufzeichnen,Cmd.TranscribeStart
dieses Gespräch transkribieren,Cmd.TranscribeStart
Schreiben Sie dieses Gespräch auf,Cmd.TranscribeStart
Lassen Sie mich transkribieren,Cmd.TranscribeStart
Einen Text erstellen,Cmd.TranscribeStart
Erstelle einen Text,Cmd.TranscribeStart
Eine Notiz erstellen,Cmd.TranscribeStart
Erstelle eine Notiz,Cmd.TranscribeStart
"Was heißt ""Wie viel schulde ich Ihnen"" auf Englisch",Cmd.TranslationStart
"Was heißt ""Guten Morgen"" auf Russisch",Cmd.TranslationStart
"Wie sage ich ""Bring mich zum Hotel"" auf Spanisch?",Cmd.TranslationStart
Suche Übersetzung,Cmd.TranslationStart
"Suche in den Sprachübersetzungen """,Cmd.TranslationStart
Starten Sie die Übersetzung für Französisch,Cmd.TranslationStart
Übersetzen Sie dies ins Englische,Cmd.TranslationStart
Übersetze sie es ins Spanische,Cmd.TranslationStart
Starten Sie die Übersetzung für Französisch,Cmd.TranslationStart
"""Übersetzung ins Englische starten",Cmd.TranslationStart
Übersetze ins Englische,Cmd.TranslationStart
Übersetzung beginnen,Cmd.TranslationStart
Übersetzung öffnen,Cmd.TranslationStart
Starte die Übersetzung,Cmd.TranslationStart
Öffne die Übersetzung,Cmd.TranslationStart
Übersetze ins Spanische: Wieviel schulde ich dir,Cmd.TranslationStart
"Sag mir, wie viel ich dir schulde auf spanisch",Cmd.TranslationStart
Übersetze meine Sprache,Cmd.TranslationStart
Beginnen Sie mit dem Übersetzen,Cmd.TranslationStart
Übersetze,Cmd.TranslationStart
Übersetzen starten,Cmd.TranslationStart
Hörgeräte Lautstärke reduzieren,Cmd.VolumeDecrease
Mach leiser.,Cmd.VolumeDecrease
Hörgeräte leiser,Cmd.VolumeDecrease
Hörgeräte leiser einstellen.,Cmd.VolumeDecrease
Hörgeräte leiser stellen,Cmd.VolumeDecrease
Lautstärke in meinen Hörgeräten leiser,Cmd.VolumeDecrease
Lautstärke leiser machen,Cmd.VolumeDecrease
Stelle meine Hörgeräte leiser.,Cmd.VolumeDecrease
Dreh den Volume auf.,Cmd.VolumeIncrease
Dreh meine Hörgeräte auf.,Cmd.VolumeIncrease
Hörgeräte lauter,Cmd.VolumeIncrease
Hörgeräte lauter stellen,Cmd.VolumeIncrease
Lautstärke erhöhen,Cmd.VolumeIncrease
Lautstärke in meinen Hörgeräten erhöhen,Cmd.VolumeIncrease
Mach lauter.,Cmd.VolumeIncrease
Erhöhe die Lautstärke,Cmd.VolumeIncrease
Mache meine Hörgeräte lauter,Cmd.VolumeIncrease
Meine Hörgeräte lauter machen,Cmd.VolumeIncrease
Hörgerät leiser machen,Cmd.VolumeIncrease
Reduziere die Lautstärke meiner Hörgeräte,Cmd.VolumeIncrease
Senke die Lautstärke,Cmd.VolumeIncrease
Mach meine Hörgeräte leiser,Cmd.VolumeIncrease
Lautstärke an meinen Hörgeräten verringern,Cmd.VolumeIncrease
Hörgeräte auf leiser einstellen,Cmd.VolumeIncrease
Stelle die Lautstärke meiner Hörgeräte runter,Cmd.VolumeIncrease
Lautstärke drosseln,Cmd.VolumeIncrease
Verringere die Lautstärke,Cmd.VolumeIncrease
Mach den Ton meiner Hörgeräte leiser,Cmd.VolumeIncrease
Stelle die Lautstärke runter,Cmd.VolumeIncrease
Reduziere die Lautstärke,Cmd.VolumeIncrease
Senke den Ton,Cmd.VolumeIncrease
Lautstärke verringern,Cmd.VolumeIncrease
Mach den Ton leiser,Cmd.VolumeIncrease
Stelle es auf leise,Cmd.VolumeIncrease
Dreh die Lautstärke runter,Cmd.VolumeIncrease
Weniger Lautstärke einstellen,Cmd.VolumeIncrease
Schalte auf leiseren Modus,Cmd.VolumeIncrease
das Mikrofon ausschalten,Cmd.VolumeMute
den Ton ausschalten,Cmd.VolumeMute
die Hilfsmittel stumm schalten,Cmd.VolumeMute
die Lautstärke ausschalten,Cmd.VolumeMute
Hörgerate ausschalten.,Cmd.VolumeMute
Hörgeräte stumm schalten,Cmd.VolumeMute
Hörgerätelautstärke aus,Cmd.VolumeMute
Hörgeräte-Lautstärke aus,Cmd.VolumeMute
Lautstärke aus,Cmd.VolumeMute
Lautstärke ausschalten,Cmd.VolumeMute
Lautstärke meines Hörgeräts ausschalten,Cmd.VolumeMute
Mach meine Hörgeräte leise,Cmd.VolumeMute
Meine Hilfsmittel stummschalten,Cmd.VolumeMute
meine Hörgeräte stumm schalten,Cmd.VolumeMute
meine Hörgeräte stummschalten,Cmd.VolumeMute
Meine Hörgeräte zum Schweigen bringen,Cmd.VolumeMute
Mikrofone ausschalten,Cmd.VolumeMute
Schalten Sie das Mikrofon aus,Cmd.VolumeMute
Schalten Sie den Ton aus,Cmd.VolumeMute
Schalten Sie die Lautstärke aus,Cmd.VolumeMute
Schalten Sie die Lautstärke meines Hörgeräts aus,Cmd.VolumeMute
Schalten Sie die Stummschaltung ein,Cmd.VolumeMute
Stumm meine Hilfsmittel,Cmd.VolumeMute
Stumme Hörgeräte,Cmd.VolumeMute
stummschalten auf,Cmd.VolumeMute
Stummschalten der Hilfsmittel,Cmd.VolumeMute
Stummschalten der Hörgeräte,Cmd.VolumeMute
Stummschalten des Tons bei Hörgeräten,Cmd.VolumeMute
Stummschaltung einschalten,Cmd.VolumeMute
Stummschaltung von Hörgeräten,Cmd.VolumeMute
Ton aus,Cmd.VolumeMute
Stelle die Lautstärke auf null,Cmd.VolumeMute
Schweigen,Cmd.VolumeMute
den Ton einschalten,Cmd.VolumeUnmute
die Stummschaltung der Hörgeräte aufheben,Cmd.VolumeUnmute
die Stummschaltung meiner Hörgeräte aufheben,Cmd.VolumeUnmute
Hörgeräte anschalten,Cmd.VolumeUnmute
Hörgeräte einschalten,Cmd.VolumeUnmute
Hörgeräte Lautstärke ein,Cmd.VolumeUnmute
Hörgeräte-Lautstärke ein,Cmd.VolumeUnmute
Lautstärke ein,Cmd.VolumeUnmute
Lautstärke einschalten,Cmd.VolumeUnmute
Lautstärke meines Hörgeräts einschalten,Cmd.VolumeUnmute
Meine Hörgeräte-Lautstärke wieder einschalten,Cmd.VolumeUnmute
Mikrofone einschalten,Cmd.VolumeUnmute
Schalten Sie das Mikrofon ein,Cmd.VolumeUnmute
Schalten Sie den Ton ein,Cmd.VolumeUnmute
schalten Sie die Lautstärke ein,Cmd.VolumeUnmute
Schalten Sie die Lautstärke meines Hörgeräts ein,Cmd.VolumeUnmute
Schalten Sie die Lautstärke meines Hörgeräts wieder ein,Cmd.VolumeUnmute
Stummschaltung aufheben,Cmd.VolumeUnmute
Ton an,Cmd.VolumeUnmute
wie komme ich zum Bahnhof,Default Fallback Intent
sie hat ihren Kaziken Erinnerung gesetzt,Default Fallback Intent
letzte briefanreden,Default Fallback Intent
spiele den sender Thüringen,Default Fallback Intent
sender Erzgebirge abspielen,Default Fallback Intent
sender Erzgebirge,Default Fallback Intent
sender DLF,Default Fallback Intent
welche stellen,Default Fallback Intent
Tipps Steuerung,Default Fallback Intent
Steuerung,Default Fallback Intent
was ist neu in der Schweiz,Default Fallback Intent
warum funktioniert die App nicht,Default Fallback Intent
ist doch ne,Default Fallback Intent
das Wort in das hat es mit Siri Fotoserie mein App,Default Fallback Intent
Lavendel 4 Alexa App,Default Fallback Intent
öffne Alexa App,Default Fallback Intent
öffne die Alexa App,Default Fallback Intent
öffne die Ring App,Default Fallback Intent
öffne die App nun doch,Default Fallback Intent
öffne die App Inbox,Default Fallback Intent
öffne die App undock,Default Fallback Intent
öffne eine App,Default Fallback Intent
öffne die App Huawei,Default Fallback Intent
bist du der Frau Assistent,Default Fallback Intent
mein Assistent ja wenn ich jetzt mit ihm spreche,Default Fallback Intent
dann mache ich uns jetzt eh,Default Fallback Intent
wie sind die heutigen Inzidenz zahlen,Default Fallback Intent
wie sind die Daten von covid,Default Fallback Intent
wie viel Kilometer sind es von Flensburg nach Hamburg,Default Fallback Intent
was sind Gegenstand hallo hallo hallo,Default Fallback Intent
deshalb finden findet man eine Datei meint vectis zu Hörgerät nicht,Default Fallback Intent
funktioniert,Default Fallback Intent
aber deshalb lohnt sich das wird sich schon mal funktioniert,Default Fallback Intent
was sind Rollos,Default Fallback Intent
Computer sind doof,Default Fallback Intent
funktioniert bei meinem Hörsystemen das,Default Fallback Intent
beide sind da,Default Fallback Intent
unglaublich krass dass sie dieses kleine System irgendwie funktioniert also erhält seinen Tag durch,Default Fallback Intent
neues Gerät und das funktioniert dann,Default Fallback Intent
Medien Tonausgabe nur noch über Hörgeräte möglich nicht mehr übers Handy warum,Default Fallback Intent
nicht dass das funktioniert gar nicht,Default Fallback Intent
funktioniert voll gut funktioniert nicht auch geladen,Default Fallback Intent
stimmt,Default Fallback Intent
sind nach den Bestimmungen blablabla zuschussfähig,Default Fallback Intent
neue,Default Fallback Intent
warum wurden keine Aktivitäten aufgezeichnet,Default Fallback Intent
bitte frage ich will keine Frage,Default Fallback Intent
ich kann mal mit ihm,Default Fallback Intent
Lüftungskanal verändert die Tür ab,Default Fallback Intent
Dream kann Ihnen bei Fragen helfen bitte frag mir eine Frage streaming,Default Fallback Intent
kann ich ungarisch,Default Fallback Intent
ich kann sie wohl darstellen,Default Fallback Intent
kann ich auch,Default Fallback Intent
Hörgeräte mit,Default Fallback Intent
mit Prime Video verbinden,Default Fallback Intent
Sensex kann ich inzwischen Standard erstellen,Default Fallback Intent
wie können wir dir helfen,Default Fallback Intent
wie kann ich das beheben,Default Fallback Intent
wie macht der Affe,Default Fallback Intent
wie macht der Adolf,Default Fallback Intent
kann ich dir Alexa einstellen,Default Fallback Intent
zum Osterfeld,Default Fallback Intent
was kann ich mit nicht stören einstellen,Default Fallback Intent
das ergibt sich aus,Default Fallback Intent
und alles sichern,Default Fallback Intent
melden sich nur,Default Fallback Intent
wie sich auf Herrchen gebildet,Default Fallback Intent
klein weiß ich nicht wieder raus,Default Fallback Intent
zwei Bücher hat gerade erst noch Sendung und was weiß ich was davor von mir getroffen,Default Fallback Intent
wie finde ich den Ort Isenbüttel bei Gifhorn,Default Fallback Intent
wie finde ich das Coronavirus and rum,Default Fallback Intent
wie finde ich die Kurzwahl bei Samsung,Default Fallback Intent
ich weiß mein Schatz,Default Fallback Intent
jetzt jetzt wo du es weißt ich weiß,Default Fallback Intent
entspringt sind die klein und weiß gefärbt,Default Fallback Intent
Amos warum höre ich den rechten Zeit nicht,Default Fallback Intent
und wann wurde Kanada direkt alles,Default Fallback Intent
was passiert wenn,Default Fallback Intent
wann wurde David Bowie geboren,Default Fallback Intent
wann wurde die Firma Hartlauer gegründet,Default Fallback Intent
wann wurde Hartlauer gegründet,Default Fallback Intent
wann wurde der 25 Präsident der USA geboren,Default Fallback Intent
hör Programmwahl,Default Fallback Intent
stop Alarm,Default Fallback Intent
das Brennen versucht sich ewig toll klingen zu lassen großartig nach wieso ziehen aber das was in die Maske,Default Fallback Intent
wie kann ich Fernsehen hören,Default Fallback Intent
wenn ich an die ran,Default Fallback Intent
ist das angeblich hat es geladen und dann lege ich ihn funktioniert so ich höre,Default Fallback Intent
wann wurde Napoleon geboren,Default Fallback Intent
wann wurde Hagenower Rathaus gebaut,Default Fallback Intent
wie funktioniert das linke geregnet,Default Fallback Intent
wann wurde das Hagenower Rathaus gebaut,Default Fallback Intent
wie kann ich die Alexa steuern,Default Fallback Intent
der Tipp,Default Fallback Intent
kannst du die Alexa App öffnen,Default Fallback Intent
wechsle im Programm,Default Fallback Intent
ich bekomme meine hörprogramme nicht und benötige Hilfe,Default Fallback Intent
wie kann ich den freispur zurücksetzen,Default Fallback Intent
wie stelle ich den LG modus an,Default Fallback Intent
Krones bekanntermaßen unterschiedlich,Default Fallback Intent
unterschied nicht mehr,Default Fallback Intent
Zubehör MacBook Pro,Default Fallback Intent
ein Männerabend,Default Fallback Intent
ein,Default Fallback Intent
Hörgeräte,Default Fallback Intent
die helle Kammer groß ein und ausschalten,Default Fallback Intent
haben meine Hörgeräte Telefonempfang,Default Fallback Intent
meine Hörgeräte,Default Fallback Intent
wie einmal bluetooth ausschalten,Default Fallback Intent
ausschalten wie gesagt finde die gar nicht,Default Fallback Intent
Gartenbeleuchtung aus,Default Fallback Intent
laute Umgebung,Default Fallback Intent
PC leiser einstellen,Default Fallback Intent
Aurore TV,Default Fallback Intent
stop Godzilla,Default Fallback Intent
nur Muster Kaufvertrag TV,Default Fallback Intent
Alexa stoppe Deutschland,Default Fallback Intent
irgendwann gesagt dass Astro-TV und Questico eine Watsche sind,Default Fallback Intent
Winx Hund 1400 einschalten,Default Fallback Intent
starte,Default Fallback Intent
so heiß auf Normal stellen,Default Fallback Intent
word Programm Kabel 1,Default Fallback Intent
wie speicher ich ein Word Programm,Default Fallback Intent
welches Programm kommt im ARD Fernsehen,Default Fallback Intent
welches Programm kommt heute im ARD Fernsehen,Default Fallback Intent
Wetter in Programm Kliniken,Default Fallback Intent
einmal nur das durch Reinigung und den Filter wechseln und dann,Default Fallback Intent
word Programm löschen,Default Fallback Intent
Programm 4 Uhr,Default Fallback Intent
Spracheinstellung ändern,Default Fallback Intent
hat dir das noch deine Stimme,Default Fallback Intent
Hallo ich bin im Team ein hörprogramm,Default Fallback Intent
Fernsehen besser einstellen,Default Fallback Intent
welches Programm ist heute in ORF 1,Default Fallback Intent
Hörgeräte sind mit Handy verbunden aber Programm lässt sich noch nicht einstellen,Default Fallback Intent
Casinos wo man Telefon finden ungefähr,Default Fallback Intent
Anzeige einstellen ist ein Telefon,Default Fallback Intent
Mähroboter ist das gleich ein Kästchen mit meinem telefon,Default Fallback Intent
Telefon Joachim,Default Fallback Intent
Telefon,Default Fallback Intent
kannst du das handy lauter training,Default Fallback Intent
es gibt Duden nach Gernsbach Venditti Handy,Default Fallback Intent
Telefon Anita Fasanenweg,Default Fallback Intent
Handy,Default Fallback Intent
wie verbinde ich das Telefon,Default Fallback Intent
brauche ich unbedingt Telefon Empfang von diese Fernsteuerungen nutzen zu können,Default Fallback Intent
kann ich ein iPhone mit Starkey,Default Fallback Intent
stimmt das ist für Ausmalbilder Minions Eis Handy,Default Fallback Intent
Telefon entzündet,Default Fallback Intent
Handy einschalten,Default Fallback Intent
mein Telefon benutzen,Default Fallback Intent
Ich kann Ihnen bei Fragen helfen. Bitte frag mir eine Frage.,Default Fallback Intent
benutze ich mein telefon,Default Fallback Intent
benutze ich das Telefon,Default Fallback Intent
haltegenehmigung für mein telefon finden,Default Fallback Intent
so Handy,Default Fallback Intent
iPhone Handy Canada,Default Fallback Intent
nicht stören erteilt die Genehmigung für mein Telefon finden Funktion 114 nutzen zu können okay sag jetzt einfach wirst verlangt der alles mit Amazon dir dass ich,Default Fallback Intent
Fernsehübertragung Handy,Default Fallback Intent
neues Ger√§t und das funktioniert dann,Default Fallback Intent
h√∂re normal,Default Fallback Intent
wenn ich an die ran  h√∂re normal,Default Fallback Intent
wie hoch ist der Eiffelturm,Default Fallback Intent
wie schwer ist ein Elefant,Default Fallback Intent
wie gesagt gegen unten im TV,Default Fallback Intent
jeder kriegt sieben Karten,Default Fallback Intent
Versorgungsgüter zu bringen,Default Fallback Intent
Waschtisch aus dem Zauberwald kaufen,Default Fallback Intent
wie kann ich,Default Fallback Intent
wie kann ich Ausschau,Default Fallback Intent
schalte Flur an,Default Fallback Intent
Wie kann ich den Namen meines Zubehörs ändern?,Help.Accessories
Wie kann ich die Lautstärke meiner externen Geräte anpassen?,Help.Accessories
Wie stelle ich die Lautstärke an meinem externen Gerät ein?,Help.Accessories
Hilfe bei der Einstellung der TV-Streamer-Lautstärke,Help.Accessories
Wie kann ich die Lautstärke meines Zubehörs ändern?,Help.Accessories
"Wie kann ich überprüfen, ob mein Zubehör mit meinem Hörgerät gekoppelt ist?",Help.Accessories
Wie kann ich den Namen meines Zubehörs ändern?,Help.Accessories
Wie kann ich die Lautstärke meines Zubehörs ändern?,Help.Accessories
"Wie kann ich überprüfen, ob mein Zubehör mit meinem Hilfsmittel gekoppelt ist?",Help.Accessories
Hilfe bei der Einstellung der TV-Streamer-Lautstärke,Help.Accessories
Wie stelle ich die Lautstärke an meinem Zubehörteil ein?,Help.Accessories
wie verbinde ich mein Zubehör,Help.Accessories
gibt es eine Fernbedienung für mein Hörgerät,Help.Accessories
Wie lege ich mein Schrittziel fest?,Help.Activity
Wie kann ich mein Schrittziel ändern?,Help.Activity
Wie stelle ich die Schrittzahl ein?,Help.Activity
Schrittzahl einstellen,Help.Activity
Wie kann ich mein Laufziel ändern?,Help.Activity
Wie setze ich mein Laufziel?,Help.Activity
Wie setze ich mein Radfahrziel?,Help.Activity
Wie setze ich ein Ziel für das Fahrrad fahren?,Help.Activity
Wie setze ich mir ein Ziel für das Fahrrad fahren?,Help.Activity
Wie stelle ich mir ein Fahrradziel ein?,Help.Activity
Wie ändere ich mein Ziel für das Fahrrad fahren?,Help.Activity
Wie ändere ich  mein Fahrradziel?,Help.Activity
Wie ändere ich mein Radfahrziel?,Help.Activity
Kann ich die geradelte Strecke berechnen?,Help.Activity
"Wie weiß ich, wie lange ich schon geradelt bin?",Help.Activity
Wie setze ich mein Standziel?,Help.Activity
Wie stelle ich das Ziel fürs Aufstehen ein?,Help.Activity
Wie kann ich mein Standziel ändern?,Help.Activity
Wie kann ich mein Laufziel ändern?,Help.Activity
Wie setze ich mein Laufziel?,Help.Activity
Wie stelle ich mein Aerobic-Ziel ein?,Help.Activity
Wie kann ich mein Aerobic-Ziel ändern?,Help.Activity
Wie lege ich mein Trainingsziel fest?,Help.Activity
Wie stelle ich mein Trainingsziel ein?,Help.Activity
Wie kann ich mein Trainingsziel ändern?,Help.Activity
Wie ändere ich mein Trainingsziel?,Help.Activity
"Basis Modus, wie wähle ich diesen aus?",Help.AppSettings
"Basis Modus, wie?",Help.AppSettings
"Erweiterten Modus, wie wähle ich diesen aus?",Help.AppSettings
"Erweiterten Modus, wie?",Help.AppSettings
Was ist der einfache Modus?,Help.AppSettings
Was ist der erweiterte Modus?,Help.AppSettings
Was ist der Unterschied zwischen dem erweiterten Modus und dem einfachen Modus?,Help.AppSettings
Was ist der Unterschied?,Help.AppSettings
Was kann ich hier einstellen?,Help.AppSettings
Wie kann ich die App-Einstellungen ändern?,Help.AppSettings
Wie kann ich die App-Einstellungen zurücksetzen?,Help.AppSettings
Wie komme ich zu dem erweiterten Modus?,Help.AppSettings
Wie komme ich zu den einfachen Modus?,Help.AppSettings
Wie setze ich die App auf die Werkseinstellungen zurück?,Help.AppSettings
Wie setze ich die App zurück?,Help.AppSettings
Wie stelle ich den Basis Modus ein?,Help.AppSettings
Wie stelle ich den Erweiterten Modus ein?,Help.AppSettings
Wie stelle ich den Modus um?,Help.AppSettings
Wie verändere ich die App-Einstellungen?,Help.AppSettings
Wie wähle ich den Basis Modus?,Help.AppSettings
Wie wähle ich den Erweiterten Modus?,Help.AppSettings
Wie wechsel ich in den Basis-Modus ?,Help.AppSettings
Wie wechsel ich in den Fortgeschrittenen-Modus,Help.AppSettings
"Helfen Sie mir, mit meiner App Erinnerungen zu ändern",Help.ChangingMemories
"Helfen Sie mit, Erinnerungen an meine Hilfe zu ändern",Help.ChangingMemories
"Helfen Sie mit, Erinnerungen an meine Hilfsmittel zu ändern",Help.ChangingMemories
Hilfe beim Ändern von Erinnerungen,Help.ChangingMemories
Hilfe beim Ändern von Erinnerungen an mein Hörgerät,Help.ChangingMemories
Hilfe beim Ändern von Erinnerungen an meine Hörgeräte,Help.ChangingMemories
Hilfe beim Ändern von Erinnerungen mit meiner Thrive-App,Help.ChangingMemories
Hilfe beim Ändern von Erinnerungen mithilfe der Thrive-App,Help.ChangingMemories
Hilfe beim Ändern von Programmen am Telefon,Help.ChangingMemories
Hilfe beim Ändern von Programmen mit meiner Thrive-App,Help.ChangingMemories
Hilfe beim Ändern von Programmen mithilfe der App,Help.ChangingMemories
Hilfe beim Ändern von Programmen mithilfe der Thrive-App,Help.ChangingMemories
Hilfe beim Programmwechsel,Help.ChangingMemories
Hilfe beim Programmwechsel auf meinem Handy,Help.ChangingMemories
Hilfe beim Programmwechsel auf meinem Hörgerät,Help.ChangingMemories
Hilfe beim Programmwechsel auf meinen Hilfsmitteln,Help.ChangingMemories
Hilfe beim Programmwechsel auf meinen Hörgeräten,Help.ChangingMemories
Hilfe beim Programmwechsel auf meiner Hilfe,Help.ChangingMemories
Hilfe beim Programmwechsel mit meiner App,Help.ChangingMemories
Ich brauche Hilfe zum Ändern der Programme in meiner App,Help.ChangingMemories
Kann ich in eine andere Erinnerung gehen?,Help.ChangingMemories
Kann ich zu einem anderen Hörgeräteprogramm gehen?,Help.ChangingMemories
Kann ich zu einem anderen Hörgerätespeicher wechseln?,Help.ChangingMemories
Kann ich zu einem anderen Programm gehen?,Help.ChangingMemories
Was ist Erinnerung?,Help.ChangingMemories
Wie ändere ich das Hörgeräteprogramm?,Help.ChangingMemories
Wie ändere ich das Hörgerätespeicher?,Help.ChangingMemories
Wie ändere ich den Modus?,Help.ChangingMemories
Wie ändere ich Erinnerungen am Hörgerät?,Help.ChangingMemories
Wie ändere ich Erinnerungen an die Hörgeräte?,Help.ChangingMemories
Wie ändere ich Erinnerungen an mein Hörgerät?,Help.ChangingMemories
Wie ändere ich Erinnerungen an meine Hörgeräte?,Help.ChangingMemories
Wie ändere ich Erinnerungen?,Help.ChangingMemories
Wie ändere ich mein Hörgeräteprogramm?,Help.ChangingMemories
Wie ändere ich mein Hörgerätespeicher?,Help.ChangingMemories
Wie ändere ich Programme auf dem Hörgerät?,Help.ChangingMemories
Wie ändere ich Programme auf den Hilfsmitteln?,Help.ChangingMemories
Wie ändere ich Programme auf meinem Hörgerät?,Help.ChangingMemories
Wie ändere ich Programme auf meinen Hilfsmitteln?,Help.ChangingMemories
Wie ändere ich Programme auf meinen Hörgeräten?,Help.ChangingMemories
Wie ändere ich Programme für die Hilfe?,Help.ChangingMemories
Wie ändere ich Programme für meine Hilfe?,Help.ChangingMemories
Wie ändere ich Programme?,Help.ChangingMemories
Wie ändert man die Programme,Help.ChangingMemories
Wie ändert man die Programmeinstellungen,Help.ChangingMemories
Wie greife ich auf meine Hörgeräteprogramme zu?,Help.ChangingMemories
Wie kann ich die Programme verändern,Help.ChangingMemories
Wie kann ich die Programmeinstellungen verändern,Help.ChangingMemories
Wie kann ich Erinnerungen ändern?,Help.ChangingMemories
wie kann ich wie kann ich meine hörprogramme verändern,Help.ChangingMemories
Wie kann ich zu einem anderen Programm wechseln,Help.ChangingMemories
Wie kann ich zu einem anderen Programm wechseln?,Help.ChangingMemories
wie man das Gedächtnis ändert,Help.ChangingMemories
wie wechsel ich meine Programme,Help.ChangingMemories
Wie wechsle ich auf meinem Hörgerät zu einem anderen Gedächtnis?,Help.ChangingMemories
Wie wechsle ich auf meinen Hilfsmitteln zu einem anderen Gedächtnis?,Help.ChangingMemories
Wie wechsle ich auf meinen Hörgeräten zu einem anderen Gedächtnis?,Help.ChangingMemories
Wie wechsle ich mit meinem Hörgerät zu einem anderen Programm?,Help.ChangingMemories
Wie wechsle ich mit meinen Hilfsmitteln zu einem anderen Programm?,Help.ChangingMemories
Wie wechsle ich mit meinen Hörgeräten zu einem anderen Programm?,Help.ChangingMemories
Wie wechsle ich mit meiner Hilfe zu einem anderen Gedächtnis?,Help.ChangingMemories
Wie wechsle ich mit meiner Hilfe zu einem anderen Programm?,Help.ChangingMemories
Wie wechsle ich mit meiner Hilfe zu einer anderen Erinnerung?,Help.ChangingMemories
Wie wechsle ich zu einem anderen Gedächtnis auf meinen Hörgeräten?,Help.ChangingMemories
Wie wechsle ich zu einem anderen Programm auf den Hilfsmitteln?,Help.ChangingMemories
Wie wechsle ich zu einem anderen Programm für das Hörgerät?,Help.ChangingMemories
Wie wechsle ich zu einem anderen Programm für die Hilfsmittel?,Help.ChangingMemories
Wie wechsle ich zu einem anderen Programm für Hörgeräte?,Help.ChangingMemories
Wie wechsle ich zu einem anderen Speicher auf den Hilfsmitteln?,Help.ChangingMemories
Wie wechsle ich zu einem anderen Speicher auf den Hörgeräten?,Help.ChangingMemories
Wie wechsle ich zu einem anderen Speicher der Hilfe?,Help.ChangingMemories
Wie wechsle ich zu einem anderen Speicher des Hörgeräts?,Help.ChangingMemories
Wie wechsle ich zu einem anderen Speicher meiner Hilfsmittel?,Help.ChangingMemories
Wie wechsle ich zu einem anderen Speicher meines Hörgeräts?,Help.ChangingMemories
Wo finde ich meine Hörgeräteprogramme?,Help.ChangingMemories
Wie erhöhe ich den Bass,Help.Customize
Wie erhöhe ich die Höhen,Help.Customize
Wie benutze ich den Equalizer,Help.Customize
Wie ändere ich den Sprachfokus,Help.Customize
Wie kann ich mein Hörgerät anpassen,Help.Customize
Wie kann ich meine Hörgeräte-Einstellungen anpassen?,Help.Customize
Wie kann ich die Einstellungen für Machinengeräusche anpassen,Help.Customize
Wie kann ich die Maschinengeräusch-Einstellung ändern?,Help.Customize
Wie verstärke ich den Bass,Help.Customize
Wie ändere ich den Sprachfokus?,Help.Customize
Wie kann ich meine Hörgeräte-Einstellungen anpassen,Help.Customize
Wie passe ich die Höhen an,Help.Customize
Wie stelle ich das Hintergrundgeräusch ein?,Help.Customize
Wie benutze ich den Equalizer?,Help.Customize
Wie verstärke ich die Höhen,Help.Customize
Wie stelle ich das Hintergrundgeräusch ein,Help.Customize
Wie kann ich die Windgeräusche reduzieren?,Help.Customize
Wie passe ich die Einstellungen an,Help.Customize
Wie kann ich meine Hörgeräte anpassen?,Help.Customize
Wie kann ich Windgeräusche reduzieren,Help.Customize
Wie erhöhe ich die Bässe/Höhen?,Help.Customize
Wie kann ich die Einstellungen für Machinengeräusche ändern,Help.Customize
Wie propiere ich die App aus,Help.DemoMode
Wie starte ich den Demo-Modus,Help.DemoMode
Wie kann ich die App ausprobieren ohne Hörgeräte zu verwenden.,Help.DemoMode
Wie verwended ich die App.,Help.DemoMode
Wie kann ich die App ohne Hörgeräte testen?,Help.DemoMode
Wie kann ich den Demo-Modus verwenden.,Help.DemoMode
Wie benutze ich den Demo-Modus?,Help.DemoMode
Wie kann ich die App ausprobieren.,Help.DemoMode
Wie kann ich in den automatischen Anrufsmodus einschalten.,Help.DeviceSettings
Wie kann ich die Optionen meines Hörgerätes ändern.,Help.DeviceSettings
Wie richte ich den automatischen Fahrzeugspeicher ein?,Help.DeviceSettings
Wie kann ich die Benachrichtigungsoptionen meines Hörgerätes ändern.,Help.DeviceSettings
Wie kann ich in den automatischen Anrufsmodus schalten.,Help.DeviceSettings
Wie kann ich automatisch zu einem anderen Speicher für Telefonate wechseln?,Help.DeviceSettings
Wie aktiviere ich Comfort Boost?,Help.DeviceSettings
Wie kann ich beim Streaming auf einen anderen Speicher wechseln?,Help.DeviceSettings
Wie kann ich in einen anderen Modus umschalten.,Help.DeviceSettings
Wo finde ich mein Hörgerätemodell/Seriennummer?,Help.DeviceSettings
Was ist Comfort Boost?,Help.DeviceSettings
Wie kann ich die Einstellungen für Doppeltipps anpassen?,Help.DeviceSettings
Wo finde ich die Seriennummer.,Help.DeviceSettings
Wie kann ich die Einstellungen für zweimaliges Tippen ändern.,Help.DeviceSettings
Wie kann ich die automatische Fahrzeugdetektion einschalten.,Help.DeviceSettings
Wo finde ich die Modelnummer.,Help.DeviceSettings
Wo finde ich die Seriennummer meines Hörgerätes.,Help.DeviceSettings
Wie kann ich die Optionen für die Benachrichtigung über mein Hörgerät ändern?,Help.DeviceSettings
Wie kann ich einen anderen Modus einschalten.,Help.DeviceSettings
wie kann ich Einstellungen in meiner App verändern,Help.DeviceSettings
kann ich die Grundeinstellung meines Hörgerätes verändern,Help.DeviceSettings
"Was passiert, wenn ich falle?",Help.FallAlert
Wie sende ich eine manuelle Benachrichtigung an meine Kontakte?,Help.FallAlert
"Welche Geräusche höre ich in meinen Hörgeräten, wenn ich falle?",Help.FallAlert
Wie kann ich eine Benachrichtigungs-SMS stornieren?,Help.FallAlert
"Woher weiß ich, ob die Benachrichtigungs-SMS gesendet wurde?",Help.FallAlert
"Was bewirken meine Hörgeräte, wenn ich gefallen bin?",Help.FallAlert
Wie kann ich eine Benachrichtigung stornieren/stoppen?,Help.FallAlert
"Was passiert, wenn der Sturzalarm fehlschlägt?",Help.FallAlert
Wie funktioniert die Sturzerkennung?,Help.FallAlert
Wie klingen die Fallindikatoren?,Help.FallAlert
Was passiert wenn ich hinfalle.,Help.FallAlert
Was passiert wenn ich stürze.,Help.FallAlert
Was passiert sollte ich hinfallen.,Help.FallAlert
Was passiert sollte ich stürzen.,Help.FallAlert
Wie alarmiere ich meine Kontakte.,Help.FallAlert
Wie sende ich eine Benachrichtigung an meine Kontakte.,Help.FallAlert
Wie kann ich meine Kontakte benachrichtigen.,Help.FallAlert
"Welches Alarmsignal höre ich, sollte ich hinfallen.",Help.FallAlert
"Welches Alarmsignal höre ich, sollte ich stürzen.",Help.FallAlert
Wie kann ich kontrollieren ob eine Benachrichtigung verschickt wurde.,Help.FallAlert
Wie kann ich das Senden einer Benachrichtigung unterbrechen.,Help.FallAlert
Wie kann ich kontrollieren ob eine Benachrichtigung verschickt wurde.,Help.FallAlert
Wie kann ich das Senden einer Alarmbenachrichtigung unterbrechen.,Help.FallAlert
Wie kann ich kontrollieren ob eine Alarmbenachrichtigung verschickt wurde.,Help.FallAlert
Wie kann ich das Senden eines Alarms unterbrechen.,Help.FallAlert
Wie kann ich kontrollieren ob ein Alarm gesendet wurde.,Help.FallAlert
Wie benachrichtige ich meine Kontakte.,Help.FallAlert
"Welches Alarmsignal höre ich, falls ich hinfallen.",Help.FallAlert
"Welches Alarmsignal höre ich, falls ich stürze.",Help.FallAlert
Wie kann ich den Alarm stoppen.,Help.FallAlert
Was ist wenn die Sturzdetektion nicht funktioniert.,Help.FallAlert
Wie funktioniert die Sturzdetektion.,Help.FallAlert
Wie klingt das Sturzsignal.,Help.FallAlert
Wie klingt das Alarmsignal.,Help.FallAlert
"Was für ein Signal ist zu hören, falls ich stürze.",Help.FallAlert
"Woher weiß ich, wo meine Hilfsmittel sind?",Help.FindMyHearingAids
Wie kann ich mein Hörgerät finden?,Help.FindMyHearingAids
Wie suche ich nach meinem Hörgerät?,Help.FindMyHearingAids
Wie suche ich nach meinem Hörgerät?,Help.FindMyHearingAids
Wie finde ich mein Hörgerät?,Help.FindMyHearingAids
"Woher weiß ich, wo meine Hörgeräte sind?",Help.FindMyHearingAids
"Woher weiß ich, wo mein Hörgerät ist?",Help.FindMyHearingAids
Wie lokalisiere ich mein Hörgerät?,Help.FindMyHearingAids
Wie finde ich mein Hörgerät?,Help.FindMyHearingAids
Wie finde ich meine Hörgeräte?,Help.FindMyHearingAids
Wie kann ich meine Hörgeräte-Einstellungen sichern?,Help.HearingCareAnywhereConnect
Wie kann ich meine App-Einstellungen sichern?,Help.HearingCareAnywhereConnect
Wie melde ich mich bei Cloud Services an?,Help.HearingCareAnywhereConnect
Wie melde ich mich bei einem Cloud Service an?,Help.HearingCareAnywhereConnect
Warum sollte ich ein Cloud-Konto haben?,Help.HearingCareAnywhereConnect
Wie kann ich meine App-Einstellungen sichern/speichern?,Help.HearingCareAnywhereConnect
Wie kann ich meine Hörgeräte-Einstellungen sichern/speichern?,Help.HearingCareAnywhereConnect
Warum sollte ich ein Cloud-Konto haben?,Help.HearingCareAnywhereConnect
Wieso sollte ich ein Cloud-Konto besitzen?,Help.HearingCareAnywhereConnect
Anleitung zum Messen der Herzfrequenz?,Help.HeartRate
"Herzfrequenssensor, was ist das?",Help.HeartRate
"Herzfrequenzmesser, wie benutze ich den?",Help.HeartRate
"Herzfrequenzssensor, wie ?",Help.HeartRate
"Herzfrequenzssensor, wie benutze ich den?",Help.HeartRate
Ich möchte meine Herzfrequenz messen,Help.HeartRate
Was ist der Herzfrequenzmesser?,Help.HeartRate
Was ist der Herzfrequenzsensor?,Help.HeartRate
Was muss ich bei der Herzfrequenz Messung beachten?,Help.HeartRate
Wie benutze ich das Herzfrequenzmessgerät?,Help.HeartRate
Wie benutze ich den Herzfrequenzsensor?,Help.HeartRate
Wie benutze ich die Herz-Frequenz Messung?,Help.HeartRate
Wie funktioniert der Herzfrequenzmesser?,Help.HeartRate
Wie funktioniert die Herzfrequenz Messung?,Help.HeartRate
Wie funktioniert die Herzfrequenzfunktion?,Help.HeartRate
Wie Herzfrequenzssensor?,Help.HeartRate
Wie kann ich meine Herzfrequenz messen?,Help.HeartRate
Wie messe ich meine Herzfrequenz,Help.HeartRate
Wie messe ich meine Herzschlagfrequenz?,Help.HeartRate
Wie messe ich meinen Puls,Help.HeartRate
Wie nutze ich den Herzfrequenzsensor,Help.HeartRate
Wie nutze ich die Herzfrequenzfunktion?,Help.HeartRate
Erholung-Herzfrequenz messen,Help.HeartRateRecovery
"Erholung-Herzfrequenz, was ist es?",Help.HeartRateRecovery
Was ist die Erholung Herzfrequenz?,Help.HeartRateRecovery
Was ist der Erholungspuls,Help.HeartRateRecovery
Wie benutze ich die Erholung Herzfrequenz?,Help.HeartRateRecovery
Wie benutze ich der Funktion Erholungspuls,Help.HeartRateRecovery
Wie benutze ich die Messung des Erholungspulses?,Help.HeartRateRecovery
Wie funktionert die Messung des Erholungspulses?,Help.HeartRateRecovery
Wie funktioniert die Erholung Herzfrequenz?,Help.HeartRateRecovery
Wie funktioniert der Erholungspuls,Help.HeartRateRecovery
Wie kann ich den meinen Erholungspuls messen?,Help.HeartRateRecovery
Wie messe ich die Erholung Herzfrequenz?,Help.HeartRateRecovery
Wie messe ich meinen Erholungspuls,Help.HeartRateRecovery
Wie messe ich meinen den Erholungspuls?,Help.HeartRateRecovery
Hilfe zur Hauptseite,Help.Home
Wie komme ich zum Startbildschirm,Help.Home
Wie komme ich zum Hauptmenü zurück,Help.Home
Hilfe zur Startseite,Help.Home
Hilfe zum Startbildschirm,Help.Home
Wie komme ich zum Hauptmenü,Help.Home
Wie gehe ich zur Startseite?,Help.Home
Wie komme ich zum Startbildschirm zurück,Help.Home
Wie komme ich zurück zum Startseite?,Help.Home
Was ist auf dem Startseite?,Help.Home
Was kann ich auf der Startseite einstellen?,Help.Home
Was kann ich im Startbildschirm einstellen,Help.Home
Wie kann ich auf meinen Startseite zugreifen?,Help.Home
Was wird auf dem Startbildschirm angezeigt,Help.Home
Was kann ich im Hauptmenü einstellen,Help.Home
Muss ich zuerst das Ohrpass-Stück einlegen?,Help.InsertDevice
Stecke ich das Hörgerät hinter mein Ohr?,Help.InsertDevice
Wie setze ich Hörgeräte in meine Ohren ein?,Help.InsertDevice
Wie füge ich mein Hörgerät ein?,Help.InsertDevice
Wie setze ich dieses Hörgerät ein?,Help.InsertDevice
Wie nehme ich die Hörgeräte heraus?,Help.InsertDevice
Ich kann mein Hörgerät nicht bekommen,Help.InsertDevice
Ich kann mein Hörgerät nicht aufsetzen,Help.InsertDevice
"Ist es in Ordnung, die Form weit hinein zu drücken?",Help.InsertDevice
"Ist es in Ordnung, das Hörgerät weit einzuschieben?",Help.InsertDevice
"Ist es in Ordnung, die Form tief einzudrücken?",Help.InsertDevice
"Ist es in Ordnung, das Hörgerät tief einzuschieben?",Help.InsertDevice
Gibt es ein Video zum Einsetzen von Hörgeräten in meine Ohren?,Help.InsertDevice
Sollte mein Hörgerät so aussehen wie im Video?,Help.InsertDevice
"Gibt es ein Video, in dem gezeigt wird, wie ich meine Hörgeräte anlege?",Help.InsertDevice
"Zeigen Sie mir, wie ich Hörgeräte in meine Ohren stecke.",Help.InsertDevice
"Zeigen Sie mir, wie ich mein Hörgerät aufsetze",Help.InsertDevice
"Zeigen Sie mir, wie ich mein Hörgerät einsetze",Help.InsertDevice
"Wie sieht das Hörgerät aus, wenn es in meinem Ohr ist?",Help.InsertDevice
Warum sieht mein Hörgerät nicht so aus wie das im Video?,Help.InsertDevice
Warum sieht mein Hörgerät nicht gleich aus?,Help.InsertDevice
Können meine Hörgeräte IntelliVoice verwenden?,Help.IntelliVoice
Hilfe mit IntelliVoice,Help.IntelliVoice
Wie greife ich auf IntelliVoice zu?,Help.IntelliVoice
Wie führe ich eine IntelliVoice durch?,Help.IntelliVoice
Wie verwende ich IntelliVoice?,Help.IntelliVoice
Wie verwende ich die IntelliVoice-Funktion?,Help.IntelliVoice
Wie funktioniert IntelliVoice?,Help.IntelliVoice
Wie oft sollte ich IntelliVoice verwenden?,Help.IntelliVoice
wie man IntelliVoice macht,Help.IntelliVoice
wie man IntelliVoice,Help.IntelliVoice
So führen Sie IntelliVoice aus,Help.IntelliVoice
IntelliVoice-Hilfe,Help.IntelliVoice
IntelliVoice Benutzerhandbuch,Help.IntelliVoice
Was macht diese IntelliVoice?,Help.IntelliVoice
Was ist IntelliVoice?,Help.IntelliVoice
Wofür ist IntelliVoice?,Help.IntelliVoice
Was ist IntelliVoice?,Help.IntelliVoice
Wann sollte ich IntelliVoice verwenden?,Help.IntelliVoice
Wo ist Hilfe für IntelliVoice?,Help.IntelliVoice
Wo ist IntelliVoice?,Help.IntelliVoice
Wo ist IntelliVoice?,Help.IntelliVoice
Können meine Hörgeräte Intelligent Voice verwenden?,Help.IntelliVoice
Hilfe mit intelligenter Stimme,Help.IntelliVoice
Wie greife ich auf Intelligent Voice zu?,Help.IntelliVoice
Wie führe ich eine intelligente Stimme durch?,Help.IntelliVoice
Wie verwende ich Intelligent Voice?,Help.IntelliVoice
Wie verwende ich die Intelligent Voice-Funktion?,Help.IntelliVoice
Wie funktioniert Intelligent Voice?,Help.IntelliVoice
Wie oft sollte ich Intelligent Voice verwenden?,Help.IntelliVoice
wie man Intelligent Voice macht,Help.IntelliVoice
wie man intelligente Stimme,Help.IntelliVoice
wie man Intelligent Voice ausführt,Help.IntelliVoice
Intelligente Sprachhilfe,Help.IntelliVoice
Intelligent Voice Benutzerhandbuch,Help.IntelliVoice
Was macht diese intelligente Stimme?,Help.IntelliVoice
Was ist intelligente Stimme?,Help.IntelliVoice
Wofür ist Intelligent Voice?,Help.IntelliVoice
Was ist IntellivVoice?,Help.IntelliVoice
Wann sollte ich Intelligent Voice verwenden?,Help.IntelliVoice
Wo ist Hilfe für Intelligent Voice,Help.IntelliVoice
Wo ist Intelligent Voice?,Help.IntelliVoice
Wo ist intelligente Stimme?,Help.IntelliVoice
Können meine Hörgeräte DNN Speech Enhancement verwenden?,Help.IntelliVoice
Hilfe bei der DNN-Sprachverbesserung,Help.IntelliVoice
Wie greife ich auf die DNN-Sprachverbesserung zu?,Help.IntelliVoice
Wie führe ich eine DNN-Sprachverbesserung durch?,Help.IntelliVoice
Wie verwende ich DNN Speech Enhancement?,Help.IntelliVoice
Wie verwende ich die DNN-Sprachverbesserungsfunktion?,Help.IntelliVoice
Wie funktioniert die DNN-Sprachverbesserung?,Help.IntelliVoice
Wie oft sollte ich DNN Speech Enhancement verwenden?,Help.IntelliVoice
wie man DNN Sprachverbesserung macht,Help.IntelliVoice
wie man DNN Sprachverbesserung,Help.IntelliVoice
Ausführen der DNN-Sprachverbesserung,Help.IntelliVoice
Hilfe zur DNN-Sprachverbesserung,Help.IntelliVoice
DNN Speech Enhancement Benutzerhandbuch,Help.IntelliVoice
Was macht diese DNN-Sprachverbesserung?,Help.IntelliVoice
Was ist DNN Speech Enhancement?,Help.IntelliVoice
Wofür ist DNN Speech Enhancement?,Help.IntelliVoice
Was ist DNN-Sprachverbesserung?,Help.IntelliVoice
Wann sollte ich DNN Speech Enhancement verwenden?,Help.IntelliVoice
Wo ist Hilfe für die DNN-Sprachverbesserung?,Help.IntelliVoice
Wo ist DNN Speech Enhancement?,Help.IntelliVoice
Wo ist die DNN-Sprachverbesserung?,Help.IntelliVoice
Können meine Hörgeräte Intelligent Voice verwenden?,Help.IntelliVoice
Hilfe mit intelligenter Stimme,Help.IntelliVoice
Wie greife ich auf Intelligent Voice zu?,Help.IntelliVoice
Wie führe ich eine intelligente Stimme durch?,Help.IntelliVoice
Wie verwende ich Intelligent Voice?,Help.IntelliVoice
Wie verwende ich die Intelligent Voice-Funktion?,Help.IntelliVoice
Wie funktioniert Intelligent Voice?,Help.IntelliVoice
Wie oft sollte ich Intelligent Voice verwenden?,Help.IntelliVoice
wie man Intelligent Voice macht,Help.IntelliVoice
wie man intelligente Stimme,Help.IntelliVoice
wie man Intelligent Voice ausführt,Help.IntelliVoice
Intelligente Sprachhilfe,Help.IntelliVoice
Intelligent Voice Benutzerhandbuch,Help.IntelliVoice
Was macht diese intelligente Stimme?,Help.IntelliVoice
Was ist intelligente Stimme?,Help.IntelliVoice
Wofür ist Intelligent Voice?,Help.IntelliVoice
Was ist IntelliVoice?,Help.IntelliVoice
Wann sollte ich Intelligent Voice verwenden?,Help.IntelliVoice
Wo ist Hilfe für Intelligent Voice,Help.IntelliVoice
Wo ist Intelligent Voice?,Help.IntelliVoice
Wo ist intelligente Stimme?,Help.IntelliVoice
Was macht diese Sprach-KI?,Help.IntelliVoice
Wofür ist Voice AI?,Help.IntelliVoice
Wofür ist Voice AI?,Help.IntelliVoice
Was ist Sprach-KI?,Help.IntelliVoice
Wann sollte ich Voice AI verwenden?,Help.IntelliVoice
Wo ist Hilfe für Voice AI,Help.IntelliVoice
Wo ist Voice AI?,Help.IntelliVoice
Wo ist Voice AI?,Help.IntelliVoice
Sprach-KI-Hilfe,Help.IntelliVoice
Sprach-KI,Help.IntelliVoice
Was bringt das Gesichtsmaskenprogramm?,Help.MaskMode
Was bringt das Maskenprogramm?,Help.MaskMode
Was bringt der Maskenmodus?,Help.MaskMode
Was ist das Gesichtsmaskenprogramm?,Help.MaskMode
Was ist das Maskenprogramm?,Help.MaskMode
Was ist der Maskenmodus?,Help.MaskMode
Was macht das Gesichtsmaskenprogramm,Help.MaskMode
Was macht das Maskenprogramm,Help.MaskMode
Was macht der Maskenmodus,Help.MaskMode
Wie aktiviere ich das Gesichtsmaskenprogramm?,Help.MaskMode
Wie aktiviere ich das Maskenprogramm?,Help.MaskMode
Wie aktiviere ich den Maskenmodus?,Help.MaskMode
Wie arbeitet der Maskenprogramm?,Help.MaskMode
Wie beende ich das das Gesichtsmaskenprogramm?,Help.MaskMode
Wie beende ich das das Maskenprogramm?,Help.MaskMode
Wie beende ich den den Maskenmodus?,Help.MaskMode
Wie behebe ich Probleme beim Gesichtsmaskenprogramm?,Help.MaskMode
Wie behebe ich Probleme beim Maskenmodus?,Help.MaskMode
Wie behebe ich Probleme beim Maskenprogramm?,Help.MaskMode
Wie deaktiviere ich das Gesichtsmaskenprogramm?,Help.MaskMode
Wie deaktiviere ich das Maskenprogramm?,Help.MaskMode
Wie deaktiviere ich den Maskenmodus?,Help.MaskMode
Wie gelang ich zum Gesichtsmaskenprogramm?,Help.MaskMode
Wie gelang ich zum Maskenmodus?,Help.MaskMode
Wie gelang ich zum Maskenprogramm?,Help.MaskMode
Wie hilft mir das Gesichtsmaskenprogramm?,Help.MaskMode
Wie hilft mir das Maskenprogramm?,Help.MaskMode
Wie hilft mir der Maskenmodus?,Help.MaskMode
Wie kann ich das Gesichtsmaskenprogramm aktivieren?,Help.MaskMode
Wie kann ich das Gesichtsmaskenprogramm deaktivieren?,Help.MaskMode
Wie kann ich den Maskenmodus aktivieren?,Help.MaskMode
Wie kann ich den Maskenmodus deaktivieren?,Help.MaskMode
Wie kann ich den Maskenprogramm aktivieren?,Help.MaskMode
Wie kann ich den Maskenprogramm deaktivieren?,Help.MaskMode
Wie schalte ich das Gesichtsmaskenprogramm aus,Help.MaskMode
Wie schalte ich das Gesichtsmaskenprogramm ein?,Help.MaskMode
Wie schalte ich den Maskenmodus aus,Help.MaskMode
Wie schalte ich den Maskenmodus ein?,Help.MaskMode
Wie schalte ich den Maskenprogramm aus,Help.MaskMode
Wie schalte ich den Maskenprogramm ein?,Help.MaskMode
Wie starte ich das Gesichtsmaskenprogramm?,Help.MaskMode
Wie starte ich das Maskenprogramm?,Help.MaskMode
Wie starte ich den Maskenmodus?,Help.MaskMode
Wird das Gesichtsmaskenprogramm mir helfen?,Help.MaskMode
Wird das Maskenprogramm mir helfen?,Help.MaskMode
Wird der Maskenmodus mir helfen?,Help.MaskMode
Wo ist das Gesichtsmaskenprogramm?,Help.MaskMode
Wo ist das Maskenprogramm?,Help.MaskMode
Wo ist der Maskenmodus?,Help.MaskMode
Wie kann ich meinen eigenen Speicher erstellen?,Help.MemoryOptions
Kann ich meinem Speicherplatz einen Standort zuweisen?,Help.MemoryOptions
Wie erstelle ich einen benutzerdefiniertes Programm?,Help.MemoryOptions
Wie kann ich mein eigenes Programm  erstellen?,Help.MemoryOptions
Wie erstelle ich einen benutzerdefinierten Speicher?,Help.MemoryOptions
Wie kann ich einen Speicher geotaggen?,Help.MemoryOptions
Kann ich meinem Programm einen Speicherplatz zuweisen?,Help.MemoryOptions
Wie kann ich meine Hörgeräte mit dem Smartphone verbinden,Help.Pairing
Hörgeräte mit dem Telefon verbinden,Help.Pairing
Hilfe zur Verbindung der Hörgeräte,Help.Pairing
Wie kann ich meine Hörgeräte koppeln?,Help.Pairing
Wie verbinde ich meine Hörgeräte,Help.Pairing
Wie trennt man die Hörgeräte von der App?,Help.Pairing
Koppeln von Hörgeräten mit dem Telefon,Help.Pairing
Koppeln meiner Hörgeräte mit der App,Help.Pairing
Wie kann ich meine Hörgeräte vom Telefon trennen?,Help.Pairing
Wie kann ich meine Hörgeräte mit dem Telefon verbinden?,Help.Pairing
Wie kann ich meine Hörgeräte mit dem Telefon koppeln,Help.Pairing
Wie kann ich die Verbindung meiner Hörgeräte mit dem Smartphone unterbrechen,Help.Pairing
Hilfe zur Kopplung der Hörgeräte,Help.Pairing
Wie kann ich die Verbindung meiner Hörgeräte mit dem Telefon unterbrechen,Help.Pairing
Hilfe bei der Koppelung,Help.Pairing
Wie koppel ich meine Hörgeräte,Help.Pairing
Wie kann ich meine Hörgeräte mit dem Smartphone koppeln,Help.Pairing
Hörgeräte mit dem Telefon koppeln,Help.Pairing
Wie kann ich meine Hörgeräte mit dem Telefon verbinden,Help.Pairing
Wie erstelle ich eine Erinnerung?,Help.Reminder
Wie erstelle ich einen Termin?,Help.Reminder
Wie füge ich eine Erinnerung hinzu?,Help.Reminder
Wie funktionieren die Erinnerungen?,Help.Reminder
Wie funktioniert die Erinnerung?,Help.Reminder
Wie funktioniert die Erinnerungs-Funktion?,Help.Reminder
Wie kann ich auf Erinnerungen zugreifen?,Help.Reminder
Wie kann ich einen Termin erstellen?,Help.Reminder
Wie kann ich Erinnerungen erstellen?,Help.Reminder
Wie verwende ich die Erinnerungs-Funktion?,Help.Reminder
Wie verwende ich Erinnerungen?,Help.Reminder
"Erinnere mich daran, mein Auto jede zweite Woche zu waschen.",Help.Reminder
"Erinnere mich daran, alle drei Monate meine Medikamente zu bestellen.",Help.Reminder
"Erinnere mich alle sechs Monate daran, mein Öl zu wechseln.",Help.Reminder
Erinnere mich alle zwei Wochen mein Hörsystem zu reinigen.,Help.Reminder
Erinnere mich alle zwei Wochen mein Hörsystem zu putzen.,Help.Reminder
"Erinnere mich vierteljährlich daran, meinen Freund anzurufen.",Help.Reminder
"Erinnere mich halbjährlich daran, meine Grundsteuer zu bezahlen.",Help.Reminder
Wie frage ich nach neuen Hörgeräteeinstellungen?,Help.RemoteProgramming
Wie kann ich neue Hörgeräteeinstellungen aktivieren.,Help.RemoteProgramming
Woher weiss ich ob meine Hörgeräte Einstellungen verändert wurden.,Help.RemoteProgramming
"Wie erfahre ich, ob ich neue Hörgeräte-Einstellungen erhalten habe?",Help.RemoteProgramming
Wie sende ich eine Hilfeanfrage an meinen Audiologen/Hörgeräteakustiker?,Help.RemoteProgramming
Wie kann ich neue Hörgeräteeinstellungen anfordern.,Help.RemoteProgramming
Wie nutze ich die Fernprogrammierung?,Help.RemoteProgramming
Wie kann ich eine Vorschau der neuen Hörgeräte-Einstellungen anzeigen?,Help.RemoteProgramming
Wie kann ich neue Hörgeräte Einstellungen testen,Help.RemoteProgramming
Warum kann ich keine weitere Hilfeanfrage senden?,Help.RemoteProgramming
Wie kann ich eine Service Anfrage and meinen Audiologen versenden.,Help.RemoteProgramming
Wie kann ich die Fernbedienung verwenden.,Help.RemoteProgramming
Wie kann ich neue Einstellungen testen,Help.RemoteProgramming
Wieso kann ich keine Supportanfrage versenden.,Help.RemoteProgramming
wie kann ich meinen Hörgeräteakustiker erreichen,Help.RemoteProgramming
wie erreiche ich meinen Akustiker,Help.RemoteProgramming
ich habe Probleme mit meinem Hörgerät wer kann mir helfen,Help.RemoteProgramming
Wie kann ich meine Hörgeräte-Einstellungen sichern?,Help.RemoteProgramming
Wie kann ich meine App-Einstellungen sichern?,Help.RemoteProgramming
Wie melde ich mich bei Cloud Services an?,Help.RemoteProgramming
Wie melde ich mich bei einem Cloud Service an?,Help.RemoteProgramming
Warum sollte ich ein Cloud-Konto haben?,Help.RemoteProgramming
Wie kann ich meine App-Einstellungen speichern?,Help.RemoteProgramming
Wie kann ich meine Hörgeräte-Einstellungen speichern?,Help.RemoteProgramming
Wieso sollte ich ein Cloud-Konto besitzen?,Help.RemoteProgramming
Hörpflege überall,Help.RemoteProgramming
TeleHear,Help.RemoteProgramming
genau mein Hörakustiker,Help.RemoteProgramming
höre verbinden,Help.RemoteProgramming
Hörakustiker,Help.RemoteProgramming
Funktionieren meine Hörgeräte?,Help.SelfCheck
Sind meine Hörgeräte OK?,Help.SelfCheck
Funktioniert mein Hörgeräte?,Help.SelfCheck
Hörgeräte defekt,Help.SelfCheck
Hörgeräte funktionieren nicht,Help.SelfCheck
Hörgeräte leise,Help.SelfCheck
Hörgeräte sind defekt,Help.SelfCheck
Mein Hörgerät funktioniert nicht.,Help.SelfCheck
Mein Hörgerät is defekt,Help.SelfCheck
Warum funktionieren meine Hörgeräte nicht?,Help.SelfCheck
Warum funktioniert mein Hörgerät nicht.,Help.SelfCheck
Was stimmt mit meinem Hörgerät nicht?,Help.SelfCheck
"Wie diagnostiziere ich, was mit meinen Hörgeräten nicht stimmt?",Help.SelfCheck
"Wie finde ich heraus, was mit meinen Hörgeräten nicht stimmt?",Help.SelfCheck
Wie funktioniert der Selbsttest?,Help.SelfCheck
Wie kann ich testen ob mein Hörgerät funktioniert?,Help.SelfCheck
"Wie kann ich überprüfen, ob meine Hörgerät funktionieren?",Help.SelfCheck
"Wie kann ich überprüfen, ob meine Hörgeräte funktionieren?",Help.SelfCheck
Wie mache ich einen Selbsttest?,Help.SelfCheck
"Wie überprüfe ich, was mit meinen Hörgeräten nicht stimmt?",Help.SelfCheck
Was ist eine Speicher score?,Help.ThriveScore
Was ist eine Erfolgsbilanz?,Help.ThriveScore
Wie wird der Brain Score berechnet?,Help.ThriveScore
Hilfe beim Body Score,Help.ThriveScore
Hilfe für den Body Score,Help.ThriveScore
Wie wird der Thrive Score berechnet?,Help.ThriveScore
Informationen über den Thrive Score,Help.ThriveScore
Was ist der Body Score?,Help.ThriveScore
Was ist der Thrive Score?,Help.ThriveScore
Wie wird die Erfolgsbilanz berechnet?,Help.ThriveScore
Wie wird der Speicher Score berechnet?,Help.ThriveScore
Was ist ein Body Score?,Help.ThriveScore
Was ist der Brain Score?,Help.ThriveScore
wie sind meine Fitnesswerte,Help.ThriveScore
wie viele schritte habe ich gemacht,Help.ThriveScore
Wie mache ich das weiße Rauschen leiser,Help.Tinnitus
Hilfe bei der Anpassung der Tinnitus-Einstellungen,Help.Tinnitus
Wie stelle ich die Tinnituslautstärke an meinem Hörgerät ein?,Help.Tinnitus
Wie kann ich die Tinnituslautstärke an meinem rechten Hörgerät reduzieren,Help.Tinnitus
Wie kann ich die Tinnituslautstärke an meinem linken Hörgerät reduzieren,Help.Tinnitus
Wie mache ich mein Tinnitusgeräusch weicher?,Help.Tinnitus
Wie mache ich mein Tinnitusgeräusch leiser?,Help.Tinnitus
Wie kann ich die Tinnituslautstärke an meinem rechten Hörgerät reduzieren?,Help.Tinnitus
Wie kann ich die Tinnituslautstärke an meinem linken Hörgerät reduzieren?,Help.Tinnitus
Wie verändere ich die Frequenz des Tinnitusgeräusches,Help.Tinnitus
Wie mache ich das weiße Rauschen weicher?,Help.Tinnitus
Wie mache ich meinen Tinnitusreiz lauter?,Help.Tinnitus
Ich brauche Hilfe beim Anpassen der Tinnitus-Einstellungen,Help.Tinnitus
Wie stelle ich die Frequenz meines Tinnitusgeräusches ein?,Help.Tinnitus
Wie stelle ich die Geschwindigkeit meines Tinnitusgeräusches ein?,Help.Tinnitus
Wie kann ich die Lautstärke des Tinnitusgeräusches an meinen Hörgeräten einstellen,Help.Tinnitus
Wie stelle ich die Tinnituslautstärke an meinem Hörgerät ein,Help.Tinnitus
Wie kann ich die Lautstärke des Tinnitusgeräusches an meinen Hörgeräten einstellen?,Help.Tinnitus
Wie stelle ich die Frequenz meines Tinnitusgeräusches ein,Help.Tinnitus
"Hilf mir, meine Tinnituseinstellung anzupassen.",Help.Tinnitus
Wie mache ich mein Tinnitusgeräusch leiser,Help.Tinnitus
Wie mache ich meinen Tinnitusreiz lauter,Help.Tinnitus
"Hilf mir, meine Tinnituseinstellung anzupassen",Help.Tinnitus
Wie kann ich die Lautstärke des Tinnitusgeräusches an meinen Hörgeräten anpassen,Help.Tinnitus
Wie stelle ich die Geschwindigkeit meines Tinnitusgeräusches ein,Help.Tinnitus
wie komme ich zum Tinnitus Bildschirm,Help.Tinnitus
Ich möchte Sprache in Text umwandeln.,Help.Transcribe
Kann ich mit meinem Hörgerät diktieren,Help.Transcribe
Kann mein Hörgerät Sprache zu Text erkennen?,Help.Transcribe
Kann mein Hörgerät Sprache zu Text?,Help.Transcribe
Sprache zu Text benutzen.,Help.Transcribe
"Sprache zu Text, wie",Help.Transcribe
Was ist Sprache zu Text?,Help.Transcribe
Wie benutze ich die Sprache zu Text Funktion ?,Help.Transcribe
Wie diktiere ich,Help.Transcribe
Wie funktioniert die Umwandlung von Sprache zu Text?,Help.Transcribe
Wie kann ich die Sprache zu Text Funktion verwenden?,Help.Transcribe
Wie kann ich diktieren,Help.Transcribe
Wie kann ich mit meinem Hörgerät Sprache zu Text umwandeln?,Help.Transcribe
Wie kann ich Sprache in Text umwandeln?,Help.Transcribe
Wie kann ich Sprache zu Text benutzen?,Help.Transcribe
Wie kann ich Sprache zu Text?,Help.Transcribe
Wie konvertiere ich mit meinen Hörgeräten Sprache in Text?,Help.Transcribe
Wie konvertiere ich mit meinen Hörgeräten Sprache zu Text?,Help.Transcribe
Wo finde ich die Sprach zu Text Funktion.,Help.Transcribe
Wo finde ich die Sprache zu Text Funktion.,Help.Transcribe
Wo finde ich die Diktierfunktion,Help.Transcribe
Wie funktioniert Übersetzen?,Help.Translate
"Sprachübersetzung, wie?",Help.Translate
"Übersetzung, wie?",Help.Translate
Welche Sprachen kann ich übersetzen lassen?,Help.Translate
Wie benutze ich die Übersetzungsfunktion?,Help.Translate
Wie übersetze ich?,Help.Translate
Wie benutze ich meine Hörgeräte zum übersetzen?,Help.Translate
Wie benutze ich meine Hörgeräte zur Sprachübersetzung?,Help.Translate
Wie benutze ich meine Hörgeräte zur Übersetzung von Sprache?,Help.Translate
Wie benutze ich meine Hörgeräte zur Übersetzung?,Help.Translate
Wie kann ich mit meinen Hörgeräten übersetzen?,Help.Translate
Wie benutze ich Sprachübersetzung?,Help.Translate
Wie benutze ich Translate?,Help.Translate
Wie funktioniert die Sprachübersetzung?,Help.Translate
Wie funktioniert die Übersetzung?,Help.Translate
Wie funktioniert Übersetzen?,Help.Translate
Wie kann ich die Sprachübersetzung starten?,Help.Translate
Wie kann ich in eine andere Sprache übersetzen?,Help.Translate
Wie kann ich übersetzen?,Help.Translate
Wieviele Sprachen kann ich übersetzen lassen?,Help.Translate
Was ist der Thrive Assistant?,Help.VoiceAssistant
Was ist der Assistent?,Help.VoiceAssistant
Was kann ich fragen Thrive Assistant?,Help.VoiceAssistant
Welche Funktionen hat der Thrive Assistant.,Help.VoiceAssistant
Wie benutze ich den Thrive Assistant?,Help.VoiceAssistant
Wie benutze ich meinen Assistenten,Help.VoiceAssistant
Wie funktioniert der Thrive Assistant?,Help.VoiceAssistant
Wie funktioniert mein Assistent?,Help.VoiceAssistant
Wie kann ich auf den Thrive Assistant zugreifen?,Help.VoiceAssistant
Wie kann ich den Assistenten aufrufen?,Help.VoiceAssistant
Wie richte ich den Thrive Assistant ein?,Help.VoiceAssistant
Wie richte ich meinen Assitenten ein?,Help.VoiceAssistant
Hörgeräte wie kann ich die Lautstärke zurücksetzen?,Help.Volume
Hilfe zur Lautstärkeeinstellung,Help.Volume
Wie kann ich die Hörgeräte stummschalten,Help.Volume
Wie kann ich die Lautstärke anpassen,Help.Volume
Wie schalte ich meine Hörgeräte stumm,Help.Volume
Wie mache ich die Hörgeräte leiser,Help.Volume
Wie mache ich die Hörgeräte lauter,Help.Volume
Wie ändere ich die Lautstärke,Help.Volume
"Helfen Sie mir, meine Hörgeräte lautstärke zu ändern.",Help.Volume
Wie kann ich die Lautstärke verändern,Help.Volume
Wie mache ich meine Hörgeräte weicher?,Help.Volume
Wie mache ich meine Hörgeräte leiser?,Help.Volume
Wie mache ich meine Hörgeräte lauter?,Help.Volume
Wie kann ich meine Hörgeräte stumm schalten?,Help.Volume
Wie verringere ich die Lautstärke,Help.Volume
Wie steuer ich die Lautstärke,Help.Volume
Wie kann ich die Lautstärke meiner Hörgeräte einstellen?,Help.Volume
Wie kann ich die Lautstärke meiner linken Hörgeräte verringern?,Help.Volume
Wie kann ich die Lautstärke meiner rechten Hörgeräte verringern?,Help.Volume
Hilfe bei der Lautstärkeanpassung,Help.Volume
Wie stelle ich die Lautstärke an meinem Hörgerät ein?,Help.Volume
Wie kann ich meine Hörgeräte ausschalten?,Help.Volume
Wie schalte ich die Lautstärke meiner Hörgeräte aus?,Help.Volume
Wie schalte ich meine Hörgeräte aus?,Help.Volume
Wie drehe ich die Lautstärke meiner Hörgeräte?,Help.Volume
Was sind die neuen Funktionen der Thrive App,Help.WhatsNew
Was ist neu in der Thrive App,Help.WhatsNew
Zeige mir die Kurzanleitung,Help.WhatsNew
Was hat sich an der Thrive App geändert,Help.WhatsNew
Welche Neuerungen gibt es in der Thrive App,Help.WhatsNew
Was hat sich in dieser Version der Thrive App geändert?,Help.WhatsNew
Zeige mir einen Überblick der Thrive App,Help.WhatsNew
Zeige mir die Funktionen der Thrive App,Help.WhatsNew
Zeigen Sie mir einen Überblick über die Thrive App.,Help.WhatsNew
Was ist neu in dieser Version der Thrive App?,Help.WhatsNew
Was ist neu in dieser Version der Thrive App,Help.WhatsNew
Welche Funktionen hat die Thrive App,Help.WhatsNew
Zeigen Sie mir die Kurzanleitung,Help.WhatsNew
Was ist neu in dieser Thrive App?,Help.WhatsNew
was ist neu,Help.WhatsNew
Was ist CROS?,Help.WiCROS
Was ist WiCROS?,Help.WiCROS
Wie kann ich beide Hörgeräte gleich stellen?,Help.WiCROS
Wie kann ich meinen Sender stumm schalten?,Help.WiCROS
Wie stelle ich die Balance zwischen Empfänger und Sender ein?,Help.WiCROS
Wie stelle ich die Balance-Steuerung ein?,Help.WiCROS
Wie stelle ich die Balance zwischen Empfänger und Sender ein?,Help.WiCROS
Wie kann ich meinen Sender stumm schalten?,Help.WiCROS
Wie stelle ich die Steuerung zwischen meinen Geräten ein?,Help.WiCROS
Wofür brauche ich CROS?,Help.WiCROS
Wofür brauche ich WiCROS?,Help.WiCROS
Wie kann ich den Namen meines Zubehörs ändern?,Help_Accessories
Wie kann ich die Lautstärke meiner externen Geräte anpassen?,Help_Accessories
Wie stelle ich die Lautstärke an meinem externen Gerät ein?,Help_Accessories
Hilfe bei der Einstellung der TV-Streamer-Lautstärke,Help_Accessories
Wie kann ich die Lautstärke meines Zubehörs ändern?,Help_Accessories
"Wie kann ich überprüfen, ob mein Zubehör mit meinem Hörgerät gekoppelt ist?",Help_Accessories
Wie kann ich den Namen meines Zubehörs ändern?,Help_Accessories
Wie kann ich die Lautstärke meines Zubehörs ändern?,Help_Accessories
"Wie kann ich überprüfen, ob mein Zubehör mit meinem Hilfsmittel gekoppelt ist?",Help_Accessories
Hilfe bei der Einstellung der TV-Streamer-Lautstärke,Help_Accessories
Wie stelle ich die Lautstärke an meinem Zubehörteil ein?,Help_Accessories
wie verbinde ich mein Zubehör,Help_Accessories
gibt es eine Fernbedienung für mein Hörgerät,Help_Accessories
Wie lege ich mein Schrittziel fest?,Help_Activity
Wie kann ich mein Schrittziel ändern?,Help_Activity
Wie stelle ich die Schrittzahl ein?,Help_Activity
Schrittzahl einstellen,Help_Activity
Wie kann ich mein Laufziel ändern?,Help_Activity
Wie setze ich mein Laufziel?,Help_Activity
Wie setze ich mein Radfahrziel?,Help_Activity
Wie setze ich ein Ziel für das Fahrrad fahren?,Help_Activity
Wie setze ich mir ein Ziel für das Fahrrad fahren?,Help_Activity
Wie stelle ich mir ein Fahrradziel ein?,Help_Activity
Wie ändere ich mein Ziel für das Fahrrad fahren?,Help_Activity
Wie ändere ich  mein Fahrradziel?,Help_Activity
Wie ändere ich mein Radfahrziel?,Help_Activity
Kann ich die geradelte Strecke berechnen?,Help_Activity
"Wie weiß ich, wie lange ich schon geradelt bin?",Help_Activity
Wie setze ich mein Standziel?,Help_Activity
Wie stelle ich das Ziel fürs Aufstehen ein?,Help_Activity
Wie kann ich mein Standziel ändern?,Help_Activity
Wie kann ich mein Laufziel ändern?,Help_Activity
Wie setze ich mein Laufziel?,Help_Activity
Wie stelle ich mein Aerobic-Ziel ein?,Help_Activity
Wie kann ich mein Aerobic-Ziel ändern?,Help_Activity
Wie lege ich mein Trainingsziel fest?,Help_Activity
Wie stelle ich mein Trainingsziel ein?,Help_Activity
Wie kann ich mein Trainingsziel ändern?,Help_Activity
Wie ändere ich mein Trainingsziel?,Help_Activity
"Basis Modus, wie wähle ich diesen aus?",Help_AppSettings
"Basis Modus, wie?",Help_AppSettings
"Erweiterten Modus, wie wähle ich diesen aus?",Help_AppSettings
"Erweiterten Modus, wie?",Help_AppSettings
Was ist der einfache Modus?,Help_AppSettings
Was ist der erweiterte Modus?,Help_AppSettings
Was ist der Unterschied zwischen dem erweiterten Modus und dem einfachen Modus?,Help_AppSettings
Was ist der Unterschied?,Help_AppSettings
Was kann ich hier einstellen?,Help_AppSettings
Wie kann ich die App-Einstellungen ändern?,Help_AppSettings
Wie kann ich die App-Einstellungen zurücksetzen?,Help_AppSettings
Wie komme ich zu dem erweiterten Modus?,Help_AppSettings
Wie komme ich zu den einfachen Modus?,Help_AppSettings
Wie setze ich die App auf die Werkseinstellungen zurück?,Help_AppSettings
Wie setze ich die App zurück?,Help_AppSettings
Wie stelle ich den Basis Modus ein?,Help_AppSettings
Wie stelle ich den Erweiterten Modus ein?,Help_AppSettings
Wie stelle ich den Modus um?,Help_AppSettings
Wie verändere ich die App-Einstellungen?,Help_AppSettings
Wie wähle ich den Basis Modus?,Help_AppSettings
Wie wähle ich den Erweiterten Modus?,Help_AppSettings
Wie wechsel ich in den Basis-Modus ?,Help_AppSettings
Wie wechsel ich in den Fortgeschrittenen-Modus,Help_AppSettings
Wie wechsle ich meine Batterie?,Help_Battery
Wie lade ich meine Akkus?,Help_Battery
Wie lade ich mein Hörgerät?,Help_Battery
Wie lade ich mein ITC-Hörsystem auf?,Help_Battery
Wie lade ich mein Im-Ohr Hörgerät?,Help_Battery
Wie lade ich mein Hinter-dem-Ohr Hörgerät auf?,Help_Battery
Wie lade ich die Akkus meines Hörgeätes?,Help_Battery
Wie wechsel ich die Batterien in meinem Hörgerät?,Help_Battery
Wie tausche ich meine Batterien?,Help_Battery
"Helfen Sie mir, mit meiner App Erinnerungen zu ändern",Help_ChangingMemories
"Helfen Sie mit, Erinnerungen an meine Hilfe zu ändern",Help_ChangingMemories
"Helfen Sie mit, Erinnerungen an meine Hilfsmittel zu ändern",Help_ChangingMemories
Hilfe beim Ändern von Erinnerungen,Help_ChangingMemories
Hilfe beim Ändern von Erinnerungen an mein Hörgerät,Help_ChangingMemories
Hilfe beim Ändern von Erinnerungen an meine Hörgeräte,Help_ChangingMemories
Hilfe beim Ändern von Erinnerungen mit meiner Thrive-App,Help_ChangingMemories
Hilfe beim Ändern von Erinnerungen mithilfe der Thrive-App,Help_ChangingMemories
Hilfe beim Ändern von Programmen am Telefon,Help_ChangingMemories
Hilfe beim Ändern von Programmen mit meiner Thrive-App,Help_ChangingMemories
Hilfe beim Ändern von Programmen mithilfe der App,Help_ChangingMemories
Hilfe beim Ändern von Programmen mithilfe der Thrive-App,Help_ChangingMemories
Hilfe beim Programmwechsel,Help_ChangingMemories
Hilfe beim Programmwechsel auf meinem Handy,Help_ChangingMemories
Hilfe beim Programmwechsel auf meinem Hörgerät,Help_ChangingMemories
Hilfe beim Programmwechsel auf meinen Hilfsmitteln,Help_ChangingMemories
Hilfe beim Programmwechsel auf meinen Hörgeräten,Help_ChangingMemories
Hilfe beim Programmwechsel auf meiner Hilfe,Help_ChangingMemories
Hilfe beim Programmwechsel mit meiner App,Help_ChangingMemories
Ich brauche Hilfe zum Ändern der Programme in meiner App,Help_ChangingMemories
Kann ich in eine andere Erinnerung gehen?,Help_ChangingMemories
Kann ich zu einem anderen Hörgeräteprogramm gehen?,Help_ChangingMemories
Kann ich zu einem anderen Hörgerätespeicher wechseln?,Help_ChangingMemories
Kann ich zu einem anderen Programm gehen?,Help_ChangingMemories
Was ist Erinnerung?,Help_ChangingMemories
Wie ändere ich das Hörgeräteprogramm?,Help_ChangingMemories
Wie ändere ich das Hörgerätespeicher?,Help_ChangingMemories
Wie ändere ich den Modus?,Help_ChangingMemories
Wie ändere ich Erinnerungen am Hörgerät?,Help_ChangingMemories
Wie ändere ich Erinnerungen an die Hörgeräte?,Help_ChangingMemories
Wie ändere ich Erinnerungen an mein Hörgerät?,Help_ChangingMemories
Wie ändere ich Erinnerungen an meine Hörgeräte?,Help_ChangingMemories
Wie ändere ich Erinnerungen?,Help_ChangingMemories
Wie ändere ich mein Hörgeräteprogramm?,Help_ChangingMemories
Wie ändere ich mein Hörgerätespeicher?,Help_ChangingMemories
Wie ändere ich Programme auf dem Hörgerät?,Help_ChangingMemories
Wie ändere ich Programme auf den Hilfsmitteln?,Help_ChangingMemories
Wie ändere ich Programme auf meinem Hörgerät?,Help_ChangingMemories
Wie ändere ich Programme auf meinen Hilfsmitteln?,Help_ChangingMemories
Wie ändere ich Programme auf meinen Hörgeräten?,Help_ChangingMemories
Wie ändere ich Programme für die Hilfe?,Help_ChangingMemories
Wie ändere ich Programme für meine Hilfe?,Help_ChangingMemories
Wie ändere ich Programme?,Help_ChangingMemories
Wie ändert man die Programme,Help_ChangingMemories
Wie ändert man die Programmeinstellungen,Help_ChangingMemories
Wie greife ich auf meine Hörgeräteprogramme zu?,Help_ChangingMemories
Wie kann ich die Programme verändern,Help_ChangingMemories
Wie kann ich die Programmeinstellungen verändern,Help_ChangingMemories
Wie kann ich Erinnerungen ändern?,Help_ChangingMemories
wie kann ich wie kann ich meine hörprogramme verändern,Help_ChangingMemories
Wie kann ich zu einem anderen Programm wechseln,Help_ChangingMemories
Wie kann ich zu einem anderen Programm wechseln?,Help_ChangingMemories
wie man das Gedächtnis ändert,Help_ChangingMemories
wie wechsel ich meine Programme,Help_ChangingMemories
Wie wechsle ich auf meinem Hörgerät zu einem anderen Gedächtnis?,Help_ChangingMemories
Wie wechsle ich auf meinen Hilfsmitteln zu einem anderen Gedächtnis?,Help_ChangingMemories
Wie wechsle ich auf meinen Hörgeräten zu einem anderen Gedächtnis?,Help_ChangingMemories
Wie wechsle ich mit meinem Hörgerät zu einem anderen Programm?,Help_ChangingMemories
Wie wechsle ich mit meinen Hilfsmitteln zu einem anderen Programm?,Help_ChangingMemories
Wie wechsle ich mit meinen Hörgeräten zu einem anderen Programm?,Help_ChangingMemories
Wie wechsle ich mit meiner Hilfe zu einem anderen Gedächtnis?,Help_ChangingMemories
Wie wechsle ich mit meiner Hilfe zu einem anderen Programm?,Help_ChangingMemories
Wie wechsle ich mit meiner Hilfe zu einer anderen Erinnerung?,Help_ChangingMemories
Wie wechsle ich zu einem anderen Gedächtnis auf meinen Hörgeräten?,Help_ChangingMemories
Wie wechsle ich zu einem anderen Programm auf den Hilfsmitteln?,Help_ChangingMemories
Wie wechsle ich zu einem anderen Programm für das Hörgerät?,Help_ChangingMemories
Wie wechsle ich zu einem anderen Programm für die Hilfsmittel?,Help_ChangingMemories
Wie wechsle ich zu einem anderen Programm für Hörgeräte?,Help_ChangingMemories
Wie wechsle ich zu einem anderen Speicher auf den Hilfsmitteln?,Help_ChangingMemories
Wie wechsle ich zu einem anderen Speicher auf den Hörgeräten?,Help_ChangingMemories
Wie wechsle ich zu einem anderen Speicher der Hilfe?,Help_ChangingMemories
Wie wechsle ich zu einem anderen Speicher des Hörgeräts?,Help_ChangingMemories
Wie wechsle ich zu einem anderen Speicher meiner Hilfsmittel?,Help_ChangingMemories
Wie wechsle ich zu einem anderen Speicher meines Hörgeräts?,Help_ChangingMemories
Wo finde ich meine Hörgeräteprogramme?,Help_ChangingMemories
Wie reinige ich mein Hörgerät?,Help_CleanCare
Wie kann ich mein Hörgerät reinigen?,Help_CleanCare
Wie säubere ich mein Hörgerät?,Help_CleanCare
Wie reinige ich mein Im Ohr Hörgerät?,Help_CleanCare
Wie kann ich mein Im-Ohr Hörgerät reinigen?,Help_CleanCare
Wie säubere ich mein Im-Ohr Hörgerät?,Help_CleanCare
Wie reinige ich mein IdO Hörgerät?,Help_CleanCare
Wie kann ich mein IdO Hörgerät reinigen?,Help_CleanCare
Wie säubere ich mein IdO Hörgerät?,Help_CleanCare
Wie reinige ich mein Hinter dem Ohr Hörgerät?,Help_CleanCare
Wie kann ich mein Hinter Ohr Hörgerät reinigen?,Help_CleanCare
Wie säubere ich mein Hinter dem Ohr Hörgerät?,Help_CleanCare
Wie reinige ich mein RIC Hörgerät?,Help_CleanCare
Wie kann ich mein RIC reinigen?,Help_CleanCare
Wie säubere ich mein RIC Hörgerät?,Help_CleanCare
Wie reinige ich mein ITC Hörgerät?,Help_CleanCare
Wie kann ich mein ITC reinigen?,Help_CleanCare
Wie säubere ich mein ITC Hörgerät?,Help_CleanCare
Kann ich mein Hörgerät mit Wasser reinigen?,Help_CleanCare
"Brauche ich spezielle Werkzeuge, um mein Hörgerät zu reinigen?",Help_CleanCare
Kann ich Seife benutzen zur Reinigung?,Help_CleanCare
Wie erhöhe ich den Bass,Help_Customize
Wie erhöhe ich die Höhen,Help_Customize
Wie benutze ich den Equalizer,Help_Customize
Wie ändere ich den Sprachfokus,Help_Customize
Wie kann ich mein Hörgerät anpassen,Help_Customize
Wie kann ich meine Hörgeräte-Einstellungen anpassen?,Help_Customize
Wie kann ich die Einstellungen für Machinengeräusche anpassen,Help_Customize
Wie kann ich die Maschinengeräusch-Einstellung ändern?,Help_Customize
Wie verstärke ich den Bass,Help_Customize
Wie ändere ich den Sprachfokus?,Help_Customize
Wie kann ich meine Hörgeräte-Einstellungen anpassen,Help_Customize
Wie passe ich die Höhen an,Help_Customize
Wie stelle ich das Hintergrundgeräusch ein?,Help_Customize
Wie benutze ich den Equalizer?,Help_Customize
Wie verstärke ich die Höhen,Help_Customize
Wie stelle ich das Hintergrundgeräusch ein,Help_Customize
Wie kann ich die Windgeräusche reduzieren?,Help_Customize
Wie passe ich die Einstellungen an,Help_Customize
Wie kann ich meine Hörgeräte anpassen?,Help_Customize
Wie kann ich Windgeräusche reduzieren,Help_Customize
Wie erhöhe ich die Bässe/Höhen?,Help_Customize
Wie kann ich die Einstellungen für Machinengeräusche ändern,Help_Customize
Wie propiere ich die App aus,Help_DemoMode
Wie starte ich den Demo-Modus,Help_DemoMode
Wie kann ich die App ausprobieren ohne Hörgeräte zu verwenden.,Help_DemoMode
Wie verwended ich die App.,Help_DemoMode
Wie kann ich die App ohne Hörgeräte testen?,Help_DemoMode
Wie kann ich den Demo-Modus verwenden.,Help_DemoMode
Wie benutze ich den Demo-Modus?,Help_DemoMode
Wie kann ich die App ausprobieren.,Help_DemoMode
Wie kann ich in den automatischen Anrufsmodus einschalten.,Help_DeviceSettings
Wie kann ich die Optionen meines Hörgerätes ändern.,Help_DeviceSettings
Wie richte ich den automatischen Fahrzeugspeicher ein?,Help_DeviceSettings
Wie kann ich die Benachrichtigungsoptionen meines Hörgerätes ändern.,Help_DeviceSettings
Wie kann ich in den automatischen Anrufsmodus schalten.,Help_DeviceSettings
Wie kann ich automatisch zu einem anderen Speicher für Telefonate wechseln?,Help_DeviceSettings
Wie aktiviere ich Comfort Boost?,Help_DeviceSettings
Wie kann ich beim Streaming auf einen anderen Speicher wechseln?,Help_DeviceSettings
Wie kann ich in einen anderen Modus umschalten.,Help_DeviceSettings
Wo finde ich mein Hörgerätemodell/Seriennummer?,Help_DeviceSettings
Was ist Comfort Boost?,Help_DeviceSettings
Wie kann ich die Einstellungen für Doppeltipps anpassen?,Help_DeviceSettings
Wo finde ich die Seriennummer.,Help_DeviceSettings
Wie kann ich die Einstellungen für zweimaliges Tippen ändern.,Help_DeviceSettings
Wie kann ich die automatische Fahrzeugdetektion einschalten.,Help_DeviceSettings
Wo finde ich die Modelnummer.,Help_DeviceSettings
Wo finde ich die Seriennummer meines Hörgerätes.,Help_DeviceSettings
Wie kann ich die Optionen für die Benachrichtigung über mein Hörgerät ändern?,Help_DeviceSettings
Wie kann ich einen anderen Modus einschalten.,Help_DeviceSettings
wie kann ich Einstellungen in meiner App verändern,Help_DeviceSettings
kann ich die Grundeinstellung meines Hörgerätes verändern,Help_DeviceSettings
Wie verwende ich den Edge-Modus?,Help_EdgeMode
Wie benutze ich den Edge-Modus?,Help_EdgeMode
Wie nutze ich den Edge-Modus?,Help_EdgeMode
Wie kann ich den Edge-Modus verwenden?,Help_EdgeMode
Wie wird der Edge-Modus verwendet?,Help_EdgeMode
Wie kann man den Edge-Modus verwenden?,Help_EdgeMode
Wie kann ich die Edge-Funktion verwenden?,Help_EdgeMode
"Wie wird der Modus ""Edge"" verwendet?",Help_EdgeMode
Wie bediene ich den Edge-Modus?,Help_EdgeMode
Wie verwende ich Edge?,Help_EdgeMode
Wie nutzt man den Edge-Modus?,Help_EdgeMode
Was ist der Edge-Modus?,Help_EdgeMode
Was ist Edge?,Help_EdgeMode
Wie kann ich mein Gehör mit dem Edge-Modus verbessern?,Help_EdgeMode
Wie verbessere ich mein Hören mit Edge?,Help_EdgeMode
Was bewirkt der Edge-Modus?,Help_EdgeMode
Was macht der Edge-Modus?,Help_EdgeMode
Was bewirkt der Edge Mode?,Help_EdgeMode
Was kann der Edge Modus?,Help_EdgeMode
Wie kann ich mit dem Edge-Modus die Sprachqualität verbessern?,Help_EdgeMode
Wie kann man das Geräusch mit dem Edge-Modus reduzieren?,Help_EdgeMode
Wie lässt sich das Rauschen im Edge-Modus reduzieren?,Help_EdgeMode
Wie höre ich weniger Wind mit den Edge Modus?,Help_EdgeMode
Einstellen des Basses im Edge-Modus,Help_EdgeMode
Wie ändere ich den Edge Modus?,Help_EdgeMode
Wie speichere ich die Einstellungen im Edge-Modus?,Help_EdgeMode
"Was passiert, wenn ich falle?",Help_FallAlert
Wie sende ich eine manuelle Benachrichtigung an meine Kontakte?,Help_FallAlert
"Welche Geräusche höre ich in meinen Hörgeräten, wenn ich falle?",Help_FallAlert
Wie kann ich eine Benachrichtigungs-SMS stornieren?,Help_FallAlert
"Woher weiß ich, ob die Benachrichtigungs-SMS gesendet wurde?",Help_FallAlert
"Was bewirken meine Hörgeräte, wenn ich gefallen bin?",Help_FallAlert
Wie kann ich eine Benachrichtigung stornieren/stoppen?,Help_FallAlert
"Was passiert, wenn der Sturzalarm fehlschlägt?",Help_FallAlert
Wie funktioniert die Sturzerkennung?,Help_FallAlert
Wie klingen die Fallindikatoren?,Help_FallAlert
Was passiert wenn ich hinfalle.,Help_FallAlert
Was passiert wenn ich stürze.,Help_FallAlert
Was passiert sollte ich hinfallen.,Help_FallAlert
Was passiert sollte ich stürzen.,Help_FallAlert
Wie alarmiere ich meine Kontakte.,Help_FallAlert
Wie sende ich eine Benachrichtigung an meine Kontakte.,Help_FallAlert
Wie kann ich meine Kontakte benachrichtigen.,Help_FallAlert
"Welches Alarmsignal höre ich, sollte ich hinfallen.",Help_FallAlert
"Welches Alarmsignal höre ich, sollte ich stürzen.",Help_FallAlert
Wie kann ich kontrollieren ob eine Benachrichtigung verschickt wurde.,Help_FallAlert
Wie kann ich das Senden einer Benachrichtigung unterbrechen.,Help_FallAlert
Wie kann ich kontrollieren ob eine Benachrichtigung verschickt wurde.,Help_FallAlert
Wie kann ich das Senden einer Alarmbenachrichtigung unterbrechen.,Help_FallAlert
Wie kann ich kontrollieren ob eine Alarmbenachrichtigung verschickt wurde.,Help_FallAlert
Wie kann ich das Senden eines Alarms unterbrechen.,Help_FallAlert
Wie kann ich kontrollieren ob ein Alarm gesendet wurde.,Help_FallAlert
Wie benachrichtige ich meine Kontakte.,Help_FallAlert
"Welches Alarmsignal höre ich, falls ich hinfallen.",Help_FallAlert
"Welches Alarmsignal höre ich, falls ich stürze.",Help_FallAlert
Wie kann ich den Alarm stoppen.,Help_FallAlert
Was ist wenn die Sturzdetektion nicht funktioniert.,Help_FallAlert
Wie funktioniert die Sturzdetektion.,Help_FallAlert
Wie klingt das Sturzsignal.,Help_FallAlert
Wie klingt das Alarmsignal.,Help_FallAlert
"Was für ein Signal ist zu hören, falls ich stürze.",Help_FallAlert
"Woher weiß ich, wo meine Hilfsmittel sind?",Help_FindMyHearingAids
Wie kann ich mein Hörgerät finden?,Help_FindMyHearingAids
Wie suche ich nach meinem Hörgerät?,Help_FindMyHearingAids
Wie suche ich nach meinem Hörgerät?,Help_FindMyHearingAids
Wie finde ich mein Hörgerät?,Help_FindMyHearingAids
"Woher weiß ich, wo meine Hörgeräte sind?",Help_FindMyHearingAids
"Woher weiß ich, wo mein Hörgerät ist?",Help_FindMyHearingAids
Wie lokalisiere ich mein Hörgerät?,Help_FindMyHearingAids
Wie finde ich mein Hörgerät?,Help_FindMyHearingAids
Wie finde ich meine Hörgeräte?,Help_FindMyHearingAids
Was zeigt der Gesundheitsbildschirm?,Help_Health
Wie kann ich meine täglichen Hörgeräte-Ziele sehen?,Help_Health
Wie kann ich meine wöchentlichen Interaktionsziele sehen?,Help_Health
"Wie kann ich sehen, wie viele Schritte ich heute gegangen bin?",Help_Health
"Wie kann ich sehen, wie viel ich diese Woche geradelt bin?",Help_Health
Wie kann ich meine Trainingsaktivitäten sehen?,Help_Health
Wie ändere ich meine Laufziele von täglich auf wöchentlich?,Help_Health
Wie ändere ich meine Schrittziele von monatlich auf täglich?,Help_Health
Wie kann ich meine Gesundheitsziele sehen?,Help_Health
Wie kann ich meine Gesundheitsziele ändern?,Help_Health
Was sind die Gesundheitsfeauteres?,Help_Health
Wie gebe ich Informationen über mein Hörgerät weiter?,Help_HearShare
Wie teile ich meine Informationen über mein Hörgerät?,Help_HearShare
Wie kann ich meine Hörgeräte-Informationen weitergeben?,Help_HearShare
Wie kann ich meine Informationen an meine Frau weitergeben?,Help_HearShare
Wie kann ich meine Informationen an meinen Mann weitergeben?,Help_HearShare
Wie kann ich meine Informationen an mein Kind weitergeben?,Help_HearShare
Wie kann ich meine Informationen an meine Tochter weitergeben?,Help_HearShare
Wie kann ich meine Informationen an meinen Sohn weitergeben?,Help_HearShare
Wie kann ich meine Aktivitätsdaten weitergeben?,Help_HearShare
Wie kann ich meine Aktivitätsdaten teilen?,Help_HearShare
Wie kann ich meine Wellness-Daten weitergeben?,Help_HearShare
Wie richte ich HearShare ein?,Help_HearShare
Wie benutze ich HearShare?,Help_HearShare
Kann mein Sohn HearShare benutzen?,Help_HearShare
Kann meine Tochter HearShare benutzen?,Help_HearShare
Kann mein Mann HearShare benutzen?,Help_HearShare
Kann meine Frau HearShare benutzen?,Help_HearShare
Wie lade ich Personen zu HearShare ein?,Help_HearShare
Wie kann ich eine weitere Person zu HearShare hinzufügen?,Help_HearShare
Hat jemand meine HearShare Einladung angenommen?,Help_HearShare
Wie kann ich meine Hörgeräte-Einstellungen sichern?,Help_HearingCareAnywhereConnect
Wie kann ich meine App-Einstellungen sichern?,Help_HearingCareAnywhereConnect
Wie melde ich mich bei Cloud Services an?,Help_HearingCareAnywhereConnect
Wie melde ich mich bei einem Cloud Service an?,Help_HearingCareAnywhereConnect
Warum sollte ich ein Cloud-Konto haben?,Help_HearingCareAnywhereConnect
Wie kann ich meine App-Einstellungen sichern/speichern?,Help_HearingCareAnywhereConnect
Wie kann ich meine Hörgeräte-Einstellungen sichern/speichern?,Help_HearingCareAnywhereConnect
Warum sollte ich ein Cloud-Konto haben?,Help_HearingCareAnywhereConnect
Wieso sollte ich ein Cloud-Konto besitzen?,Help_HearingCareAnywhereConnect
Anleitung zum Messen der Herzfrequenz?,Help_HeartRate
"Herzfrequenssensor, was ist das?",Help_HeartRate
"Herzfrequenzmesser, wie benutze ich den?",Help_HeartRate
"Herzfrequenzssensor, wie ?",Help_HeartRate
"Herzfrequenzssensor, wie benutze ich den?",Help_HeartRate
Ich möchte meine Herzfrequenz messen,Help_HeartRate
Was ist der Herzfrequenzmesser?,Help_HeartRate
Was ist der Herzfrequenzsensor?,Help_HeartRate
Was muss ich bei der Herzfrequenz Messung beachten?,Help_HeartRate
Wie benutze ich das Herzfrequenzmessgerät?,Help_HeartRate
Wie benutze ich den Herzfrequenzsensor?,Help_HeartRate
Wie benutze ich die Herz-Frequenz Messung?,Help_HeartRate
Wie funktioniert der Herzfrequenzmesser?,Help_HeartRate
Wie funktioniert die Herzfrequenz Messung?,Help_HeartRate
Wie funktioniert die Herzfrequenzfunktion?,Help_HeartRate
Wie Herzfrequenzssensor?,Help_HeartRate
Wie kann ich meine Herzfrequenz messen?,Help_HeartRate
Wie messe ich meine Herzfrequenz,Help_HeartRate
Wie messe ich meine Herzschlagfrequenz?,Help_HeartRate
Wie messe ich meinen Puls,Help_HeartRate
Wie nutze ich den Herzfrequenzsensor,Help_HeartRate
Wie nutze ich die Herzfrequenzfunktion?,Help_HeartRate
Erholung-Herzfrequenz messen,Help_HeartRateRecovery
"Erholung-Herzfrequenz, was ist es?",Help_HeartRateRecovery
Was ist die Erholung Herzfrequenz?,Help_HeartRateRecovery
Was ist der Erholungspuls,Help_HeartRateRecovery
Wie benutze ich die Erholung Herzfrequenz?,Help_HeartRateRecovery
Wie benutze ich der Funktion Erholungspuls,Help_HeartRateRecovery
Wie benutze ich die Messung des Erholungspulses?,Help_HeartRateRecovery
Wie funktionert die Messung des Erholungspulses?,Help_HeartRateRecovery
Wie funktioniert die Erholung Herzfrequenz?,Help_HeartRateRecovery
Wie funktioniert der Erholungspuls,Help_HeartRateRecovery
Wie kann ich den meinen Erholungspuls messen?,Help_HeartRateRecovery
Wie messe ich die Erholung Herzfrequenz?,Help_HeartRateRecovery
Wie messe ich meinen Erholungspuls,Help_HeartRateRecovery
Wie messe ich meinen den Erholungspuls?,Help_HeartRateRecovery
Hilfe zur Hauptseite,Help_Home
Wie komme ich zum Startbildschirm,Help_Home
Wie komme ich zum Hauptmenü zurück,Help_Home
Hilfe zur Startseite,Help_Home
Hilfe zum Startbildschirm,Help_Home
Wie komme ich zum Hauptmenü,Help_Home
Wie gehe ich zur Startseite?,Help_Home
Wie komme ich zum Startbildschirm zurück,Help_Home
Wie komme ich zurück zum Startseite?,Help_Home
Was ist auf dem Startseite?,Help_Home
Was kann ich auf der Startseite einstellen?,Help_Home
Was kann ich im Startbildschirm einstellen,Help_Home
Wie kann ich auf meinen Startseite zugreifen?,Help_Home
Was wird auf dem Startbildschirm angezeigt,Help_Home
Was kann ich im Hauptmenü einstellen,Help_Home
Muss ich zuerst das Ohrpass-Stück einlegen?,Help_InsertDevice
Stecke ich das Hörgerät hinter mein Ohr?,Help_InsertDevice
Wie setze ich Hörgeräte in meine Ohren ein?,Help_InsertDevice
Wie füge ich mein Hörgerät ein?,Help_InsertDevice
Wie setze ich dieses Hörgerät ein?,Help_InsertDevice
Wie nehme ich die Hörgeräte heraus?,Help_InsertDevice
Ich kann mein Hörgerät nicht bekommen,Help_InsertDevice
Ich kann mein Hörgerät nicht aufsetzen,Help_InsertDevice
"Ist es in Ordnung, die Form weit hinein zu drücken?",Help_InsertDevice
"Ist es in Ordnung, das Hörgerät weit einzuschieben?",Help_InsertDevice
"Ist es in Ordnung, die Form tief einzudrücken?",Help_InsertDevice
"Ist es in Ordnung, das Hörgerät tief einzuschieben?",Help_InsertDevice
Gibt es ein Video zum Einsetzen von Hörgeräten in meine Ohren?,Help_InsertDevice
Sollte mein Hörgerät so aussehen wie im Video?,Help_InsertDevice
"Gibt es ein Video, in dem gezeigt wird, wie ich meine Hörgeräte anlege?",Help_InsertDevice
"Zeigen Sie mir, wie ich Hörgeräte in meine Ohren stecke.",Help_InsertDevice
"Zeigen Sie mir, wie ich mein Hörgerät aufsetze",Help_InsertDevice
"Zeigen Sie mir, wie ich mein Hörgerät einsetze",Help_InsertDevice
"Wie sieht das Hörgerät aus, wenn es in meinem Ohr ist?",Help_InsertDevice
Warum sieht mein Hörgerät nicht so aus wie das im Video?,Help_InsertDevice
Warum sieht mein Hörgerät nicht gleich aus?,Help_InsertDevice
Können meine Hörgeräte IntelliVoice verwenden?,Help_IntelliVoice
Hilfe mit IntelliVoice,Help_IntelliVoice
Wie greife ich auf IntelliVoice zu?,Help_IntelliVoice
Wie führe ich eine IntelliVoice durch?,Help_IntelliVoice
Wie verwende ich IntelliVoice?,Help_IntelliVoice
Wie verwende ich die IntelliVoice-Funktion?,Help_IntelliVoice
Wie funktioniert IntelliVoice?,Help_IntelliVoice
Wie oft sollte ich IntelliVoice verwenden?,Help_IntelliVoice
wie man IntelliVoice macht,Help_IntelliVoice
wie man IntelliVoice,Help_IntelliVoice
So führen Sie IntelliVoice aus,Help_IntelliVoice
IntelliVoice-Hilfe,Help_IntelliVoice
IntelliVoice Benutzerhandbuch,Help_IntelliVoice
Was macht diese IntelliVoice?,Help_IntelliVoice
Was ist IntelliVoice?,Help_IntelliVoice
Wofür ist IntelliVoice?,Help_IntelliVoice
Was ist IntelliVoice?,Help_IntelliVoice
Wann sollte ich IntelliVoice verwenden?,Help_IntelliVoice
Wo ist Hilfe für IntelliVoice?,Help_IntelliVoice
Wo ist IntelliVoice?,Help_IntelliVoice
Wo ist IntelliVoice?,Help_IntelliVoice
Können meine Hörgeräte Intelligent Voice verwenden?,Help_IntelliVoice
Hilfe mit intelligenter Stimme,Help_IntelliVoice
Wie greife ich auf Intelligent Voice zu?,Help_IntelliVoice
Wie führe ich eine intelligente Stimme durch?,Help_IntelliVoice
Wie verwende ich Intelligent Voice?,Help_IntelliVoice
Wie verwende ich die Intelligent Voice-Funktion?,Help_IntelliVoice
Wie funktioniert Intelligent Voice?,Help_IntelliVoice
Wie oft sollte ich Intelligent Voice verwenden?,Help_IntelliVoice
wie man Intelligent Voice macht,Help_IntelliVoice
wie man intelligente Stimme,Help_IntelliVoice
wie man Intelligent Voice ausführt,Help_IntelliVoice
Intelligente Sprachhilfe,Help_IntelliVoice
Intelligent Voice Benutzerhandbuch,Help_IntelliVoice
Was macht diese intelligente Stimme?,Help_IntelliVoice
Was ist intelligente Stimme?,Help_IntelliVoice
Wofür ist Intelligent Voice?,Help_IntelliVoice
Was ist IntellivVoice?,Help_IntelliVoice
Wann sollte ich Intelligent Voice verwenden?,Help_IntelliVoice
Wo ist Hilfe für Intelligent Voice,Help_IntelliVoice
Wo ist Intelligent Voice?,Help_IntelliVoice
Wo ist intelligente Stimme?,Help_IntelliVoice
Können meine Hörgeräte DNN Speech Enhancement verwenden?,Help_IntelliVoice
Hilfe bei der DNN-Sprachverbesserung,Help_IntelliVoice
Wie greife ich auf die DNN-Sprachverbesserung zu?,Help_IntelliVoice
Wie führe ich eine DNN-Sprachverbesserung durch?,Help_IntelliVoice
Wie verwende ich DNN Speech Enhancement?,Help_IntelliVoice
Wie verwende ich die DNN-Sprachverbesserungsfunktion?,Help_IntelliVoice
Wie funktioniert die DNN-Sprachverbesserung?,Help_IntelliVoice
Wie oft sollte ich DNN Speech Enhancement verwenden?,Help_IntelliVoice
wie man DNN Sprachverbesserung macht,Help_IntelliVoice
wie man DNN Sprachverbesserung,Help_IntelliVoice
Ausführen der DNN-Sprachverbesserung,Help_IntelliVoice
Hilfe zur DNN-Sprachverbesserung,Help_IntelliVoice
DNN Speech Enhancement Benutzerhandbuch,Help_IntelliVoice
Was macht diese DNN-Sprachverbesserung?,Help_IntelliVoice
Was ist DNN Speech Enhancement?,Help_IntelliVoice
Wofür ist DNN Speech Enhancement?,Help_IntelliVoice
Was ist DNN-Sprachverbesserung?,Help_IntelliVoice
Wann sollte ich DNN Speech Enhancement verwenden?,Help_IntelliVoice
Wo ist Hilfe für die DNN-Sprachverbesserung?,Help_IntelliVoice
Wo ist DNN Speech Enhancement?,Help_IntelliVoice
Wo ist die DNN-Sprachverbesserung?,Help_IntelliVoice
Können meine Hörgeräte Intelligent Voice verwenden?,Help_IntelliVoice
Hilfe mit intelligenter Stimme,Help_IntelliVoice
Wie greife ich auf Intelligent Voice zu?,Help_IntelliVoice
Wie führe ich eine intelligente Stimme durch?,Help_IntelliVoice
Wie verwende ich Intelligent Voice?,Help_IntelliVoice
Wie verwende ich die Intelligent Voice-Funktion?,Help_IntelliVoice
Wie funktioniert Intelligent Voice?,Help_IntelliVoice
Wie oft sollte ich Intelligent Voice verwenden?,Help_IntelliVoice
wie man Intelligent Voice macht,Help_IntelliVoice
wie man intelligente Stimme,Help_IntelliVoice
wie man Intelligent Voice ausführt,Help_IntelliVoice
Intelligente Sprachhilfe,Help_IntelliVoice
Intelligent Voice Benutzerhandbuch,Help_IntelliVoice
Was macht diese intelligente Stimme?,Help_IntelliVoice
Was ist intelligente Stimme?,Help_IntelliVoice
Wofür ist Intelligent Voice?,Help_IntelliVoice
Was ist IntelliVoice?,Help_IntelliVoice
Wann sollte ich Intelligent Voice verwenden?,Help_IntelliVoice
Wo ist Hilfe für Intelligent Voice,Help_IntelliVoice
Wo ist Intelligent Voice?,Help_IntelliVoice
Wo ist intelligente Stimme?,Help_IntelliVoice
Was macht diese Sprach-KI?,Help_IntelliVoice
Wofür ist Voice AI?,Help_IntelliVoice
Wofür ist Voice AI?,Help_IntelliVoice
Was ist Sprach-KI?,Help_IntelliVoice
Wann sollte ich Voice AI verwenden?,Help_IntelliVoice
Wo ist Hilfe für Voice AI,Help_IntelliVoice
Wo ist Voice AI?,Help_IntelliVoice
Wo ist Voice AI?,Help_IntelliVoice
Sprach-KI-Hilfe,Help_IntelliVoice
Sprach-KI,Help_IntelliVoice
Was bringt das Gesichtsmaskenprogramm?,Help_MaskMode
Was bringt das Maskenprogramm?,Help_MaskMode
Was bringt der Maskenmodus?,Help_MaskMode
Was ist das Gesichtsmaskenprogramm?,Help_MaskMode
Was ist das Maskenprogramm?,Help_MaskMode
Was ist der Maskenmodus?,Help_MaskMode
Was macht das Gesichtsmaskenprogramm,Help_MaskMode
Was macht das Maskenprogramm,Help_MaskMode
Was macht der Maskenmodus,Help_MaskMode
Wie aktiviere ich das Gesichtsmaskenprogramm?,Help_MaskMode
Wie aktiviere ich das Maskenprogramm?,Help_MaskMode
Wie aktiviere ich den Maskenmodus?,Help_MaskMode
Wie arbeitet der Maskenprogramm?,Help_MaskMode
Wie beende ich das das Gesichtsmaskenprogramm?,Help_MaskMode
Wie beende ich das das Maskenprogramm?,Help_MaskMode
Wie beende ich den den Maskenmodus?,Help_MaskMode
Wie behebe ich Probleme beim Gesichtsmaskenprogramm?,Help_MaskMode
Wie behebe ich Probleme beim Maskenmodus?,Help_MaskMode
Wie behebe ich Probleme beim Maskenprogramm?,Help_MaskMode
Wie deaktiviere ich das Gesichtsmaskenprogramm?,Help_MaskMode
Wie deaktiviere ich das Maskenprogramm?,Help_MaskMode
Wie deaktiviere ich den Maskenmodus?,Help_MaskMode
Wie gelang ich zum Gesichtsmaskenprogramm?,Help_MaskMode
Wie gelang ich zum Maskenmodus?,Help_MaskMode
Wie gelang ich zum Maskenprogramm?,Help_MaskMode
Wie hilft mir das Gesichtsmaskenprogramm?,Help_MaskMode
Wie hilft mir das Maskenprogramm?,Help_MaskMode
Wie hilft mir der Maskenmodus?,Help_MaskMode
Wie kann ich das Gesichtsmaskenprogramm aktivieren?,Help_MaskMode
Wie kann ich das Gesichtsmaskenprogramm deaktivieren?,Help_MaskMode
Wie kann ich den Maskenmodus aktivieren?,Help_MaskMode
Wie kann ich den Maskenmodus deaktivieren?,Help_MaskMode
Wie kann ich den Maskenprogramm aktivieren?,Help_MaskMode
Wie kann ich den Maskenprogramm deaktivieren?,Help_MaskMode
Wie schalte ich das Gesichtsmaskenprogramm aus,Help_MaskMode
Wie schalte ich das Gesichtsmaskenprogramm ein?,Help_MaskMode
Wie schalte ich den Maskenmodus aus,Help_MaskMode
Wie schalte ich den Maskenmodus ein?,Help_MaskMode
Wie schalte ich den Maskenprogramm aus,Help_MaskMode
Wie schalte ich den Maskenprogramm ein?,Help_MaskMode
Wie starte ich das Gesichtsmaskenprogramm?,Help_MaskMode
Wie starte ich das Maskenprogramm?,Help_MaskMode
Wie starte ich den Maskenmodus?,Help_MaskMode
Wird das Gesichtsmaskenprogramm mir helfen?,Help_MaskMode
Wird das Maskenprogramm mir helfen?,Help_MaskMode
Wird der Maskenmodus mir helfen?,Help_MaskMode
Wo ist das Gesichtsmaskenprogramm?,Help_MaskMode
Wo ist das Maskenprogramm?,Help_MaskMode
Wo ist der Maskenmodus?,Help_MaskMode
Wie kann ich meinen eigenen Speicher erstellen?,Help_MemoryOptions
Kann ich meinem Speicherplatz einen Standort zuweisen?,Help_MemoryOptions
Wie erstelle ich einen benutzerdefiniertes Programm?,Help_MemoryOptions
Wie kann ich mein eigenes Programm  erstellen?,Help_MemoryOptions
Wie erstelle ich einen benutzerdefinierten Speicher?,Help_MemoryOptions
Wie kann ich einen Speicher geotaggen?,Help_MemoryOptions
Kann ich meinem Programm einen Speicherplatz zuweisen?,Help_MemoryOptions
Wie kann ich meine Hörgeräte mit dem Smartphone verbinden,Help_Pairing
Hörgeräte mit dem Telefon verbinden,Help_Pairing
Hilfe zur Verbindung der Hörgeräte,Help_Pairing
Wie kann ich meine Hörgeräte koppeln?,Help_Pairing
Wie verbinde ich meine Hörgeräte,Help_Pairing
Wie trennt man die Hörgeräte von der App?,Help_Pairing
Koppeln von Hörgeräten mit dem Telefon,Help_Pairing
Koppeln meiner Hörgeräte mit der App,Help_Pairing
Wie kann ich meine Hörgeräte vom Telefon trennen?,Help_Pairing
Wie kann ich meine Hörgeräte mit dem Telefon verbinden?,Help_Pairing
Wie kann ich meine Hörgeräte mit dem Telefon koppeln,Help_Pairing
Wie kann ich die Verbindung meiner Hörgeräte mit dem Smartphone unterbrechen,Help_Pairing
Hilfe zur Kopplung der Hörgeräte,Help_Pairing
Wie kann ich die Verbindung meiner Hörgeräte mit dem Telefon unterbrechen,Help_Pairing
Hilfe bei der Koppelung,Help_Pairing
Wie koppel ich meine Hörgeräte,Help_Pairing
Wie kann ich meine Hörgeräte mit dem Smartphone koppeln,Help_Pairing
Hörgeräte mit dem Telefon koppeln,Help_Pairing
Wie kann ich meine Hörgeräte mit dem Telefon verbinden,Help_Pairing
Wie erstelle ich eine Erinnerung?,Help_Reminder
Wie erstelle ich einen Termin?,Help_Reminder
Wie füge ich eine Erinnerung hinzu?,Help_Reminder
Wie funktionieren die Erinnerungen?,Help_Reminder
Wie funktioniert die Erinnerung?,Help_Reminder
Wie funktioniert die Erinnerungs-Funktion?,Help_Reminder
Wie kann ich auf Erinnerungen zugreifen?,Help_Reminder
Wie kann ich einen Termin erstellen?,Help_Reminder
Wie kann ich Erinnerungen erstellen?,Help_Reminder
Wie verwende ich die Erinnerungs-Funktion?,Help_Reminder
Wie verwende ich Erinnerungen?,Help_Reminder
Wie frage ich nach neuen Hörgeräteeinstellungen?,Help_RemoteProgramming
Wie kann ich neue Hörgeräteeinstellungen aktivieren.,Help_RemoteProgramming
Woher weiss ich ob meine Hörgeräte Einstellungen verändert wurden.,Help_RemoteProgramming
"Wie erfahre ich, ob ich neue Hörgeräte-Einstellungen erhalten habe?",Help_RemoteProgramming
Wie sende ich eine Hilfeanfrage an meinen Audiologen/Hörgeräteakustiker?,Help_RemoteProgramming
Wie kann ich neue Hörgeräteeinstellungen anfordern.,Help_RemoteProgramming
Wie nutze ich die Fernprogrammierung?,Help_RemoteProgramming
Wie kann ich eine Vorschau der neuen Hörgeräte-Einstellungen anzeigen?,Help_RemoteProgramming
Wie kann ich neue Hörgeräte Einstellungen testen,Help_RemoteProgramming
Warum kann ich keine weitere Hilfeanfrage senden?,Help_RemoteProgramming
Wie kann ich eine Service Anfrage and meinen Audiologen versenden.,Help_RemoteProgramming
Wie kann ich die Fernbedienung verwenden.,Help_RemoteProgramming
Wie kann ich neue Einstellungen testen,Help_RemoteProgramming
Wieso kann ich keine Supportanfrage versenden.,Help_RemoteProgramming
wie kann ich meinen Hörgeräteakustiker erreichen,Help_RemoteProgramming
wie erreiche ich meinen Akustiker,Help_RemoteProgramming
ich habe Probleme mit meinem Hörgerät wer kann mir helfen,Help_RemoteProgramming
Funktionieren meine Hörgeräte?,Help_SelfCheck
Sind meine Hörgeräte OK?,Help_SelfCheck
Funktioniert mein Hörgeräte?,Help_SelfCheck
Hörgeräte defekt,Help_SelfCheck
Hörgeräte funktionieren nicht,Help_SelfCheck
Hörgeräte leise,Help_SelfCheck
Hörgeräte sind defekt,Help_SelfCheck
Mein Hörgerät funktioniert nicht.,Help_SelfCheck
Mein Hörgerät is defekt,Help_SelfCheck
Warum funktionieren meine Hörgeräte nicht?,Help_SelfCheck
Warum funktioniert mein Hörgerät nicht.,Help_SelfCheck
Was stimmt mit meinem Hörgerät nicht?,Help_SelfCheck
"Wie diagnostiziere ich, was mit meinen Hörgeräten nicht stimmt?",Help_SelfCheck
"Wie finde ich heraus, was mit meinen Hörgeräten nicht stimmt?",Help_SelfCheck
Wie funktioniert der Selbsttest?,Help_SelfCheck
Wie kann ich testen ob mein Hörgerät funktioniert?,Help_SelfCheck
"Wie kann ich überprüfen, ob meine Hörgerät funktionieren?",Help_SelfCheck
"Wie kann ich überprüfen, ob meine Hörgeräte funktionieren?",Help_SelfCheck
Wie mache ich einen Selbsttest?,Help_SelfCheck
"Wie überprüfe ich, was mit meinen Hörgeräten nicht stimmt?",Help_SelfCheck
Was ist eine Speicher score?,Help_ThriveScore
Was ist eine Erfolgsbilanz?,Help_ThriveScore
Wie wird der Brain Score berechnet?,Help_ThriveScore
Hilfe beim Body Score,Help_ThriveScore
Hilfe für den Body Score,Help_ThriveScore
Wie wird der Thrive Score berechnet?,Help_ThriveScore
Informationen über den Thrive Score,Help_ThriveScore
Was ist der Body Score?,Help_ThriveScore
Was ist der Thrive Score?,Help_ThriveScore
Wie wird die Erfolgsbilanz berechnet?,Help_ThriveScore
Wie wird der Speicher Score berechnet?,Help_ThriveScore
Was ist ein Body Score?,Help_ThriveScore
Was ist der Brain Score?,Help_ThriveScore
wie sind meine Fitnesswerte,Help_ThriveScore
wie viele schritte habe ich gemacht,Help_ThriveScore
Wie mache ich das weiße Rauschen leiser,Help_Tinnitus
Hilfe bei der Anpassung der Tinnitus-Einstellungen,Help_Tinnitus
Wie stelle ich die Tinnituslautstärke an meinem Hörgerät ein?,Help_Tinnitus
Wie kann ich die Tinnituslautstärke an meinem rechten Hörgerät reduzieren,Help_Tinnitus
Wie kann ich die Tinnituslautstärke an meinem linken Hörgerät reduzieren,Help_Tinnitus
Wie mache ich mein Tinnitusgeräusch weicher?,Help_Tinnitus
Wie mache ich mein Tinnitusgeräusch leiser?,Help_Tinnitus
Wie kann ich die Tinnituslautstärke an meinem rechten Hörgerät reduzieren?,Help_Tinnitus
Wie kann ich die Tinnituslautstärke an meinem linken Hörgerät reduzieren?,Help_Tinnitus
Wie verändere ich die Frequenz des Tinnitusgeräusches,Help_Tinnitus
Wie mache ich das weiße Rauschen weicher?,Help_Tinnitus
Wie mache ich meinen Tinnitusreiz lauter?,Help_Tinnitus
Ich brauche Hilfe beim Anpassen der Tinnitus-Einstellungen,Help_Tinnitus
Wie stelle ich die Frequenz meines Tinnitusgeräusches ein?,Help_Tinnitus
Wie stelle ich die Geschwindigkeit meines Tinnitusgeräusches ein?,Help_Tinnitus
Wie kann ich die Lautstärke des Tinnitusgeräusches an meinen Hörgeräten einstellen,Help_Tinnitus
Wie stelle ich die Tinnituslautstärke an meinem Hörgerät ein,Help_Tinnitus
Wie kann ich die Lautstärke des Tinnitusgeräusches an meinen Hörgeräten einstellen?,Help_Tinnitus
Wie stelle ich die Frequenz meines Tinnitusgeräusches ein,Help_Tinnitus
"Hilf mir, meine Tinnituseinstellung anzupassen.",Help_Tinnitus
Wie mache ich mein Tinnitusgeräusch leiser,Help_Tinnitus
Wie mache ich meinen Tinnitusreiz lauter,Help_Tinnitus
"Hilf mir, meine Tinnituseinstellung anzupassen",Help_Tinnitus
Wie kann ich die Lautstärke des Tinnitusgeräusches an meinen Hörgeräten anpassen,Help_Tinnitus
Wie stelle ich die Geschwindigkeit meines Tinnitusgeräusches ein,Help_Tinnitus
wie komme ich zum Tinnitus Bildschirm,Help_Tinnitus
Kann ich mit meinem Hörgerät diktieren,Help_Transcribe
Kann mein Hörgerät Sprache zu Text erkennen?,Help_Transcribe
Kann mein Hörgerät Sprache zu Text?,Help_Transcribe
Was ist Sprache zu Text?,Help_Transcribe
Wie benutze ich die Sprache zu Text Funktion ?,Help_Transcribe
Wie diktiere ich,Help_Transcribe
Wie funktioniert die Umwandlung von Sprache zu Text?,Help_Transcribe
Wie kann ich die Sprache zu Text Funktion verwenden?,Help_Transcribe
Wie kann ich diktieren,Help_Transcribe
Wie kann ich mit meinem Hörgerät Sprache zu Text umwandeln?,Help_Transcribe
Wie kann ich Sprache in Text umwandeln?,Help_Transcribe
Wie kann ich Sprache zu Text benutzen?,Help_Transcribe
Wie kann ich Sprache zu Text?,Help_Transcribe
Wie konvertiere ich mit meinen Hörgeräten Sprache in Text?,Help_Transcribe
Wie konvertiere ich mit meinen Hörgeräten Sprache zu Text?,Help_Transcribe
Wo finde ich die Sprach zu Text Funktion.,Help_Transcribe
Wo finde ich die Sprache zu Text Funktion.,Help_Transcribe
Wo finde ich die Diktierfunktion,Help_Transcribe
Wie funktioniert Übersetzen?,Help_Translate
"Sprachübersetzung, wie?",Help_Translate
"Übersetzung, wie?",Help_Translate
Welche Sprachen kann ich übersetzen lassen?,Help_Translate
Wie benutze ich die Übersetzungsfunktion?,Help_Translate
Wie übersetze ich?,Help_Translate
Wie benutze ich meine Hörgeräte zum übersetzen?,Help_Translate
Wie benutze ich meine Hörgeräte zur Sprachübersetzung?,Help_Translate
Wie benutze ich meine Hörgeräte zur Übersetzung von Sprache?,Help_Translate
Wie benutze ich meine Hörgeräte zur Übersetzung?,Help_Translate
Wie kann ich mit meinen Hörgeräten übersetzen?,Help_Translate
Wie benutze ich Sprachübersetzung?,Help_Translate
Wie benutze ich Translate?,Help_Translate
Wie funktioniert die Sprachübersetzung?,Help_Translate
Wie funktioniert die Übersetzung?,Help_Translate
Wie funktioniert Übersetzen?,Help_Translate
Wie kann ich die Sprachübersetzung starten?,Help_Translate
Wie kann ich in eine andere Sprache übersetzen?,Help_Translate
Wie kann ich übersetzen?,Help_Translate
Wieviele Sprachen kann ich übersetzen lassen?,Help_Translate
Was ist der Thrive Assistant?,Help_VoiceAssistant
Was ist der Assistent?,Help_VoiceAssistant
Was kann ich fragen Thrive Assistant?,Help_VoiceAssistant
Welche Funktionen hat der Thrive Assistant.,Help_VoiceAssistant
Wie benutze ich den Thrive Assistant?,Help_VoiceAssistant
Wie benutze ich meinen Assistenten,Help_VoiceAssistant
Wie funktioniert der Thrive Assistant?,Help_VoiceAssistant
Wie funktioniert mein Assistent?,Help_VoiceAssistant
Wie kann ich auf den Thrive Assistant zugreifen?,Help_VoiceAssistant
Wie kann ich den Assistenten aufrufen?,Help_VoiceAssistant
Wie richte ich den Thrive Assistant ein?,Help_VoiceAssistant
Wie richte ich meinen Assitenten ein?,Help_VoiceAssistant
Hörgeräte wie kann ich die Lautstärke zurücksetzen?,Help_Volume
Hilfe zur Lautstärkeeinstellung,Help_Volume
Wie kann ich die Hörgeräte stummschalten,Help_Volume
Wie kann ich die Lautstärke anpassen,Help_Volume
Wie schalte ich meine Hörgeräte stumm,Help_Volume
Wie mache ich die Hörgeräte leiser,Help_Volume
Wie mache ich die Hörgeräte lauter,Help_Volume
Wie ändere ich die Lautstärke,Help_Volume
"Helfen Sie mir, meine Hörgeräte lautstärke zu ändern.",Help_Volume
Wie kann ich die Lautstärke verändern,Help_Volume
Wie mache ich meine Hörgeräte weicher?,Help_Volume
Wie mache ich meine Hörgeräte leiser?,Help_Volume
Wie mache ich meine Hörgeräte lauter?,Help_Volume
Wie kann ich meine Hörgeräte stumm schalten?,Help_Volume
Wie verringere ich die Lautstärke,Help_Volume
Wie steuer ich die Lautstärke,Help_Volume
Wie kann ich die Lautstärke meiner Hörgeräte einstellen?,Help_Volume
Wie kann ich die Lautstärke meiner linken Hörgeräte verringern?,Help_Volume
Wie kann ich die Lautstärke meiner rechten Hörgeräte verringern?,Help_Volume
Hilfe bei der Lautstärkeanpassung,Help_Volume
Wie stelle ich die Lautstärke an meinem Hörgerät ein?,Help_Volume
Wie kann ich meine Hörgeräte ausschalten?,Help_Volume
Wie schalte ich die Lautstärke meiner Hörgeräte aus?,Help_Volume
Wie schalte ich meine Hörgeräte aus?,Help_Volume
Wie drehe ich die Lautstärke meiner Hörgeräte?,Help_Volume
wie verstelle ich die,Help_Volume
Was sind die neuen Funktionen der Thrive App,Help_WhatsNew
Was ist neu in der Thrive App,Help_WhatsNew
Zeige mir die Kurzanleitung,Help_WhatsNew
Was hat sich an der Thrive App geändert,Help_WhatsNew
Welche Neuerungen gibt es in der Thrive App,Help_WhatsNew
Was hat sich in dieser Version der Thrive App geändert?,Help_WhatsNew
Zeige mir einen Überblick der Thrive App,Help_WhatsNew
Zeige mir die Funktionen der Thrive App,Help_WhatsNew
Zeigen Sie mir einen Überblick über die Thrive App.,Help_WhatsNew
Was ist neu in dieser Version der Thrive App?,Help_WhatsNew
Was ist neu in dieser Version der Thrive App,Help_WhatsNew
Welche Funktionen hat die Thrive App,Help_WhatsNew
Zeigen Sie mir die Kurzanleitung,Help_WhatsNew
Was ist neu in dieser Thrive App?,Help_WhatsNew
was ist neu,Help_WhatsNew
Was ist CROS?,Help_WiCROS
Was ist WiCROS?,Help_WiCROS
Wie kann ich beide Hörgeräte gleich stellen?,Help_WiCROS
Wie kann ich meinen Sender stumm schalten?,Help_WiCROS
Wie stelle ich die Balance zwischen Empfänger und Sender ein?,Help_WiCROS
Wie stelle ich die Balance-Steuerung ein?,Help_WiCROS
Wie stelle ich die Balance zwischen Empfänger und Sender ein?,Help_WiCROS
Wie kann ich meinen Sender stumm schalten?,Help_WiCROS
Wie stelle ich die Steuerung zwischen meinen Geräten ein?,Help_WiCROS
Wofür brauche ich CROS?,Help_WiCROS
Wofür brauche ich WiCROS?,Help_WiCROS
Diese Erinnerung ist vollständig,reminders.complete
vollständige Erinnerung,reminders.complete
Vervollständigen Sie die Erinnerung,reminders.complete
Vervollständige meine letzte Erinnerung,reminders.complete
Vervollständige meine Erinnerung.,reminders.complete
Komplette Erinnerung.,reminders.complete
Vervollständige diese Erinnerung.,reminders.complete
Beende meine letzte Erinnerung.,reminders.complete
Beende meine Erinnerung.,reminders.complete
Erinnerung beenden.,reminders.complete
Beenden Sie diese Erinnerung.,reminders.complete
Erinnerung erledigt.,reminders.complete
Erinnerung beendet.,reminders.complete
Erinnerung abgeschlossen.,reminders.complete
Letzte Erinnerung erledigt.,reminders.complete
Letzte Erinnerung beendet.,reminders.complete
Letzte Erinnerung abgeschlossen.,reminders.complete
Markiere meine letzte Erinnerung als vollständig,reminders.complete
Letzte Erinnerung als erledigt markieren,reminders.complete
Erinnerung abschließen,reminders.complete
