text,intent
quand dois-je lancer un message d’alerte manuel ?,Help_FallAlert
que fera mon aide auditive quand je serai tombé ?,Help_FallAlert
quand puis-je intercepter un message texte d’alerte de chute ?,Help_FallAlert
comment puis-je annuler un message texte d'alerte ?,Help_FallAlert
où puis-je envoyer un texte d'alerte manuelle ?,Help_FallAlert
quels sons vais-je entendre dans mon aide auditive si je tombe ?,Help_FallAlert
qu'est-ce que j'entends lorsqu'un message texte d'alerte est reçu ?,Help_FallAlert
comment puis-je intercepter un texte d'alerte manuelle ?,Help_FallAlert
Quels sons vais-je entendre dans mes aides auditives si je tombe ?,Help_FallAlert
où puis-je annuler un message texte d'alerte de chute ?,Help_FallAlert
où puis-je annuler un texte d'alerte manuelle ?,Help_FallAlert
comment puis-je lancer un message texte d'alerte manuelle ?,Help_FallAlert
quand entendrais-je l'alerte envoyée ?,Help_FallAlert
où puis-je intercepter le texte d'un message d'alerte ?,Help_FallAlert
où puis-je arrêter une alerte de chute ?,Help_FallAlert
où puis-je annuler un SMS d'alerte de chute ?,Help_FallAlert
comment puis-je savoir si mon alerte manuelle a commencé ?,Help_FallAlert
comment savoir si un message texte d'alerte est annulé ?,Help_FallAlert
par où dois-je commencer un message texte d'alerte manuelle ?,Help_FallAlert
comment activer l'alerte automatique ?,Help_FallAlert
comment arrêter une alerte ?,Help_FallAlert
quand dois-je arrêter un message texte d’alerte manuelle ?,Help_FallAlert
quand dois-je commencer un texte d’alerte manuelle ?,Help_FallAlert
comment puis-je lancer un message d'alerte manuel ?,Help_FallAlert
l'alerte de chute ne fonctionne pas,Help_FallAlert
comment dois-je envoyer un texte d'alerte manuelle ?,Help_FallAlert
où puis-je arrêter une alerte ?,Help_FallAlert
où puis-je lancer une alerte manuelle ?,Help_FallAlert
où dois-je lancer une alerte manuelle ?,Help_FallAlert
où puis-je envoyer une alerte manuelle ?,Help_FallAlert
où puis-je lancer un message texte d'alerte manuelle ?,Help_FallAlert
comment arrêter une alerte de chute ?,Help_FallAlert
où puis-je intercepter un message texte d'alerte manuelle ?,Help_FallAlert
comment puis-je lancer une alerte manuelle ?,Help_FallAlert
quand puis-je annuler un message texte d'alerte ?,Help_FallAlert
que peut faire mon aide auditive en cas de chute ?,Help_FallAlert
où puis-je arrêter un message d'alerte de chute ?,Help_FallAlert
comment créer un contact pour une alerte automne ?,Help_FallAlert
où puis-je envoyer une alerte manuelle ?,Help_FallAlert
aide-moi à intercepter une alerte de chute,Help_FallAlert
comment dois-je envoyer une alerte manuelle ?,Help_FallAlert
quand dois-je arrêter un message d’alerte ?,Help_FallAlert
quand dois-je arrêter une alerte manuelle ?,Help_FallAlert
que signifie l'alerte envoyée ?,Help_FallAlert
que fait mon aide auditive quand je tombe ?,Help_FallAlert
comment savoir si une alerte a été annulée ?,Help_FallAlert
où puis-je intercepter un message texte d'alerte ?,Help_FallAlert
par où commencer un message d'alerte manuelle ?,Help_FallAlert
comment puis-je annuler un message d'alerte de chute ?,Help_FallAlert
où puis-je arrêter un texte d'alerte ?,Help_FallAlert
comment puis-je savoir si une alerte manuelle a été lancée ?,Help_FallAlert
comment savoir si un message texte d'alerte est reçu ?,Help_FallAlert
comment activer l'alerte automatique ?,Help_FallAlert
quand pourrais-je intercepter un message texte d’alerte manuelle ?,Help_FallAlert
où puis-je intercepter le texte d'un message d'alerte ?,Help_FallAlert
comment puis-je arrêter un SMS d'alerte de chute ?,Help_FallAlert
comment puis-je faire une démonstration de mes indicateurs d'alerte de chute ?,Help_FallAlert
comment puis-je annuler un message d'alerte ?,Help_FallAlert
à quoi ressemblent les indicateurs de chute ?,Help_FallAlert
où puis-je annuler une alerte d'automne ?,Help_FallAlert
quand puis-je annuler un message texte d'alerte manuelle ?,Help_FallAlert
comment puis-je arrêter un SMS d'alerte ?,Help_FallAlert
que fait mon aide auditive quand je tombe ?,Help_FallAlert
où puis-je lancer un message d'alerte manuel ?,Help_FallAlert
"aide, je suis tombé et je ne peux pas me relever",Help_FallAlert
que font mes aides auditives en cas de chute ?,Help_FallAlert
comment savoir si un message texte d'alerte est envoyé ?,Help_FallAlert
qu'entendrai-je lorsqu'une alerte sera envoyée ?,Help_FallAlert
comment puis-je intercepter un message texte d'alerte ?,Help_FallAlert
où puis-je arrêter un message texte d'alerte ?,Help_FallAlert
où dois-je envoyer une alerte manuelle ?,Help_FallAlert
comment puis-je envoyer un SMS d'alerte manuelle ?,Help_FallAlert
que peut faire mon aide auditive en cas de chute ?,Help_FallAlert
où puis-je lancer une alerte manuelle ?,Help_FallAlert
quelles sont les détections de chute,Help_FallAlert
comment dois-je démarrer un message d'alerte manuel ?,Help_FallAlert
quand puis-je intercepter un texte d’alerte de chute ?,Help_FallAlert
quand dois-je lancer une alerte manuelle ?,Help_FallAlert
quand dois-je arrêter une alerte SMS ?,Help_FallAlert
comment configurer la détection de chute,Help_FallAlert
comment puis-je annuler un texte d'alerte manuelle ?,Help_FallAlert
comment puis-je envoyer un texte d'alerte manuelle ?,Help_FallAlert
quand puis-je intercepter une alerte ?,Help_FallAlert
qu'entendrais-je lorsqu'un message texte d'alerte est annulé ?,Help_FallAlert
où puis-je arrêter un texte d'alerte de chute ?,Help_FallAlert
quels sons vais-je entendre si je tombe ?,Help_FallAlert
quand dois-je lancer un message d’alerte manuel ?,Help_FallAlert
quand puis-je arrêter un message d'alerte manuelle ?,Help_FallAlert
quand puis-je annuler un message d'alerte manuelle ?,Help_FallAlert
où puis-je intercepter un message d'alerte de chute ?,Help_FallAlert
que font mes aides auditives en cas de chute ?,Help_FallAlert
quand puis-je envoyer un message texte d'alerte manuelle ?,Help_FallAlert
téléphone égaré,Cmd.FindMyPhone
iphone perdu,Cmd.FindMyPhone
où est mon androïde,Cmd.FindMyPhone
où est mon téléphone Android,Cmd.FindMyPhone
recherche iphone,Cmd.FindMyPhone
chercher mon téléphone,Cmd.FindMyPhone
récupérer l'iphone,Cmd.FindMyPhone
détecter un téléphone,Cmd.FindMyPhone
où est mon téléphone Google,Cmd.FindMyPhone
recherche Android,Cmd.FindMyPhone
où le téléphone,Cmd.FindMyPhone
trouver mon appareil auditif,Cmd.FindMyPhone
trouver un téléphone Android,Cmd.FindMyPhone
rechercher un téléphone,Cmd.FindMyPhone
où est mon téléphone iOS,Cmd.FindMyPhone
trouver un téléphone,Cmd.FindMyPhone
téléphone manquant,Cmd.FindMyPhone
localiser un téléphone Android,Cmd.FindMyPhone
détecter un téléphone Android,Cmd.FindMyPhone
détecter l'iphone,Cmd.FindMyPhone
où est mon téléphone,Cmd.FindMyPhone
iPhone manquant,Cmd.FindMyPhone
où est mon iphone,Cmd.FindMyPhone
découvrir le téléphone,Cmd.FindMyPhone
trouver un iPhone,Cmd.FindMyPhone
localiser le téléphone,Cmd.FindMyPhone
localiser l'iphone,Cmd.FindMyPhone
téléphone perdu,Cmd.FindMyPhone
découvrir le téléphone,Cmd.FindMyPhone
aide-moi à trouver mon iphone,Cmd.FindMyPhone
trouver mon androïde,Cmd.FindMyPhone
où est mon téléphone Apple,Cmd.FindMyPhone
où est mon téléphone portable,Cmd.FindMyPhone
détecter le téléphone,Cmd.FindMyPhone
montre-moi où est mon téléphone,Cmd.FindMyPhone
où ai-je mis mon téléphone,Cmd.FindMyPhone
où iphone,Cmd.FindMyPhone
découvrir le téléphone Android,Cmd.FindMyPhone
découvrir l'iphone,Cmd.FindMyPhone
récupérer le téléphone,Cmd.FindMyPhone
téléphone Android perdu,Cmd.FindMyPhone
je ne trouve pas mon téléphone Android,Cmd.FindMyPhone
combien de calories ai-je brûlé en m'entraînant,Cmd.ActivityExercise
quel est mon objectif d'exercice,Cmd.ActivityExercise
calories en travaillant,Cmd.ActivityExercise
combien de temps ai-je travaillé,Cmd.ActivityExercise
calories exercice,Cmd.ActivityExercise
depuis combien de temps je m'entraîne,Cmd.ActivityExercise
combien de calories ai-je utilisé pour m'entraîner,Cmd.ActivityExercise
objectif d'exercice,Cmd.ActivityExercise
montre-moi mon objectif d'exercice,Cmd.ActivityExercise
depuis combien de temps je fais de l'exercice,Cmd.ActivityExercise
combien de calories ai-je brûlé en faisant de l'exercice,Cmd.ActivityExercise
ai-je atteint mon objectif d'exercice,Cmd.ActivityExercise
combien de temps dois-je encore faire de l'exercice aujourd'hui,Cmd.ActivityExercise
travailler sur un objectif,Cmd.ActivityExercise
augmenter le volume de l'aide auditive,Cmd.VolumeIncrease
augmenter la bonne aide auditive,Cmd.VolumeIncrease
rends-le plus fort,Cmd.VolumeIncrease
augmenter le volume,Cmd.VolumeIncrease
augmenter le volume,Cmd.VolumeIncrease
augmenter le volume de mes aides auditives,Cmd.VolumeIncrease
monter en volume,Cmd.VolumeIncrease
je veux plus de volume,Cmd.VolumeIncrease
augmenter le volume de mes aides auditives,Cmd.VolumeIncrease
volume maximum,Cmd.VolumeIncrease
plus de volume sur l'aide auditive,Cmd.VolumeIncrease
volume maximum,Cmd.VolumeIncrease
volume maximal,Cmd.VolumeIncrease
j'ai besoin de plus de volume,Cmd.VolumeIncrease
augmenter le volume de mes aides auditives,Cmd.VolumeIncrease
augmenter le volume,Cmd.VolumeIncrease
aide à augmenter le volume à droite,Cmd.VolumeIncrease
réglé à 80 % du volume,Cmd.VolumeIncrease
augmenter l'aide auditive gauche,Cmd.VolumeIncrease
son maximum,Cmd.VolumeIncrease
ajuster l'oreille droite pour un son plus élevé,Cmd.VolumeIncrease
aide à augmenter le volume à gauche,Cmd.VolumeIncrease
augmenter le volume,Cmd.VolumeIncrease
réglé à 100 % du volume,Cmd.VolumeIncrease
"c'est trop calme, monte le volume",Cmd.VolumeIncrease
augmenter le volume de l'aide auditive,Cmd.VolumeIncrease
augmenter le volume,Cmd.VolumeIncrease
augmenter le volume,Cmd.VolumeIncrease
augmenter le volume,Cmd.VolumeIncrease
monte mon aide auditive gauche,Cmd.VolumeIncrease
volume plus fort,Cmd.VolumeIncrease
réglé à 90 % du volume,Cmd.VolumeIncrease
augmenter le volume,Cmd.VolumeIncrease
augmenter le volume de mon aide auditive droite,Cmd.VolumeIncrease
augmenter le volume sur les aides auditives,Cmd.VolumeIncrease
augmentation du volume,Cmd.VolumeIncrease
"c'est trop bas, monte le volume",Cmd.VolumeIncrease
augmente le volume de mes aides auditives,Cmd.VolumeIncrease
monte mon aide auditive droite,Cmd.VolumeIncrease
monte mes aides auditives,Cmd.VolumeIncrease
augmenter le volume,Cmd.VolumeIncrease
monte mes aides auditives,Cmd.VolumeIncrease
monte le son,Cmd.VolumeIncrease
mon volume est trop faible,Cmd.VolumeIncrease
augmenter le volume de l'aide auditive,Cmd.VolumeIncrease
rendre le son plus haut,Cmd.VolumeIncrease
plus de volume s'il vous plaît,Cmd.VolumeIncrease
augmenter le volume,Cmd.VolumeIncrease
monte mon aide auditive droite,Cmd.VolumeIncrease
monte le volume,Cmd.VolumeIncrease
augmente le volume de mon aide auditive,Cmd.VolumeIncrease
"s'il vous plaît, plus de volume",Cmd.VolumeIncrease
augmente le volume de mes aides auditives,Cmd.VolumeIncrease
augmenter le volume,Cmd.VolumeIncrease
augmenter le volume de mes aides auditives,Cmd.VolumeIncrease
monte le volume,Cmd.VolumeIncrease
augmenter le volume,Cmd.VolumeIncrease
quel pourcentage de mon objectif de pas ai-je réalisé aujourd'hui,Cmd.ActivityStep
combien de calories pas,Cmd.ActivityStep
montre-moi mon objectif de pas,Cmd.ActivityStep
quel est mon objectif de pas,Cmd.ActivityStep
quelle distance ai-je parcourue aujourd'hui,Cmd.ActivityStep
objectif de pas,Cmd.ActivityStep
combien d'étapes encore pour atteindre mon objectif,Cmd.ActivityStep
combien de pas ai-je fait cette semaine,Cmd.ActivityStep
puis-je voir mon objectif de pas,Cmd.ActivityStep
combien de pas ai-je fait,Cmd.ActivityStep
dis-moi quel est mon objectif de pas,Cmd.ActivityStep
de combien d'étapes ai-je besoin aujourd'hui,Cmd.ActivityStep
montre-moi mon nombre de pas,Cmd.ActivityStep
combien de calories ai-je brûlé avec mes pas,Cmd.ActivityStep
étapes de calories,Cmd.ActivityStep
quel est mon nombre de pas pour le mois,Cmd.ActivityStep
combien de pas ai-je fait ce mois-ci,Cmd.ActivityStep
mesures prises,Cmd.ActivityStep
quel est mon nombre de pas,Cmd.ActivityStep
calories par étapes,Cmd.ActivityStep
j'ai égaré mon autre aide,Help_FindMyHearingAids
je ne me souviens pas où se trouve mon autre aide,Help_FindMyHearingAids
j'ai perdu mon autre aide auditive,Help_FindMyHearingAids
comment localiser mon aide auditive droite ?,Help_FindMyHearingAids
où est mon appareil auditif ?,Help_FindMyHearingAids
"pourquoi ne trouvez-vous pas l'aide auditive gauche, elle est dans mon oreille et fonctionne bien ?",Help_FindMyHearingAids
je ne trouve pas mon aide auditive gauche,Help_FindMyHearingAids
comment rechercher mes aides auditives ?,Help_FindMyHearingAids
où est ma bonne aide ?,Help_FindMyHearingAids
mes aides auditives ont disparu,Help_FindMyHearingAids
mon autre aide a disparu,Help_FindMyHearingAids
trouver ma bonne aide,Help_FindMyHearingAids
localiser mon aide auditive,Help_FindMyHearingAids
où est mon aide auditive ?,Help_FindMyHearingAids
où est mon autre aide ?,Help_FindMyHearingAids
mon aide auditive gauche a disparu,Help_FindMyHearingAids
je ne trouve pas mon aide auditive,Help_FindMyHearingAids
comment puis-je rechercher mon autre aide auditive ?,Help_FindMyHearingAids
où ai-je mis mon aide auditive ?,Help_FindMyHearingAids
aide-moi à trouver mon aide auditive gauche,Help_FindMyHearingAids
je ne me souviens plus où se trouvent mes aides auditives,Help_FindMyHearingAids
localiser mon autre aide auditive,Help_FindMyHearingAids
j'ai égaré mon aide auditive droite,Help_FindMyHearingAids
aide-moi à trouver mes aides auditives,Help_FindMyHearingAids
je ne trouve pas mon autre aide auditive,Help_FindMyHearingAids
comment savoir où se trouvent mes aides auditives ?,Help_FindMyHearingAids
où ai-je placé mes aides auditives ?,Help_FindMyHearingAids
où sont mes aides auditives ?,Help_FindMyHearingAids
où ai-je placé mon aide auditive droite ?,Help_FindMyHearingAids
où est mon aide auditive gauche ?,Help_FindMyHearingAids
où ai-je mis mon autre aide ?,Help_FindMyHearingAids
je ne trouve pas ma bonne aide auditive,Help_FindMyHearingAids
où sont mes aides auditives ?,Help_FindMyHearingAids
trouver ma bonne aide auditive,Help_FindMyHearingAids
j'ai perdu mes appareils auditifs. pouvez-vous m'aider à les trouver ?,Help_FindMyHearingAids
je ne trouve pas mes aides auditives,Help_FindMyHearingAids
où ai-je laissé mon aide auditive gauche ?,Help_FindMyHearingAids
aide-moi à trouver mes appareils auditifs,Help_FindMyHearingAids
mon appareil auditif a disparu,Help_FindMyHearingAids
trouver mon aide auditive gauche,Help_FindMyHearingAids
comment localiser mon aide auditive ?,Help_FindMyHearingAids
cherche mes appareils auditifs,Help_FindMyHearingAids
localiser mon aide auditive droite,Help_FindMyHearingAids
je ne trouve pas ma bonne aide auditive,Help_FindMyHearingAids
je ne me souviens plus où se trouvent mes aides auditives,Help_FindMyHearingAids
comment puis-je rechercher mon aide auditive appropriée ?,Help_FindMyHearingAids
où ai-je laissé mon aide auditive ?,Help_FindMyHearingAids
où ai-je laissé mon aide auditive gauche ?,Help_FindMyHearingAids
comment localiser mon autre aide auditive ?,Help_FindMyHearingAids
où ai-je placé mon aide auditive ?,Help_FindMyHearingAids
comment puis-je rechercher mes autres aides ?,Help_FindMyHearingAids
comment trouver mes aides auditives ?,Help_FindMyHearingAids
comment trouver la bonne aide ?,Help_FindMyHearingAids
localiser mon aide auditive,Help_FindMyHearingAids
où ai-je laissé mes aides auditives ?,Help_FindMyHearingAids
je ne trouve pas ma bonne aide,Help_FindMyHearingAids
trouver mon autre aide auditive,Help_FindMyHearingAids
comment puis-je rechercher mon aide auditive ?,Help_FindMyHearingAids
où ai-je mis mon aide auditive gauche ?,Help_FindMyHearingAids
j'ai perdu mes appareils auditifs,Help_FindMyHearingAids
je ne me souviens plus où se trouvent mes aides auditives,Help_FindMyHearingAids
je ne me souviens pas où se trouve mon aide auditive,Help_FindMyHearingAids
chercher mes aides auditives,Help_FindMyHearingAids
trouver mes aides auditives,Help_FindMyHearingAids
je ne trouve pas mon autre aide,Help_FindMyHearingAids
comment trouver mon aide auditive ?,Help_FindMyHearingAids
je ne me souviens plus où se trouve mon aide auditive gauche,Help_FindMyHearingAids
comment rechercher mon aide auditive ?,Help_FindMyHearingAids
où ai-je laissé mon aide auditive droite ?,Help_FindMyHearingAids
où ai-je mis mes aides auditives ?,Help_FindMyHearingAids
aide-moi à trouver mon aide auditive,Help_FindMyHearingAids
je ne trouve pas mon aide auditive,Help_FindMyHearingAids
où ai-je mis mon autre aide auditive ?,Help_FindMyHearingAids
je ne me souviens plus où se trouve mon aide auditive gauche,Help_FindMyHearingAids
comment localiser mon aide auditive gauche ?,Help_FindMyHearingAids
j'ai égaré mon aide auditive,Help_FindMyHearingAids
localiser mon autre aide,Help_FindMyHearingAids
localiser mon aide auditive droite,Help_FindMyHearingAids
comment trouver mes aides auditives ?,Help_FindMyHearingAids
comment puis-je localiser mon aide auditive appropriée ?,Help_FindMyHearingAids
je ne trouve pas mes aides auditives,Help_FindMyHearingAids
j'ai égaré mes aides auditives,Help_FindMyHearingAids
je ne me souviens pas où se trouve mon autre aide auditive,Help_FindMyHearingAids
où ai-je laissé mon autre aide ?,Help_FindMyHearingAids
j'ai égaré mon aide auditive gauche,Help_FindMyHearingAids
j'ai égaré mes aides auditives,Help_FindMyHearingAids
j'ai perdu mon appareil auditif,Help_FindMyHearingAids
où ai-je mis mon aide auditive droite ?,Help_FindMyHearingAids
je ne trouve pas ma bonne aide,Help_FindMyHearingAids
j'ai perdu mon aide auditive. pouvez-vous m'aider à le trouver ?,Help_FindMyHearingAids
combien de calories ai-je utilisé en faisant de l’aérobic ?,Cmd.ActivityAerobics
combien de calories d'aérobic,Cmd.ActivityAerobics
combien de calories ai-je brûlé en faisant de l’aérobic ?,Cmd.ActivityAerobics
calories aérobies,Cmd.ActivityAerobics
combien de minutes ai-je fait de l'aérobic ?,Cmd.ActivityAerobics
depuis combien de temps je fais de l'aérobic ?,Cmd.ActivityAerobics
objectif d'aérobic,Cmd.ActivityAerobics
objectif d'activité,Cmd.ActivityAerobics
ai-je atteint mon objectif d'activité ?,Cmd.ActivityAerobics
ai-je atteint mon objectif d'aérobic ?,Cmd.ActivityAerobics
montre-moi mon objectif d'activité ?,Cmd.ActivityAerobics
quand dois-je utiliser l’IA vocale ?,Help_IntelliVoice
quand dois-je utiliser IntelliVoice ?,Help_IntelliVoice
où est l'aide pour l'amélioration de la parole DNN,Help_IntelliVoice
comment fonctionne la voix intelligente ?,Help_IntelliVoice
aide à l'amélioration de la parole dnn,Help_IntelliVoice
comment utiliser la fonction vocale intelligente ?,Help_IntelliVoice
comment faire une voix intelligente,Help_IntelliVoice
que fait cette IntelliVoice ?,Help_IntelliVoice
guide d'utilisation de la voix intelligente,Help_IntelliVoice
comment puis-je exécuter une voix intelligente ?,Help_IntelliVoice
comment fonctionne l'amélioration de la parole DNN ?,Help_IntelliVoice
comment exécuter l'amélioration de la parole DNN,Help_IntelliVoice
où est la voix ai ?,Help_IntelliVoice
comment puis-je accéder à IntelliVoice ?,Help_IntelliVoice
à quelle fréquence dois-je utiliser l'amélioration de la parole DNN ?,Help_IntelliVoice
comment améliorer la parole,Help_IntelliVoice
comment faire une amélioration de la parole DNN,Help_IntelliVoice
quand dois-je utiliser la voix intelligente ?,Help_IntelliVoice
qu'est-ce que la voix ai ?,Help_IntelliVoice
où est la voix ai ?,Help_IntelliVoice
qu'est-ce que la voix intelligente,Help_IntelliVoice
aide vocale par IA,Help_IntelliVoice
comment utiliser la voix intelligente,Help_IntelliVoice
où est l'amélioration de la parole DNN ?,Help_IntelliVoice
comment utiliser IntelliVoice,Help_IntelliVoice
mes aides auditives peuvent-elles utiliser l'amélioration de la parole DNN,Help_IntelliVoice
comment utiliser la fonctionnalité IntelliVoice ?,Help_IntelliVoice
aide avec IntelliVoice,Help_IntelliVoice
quand dois-je utiliser l'amélioration de la parole DNN ?,Help_IntelliVoice
à quelle fréquence dois-je utiliser la voix intelligente ?,Help_IntelliVoice
à quoi sert cette amélioration de la parole dnn ?,Help_IntelliVoice
voix ai,Help_IntelliVoice
comment accéder à la voix intelligente ?,Help_IntelliVoice
à quoi sert la voix intelligente,Help_IntelliVoice
comment puis-je effectuer un IntelliVoice ?,Help_IntelliVoice
où est l'aide pour IntelliVoice,Help_IntelliVoice
comment utiliser la fonction d'amélioration de la parole DNN ?,Help_IntelliVoice
où est IntelliVoice ?,Help_IntelliVoice
guide d'utilisation de l'amélioration de la parole dnn,Help_IntelliVoice
où est la voix intelligente ?,Help_IntelliVoice
comment utiliser la voix intelligente,Help_IntelliVoice
qu'est-ce que IntelliVoice,Help_IntelliVoice
comment puis-je effectuer une amélioration de la parole DNN ?,Help_IntelliVoice
aide vocale intelligente,Help_IntelliVoice
où est l'aide pour l'IA vocale,Help_IntelliVoice
Aide IntelliVoice,Help_IntelliVoice
qu'est-ce que IntelliVoice ?,Help_IntelliVoice
comment IntelliVoice,Help_IntelliVoice
aide avec la voix intelligente,Help_IntelliVoice
où est l'amélioration de la parole ?,Help_IntelliVoice
comment fonctionne IntelliVoice ?,Help_IntelliVoice
où est l'aide pour la voix intelligente,Help_IntelliVoice
à quoi sert l'amélioration de la parole DNN,Help_IntelliVoice
où est la voix intelligente ?,Help_IntelliVoice
Guide de l'utilisateur IntelliVoice,Help_IntelliVoice
comment utiliser une voix intelligente,Help_IntelliVoice
qu'est-ce que l'amélioration de la parole DNN ?,Help_IntelliVoice
comment utiliser l'amélioration de la parole DNN,Help_IntelliVoice
que fait cette voix ai ?,Help_IntelliVoice
mes aides auditives peuvent-elles utiliser IntelliVoice,Help_IntelliVoice
comment puis-je partager les informations sur mes aides auditives ?,Help_HearShare
comment utiliser HearShare ?,Help_HearShare
comment puis-je configurer HearShare ?,Help_HearShare
comment puis-je ajouter une autre personne avec HearShare ?,Help_HearShare
comment partager mes données bien-être ?,Help_HearShare
comment partager mes données auditives ?,Help_HearShare
comment inviter une personne avec HearShare ?,Help_HearShare
comment partager mes données d'activité ?,Help_HearShare
mon fils a-t-il accepté mon invitation HearShare ?,Help_HearShare
comment partager mes données auditives ?,Help_HearShare
comment puis-je partager mes informations avec mon fils ?,Help_HearShare
comment partager mes informations avec ma femme ?,Help_HearShare
comment configurer HearShare ?,Help_HearShare
comment inviter une personne avec HearShare ?,Help_HearShare
comment partager mes données d'activité ?,Help_HearShare
comment utiliser HearShare ?,Help_HearShare
comment puis-je partager mes informations avec ma femme ?,Help_HearShare
comment partager les informations sur mes aides auditives ?,Help_HearShare
mon fils peut-il utiliser HearShare ?,Help_HearShare
comment partager mes données bien-être ?,Help_HearShare
ont-ils accepté mon invitation HearShare ?,Help_HearShare
comment partager mes informations auditives avec mon fils ?,Help_HearShare
comment partager mes informations auditives avec ma femme ?,Help_HearShare
dois-je rester debout plus longtemps pour atteindre mon objectif,Cmd.ActivityStand
depuis combien de temps suis-je debout,Cmd.ActivityStand
puis-je voir mon objectif de stand,Cmd.ActivityStand
depuis combien de minutes suis-je debout,Cmd.ActivityStand
combien de calories ai-je brûlé debout,Cmd.ActivityStand
à quel point suis-je proche de mon objectif permanent.,Cmd.ActivityStand
dis-moi quel est mon objectif de stand,Cmd.ActivityStand
ai-je atteint mon objectif de stand,Cmd.ActivityStand
montre-moi mon objectif permanent,Cmd.ActivityStand
calories debout,Cmd.ActivityStand
calories debout,Cmd.ActivityStand
montre-moi mon objectif de stand,Cmd.ActivityStand
combien de temps dois-je rester debout,Cmd.ActivityStand
montre-moi combien de temps je suis resté debout,Cmd.ActivityStand
montre-moi mon historique,Cmd.ActivityStand
combien de temps suis-je resté debout,Cmd.ActivityStand
depuis combien de temps suis-je debout,Cmd.ActivityStand
combien de temps suis-je resté debout ce mois-ci,Cmd.ActivityStand
est-ce que je suis resté debout une heure,Cmd.ActivityStand
rester objectif,Cmd.ActivityStand
diffuser à partir du microphone distant,Cmd.StreamingStart
commencer à diffuser,Cmd.StreamingStart
jouer du micro,Cmd.StreamingStart
écoute ma télé,Cmd.StreamingStart
se connecter à distance,Cmd.StreamingStart
laisse-moi entendre la télé,Cmd.StreamingStart
diffuser sur,Cmd.StreamingStart
j'aimerais diffuser maintenant,Cmd.StreamingStart
diffuser à distance,Cmd.StreamingStart
démarrer le flux à distance,Cmd.StreamingStart
écoute le micro,Cmd.StreamingStart
laisse-moi entendre le microphone,Cmd.StreamingStart
je veux écouter le présentateur,Cmd.StreamingStart
commencer à diffuser la télévision sur mes aides auditives,Cmd.StreamingStart
flux,Cmd.StreamingStart
écouter la télé,Cmd.StreamingStart
faire écouter à mes aides auditives le microphone distant,Cmd.StreamingStart
lire le flux TV,Cmd.StreamingStart
laisse-moi entendre le micro à distance,Cmd.StreamingStart
commencer à diffuser à distance vers mes aides auditives,Cmd.StreamingStart
écouter le présentateur,Cmd.StreamingStart
laisse-moi entendre le présentateur,Cmd.StreamingStart
la télé à vapeur,Cmd.StreamingStart
démarrer le streaming télé,Cmd.StreamingStart
diffuser depuis le microphone,Cmd.StreamingStart
capter le signal du flux TV,Cmd.StreamingStart
démarrer le flux,Cmd.StreamingStart
je veux écouter ma télé,Cmd.StreamingStart
joue-moi le micro,Cmd.StreamingStart
démarrer la diffusion à distance,Cmd.StreamingStart
activer la diffusion en continu,Cmd.StreamingStart
streaming,Cmd.StreamingStart
jouer à la télé,Cmd.StreamingStart
laisse-moi entendre ma télé,Cmd.StreamingStart
se connecter à la télévision,Cmd.StreamingStart
diffuser la télévision,Cmd.StreamingStart
activer la diffusion en continu,Cmd.StreamingStart
diffuser depuis le micro distant,Cmd.StreamingStart
démarrer le flux TV,Cmd.StreamingStart
combien de calories ai-je brûlé en marchant ?,Cmd.ActivityWalk
calories en marchant,Cmd.ActivityWalk
combien de calories ai-je consommé en marchant ?,Cmd.ActivityWalk
combien de marche ai-je fait cette semaine ?,Cmd.ActivityWalk
jusqu'où ai-je marché,Cmd.ActivityWalk
jusqu'où dois-je marcher ?,Cmd.ActivityWalk
dois-je marcher plus loin pour atteindre mon objectif ?,Cmd.ActivityWalk
quel est mon objectif de marche ?,Cmd.ActivityWalk
montre-moi mon historique de marche ?,Cmd.ActivityWalk
montre-moi combien de temps j'ai marché ?,Cmd.ActivityWalk
mon temps de marche est-il ?,Cmd.ActivityWalk
combien ai-je marché cette semaine ?,Cmd.ActivityWalk
combien de marche ai-je fait ce mois-ci ?,Cmd.ActivityWalk
combien ai-je marché ?,Cmd.ActivityWalk
dois-je marcher plus longtemps pour atteindre mon objectif ?,Cmd.ActivityWalk
combien de temps ai-je marché.,Cmd.ActivityWalk
montre-moi mon objectif de marche ?,Cmd.ActivityWalk
quel est mon nombre de marches pour le mois ?,Cmd.ActivityWalk
à quoi servent les nouvelles fonctionnalités ?,Help_WhatsNew
montre-moi un aperçu de cette application Thrive,Help_WhatsNew
quoi de neuf dans l'application thrive ?,Help_WhatsNew
quoi de neuf dans mon application ?,Help_WhatsNew
quoi de neuf dans mon application Thrive ?,Help_WhatsNew
quoi de neuf dans l'application ?,Help_WhatsNew
comment ipro a-t-il changé ?,Help_WhatsNew
quoi de neuf dans cette application ?,Help_WhatsNew
qu'est-ce qui a changé dans cette nouvelle version ?,Help_WhatsNew
quoi de neuf dans cette application prospère ?,Help_WhatsNew
montre-moi le guide rapide,Help_WhatsNew
quoi de neuf dans cette version de mon application ?,Help_WhatsNew
montre-moi un aperçu de Thrive,Help_WhatsNew
montre-moi un guide de démarrage rapide,Help_WhatsNew
quoi de neuf dans cette version ?,Help_WhatsNew
qu'est-ce qui a changé dans cette nouvelle version de l'application ?,Help_WhatsNew
montre-moi un aperçu d'ipro,Help_WhatsNew
montre-moi un aperçu de l'application,Help_WhatsNew
montre-moi un aperçu de cette application,Help_WhatsNew
quelles sont les nouvelles fonctionnalités de l'aide auditive,Help_WhatsNew
emmène-moi pour un démarrage rapide,Help_WhatsNew
montre-moi un aperçu de l'application Thrive,Help_WhatsNew
quoi de neuf avec mes aides auditives,Help_WhatsNew
comment cette application a-t-elle changé ?,Help_WhatsNew
qu'est-ce qui est différent avec cette application ?,Help_WhatsNew
montre-moi un résumé de la nouvelle application,Help_WhatsNew
qu'est-ce qui est différent avec ipro ?,Help_WhatsNew
comment le genre a-t-il changé ?,Help_WhatsNew
qu'est-ce qui est différent dans le fait de prospérer ?,Help_WhatsNew
démarrage rapide,Help_WhatsNew
que dois-je savoir sur cette nouvelle application ?,Help_WhatsNew
comment supprimer des souvenirs,Help_MemoryOptions
puis-je définir le programme sur un emplacement ?,Help_MemoryOptions
puis-je créer un nouveau programme,Help_MemoryOptions
puis-je configurer la géolocalisation,Help_MemoryOptions
ajouter un masque comme mémoire personnalisée,Help_MemoryOptions
comment puis-je enregistrer les paramètres dans ma mémoire ?,Help_MemoryOptions
puis-je réinitialiser une mémoire,Help_MemoryOptions
puis-je attribuer un emplacement à une mémoire ?,Help_MemoryOptions
comment attribuer un emplacement à une mémoire ?,Help_MemoryOptions
j'ai perdu la mémoire pour les restaurants et les réunions,Help_MemoryOptions
comment ajouter une nouvelle mémoire ?,Help_MemoryOptions
comment géolocaliser un emplacement dans ma mémoire ?,Help_MemoryOptions
comment lier un emplacement à une mémoire ?,Help_MemoryOptions
comment personnaliser la mémoire de mon aide auditive ?,Help_MemoryOptions
où puis-je créer un nouveau programme,Help_MemoryOptions
comment puis-je créer un nouveau programme,Help_MemoryOptions
comment géolocaliser un emplacement dans une mémoire ?,Help_MemoryOptions
comment géolocaliser ma mémoire actuelle ?,Help_MemoryOptions
comment géolocaliser un programme ?,Help_MemoryOptions
je veux créer un nouveau programme ?,Help_MemoryOptions
comment puis-je associer un emplacement à une mémoire ?,Help_MemoryOptions
comment puis-je utiliser des souvenirs personnalisés ?,Help_MemoryOptions
puis-je définir le programme à cet emplacement ?,Help_MemoryOptions
comment personnaliser les réglages de mon aide auditive ?,Help_MemoryOptions
je veux créer un nouveau souvenir ?,Help_MemoryOptions
quelles sont les options de mémoire,Help_MemoryOptions
comment configurer la géolocalisation,Help_MemoryOptions
puis-je ajouter un nouveau souvenir ?,Help_MemoryOptions
comment puis-je enregistrer les paramètres dans une nouvelle mémoire ?,Help_MemoryOptions
puis-je créer un souvenir personnalisé ?,Help_MemoryOptions
comment géolocaliser mon programme actuel ?,Help_MemoryOptions
comment puis-je créer une mémoire personnalisée,Help_MemoryOptions
où sont mes paramètres de foule,Help_MemoryOptions
je n'aime pas les réglages actuels de mon aide auditive,Help_MemoryOptions
je n'ai pas une mémoire normale,Help_MemoryOptions
comment puis-je créer ma propre mémoire ?,Help_MemoryOptions
comment puis-je réinitialiser tous mes souvenirs,Help_MemoryOptions
personnaliser les réglages de mon aide auditive,Help_MemoryOptions
comment créer une mémoire personnalisée ?,Help_MemoryOptions
comment puis-je créer ma propre mémoire pour mon aide auditive ?,Help_MemoryOptions
comment puis-je créer ma propre mémoire pour mes aides auditives ?,Help_MemoryOptions
comment puis-je créer ma propre mémoire personnalisée ?,Help_MemoryOptions
comment créer mon propre programme ?,Help_MemoryOptions
comment lier un emplacement à ma mémoire ?,Help_MemoryOptions
comment personnaliser la mémoire de mon aide auditive ?,Help_MemoryOptions
comment puis-je créer ma propre mémoire pour mon aide auditive ?,Help_MemoryOptions
comment puis-je créer ma propre mémoire pour mes aides auditives ?,Help_MemoryOptions
comment géolocaliser ma mémoire ?,Help_MemoryOptions
puis-je attribuer un emplacement à ma mémoire ?,Help_MemoryOptions
paramètres de mémoire,Help_MemoryOptions
comment puis-je créer ma propre mémoire ?,Help_MemoryOptions
comment puis-je définir le programme à cet emplacement ?,Help_MemoryOptions
quelles sont certaines de mes options pour les souvenirs,Help_MemoryOptions
puis-je associer un emplacement à une mémoire ?,Help_MemoryOptions
à quoi sert cet autocontrôle ?,Help_SelfCheck
comment tester mon aide auditive gauche,Help_SelfCheck
pourquoi ma gauche est très faible et ne fonctionne pas,Help_SelfCheck
Self Check aide,Help_SelfCheck
aide avec Self Check,Help_SelfCheck
comment savoir si mon aide auditive fonctionne ?,Help_SelfCheck
où est l'aide pour Self Check,Help_SelfCheck
comment utiliser la fonction d'auto-vérification ?,Help_SelfCheck
tester les aides auditives,Help_SelfCheck
où puis-je voir si mon aide auditive fonctionne ?,Help_SelfCheck
une aide auditive est introuvable,Help_SelfCheck
pourquoi l'aide auditive gauche ne fonctionne-t-elle pas,Help_SelfCheck
comment puis-je effectuer un auto-contrôle ?,Help_SelfCheck
pourquoi l'aide auditive de ma femme ne fonctionne-t-elle pas,Help_SelfCheck
l'aide auditive ne fonctionne pas,Help_SelfCheck
pourquoi n'ai-je pas le droit quand je travaille,Help_SelfCheck
quand dois-je utiliser l’autocontrôle ?,Help_SelfCheck
pourquoi une seule de mes aides auditives fonctionne-t-elle,Help_SelfCheck
Que se passe-t-il si l'autocontrôle indique que mon aide auditive est cassée ?,Help_SelfCheck
Self Check a échoué.,Help_SelfCheck
l'aide auditive droite ne fonctionne pas,Help_SelfCheck
comment puis-je vérifier si mon aide auditive fonctionne ?,Help_SelfCheck
où est Self Check ?,Help_SelfCheck
comment savoir si mon microphone fonctionne ?,Help_SelfCheck
mon oreille gauche ne fonctionne pas bien,Help_SelfCheck
mon aide auditive gauche ne répond pas,Help_SelfCheck
il y a un problème avec mes aides auditives,Help_SelfCheck
est-ce que mes deux aides auditives fonctionnent,Help_SelfCheck
comment Self Check,Help_SelfCheck
qu'est-ce que l'autocontrôle ?,Help_SelfCheck
j'essaie de faire fonctionner mon âge auditif,Help_SelfCheck
pourquoi mes aides auditives gauche ne fonctionnent-elles pas,Help_SelfCheck
comment fonctionne Self Check ?,Help_SelfCheck
veuillez diagnostiquer mes aides auditives,Help_SelfCheck
comment vérifier l'état des aides auditives,Help_SelfCheck
"ici, ça ne marche pas",Help_SelfCheck
à quoi sert Self Check,Help_SelfCheck
où est l'autocontrôle ?,Help_SelfCheck
Guide d'utilisation de Self Check,Help_SelfCheck
pourquoi mon aide auditive gauche n'émet-elle aucun son,Help_SelfCheck
pourquoi les bonnes aides auditives ne fonctionnent-elles pas,Help_SelfCheck
comment vérifier que les aides auditives fonctionnent,Help_SelfCheck
il y a un problème avec mon aide auditive droite,Help_SelfCheck
mes deux aides auditives fonctionnent-elles correctement,Help_SelfCheck
comment utiliser Self Check,Help_SelfCheck
mes aides auditives doivent-elles être toutes cochées lors de l'auto-vérification ?,Help_SelfCheck
qu'est-ce que Self Check,Help_SelfCheck
puis-je tester mes aides auditives pour m’assurer qu’elles fonctionnent correctement ?,Help_SelfCheck
et si j'ai un x lors de l'auto-contrôle ?,Help_SelfCheck
à quelle fréquence dois-je utiliser l’autocontrôle ?,Help_SelfCheck
comment exécuter Self Check,Help_SelfCheck
pourquoi mes aides auditives ne fonctionnent-elles pas,Help_SelfCheck
pourquoi je n'entends rien avec mes aides auditives,Help_SelfCheck
comment faire Self Check,Help_SelfCheck
pourquoi mon aide auditive droite ne fonctionne-t-elle pas,Help_SelfCheck
il y a un problème avec mon aide auditive,Help_SelfCheck
mes aides auditives peuvent-elles Self Check,Help_SelfCheck
combien de calories ai-je brûlé aujourd’hui ?,Cmd.ActivityCalories
calories consommées aujourd'hui,Cmd.ActivityCalories
calories utilisées aujourd'hui,Cmd.ActivityCalories
calories brûlées aujourd'hui,Cmd.ActivityCalories
nombre de calories aujourd'hui,Cmd.ActivityCalories
combien de calories consommées aujourd'hui,Cmd.ActivityCalories
nombre de calories d'aujourd'hui,Cmd.ActivityCalories
calories brûlées aujourd'hui,Cmd.ActivityCalories
combien de calories brûlées aujourd'hui,Cmd.ActivityCalories
combien de calories ai-je utilisé aujourd'hui,Cmd.ActivityCalories
comment recharger mon appareil auditif ric,Help_Battery
comment changer la pile de mon aide auditive ?,Help_Battery
comment charger ma batterie ?,Help_Battery
comment changer la pile de mon appareil auditif ?,Help_Battery
comment changer ma batterie ?,Help_Battery
comment recharger mon aide auditive ric ?,Help_Battery
comment changer la pile de mon aide auditive ?,Help_Battery
comment recharger mon aide auditive itc ?,Help_Battery
comment changer ma batterie ?,Help_Battery
comment recharger mon aide auditive itc ?,Help_Battery
comment recharger mon aide auditive ?,Help_Battery
comment recharger mon aide auditive ?,Help_Battery
comment changer la pile de mon appareil auditif ?,Help_Battery
comment recharger mon aide auditive ric ?,Help_Battery
comment recharger ma batterie ?,Help_Battery
puis-je charger ma batterie ?,Help_Battery
comment puis-je utiliser mes aides auditives,Help_Home
quels réglages puis-je effectuer sur l'écran principal ?,Help_Home
où est l'écran d'accueil ?,Help_Home
comment revenir à l'écran principal ?,Help_Home
Quels réglages puis-je effectuer sur l'écran d'accueil ?,Help_Home
comment accéder à l'écran principal ?,Help_Home
où est la page d'accueil,Help_Home
que dois-je savoir sur l'application pour la maison,Help_Home
où est l'écran principal ?,Help_Home
comment accéder à l'écran d'accueil ?,Help_Home
où est la maison,Help_Home
aide avec l'écran d'accueil,Help_Home
comment accéder à l'écran principal ?,Help_Home
comment puis-je accéder à la page d'accueil,Help_Home
comment puis-je activer la prospérité,Help_Home
comment accéder à l'écran d'accueil ?,Help_Home
qu'y a-t-il sur la page d'accueil,Help_Home
aide avec l'écran principal,Help_Home
qu'y a-t-il sur l'écran principal ?,Help_Home
comment accéder à l'écran d'accueil ?,Help_Home
comment puis-je ajuster avec mode Edge ?,Help_EdgeMode
comment améliorer la voix avec mode Edge,Help_EdgeMode
comment entendre moins de vent avec mode Edge ?,Help_EdgeMode
comment entendre moins de vent avec mode Edge,Help_EdgeMode
comment réduire le bruit avec mode Edge ?,Help_EdgeMode
qu'y a-t-il dans mode Edge ?,Help_EdgeMode
qu'est-ce que mode Edge ?,Help_EdgeMode
comment utiliser mode Edge ?,Help_EdgeMode
comment puis-je améliorer la voix avec mode Edge ?,Help_EdgeMode
comment enregistrer le paramètre mode Edge ?,Help_EdgeMode
que fait mode Edge ?,Help_EdgeMode
comment puis-je améliorer mon audition avec mode Edge ?,Help_EdgeMode
comment puis-je enregistrer les paramètres sur mode Edge ?,Help_EdgeMode
comment utiliser mode Edge,Help_EdgeMode
comment puis-je régler les basses sur mode Edge ?,Help_EdgeMode
comment obtenir une meilleure audition avec mode Edge ?,Help_EdgeMode
faire du volume,Cmd.VolumeUnmute
faire du son,Cmd.VolumeUnmute
réactiver le son,Cmd.VolumeUnmute
allume mon aide auditive droite,Cmd.VolumeUnmute
réactiver le son sur les aides auditives,Cmd.VolumeUnmute
le son est activé,Cmd.VolumeUnmute
mettre le volume à la normale,Cmd.VolumeUnmute
désactiver le mode sourdine,Cmd.VolumeUnmute
allume le son,Cmd.VolumeUnmute
allumer le volume,Cmd.VolumeUnmute
volume de l'aide auditive activé,Cmd.VolumeUnmute
allume mon aide auditive gauche,Cmd.VolumeUnmute
allumer le volume,Cmd.VolumeUnmute
allume le son,Cmd.VolumeUnmute
désactiver le mode sourdine,Cmd.VolumeUnmute
allumer les appareils auditifs,Cmd.VolumeUnmute
allumer mon aide auditive droite,Cmd.VolumeUnmute
activer l'aide auditive droite,Cmd.VolumeUnmute
sur le volume,Cmd.VolumeUnmute
allumer mon aide auditive gauche,Cmd.VolumeUnmute
volume sur aide droite,Cmd.VolumeUnmute
réactiver les aides auditives,Cmd.VolumeUnmute
réactiver les aides,Cmd.VolumeUnmute
volume sur aide gauche,Cmd.VolumeUnmute
allumer le volume,Cmd.VolumeUnmute
réactiver mes aides auditives,Cmd.VolumeUnmute
réactiver le volume de mon aide auditive,Cmd.VolumeUnmute
réactiver le son,Cmd.VolumeUnmute
comment puis-je ajuster mon masqueur d'acouphènes ?,Help_Tinnitus
aide à l'ajustement du stimulus des acouphènes sur mes aides auditives,Help_Tinnitus
aide avec les ajustements du masque d'acouphènes dans mes aides auditives,Help_Tinnitus
aide au réglage du bruit blanc,Help_Tinnitus
aide au réglage du volume des acouphènes sur mes aides auditives,Help_Tinnitus
aide aux ajustements du masque d'acouphènes,Help_Tinnitus
Comment régler le masque de bruit de mon aide auditive gauche ?,Help_Tinnitus
les acouphènes sont-ils dans l'application ?,Help_Tinnitus
comment désactiver les acouphènes,Help_Tinnitus
comment puis-je ajuster les paramètres de mon masque d'acouphènes ?,Help_Tinnitus
Comment puis-je régler le volume du masqueur de bruit de mes aides auditives ?,Help_Tinnitus
Comment puis-je régler le masque d'acouphènes de mon aide auditive ?,Help_Tinnitus
comment puis-je régler le volume du bruit blanc dans mon aide auditive ?,Help_Tinnitus
aide à l'ajustement du stimulus sonore dans mes aides auditives,Help_Tinnitus
comment puis-je régler mon masqueur de bruit dans mes aides auditives ?,Help_Tinnitus
aide à l'ajustement du stimulus sonore sur mes aides auditives,Help_Tinnitus
aide avec les ajustements du bruit blanc dans mon aide auditive,Help_Tinnitus
Comment puis-je régler l'intensité du bruit blanc dans l'aide auditive gauche ?,Help_Tinnitus
aide pour l'ajustement du masque d'acouphènes sur mes aides auditives,Help_Tinnitus
Comment puis-je régler le volume du masqueur d'acouphènes sur l'aide auditive ?,Help_Tinnitus
comment puis-je régler mon masqueur de bruit dans mes aides auditives ?,Help_Tinnitus
puis-je changer le bruit des acouphènes ?,Help_Tinnitus
Comment puis-je régler le volume des acouphènes sur l'aide auditive ?,Help_Tinnitus
aide-moi à changer de programme pour les acouphènes,Help_Tinnitus
aide au réglage du volume des acouphènes dans mon aide auditive,Help_Tinnitus
comment puis-je diminuer le bruit des acouphènes ?,Help_Tinnitus
Comment puis-je régler le volume du masqueur de bruit de mon aide auditive ?,Help_Tinnitus
comment régler mon masqueur de bruit dans les aides ?,Help_Tinnitus
aide avec les ajustements du bruit blanc,Help_Tinnitus
Comment puis-je régler le volume du stimulus d'acouphène dans les aides ?,Help_Tinnitus
comment régler mon masqueur de bruit sur mon aide auditive ?,Help_Tinnitus
comment puis-je modifier les niveaux d'acouphènes,Help_Tinnitus
puis-je désactiver les acouphènes,Help_Tinnitus
comment puis-je régler le volume du bruit des acouphènes dans l'aide ?,Help_Tinnitus
comment puis-je régler le volume du bruit des acouphènes dans l'aide gauche ?,Help_Tinnitus
aide avec le réglage du bruit blanc sur mon aide auditive,Help_Tinnitus
comment puis-je régler mon masque d'acouphènes dans les aides ?,Help_Tinnitus
comment régler mon masqueur de bruit sur la bonne aide ?,Help_Tinnitus
comment puis-je régler mon masque de bruit avec la bonne aide ?,Help_Tinnitus
aide à l'ajustement du stimulus des acouphènes sur mes aides auditives,Help_Tinnitus
aide avec les ajustements du bruit des acouphènes dans mes aides auditives,Help_Tinnitus
comment régler mon masqueur de bruit sur mon aide auditive ?,Help_Tinnitus
aide à l'ajustement du stimulus sonore sur mes aides auditives,Help_Tinnitus
Comment puis-je régler le volume du masqueur d'acouphènes sur les aides ?,Help_Tinnitus
comment puis-je régler le volume du volume des acouphènes sur mon aide auditive ?,Help_Tinnitus
aide à l'ajustement du bruit des acouphènes dans mon aide auditive,Help_Tinnitus
comment puis-je régler le volume du volume des acouphènes dans l'aide ?,Help_Tinnitus
comment régler mon masqueur de bruit dans l'aide ?,Help_Tinnitus
comment puis-je régler le masque de bruit de mon aide auditive droite ?,Help_Tinnitus
Comment puis-je régler le volume du masqueur d'acouphènes de mes aides auditives ?,Help_Tinnitus
comment régler mon masque de bruit sur l'aide gauche ?,Help_Tinnitus
comment puis-je ajuster mon masqueur d'acouphènes à mon aide auditive ?,Help_Tinnitus
comment régler le bruit de mes acouphènes dans les aides auditives ?,Help_Tinnitus
comment puis-je régler l'intensité du bruit des acouphènes dans les aides auditives ?,Help_Tinnitus
comment régler le bruit de mes acouphènes ?,Help_Tinnitus
aide à l'ajustement du stimulus des acouphènes dans mes aides auditives,Help_Tinnitus
montre-moi les paramètres des acouphènes,Help_Tinnitus
comment régler mon masque de bruit dans l'aide gauche ?,Help_Tinnitus
comment régler mon masqueur de bruit sur les aides auditives ?,Help_Tinnitus
quel est le bourdonnement dans mes oreilles,Help_Tinnitus
comment régler mon masqueur de bruit sur les aides ?,Help_Tinnitus
comment régler mon masque d'acouphènes sur les aides ?,Help_Tinnitus
Comment puis-je régler le volume du stimulus acouphène sur les aides auditives ?,Help_Tinnitus
comment régler mon masqueur de bruit sur mes aides auditives ?,Help_Tinnitus
comment régler le bruit de mes acouphènes dans les aides auditives ?,Help_Tinnitus
comment régler mon masqueur de bruit ?,Help_Tinnitus
Comment puis-je régler le volume du masqueur de bruit de mes aides auditives ?,Help_Tinnitus
comment puis-je régler le volume du bruit blanc de mon aide auditive ?,Help_Tinnitus
Comment régler mon masque d'acouphènes dans l'aide auditive gauche ?,Help_Tinnitus
Comment puis-je régler le volume du volume des acouphènes sur l'aide ?,Help_Tinnitus
aide à l'ajustement du stimulus sonore dans mon aide auditive,Help_Tinnitus
Comment puis-je régler mon masque d'acouphènes dans l'aide auditive appropriée ?,Help_Tinnitus
Comment puis-je régler le volume du masqueur de bruit dans l'aide auditive ?,Help_Tinnitus
aide avec les ajustements sonores des acouphènes dans mon aide auditive,Help_Tinnitus
comment puis-je régler mon masque d'acouphènes dans l'aide auditive ?,Help_Tinnitus
comment régler le bruit de mes acouphènes dans l'aide auditive ?,Help_Tinnitus
comment puis-je ajuster mes paramètres de bruit d’acouphènes ?,Help_Tinnitus
comment puis-je régler le volume du masqueur d'acouphènes sur mon aide auditive ?,Help_Tinnitus
Comment puis-je régler le volume du masqueur d'acouphènes dans les aides auditives ?,Help_Tinnitus
comment puis-je régler le volume des acouphènes dans l'aide auditive ?,Help_Tinnitus
Comment puis-je régler le volume des acouphènes sur les aides auditives ?,Help_Tinnitus
aide avec les ajustements du bruit blanc dans mes aides auditives,Help_Tinnitus
comment augmenter le bruit des acouphènes ?,Help_Tinnitus
comment puis-je régler le volume des acouphènes de mon aide auditive ?,Help_Tinnitus
Comment puis-je régler le volume du masqueur d'acouphènes dans l'aide ?,Help_Tinnitus
aide avec le réglage du volume des acouphènes dans mon aide auditive,Help_Tinnitus
comment régler le bruit de mes acouphènes sur l'aide ?,Help_Tinnitus
comment puis-je régler le volume du bruit blanc de mes aides auditives ?,Help_Tinnitus
comment puis-je régler l'intensité du bruit blanc dans mon aide auditive ?,Help_Tinnitus
comment puis-je régler mon masqueur de bruit à mon aide auditive ?,Help_Tinnitus
comment ajuster mon masque d'acouphènes sur mon aide auditive droite ?,Help_Tinnitus
aide avec les ajustements sonores des acouphènes dans mes aides auditives,Help_Tinnitus
comment puis-je régler l'intensité du bruit blanc dans l'aide auditive droite ?,Help_Tinnitus
aide avec les ajustements du masque d'acouphènes dans mon aide auditive,Help_Tinnitus
comment puis-je régler l'intensité du bruit blanc dans les aides ?,Help_Tinnitus
comment activer les acouphènes,Help_Tinnitus
comment puis-je changer les sons des acouphènes,Help_Tinnitus
comment puis-je régler le volume du bruit des acouphènes sur mon aide auditive ?,Help_Tinnitus
comment régler mon masque d'acouphènes sur mon aide auditive gauche ?,Help_Tinnitus
comment puis-je régler le volume du bruit des acouphènes dans mon aide auditive ?,Help_Tinnitus
Comment puis-je régler le volume du masqueur d'acouphènes sur l'aide ?,Help_Tinnitus
aide avec les ajustements du masque d'acouphènes sur mon aide auditive,Help_Tinnitus
comment puis-je régler mes paramètres d'acouphènes ?,Help_Tinnitus
aide avec les ajustements du stimulus des acouphènes sur mon aide auditive,Help_Tinnitus
aide avec le réglage du volume des acouphènes sur mes aides auditives,Help_Tinnitus
aide avec les réglages du volume des acouphènes sur mes aides auditives,Help_Tinnitus
aide avec les ajustements du masque d'acouphènes sur mes aides auditives,Help_Tinnitus
Comment puis-je régler le volume du bruit des acouphènes dans mes aides auditives ?,Help_Tinnitus
aide à l'ajustement du stimulus des acouphènes sur mon aide auditive,Help_Tinnitus
comment puis-je régler le volume du masqueur de bruit sur mes aides auditives ?,Help_Tinnitus
puis-je accéder au cloud ?,Help_HearingCareAnywhereConnect
puis-je utiliser la téléécoute,Help_HearingCareAnywhereConnect
comment accéder au cloud ?,Help_HearingCareAnywhereConnect
comment puis-je sauvegarder les données de mon application Thrive,Help_HearingCareAnywhereConnect
comment puis-je sauvegarder les données de mon aide auditive ?,Help_HearingCareAnywhereConnect
comment sauvegarder les données dans mon application ?,Help_HearingCareAnywhereConnect
comment puis-je sauvegarder les paramètres de mon aide auditive droite ?,Help_HearingCareAnywhereConnect
comment puis-je restaurer les paramètres de mon aide auditive ?,Help_HearingCareAnywhereConnect
comment restaurer les paramètres de mes aides auditives ?,Help_HearingCareAnywhereConnect
comment restaurer les paramètres de l'application Thrive ?,Help_HearingCareAnywhereConnect
comment synchroniser mon aide auditive avec l'application ?,Help_HearingCareAnywhereConnect
comment synchroniser mes aides auditives avec l'application ?,Help_HearingCareAnywhereConnect
comment synchroniser les paramètres de mon application Thrive ?,Help_HearingCareAnywhereConnect
téléentendre,Help_HearingCareAnywhereConnect
aide pour télé entendre,Help_HearingCareAnywhereConnect
aide pour la télé ici,Help_HearingCareAnywhereConnect
où puis-je trouver la télé ici,Help_HearingCareAnywhereConnect
où puis-je trouver tela ici,Help_HearingCareAnywhereConnect
où puis-je trouver le décompte ici,Help_HearingCareAnywhereConnect
aide avec les appareils de couplage,Help_Pairing
pourquoi mon aide auditive gauche n'est-elle pas couplée,Help_Pairing
comment connecter mes aides auditives au Bluetooth de ma voiture ?,Help_Pairing
mes aides auditives peuvent-elles être configurées sur plusieurs appareils,Help_Pairing
comment connecter mon aide auditive ?,Help_Pairing
je dois coupler les aides auditives avec le téléphone,Help_Pairing
aides à l'appairage avec mon téléphone,Help_Pairing
mes aides auditives peuvent-elles être configurées simultanément sur un iPhone et un iPad,Help_Pairing
appairer mes aides auditives avec l'application thrive,Help_Pairing
aide pour appairer mes aides auditives avec le téléphone,Help_Pairing
les aides sont-elles connectées au téléphone ?,Help_Pairing
Comment coupler mes aides auditives au Bluetooth de ma voiture ?,Help_Pairing
comment reconnecter mes aides auditives,Help_Pairing
l'aide est-elle couplée au téléphone ?,Help_Pairing
aides à l'appairage sur mon application,Help_Pairing
comment déconnecter mon aide auditive de mon téléphone ?,Help_Pairing
coupler des appareils auditifs avec mon application Thrive,Help_Pairing
aide pour appairer les aides avec le téléphone,Help_Pairing
paire d'aide droite,Help_Pairing
pourquoi mes aides auditives ne sont-elles pas synchronisées,Help_Pairing
aide pour appairer les aides auditives au téléphone,Help_Pairing
comment puis-je vérifier l'état de connexion de mon aide auditive ?,Help_Pairing
comment reconnecter mes aides auditives,Help_Pairing
comment connecter mes aides auditives ?,Help_Pairing
je dois déconnecter les aides auditives du téléphone,Help_Pairing
connecter l'aide auditive gauche,Help_Pairing
comment savoir si mes aides auditives sont connectées à mon application ?,Help_Pairing
pourquoi mon aide auditive gauche n'est-elle pas connectée,Help_Pairing
comment reconnecter mon aide auditive gauche,Help_Pairing
Mon aide auditive est-elle couplée au téléphone ?,Help_Pairing
comment connecter mes aides auditives au téléphone ?,Help_Pairing
comment puis-je vérifier si mes aides auditives sont connectées à mon application ?,Help_Pairing
j'ai besoin d'aide pour l'appairage avec le téléphone,Help_Pairing
pourquoi je n'entends rien à travers,Help_Pairing
j'ai besoin d'aide pour associer mon aide auditive,Help_Pairing
mes aides auditives sont-elles connectées au téléphone ?,Help_Pairing
relier le lecteur à l'aide auditive,Help_Pairing
comment se synchroniser avec les aides auditives,Help_Pairing
aide pour coupler des appareils auditifs avec l'application Thrive,Help_Pairing
l'aide auditive est-elle connectée à l'application ?,Help_Pairing
comment puis-je appairer mes aides auditives à mon téléphone ?,Help_Pairing
comment puis-je dissocier mon aide auditive de mon téléphone ?,Help_Pairing
comment puis-je dissocier mes aides auditives de mon téléphone ?,Help_Pairing
j'ai besoin d'aide pour appairer mon aide auditive au téléphone,Help_Pairing
appairer mon aide auditive droite,Help_Pairing
je dois coupler l'aide auditive à mon téléphone,Help_Pairing
je dois coupler mes aides auditives à mon téléphone,Help_Pairing
comment reconnecter mon aide auditive droite,Help_Pairing
comment puis-je vérifier si les aides auditives sont connectées à mon application Thrive ?,Help_Pairing
synchroniser l'aide auditive avec la télévision,Help_Pairing
comment puis-je me connecter au Bluetooth de ma voiture ?,Help_Pairing
je dois déconnecter mes aides auditives de mon téléphone,Help_Pairing
comment puis-je vérifier si les aides auditives sont appairées à mon téléphone ?,Help_Pairing
comment puis-je vérifier si mes aides auditives sont couplées au téléphone ?,Help_Pairing
comment puis-je vérifier si les aides auditives sont connectées à l'application ?,Help_Pairing
Comment passer des aides auditives au Bluetooth de ma voiture ?,Help_Pairing
comment déconnecter mes aides auditives ?,Help_Pairing
comment faire sonner mon téléphone dans mes aides auditives,Help_Pairing
j'ai besoin d'aide pour coupler les aides auditives à mon téléphone,Help_Pairing
appairer des aides auditives sur l'application Thrive,Help_Pairing
mon aide auditive est-elle connectée au téléphone ?,Help_Pairing
comment puis-je vérifier si mon aide auditive est couplée au téléphone ?,Help_Pairing
j'ai besoin d'aide pour associer mon aide auditive à mon téléphone,Help_Pairing
comment puis-je vérifier si les aides auditives sont connectées à l'application thrive ?,Help_Pairing
aide pour appairer les aides auditives avec le téléphone,Help_Pairing
comment puis-je dissocier mes aides auditives ?,Help_Pairing
mes aides auditives sont-elles connectées à l'application ?,Help_Pairing
pourquoi mon aide auditive droite n'est-elle pas connectée,Help_Pairing
comment connecter mes aides auditives ?,Help_Pairing
comment reconnecter mon aide auditive gauche,Help_Pairing
paire d'aide gauche,Help_Pairing
j'ai besoin d'aide pour l'appairage avec mon téléphone,Help_Pairing
aide au jumelage des aides auditives,Help_Pairing
comment appairer mes aides auditives,Help_Pairing
j'ai besoin d'aide pour associer l'aide,Help_Pairing
j'ai besoin d'aide pour l'appairage,Help_Pairing
connecter l'aide auditive droite,Help_Pairing
pourquoi mon aide auditive droite n'est-elle pas couplée,Help_Pairing
comment puis-je vérifier si mes aides auditives sont appairées au téléphone ?,Help_Pairing
comment reconnecter mon aide auditive droite,Help_Pairing
comment puis-je vérifier si l'aide est couplée au téléphone ?,Help_Pairing
comment puis-je vérifier si les aides sont couplées à mon téléphone ?,Help_Pairing
comment savoir si les aides auditives sont couplées à mon téléphone ?,Help_Pairing
aides à l'appairage sur mon application Thrive,Help_Pairing
appairer mes aides auditives avec mon téléphone,Help_Pairing
comment puis-je coupler mon aide auditive à mon téléphone ?,Help_Pairing
mon aide auditive est-elle connectée à mon application ?,Help_Pairing
Mon aide auditive est-elle connectée à l'application ?,Help_Pairing
appairer mes aides auditives,Help_Pairing
j'ai besoin d'aide pour appairer les aides,Help_Pairing
appairer mes aides auditives au téléphone,Help_Pairing
comment puis-je appairer mon aide auditive à mon téléphone ?,Help_Pairing
comment puis-je vérifier si mes aides auditives sont connectées à l'application thrive ?,Help_Pairing
comment puis-je vérifier si les aides auditives sont appairées au téléphone ?,Help_Pairing
je dois dissocier mes aides auditives de mon téléphone,Help_Pairing
comment puis-je me connecter au Bluetooth de ma voiture ?,Help_Pairing
je dois coupler mon aide auditive à mon téléphone,Help_Pairing
comment puis-je les synchroniser ensemble,Help_Pairing
comment puis-je synchroniser mes aides auditives,Help_Pairing
mon aide auditive est-elle connectée au téléphone ?,Help_Pairing
comment déconnecter mon aide auditive ?,Help_Pairing
je dois connecter les aides auditives au téléphone,Help_Pairing
pourquoi ne puis-je pas faire passer mes aides auditives sur mon téléphone pour passer par mes aides auditives,Help_Pairing
Comment savoir si les aides auditives sont connectées à mon application Thrive ?,Help_Pairing
les aides auditives sont-elles connectées au téléphone ?,Help_Pairing
aide pour appairer mes aides auditives,Help_Pairing
aides à l'appairage sur l'application,Help_Pairing
l'aide auditive est-elle connectée à mon application ?,Help_Pairing
connecter l'aide appropriée,Help_Pairing
aide pour appairer les aides auditives sur l'application thrive,Help_Pairing
connecter l'aide gauche,Help_Pairing
j'ai besoin d'aide pour associer mon aide auditive au téléphone,Help_Pairing
l'aide est-elle connectée à l'application thrive ?,Help_Pairing
synchroniser le Bluetooth de la voiture avec l'aide auditive,Help_Pairing
comment appairer mes aides auditives ?,Help_Pairing
je dois déconnecter mon aide auditive de mon téléphone,Help_Pairing
mon aide auditive peut-elle être configurée simultanément sur un iPhone et un iPad,Help_Pairing
où puis-je appairer mes aides auditives dans l'application ?,Help_Pairing
comment savoir si les aides auditives sont couplées au téléphone ?,Help_Pairing
créer un nouveau rappel,reminders.add
rappelle-moi de boire de l'eau dans 10 minutes,reminders.add
régler une alarme pendant 15 minutes,reminders.add
régler une alarme pour un rendez-vous chez le médecin demain matin,reminders.add
fixer un rendez-vous chez le médecin pour demain à 10h,reminders.add
régler une alarme à 8 heures du matin,reminders.add
planifier un rendez-vous,reminders.add
prendre rendez-vous demain,reminders.add
prendre rendez-vous en physiothérapie demain matin 8h40,reminders.add
chaque année,reminders.add
chaque mois,reminders.add
chaque semaine,reminders.add
tous les jours,reminders.add
tous les jours,reminders.add
configurer un rappel,reminders.add
rappel,reminders.add
faire un rappel,reminders.add
n'oubliez pas de vous entraîner,reminders.add
n'oubliez pas de regarder,reminders.add
n'oubliez pas de laver la voiture dans 4 heures,reminders.add
n'oubliez pas de laver ma voiture,reminders.add
n'oubliez pas de vous réveiller demain,reminders.add
n'oubliez pas de vous réveiller à 7 heures du matin.,reminders.add
n'oubliez pas de vous réveiller à 6 heures du matin.,reminders.add
pensez à prendre de la vitamine D à 19h. tous les jours,reminders.add
n'oubliez pas de rendre visite à ma famille le jour de Thanksgiving,reminders.add
pensez à allumer les lumières à 20h.,reminders.add
n'oubliez pas d'éteindre mon téléphone tous les jours à 23h.,reminders.add
pensez à prendre mes médicaments mardi matin à 10h,reminders.add
n'oubliez pas de prendre des médicaments demain matin,reminders.add
n'oubliez pas de prendre vos médicaments aujourd'hui à 17 heures.,reminders.add
pensez à prendre vos médicaments jeudi prochain à 16h.,reminders.add
n'oubliez pas de prendre des médicaments,reminders.add
pensez à prendre vos médicaments aujourd'hui à 17h.,reminders.add
n'oubliez pas d'étudier demain,reminders.add
définir un rappel,reminders.add
ne me laisse pas oublier,reminders.add
rappelle-moi,reminders.add
je veux qu'on me le rappelle,reminders.add
créer un rappel,reminders.add
rappelle-moi d'aller courir tous les mercredis à 7 heures du matin.,reminders.add
rappelle-moi de prendre des médicaments jeudi prochain à 16h.,reminders.add
rappelle-moi de récupérer ma voiture vendredi matin,reminders.add
rappelle-moi de récupérer ma voiture vendredi matin prochain,reminders.add
rappelle-moi de prendre mes médicaments mardi matin à 10h.,reminders.add
rappelez-moi de récupérer mon ordonnance mardi à 17h.,reminders.add
rappelle-moi de récupérer mon ordonnance mercredi à 17h.,reminders.add
rappelle-moi de récupérer mon ordonnance jeudi à 17h.,reminders.add
rappelle-moi de récupérer mon ordonnance samedi à 17h.,reminders.add
rappelle-moi de récupérer mon ordonnance dimanche à 17h.,reminders.add
rappelle-moi de récupérer mon ordonnance à 17h. le dimanche,reminders.add
rappelle-moi de récupérer mon ordonnance à 17h. Samedi,reminders.add
rappelle-moi de récupérer mon ordonnance à 17h. vendredi,reminders.add
rappelle-moi de récupérer mon ordonnance à 17h. jeudi,reminders.add
rappelle-moi de récupérer mon ordonnance à 17h. le mercredi,reminders.add
rappelle-moi de récupérer mon ordonnance à 17h. mardi,reminders.add
rappelle-moi de récupérer mon ordonnance à 17h. le lundi,reminders.add
rappelle-moi de récupérer mon ordonnance lundi à 17h.,reminders.add
rappelle-moi de récupérer mon ordonnance vendredi à 17h.,reminders.add
créer un rappel pour prendre des médicaments aujourd'hui à 20h,reminders.add
rappelle-moi de prendre des médicaments aujourd'hui à 17 heures.,reminders.add
rappelle-moi de boire de l'eau tous les jours à 10 heures du matin,reminders.add
rappelle-moi de boire de l'eau plus tard dans la journée à 17 heures.,reminders.add
rappelle-moi de prendre des médicaments demain matin,reminders.add
rappelle-moi de récupérer mon ordonnance cet après-midi,reminders.add
rappelle-moi de renouveler mon ordonnance demain après-midi,reminders.add
définir un rappel pour boire de l'eau aujourd'hui,reminders.add
définir un rappel pour faire de l'exercice aujourd'hui,reminders.add
définir un rappel pour nettoyer les aides auditives dès aujourd'hui,reminders.add
définissez un rappel pour récupérer l'ordonnance aujourd'hui à 17 h.,reminders.add
définir un rappel pour renouveler l'ordonnance demain,reminders.add
définissez un rappel pour prendre vos médicaments aujourd'hui à 17 heures.,reminders.add
rappelle-moi de boire de l'eau aujourd'hui,reminders.add
rappelle-moi de faire de l'exercice aujourd'hui,reminders.add
rappelle-moi de nettoyer mes aides auditives aujourd'hui,reminders.add
rappelez-moi de récupérer l'ordonnance aujourd'hui à 17 heures.,reminders.add
rappelle-moi de renouveler l'ordonnance demain,reminders.add
rappelle-moi de prendre mes médicaments aujourd'hui à 17 heures.,reminders.add
définir un rappel pour boire de l'eau à 21 heures. tous les mardis,reminders.add
définir un rappel pendant 5 minutes,reminders.add
configurer un rappel pour prendre des médicaments à 13 heures.,reminders.add
définir un rappel pour prendre les médicaments à 13 heures.,reminders.add
rappelle-moi de faire les courses tous les mois le 15 à 13h.,reminders.add
rappelle-moi d'aller à l'épicerie tous les dimanches midi,reminders.add
rappelle-moi d'envoyer des cartes de Noël chaque année le 1er décembre à 17h.,reminders.add
créez un rappel quotidien pour prendre vos médicaments à 17 heures.,reminders.add
rappelle-moi de m'entraîner demain matin à 6 heures,reminders.add
rappelle-moi de courir à 14 heures. à Halloween,reminders.add
rappelle-moi de dîner tous les dimanches à 8 heures du matin.,reminders.add
"fixez un rappel pour 7 heures demain à propos du dîner, s'il vous plaît",reminders.add
rappelle-moi pour demain,reminders.add
rappelez-vous de courir tous les jours à 6 heures du matin.,reminders.add
rappelle-moi d'étudier demain,reminders.add
rappelle-moi mon rendez-vous chez le médecin,reminders.add
rappelle-moi de me réveiller à 6 heures du matin.,reminders.add
envoie-moi un rappel pour partir travailler dans 10 minutes,reminders.add
rappelle-moi le 27 août pour mon vol,reminders.add
rappelle-moi le dîner à 15h.,reminders.add
rappelle-moi à 19 heures. le 11 novembre pour faire ses devoirs,reminders.add
rappelle-moi d'allumer les lumières à 20 heures.,reminders.add
rappelle-moi demain d'appeler,reminders.add
définir un rappel pour demain matin,reminders.add
rappelez-moi à 14h35. demain ne pas se garer sur le parking arrière,reminders.add
rappelez-moi de livrer à l'église catholique sainte barbara le vendredi de 9h à 9h30,reminders.add
rappelle-moi d'aller me coucher dans 5 minutes,reminders.add
rappelle-moi de venir chercher Joe dans 30 minutes,reminders.add
rappelle-moi de me brosser les dents,reminders.add
rappelle-moi le dîner dans 1 minute,reminders.add
rappelle-moi d'aller travailler le 19 août,reminders.add
rappelle-moi à 13 heures. que je dois manger,reminders.add
"rappel pour 16h15 aujourd'hui, rends visite à grand-mère s'il te plaît",reminders.add
définir un rappel pour tous les jours,reminders.add
rappelle-moi à midi,reminders.add
rappelle-moi vendredi,reminders.add
rappelle-moi demain pour,reminders.add
ça me rappelle une réunion le 27 août,reminders.add
rappelle-moi de recharger mon téléphone tous les jours à 23h00.,reminders.add
rappelle-moi d'appeler quelqu'un tous les jours à 16 heures.,reminders.add
rappelle-moi d'éteindre mon téléphone tous les jours à 23h.,reminders.add
j'ai besoin d'un rappel pour aujourd'hui,reminders.add
ajouter un rappel pour demain,reminders.add
rappelle-moi de m'entraîner,reminders.add
rappelle-moi de me réveiller demain,reminders.add
rappelle-moi demain,reminders.add
rappeler le vol à 6 heures du matin,reminders.add
aide-moi à me rappeler d'appeler bébé demain à 9 heures,reminders.add
nouveau rappel mange une pomme tous les jours à 9h,reminders.add
ne me laisse pas oublier d'aller chercher du lait aujourd'hui,reminders.add
rappelle-moi tous les jours,reminders.add
rappelle-moi le rendez-vous,reminders.add
rappelle-moi d'acheter du pain à 11 heures demain,reminders.add
nouveau rappel pour tous les jours,reminders.add
ajouter un rappel nourrir un chat en 3 minutes,reminders.add
"peux-tu me rappeler de lire mon livre, de faire la vaisselle et de balayer le sol",reminders.add
rappel de jouer avec mon chat tous les jours à 19h,reminders.add
rappelle-moi de laver ma voiture,reminders.add
j'ai besoin d'un rappel demain,reminders.add
rappelle-moi à midi,reminders.add
rappelle-moi le week-end,reminders.add
rappelle-moi de prendre des médicaments,reminders.add
définir un rappel pour jeudi,reminders.add
définir un rappel pendant 1 heure,reminders.add
rappelle-moi de faire bouillir de l'eau tous les matins avant 7 heures du matin.,reminders.add
définir un rappel pour 7 heures du matin demain yoga,reminders.add
nouveau rappel sur la forme physique,reminders.add
peux-tu me fixer un rappel demain,reminders.add
ça me rappelle les frères de sang,reminders.add
rappelle-moi que j'ai un rendez-vous chez le médecin,reminders.add
fixer un rappel acheter du lait le 11 novembre à 17h,reminders.add
rappelle-moi de voir la table dans 5 minutes,reminders.add
rappelle-moi de vérifier mon ordinateur,reminders.add
rappelle-moi d'aller dormir,reminders.add
rappelle-moi de payer ma facture de carte de crédit,reminders.add
rappelle-moi que j'ai un rendez-vous,reminders.add
définir un rappel pour 5 minutes,reminders.add
rappelle-moi le dîner dans 1 heure,reminders.add
définir un rappel sur le lavage de la voiture,reminders.add
rappelle-moi dans 15 minutes d'aller au bar,reminders.add
rappelle-moi d'acheter des billets de cinéma pour vendredi soir,reminders.add
rappel pour aujourd'hui,reminders.add
"définissez un rappel pour le dîner avec Tom, s'il vous plaît",reminders.add
rappelle-moi d'appeler papa,reminders.add
rappelle-moi de regarder,reminders.add
rappelle-moi de rendre visite à ma famille le jour de Thanksgiving,reminders.add
rappelle-moi la réunion des professeurs de vendredi,reminders.add
rappelle-moi la recherche en nutrition demain à 8 heures.,reminders.add
rappeler le rendez-vous d'affaires tous les lundis à 16h,reminders.add
rappelle-moi que j'ai un rendez-vous chez le médecin,reminders.add
rappelle-moi à 11 heures du matin,reminders.add
rappelez-vous de courir à 6 heures du matin le 7 décembre,reminders.add
rappelle-moi de me réveiller à 7 heures du matin.,reminders.add
rappelle-moi aujourd'hui,reminders.add
rappelle-moi de réserver une place de parking pour ma croisière carnaval,reminders.add
rappelle-moi d'appeler José demain,reminders.add
rappelle-moi de faire mes devoirs le 11 novembre à 19h.,reminders.add
pouvez-vous s'il vous plaît me rappeler de prendre mes médicaments tous les matins à 7h00,reminders.add
rappel de la fête à 12h vendredi,reminders.add
définir un rappel pour 8 heures du matin,reminders.add
rappelle-moi d'appeler maman à Noël,reminders.add
rappelle-moi d'appeler mon frère le jour des anciens combattants,reminders.add
rappelle-moi la vidéo tous les jours à midi,reminders.add
nouveau rappel sur le lavage de la voiture,reminders.add
rappelle-moi la réunion parents/profs de vendredi,reminders.add
rappelle-moi mon rendez-vous,reminders.add
rappelle-moi les examens tous les vendredis à 19h.,reminders.add
rappelle-moi de boire de l'eau dans 5 minutes,reminders.add
définir un rappel pour demain,reminders.add
rappelle-moi d'aller courir à 6 heures du matin.,reminders.add
"définissez un rappel sur la promenade du chien, répétez-le tous les jours à 9 heures du matin.",reminders.add
rappelle-moi jeudi,reminders.add
rappel pour ce soir,reminders.add
définir un rappel à 14 heures.,reminders.add
rappelle-moi de faire de l'exercice ce soir,reminders.add
rappelle-moi une fois de courir,reminders.add
définir un rappel pour le 25 novembre,reminders.add
rappelle-moi de laver la voiture,reminders.add
rappelle-moi 22h30. fermer le restaurant,reminders.add
rappelle-moi tous les jours de lire un livre à 18 heures.,reminders.add
ne me laisse pas oublier d'arroser les fleurs à 7 heures demain,reminders.add
rappelle-moi de nourrir mon chat s'il te plaît,reminders.add
"s'il te plaît, rappelle-moi d'appeler",reminders.add
rappelle-moi d'acheter du lait mardi à 20h.,reminders.add
régler le rappel à 17h,reminders.add
envoyez-moi un rappel pour payer la facture du câble le 3 mars,reminders.add
rappelle-moi le dîner à 15h23,reminders.add
ajouter un rappel avec le titre laver la voiture,reminders.add
rappelle-moi d'acheter des chaussures à Paris,reminders.add
rappelle-moi d'aller chez le médecin,reminders.add
rappelle-moi demain à 9 heures.,reminders.add
rappelle-moi de prendre de la vitamine D à 19h. tous les jours,reminders.add
ajouter un rappel pour la réunion,reminders.add
rappelle-moi de laver la voiture dans 4 heures,reminders.add
rappel du commerçant,reminders.add
Quelles sont les différences entre l'application avancée et l'application de base ?,Help_AppSettings
où puis-je modifier les paramètres de l'application,Help_AppSettings
comment puis-je basculer entre le mode basique et avancé ?,Help_AppSettings
quelle version de l'application j'utilise ?,Help_AppSettings
comment puis-je modifier les paramètres de mon application ?,Help_AppSettings
où puis-je trouver les paramètres de l'application ?,Help_AppSettings
dois-je utiliser le mode basique ou avancé ?,Help_AppSettings
qu'est-ce qui est disponible avec l'application de base ?,Help_AppSettings
comment passer de l'application de base à l'application avancée ?,Help_AppSettings
que puis-je faire avec l'application avancée ?,Help_AppSettings
qu'est-ce qui est disponible avec l'application avancée ?,Help_AppSettings
que puis-je faire dans les paramètres de l'application ?,Help_AppSettings
qu'est-ce que le mode de base ?,Help_AppSettings
que puis-je faire avec l'application de base ?,Help_AppSettings
y a-t-il un endroit pour modifier les paramètres de mon application ?,Help_AppSettings
où sont les paramètres de l'application,Help_AppSettings
qu'est-ce que le mode avancé ?,Help_AppSettings
version de l'application,Help_AppSettings
quelle version de l'application ai-je ?,Help_AppSettings
puis-je revenir en arrière après avoir changé de mode ?,Help_AppSettings
comment puis-je envoyer une note à mon médecin,Help_RemoteProgramming
je veux me connecter à mon audiologiste,Help_RemoteProgramming
L'audioprothésiste peut-il régler l'aide auditive à distance ?,Help_RemoteProgramming
Mon audioprothésiste peut-il régler les aides à distance ?,Help_RemoteProgramming
comment demander un ajustement ?,Help_RemoteProgramming
comment saurai-je quand mon audioprothésiste a ajusté l’aide auditive ?,Help_RemoteProgramming
puis-je écouter les réglages effectués par le professionnel ?,Help_RemoteProgramming
comment saurai-je quand l’audioprothésiste a ajusté mon aide auditive ?,Help_RemoteProgramming
puis-je contacter mon audiologiste pour obtenir de l'aide ?,Help_RemoteProgramming
L'audiologiste peut-il régler mes aides auditives à distance ?,Help_RemoteProgramming
comment saurai-je quand mon audioprothésiste a ajusté mes aides auditives ?,Help_RemoteProgramming
Mon audioprothésiste peut-il régler mon aide auditive à distance ?,Help_RemoteProgramming
comment saurai-je quand mon audioprothésiste a réglé l’aide ?,Help_RemoteProgramming
comment puis-je contacter mon clinicien pour obtenir de l'aide ?,Help_RemoteProgramming
comment puis-je demander un nouveau paramètre ?,Help_RemoteProgramming
comment saurai-je quand mon audiologiste a ajusté l’aide auditive ?,Help_RemoteProgramming
j'ai besoin d'un ajustement de mes aides auditives,Help_RemoteProgramming
mon audiologiste peut-il régler les aides à distance ?,Help_RemoteProgramming
puis-je revenir à mes paramètres d'origine ?,Help_RemoteProgramming
comment saurai-je quand l’audiologiste a ajusté les aides ?,Help_RemoteProgramming
L'audioprothésiste peut-il régler l'aide à distance ?,Help_RemoteProgramming
Comment saurai-je quand mon audioprothésiste a ajusté mon aide auditive ?,Help_RemoteProgramming
comment saurai-je quand mon audiologiste a ajusté l’aide ?,Help_RemoteProgramming
comment savoir quand le professionnel a ajusté l'aide ?,Help_RemoteProgramming
comment fonctionne la programmation à distance ?,Help_RemoteProgramming
connecte-moi à mon audiologiste,Help_RemoteProgramming
comment saurai-je quand l’audioprothésiste a ajusté mes aides auditives ?,Help_RemoteProgramming
comment puis-je me connecter à mon audiologiste,Help_RemoteProgramming
mon professionnel peut-il régler mes aides auditives à distance ?,Help_RemoteProgramming
comment saurai-je quand mon audioprothésiste a ajusté mes aides auditives ?,Help_RemoteProgramming
puis-je comparer les ajustements effectués par mon audiologiste ?,Help_RemoteProgramming
Mon audioprothésiste peut-il régler mes aides auditives à distance ?,Help_RemoteProgramming
où sont mes nouveaux paramètres ?,Help_RemoteProgramming
puis-je comparer les réglages effectués par mon audioprothésiste ?,Help_RemoteProgramming
comment enregistrer les réglages effectués par mon audioprothésiste ?,Help_RemoteProgramming
comment enregistrer les réglages effectués par mon audiologiste ?,Help_RemoteProgramming
je veux parler à mon audiologiste,Help_RemoteProgramming
Comment saurai-je quand mon audioprothésiste a ajusté mes aides auditives ?,Help_RemoteProgramming
comment puis-je contacter mon professionnel pour obtenir de l'aide ?,Help_RemoteProgramming
comment saurai-je quand mon professionnel a ajusté les aides auditives ?,Help_RemoteProgramming
puis-je comparer les réglages effectués par l'audioprothésiste ?,Help_RemoteProgramming
Mon audiologiste peut-il régler mes aides auditives à distance ?,Help_RemoteProgramming
comment saurai-je quand le professionnel a ajusté les aides auditives ?,Help_RemoteProgramming
L'audioprothésiste peut-il régler mes aides auditives à distance ?,Help_RemoteProgramming
comment puis-je contacter mon professionnel en cas de problème ?,Help_RemoteProgramming
L'audiologiste peut-il régler l'aide auditive à distance ?,Help_RemoteProgramming
comment saurai-je quand l’audiologiste a ajusté mes aides auditives ?,Help_RemoteProgramming
comment utiliser la programmation à distance ?,Help_RemoteProgramming
comment saurai-je quand l’audiologiste a ajusté l’aide auditive ?,Help_RemoteProgramming
Mon audioprothésiste peut-il régler ses aides auditives à distance ?,Help_RemoteProgramming
puis-je prévisualiser les réglages effectués par le professionnel ?,Help_RemoteProgramming
que faire si les réglages effectués par mon professionnel ne me plaisent pas ?,Help_RemoteProgramming
L'audioprothésiste peut-il régler les aides auditives à distance ?,Help_RemoteProgramming
le professionnel peut-il régler les aides auditives à distance ?,Help_RemoteProgramming
L'audioprothésiste peut-il régler l'aide auditive à distance ?,Help_RemoteProgramming
comment puis-je prévisualiser les nouveaux paramètres de l'aide auditive ?,Help_RemoteProgramming
Comment saurai-je quand mon audioprothésiste a ajusté mes aides auditives ?,Help_RemoteProgramming
comment saurai-je quand l’audiologiste a ajusté l’aide ?,Help_RemoteProgramming
et si je n'aime pas les ajustements effectués par l'audiologiste ?,Help_RemoteProgramming
comment saurai-je quand mon audiologiste a ajusté mes aides auditives ?,Help_RemoteProgramming
puis-je comparer les réglages effectués par mon audioprothésiste ?,Help_RemoteProgramming
comment saurai-je quand mon audioprothésiste a ajusté mon aide auditive ?,Help_RemoteProgramming
puis-je contacter mon audioprothésiste pour des ajustements ?,Help_RemoteProgramming
puis-je revenir à mes anciens paramètres ?,Help_RemoteProgramming
Mon audioprothésiste peut-il régler mon aide auditive à distance ?,Help_RemoteProgramming
puis-je prévisualiser les réglages effectués par mon professionnel ?,Help_RemoteProgramming
comment puis-je savoir si j'ai reçu de nouveaux réglages pour mon aide auditive ?,Help_RemoteProgramming
comment puis-je envoyer une note à mon audioprothésiste,Help_RemoteProgramming
comment puis-je demander de nouveaux réglages pour mon aide auditive ?,Help_RemoteProgramming
mon professionnel peut-il régler mon aide auditive à distance ?,Help_RemoteProgramming
Mon audiologiste peut-il régler mon aide auditive à distance ?,Help_RemoteProgramming
comment accepter les réglages effectués par le professionnel ?,Help_RemoteProgramming
comment puis-je envoyer une demande d’aide à mon audiologiste ?,Help_RemoteProgramming
puis-je comparer les réglages effectués par mon professionnel ?,Help_RemoteProgramming
Mon audiologiste peut-il régler mon aide auditive à distance ?,Help_RemoteProgramming
comment puis-je accepter mes nouveaux paramètres ?,Help_RemoteProgramming
comment puis-je envoyer une note à mon fournisseur,Help_RemoteProgramming
comment saurai-je quand mon professionnel a ajusté mon aide auditive ?,Help_RemoteProgramming
comment puis-je demander de nouveaux paramètres d'aide ?,Help_RemoteProgramming
comment saurai-je si j'ai reçu de nouveaux paramètres ?,Help_RemoteProgramming
j'ai besoin d'un ajustement de mes aides auditives,Help_RemoteProgramming
puis-je écouter les réglages effectués par mon audiologiste ?,Help_RemoteProgramming
mon audiologiste peut-il régler mes aides auditives à distance ?,Help_RemoteProgramming
je dois en parler à mon audiologiste,Help_RemoteProgramming
comment puis-je envoyer une demande d'aide à mon professionnel ?,Help_RemoteProgramming
aide à la programmation à distance,Help_RemoteProgramming
puis-je prévisualiser les réglages effectués par l'audioprothésiste ?,Help_RemoteProgramming
comment enregistrer les réglages effectués par l'audioprothésiste ?,Help_RemoteProgramming
qu'est-ce que la programmation à distance ?,Help_RemoteProgramming
combien de demandes d'aide puis-je soumettre ?,Help_RemoteProgramming
comment puis-je contacter mon audiologiste pour obtenir de l'aide ?,Help_RemoteProgramming
comment puis-je prévisualiser les nouveaux paramètres ?,Help_RemoteProgramming
le professionnel peut-il régler mon aide auditive à distance ?,Help_RemoteProgramming
le professionnel peut-il régler mon aide auditive à distance ?,Help_RemoteProgramming
comment enregistrer les réglages effectués par l'audioprothésiste ?,Help_RemoteProgramming
L'audiologiste peut-il régler mes aides auditives à distance ?,Help_RemoteProgramming
mon professionnel peut-il régler l'aide à distance ?,Help_RemoteProgramming
puis-je écouter les réglages effectués par mon professionnel ?,Help_RemoteProgramming
comment puis-je contacter mon clinicien à propos d'un problème ?,Help_RemoteProgramming
comment saurai-je quand mon audiologiste a ajusté mon aide auditive ?,Help_RemoteProgramming
comment saurai-je quand l’audioprothésiste a ajusté mon aide auditive ?,Help_RemoteProgramming
quels sont les rappels,Help_Reminder
puis-je définir des rappels dans mes aides auditives,Help_Reminder
comment définir un rappel,Help_Reminder
peut prospérer définir un rappel,Help_Reminder
comment définir des rappels,Help_Reminder
montre-moi comment utiliser le rappel,Help_Reminder
comment définir un rappel quotidien,Help_Reminder
comment utiliser les rappels,Help_Reminder
comment créer un événement,Help_Reminder
amène-moi au rappel de l'aide,Help_Reminder
comment définir un événement du calendrier,Help_Reminder
"prospère, a des rappels",Help_Reminder
comment puis-je définir un rappel,Help_Reminder
puis-je utiliser Thrive pour définir des rappels,Help_Reminder
comment créer un événement,Help_Reminder
parlez-moi de la fonctionnalité de rappels,Help_Reminder
où puis-je créer un rappel,Help_Reminder
prospère les rappels de support,Help_Reminder
qu'est-ce qu'un rappel,Help_Reminder
guide d'utilisation du rappel,Help_Reminder
comment ajouter le programme de voiture ?,Help_DeviceSettings
comment puis-je diffuser des notifications via mon aide auditive ?,Help_DeviceSettings
quel est le modèle de mes aides auditives ?,Help_DeviceSettings
quelle est la version du firmware de mon aide auditive ?,Help_DeviceSettings
quelle est la version du firmware de mon aide auditive ?,Help_DeviceSettings
comment puis-je changer les bips ?,Help_DeviceSettings
quel est le numéro de série de mon aide auditive ?,Help_DeviceSettings
comment ajouter un programme téléphonique automatique ?,Help_DeviceSettings
comment puis-je activer la fonction de voiture automatique,Help_DeviceSettings
comment puis-je activer le double appui sur mon aide auditive ?,Help_DeviceSettings
puis-je activer les paramètres par défaut sur les aides auditives,Help_DeviceSettings
comment puis-je activer la sensibilité du double tapotement ?,Help_DeviceSettings
comment puis-je activer le double appui sur mon aide auditive ?,Help_DeviceSettings
comment désactiver l'augmentation du confort ?,Help_DeviceSettings
comment désactiver le double appui sur mes aides auditives ?,Help_DeviceSettings
quel est le modèle de mon aide auditive ?,Help_DeviceSettings
où est mon numéro de modèle,Help_DeviceSettings
comment désactiver la sensibilité du double tap ?,Help_DeviceSettings
comment activer la sensibilité du double tap ?,Help_DeviceSettings
comment puis-je modifier mes préférences ?,Help_DeviceSettings
aide avec les paramètres de l'appareil,Help_DeviceSettings
quelle est la version du firmware de mes aides auditives ?,Help_DeviceSettings
comment puis-je diffuser des notifications via mes aides auditives ?,Help_DeviceSettings
comment puis-je modifier mes paramètres automatiques ?,Help_DeviceSettings
comment puis-je activer le double appui sur mes aides auditives ?,Help_DeviceSettings
quelle est la version du firmware de mon aide auditive ?,Help_DeviceSettings
quel est le numéro de série de mes aides auditives ?,Help_DeviceSettings
comment puis-je modifier les options de notification sur mon aide auditive ?,Help_DeviceSettings
où est le modèle d'aide auditive,Help_DeviceSettings
quel est le numéro de série de mes aides auditives ?,Help_DeviceSettings
comment puis-je passer à une autre mémoire lors du streaming,Help_DeviceSettings
comment puis-je lire les notifications via mon aide auditive ?,Help_DeviceSettings
trouver clairement le nom du produit des aides auditives,Help_DeviceSettings
comment configurer les notifications du calendrier ?,Help_DeviceSettings
comment puis-je passer automatiquement à une mémoire différente pour les appels téléphoniques,Help_DeviceSettings
je n'aime pas la fonction de double tapotement. comment puis-je l'éteindre ?,Help_DeviceSettings
quel est le modèle de mon aide auditive ?,Help_DeviceSettings
comment puis-je rendre le double tap plus sensible ?,Help_DeviceSettings
bip,Help_DeviceSettings
comment puis-je activer la sensibilité du double tapotement ?,Help_DeviceSettings
comment configurer le streaming automatique,Help_DeviceSettings
comment activer les paramètres par défaut sur les aides auditives,Help_DeviceSettings
quand dois-je utiliser le boost de confort ?,Help_DeviceSettings
changement de bip,Help_DeviceSettings
quel est le numéro de série de mon aide auditive ?,Help_DeviceSettings
puis-je activer le réglage par défaut sur les aides auditives,Help_DeviceSettings
comment puis-je diffuser des notifications via mes aides auditives ?,Help_DeviceSettings
qu'est-ce que l'augmentation du confort ?,Help_DeviceSettings
quel est le numéro de série de mon aide auditive ?,Help_DeviceSettings
j'ai besoin d'aide avec mes paramètres,Help_DeviceSettings
comment désactiver le double appui sur mes aides auditives ?,Help_DeviceSettings
comment puis-je désactiver le double appui sur mon aide auditive ?,Help_DeviceSettings
comment désactiver la sensibilité du double tap ?,Help_DeviceSettings
comment puis-je régler la sensibilité du double tapotement ?,Help_DeviceSettings
qu'est-ce que le journal de données,Help_DeviceSettings
comment configurer le streaming automatique ?,Help_DeviceSettings
comment configurer les notifications sociales ?,Help_DeviceSettings
puis-je changer les sonneries de mon aide auditive ?,Help_DeviceSettings
changement de ton,Help_DeviceSettings
comment puis-je rendre le double tapotement moins sensible ?,Help_DeviceSettings
comment puis-je modifier les options de notification sur mes aides auditives ?,Help_DeviceSettings
comment changer de ton ?,Help_DeviceSettings
où est le numéro de série,Help_DeviceSettings
Comment fonctionne l'augmentation du confort ?,Help_DeviceSettings
comment désactiver le double appui sur mon aide auditive ?,Help_DeviceSettings
comment puis-je activer l'amélioration du confort ?,Help_DeviceSettings
comment puis-je activer le double appui sur mes aides auditives ?,Help_DeviceSettings
comment puis-je régler la sensibilité du double tap ?,Help_DeviceSettings
comment configurer les notifications par e-mail ?,Help_DeviceSettings
où sont mes préférences ?,Help_DeviceSettings
puis-je modifier mes préférences ?,Help_DeviceSettings
comment changer les sonneries ?,Help_DeviceSettings
quelle est la version du firmware de mes aides auditives ?,Help_DeviceSettings
quel est le numéro de série de mon aide auditive ?,Help_DeviceSettings
quelle est la version du firmware de mon aide auditive ?,Help_DeviceSettings
comment ajouter un programme téléphonique automatique ?,Help_DeviceSettings
comment puis-je changer les mémoires de mes aides auditives ?,Help_ChangingMemories
comment puis-je passer à une mémoire différente sur l'aide auditive ?,Help_ChangingMemories
comment puis-je changer le programme de l'aide auditive ?,Help_ChangingMemories
comment puis-je passer à un autre programme sur mes aides auditives ?,Help_ChangingMemories
comment puis-je accéder aux mémoires de mes aides auditives ?,Help_ChangingMemories
aide à changer les souvenirs sur mon aide auditive,Help_ChangingMemories
comment puis-je changer les mémoires des aides auditives ?,Help_ChangingMemories
comment puis-je passer à un autre programme sur mes aides auditives ?,Help_ChangingMemories
comment puis-je passer à un autre programme sur les aides auditives ?,Help_ChangingMemories
comment puis-je passer à une autre mémoire sur mes aides auditives ?,Help_ChangingMemories
comment puis-je changer de programme sur mon aide auditive ?,Help_ChangingMemories
comment changer de programme sur mes aides auditives ?,Help_ChangingMemories
comment puis-je changer les mémoires sur les aides ?,Help_ChangingMemories
comment puis-je passer à une autre mémoire sur les aides ?,Help_ChangingMemories
comment changer de programme ?,Help_ChangingMemories
puis-je passer à un autre programme ?,Help_ChangingMemories
ai-je un souvenir de restaurant,Help_ChangingMemories
puis-je m'adresser à un autre programme d'aide auditive ?,Help_ChangingMemories
aide pour changer de programme sur mon aide auditive,Help_ChangingMemories
comment puis-je changer les souvenirs de mon aide auditive ?,Help_ChangingMemories
comment puis-je passer à une mémoire différente sur mon aide auditive ?,Help_ChangingMemories
aide pour changer de programme au téléphone,Help_ChangingMemories
puis-je accéder à un autre souvenir ?,Help_ChangingMemories
aide à changer les souvenirs à l'aide de l'application Thrive,Help_ChangingMemories
aide à changer les souvenirs,Help_ChangingMemories
comment changer la mémoire de l'aide auditive ?,Help_ChangingMemories
dans quelle mémoire et moi sommes-nous actuellement ?,Help_ChangingMemories
comment puis-je changer les souvenirs ?,Help_ChangingMemories
comment puis-je passer à une mémoire différente sur mes aides auditives ?,Help_ChangingMemories
comment puis-je changer le programme de mon aide auditive ?,Help_ChangingMemories
où est le bouton pour la mémoire ?,Help_ChangingMemories
aide pour changer de programme à l'aide de mon application Thrive,Help_ChangingMemories
comment puis-je passer à un autre programme sur mes aides auditives ?,Help_ChangingMemories
comment puis-je passer à un autre programme sur mon aide auditive ?,Help_ChangingMemories
comment puis-je changer la mémoire de mon aide auditive ?,Help_ChangingMemories
aide pour changer de programme en utilisant mon application,Help_ChangingMemories
aide pour changer de programme à l'aide de l'application,Help_ChangingMemories
comment puis-je passer à un autre programme sur mon aide auditive ?,Help_ChangingMemories
aide à changer les souvenirs à l'aide de l'application,Help_ChangingMemories
comment puis-je passer à une mémoire différente sur mes aides auditives ?,Help_ChangingMemories
comment puis-je changer de programme sur mes aides auditives ?,Help_ChangingMemories
comment puis-je changer les mémoires de l'aide auditive ?,Help_ChangingMemories
aide à changer les souvenirs de mes aides auditives,Help_ChangingMemories
comment puis-je passer à une mémoire différente sur mon aide auditive ?,Help_ChangingMemories
comment puis-je changer de programme sur l'aide auditive ?,Help_ChangingMemories
comment puis-je changer les mémoires sur l'aide ?,Help_ChangingMemories
comment puis-je passer à un autre programme sur les aides ?,Help_ChangingMemories
puis-je accéder à une autre mémoire d’aide auditive ?,Help_ChangingMemories
aide pour changer de programme sur mon aide auditive,Help_ChangingMemories
comment puis-je passer à un autre programme d'aide ?,Help_ChangingMemories
aide pour changer de programme sur mon téléphone,Help_ChangingMemories
qu'est-ce que la mémoire,Help_ChangingMemories
où est le bouton mémoire ?,Help_ChangingMemories
aide au changement de programme,Help_ChangingMemories
aide pour changer de programme sur mes aides auditives,Help_ChangingMemories
comment puis-je passer à une mémoire différente sur les aides ?,Help_ChangingMemories
comment puis-je passer à un autre programme sur l'aide auditive ?,Help_ChangingMemories
comment puis-je passer à une autre mémoire sur mon aide auditive ?,Help_ChangingMemories
comment puis-je changer de programme d'aide ?,Help_ChangingMemories
comment puis-je changer les mémoires de mon aide auditive ?,Help_ChangingMemories
comment puis-je passer à la mémoire musicale ?,Help_ChangingMemories
aide pour changer de programme sur mes aides auditives,Help_ChangingMemories
aide à changer les souvenirs en utilisant mon application,Help_ChangingMemories
bouton mémoire,Help_ChangingMemories
comment puis-je passer à un autre programme d'aide ?,Help_ChangingMemories
comment changer la mémoire,Help_ChangingMemories
comment puis-je passer à un autre programme sur mes aides auditives ?,Help_ChangingMemories
comment puis-je passer à une mémoire différente sur les aides auditives ?,Help_ChangingMemories
comment puis-je changer de programme sur mon aide auditive ?,Help_ChangingMemories
aide pour changer les souvenirs sur mon téléphone,Help_ChangingMemories
comment changer de programme sur les aides ?,Help_ChangingMemories
comment puis-je passer à un autre programme sur les aides ?,Help_ChangingMemories
comment puis-je passer à un autre programme de mon aide auditive ?,Help_ChangingMemories
aide à changer les souvenirs à l'aide de mon application Thrive,Help_ChangingMemories
comment puis-je passer à une autre mémoire sur l'aide auditive ?,Help_ChangingMemories
comment puis-je accéder au contrôle de la balance ?,Help_WiCROS
comment puis-je ajuster la balance croisée ?,Help_WiCROS
c'est quoi le récepteur ?,Help_WiCROS
à quoi sert ce contrôle d'équilibre ?,Help_WiCROS
qu'est-ce que le contrôle de balance Cros ?,Help_WiCROS
quelle est la différence entre les cros et les wicros ?,Help_WiCROS
mes aides auditives sont-elles croisées ?,Help_WiCROS
c'est quoi l'émetteur ?,Help_WiCROS
Comment fonctionne la fonctionnalité Cros Balance ?,Help_WiCROS
quand dois-je modifier mon contrôle de balance ?,Help_WiCROS
comment puis-je changer le volume de mon émetteur ou de mon récepteur ?,Help_WiCROS
quand dois-je utiliser le contrôle de la balance ?,Help_WiCROS
comment puis-je modifier le solde des cros ?,Help_WiCROS
mon contrôle de balance reste-t-il le même si je change de programme ?,Help_WiCROS
où puis-je contrôler la balance de mon aide auditive ?,Help_WiCROS
comment puis-je couper le son de l'émetteur Cros ?,Help_WiCROS
comment puis-je régler le volume de mon émetteur ?,Help_WiCROS
comment puis-je régler la balance croisée sur l'émetteur ?,Help_WiCROS
comment puis-je modifier la balance croisée sur l'émetteur ?,Help_WiCROS
comment puis-je le faire si j'ai des aides auditives Cros ?,Help_WiCROS
comment puis-je modifier le solde croisé sur le récepteur ?,Help_WiCROS
où est le réglage pour l'émetteur et le récepteur ?,Help_WiCROS
dois-je modifier mon contrôle de balance ?,Help_WiCROS
je n'entends pas de différence lorsque je change le contrôle de ma balance,Help_WiCROS
comment accéder au solde cros ?,Help_WiCROS
émetteur,Help_WiCROS
est-ce que j'ai des cros ou des wicros ?,Help_WiCROS
c'est quoi le contrôle bi-cros ?,Help_WiCROS
récepteur,Help_WiCROS
comment personnaliser mon aide auditive ?,Help_Customize
comment puis-je augmenter les basses,Help_Customize
à quoi sert l'égaliseur,Help_Customize
comment puis-je personnaliser mes aides auditives ?,Help_Customize
où est l'égaliseur,Help_Customize
comment personnaliser l'aide ?,Help_Customize
personnaliser les paramètres de mon aide auditive,Help_Customize
comment personnaliser mes aides auditives ?,Help_Customize
comment personnaliser mon aide auditive droite ?,Help_Customize
comment puis-je personnaliser mes aides auditives gauches ?,Help_Customize
comment puis-je réduire le bruit de la machine,Help_Customize
comment puis-je augmenter le ton aigu ?,Help_Customize
comment personnaliser mes aides auditives ?,Help_Customize
comment puis-je augmenter le ton grave ?,Help_Customize
comment régler le bruit de fond,Help_Customize
comment utiliser l'égaliseur,Help_Customize
comment personnaliser les aides auditives ?,Help_Customize
comment puis-je réduire le bruit de fond ?,Help_Customize
comment puis-je augmenter les aigus,Help_Customize
comment personnaliser mon aide auditive gauche ?,Help_Customize
comment puis-je m'ajuster au vent,Help_Customize
comment personnaliser les paramètres de mon aide auditive ?,Help_Customize
comment personnaliser mon aide auditive ?,Help_Customize
comment personnaliser les aides ?,Help_Customize
comment puis-je changer le focus du discours,Help_Customize
mes aides auditives ont trop d'aigus,Help_Customize
comment réduire le bruit de fond,Help_Customize
puis-je utiliser l'égaliseur pour personnaliser ma mémoire,Help_Customize
quel est l'égaliseur,Help_Customize
comment personnaliser l'aide auditive ?,Help_Customize
comment voir mes objectifs environnementaux hebdomadaires ?,Help_Health
comment faire passer mes objectifs de pas d'hebdomadaires à quotidiens ?,Help_Health
comment puis-je voir combien j'ai marché ce mois-ci ?,Help_Health
comment puis-je voir mes objectifs de marche ?,Help_Health
comment puis-je modifier mes objectifs de marche de quotidiens à hebdomadaires ?,Help_Health
comment faire passer mon objectif de pas de quotidien à hebdomadaire ?,Help_Health
comment puis-je voir mon activité physique ?,Help_Health
quelles sont toutes les caractéristiques de la santé ?,Help_Health
comment voir mes objectifs quotidiens en matière d'aide auditive ?,Help_Health
que montre l'écran de santé ?,Help_Health
comment puis-je voir combien j'ai fait du vélo cette semaine ?,Help_Health
comment puis-je voir mes objectifs de santé ?,Help_Health
comment puis-je voir combien de pas j'ai fait aujourd'hui ?,Help_Health
comment voir mes objectifs d'interaction hebdomadaires ?,Help_Health
comment changer mes objectifs de marche de quotidiens à hebdomadaires ?,Help_Health
comment puis-je voir mes objectifs aréobiques ?,Help_Health
comment changer mes objectifs de santé ?,Help_Health
comment puis-je voir mes objectifs de vélo ?,Help_Health
comment faire passer mes objectifs de marche d'hebdomadaires à quotidiens ?,Help_Health
dis-moi combien je te dois en espagnol,Cmd.TranslationStart
dis-moi combien je te dois en espagnol,Cmd.TranslationStart
traduire combien je te dois en espagnol,Cmd.TranslationStart
traduire combien je te dois en espagnol,Cmd.TranslationStart
commencer la traduction,Cmd.TranslationStart
traduction ouverte,Cmd.TranslationStart
commencer la traduction,Cmd.TranslationStart
commencer la traduction en allemand,Cmd.TranslationStart
commencer à traduire en français,Cmd.TranslationStart
traduction ouverte en espagnol,Cmd.TranslationStart
traduire en anglais,Cmd.TranslationStart
commencer à traduire en français,Cmd.TranslationStart
"comment dire, emmène-moi à l'hôtel en espagnol",Cmd.TranslationStart
qu'est-ce que bonjour en russe,Cmd.TranslationStart
combien je te dois en allemand,Cmd.TranslationStart
traduire pour le russe,Cmd.TranslationStart
traduire l'hébreu,Cmd.TranslationStart
traduction néerlandaise,Cmd.TranslationStart
commencer la traduction pour l'allemand,Cmd.TranslationStart
commencer la traduction pour l'espagnol,Cmd.TranslationStart
volume plus silencieux,Cmd.VolumeDecrease
baisser le volume,Cmd.VolumeDecrease
rendre mes aides auditives plus douces,Cmd.VolumeDecrease
diminuer le volume de mes aides auditives,Cmd.VolumeDecrease
son minimum,Cmd.VolumeDecrease
baisser le volume de mon aide auditive,Cmd.VolumeDecrease
diminuer le volume de mes aides auditives,Cmd.VolumeDecrease
baisser le volume de l'aide auditive,Cmd.VolumeDecrease
aide pour baisser le volume à gauche,Cmd.VolumeDecrease
baisser le son,Cmd.VolumeDecrease
baisser le volume de 50%,Cmd.VolumeDecrease
baisser le niveau de mes aides auditives,Cmd.VolumeDecrease
baisse mes aides auditives,Cmd.VolumeDecrease
intensité sonore minimale,Cmd.VolumeDecrease
aide pour baisser le volume à droite,Cmd.VolumeDecrease
refuse mon aide auditive droite,Cmd.VolumeDecrease
diminuer le volume,Cmd.VolumeDecrease
baisse le volume de mes aides auditives,Cmd.VolumeDecrease
rendre le son plus silencieux,Cmd.VolumeDecrease
baisser le volume,Cmd.VolumeDecrease
diminuer le volume de mes aides auditives,Cmd.VolumeDecrease
diminution du volume,Cmd.VolumeDecrease
réduire le volume,Cmd.VolumeDecrease
minimum de son,Cmd.VolumeDecrease
diminuer le volume,Cmd.VolumeDecrease
réduire le volume de l'aide auditive,Cmd.VolumeDecrease
baisser le volume,Cmd.VolumeDecrease
baisser le volume,Cmd.VolumeDecrease
volume sonore minimum,Cmd.VolumeDecrease
diminuer l'aide auditive droite,Cmd.VolumeDecrease
baisser mon aide auditive gauche,Cmd.VolumeDecrease
baisser le volume de mon aide auditive droite,Cmd.VolumeDecrease
volume plus doux,Cmd.VolumeDecrease
baisse mes aides auditives,Cmd.VolumeDecrease
baisser le volume,Cmd.VolumeDecrease
baisser le volume,Cmd.VolumeDecrease
volume minimum,Cmd.VolumeDecrease
baisser le volume de l'aide auditive,Cmd.VolumeDecrease
baisser le volume de mes aides auditives,Cmd.VolumeDecrease
baisser le volume,Cmd.VolumeDecrease
baisse le,Cmd.VolumeDecrease
baisse mon appareil auditif droit,Cmd.VolumeDecrease
baisser le volume,Cmd.VolumeDecrease
pas si fort,Cmd.VolumeDecrease
diminuer l'audition,Cmd.VolumeDecrease
moins de volume s'il vous plaît,Cmd.VolumeDecrease
réduire le volume,Cmd.VolumeDecrease
"c'est trop fort, baisse le volume",Cmd.VolumeDecrease
baisser le volume,Cmd.VolumeDecrease
laisse tomber le son dans mon aide auditive,Cmd.VolumeDecrease
diminuer l'aide auditive gauche,Cmd.VolumeDecrease
baisse le son,Cmd.VolumeDecrease
diminuer le volume,Cmd.VolumeDecrease
rendre les aides auditives plus silencieuses,Cmd.VolumeDecrease
baisser l'audition,Cmd.VolumeDecrease
combien de temps faut-il pour mesurer la récupération de la fréquence cardiaque ?,Help_HeartRateRecovery
comment est calculée la récupération de la fréquence cardiaque ?,Help_HeartRateRecovery
est-ce que j'ai une bonne récupération de la fréquence cardiaque ?,Help_HeartRateRecovery
comment puis-je régler ma récupération de fréquence cardiaque ?,Help_HeartRateRecovery
guide d'utilisation de la récupération de la fréquence cardiaque,Help_HeartRateRecovery
comment puis-je mesurer ma récupération de fréquence cardiaque ?,Help_HeartRateRecovery
que signifie la récupération de la fréquence cardiaque ?,Help_HeartRateRecovery
qu'est-ce que la récupération de la fréquence cardiaque ?,Help_HeartRateRecovery
ma récupération de fréquence cardiaque est-elle bonne ?,Help_HeartRateRecovery
comment puis-je accéder à la fonction de récupération de la fréquence cardiaque ?,Help_HeartRateRecovery
aide à la récupération de la fréquence cardiaque,Help_HeartRateRecovery
puis-je améliorer ma récupération de fréquence cardiaque ?,Help_HeartRateRecovery
où est la fonction de récupération de la fréquence cardiaque ?,Help_HeartRateRecovery
où est le coeur pour aider à la récupération,Help_HeartRateRecovery
guide de récupération de la fréquence cardiaque,Help_HeartRateRecovery
qu'est-ce que l'aide cardiaque à la récupération,Help_HeartRateRecovery
comment fonctionne la récupération de la fréquence cardiaque ?,Help_HeartRateRecovery
comment puis-je trouver la récupération de la fréquence cardiaque ?,Help_HeartRateRecovery
qu'est-ce qu'un nombre normal de récupération de la fréquence cardiaque ?,Help_HeartRateRecovery
comment fonctionne la fréquence cardiaque ?,Help_HeartRate
comment puis-je surveiller ma fréquence cardiaque ?,Help_HeartRate
guide de fréquence cardiaque,Help_HeartRate
comment puis-je accéder à la fonction de fréquence cardiaque,Help_HeartRate
comment puis-je vérifier ma fréquence cardiaque ?,Help_HeartRate
quelle est ma fréquence cardiaque ?,Help_HeartRate
où est la fonction cœur dans l'application ?,Help_HeartRate
qu'est-ce que la fréquence cardiaque,Help_HeartRate
aide à la fréquence cardiaque,Help_HeartRate
"je peux prospérer, mesurer ma fréquence cardiaque",Help_HeartRate
où est la fonction cœur ?,Help_HeartRate
où est la fonction de fréquence cardiaque ?,Help_HeartRate
où est la fonction de fréquence cardiaque dans l'application ?,Help_HeartRate
comment mesurer ma fréquence cardiaque ?,Help_HeartRate
guide d'utilisation de la fréquence cardiaque,Help_HeartRate
où est ma fréquence cardiaque,Help_HeartRate
quel est mon niveau de batterie,Cmd.BatteryLevel
combien de batterie reste-t-il,Cmd.BatteryLevel
quel pourcentage de mon aide auditive est facturé,Cmd.BatteryLevel
quel est l'état de mes piles,Cmd.BatteryLevel
quelle est la puissance de ma batterie,Cmd.BatteryLevel
batterie restante,Cmd.BatteryLevel
durée de vie restante de la batterie,Cmd.BatteryLevel
que reste-t-il sur ma batterie,Cmd.BatteryLevel
quelle est la charge de ma batterie,Cmd.BatteryLevel
batterie restante,Cmd.BatteryLevel
combien de puissance ai-je,Cmd.BatteryLevel
combien de temps reste-t-il aux piles des aides auditives,Cmd.BatteryLevel
quelle est la durée de vie de ma batterie ?,Cmd.BatteryLevel
charge restante de la batterie,Cmd.BatteryLevel
niveau de batterie,Cmd.BatteryLevel
dois-je charger ma batterie,Cmd.BatteryLevel
ai-je besoin de nouvelles piles,Cmd.BatteryLevel
est-il temps de recharger mes aides auditives,Cmd.BatteryLevel
combien de batterie me reste-t-il,Cmd.BatteryLevel
combien de batterie ai-je,Cmd.BatteryLevel
aider à transcrire,Help_Transcribe
aide-moi à transcrire,Help_Transcribe
est-ce que la transcription sauvegarde mes conversations ?,Help_Transcribe
vais-je entendre ce qui est transcrit ?,Help_Transcribe
où puis-je voir les mots prononcés en temps réel ?,Help_Transcribe
comment transcrire mes mots ?,Help_Transcribe
montre-moi transcrire le guide de l'utilisateur,Help_Transcribe
aide-moi à transcrire,Help_Transcribe
où puis-je voir les mots que quelqu'un dit ?,Help_Transcribe
comment utiliser la fonction de transcription ?,Help_Transcribe
montre-moi le guide d'utilisation de la transcription,Help_Transcribe
comment fonctionne la transcription ?,Help_Transcribe
qu'est-ce que prospérer transcrire,Help_Transcribe
aide pour transcrire,Help_Transcribe
aide pour la synthèse vocale,Help_Transcribe
qu'est-ce que transcrire,Help_Transcribe
à quoi sert la transcription,Help_Transcribe
où est la transcription,Help_Transcribe
où est la fonction de transcription ?,Help_Transcribe
montre-moi le guide d'utilisation pour transcrire,Help_Transcribe
Aide à la transcription des aides auditives,Help_Transcribe
aide à la transcription,Help_Transcribe
y a-t-il une fonction de sous-titrage ?,Help_Transcribe
où est la fonction de sous-titrage ?,Help_Transcribe
aide à la synthèse vocale,Help_Transcribe
montre-moi de l'aide pour la transcription,Help_Transcribe
comment transcrire,Help_Transcribe
comment utiliser la transcription,Help_Transcribe
où puis-je trouver la fonction de transcription,Help_Transcribe
comment insérer des aides auditives dans mes oreilles ?,Help_InsertDevice
dois-je mettre l'aide auditive gauche derrière mon oreille ?,Help_InsertDevice
est-il possible d'enfoncer le moule en profondeur ?,Help_InsertDevice
comment retirer l'aide auditive gauche ?,Help_InsertDevice
à quoi ressemble l’aide auditive lorsqu’elle est dans mon oreille ?,Help_InsertDevice
comment insérer mon aide auditive ?,Help_InsertDevice
montre-moi comment mettre mon appareil auditif,Help_InsertDevice
comment insérer mes aides auditives droites dans mes oreilles ?,Help_InsertDevice
comment mettre cette aide auditive ?,Help_InsertDevice
est-il possible d'enfoncer profondément l'aide auditive ?,Help_InsertDevice
Comment puis-je mettre cette bonne aide auditive ?,Help_InsertDevice
puis-je mettre la bonne aide auditive derrière mon oreille ?,Help_InsertDevice
pourquoi mon aide auditive ne ressemble-t-elle pas à celle de la vidéo ?,Help_InsertDevice
comment retirer les aides auditives ?,Help_InsertDevice
existe-t-il une vidéo montrant comment mettre mes aides auditives,Help_InsertDevice
est-ce que je mets l'embout en premier,Help_InsertDevice
je n'arrive pas à mettre mon appareil auditif,Help_InsertDevice
Comment mettre cette aide auditive gauche ?,Help_InsertDevice
dois-je mettre l'aide auditive derrière mon oreille ?,Help_InsertDevice
Mon aide auditive doit-elle ressembler à celle de la vidéo ?,Help_InsertDevice
existe-t-il une vidéo expliquant comment insérer des aides auditives dans mes oreilles ?,Help_InsertDevice
est-il possible de pousser l'aide auditive loin ?,Help_InsertDevice
je n'arrive pas à mettre mon appareil auditif,Help_InsertDevice
pourquoi mon aide auditive n’a-t-elle pas le même aspect ?,Help_InsertDevice
montre-moi comment insérer des appareils auditifs dans mes oreilles.,Help_InsertDevice
est-il possible de pousser le moule loin ?,Help_InsertDevice
aide-moi avec cet assistant,Help_VoiceAssistant
puis-je utiliser assistant Thrive sans mon téléphone ?,Help_VoiceAssistant
montre-moi l'aide de l'assistant vocal,Help_VoiceAssistant
comment puis-je utiliser ma voix pour contrôler mon épanouissement,Help_VoiceAssistant
comment accéder à l'assistant vocal ?,Help_VoiceAssistant
comment utiliser assistant Thrive,Help_VoiceAssistant
comment utiliser l'assistant vocal,Help_VoiceAssistant
qu'est-ce que assistant Thrive,Help_VoiceAssistant
Guide d'utilisation de assistant Thrive,Help_VoiceAssistant
qu'est-ce que l'assistant virtuel ?,Help_VoiceAssistant
aide-moi avec l'assistant vocal,Help_VoiceAssistant
où puis-je trouver le assistant Thrive ?,Help_VoiceAssistant
comment puis-je utiliser ma voix pour parler et m'épanouir,Help_VoiceAssistant
où est l'assistant virtuel ?,Help_VoiceAssistant
comment accéder à l'assistant virtuel ?,Help_VoiceAssistant
que puis-je demander à assistant Thrive ?,Help_VoiceAssistant
comment utiliser l'assistant vocal,Help_VoiceAssistant
montre-moi l'aide de assistant Thrive,Help_VoiceAssistant
comment fonctionne l'assistant virtuel ?,Help_VoiceAssistant
qu'est-ce que l'assistant vocal,Help_VoiceAssistant
comment fonctionne l'assistant vocal ?,Help_VoiceAssistant
peux-tu m'aider avec l'assistant vocal,Help_VoiceAssistant
puis-je contrôler mon aide auditive en parlant simplement,Help_VoiceAssistant
comment puis-je utiliser ma voix pour faire des choses,Help_VoiceAssistant
comment puis-je demander à s'épanouir pour faire des choses pour moi,Help_VoiceAssistant
Aide assistant Thrive,Help_VoiceAssistant
couper le volume de mon aide auditive droite,Cmd.VolumeMute
éteindre le volume,Cmd.VolumeMute
aide au volume à droite,Cmd.VolumeMute
volume coupé aide gauche,Cmd.VolumeMute
éteindre le volume,Cmd.VolumeMute
aides auditives muettes,Cmd.VolumeMute
volume coupé,Cmd.VolumeMute
couper les aides,Cmd.VolumeMute
silence,Cmd.VolumeMute
coupe le son,Cmd.VolumeMute
éteindre mon aide auditive gauche,Cmd.VolumeMute
rendre mon aide auditive silencieuse,Cmd.VolumeMute
rendre mes aides auditives silencieuses,Cmd.VolumeMute
couper le volume de mon aide auditive,Cmd.VolumeMute
couper le son sur les aides auditives,Cmd.VolumeMute
couper le son des aides auditives,Cmd.VolumeMute
éteint mon aide auditive gauche,Cmd.VolumeMute
éteindre mon aide auditive droite,Cmd.VolumeMute
éteindre le volume de mon aide auditive gauche,Cmd.VolumeMute
muet activé,Cmd.VolumeMute
le son est coupé,Cmd.VolumeMute
volume coupé,Cmd.VolumeMute
muet,Cmd.VolumeMute
désactiver mes aides auditives,Cmd.VolumeMute
couper mes aides auditives,Cmd.VolumeMute
couper mes aides auditives,Cmd.VolumeMute
éteindre le son,Cmd.VolumeMute
j'ai une accumulation de cire,Help_CleanCare
comment puis-je me débarrasser de la cire dans mes aides auditives,Help_CleanCare
comment puis-je me débarrasser de l'accumulation de cire,Help_CleanCare
accumulation de cire,Help_CleanCare
comment puis-je me débarrasser de la cire dans mon aide auditive,Help_CleanCare
comment enlever la cire,Help_CleanCare
comment nettoyer mes aides auditives,Help_CleanCare
Ai-je besoin d'outils spéciaux pour nettoyer mon aide auditive ?,Help_CleanCare
comment laver les aides auditives,Help_CleanCare
outils spéciaux nécessaires pour nettoyer les aides auditives,Help_CleanCare
comment nettoyer les aides auditives,Help_CleanCare
comment nettoyer mon aide auditive itc ?,Help_CleanCare
peut-on utiliser du savon pour nettoyer les aides auditives ?,Help_CleanCare
comment nettoyer mon aide auditive ric ?,Help_CleanCare
comment nettoyer mon aide auditive ?,Help_CleanCare
quoi utiliser pour nettoyer mes aides auditives ?,Help_CleanCare
de quoi ai-je besoin pour nettoyer mon aide auditive ?,Help_CleanCare
l'eau est-elle acceptable pour nettoyer mes aides auditives ?,Help_CleanCare
puis-je utiliser de l'eau pour nettoyer mon aide auditive ?,Help_CleanCare
comment nettoyer mes aides auditives ric ?,Help_CleanCare
comment nettoyer mes aides auditives itc ?,Help_CleanCare
puis-je utiliser du savon pour nettoyer mes aides auditives ?,Help_CleanCare
de quels outils ai-je besoin pour nettoyer mes aides auditives ?,Help_CleanCare
terminer mon dernier rappel,reminders.complete
dernier rappel effectué.,reminders.complete
rappel complet,reminders.complete
terminez ce rappel.,reminders.complete
rappel terminé.,reminders.complete
marquer mon dernier rappel comme terminé,reminders.complete
terminer le rappel.,reminders.complete
dernier rappel complété.,reminders.complete
terminer mon rappel.,reminders.complete
dernier rappel terminé.,reminders.complete
ce rappel est terminé,reminders.complete
rappel complet.,reminders.complete
rappel effectué.,reminders.complete
compléter mon rappel.,reminders.complete
marquer le dernier rappel comme terminé,reminders.complete
rappel terminé.,reminders.complete
complétez ce rappel.,reminders.complete
commence à écrire ça pour moi,Cmd.TranscribeStart
commencer à transcrire,Cmd.TranscribeStart
commencer l'enregistrement,Cmd.TranscribeStart
commencer la transcription,Cmd.TranscribeStart
enregistrer cette réunion,Cmd.TranscribeStart
enregistrer cette conversation,Cmd.TranscribeStart
commencer à transcrire,Cmd.TranscribeStart
commencer l'enregistrement,Cmd.TranscribeStart
transcrire cette conversation,Cmd.TranscribeStart
ouvrir la transcription,Cmd.TranscribeStart
arrêter l'enregistrement,Cmd.TranscribeStart
transcription ouverte,Cmd.TranscribeStart
commence à enregistrer pour moi,Cmd.TranscribeStart
combien de calories ai-je consommé en courant ?,Cmd.ActivityRun
combien de calories ai-je brûlé en faisant du jogging,Cmd.ActivityRun
calories en cours d'exécution,Cmd.ActivityRun
calories en faisant du jogging,Cmd.ActivityRun
calories courantes,Cmd.ActivityRun
combien de calories ai-je brûlé en courant ?,Cmd.ActivityRun
montre-moi mon objectif de jogging,Cmd.ActivityRun
ai-je atteint mon objectif de course à pied ?,Cmd.ActivityRun
combien de course ai-je fait ce mois-ci ?,Cmd.ActivityRun
combien de course ai-je fait cette semaine ?,Cmd.ActivityRun
jusqu'où ai-je couru ?,Cmd.ActivityRun
combien de temps dois-je encore courir aujourd'hui ?,Cmd.ActivityRun
ça fait longtemps que je fais du jogging ?,Cmd.ActivityRun
ai-je atteint mon objectif de jogging ?,Cmd.ActivityRun
jusqu'où ai-je couru ?,Cmd.ActivityRun
est-ce que j'ai couru pendant une heure ?,Cmd.ActivityRun
suis-je proche de mon objectif de course à pied ?,Cmd.ActivityRun
depuis combien de minutes ai-je fait du jogging ?,Cmd.ActivityRun
montre-moi mon objectif de course,Cmd.ActivityRun
jusqu'où ai-je couru ?,Cmd.ActivityRun
combien de minutes ai-je couru ?,Cmd.ActivityRun
combien de minutes ai-je fait du jogging ?,Cmd.ActivityRun
quel est mon décompte pour le mois ?,Cmd.ActivityRun
quelles sont mes minutes de course pour la semaine ?,Cmd.ActivityRun
depuis combien de temps je cours ?,Cmd.ActivityRun
qu'est-ce que le mode masque ?,Help_MaskMode
le mode masque va-t-il m'aider,Help_MaskMode
comment accéder au mode masque ?,Help_MaskMode
résoudre les problèmes de masque facial,Help_MaskMode
comment résoudre les problèmes de masque,Help_MaskMode
aider les problèmes de masques,Help_MaskMode
comment désactiver le mode masque ?,Help_MaskMode
qu'est-ce que le mode masque,Help_MaskMode
comment activer le mode masque ?,Help_MaskMode
comment désactiver le mode masque ?,Help_MaskMode
comment désactiver le mode masque,Help_MaskMode
comment activer le mode masque ?,Help_MaskMode
comment activer le mode masque,Help_MaskMode
comment activer le mode masque ?,Help_MaskMode
comment désactiver le mode masque ?,Help_MaskMode
comment puis-je baisser le volume dans une seule aide auditive ?,Help_Volume
comment puis-je diminuer le volume,Help_Volume
comment puis-je diminuer le volume sonore avec la bonne aide ?,Help_Volume
comment régler le volume de mes aides auditives ?,Help_Volume
quel est le volume de mon aide auditive descend automatiquement à zéro,Help_Volume
comment changer le volume de mes aides auditives ?,Help_Volume
comment puis-je augmenter le volume avec la bonne aide ?,Help_Volume
Comment puis-je augmenter le volume uniquement sur l'aide auditive gauche ?,Help_Volume
comment puis-je changer le volume des aides auditives ?,Help_Volume
comment puis-je modifier le volume de mes aides auditives ?,Help_Volume
comment réactiver le son ?,Help_Volume
aide avec les changements de volume dans mes aides auditives,Help_Volume
comment baisser le volume de l'aide ?,Help_Volume
aide avec les changements de volume dans mes aides auditives,Help_Volume
comment puis-je augmenter le volume uniquement sur le côté gauche ?,Help_Volume
comment puis-je augmenter le volume d'une seule aide ?,Help_Volume
Comment puis-je baisser le volume d'une seule aide auditive ?,Help_Volume
comment puis-je couper le son ?,Help_Volume
comment puis-je baisser le volume de mon aide auditive ?,Help_Volume
comment puis-je augmenter le volume,Help_Volume
aide avec les changements de volume sur mes aides auditives,Help_Volume
comment puis-je réinitialiser le volume de mon aide auditive ?,Help_Volume
comment réactiver le volume ?,Help_Volume
comment réinitialiser le volume des aides auditives ?,Help_Volume
comment réactiver le son ?,Help_Volume
comment augmenter le volume de mon aide auditive gauche ?,Help_Volume
comment puis-je changer le volume uniquement sur l'aide gauche ?,Help_Volume
comment baisser le volume des aides auditives ?,Help_Volume
comment changer le volume de l'aide ?,Help_Volume
comment régler le volume uniquement sur l'aide gauche ?,Help_Volume
comment puis-je régler le volume sur la bonne aide ?,Help_Volume
Comment puis-je augmenter le volume sonore avec la bonne aide auditive ?,Help_Volume
pourquoi ne puis-je pas facilement activer le son sur mon application pour aide auditive,Help_Volume
peux-tu m'aider à changer mon volume,Help_Volume
comment réactiver l'aide auditive gauche ?,Help_Volume
comment puis-je changer mon volume,Help_Volume
comment diminuer le volume des aides auditives ?,Help_Volume
comment augmenter le volume de l'aide auditive ?,Help_Volume
comment régler le volume de mon aide auditive,Help_Volume
comment baisser le volume de mon aide auditive ?,Help_Volume
comment puis-je couper le son ?,Help_Volume
aide avec les réglages du volume de mes aides auditives,Help_Volume
comment augmenter le volume de l'aide auditive gauche ?,Help_Volume
comment augmenter le volume dans l'aide gauche ?,Help_Volume
comment puis-je augmenter le volume de mes aides auditives ?,Help_Volume
comment puis-je diminuer le volume dans une seule aide auditive ?,Help_Volume
comment augmenter le volume,Help_Volume
comment puis-je éteindre mes aides auditives,Help_Volume
comment puis-je baisser le volume ?,Help_Volume
comment changer le volume de mes aides auditives ?,Help_Volume
comment réinitialiser le volume de l'aide auditive ?,Help_Volume
comment puis-je baisser le volume de mon aide auditive ?,Help_Volume
comment puis-je augmenter le volume dans une seule aide auditive ?,Help_Volume
comment régler le volume des aides auditives ?,Help_Volume
Comment régler le volume uniquement sur l'aide auditive gauche ?,Help_Volume
comment puis-je augmenter le volume de mon aide auditive ?,Help_Volume
comment régler le volume ?,Help_Volume
Comment puis-je augmenter le volume uniquement dans l'aide auditive gauche ?,Help_Volume
comment régler le volume de mes aides auditives ?,Help_Volume
comment puis-je baisser le volume de mon aide auditive ?,Help_Volume
comment réinitialiser le volume de l'aide ?,Help_Volume
comment puis-je diminuer le volume uniquement sur le côté gauche ?,Help_Volume
comment puis-je régler le volume de l'aide ?,Help_Volume
comment baisser le volume des aides auditives ?,Help_Volume
comment puis-je désactiver mon aide auditive droite ?,Help_Volume
comment réactiver l'aide auditive ?,Help_Volume
comment revenir à mon volume par défaut ?,Help_Volume
pourquoi le volume de mon aide auditive tombe-t-il à néant,Help_Volume
comment régler le volume sur une seule aide ?,Help_Volume
comment réactiver mes aides auditives ?,Help_Volume
comment régler le volume sur une seule aide auditive ?,Help_Volume
comment puis-je changer le volume de l'aide ?,Help_Volume
comment puis-je baisser le volume des aides auditives ?,Help_Volume
comment puis-je régler le volume sur une seule aide ?,Help_Volume
comment puis-je régler mon volume dans Thrive,Help_Volume
comment puis-je augmenter le volume de mes aides auditives ?,Help_Volume
comment éteindre mes aides auditives ?,Help_Volume
aide avec les changements de volume sur mon aide auditive,Help_Volume
comment baisser le volume,Help_Volume
comment puis-je augmenter le volume,Help_Volume
quel est mon contrôle de volume,Help_Volume
comment puis-je changer le volume ?,Help_Volume
comment diminuer le volume des aides auditives ?,Help_Volume
comment puis-je désactiver les aides auditives ?,Help_Volume
quel est le contrôle du volume,Help_Volume
pourquoi je n'entends aucun son,Help_Volume
aide avec le réglage du volume de mon aide auditive,Help_Volume
comment baisser le volume sur une seule aide ?,Help_Volume
comment puis-je désactiver l'aide ?,Help_Volume
Comment puis-je augmenter le volume de la bonne aide auditive ?,Help_Volume
puis-je utiliser le téléphone pour vérifier le volume de mes aides auditives,Help_Volume
comment puis-je augmenter le volume des aides auditives ?,Help_Volume
comment augmenter le volume de mes aides auditives ?,Help_Volume
comment baisser le volume d'un seul côté ?,Help_Volume
comment augmenter le volume de mes aides auditives ?,Help_Volume
comment régler le volume des aides auditives ?,Help_Volume
comment augmenter le volume de mes aides auditives,Help_Volume
écouter mon message vocal.,Cmd.ListenMessage
puis-je écouter mon message ?,Cmd.ListenMessage
jouer le message que j'ai reçu.,Cmd.ListenMessage
laisse-moi l'entendre.,Cmd.ListenMessage
laisse-moi écouter mon message.,Cmd.ListenMessage
jouer le dernier.,Cmd.ListenMessage
s'il vous plaît écoutez mon message.,Cmd.ListenMessage
écouter le dernier message vocal.,Cmd.ListenMessage
entendre le dernier message.,Cmd.ListenMessage
je veux entendre mon message.,Cmd.ListenMessage
jouer mon dernier enregistrement.,Cmd.ListenMessage
écoutez-le à nouveau.,Cmd.ListenMessage
écoute encore.,Cmd.ListenMessage
écoutez-le.,Cmd.ListenMessage
rejouez-le.,Cmd.ListenMessage
écouter le dernier message audio.,Cmd.ListenMessage
puis-je entendre mon dernier message ?,Cmd.ListenMessage
jouer le dernier push-to-talk.,Cmd.ListenMessage
écouter mon message audio.,Cmd.ListenMessage
rejouer mon message.,Cmd.ListenMessage
peux-tu rejouer mon message ?,Cmd.ListenMessage
écouter le dernier message,Cmd.ListenMessage
écoute mon dernier message,Cmd.ListenMessage
lire le message,Cmd.ListenMessage
écoute mon message,Cmd.ListenMessage
comment puis-je dissocier mon streamer TV ?,Help_Accessories
comment puis-je démarrer la diffusion à partir du micro distant ?,Help_Accessories
comment puis-je faire diffuser mon appareil auditif droit,Help_Accessories
comment supprimer l'accessoire ?,Help_Accessories
aide avec le flux,Help_Accessories
comment utiliser mon aide auditive avec un accessoire ?,Help_Accessories
comment puis-je démarrer le streaming depuis mon streamer TV ?,Help_Accessories
comment régler le volume de la télévision ?,Help_Accessories
comment régler le volume de mon accessoire ?,Help_Accessories
puis-je changer le nom de mon micro distant ?,Help_Accessories
montre-moi un guide d'aide pour mes accessoires,Help_Accessories
comment puis-je dissocier le micro distant ?,Help_Accessories
comment puis-je éteindre le volume de la télévision,Help_Accessories
comment changer le volume de mon micro distant ?,Help_Accessories
puis-je changer le nom du micro distant ?,Help_Accessories
comment supprimer le micro distant ?,Help_Accessories
comment utiliser mes aides auditives avec un accessoire,Help_Accessories
comment puis-je vérifier quels accessoires j'ai associés à mon aide auditive ?,Help_Accessories
comment puis-je vérifier quels accessoires j'ai associés à mes aides auditives ?,Help_Accessories
montre-moi le manuel d'utilisation de mon accessoire,Help_Accessories
aide avec le streamer TV,Help_Accessories
comment ajouter des accessoires à mon application ?,Help_Accessories
comment supprimer mon streamer TV ?,Help_Accessories
comment puis-je changer le nom du streamer TV ?,Help_Accessories
comment puis-je démarrer le streaming à partir des accessoires ?,Help_Accessories
comment puis-je arrêter de diffuser depuis mes accessoires ?,Help_Accessories
comment puis-je démarrer le streaming à partir de l'accessoire ?,Help_Accessories
comment puis-je associer mon accessoire ?,Help_Accessories
comment changer le volume des accessoires ?,Help_Accessories
flux d'aide,Help_Accessories
comment puis-je changer le volume de mon streamer TV ?,Help_Accessories
comment puis-je arrêter la diffusion depuis mon streamer TV ?,Help_Accessories
comment puis-je vérifier quels accessoires j'ai connectés à mes aides auditives ?,Help_Accessories
comment puis-je arrêter la diffusion depuis mon micro distant ?,Help_Accessories
comment puis-je dissocier le streamer TV ?,Help_Accessories
comment changer le volume de mon accessoire ?,Help_Accessories
puis-je changer le nom de l'accessoire ?,Help_Accessories
comment puis-je vérifier quels accessoires j'ai connectés à mon aide auditive ?,Help_Accessories
comment utiliser les accessoires avec mes aides auditives,Help_Accessories
comment supprimer des accessoires de mon application ?,Help_Accessories
comment changer le volume du micro distant ?,Help_Accessories
quels accessoires ai-je ?,Help_Accessories
comment puis-je démarrer la diffusion à partir du streamer TV ?,Help_Accessories
montre-moi de l'aide pour mes accessoires,Help_Accessories
comment supprimer des accessoires de mon application ?,Help_Accessories
comment changer le nom de mon streamer TV ?,Help_Accessories
puis-je changer le nom du streamer TV ?,Help_Accessories
puis-je changer le nom de mon accessoire ?,Help_Accessories
comment changer le volume de l'accessoire ?,Help_Accessories
comment régler le son de la télévision ?,Help_Accessories
comment renommer les accessoires dans l'application ?,Help_Accessories
comment régler le volume de mes accessoires ?,Help_Accessories
comment changer le volume de mes accessoires ?,Help_Accessories
comment utiliser les accessoires avec mon aide auditive,Help_Accessories
comment utiliser mon aide auditive avec un accessoire ?,Help_Accessories
comment puis-je dissocier mon micro distant ?,Help_Accessories
aide avec le micro à distance,Help_Accessories
comment supprimer le streamer TV ?,Help_Accessories
comment puis-je arrêter la diffusion depuis le micro distant ?,Help_Accessories
comment régler le volume de mon micro distant ?,Help_Accessories
comment puis-je vérifier quels accessoires j'ai couplés à mes aides auditives ?,Help_Accessories
comment puis-je arrêter la diffusion à partir de l'accessoire ?,Help_Accessories
comment augmenter le son de la télévision ?,Help_Accessories
puis-je changer le nom de mon streamer TV ?,Help_Accessories
comment renommer mes accessoires ?,Help_Accessories
comment puis-je dissocier mon accessoire ?,Help_Accessories
comment puis-je diffuser mes aides auditives en continu,Help_Accessories
comment puis-je vérifier quels accessoires j'ai connectés à mon aide auditive ?,Help_Accessories
aide avec les accessoires,Help_Accessories
comment puis-je obtenir mon aide auditive appropriée pour diffuser,Help_Accessories
comment puis-je arrêter de diffuser depuis mon accessoire ?,Help_Accessories
comment puis-je démarrer la diffusion depuis mon micro distant ?,Help_Accessories
comment utiliser mes aides auditives avec un accessoire ?,Help_Accessories
comment puis-je vérifier quels accessoires j'ai associés ?,Help_Accessories
comment puis-je démarrer le streaming depuis mon accessoire ?,Help_Accessories
comment changer le nom de l'accessoire ?,Help_Accessories
comment puis-je faire en sorte que mon appareil auditif diffuse du streaming,Help_Accessories
comment utiliser mon aide auditive avec un accessoire,Help_Accessories
comment puis-je diffuser mon aide auditive gauche,Help_Accessories
comment puis-je dissocier l'accessoire ?,Help_Accessories
comment changer le nom du micro distant ?,Help_Accessories
comment puis-je changer le volume du streamer TV ?,Help_Accessories
comment régler le volume de mon streamer TV ?,Help_Accessories
comment puis-je arrêter le streaming depuis les accessoires ?,Help_Accessories
comment changer le nom de mon accessoire ?,Help_Accessories
comment changer le nom de mon micro distant ?,Help_Accessories
comment puis-je vérifier quels accessoires j'ai couplés à mon aide auditive ?,Help_Accessories
comment puis-je arrêter la diffusion à partir du streamer TV ?,Help_Accessories
"Syracuse, une mauvaise maison",Default Fallback Intent
je dois recevoir un message texte à Boston,Default Fallback Intent
Cendres en cendres tombent toutes,Default Fallback Intent
quand commence l'automne,Default Fallback Intent
quelle est la différence entre la confiture et la gelée,Default Fallback Intent
qu'est-ce qui a causé la chute de Rome,Default Fallback Intent
pourquoi Rome est-elle tombée,Default Fallback Intent
que sont les options d'achat d'actions,Default Fallback Intent
Quelles sont les options de croisière fluviale aux États-Unis (1),Default Fallback Intent
batterie de voiture électrique,Default Fallback Intent
batterie de voiture,Default Fallback Intent
comment puis-je me débarrasser d'un corps,Default Fallback Intent
quel est l'impact sur l'environnement d'une batterie électrique pour véhicule,Default Fallback Intent
qu'en est-il de l'impact de l'extraction des matériaux pour ces batteries,Default Fallback Intent
j'aimerais connaître la vitesse moyenne d'une hirondelle sans charge,Default Fallback Intent
que pensez-vous du retrait de Joe Biden de la course,Default Fallback Intent
New Delhi,Default Fallback Intent
je suis à Butterbrodt New Delhi,Default Fallback Intent
quoi de neuf dans le monde aujourd'hui,Default Fallback Intent
où puis-je faire vérifier mon audition,Default Fallback Intent
comment faire du chili,Default Fallback Intent
comment puis-je faire,Default Fallback Intent
comment faire du poulet,Default Fallback Intent
comment puis-je,Default Fallback Intent
comment faire des œufs,Default Fallback Intent
comment faire des lasagnes,Default Fallback Intent
comment faire un sandwich au thon,Default Fallback Intent
comment faire une omelette,Default Fallback Intent
"les filles font ça, je veux aller en Italie",Default Fallback Intent
"c'est vrai, c'est la meilleure façon de commencer",Default Fallback Intent
que dois-je faire quand j'y suis,Default Fallback Intent
que dois-je voir quand j'y suis,Default Fallback Intent
à quelle fréquence quelqu'un devrait-il faire de l'exercice chaque semaine,Default Fallback Intent
IA générative,Default Fallback Intent
qu'est-ce que l'IA générative,Default Fallback Intent
et comment pensez-vous que nous pouvons résoudre ce problème,Default Fallback Intent
comment savoir si j'ai besoin d'appareils auditifs,Default Fallback Intent
chaque jour est passionnant,Default Fallback Intent
rien que je puisse partager publiquement,Default Fallback Intent
comment tu fais,Default Fallback Intent
comment attacher mes chaussures,Default Fallback Intent
peux-tu être plus précis,Default Fallback Intent
j'aimerais savoir à quelle distance se trouve la lune,Default Fallback Intent
À quelle heure ouvre le parc des chutes ?,Default Fallback Intent
"raconte-moi une blague, j'ai besoin d'être réconforté",Default Fallback Intent
devrais-je lui dire ce que je ressens,Default Fallback Intent
quelle est ma position,Default Fallback Intent
créer une démo avec vos capacités,Default Fallback Intent
écris-moi un exemple,Default Fallback Intent
écris-moi un exemple de carte de sympathie,Default Fallback Intent
tournez votre,Default Fallback Intent
je me souviens de tout ce qui a pris,Default Fallback Intent
jouer à Hank Williams Junior,Default Fallback Intent
"c'est différent, ils sont tous les deux différents",Default Fallback Intent
pourquoi mon cœur Mahira Anaise Bagri ne fonctionne-t-il pas,Default Fallback Intent
comment réparer sa télé ?,Default Fallback Intent
L’équipe de réadaptation après une commotion cérébrale travaille en collaboration à la conception et à la mise en œuvre d’un programme de traitement,Default Fallback Intent
quand est le jour du souvenir,Default Fallback Intent
suis-je assez proche de la voiture,Default Fallback Intent
je vérifie que tu es connecté,Default Fallback Intent
salut Jeannie TV Sanders. c'est l'iris. c'est tout.,Default Fallback Intent
demande à ma maison,Default Fallback Intent
comment puis-je accéder aux maillots de bain,Default Fallback Intent
"bonjour, juste une aide auditive le volume sur mes aides auditives. au revoir. au revoir.",Default Fallback Intent
148 $ ajoutés à votre chèque de sécurité sociale chaque mois,Default Fallback Intent
regarde à distance,Default Fallback Intent
le téléphone Samsung Galaxy sera-t-il bientôt disponible ?,Default Fallback Intent
emplois de professeur assistant,Default Fallback Intent
cette Jena est plus pleine. peux-tu essayer de remplir le formulaire aussi ?,Default Fallback Intent
lire le dernier message texte,Default Fallback Intent
peux-tu appeler mon contact,Default Fallback Intent
quel est le problème,Default Fallback Intent
qu'est-ce que tu fais,Default Fallback Intent
"recherchez le fil sud, ce fil ici, allez n'importe où avec cette façon pour le moment",Default Fallback Intent
ils essaient de réduire la température en ce moment,Default Fallback Intent
Alerte âme David,Default Fallback Intent
où est le simba,Default Fallback Intent
"salut Maggie, prête à téléphoner.",Default Fallback Intent
peux-tu mettre mon téléphone sur Chris à la maison,Default Fallback Intent
réinitialiser,Default Fallback Intent
microphone,Default Fallback Intent
comment puis-je transformer mon audition en une chanson.,Default Fallback Intent
fleuriste hors écran,Default Fallback Intent
l'écran d'Amazon est sombre,Default Fallback Intent
"nous avons cherché du soulagement, tu peux y aller",Default Fallback Intent
téléphone téléphone téléphone téléphone téléphone,Default Fallback Intent
aide auditive animée,Default Fallback Intent
le temps dehors aujourd'hui,Default Fallback Intent
ne fais pas de bruit pendant une minute,Default Fallback Intent
obtenir des clients exactement avec un réseau sans fil gratuit.,Default Fallback Intent
ne peut que se connecter,Default Fallback Intent
comment épeler machine,Default Fallback Intent
Mavis par des appareils auditifs stupides,Default Fallback Intent
comment empêcher Pandora de jouer avec mes aides auditives,Default Fallback Intent
est l'application du son,Default Fallback Intent
où puis-je trouver le bouton muet,Default Fallback Intent
puisque tu reviens très bientôt,Default Fallback Intent
Samedi,Default Fallback Intent
"caution alpha, encore une fois. gonfler à Rio.",Default Fallback Intent
éteindre Toshiba,Default Fallback Intent
rien de mal avec moi,Default Fallback Intent
vendredi,Default Fallback Intent
"je ne me souviens pas, je ne me souviens pas que c'était un si gros poisson",Default Fallback Intent
"pour nous, les hits numéro un",Default Fallback Intent
éteindre la lumière de la cuisine,Default Fallback Intent
"donc ça remonte, ça retourne à la mémoire ou dans",Default Fallback Intent
chaque matin,Default Fallback Intent
j'ai besoin de,Default Fallback Intent
"désolé, je ne t'ai pas embrassé",Default Fallback Intent
éteindre le câble,Default Fallback Intent
magasin emblématique,Default Fallback Intent
essentiellement,Default Fallback Intent
Saab voulait le contrôle,Default Fallback Intent
"Hé, trouve-moi un moyen d'aller au centre commercial White Oaks",Default Fallback Intent
coche-les comme une dame rose,Default Fallback Intent
ajusté avec mon téléphone,Default Fallback Intent
est mon signe,Default Fallback Intent
Comment autorisez-vous quelqu'un d'autre à accéder à la télévision normale,Default Fallback Intent
je les lave de temps en temps,Default Fallback Intent
j'entends la voix,Default Fallback Intent
alors où est Brewster,Default Fallback Intent
allume la première prise,Default Fallback Intent
assemblage lexus à neuf,Default Fallback Intent
Alexa apprend ma voix,Default Fallback Intent
hé google,Default Fallback Intent
que fais-tu pour vérifier l'aventure des enfants,Default Fallback Intent
comment puis-je le configurer pour la stéréo,Default Fallback Intent
rechercher des citoyens,Default Fallback Intent
comment puis-je avoir du céleste,Default Fallback Intent
toute aide pour vous,Default Fallback Intent
lève les yeux très vite pour,Default Fallback Intent
Fisher se branle dans la voiture donc il est dans le placard,Default Fallback Intent
je te verrai alors tu m'aides,Default Fallback Intent
moteurs de recherche,Default Fallback Intent
je veux m'assurer d'avoir également nettoyé mais les filtres Nuflex sont dedans,Default Fallback Intent
pas grave,Default Fallback Intent
rends-le extensible comme ça,Default Fallback Intent
qu'est-ce qu'il y a à la télé ce soir sur la chaîne 3,Default Fallback Intent
éteindre les lumières,Default Fallback Intent
téléphone Android pour écouter Spotify,Default Fallback Intent
je suis debout,Default Fallback Intent
"allume, c'est ma vie",Default Fallback Intent
elle va,Default Fallback Intent
Mercredi,Default Fallback Intent
Siri,Default Fallback Intent
activez la réponse en appuyant deux fois sur j'ai dormi ici.,Default Fallback Intent
faire demi-tour,Default Fallback Intent
allumer les lumières,Default Fallback Intent
téléphone,Default Fallback Intent
qu'est-ce que le plus petit État de Nouvelle-Zélande,Default Fallback Intent
les ajustements ne l'ont pas entendu au bureau mais je suis là-bas,Default Fallback Intent
ne me dis pas que c'est le problème,Default Fallback Intent
combien de temps ça fait mal pour les aides auditives dans mes oreilles,Default Fallback Intent
comment puis-je savoir quelle heure il est,Default Fallback Intent
je me souviens que je suis venu ici et,Default Fallback Intent
j'ai vu certains modèles et ils perdent,Default Fallback Intent
comment tout fonctionne pour nous,Default Fallback Intent
ce programme massif pour influencer politiquement les États-Unis,Default Fallback Intent
"en ce qui concerne le nettoyage là-bas, j'y suis allé plutôt bien",Default Fallback Intent
où puis-je trouver des petites boîtes de conserve à vendre,Default Fallback Intent
je suis là. c'est dans 7 jours. ils vont être jumelés à nouveau. au revoir.,Default Fallback Intent
qu'est-ce qui ne marche pas,Default Fallback Intent
en seulement 3 minutes pour fournir,Default Fallback Intent
où puis-je trouver l'activité cérébrale,Default Fallback Intent
l'ordinateur éteint la lampe de Dylan,Default Fallback Intent
montre-moi des bols de nourriture pour toi,Default Fallback Intent
quotidiennement,Default Fallback Intent
veuillez appeler le programme de karaté,Default Fallback Intent
allumer la lumière.,Default Fallback Intent
comment puis-je mettre la musique de ma radio,Default Fallback Intent
donc elle en avait assez quand je rentre à la maison,Default Fallback Intent
travail côté s&s,Default Fallback Intent
numéro de banque à la voiture,Default Fallback Intent
mais leurs homologues des morceaux de tissus blancs,Default Fallback Intent
c'était un contact spécialisé 800-3334.,Default Fallback Intent
je pourrais être en congé ou quelque chose à propos de partir.,Default Fallback Intent
que s'est-il passé ?,Default Fallback Intent
Salat quelqu'un est aspect,Default Fallback Intent
appuyez sur et puis vous voyez comme un restaurant où vous êtes sûr que vous pouvez le régler sur un mode différent pour que vous puissiez mieux entendre,Default Fallback Intent
le score du match des jumeaux du Minnesota,Default Fallback Intent
suicide à propos d'un autre substitut,Default Fallback Intent
Shelley mon téléphone,Default Fallback Intent
allumer la ps4,Default Fallback Intent
tout comme Siri,Default Fallback Intent
où puis-je trouver des vidéos pour les instructions sur l'aide auditive,Default Fallback Intent
pierre jésus pin ou,Default Fallback Intent
je parie que vous êtes ceux qui parlent de 7h à 11h,Default Fallback Intent
Riley est un manager connecté à Scott.,Default Fallback Intent
"l'enfant appuie très vite sur le bouton du haut et le laisse aller, le volume monte",Default Fallback Intent
"Elsa Texas, hein",Default Fallback Intent
fais-moi savoir que tu es debout,Default Fallback Intent
où est le bus rapide,Default Fallback Intent
quel est le téléphone le plus cher,Default Fallback Intent
phrases avec plus,Default Fallback Intent
je suis presque sûr que c'est le mien mais je ne peux pas le mettre maintenant,Default Fallback Intent
quand Samsung sortira-t-il le prochain téléphone Galaxy,Default Fallback Intent
jette-le par terre,Default Fallback Intent
agence de mannequins,Default Fallback Intent
je viens de trouver celui de Duncan,Default Fallback Intent
puis-je changer les piles en pêche s'il vous plaît,Default Fallback Intent
allonge-toi ici,Default Fallback Intent
quelles sont mes journées de travail,Default Fallback Intent
tu as besoin d'aide,Default Fallback Intent
"Chelsea, au moins tu essaies",Default Fallback Intent
"et j'ai vraiment hâte de ne plus avoir à porter le masque, c'est sûr",Default Fallback Intent
"J'ai eu ces gars gratuits qui balancent le trac, l'un d'entre eux",Default Fallback Intent
découvrir la révélation,Default Fallback Intent
j'aimerais pouvoir me réveiller,Default Fallback Intent
c'est celui qui a des problèmes avec,Default Fallback Intent
ils continuent à faire ça,Default Fallback Intent
quelqu'un d'un motel à Boise,Default Fallback Intent
"d'une certaine manière, c'est parce que j'enlève en quelque sorte le",Default Fallback Intent
"c'était décourageant et puis j'ai trouvé l'équilibre de la nature, c'est juste une évidence depuis que je me sens bien",Default Fallback Intent
pandore,Default Fallback Intent
il vient de le changer,Default Fallback Intent
de quel type de batterie de voiture ai-je besoin,Default Fallback Intent
c'est occupé de naître,Default Fallback Intent
mais je veux voir,Default Fallback Intent
ton permis sur mon portable,Default Fallback Intent
j'ai dit autre programme,Default Fallback Intent
rappelez-vous comment le faire,Default Fallback Intent
Alexa éteint la lumière du porche,Default Fallback Intent
bonjour reçu avec votre nouveau solde en bas et c'est tout.,Default Fallback Intent
secoue-le,Default Fallback Intent
revenir aux paramètres initiaux,Default Fallback Intent
pas de télécommande TV dans l'application Fry,Default Fallback Intent
souriez alors nous allons y aller,Default Fallback Intent
épeler le mot machine,Default Fallback Intent
quelqu'un de savoureux suce des raisons,Default Fallback Intent
le signe de la scène,Default Fallback Intent
lundi,Default Fallback Intent
annuel,Default Fallback Intent
des appareils auditifs à chaque fois que ce stupide téléphone sonne,Default Fallback Intent
maintenant ça fait du bruit,Default Fallback Intent
fais une pause et reviens,Default Fallback Intent
saucisses après avoir utilisé ma position,Default Fallback Intent
cuire des côtes de porc sur le barbecue,Default Fallback Intent
première machine à laver,Default Fallback Intent
"et si la taille est une petite rue latérale, ils ont envoyé une église d'anges",Default Fallback Intent
"il les a oubliés et tu en as besoin, fais-moi savoir si j'ai un après-midi libre, je peux y conduire",Default Fallback Intent
prothèse auditive,Default Fallback Intent
j'ai un téléphone chica si tu peux lui trouver quelque chose de bien,Default Fallback Intent
je marche et ils ne travaillent pas,Default Fallback Intent
Qu'est-ce que vous avez dit,Default Fallback Intent
il est sur le ventre,Default Fallback Intent
ça va être notre petit mec porteur d'anneaux,Default Fallback Intent
nouvel amsterdam,Default Fallback Intent
feu vendredi,Default Fallback Intent
à la maison,Default Fallback Intent
comment connecter mes espions,Default Fallback Intent
c'est plutôt ça,Default Fallback Intent
que puis-je demander ?,Default Fallback Intent
"ça adoucit, c'est forcé vers le bas",Default Fallback Intent
c'est à toi,Default Fallback Intent
je flotte sur la route,Default Fallback Intent
Google,Default Fallback Intent
quand est-ce que le roi et moi jouons,Default Fallback Intent
garde-moi juste que tu cherches,Default Fallback Intent
"change de main, chérie",Default Fallback Intent
téléphoner à un ami,Default Fallback Intent
"Je suis hors de ton téléphone, ok",Default Fallback Intent
quel temps fait-il à Las Vegas aujourd'hui,Default Fallback Intent
"souviens-toi que quand ils déchargent le camion, tu es exaspéré",Default Fallback Intent
"tournez-le pour appuyer sur le bouton des minutes, des meubles là-dedans comme Siri",Default Fallback Intent
jouer à Frank Sinatra,Default Fallback Intent
cela ressemblerait à,Default Fallback Intent
ça te dérange à propos de l'ajustement,Default Fallback Intent
éteindre le moteur,Default Fallback Intent
je parle de ma fille,Default Fallback Intent
Mardi,Default Fallback Intent
vis dans ton oreille s'il y a un fil,Default Fallback Intent
"change, regarde-la",Default Fallback Intent
comment puis-je planifier un,Default Fallback Intent
je dois programmer un nouveau tampon sur mon téléphone,Default Fallback Intent
il faisait noir dans le magasin,Default Fallback Intent
bière du verger en colère,Default Fallback Intent
il n'y a vraiment pas,Default Fallback Intent
ou mettre un ménage de 6 mois,Default Fallback Intent
quel est le score de mes amis ?,Default Fallback Intent
comment les ajuster,Default Fallback Intent
éteindre les prises de source,Default Fallback Intent
voyez comment il se déplace tout au long.,Default Fallback Intent
trouver ma chanson,Default Fallback Intent
modifier les plaques métalliques tempête de myrtle beach,Default Fallback Intent
connexion Sony Nikon,Default Fallback Intent
Wendy a appuyé deux fois dessus et n'a pas fonctionné,Default Fallback Intent
combien de temps faut-il pour s'adapter à cette sensation d'aide auditive dans mon oreille,Default Fallback Intent
le dispositif de levage ne s'enregistre pas,Default Fallback Intent
paroles,Default Fallback Intent
et c'est un signe de guerre,Default Fallback Intent
c'est un bruit de pet très décevant,Default Fallback Intent
distance du new jersey,Default Fallback Intent
que dois-je faire pour obtenir mon droit,Default Fallback Intent
juste sur,Default Fallback Intent
tu veux que je dise que je t'aime,Default Fallback Intent
"désolé pour ça, ok, j'ai compris",Default Fallback Intent
score du jeu des jumeaux,Default Fallback Intent
cote exclusive de 30 contre 1,Default Fallback Intent
merci pour mon enfant quand j'étais petite avec un grand-père qui m'a appris le cœur de mon visage,Default Fallback Intent
328 chutes de cèdres,Default Fallback Intent
peux-tu te concentrer sur ton sommeil ?,Default Fallback Intent
"s'il te plaît, montre-moi où diminuer l'arrière-plan",Default Fallback Intent
c'est juste que tu n'as pas touché le sol mais je vais le vérifier,Default Fallback Intent
"hé spec, bonjour bon cœur de statistiques. je n'ai pas eu cette couverture. mais le carton qui pendait à l'automne.",Default Fallback Intent
descendre,Default Fallback Intent
"j'ai tout oublié du look, merci de me l'avoir rappelé",Default Fallback Intent
j'ai un récepteur de jeu sur PC,Default Fallback Intent
l'exposition sur l'innovation auditive est un événement mondial organisé par Starkey Hearing Technologies,Default Fallback Intent
quel est le meilleur téléphone,Default Fallback Intent
"j'aurais aimé que tu sois avec moi, il y a tellement de monde sur leur John's Pass que tu ne trouves pas de place de parking",Default Fallback Intent
"je veux progresser, ouais, je le ferai",Default Fallback Intent
mon téléphone est-il un téléphone Android ?,Default Fallback Intent
"emmène-nous voir, oublions-le, nous sommes dans la voiture et le bruit des drones coûtera cher si je les ai dans les bruits de la route également amplifiés",Default Fallback Intent
les vents d'ouest le font exploser,Default Fallback Intent
nouvel œdème,Default Fallback Intent
peux-tu composer,Default Fallback Intent
"arrête d'écouter, pose-toi une question, s'il te plaît",Default Fallback Intent
et poussez-le vers le bas pour le drame,Default Fallback Intent
parfois c'est bien de prendre un jour de congé,Default Fallback Intent
comment éteindre mes phares,Default Fallback Intent
"je ne sais pas ce que tu fais, il me manque un autre",Default Fallback Intent
pourquoi les aides auditives ne le feront pas ?,Default Fallback Intent
"audience provinciale, j'attends de voir comment puis-je vous aider",Default Fallback Intent
activer le Wi-Fi,Default Fallback Intent
ouvre-le,Default Fallback Intent
merci d'avoir changé,Default Fallback Intent
seulement si ce n'est pas un problème pour cdl,Default Fallback Intent
fermez-la,Default Fallback Intent
"Hey Google, allume les lampes principales",Default Fallback Intent
je ne trouve pas Bose,Default Fallback Intent
je n'entends rien,Default Fallback Intent
emplacement soudainement,Default Fallback Intent
réglé trop serré,Default Fallback Intent
recherche genèse,Default Fallback Intent
quand la nouvelle garantie,Default Fallback Intent
quel était le score des indiens,Default Fallback Intent
"Au bureau nord-coréen, les connards s'en vont d'ici.",Default Fallback Intent
éteindre l'alarme,Default Fallback Intent
comment épelez-vous garder mon micro,Default Fallback Intent
j'ai reçu une tonne de recommandations entièrement sans fil,Default Fallback Intent
Va te faire foutre,Default Fallback Intent
bon pas vu beaucoup de liquide de ce côté là,Default Fallback Intent
comment nettoyer un sujet comment faire,Default Fallback Intent
comment tourner ma gauche Terry un bronzage,Default Fallback Intent
au téléphone avec pt ptt,Default Fallback Intent
machine à coudre,Default Fallback Intent
je ne crie pas assez fort,Default Fallback Intent
je ne peux pas mentir,Default Fallback Intent
rabaisser mon amie Sharon Dell un personnel vérifier ta musique des autres définitions seulement trouver,Default Fallback Intent
où es-tu allé,Default Fallback Intent
comment mapper un emplacement sur une carte,Default Fallback Intent
direction du son,Default Fallback Intent
j'avais perdu 17 000 $ plus tôt dans la journée,Default Fallback Intent
quel temps fait-il à san francisco aujourd'hui,Default Fallback Intent
quelqu'un était censé m'appeler et je ne le fais jamais,Default Fallback Intent
vidéos YouTube,Default Fallback Intent
quel est mon niveau d'appareils auditifs,Default Fallback Intent
comment brancher ma montre,Default Fallback Intent
quel est le score du jeu,Default Fallback Intent
clôture à Notre Dame Score hier,Default Fallback Intent
wow c'est un numéro intense et intense,Default Fallback Intent
"et voici mon cœur, il est plus proche de toi",Default Fallback Intent
salsa à ma gauche,Default Fallback Intent
pourquoi mon aide auditive gauche,Default Fallback Intent
récepteur onkyo,Default Fallback Intent
changement d'adresse,Default Fallback Intent
je me demande si je l'ai mis ici quelque part,Default Fallback Intent
quoi de neuf,Default Fallback Intent
Alexa,Default Fallback Intent
agresser des appareils auditifs à un cousin,Default Fallback Intent
sizzlers initié par cham appuyez ici pour les informer que vous avez reçu cette commande,Default Fallback Intent
vous savez où ils ont le chèque que nous devons déplacer pour y mettre. C'est très bien.,Default Fallback Intent
les éléments de la liste ne fonctionnent pas,Default Fallback Intent
pourquoi mon application Drive ne fonctionne-t-elle pas ?,Default Fallback Intent
peux-tu écouter de la musique,Default Fallback Intent
je vais les appeler et voir s'ils veulent que j'envoie cet énorme,Default Fallback Intent
quel temps fait-il aujourd'hui,Default Fallback Intent
applications que vous connaissez,Default Fallback Intent
appareils auditifs,Default Fallback Intent
je n'entends même pas ça,Default Fallback Intent
tourner,Default Fallback Intent
épeler le restaurant,Default Fallback Intent
j'ai dit que je vais me taire,Default Fallback Intent
je viens juste de m'enrouler dans tes oreilles,Default Fallback Intent
devez-vous d'abord faire,Default Fallback Intent
ok micro,Default Fallback Intent
douce voiture,Default Fallback Intent
"hé, Mark, d'accord.",Default Fallback Intent
comment puis-je régler,Default Fallback Intent
"ouais, j'ai été mis à jour.",Default Fallback Intent
peut se détacher,Default Fallback Intent
attendez,Default Fallback Intent
j'abandonne,Default Fallback Intent
les hommes de l'ombre sur une planète sombre,Default Fallback Intent
"flux, musique youtube.",Default Fallback Intent
combien de temps durent les aides auditives,Default Fallback Intent
moi aussi je ne peux pas César,Default Fallback Intent
parfait comment ça va avec toi,Default Fallback Intent
produit particulier que vous vouliez vérifier spécifiquement,Default Fallback Intent
"joue, je le porte",Default Fallback Intent
Alex bon Manassé. d'accord. je te reverrai au bureau ici.,Default Fallback Intent
tous les paramètres du pré-programme changent une fois modifiés,Default Fallback Intent
elle reste avec mon téléphone,Default Fallback Intent
médias trouvez-nous partout où vous obtenez votre podcast,Default Fallback Intent
restaurant près de chez moi,Default Fallback Intent
c'est un week-end. dites à tout le monde comment les jolies mutuelles personnalisent votre assurance auto.,Default Fallback Intent
comment puis-je connecter Alexa,Default Fallback Intent
comment puis-je vérifier mon radiateur pour voir s'il fonctionne,Default Fallback Intent
entrée audio du téléphone,Default Fallback Intent
l'aide auditive gauche,Default Fallback Intent
suggérez que si vous avez été vacciné,Default Fallback Intent
le micro,Default Fallback Intent
montre-moi le jury,Default Fallback Intent
à gauche à gauche,Default Fallback Intent
complètement,Default Fallback Intent
"dr. Il s'agit d'une augmentation de 74 % par rapport à février de l'année dernière. oui, les équipes cyclistes ne parlent toujours pas de crise.",Default Fallback Intent
j'ai besoin d'une batterie de voiture,Default Fallback Intent
aide-moi à trouver un papier,Default Fallback Intent
dans une bonne journée,Default Fallback Intent
ce que vous pouvez enregistrer,Default Fallback Intent
comment puis-je réparer mon,Default Fallback Intent
"et maintenant, ce qui se passe, c'est s'il est en mode streaming parce qu'il attend que vous posiez une question",Default Fallback Intent
"sur ta comptabilité, tout est de mon côté donc",Default Fallback Intent
mon aide auditive droite est à 0%,Default Fallback Intent
pourquoi l'un de vos sons est-il plus fort que l'autre,Default Fallback Intent
tu peux toujours ajouter,Default Fallback Intent
dimanche,Default Fallback Intent
je te laisserai dormir,Default Fallback Intent
pour que ton audition,Default Fallback Intent
comment puis-je utiliser,Default Fallback Intent
donc voici vos aides auditives,Default Fallback Intent
"ça n'arrête pas d'apparaître, s'il te plaît, écoute, écoute, écoute",Default Fallback Intent
quelle heure est-il à Hong Kong,Default Fallback Intent
dawsonville rapide,Default Fallback Intent
comment puis-je configurer la télévision,Default Fallback Intent
éteindre le corps,Default Fallback Intent
barre de son,Default Fallback Intent
"je me dis juste oh, c'est donc là le problème.",Default Fallback Intent
mensuel,Default Fallback Intent
aide fédérale à la hauteur de mon énergie,Default Fallback Intent
mes oreilles transpirent,Default Fallback Intent
bottes adidas femme,Default Fallback Intent
je n'entends pas le,Default Fallback Intent
est-ce que j'ai l'air bien,Default Fallback Intent
"mais ils vivent ici, je me souviens quand Jerry me l'a dit",Default Fallback Intent
qu'est-ce qui ne va pas,Default Fallback Intent
quelle est la différence entre un iPhone et un téléphone Android,Default Fallback Intent
Nombres,Default Fallback Intent
éteindre la télé,Default Fallback Intent
où puis-je acheter un téléphone,Default Fallback Intent
est-ce que vous travaillez à domicile maintenant ou êtes-vous dans un bureau,Default Fallback Intent
vos besoins sont coupés.,Default Fallback Intent
ce dont j'ai besoin pour réentendre la question,Default Fallback Intent
Comment puis-je aller à,Default Fallback Intent
"ouais, enlève juste un peu, ouais",Default Fallback Intent
score des braves,Default Fallback Intent
qui a la meilleure cuisine chinoise à Sioux Falls,Default Fallback Intent
comment puis-je retirer un éclat,Default Fallback Intent
je suis intéressé par ma localisation,Default Fallback Intent
quand commencent les jeux olympiques,Default Fallback Intent
Debony se connecte,Default Fallback Intent
les frais d'électricité ne sont-ils pas similaires à ceux de l'essence,Default Fallback Intent
pourquoi devrais-je m'inquiéter des directives sanitaires,Default Fallback Intent
qui est le ministère de l'Intérieur de l'Inde,Default Fallback Intent
message de tonnerre,Default Fallback Intent
quel genre de choses amusantes y a-t-il à faire au Minnesota,Default Fallback Intent
qui est le ministre de l'Intérieur de l'Inde,Default Fallback Intent
prendre du lipitor,Default Fallback Intent
texte lévitar,Default Fallback Intent
quelles autres choses amusantes à faire à Baltimore,Default Fallback Intent
au moment où le silence de l'académie Khan,Default Fallback Intent
"ajoutez-en un de plus à cela, à quoi cela équivaut-il",Default Fallback Intent
pourquoi devrais-je manger,Default Fallback Intent
pourquoi devrais-je visiter caca,Default Fallback Intent
retourner à un niveau élevé,Default Fallback Intent
parle-moi de la langue anglaise,Default Fallback Intent
parle-moi de la langue amharique,Default Fallback Intent
quel est le cycle de vie d'une aide auditive rechargeable,Default Fallback Intent
comment installer une porte de garage,Default Fallback Intent
et je pense que c'est censé fonctionner,Default Fallback Intent
va en enfer,Default Fallback Intent
rédiger un programme d'institut de recherche,Default Fallback Intent
Suite de programmation informatique Raichu sur la recherche binaire,Default Fallback Intent
bon code rapide de recherche binaire,Default Fallback Intent
droite,Default Fallback Intent
écrire un programme dans switch,Default Fallback Intent
"salut, je ne le sais pas",Default Fallback Intent
où se trouve l'Italie,Default Fallback Intent
quelles sont les options de restauration au club-house,Default Fallback Intent
comment démarre un créateur de tornade,Default Fallback Intent
localiser le terrain de golf le plus proche,Default Fallback Intent
localiser le parc le plus proche,Default Fallback Intent
localiser ma femme,Default Fallback Intent
localiser un restaurant,Default Fallback Intent
situer,Default Fallback Intent
trouver un bowling à proximité,Default Fallback Intent
qu'est-ce que le aides auditives,Default Fallback Intent
comment puis-je me détendre à la maison,Default Fallback Intent
qu'est-ce que les aides auditives Starkey,Default Fallback Intent
où est le courant,Default Fallback Intent
comment puis-je y aller,Default Fallback Intent
ek divas jam pour envoyer de l'argent,Default Fallback Intent
puis-je visiter Taiwan,Default Fallback Intent
combien de calories à vélo,Cmd.ActivityCycle
combien de calories ai-je brûlé en faisant du vélo,Cmd.ActivityCycle
combien de calories ai-je consommé en faisant du vélo,Cmd.ActivityCycle
calories vélo,Cmd.ActivityCycle
quel est mon objectif à vélo ?,Cmd.ActivityCycle
ai-je atteint mon objectif de vélo ?,Cmd.ActivityCycle
depuis combien de temps je fais du vélo,Cmd.ActivityCycle
combien de minutes ai-je fait du vélo,Cmd.ActivityCycle
combien de minutes ai-je fait du vélo ?,Cmd.ActivityCycle
depuis combien de temps je fais du vélo.,Cmd.ActivityCycle
combien de vélo ai-je fait ce mois-ci ?,Cmd.ActivityCycle
quelles sont mes minutes de vélo pour la semaine ?,Cmd.ActivityCycle
quel est mon objectif à vélo ?,Cmd.ActivityCycle
ai-je fait du vélo pendant une heure ?,Cmd.ActivityCycle
quel est mon nombre de vélos pour le mois ?,Cmd.ActivityCycle
depuis combien de temps je roule ?,Cmd.ActivityCycle
montre-moi mon objectif à vélo,Cmd.ActivityCycle
quelle distance dois-je parcourir pour atteindre mon objectif ?,Cmd.ActivityCycle
jusqu'où ai-je parcouru du vélo ?,Cmd.ActivityCycle
depuis combien de temps je fais du vélo,Cmd.ActivityCycle
combien de vélo ai-je fait cette semaine ?,Cmd.ActivityCycle
suis-je proche de mon objectif cycliste ?,Cmd.ActivityCycle
activer mon programme pour le restaurant,Cmd.MemoryChange
activer le programme de restaurant,Cmd.MemoryChange
changer pour en tester un,Cmd.MemoryChange
changer de mémoire pour en tester une,Cmd.MemoryChange
changer les aides auditives pour la voiture,Cmd.MemoryChange
mettre des appareils auditifs dans un auditorium,Cmd.MemoryChange
aller dehors,Cmd.MemoryChange
aller au perso,Cmd.MemoryChange
aller au restaurant,Cmd.MemoryChange
aller à la réunion,Cmd.MemoryChange
mémoire de masque,Cmd.MemoryChange
mode masque,Cmd.MemoryChange
passer au masque,Cmd.MemoryChange
changer de masque,Cmd.MemoryChange
réglage du masque,Cmd.MemoryChange
programme de masques,Cmd.MemoryChange
définir le programme sur masque,Cmd.MemoryChange
définir la mémoire sur masque,Cmd.MemoryChange
passer du programme au masque,Cmd.MemoryChange
changer la mémoire en masque,Cmd.MemoryChange
changer de programme en masque,Cmd.MemoryChange
réglé sur le programme de masque,Cmd.MemoryChange
passer au programme de masque,Cmd.MemoryChange
passer à la mémoire de masque,Cmd.MemoryChange
passer à la mémoire du mode masque,Cmd.MemoryChange
passer en mode masque,Cmd.MemoryChange
changer la mémoire en masque,Cmd.MemoryChange
changement dans la mémoire personnelle,Cmd.MemoryChange
changement dans la mémoire du restaurant,Cmd.MemoryChange
passer à la mémoire extérieure,Cmd.MemoryChange
passer à la mémoire de la réunion,Cmd.MemoryChange
passer à la mémoire de la foule,Cmd.MemoryChange
changer la mémoire de la voiture,Cmd.MemoryChange
modification de la mémoire de l'auditorium,Cmd.MemoryChange
passer à la mémoire musicale,Cmd.MemoryChange
changement dans la mémoire du téléviseur,Cmd.MemoryChange
passer à la mémoire muette,Cmd.MemoryChange
modifier la mémoire du téléphone,Cmd.MemoryChange
passer à la mémoire automatique,Cmd.MemoryChange
changement dans la mémoire quotidienne,Cmd.MemoryChange
changer la mémoire du golf,Cmd.MemoryChange
changer la mémoire du gymnase,Cmd.MemoryChange
passer à la mémoire personnelle,Cmd.MemoryChange
passer à la mémoire de la cuisine,Cmd.MemoryChange
passer à la mémoire principale,Cmd.MemoryChange
passer à la mémoire de bruit,Cmd.MemoryChange
changement dans la mémoire du bureau,Cmd.MemoryChange
passer à la mémoire du pub,Cmd.MemoryChange
passer à la mémoire silencieuse,Cmd.MemoryChange
changement dans la mémoire de l'école,Cmd.MemoryChange
modification de la mémoire vocale,Cmd.MemoryChange
passer à la mémoire du théâtre,Cmd.MemoryChange
passer à la mémoire des acouphènes,Cmd.MemoryChange
changer pour entraîner la mémoire,Cmd.MemoryChange
passer à la mémoire de travail,Cmd.MemoryChange
changer pour adorer la mémoire,Cmd.MemoryChange
passer au programme personnel,Cmd.MemoryChange
changement de programme de restauration,Cmd.MemoryChange
changement au programme extérieur,Cmd.MemoryChange
changement de programme de réunion,Cmd.MemoryChange
changement au programme de foule,Cmd.MemoryChange
changement de programme de voiture,Cmd.MemoryChange
changement au programme de l'auditorium,Cmd.MemoryChange
changement de programme musical,Cmd.MemoryChange
changement de programme de télévision,Cmd.MemoryChange
passer au programme muet,Cmd.MemoryChange
changement de programme téléphonique,Cmd.MemoryChange
passer au programme automatique,Cmd.MemoryChange
changement au programme quotidien,Cmd.MemoryChange
changement de programme de golf,Cmd.MemoryChange
changement de programme de gym,Cmd.MemoryChange
changement de programme à domicile,Cmd.MemoryChange
changement de programme de cuisine,Cmd.MemoryChange
passer au programme maître,Cmd.MemoryChange
changement au programme de bruit,Cmd.MemoryChange
changement de programme bureautique,Cmd.MemoryChange
changement de programme de pub,Cmd.MemoryChange
passer au programme silencieux,Cmd.MemoryChange
changement de programme scolaire,Cmd.MemoryChange
changement de programme vocal,Cmd.MemoryChange
changement de programme de théâtre,Cmd.MemoryChange
passer au programme d'acouphènes,Cmd.MemoryChange
changement de programme de formation,Cmd.MemoryChange
changement de programme de travail,Cmd.MemoryChange
changement de programme de culte,Cmd.MemoryChange
passer à la mémoire personnelle,Cmd.MemoryChange
passer à la mémoire du restaurant,Cmd.MemoryChange
passer à la mémoire extérieure,Cmd.MemoryChange
passer à la mémoire de réunion,Cmd.MemoryChange
passer à la mémoire de la foule,Cmd.MemoryChange
passer à la mémoire de la voiture,Cmd.MemoryChange
passer à la mémoire de l'auditorium,Cmd.MemoryChange
passer à la mémoire musicale,Cmd.MemoryChange
passer à la mémoire du téléviseur,Cmd.MemoryChange
passer à la mémoire muette,Cmd.MemoryChange
passer à la mémoire du téléphone,Cmd.MemoryChange
passer à la mémoire automatique,Cmd.MemoryChange
passer à la mémoire quotidienne,Cmd.MemoryChange
passer à la mémoire de golf,Cmd.MemoryChange
passer à la mémoire du gymnase,Cmd.MemoryChange
passer à la mémoire d'accueil,Cmd.MemoryChange
passer à la mémoire de la cuisine,Cmd.MemoryChange
passer à la mémoire principale,Cmd.MemoryChange
passer à la mémoire de bruit,Cmd.MemoryChange
passer à la mémoire de bureau,Cmd.MemoryChange
passer à la mémoire du pub,Cmd.MemoryChange
passer à la mémoire silencieuse,Cmd.MemoryChange
passer à la mémoire scolaire,Cmd.MemoryChange
passer à la mémoire vocale,Cmd.MemoryChange
passer à la mémoire du cinéma,Cmd.MemoryChange
passer à la mémoire des acouphènes,Cmd.MemoryChange
passer à la mémoire d'entraînement,Cmd.MemoryChange
passer à la mémoire de travail,Cmd.MemoryChange
passer à la mémoire d'adoration,Cmd.MemoryChange
passer au programme personnel,Cmd.MemoryChange
passer au programme de restauration,Cmd.MemoryChange
passer au programme extérieur,Cmd.MemoryChange
passer au programme de réunion,Cmd.MemoryChange
passer au programme de foule,Cmd.MemoryChange
passer au programme automobile,Cmd.MemoryChange
passer au programme de l'auditorium,Cmd.MemoryChange
passer au programme musical,Cmd.MemoryChange
passer au programme de télévision,Cmd.MemoryChange
passer au programme muet,Cmd.MemoryChange
passer au programme téléphonique,Cmd.MemoryChange
passer au programme automatique,Cmd.MemoryChange
passer au programme quotidien,Cmd.MemoryChange
passer au programme de golf,Cmd.MemoryChange
passer au programme de gym,Cmd.MemoryChange
passer au programme maison,Cmd.MemoryChange
passer au programme cuisine,Cmd.MemoryChange
passer au programme maître,Cmd.MemoryChange
passer au programme de bruit,Cmd.MemoryChange
passer au programme bureautique,Cmd.MemoryChange
passer au programme de pub,Cmd.MemoryChange
passer au programme silencieux,Cmd.MemoryChange
passer au programme scolaire,Cmd.MemoryChange
passer au programme vocal,Cmd.MemoryChange
passer au programme de théâtre,Cmd.MemoryChange
passer au programme acouphènes,Cmd.MemoryChange
passer au programme de formation,Cmd.MemoryChange
passer au programme de travail,Cmd.MemoryChange
passer au programme de culte,Cmd.MemoryChange
réglé sur la mémoire personnelle,Cmd.MemoryChange
réglé sur la mémoire du restaurant,Cmd.MemoryChange
réglé sur la mémoire extérieure,Cmd.MemoryChange
défini sur la mémoire de la réunion,Cmd.MemoryChange
réglé sur la mémoire collective,Cmd.MemoryChange
réglé sur la mémoire de la voiture,Cmd.MemoryChange
réglé sur la mémoire de l'auditorium,Cmd.MemoryChange
réglé sur la mémoire musicale,Cmd.MemoryChange
réglé sur la mémoire du téléviseur,Cmd.MemoryChange
réglé pour désactiver la mémoire,Cmd.MemoryChange
mis dans la mémoire du téléphone,Cmd.MemoryChange
mis en mémoire automatique,Cmd.MemoryChange
réglé sur la mémoire quotidienne,Cmd.MemoryChange
réglé sur la mémoire de golf,Cmd.MemoryChange
réglé sur la mémoire du gymnase,Cmd.MemoryChange
réglé sur la mémoire principale,Cmd.MemoryChange
réglé sur la mémoire de la cuisine,Cmd.MemoryChange
réglé sur la mémoire principale,Cmd.MemoryChange
réglé sur la mémoire de bruit,Cmd.MemoryChange
réglé sur la mémoire du bureau,Cmd.MemoryChange
réglé sur la mémoire du pub,Cmd.MemoryChange
réglé sur mémoire silencieuse,Cmd.MemoryChange
réglé sur la mémoire de l'école,Cmd.MemoryChange
réglé sur la mémoire vocale,Cmd.MemoryChange
réglé sur la mémoire du théâtre,Cmd.MemoryChange
réglé sur la mémoire des acouphènes,Cmd.MemoryChange
configuré pour entraîner la mémoire,Cmd.MemoryChange
réglé sur la mémoire de travail,Cmd.MemoryChange
prêt à adorer la mémoire,Cmd.MemoryChange
réglé sur programme personnel,Cmd.MemoryChange
réglé sur le programme du restaurant,Cmd.MemoryChange
réglé sur le programme extérieur,Cmd.MemoryChange
réglé sur le programme de la réunion,Cmd.MemoryChange
réglé sur le programme de foule,Cmd.MemoryChange
réglé sur le programme de voiture,Cmd.MemoryChange
réglé sur le programme de l'auditorium,Cmd.MemoryChange
réglé sur un programme musical,Cmd.MemoryChange
réglé sur un programme de télévision,Cmd.MemoryChange
réglé pour désactiver le programme,Cmd.MemoryChange
réglé sur le programme téléphonique,Cmd.MemoryChange
réglé sur programme automatique,Cmd.MemoryChange
réglé sur le programme quotidien,Cmd.MemoryChange
réglé sur le programme de golf,Cmd.MemoryChange
réglé sur le programme de gym,Cmd.MemoryChange
réglé sur le programme domestique,Cmd.MemoryChange
réglé sur le programme de cuisine,Cmd.MemoryChange
réglé sur programme maître,Cmd.MemoryChange
réglé sur le programme de bruit,Cmd.MemoryChange
réglé sur le programme bureautique,Cmd.MemoryChange
réglé sur le programme de pub,Cmd.MemoryChange
réglé sur programme silencieux,Cmd.MemoryChange
réglé sur le programme scolaire,Cmd.MemoryChange
réglé sur le programme vocal,Cmd.MemoryChange
réglé sur le programme de théâtre,Cmd.MemoryChange
réglé sur le programme d'acouphènes,Cmd.MemoryChange
programme d'entraînement,Cmd.MemoryChange
se mettre au programme de travail,Cmd.MemoryChange
mis au programme de culte,Cmd.MemoryChange
changer la mémoire en personnelle,Cmd.MemoryChange
changer la mémoire en restaurant,Cmd.MemoryChange
changer la mémoire en extérieur,Cmd.MemoryChange
changer de mémoire en réunion,Cmd.MemoryChange
changer la mémoire en foule,Cmd.MemoryChange
changer la mémoire en voiture,Cmd.MemoryChange
changer la mémoire en auditorium,Cmd.MemoryChange
changer la mémoire en musique,Cmd.MemoryChange
changer de mémoire pour la télévision,Cmd.MemoryChange
changer la mémoire pour couper le son,Cmd.MemoryChange
changer la mémoire pour le téléphone,Cmd.MemoryChange
changer la mémoire en automatique,Cmd.MemoryChange
changer la mémoire en tous les jours,Cmd.MemoryChange
changer de mémoire en golf,Cmd.MemoryChange
changer la mémoire en salle de sport,Cmd.MemoryChange
changer la mémoire en maison,Cmd.MemoryChange
changer la mémoire en cuisine,Cmd.MemoryChange
changer la mémoire en maître,Cmd.MemoryChange
changer la mémoire en bruit,Cmd.MemoryChange
changer la mémoire au bureau,Cmd.MemoryChange
changer la mémoire en pub,Cmd.MemoryChange
changer la mémoire en mode silencieux,Cmd.MemoryChange
changer la mémoire à l'école,Cmd.MemoryChange
changer la mémoire en parole,Cmd.MemoryChange
changer la mémoire en théâtre,Cmd.MemoryChange
changer la mémoire en acouphènes,Cmd.MemoryChange
changer de mémoire pour s'entraîner,Cmd.MemoryChange
changer la mémoire pour travailler,Cmd.MemoryChange
changer la mémoire en adoration,Cmd.MemoryChange
changer le programme en personnel,Cmd.MemoryChange
changer de programme en restaurant,Cmd.MemoryChange
changer de programme pour l'extérieur,Cmd.MemoryChange
changer de programme en réunion,Cmd.MemoryChange
changer de programme pour foule,Cmd.MemoryChange
changer de programme pour voiture,Cmd.MemoryChange
changer de programme en auditorium,Cmd.MemoryChange
changer de programme en musique,Cmd.MemoryChange
changer de programme pour la télévision,Cmd.MemoryChange
changer de programme pour mettre en sourdine,Cmd.MemoryChange
changer de programme pour téléphoner,Cmd.MemoryChange
changer le programme en automatique,Cmd.MemoryChange
changer le programme pour tous les jours,Cmd.MemoryChange
changer de programme pour le golf,Cmd.MemoryChange
changer de programme en salle de sport,Cmd.MemoryChange
changer de programme pour aller à la maison,Cmd.MemoryChange
changer le programme en cuisine,Cmd.MemoryChange
changer de programme en master,Cmd.MemoryChange
changer de programme en bruit,Cmd.MemoryChange
changer de programme en bureau,Cmd.MemoryChange
changer de programme en pub,Cmd.MemoryChange
changer le programme en mode silencieux,Cmd.MemoryChange
changer de programme pour l'école,Cmd.MemoryChange
changer le programme en discours,Cmd.MemoryChange
changer de programme en théâtre,Cmd.MemoryChange
changer de programme pour acouphènes,Cmd.MemoryChange
changer de programme pour s'entraîner,Cmd.MemoryChange
changer de programme pour travailler,Cmd.MemoryChange
changer de programme pour adorer,Cmd.MemoryChange
passer la mémoire à personnelle,Cmd.MemoryChange
passer la mémoire au restaurant,Cmd.MemoryChange
passer la mémoire à l'extérieur,Cmd.MemoryChange
passer de la mémoire à la réunion,Cmd.MemoryChange
passer la mémoire à la foule,Cmd.MemoryChange
passer la mémoire à la voiture,Cmd.MemoryChange
basculer la mémoire vers l'auditorium,Cmd.MemoryChange
passer la mémoire à la musique,Cmd.MemoryChange
passer la mémoire à la télévision,Cmd.MemoryChange
mettre la mémoire en sourdine,Cmd.MemoryChange
passer la mémoire au téléphone,Cmd.MemoryChange
passer la mémoire en automatique,Cmd.MemoryChange
passer la mémoire à tous les jours,Cmd.MemoryChange
passer la mémoire au golf,Cmd.MemoryChange
passer la mémoire à la salle de sport,Cmd.MemoryChange
basculer la mémoire vers la maison,Cmd.MemoryChange
passer la mémoire à la cuisine,Cmd.MemoryChange
passer la mémoire au maître,Cmd.MemoryChange
passer la mémoire au bruit,Cmd.MemoryChange
passer la mémoire au bureau,Cmd.MemoryChange
passer la mémoire au pub,Cmd.MemoryChange
mettre la mémoire en mode silencieux,Cmd.MemoryChange
transférer la mémoire vers l'école,Cmd.MemoryChange
passer de la mémoire à la parole,Cmd.MemoryChange
passer la mémoire au théâtre,Cmd.MemoryChange
passer la mémoire aux acouphènes,Cmd.MemoryChange
changer de mémoire pour s'entraîner,Cmd.MemoryChange
mettre la mémoire au travail,Cmd.MemoryChange
passer de la mémoire à l'adoration,Cmd.MemoryChange
passer du programme au programme personnel,Cmd.MemoryChange
passer du programme au restaurant,Cmd.MemoryChange
passer le programme à l'extérieur,Cmd.MemoryChange
passer du programme à la réunion,Cmd.MemoryChange
changer de programme en foule,Cmd.MemoryChange
passer du programme à la voiture,Cmd.MemoryChange
passer le programme à l'auditorium,Cmd.MemoryChange
passer le programme à la musique,Cmd.MemoryChange
passer le programme à la télévision,Cmd.MemoryChange
mettre le programme en sourdine,Cmd.MemoryChange
passer du programme au téléphone,Cmd.MemoryChange
passer le programme en automatique,Cmd.MemoryChange
passer le programme à tous les jours,Cmd.MemoryChange
passer au golf,Cmd.MemoryChange
changer de programme en salle de sport,Cmd.MemoryChange
passer le programme à la maison,Cmd.MemoryChange
passer le programme à la cuisine,Cmd.MemoryChange
passer le programme au maître,Cmd.MemoryChange
passer le programme au bruit,Cmd.MemoryChange
passer du programme au bureau,Cmd.MemoryChange
passer le programme à Pub,Cmd.MemoryChange
passer le programme en mode silencieux,Cmd.MemoryChange
changer de programme pour l'école,Cmd.MemoryChange
passer le programme à la parole,Cmd.MemoryChange
passer le programme au théâtre,Cmd.MemoryChange
changer de programme pour les acouphènes,Cmd.MemoryChange
changer de programme pour s'entraîner,Cmd.MemoryChange
changer de programme pour fonctionner,Cmd.MemoryChange
changer de programme pour adorer,Cmd.MemoryChange
définir la mémoire sur personnelle,Cmd.MemoryChange
définir la mémoire sur le restaurant,Cmd.MemoryChange
régler la mémoire sur l'extérieur,Cmd.MemoryChange
définir la mémoire sur la réunion,Cmd.MemoryChange
définir la mémoire sur foule,Cmd.MemoryChange
définir la mémoire sur la voiture,Cmd.MemoryChange
définir la mémoire sur l'auditorium,Cmd.MemoryChange
mettre la mémoire en musique,Cmd.MemoryChange
régler la mémoire sur la télévision,Cmd.MemoryChange
mettre la mémoire en sourdine,Cmd.MemoryChange
régler la mémoire sur le téléphone,Cmd.MemoryChange
régler la mémoire sur automatique,Cmd.MemoryChange
régler la mémoire sur tous les jours,Cmd.MemoryChange
mettre la mémoire sur le golf,Cmd.MemoryChange
régler la mémoire sur la salle de sport,Cmd.MemoryChange
définir la mémoire sur la maison,Cmd.MemoryChange
mettre la mémoire sur la cuisine,Cmd.MemoryChange
définir la mémoire sur maître,Cmd.MemoryChange
régler la mémoire sur le bruit,Cmd.MemoryChange
définir la mémoire sur le bureau,Cmd.MemoryChange
définir la mémoire sur pub,Cmd.MemoryChange
régler la mémoire sur silencieux,Cmd.MemoryChange
mettre la mémoire sur l'école,Cmd.MemoryChange
mettre la mémoire sur la parole,Cmd.MemoryChange
régler la mémoire sur le théâtre,Cmd.MemoryChange
régler la mémoire sur les acouphènes,Cmd.MemoryChange
régler la mémoire pour s'entraîner,Cmd.MemoryChange
faire fonctionner la mémoire,Cmd.MemoryChange
mettre la mémoire à adorer,Cmd.MemoryChange
définir le programme sur personnel,Cmd.MemoryChange
définir le programme sur le restaurant,Cmd.MemoryChange
régler le programme sur l'extérieur,Cmd.MemoryChange
définir le programme de la réunion,Cmd.MemoryChange
définir le programme sur foule,Cmd.MemoryChange
définir le programme sur la voiture,Cmd.MemoryChange
définir le programme de l'auditorium,Cmd.MemoryChange
mettre le programme en musique,Cmd.MemoryChange
régler le programme sur la télévision,Cmd.MemoryChange
mettre le programme en sourdine,Cmd.MemoryChange
régler le programme sur téléphone,Cmd.MemoryChange
régler le programme sur automatique,Cmd.MemoryChange
régler le programme sur tous les jours,Cmd.MemoryChange
définir un programme pour le golf,Cmd.MemoryChange
définir le programme sur la salle de sport,Cmd.MemoryChange
définir le programme sur la maison,Cmd.MemoryChange
régler le programme sur la cuisine,Cmd.MemoryChange
définir le programme sur maître,Cmd.MemoryChange
régler le programme sur bruit,Cmd.MemoryChange
définir le programme sur Office,Cmd.MemoryChange
définir le programme sur Pub,Cmd.MemoryChange
régler le programme sur silencieux,Cmd.MemoryChange
définir le programme de l'école,Cmd.MemoryChange
régler le programme sur la parole,Cmd.MemoryChange
régler le programme au théâtre,Cmd.MemoryChange
régler le programme sur les acouphènes,Cmd.MemoryChange
définir un programme pour s'entraîner,Cmd.MemoryChange
faire fonctionner le programme,Cmd.MemoryChange
établir un programme pour adorer,Cmd.MemoryChange
mémoire personnelle,Cmd.MemoryChange
souvenir du restaurant,Cmd.MemoryChange
mémoire en plein air,Cmd.MemoryChange
mémoire de réunion,Cmd.MemoryChange
mémoire de la foule,Cmd.MemoryChange
mémoire de voiture,Cmd.MemoryChange
mémoire de l'auditoire,Cmd.MemoryChange
mémoire musicale,Cmd.MemoryChange
mémoire de télévision,Cmd.MemoryChange
mémoire muette,Cmd.MemoryChange
mémoire du téléphone,Cmd.MemoryChange
mémoire automatique,Cmd.MemoryChange
mémoire quotidienne,Cmd.MemoryChange
mémoire de golf,Cmd.MemoryChange
mémoire de gym,Cmd.MemoryChange
mémoire de la maison,Cmd.MemoryChange
mémoire de cuisine,Cmd.MemoryChange
mémoire principale,Cmd.MemoryChange
mémoire de bruit,Cmd.MemoryChange
mémoire de bureau,Cmd.MemoryChange
mémoire de pub,Cmd.MemoryChange
mémoire tranquille,Cmd.MemoryChange
mémoire d'école,Cmd.MemoryChange
mémoire de la parole,Cmd.MemoryChange
mémoire de théâtre,Cmd.MemoryChange
mémoire des acouphènes,Cmd.MemoryChange
mémoire d'entraînement,Cmd.MemoryChange
mémoire de travail,Cmd.MemoryChange
culte de la mémoire,Cmd.MemoryChange
programme personnel,Cmd.MemoryChange
programme de restauration,Cmd.MemoryChange
programme extérieur,Cmd.MemoryChange
programme de la réunion,Cmd.MemoryChange
programme de foule,Cmd.MemoryChange
programme de voiture,Cmd.MemoryChange
programme de l'auditorium,Cmd.MemoryChange
programme musical,Cmd.MemoryChange
programme de télévision,Cmd.MemoryChange
programme muet,Cmd.MemoryChange
programme téléphonique,Cmd.MemoryChange
programme automatique,Cmd.MemoryChange
programme quotidien,Cmd.MemoryChange
programme de golf,Cmd.MemoryChange
programme de gym,Cmd.MemoryChange
programme à domicile,Cmd.MemoryChange
programme de cuisine,Cmd.MemoryChange
programme de maîtrise,Cmd.MemoryChange
programme de bruit,Cmd.MemoryChange
programme de bureau,Cmd.MemoryChange
programme de pub,Cmd.MemoryChange
programme silencieux,Cmd.MemoryChange
programme scolaire,Cmd.MemoryChange
programme de discours,Cmd.MemoryChange
programme de théâtre,Cmd.MemoryChange
programme acouphènes,Cmd.MemoryChange
programme de formation,Cmd.MemoryChange
programme de travail,Cmd.MemoryChange
programme de culte,Cmd.MemoryChange
cadre personnel,Cmd.MemoryChange
cadre de restaurant,Cmd.MemoryChange
cadre extérieur,Cmd.MemoryChange
cadre de réunion,Cmd.MemoryChange
réglage de la foule,Cmd.MemoryChange
réglage de la voiture,Cmd.MemoryChange
décor d'auditorium,Cmd.MemoryChange
réglage de la musique,Cmd.MemoryChange
réglage de la télévision,Cmd.MemoryChange
réglage muet,Cmd.MemoryChange
réglage du téléphone,Cmd.MemoryChange
réglage automatique,Cmd.MemoryChange
cadre quotidien,Cmd.MemoryChange
cadre de golf,Cmd.MemoryChange
cadre de gym,Cmd.MemoryChange
cadre familial,Cmd.MemoryChange
cadre de cuisine,Cmd.MemoryChange
réglage principal,Cmd.MemoryChange
réglage du bruit,Cmd.MemoryChange
cadre de bureau,Cmd.MemoryChange
cadre de pub,Cmd.MemoryChange
cadre calme,Cmd.MemoryChange
cadre scolaire,Cmd.MemoryChange
réglage de la parole,Cmd.MemoryChange
décor de théâtre,Cmd.MemoryChange
réglage des acouphènes,Cmd.MemoryChange
réglage du train,Cmd.MemoryChange
milieu de travail,Cmd.MemoryChange
cadre de culte,Cmd.MemoryChange
changer en personnel,Cmd.MemoryChange
changer de restaurant,Cmd.MemoryChange
passer à l'extérieur,Cmd.MemoryChange
passer à la réunion,Cmd.MemoryChange
changer en foule,Cmd.MemoryChange
changer de voiture,Cmd.MemoryChange
changement d'auditorium,Cmd.MemoryChange
passer à la musique,Cmd.MemoryChange
passer à la télévision,Cmd.MemoryChange
passer en mode muet,Cmd.MemoryChange
changer de téléphone,Cmd.MemoryChange
passer en automatique,Cmd.MemoryChange
changer pour tous les jours,Cmd.MemoryChange
passer au golf,Cmd.MemoryChange
changer de salle de sport,Cmd.MemoryChange
changer de maison,Cmd.MemoryChange
changer de cuisine,Cmd.MemoryChange
passer au maître,Cmd.MemoryChange
passer au bruit,Cmd.MemoryChange
changement de bureau,Cmd.MemoryChange
changer de pub,Cmd.MemoryChange
passer au silence,Cmd.MemoryChange
changer d'école,Cmd.MemoryChange
changement de discours,Cmd.MemoryChange
passer au théâtre,Cmd.MemoryChange
changement en acouphènes,Cmd.MemoryChange
changer pour s'entraîner,Cmd.MemoryChange
changer pour travailler,Cmd.MemoryChange
changer pour adorer,Cmd.MemoryChange
passer au personnel,Cmd.MemoryChange
passer au restaurant,Cmd.MemoryChange
passer à l'extérieur,Cmd.MemoryChange
passer à la réunion,Cmd.MemoryChange
passer à la foule,Cmd.MemoryChange
passer à la voiture,Cmd.MemoryChange
passer à l'auditorium,Cmd.MemoryChange
passer à la musique,Cmd.MemoryChange
passer à la télévision,Cmd.MemoryChange
passer en sourdine,Cmd.MemoryChange
passer au téléphone,Cmd.MemoryChange
passer en automatique,Cmd.MemoryChange
passer au quotidien,Cmd.MemoryChange
passer au golf,Cmd.MemoryChange
passer à la salle de sport,Cmd.MemoryChange
passer à la maison,Cmd.MemoryChange
passer à la cuisine,Cmd.MemoryChange
passer en maître,Cmd.MemoryChange
passer au bruit,Cmd.MemoryChange
passer au bureau,Cmd.MemoryChange
passer au pub,Cmd.MemoryChange
passer au silence,Cmd.MemoryChange
passer à l'école,Cmd.MemoryChange
passer à la parole,Cmd.MemoryChange
passer au théâtre,Cmd.MemoryChange
passer aux acouphènes,Cmd.MemoryChange
passer au train,Cmd.MemoryChange
passer au travail,Cmd.MemoryChange
passer au culte,Cmd.MemoryChange
passer au programme deux,Cmd.MemoryChange
passer à la mémoire un,Cmd.MemoryChange
passer au programme un,Cmd.MemoryChange
passer à la mémoire deux,Cmd.MemoryChange
modifier les paramètres à trois,Cmd.MemoryChange
passer le programme à quatre,Cmd.MemoryChange
changer la mémoire à trois,Cmd.MemoryChange
changer la mémoire en une,Cmd.MemoryChange
changer le programme en un,Cmd.MemoryChange
changer le paramètre en un,Cmd.MemoryChange
passer la mémoire à une,Cmd.MemoryChange
changer de programme en un,Cmd.MemoryChange
passer le réglage à un,Cmd.MemoryChange
définir la mémoire sur un,Cmd.MemoryChange
régler le programme sur un,Cmd.MemoryChange
définir le paramètre sur un,Cmd.MemoryChange
programme un,Cmd.MemoryChange
mémoire un,Cmd.MemoryChange
en définir un,Cmd.MemoryChange
changer la mémoire en deux,Cmd.MemoryChange
changer le programme en deux,Cmd.MemoryChange
changer le réglage à deux,Cmd.MemoryChange
passer la mémoire à deux,Cmd.MemoryChange
passer le programme à deux,Cmd.MemoryChange
passer le réglage à deux,Cmd.MemoryChange
régler la mémoire sur deux,Cmd.MemoryChange
régler le programme sur deux,Cmd.MemoryChange
régler le paramètre sur deux,Cmd.MemoryChange
programme deux,Cmd.MemoryChange
mémoire deux,Cmd.MemoryChange
réglage de deux,Cmd.MemoryChange
changer le programme en trois,Cmd.MemoryChange
changer le réglage à trois,Cmd.MemoryChange
passer la mémoire à trois,Cmd.MemoryChange
passer le programme à trois,Cmd.MemoryChange
passer le réglage à trois,Cmd.MemoryChange
régler la mémoire sur trois,Cmd.MemoryChange
régler le programme sur trois,Cmd.MemoryChange
régler le paramètre sur trois,Cmd.MemoryChange
programme trois,Cmd.MemoryChange
mémoire trois,Cmd.MemoryChange
réglage trois,Cmd.MemoryChange
changer la mémoire à quatre,Cmd.MemoryChange
changer le programme en quatre,Cmd.MemoryChange
changer le réglage à quatre,Cmd.MemoryChange
passer la mémoire à quatre,Cmd.MemoryChange
passer le réglage à quatre,Cmd.MemoryChange
régler la mémoire sur quatre,Cmd.MemoryChange
régler le programme sur quatre,Cmd.MemoryChange
régler le paramètre sur quatre,Cmd.MemoryChange
programme quatre,Cmd.MemoryChange
mémoire quatre,Cmd.MemoryChange
réglage quatre,Cmd.MemoryChange
passer au programme numéro deux,Cmd.MemoryChange
passer à la mémoire numéro un,Cmd.MemoryChange
passer au programme numéro un,Cmd.MemoryChange
passer à la mémoire numéro deux,Cmd.MemoryChange
modifier les paramètres au numéro trois,Cmd.MemoryChange
passer le programme au numéro quatre,Cmd.MemoryChange
changer la mémoire au numéro trois,Cmd.MemoryChange
changer la mémoire en numéro un,Cmd.MemoryChange
changer de programme pour le numéro un,Cmd.MemoryChange
changer le paramètre en numéro un,Cmd.MemoryChange
passer la mémoire au numéro un,Cmd.MemoryChange
passer le programme au numéro un,Cmd.MemoryChange
passer le réglage au numéro un,Cmd.MemoryChange
mettre la mémoire au numéro un,Cmd.MemoryChange
définir le programme sur le numéro un,Cmd.MemoryChange
définir le paramètre sur le numéro un,Cmd.MemoryChange
programme numéro un,Cmd.MemoryChange
mémoire numéro un,Cmd.MemoryChange
réglage numéro un,Cmd.MemoryChange
changer la mémoire en numéro deux,Cmd.MemoryChange
changer le programme pour le numéro deux,Cmd.MemoryChange
changer le paramètre en numéro deux,Cmd.MemoryChange
passer la mémoire au numéro deux,Cmd.MemoryChange
passer le programme au numéro deux,Cmd.MemoryChange
passer le réglage au numéro deux,Cmd.MemoryChange
régler la mémoire sur le numéro deux,Cmd.MemoryChange
régler le programme sur le numéro deux,Cmd.MemoryChange
régler le paramètre sur le numéro deux,Cmd.MemoryChange
programme numéro deux,Cmd.MemoryChange
mémoire numéro deux,Cmd.MemoryChange
réglage numéro deux,Cmd.MemoryChange
changer le programme pour le numéro trois,Cmd.MemoryChange
changer le paramètre au numéro trois,Cmd.MemoryChange
passer la mémoire au numéro trois,Cmd.MemoryChange
passer le programme au numéro trois,Cmd.MemoryChange
passer le réglage au numéro trois,Cmd.MemoryChange
régler la mémoire sur le numéro trois,Cmd.MemoryChange
régler le programme sur le numéro trois,Cmd.MemoryChange
régler le paramètre sur le numéro trois,Cmd.MemoryChange
programme numéro trois,Cmd.MemoryChange
mémoire numéro trois,Cmd.MemoryChange
réglage numéro trois,Cmd.MemoryChange
changer la mémoire au numéro quatre,Cmd.MemoryChange
changer le programme pour le numéro quatre,Cmd.MemoryChange
changer le paramètre au numéro quatre,Cmd.MemoryChange
passer la mémoire au numéro quatre,Cmd.MemoryChange
passer le réglage au numéro quatre,Cmd.MemoryChange
régler la mémoire sur le numéro quatre,Cmd.MemoryChange
régler le programme sur le numéro quatre,Cmd.MemoryChange
régler le paramètre sur le numéro quatre,Cmd.MemoryChange
programme numéro quatre,Cmd.MemoryChange
mémoire numéro quatre,Cmd.MemoryChange
réglage numéro quatre,Cmd.MemoryChange
"s'il vous plaît, l'alerte de chute ne fonctionne pas",Help_FallAlert
peux-tu tomber en alerte ne fonctionne pas,Help_FallAlert
"s'il vous plaît, aidez-moi à intercepter une alerte de chute",Help_FallAlert
peux-tu m'aider à intercepter une alerte de chute,Help_FallAlert
"s'il vous plaît, aidez-moi, je suis tombé et je ne peux pas me relever",Help_FallAlert
"peux-tu m'aider, je suis tombé et je ne peux pas me relever",Help_FallAlert
peux-tu égarer ton téléphone,Cmd.FindMyPhone
peux-tu perdre ton iPhone,Cmd.FindMyPhone
peux-tu chercher sur iPhone,Cmd.FindMyPhone
s'il te plaît recherche mon téléphone,Cmd.FindMyPhone
peux-tu chercher mon téléphone,Cmd.FindMyPhone
peux-tu récupérer l'iphone,Cmd.FindMyPhone
peux-tu détecter le téléphone,Cmd.FindMyPhone
"s'il te plaît, où est mon téléphone Google",Cmd.FindMyPhone
peux-tu rechercher Android,Cmd.FindMyPhone
"s'il te plaît, trouve mon appareil auditif",Cmd.FindMyPhone
peux-tu trouver mon appareil auditif,Cmd.FindMyPhone
veuillez trouver un téléphone Android,Cmd.FindMyPhone
peux-tu trouver un téléphone Android,Cmd.FindMyPhone
peux-tu chercher le téléphone,Cmd.FindMyPhone
peux-tu trouver un téléphone,Cmd.FindMyPhone
peux-tu téléphoner manquant,Cmd.FindMyPhone
veuillez localiser le téléphone Android,Cmd.FindMyPhone
peux-tu localiser un téléphone Android,Cmd.FindMyPhone
veuillez détecter le téléphone Android,Cmd.FindMyPhone
peux-tu détecter un téléphone Android,Cmd.FindMyPhone
peux-tu détecter l'iphone,Cmd.FindMyPhone
"s'il te plaît, où est mon téléphone",Cmd.FindMyPhone
peux-tu manquer ton iPhone,Cmd.FindMyPhone
"s'il te plaît, où est mon iphone",Cmd.FindMyPhone
peux-tu découvrir le téléphone,Cmd.FindMyPhone
peux-tu trouver un iPhone,Cmd.FindMyPhone
peux-tu localiser le téléphone,Cmd.FindMyPhone
peux-tu localiser l'iphone,Cmd.FindMyPhone
peux-tu perdre ton téléphone,Cmd.FindMyPhone
peux-tu découvrir le téléphone,Cmd.FindMyPhone
"s'il vous plaît, aidez-moi à trouver mon iPhone",Cmd.FindMyPhone
peux-tu m'aider à retrouver mon iphone,Cmd.FindMyPhone
s'il te plaît trouve mon Android,Cmd.FindMyPhone
peux-tu trouver mon Android,Cmd.FindMyPhone
peux-tu détecter le téléphone,Cmd.FindMyPhone
"s'il te plaît, montre-moi où se trouve mon téléphone",Cmd.FindMyPhone
peux-tu me montrer où est mon téléphone,Cmd.FindMyPhone
veuillez découvrir le téléphone Android,Cmd.FindMyPhone
peux-tu découvrir un téléphone Android,Cmd.FindMyPhone
peux-tu découvrir l'iPhone,Cmd.FindMyPhone
peux-tu récupérer le téléphone,Cmd.FindMyPhone
"s'il vous plaît, j'ai perdu mon téléphone Android",Cmd.FindMyPhone
peux-tu perdre ton téléphone Android,Cmd.FindMyPhone
"s'il te plaît, je ne trouve pas mon téléphone Android",Cmd.FindMyPhone
"peux-tu, je ne trouve pas mon téléphone Android",Cmd.FindMyPhone
"s'il te plait, calcul des calories",Cmd.ActivityExercise
peux-tu faire du calcul de calories,Cmd.ActivityExercise
peux-tu calories faire de l'exercice,Cmd.ActivityExercise
peux-tu exercer ton objectif,Cmd.ActivityExercise
"s'il te plaît, montre-moi mon objectif d'exercice",Cmd.ActivityExercise
peux-tu me montrer mon objectif d'exercice,Cmd.ActivityExercise
"s'il vous plaît, ai-je atteint mon objectif d'exercice",Cmd.ActivityExercise
peux-tu avoir atteint mon objectif d'exercice,Cmd.ActivityExercise
"s'il te plaît, détermine ton objectif",Cmd.ActivityExercise
peux-tu établir un objectif,Cmd.ActivityExercise
"s'il vous plaît, augmentez le volume de l'aide auditive",Cmd.VolumeIncrease
peux-tu augmenter le volume de ton aide auditive,Cmd.VolumeIncrease
veuillez augmenter l'aide auditive droite,Cmd.VolumeIncrease
pouvez-vous augmenter la bonne aide auditive,Cmd.VolumeIncrease
"s'il te plaît, fais-le plus fort",Cmd.VolumeIncrease
peux-tu le rendre plus fort,Cmd.VolumeIncrease
"s'il te plaît, augmente le volume",Cmd.VolumeIncrease
peux-tu augmenter le volume,Cmd.VolumeIncrease
"s'il te plaît, augmente le volume",Cmd.VolumeIncrease
peux-tu augmenter le volume,Cmd.VolumeIncrease
"s'il te plaît, augmente le volume de mes aides auditives",Cmd.VolumeIncrease
peux-tu augmenter le volume de mes aides auditives,Cmd.VolumeIncrease
"s'il te plaît, augmente le volume",Cmd.VolumeIncrease
peux-tu augmenter le volume,Cmd.VolumeIncrease
"s'il te plaît, je veux plus de volume",Cmd.VolumeIncrease
"peux-tu, je veux plus de volume",Cmd.VolumeIncrease
"s'il te plaît, augmente le volume de mes aides auditives",Cmd.VolumeIncrease
peux-tu augmenter le volume de mes aides auditives,Cmd.VolumeIncrease
peux-tu maximiser le volume,Cmd.VolumeIncrease
"s'il vous plaît, plus de volume sur les aides auditives",Cmd.VolumeIncrease
pouvez-vous augmenter le volume avec votre aide auditive,Cmd.VolumeIncrease
pouvez-vous maximiser le volume sonore,Cmd.VolumeIncrease
pouvez-vous maximiser le volume,Cmd.VolumeIncrease
"s'il te plaît, j'ai besoin de plus de volume",Cmd.VolumeIncrease
"peux-tu, j'ai besoin de plus de volume",Cmd.VolumeIncrease
"s'il te plaît, augmente le volume de mes aides auditives",Cmd.VolumeIncrease
peux-tu augmenter le volume de mes aides auditives,Cmd.VolumeIncrease
peux-tu augmenter le volume,Cmd.VolumeIncrease
"s'il vous plaît, augmentez le volume, aide droite",Cmd.VolumeIncrease
peux-tu augmenter le volume de l'aide appropriée,Cmd.VolumeIncrease
veuillez régler à 80 % du volume,Cmd.VolumeIncrease
pouvez-vous régler le volume à 80 %,Cmd.VolumeIncrease
veuillez augmenter l'aide auditive gauche,Cmd.VolumeIncrease
peux-tu augmenter l'aide auditive gauche,Cmd.VolumeIncrease
peux-tu maximiser le son,Cmd.VolumeIncrease
veuillez ajuster l'oreille droite pour un son plus élevé,Cmd.VolumeIncrease
pouvez-vous ajuster l'oreille droite pour un son plus élevé,Cmd.VolumeIncrease
"s'il vous plaît, augmentez le volume de l'aide gauche",Cmd.VolumeIncrease
peux-tu augmenter le volume de l'aide gauche,Cmd.VolumeIncrease
"s'il te plaît, augmente le volume",Cmd.VolumeIncrease
peux-tu augmenter le volume,Cmd.VolumeIncrease
veuillez régler à 100 % du volume,Cmd.VolumeIncrease
pouvez-vous régler le volume à 100 %,Cmd.VolumeIncrease
"s'il te plaît, c'est trop calme, monte le volume",Cmd.VolumeIncrease
"peux-tu, c'est trop silencieux, monte le volume",Cmd.VolumeIncrease
veuillez augmenter le volume de l'aide auditive,Cmd.VolumeIncrease
peux-tu augmenter le volume de l'aide auditive,Cmd.VolumeIncrease
"s'il te plaît, augmente le volume",Cmd.VolumeIncrease
peux-tu augmenter le volume,Cmd.VolumeIncrease
"s'il te plaît, augmente le volume",Cmd.VolumeIncrease
peux-tu augmenter le volume,Cmd.VolumeIncrease
"s'il te plaît, augmente le volume",Cmd.VolumeIncrease
peux-tu augmenter le volume,Cmd.VolumeIncrease
"s'il te plaît, monte mon aide auditive gauche",Cmd.VolumeIncrease
peux-tu monter mon aide auditive gauche,Cmd.VolumeIncrease
peux-tu augmenter le volume,Cmd.VolumeIncrease
veuillez régler à 90 % du volume,Cmd.VolumeIncrease
pouvez-vous régler le volume à 90 %,Cmd.VolumeIncrease
"s'il te plaît, augmente le volume",Cmd.VolumeIncrease
peux-tu augmenter le volume,Cmd.VolumeIncrease
"s'il te plaît, augmente le volume de mon aide auditive droite",Cmd.VolumeIncrease
peux-tu augmenter le volume de mon aide auditive droite,Cmd.VolumeIncrease
veuillez augmenter le volume sur les aides auditives,Cmd.VolumeIncrease
pouvez-vous augmenter le volume sur les aides auditives,Cmd.VolumeIncrease
peux-tu augmenter le volume,Cmd.VolumeIncrease
"s'il te plaît, c'est trop bas, monte le volume",Cmd.VolumeIncrease
"peux-tu, c'est trop bas, monte le volume",Cmd.VolumeIncrease
"s'il te plaît, augmente le volume de mes aides auditives",Cmd.VolumeIncrease
peux-tu augmenter le volume de mes aides auditives,Cmd.VolumeIncrease
"s'il te plaît, monte mon aide auditive droite",Cmd.VolumeIncrease
peux-tu activer mon aide auditive droite,Cmd.VolumeIncrease
"s'il te plaît, monte mes aides auditives",Cmd.VolumeIncrease
peux-tu monter mes appareils auditifs,Cmd.VolumeIncrease
peux-tu augmenter le volume,Cmd.VolumeIncrease
"s'il te plaît, monte mes aides auditives",Cmd.VolumeIncrease
peux-tu augmenter le volume de mes aides auditives,Cmd.VolumeIncrease
"s'il te plaît, monte le son",Cmd.VolumeIncrease
peux-tu monter le son,Cmd.VolumeIncrease
"s'il te plaît, mon volume est trop faible",Cmd.VolumeIncrease
"peux-tu, mon volume est trop faible",Cmd.VolumeIncrease
veuillez augmenter le volume de l'aide auditive,Cmd.VolumeIncrease
peux-tu augmenter le volume de l'aide auditive,Cmd.VolumeIncrease
"s'il te plaît, augmente le son",Cmd.VolumeIncrease
peux-tu augmenter le son,Cmd.VolumeIncrease
"s'il vous plaît, plus de volume s'il vous plaît",Cmd.VolumeIncrease
pouvez-vous plus de volume s'il vous plaît,Cmd.VolumeIncrease
s'il te plaît augmente le volume,Cmd.VolumeIncrease
peux-tu augmenter le volume,Cmd.VolumeIncrease
"s'il te plaît, monte mon aide auditive droite",Cmd.VolumeIncrease
peux-tu monter mon appareil auditif droit,Cmd.VolumeIncrease
"s'il te plaît, augmente le volume",Cmd.VolumeIncrease
peux-tu augmenter le volume,Cmd.VolumeIncrease
"s'il te plaît, augmente le volume de mon aide auditive",Cmd.VolumeIncrease
peux-tu augmenter le volume de mon aide auditive,Cmd.VolumeIncrease
"s'il vous plaît, plus de volume",Cmd.VolumeIncrease
peux-tu s'il te plaît plus de volume,Cmd.VolumeIncrease
"s'il te plaît, augmente le volume de mes aides auditives",Cmd.VolumeIncrease
peux-tu augmenter le volume de mes aides auditives,Cmd.VolumeIncrease
peux-tu augmenter le volume,Cmd.VolumeIncrease
"s'il te plaît, augmente le volume de mes aides auditives",Cmd.VolumeIncrease
peux-tu augmenter le volume de mes aides auditives,Cmd.VolumeIncrease
"s'il te plaît, augmente le volume",Cmd.VolumeIncrease
peux-tu augmenter le volume,Cmd.VolumeIncrease
peux-tu augmenter le volume,Cmd.VolumeIncrease
"s'il te plaît, montre-moi mon objectif de pas",Cmd.ActivityStep
peux-tu me montrer mon objectif de pas,Cmd.ActivityStep
peux-tu atteindre l'objectif,Cmd.ActivityStep
"s'il te plaît, dis-moi quel est mon objectif de pas",Cmd.ActivityStep
peux-tu me dire quel est mon objectif de pas,Cmd.ActivityStep
"s'il te plaît, montre-moi mon nombre de pas",Cmd.ActivityStep
peux-tu me montrer mon nombre de pas,Cmd.ActivityStep
peux-tu calories étapes,Cmd.ActivityStep
pouvez-vous prendre des mesures,Cmd.ActivityStep
peux-tu augmenter les calories,Cmd.ActivityStep
"s'il vous plaît, j'ai égaré mon autre aide",Help_FindMyHearingAids
"peux-tu, j'ai égaré mon autre aide",Help_FindMyHearingAids
"s'il te plaît, je ne me souviens plus où se trouve mon autre aide",Help_FindMyHearingAids
"peux-tu, je ne me souviens pas où se trouve mon autre aide",Help_FindMyHearingAids
"s'il te plaît, j'ai perdu mon autre aide auditive",Help_FindMyHearingAids
"peux-tu, j'ai perdu mon autre aide auditive",Help_FindMyHearingAids
"s'il te plaît, je ne trouve pas mon aide auditive gauche",Help_FindMyHearingAids
"peux-tu, je ne trouve pas mon aide auditive gauche",Help_FindMyHearingAids
"s'il vous plaît, mes aides auditives ont disparu",Help_FindMyHearingAids
pouvez-vous me faire perdre mes aides auditives,Help_FindMyHearingAids
"s'il vous plaît, mon autre aide a disparu",Help_FindMyHearingAids
"peux-tu, mon autre aide manque",Help_FindMyHearingAids
"s'il te plaît, trouve ma bonne aide",Help_FindMyHearingAids
peux-tu trouver ma bonne aide,Help_FindMyHearingAids
veuillez localiser mon aide auditive,Help_FindMyHearingAids
pouvez-vous localiser mon aide auditive,Help_FindMyHearingAids
"s'il vous plaît, mon aide auditive gauche a disparu",Help_FindMyHearingAids
peux-tu que mon aide auditive gauche manque,Help_FindMyHearingAids
"s'il te plaît, je ne trouve pas mon aide auditive",Help_FindMyHearingAids
"peux-tu, je ne trouve pas mon aide auditive",Help_FindMyHearingAids
"s'il vous plaît, aidez-moi à trouver mon aide auditive gauche",Help_FindMyHearingAids
pouvez-vous m'aider à trouver mon aide auditive gauche,Help_FindMyHearingAids
"s'il vous plaît, je ne me souviens plus où se trouvent mes aides auditives",Help_FindMyHearingAids
"peux-tu, je ne me souviens plus où se trouvent mes aides auditives",Help_FindMyHearingAids
veuillez localiser mon autre aide auditive,Help_FindMyHearingAids
pouvez-vous localiser mon autre aide auditive,Help_FindMyHearingAids
"s'il vous plaît, j'ai égaré mon aide auditive droite",Help_FindMyHearingAids
"peux-tu, j'ai égaré mon aide auditive droite",Help_FindMyHearingAids
"s'il vous plaît, aidez-moi à trouver mes aides auditives",Help_FindMyHearingAids
peux-tu m'aider à trouver mes aides auditives,Help_FindMyHearingAids
"s'il vous plaît, je ne trouve pas mon autre aide auditive",Help_FindMyHearingAids
"peux-tu, je ne trouve pas mon autre aide auditive",Help_FindMyHearingAids
"s'il vous plaît, je ne trouve pas ma bonne aide auditive",Help_FindMyHearingAids
"peux-tu, je ne trouve pas ma bonne aide auditive",Help_FindMyHearingAids
"s'il te plaît, trouve ma bonne aide auditive",Help_FindMyHearingAids
peux-tu trouver ma bonne aide auditive,Help_FindMyHearingAids
"s'il vous plaît, j'ai perdu mes appareils auditifs. pouvez-vous m'aider à les trouver ?",Help_FindMyHearingAids
"peux-tu, j'ai perdu mes appareils auditifs. pouvez-vous m'aider à les trouver ?",Help_FindMyHearingAids
"s'il te plaît, je ne trouve pas mes aides auditives",Help_FindMyHearingAids
"peux-tu, je ne trouve pas mes aides auditives",Help_FindMyHearingAids
"s'il vous plaît, aidez-moi à trouver mes aides auditives",Help_FindMyHearingAids
pouvez-vous m'aider à trouver mes appareils auditifs,Help_FindMyHearingAids
"s'il vous plaît, mon appareil auditif a disparu",Help_FindMyHearingAids
peux-tu que mon appareil auditif ait disparu,Help_FindMyHearingAids
veuillez trouver mon aide auditive gauche,Help_FindMyHearingAids
peux-tu trouver mon aide auditive gauche,Help_FindMyHearingAids
"s'il te plaît, cherche mes aides auditives",Help_FindMyHearingAids
peux-tu chercher mes appareils auditifs,Help_FindMyHearingAids
veuillez localiser mon aide auditive droite,Help_FindMyHearingAids
pouvez-vous localiser mon aide auditive droite,Help_FindMyHearingAids
"s'il vous plaît, je ne trouve pas ma bonne aide auditive",Help_FindMyHearingAids
"peux-tu, je ne trouve pas ma bonne aide auditive",Help_FindMyHearingAids
"s'il te plait, je ne me souviens plus où se trouvent mes aides auditives",Help_FindMyHearingAids
"peux-tu, je ne me souviens pas où sont mes aides auditives",Help_FindMyHearingAids
veuillez localiser mon aide auditive,Help_FindMyHearingAids
pouvez-vous localiser mon aide auditive,Help_FindMyHearingAids
"s'il te plaît, je ne trouve pas l'aide qui me convient",Help_FindMyHearingAids
"peux-tu, je ne trouve pas mon aide auditive appropriée",Help_FindMyHearingAids
veuillez trouver mon autre aide auditive,Help_FindMyHearingAids
peux-tu trouver mon autre aide auditive,Help_FindMyHearingAids
"s'il te plaît, j'ai perdu mes appareils auditifs",Help_FindMyHearingAids
"peux-tu, j'ai perdu mes appareils auditifs",Help_FindMyHearingAids
"s'il vous plaît, je ne me souviens plus où se trouvent mes aides auditives",Help_FindMyHearingAids
"peux-tu, je ne me souviens plus où se trouvent mes aides auditives",Help_FindMyHearingAids
"s'il te plaît, je ne me souviens plus où se trouve mon aide auditive",Help_FindMyHearingAids
"peux-tu, je ne me souviens pas où se trouve mon aide auditive",Help_FindMyHearingAids
veuillez rechercher mes aides auditives,Help_FindMyHearingAids
peux-tu chercher mes aides auditives,Help_FindMyHearingAids
"s'il te plaît, trouve mes aides auditives",Help_FindMyHearingAids
peux-tu trouver mes aides auditives,Help_FindMyHearingAids
"s'il te plaît, je ne trouve pas mon autre aide",Help_FindMyHearingAids
"peux-tu, je ne trouve pas mon autre aide",Help_FindMyHearingAids
"s'il te plaît, je ne me souviens plus où se trouve mon aide auditive gauche",Help_FindMyHearingAids
"peux-tu, je ne me souviens pas où se trouve mon aide auditive gauche",Help_FindMyHearingAids
"s'il te plaît, aide-moi à trouver mon aide auditive",Help_FindMyHearingAids
peux-tu m'aider à trouver mon aide auditive,Help_FindMyHearingAids
"s'il te plaît, je ne trouve pas mon aide auditive",Help_FindMyHearingAids
"peux-tu, je ne trouve pas mon aide auditive",Help_FindMyHearingAids
"s'il vous plaît, je ne me souviens plus où se trouve mon aide auditive gauche",Help_FindMyHearingAids
"peux-tu, je ne me souviens plus où se trouve mon aide auditive gauche",Help_FindMyHearingAids
"s'il te plaît, j'ai égaré mon aide auditive",Help_FindMyHearingAids
"peux-tu, j'ai égaré mon aide auditive",Help_FindMyHearingAids
veuillez localiser mon autre aide,Help_FindMyHearingAids
pouvez-vous localiser mon autre aide,Help_FindMyHearingAids
veuillez localiser mon aide auditive droite,Help_FindMyHearingAids
pouvez-vous localiser mon aide auditive droite,Help_FindMyHearingAids
"s'il vous plaît, je ne trouve pas mes aides auditives",Help_FindMyHearingAids
"peux-tu, je ne trouve pas mes aides auditives",Help_FindMyHearingAids
"s'il te plaît, j'ai égaré mes aides auditives",Help_FindMyHearingAids
"peux-tu, j'ai égaré mes aides auditives",Help_FindMyHearingAids
"s'il vous plaît, je ne me souviens plus où se trouve mon autre aide auditive",Help_FindMyHearingAids
"peux-tu, je ne me souviens pas où se trouve mon autre aide auditive",Help_FindMyHearingAids
"s'il vous plaît, j'ai égaré mon aide auditive gauche",Help_FindMyHearingAids
"peux-tu, j'ai égaré mon aide auditive gauche",Help_FindMyHearingAids
"s'il vous plaît, j'ai égaré mes aides auditives",Help_FindMyHearingAids
"peux-tu, j'ai égaré mes aides auditives",Help_FindMyHearingAids
"s'il te plaît, j'ai perdu mon appareil auditif",Help_FindMyHearingAids
"peux-tu, j'ai perdu mon appareil auditif",Help_FindMyHearingAids
"s'il te plaît, je ne trouve pas mon aide auditive appropriée",Help_FindMyHearingAids
"peux-tu, je ne trouve pas mon aide auditive appropriée",Help_FindMyHearingAids
"s'il vous plaît, j'ai perdu mon aide auditive. pouvez-vous m'aider à le trouver ?",Help_FindMyHearingAids
"peux-tu, j'ai perdu mon aide auditive. pouvez-vous m'aider à le trouver ?",Help_FindMyHearingAids
peux-tu calories aérobies,Cmd.ActivityAerobics
peux-tu atteindre un objectif d'aérobic,Cmd.ActivityAerobics
pouvez-vous atteindre un objectif d'activité,Cmd.ActivityAerobics
"s'il vous plaît, ai-je atteint mon objectif d'activité ?",Cmd.ActivityAerobics
peux-tu avoir atteint mon objectif d'activité ?,Cmd.ActivityAerobics
"s'il vous plaît, ai-je atteint mon objectif d'aérobic ?",Cmd.ActivityAerobics
peux-tu avoir atteint mon objectif d'aérobic ?,Cmd.ActivityAerobics
"s'il te plaît, montre-moi mon objectif d'activité ?",Cmd.ActivityAerobics
peux-tu me montrer mon objectif d'activité ?,Cmd.ActivityAerobics
"s'il vous plaît, aidez-moi à améliorer la parole",Help_IntelliVoice
pouvez-vous m'aider à améliorer la parole,Help_IntelliVoice
"s'il vous plaît, guide de l'utilisateur de la voix intelligente",Help_IntelliVoice
pouvez-vous guider l'utilisateur de la voix intelligente,Help_IntelliVoice
"s'il vous plaît, où est la voix ai ?",Help_IntelliVoice
"s'il vous plaît, envoyez de l'aide par IA",Help_IntelliVoice
peux-tu exprimer mon aide auditive,Help_IntelliVoice
"s'il vous plaît, aidez-moi avec IntelliVoice",Help_IntelliVoice
pouvez-vous m'aider avec IntelliVoice,Help_IntelliVoice
peux-tu exprimer ma voix,Help_IntelliVoice
"s'il vous plaît, dnn, guide d'utilisation de l'amélioration de la parole",Help_IntelliVoice
pouvez-vous dnn guide d'utilisation de l'amélioration de la parole,Help_IntelliVoice
"s'il vous plaît, aide vocale intelligente",Help_IntelliVoice
pouvez-vous bénéficier d'une aide vocale intelligente,Help_IntelliVoice
pouvez-vous IntelliVoice aider,Help_IntelliVoice
"s'il vous plaît, aidez-moi avec une voix intelligente",Help_IntelliVoice
pouvez-vous m'aider avec une voix intelligente,Help_IntelliVoice
"s'il vous plaît, où est l'amélioration de la parole ?",Help_IntelliVoice
"s'il vous plaît, où est la voix intelligente ?",Help_IntelliVoice
s'il vous plaît IntelliVoice guide de l'utilisateur,Help_IntelliVoice
pouvez-vous IntelliVoice guide d'utilisation,Help_IntelliVoice
"s'il vous plaît, mon fils a-t-il accepté mon invitation HearShare ?",Help_HearShare
pouvez-vous que mon fils ait accepté mon invitation HearShare ?,Help_HearShare
"s'il vous plaît, ont-ils accepté mon invitation HearShare ?",Help_HearShare
pouvez-vous ont-ils accepté mon invitation HearShare ?,Help_HearShare
s'il vous plaît dites-moi quel est mon objectif de stand,Cmd.ActivityStand
peux-tu me dire quel est mon objectif de stand,Cmd.ActivityStand
"s'il vous plaît, ai-je atteint mon objectif de stand",Cmd.ActivityStand
peux-tu avoir atteint mon objectif de stand,Cmd.ActivityStand
"s'il te plaît, montre-moi mon objectif permanent",Cmd.ActivityStand
peux-tu me montrer mon objectif permanent,Cmd.ActivityStand
peux-tu supporter des calories,Cmd.ActivityStand
peux-tu calories debout,Cmd.ActivityStand
"s'il vous plaît, montrez-moi mon objectif de stand",Cmd.ActivityStand
peux-tu me montrer mon objectif de stand,Cmd.ActivityStand
"s'il te plaît, montre-moi combien de temps je suis resté debout",Cmd.ActivityStand
peux-tu me montrer combien de temps je suis resté debout,Cmd.ActivityStand
"s'il te plaît, montre-moi mon historique",Cmd.ActivityStand
peux-tu me montrer mon historique,Cmd.ActivityStand
"s'il te plaît, est-ce que je suis resté debout une heure",Cmd.ActivityStand
peux-tu rester debout une heure,Cmd.ActivityStand
peux-tu supporter l'objectif,Cmd.ActivityStand
veuillez diffuser à partir du microphone distant,Cmd.StreamingStart
pouvez-vous diffuser à partir du microphone distant,Cmd.StreamingStart
peux-tu commencer à diffuser,Cmd.StreamingStart
"s'il te plaît, joue du micro",Cmd.StreamingStart
peux-tu jouer du micro,Cmd.StreamingStart
"s'il te plaît, écoute ma télé",Cmd.StreamingStart
peux-tu écouter ma télé,Cmd.StreamingStart
veuillez vous connecter à la télécommande,Cmd.StreamingStart
peux-tu te connecter à distance,Cmd.StreamingStart
s'il te plaît laisse-moi entendre la télé,Cmd.StreamingStart
peux-tu me laisser entendre la télé,Cmd.StreamingStart
peux-tu diffuser sur,Cmd.StreamingStart
"s'il te plaît, j'aimerais diffuser maintenant",Cmd.StreamingStart
"peux-tu, j'aimerais diffuser maintenant",Cmd.StreamingStart
peux-tu diffuser à distance,Cmd.StreamingStart
veuillez démarrer le flux à distance,Cmd.StreamingStart
peux-tu démarrer le streaming à distance,Cmd.StreamingStart
"s'il te plaît, écoute le micro",Cmd.StreamingStart
peux-tu écouter le microphone,Cmd.StreamingStart
"s'il te plaît, laisse-moi entendre le microphone",Cmd.StreamingStart
peux-tu me laisser entendre le microphone,Cmd.StreamingStart
"s'il te plaît, je veux écouter le présentateur",Cmd.StreamingStart
"peux-tu, je veux écouter le présentateur",Cmd.StreamingStart
"s'il te plaît, commence à diffuser la télévision sur mes aides auditives",Cmd.StreamingStart
peux-tu commencer à diffuser la télévision sur mes aides auditives,Cmd.StreamingStart
peux-tu diffuser,Cmd.StreamingStart
"s'il te plaît, écoute la télé",Cmd.StreamingStart
peux-tu écouter la télé,Cmd.StreamingStart
"s'il vous plaît, faites en sorte que mes aides auditives écoutent le microphone à distance",Cmd.StreamingStart
peux-tu faire en sorte que mes aides auditives écoutent le microphone distant,Cmd.StreamingStart
"s'il te plaît, joue le flux TV",Cmd.StreamingStart
peux-tu jouer au flux TV,Cmd.StreamingStart
"s'il te plaît, laisse-moi entendre le micro à distance",Cmd.StreamingStart
peux-tu me laisser entendre le micro à distance,Cmd.StreamingStart
"s'il te plaît, commence à diffuser à distance vers mes aides auditives",Cmd.StreamingStart
peux-tu commencer à diffuser à distance vers mes aides auditives,Cmd.StreamingStart
"s'il vous plaît, écoutez le présentateur",Cmd.StreamingStart
peux-tu écouter le présentateur,Cmd.StreamingStart
s'il vous plaît laissez-moi entendre le présentateur,Cmd.StreamingStart
peux-tu me laisser entendre le présentateur,Cmd.StreamingStart
peux-tu regarder la télévision sur Steam,Cmd.StreamingStart
s'il te plaît commence à diffuser la télévision,Cmd.StreamingStart
peux-tu commencer à diffuser la télévision,Cmd.StreamingStart
veuillez diffuser depuis le microphone,Cmd.StreamingStart
peux-tu diffuser depuis le microphone,Cmd.StreamingStart
veuillez capter le signal du flux TV,Cmd.StreamingStart
peux-tu capter le signal du flux TV,Cmd.StreamingStart
peux-tu commencer à diffuser,Cmd.StreamingStart
"s'il te plaît, je veux écouter ma télé",Cmd.StreamingStart
"peux-tu, je veux écouter ma télé",Cmd.StreamingStart
"s'il te plaît, fais-moi jouer le micro",Cmd.StreamingStart
peux-tu me passer le micro,Cmd.StreamingStart
veuillez démarrer la diffusion à distance,Cmd.StreamingStart
peux-tu démarrer le streaming à distance,Cmd.StreamingStart
veuillez activer le streaming,Cmd.StreamingStart
peux-tu activer le streaming,Cmd.StreamingStart
peux-tu diffuser,Cmd.StreamingStart
peux-tu jouer à la télé,Cmd.StreamingStart
"s'il te plaît, laisse-moi entendre ma télé",Cmd.StreamingStart
peux-tu me laisser entendre ma télé,Cmd.StreamingStart
veuillez vous connecter à la télévision,Cmd.StreamingStart
peux-tu te connecter à la télévision,Cmd.StreamingStart
peux-tu diffuser la télévision,Cmd.StreamingStart
veuillez activer le streaming,Cmd.StreamingStart
peux-tu activer le streaming,Cmd.StreamingStart
veuillez diffuser depuis le micro distant,Cmd.StreamingStart
peux-tu diffuser depuis le micro distant,Cmd.StreamingStart
"s'il te plaît, démarre le flux TV",Cmd.StreamingStart
peux-tu démarrer le flux TV,Cmd.StreamingStart
peux-tu calories en marchant,Cmd.ActivityWalk
"s'il te plaît, montre-moi mon historique de marche ?",Cmd.ActivityWalk
peux-tu me montrer mon historique de marche ?,Cmd.ActivityWalk
"s'il te plaît, montre-moi combien de temps j'ai marché ?",Cmd.ActivityWalk
peux-tu me montrer combien de temps j'ai marché ?,Cmd.ActivityWalk
"s'il vous plaît, mon temps de marche est ?",Cmd.ActivityWalk
peux-tu connaître mon temps de marche ?,Cmd.ActivityWalk
"s'il te plaît, montre-moi mon objectif de marche ?",Cmd.ActivityWalk
peux-tu me montrer mon objectif de marche ?,Cmd.ActivityWalk
veuillez me montrer un aperçu de cette application prospère,Help_WhatsNew
pouvez-vous me montrer un aperçu de cette application Thrive,Help_WhatsNew
"s'il te plaît, montre-moi le guide rapide",Help_WhatsNew
peux-tu me montrer le guide rapide,Help_WhatsNew
"s'il vous plaît, montrez-moi un aperçu de thrive",Help_WhatsNew
peux-tu me montrer un aperçu de Thrive,Help_WhatsNew
"s'il te plaît, montre-moi un guide de démarrage rapide",Help_WhatsNew
peux-tu me montrer un guide de démarrage rapide,Help_WhatsNew
"s'il vous plaît, montrez-moi un aperçu d'ipro",Help_WhatsNew
pouvez-vous me montrer un aperçu d'ipro,Help_WhatsNew
veuillez me montrer un aperçu de l'application,Help_WhatsNew
peux-tu me montrer un aperçu de l'application,Help_WhatsNew
s'il vous plaît montrez-moi un aperçu de cette application,Help_WhatsNew
pouvez-vous me montrer un aperçu de cette application,Help_WhatsNew
"s'il te plaît, emmène-moi pour un démarrage rapide",Help_WhatsNew
peux-tu m'emmener pour un démarrage rapide,Help_WhatsNew
veuillez me montrer un aperçu de l'application Thrive,Help_WhatsNew
pouvez-vous me montrer un aperçu de l'application Thrive,Help_WhatsNew
veuillez me montrer un résumé de la nouvelle application,Help_WhatsNew
peux-tu me montrer un résumé de la nouvelle application,Help_WhatsNew
peux-tu démarrer rapidement,Help_WhatsNew
veuillez ajouter un masque comme mémoire personnalisée,Help_MemoryOptions
pouvez-vous ajouter un masque comme mémoire personnalisée,Help_MemoryOptions
"s'il vous plaît, j'ai perdu la mémoire pour les restaurants et les réunions",Help_MemoryOptions
"peux-tu, j'ai perdu la mémoire pour les restaurants et les réunions",Help_MemoryOptions
"s'il vous plaît, je veux créer un nouveau programme ?",Help_MemoryOptions
"peux-tu, je veux créer un nouveau programme ?",Help_MemoryOptions
"s'il vous plaît, je veux créer un nouveau souvenir ?",Help_MemoryOptions
"peux-tu, je veux créer un nouveau souvenir ?",Help_MemoryOptions
"s'il vous plaît, je n'aime pas les réglages actuels de mon aide auditive",Help_MemoryOptions
"peux-tu, je n'aime pas les réglages actuels de mon aide auditive",Help_MemoryOptions
"s'il te plaît, je n'ai pas une mémoire normale",Help_MemoryOptions
"peux-tu, je n'ai pas une mémoire normale",Help_MemoryOptions
pouvez-vous régler les paramètres de mémoire,Help_MemoryOptions
s'il vous plaît Self Check aidez-moi,Help_SelfCheck
pouvez-vous Self Check aider,Help_SelfCheck
"s'il vous plaît, aidez-moi avec Self Check",Help_SelfCheck
pouvez-vous m'aider avec Self Check,Help_SelfCheck
veuillez tester les aides auditives,Help_SelfCheck
peux-tu tester les aides auditives,Help_SelfCheck
"s'il vous plaît, une aide auditive n'est pas trouvée",Help_SelfCheck
pouvez-vous qu'une aide auditive ne soit pas trouvée,Help_SelfCheck
"s'il vous plaît, l'aide auditive ne fonctionne pas",Help_SelfCheck
peux-tu que ton aide auditive ne fonctionne pas,Help_SelfCheck
"s'il vous plaît, Self Check a échoué.",Help_SelfCheck
pouvez-vous Self Check échoué.,Help_SelfCheck
"s'il vous plaît, c'est vrai, l'aide auditive ne fonctionne pas",Help_SelfCheck
"peux-tu avoir raison, l'aide auditive ne fonctionne pas",Help_SelfCheck
"s'il vous plaît, où est Self Check ?",Help_SelfCheck
"s'il te plaît, mon oreille gauche ne fonctionne pas bien",Help_SelfCheck
"peux-tu, mon oreille gauche ne fonctionne pas bien",Help_SelfCheck
"s'il vous plaît, mon aide auditive gauche ne répond pas",Help_SelfCheck
"peux-tu, mon aide auditive gauche ne répond pas",Help_SelfCheck
"s'il vous plaît, il y a un problème avec mes aides auditives",Help_SelfCheck
"pouvez-vous, il y a un problème avec mes aides auditives",Help_SelfCheck
"s'il vous plaît, essayez de faire fonctionner mon âge auditif",Help_SelfCheck
peux-tu essayer de faire fonctionner mon âge auditif,Help_SelfCheck
"s'il vous plaît, diagnostiquez mes aides auditives",Help_SelfCheck
pouvez-vous s'il vous plaît diagnostiquer mes aides auditives,Help_SelfCheck
"s'il vous plaît, ici, ça ne marche pas",Help_SelfCheck
"peux-tu ici, ça ne marche pas",Help_SelfCheck
s'il vous plaît Self Check guide de l'utilisateur,Help_SelfCheck
pouvez-vous Self Check guide de l'utilisateur,Help_SelfCheck
"s'il vous plaît, il y a un problème avec mon aide auditive droite",Help_SelfCheck
"pouvez-vous, il y a un problème avec mon aide auditive droite",Help_SelfCheck
Pouvez-vous si mes aides auditives sont toutes cochées lors de l'auto-vérification ?,Help_SelfCheck
"s'il vous plaît, il y a un problème avec mon aide auditive",Help_SelfCheck
"peux-tu, il y a un problème avec mon aide auditive",Help_SelfCheck
s'il vous plaît calories utilisées aujourd'hui,Cmd.ActivityCalories
pouvez-vous consommer les calories aujourd'hui,Cmd.ActivityCalories
"s'il te plaît, utilise des calories aujourd'hui",Cmd.ActivityCalories
peux-tu utiliser des calories aujourd'hui,Cmd.ActivityCalories
"s'il te plaît, calories brûlées aujourd'hui",Cmd.ActivityCalories
peux-tu brûler des calories aujourd'hui,Cmd.ActivityCalories
"s'il te plaît, compte les calories aujourd'hui",Cmd.ActivityCalories
peux-tu compter les calories aujourd'hui,Cmd.ActivityCalories
"s'il vous plaît, le nombre de calories d'aujourd'hui",Cmd.ActivityCalories
peux-tu compter les calories d'aujourd'hui,Cmd.ActivityCalories
"s'il te plaît, brûle des calories aujourd'hui",Cmd.ActivityCalories
peux-tu brûler des calories aujourd'hui,Cmd.ActivityCalories
"s'il vous plaît, aidez-moi avec l'écran d'accueil",Help_Home
pouvez-vous m'aider avec l'écran d'accueil,Help_Home
"s'il vous plaît, aidez-moi avec l'écran principal",Help_Home
pouvez-vous m'aider avec l'écran principal,Help_Home
"s'il te plaît, fais du son",Cmd.VolumeUnmute
peux-tu faire du son,Cmd.VolumeUnmute
peux-tu réactiver le son,Cmd.VolumeUnmute
"s'il te plaît, allume mon aide auditive droite",Cmd.VolumeUnmute
peux-tu allumer mon aide auditive droite,Cmd.VolumeUnmute
veuillez réactiver le son des aides auditives,Cmd.VolumeUnmute
pouvez-vous réactiver le son des aides auditives,Cmd.VolumeUnmute
peux-tu sonner,Cmd.VolumeUnmute
veuillez régler le volume à la normale,Cmd.VolumeUnmute
peux-tu remettre le volume à la normale,Cmd.VolumeUnmute
"s'il te plaît, désactive le mode muet",Cmd.VolumeUnmute
peux-tu désactiver le mode muet,Cmd.VolumeUnmute
"s'il te plaît, allume le son",Cmd.VolumeUnmute
peux-tu allumer le son,Cmd.VolumeUnmute
"s'il te plaît, allume le volume",Cmd.VolumeUnmute
peux-tu allumer le volume,Cmd.VolumeUnmute
"s'il vous plaît, activez le volume de l'aide auditive",Cmd.VolumeUnmute
pouvez-vous activer le volume de votre aide auditive,Cmd.VolumeUnmute
"s'il te plaît, allume mon aide auditive gauche",Cmd.VolumeUnmute
peux-tu allumer mon aide auditive gauche,Cmd.VolumeUnmute
"s'il te plaît, allume le volume",Cmd.VolumeUnmute
peux-tu allumer le volume,Cmd.VolumeUnmute
"s'il te plaît, allume le son",Cmd.VolumeUnmute
peux-tu allumer le son,Cmd.VolumeUnmute
"s'il te plaît, désactive le mode sourdine",Cmd.VolumeUnmute
peux-tu désactiver le mode sourdine,Cmd.VolumeUnmute
veuillez allumer vos appareils auditifs,Cmd.VolumeUnmute
peux-tu allumer les appareils auditifs,Cmd.VolumeUnmute
"s'il te plaît, allume mon aide auditive droite",Cmd.VolumeUnmute
peux-tu allumer mon aide auditive droite,Cmd.VolumeUnmute
veuillez activer l'aide auditive droite,Cmd.VolumeUnmute
pouvez-vous activer la bonne aide auditive,Cmd.VolumeUnmute
peux-tu sur le volume,Cmd.VolumeUnmute
"s'il te plaît, allume mon aide auditive gauche",Cmd.VolumeUnmute
peux-tu allumer mon aide auditive gauche,Cmd.VolumeUnmute
"s'il vous plaît, mettez le volume sur l'aide droite",Cmd.VolumeUnmute
peux-tu volumer sur l'aide droite,Cmd.VolumeUnmute
veuillez réactiver les aides auditives,Cmd.VolumeUnmute
peux-tu réactiver le son des aides auditives,Cmd.VolumeUnmute
veuillez réactiver les aides,Cmd.VolumeUnmute
peux-tu réactiver les aides,Cmd.VolumeUnmute
"s'il vous plaît, mettez le volume sur l'aide gauche",Cmd.VolumeUnmute
peux-tu volumer sur l'aide gauche,Cmd.VolumeUnmute
"s'il te plaît, allume le volume",Cmd.VolumeUnmute
peux-tu allumer le volume,Cmd.VolumeUnmute
"s'il vous plaît, réactivez mes aides auditives",Cmd.VolumeUnmute
peux-tu réactiver mes aides auditives,Cmd.VolumeUnmute
"s'il te plaît, remets le volume de mon aide auditive",Cmd.VolumeUnmute
peux-tu réactiver le volume de mon aide auditive,Cmd.VolumeUnmute
peux-tu réactiver le son,Cmd.VolumeUnmute
"s'il vous plaît, aidez-moi à ajuster le stimulus des acouphènes sur mes aides auditives",Help_Tinnitus
pouvez-vous m'aider à ajuster le stimulus des acouphènes sur mes aides auditives,Help_Tinnitus
"s'il vous plaît, aidez-moi avec les ajustements du masque d'acouphènes dans mes aides auditives",Help_Tinnitus
pouvez-vous m'aider avec les ajustements du masque d'acouphènes dans mes aides auditives,Help_Tinnitus
"s'il vous plaît, aidez-moi avec le réglage du bruit blanc",Help_Tinnitus
pouvez-vous m'aider avec le réglage du bruit blanc,Help_Tinnitus
"S'il vous plaît, aidez-moi à régler le volume des acouphènes sur mes aides auditives.",Help_Tinnitus
pouvez-vous m'aider à régler le volume des acouphènes sur mes aides auditives,Help_Tinnitus
"S'il vous plaît, aidez-moi avec les ajustements du masque d'acouphènes",Help_Tinnitus
pouvez-vous nous aider avec les ajustements du masque d'acouphènes,Help_Tinnitus
"s'il vous plaît, aidez-moi à ajuster le stimulus sonore dans mes aides auditives",Help_Tinnitus
pouvez-vous m'aider à ajuster le stimulus sonore dans mes aides auditives,Help_Tinnitus
"s'il vous plaît, aidez-moi à ajuster le stimulus sonore sur mes aides auditives",Help_Tinnitus
pouvez-vous m'aider à ajuster le stimulus sonore sur mes aides auditives,Help_Tinnitus
"s'il vous plaît, aidez-moi avec les ajustements du bruit blanc pour mon aide auditive",Help_Tinnitus
pouvez-vous m'aider avec les ajustements du bruit blanc,Help_Tinnitus
"S'il vous plaît, aidez-moi à ajuster le masque d'acouphènes sur mes aides auditives.",Help_Tinnitus
pouvez-vous m'aider à ajuster le masque d'acouphènes sur mes aides auditives,Help_Tinnitus
"s'il vous plaît, aidez-moi à changer de programme d'acouphène",Help_Tinnitus
pouvez-vous m'aider à changer de programme d'acouphène,Help_Tinnitus
"s'il vous plaît, aidez-moi à régler le volume des acouphènes dans mon aide auditive",Help_Tinnitus
pouvez-vous m'aider à régler le volume des acouphènes dans mon aide auditive,Help_Tinnitus
"s'il vous plaît, aidez-moi avec les ajustements du bruit blanc",Help_Tinnitus
pouvez-vous m'aider avec les ajustements du bruit blanc,Help_Tinnitus
"s'il vous plaît, aidez-moi avec le réglage du bruit blanc sur mon aide auditive",Help_Tinnitus
pouvez-vous m'aider avec le réglage du bruit blanc sur mon aide auditive,Help_Tinnitus
"s'il vous plaît, aidez-moi à ajuster le stimulus des acouphènes sur mes aides auditives",Help_Tinnitus
pouvez-vous m'aider à ajuster le stimulus des acouphènes sur mes aides auditives,Help_Tinnitus
"s'il vous plaît, aidez-moi avec les ajustements du bruit des acouphènes dans mes aides auditives",Help_Tinnitus
pouvez-vous m'aider avec les ajustements du bruit des acouphènes dans mes aides auditives,Help_Tinnitus
"s'il vous plaît, aidez-moi à ajuster le stimulus sonore sur mes aides auditives",Help_Tinnitus
pouvez-vous m'aider à ajuster le stimulus sonore sur mes aides auditives,Help_Tinnitus
"s'il vous plaît, aidez-moi à régler le bruit des acouphènes dans mon aide auditive",Help_Tinnitus
pouvez-vous m'aider à régler le bruit des acouphènes dans mon aide auditive,Help_Tinnitus
"s'il vous plaît, aidez-moi à ajuster le stimulus des acouphènes dans mes aides auditives",Help_Tinnitus
pouvez-vous m'aider à ajuster le stimulus des acouphènes dans mes aides auditives,Help_Tinnitus
veuillez me montrer les paramètres des acouphènes,Help_Tinnitus
pouvez-vous me montrer les paramètres des acouphènes,Help_Tinnitus
"s'il vous plaît, aidez-moi à ajuster le stimulus sonore pour mon aide auditive",Help_Tinnitus
pouvez-vous m'aider à ajuster les stimuli sonores,Help_Tinnitus
"s'il vous plaît, aidez-moi avec les ajustements sonores des acouphènes dans mon aide auditive",Help_Tinnitus
pouvez-vous m'aider avec les ajustements sonores des acouphènes dans mon aide auditive,Help_Tinnitus
"s'il vous plaît, aidez-moi avec les ajustements du bruit blanc dans mes aides auditives",Help_Tinnitus
pouvez-vous m'aider avec les ajustements du bruit blanc dans mes aides auditives,Help_Tinnitus
"s'il vous plaît, aidez-moi à régler le volume des acouphènes",Help_Tinnitus
pouvez-vous m'aider à régler le volume des acouphènes,Help_Tinnitus
"s'il vous plaît, aidez-moi avec les ajustements sonores des acouphènes dans mes aides auditives",Help_Tinnitus
pouvez-vous m'aider avec les ajustements sonores des acouphènes dans mes aides auditives,Help_Tinnitus
"s'il vous plaît, aidez-moi avec les ajustements du masque d'acouphènes dans mon aide auditive",Help_Tinnitus
pouvez-vous m'aider avec les ajustements du masque d'acouphènes dans mon aide auditive,Help_Tinnitus
"s'il vous plaît, aidez-moi avec les ajustements du masque d'acouphènes sur mon aide auditive",Help_Tinnitus
pouvez-vous m'aider avec les ajustements du masque d'acouphènes sur mon aide auditive,Help_Tinnitus
"s'il vous plaît, aidez-moi avec les ajustements du stimulus des acouphènes sur mon aide auditive",Help_Tinnitus
pouvez-vous m'aider à ajuster le stimulus des acouphènes sur mon aide auditive,Help_Tinnitus
"s'il vous plaît, aidez-moi avec le réglage du volume des acouphènes sur mes aides auditives",Help_Tinnitus
pouvez-vous m'aider à régler le volume des acouphènes sur mes aides auditives,Help_Tinnitus
"s'il vous plaît, aidez-moi avec les ajustements du volume des acouphènes sur mes aides auditives",Help_Tinnitus
pouvez-vous m'aider avec les ajustements du volume des acouphènes sur mes aides auditives,Help_Tinnitus
"s'il vous plaît, aidez-moi avec les ajustements du masque d'acouphènes sur mes aides auditives",Help_Tinnitus
pouvez-vous m'aider avec les ajustements du masque d'acouphènes sur mes aides auditives,Help_Tinnitus
"s'il vous plaît, aidez-moi à ajuster le stimulus des acouphènes sur mon aide auditive",Help_Tinnitus
pouvez-vous m'aider à ajuster le stimulus des acouphènes sur mon aide auditive,Help_Tinnitus
peux-tu téléentendre,Help_HearingCareAnywhereConnect
"s'il vous plaît, aidez-moi pour l'écoute téléphonique",Help_HearingCareAnywhereConnect
pouvez-vous m'aider pour la télé-écoute,Help_HearingCareAnywhereConnect
"s'il vous plaît, aidez-moi pour la télé ici",Help_HearingCareAnywhereConnect
pouvez-vous m'aider pour la télé ici,Help_HearingCareAnywhereConnect
"s'il vous plaît, aidez-moi avec les appareils de couplage",Help_Pairing
pouvez-vous m'aider à coupler des appareils auditifs,Help_Pairing
"s'il vous plaît, je dois coupler les aides auditives avec le téléphone",Help_Pairing
"peux-tu, j'ai besoin de coupler les aides auditives avec le téléphone",Help_Pairing
veuillez associer les aides à mon téléphone,Help_Pairing
peux-tu associer des aides auditives à mon téléphone,Help_Pairing
veuillez associer mes aides auditives à l'application Thrive,Help_Pairing
pouvez-vous associer mes aides auditives à l'application Thrive,Help_Pairing
"s'il vous plaît, aidez-moi à coupler mes aides auditives avec le téléphone",Help_Pairing
pouvez-vous m'aider à coupler mes aides auditives avec le téléphone,Help_Pairing
"s'il vous plaît, associez les aides sur mon application",Help_Pairing
pouvez-vous jumeler des aides auditives sur mon application,Help_Pairing
veuillez associer des appareils auditifs à mon application Thrive,Help_Pairing
pouvez-vous associer des appareils auditifs avec mon application Thrive,Help_Pairing
"s'il vous plaît, aidez-nous à coupler les aides avec le téléphone",Help_Pairing
pouvez-vous nous aider à coupler les aides avec le téléphone,Help_Pairing
veuillez associer l'aide appropriée,Help_Pairing
peux-tu associer la bonne aide,Help_Pairing
"S'il vous plaît, aidez-nous à appairer les aides auditives au téléphone",Help_Pairing
pouvez-vous m'aider à appairer les aides auditives au téléphone,Help_Pairing
"s'il vous plaît, je dois déconnecter les aides auditives du téléphone",Help_Pairing
"peux-tu, je dois déconnecter les aides auditives du téléphone",Help_Pairing
veuillez connecter l'aide auditive gauche,Help_Pairing
pouvez-vous connecter l'aide auditive gauche,Help_Pairing
"s'il vous plaît, j'ai besoin d'aide pour l'appairage au téléphone",Help_Pairing
"peux-tu, j'ai besoin d'aide pour l'appairage au téléphone",Help_Pairing
"s'il vous plaît, j'ai besoin d'aide pour associer mon aide auditive",Help_Pairing
"peux-tu, j'ai besoin d'aide pour associer mon aide auditive",Help_Pairing
veuillez relier le lecteur à l'aide auditive,Help_Pairing
pouvez-vous relier le lecteur à une aide auditive,Help_Pairing
veuillez nous aider à coupler des appareils auditifs avec l'application Thrive,Help_Pairing
pouvez-vous nous aider à coupler des appareils auditifs avec l'application Thrive,Help_Pairing
"s'il vous plaît, j'ai besoin d'aide pour coupler mon aide auditive au téléphone",Help_Pairing
"peux-tu, j'ai besoin d'aide pour associer mon aide auditive au téléphone",Help_Pairing
veuillez coupler mon aide auditive droite,Help_Pairing
peux-tu appairer mon aide auditive droite,Help_Pairing
"s'il vous plaît, je dois associer l'aide auditive à mon téléphone",Help_Pairing
"peux-tu, je dois associer l'aide auditive à mon téléphone",Help_Pairing
"s'il vous plaît, je dois associer mes aides auditives à mon téléphone",Help_Pairing
"peux-tu, je dois associer mes aides auditives à mon téléphone",Help_Pairing
veuillez synchroniser l'aide auditive avec la télévision,Help_Pairing
peux-tu synchroniser l'aide auditive avec la télévision,Help_Pairing
"s'il vous plaît, je dois déconnecter mes aides auditives de mon téléphone",Help_Pairing
"peux-tu, je dois déconnecter mes aides auditives de mon téléphone",Help_Pairing
"s'il vous plaît, j'ai besoin d'aide pour coupler les aides auditives à mon téléphone",Help_Pairing
"peux-tu, j'ai besoin d'aide pour coupler les aides auditives à mon téléphone",Help_Pairing
veuillez associer les aides auditives sur l'application Thrive,Help_Pairing
pouvez-vous coupler des aides auditives sur l'application Thrive,Help_Pairing
"s'il vous plaît, j'ai besoin d'aide pour associer mon aide auditive à mon téléphone",Help_Pairing
"peux-tu, j'ai besoin d'aide pour associer mon aide auditive à mon téléphone",Help_Pairing
"S'il vous plaît, aidez-nous à coupler les aides auditives avec le téléphone.",Help_Pairing
pouvez-vous nous aider à coupler les aides auditives avec le téléphone,Help_Pairing
veuillez associer l'aide gauche,Help_Pairing
peux-tu associer l'aide gauche,Help_Pairing
"s'il vous plaît, j'ai besoin d'aide pour l'appairage avec mon téléphone",Help_Pairing
"peux-tu, j'ai besoin d'aide pour l'appairage avec mon téléphone",Help_Pairing
"s'il vous plaît, aidez-nous à appairer les aides",Help_Pairing
pouvez-vous m'aider à associer les aides,Help_Pairing
"s'il vous plaît, j'ai besoin d'aide pour associer l'aide",Help_Pairing
"peux-tu, j'ai besoin d'aide pour associer l'aide",Help_Pairing
"s'il vous plaît, j'ai besoin d'aide pour l'appairage",Help_Pairing
"peux-tu, j'ai besoin d'aide pour l'appairage",Help_Pairing
veuillez connecter l'aide auditive droite,Help_Pairing
pouvez-vous connecter la bonne aide auditive,Help_Pairing
veuillez associer les aides sur mon application Thrive,Help_Pairing
pouvez-vous associer des aides auditives sur mon application Thrive,Help_Pairing
"s'il vous plaît, associez mes aides auditives à mon téléphone",Help_Pairing
peux-tu associer mes aides auditives à mon téléphone,Help_Pairing
"s'il vous plaît, associez mes aides auditives",Help_Pairing
peux-tu associer mes aides auditives,Help_Pairing
"s'il vous plaît, j'ai besoin d'aide pour appairer les aides",Help_Pairing
"peux-tu, j'ai besoin d'aide pour associer les aides",Help_Pairing
veuillez coupler mes aides auditives au téléphone,Help_Pairing
peux-tu coupler mes aides auditives au téléphone,Help_Pairing
"s'il vous plaît, je dois dissocier mes aides auditives de mon téléphone",Help_Pairing
"peux-tu, je dois dissocier mes aides auditives de mon téléphone",Help_Pairing
"s'il vous plaît, je dois associer mon aide auditive à mon téléphone",Help_Pairing
"peux-tu, je dois associer mon aide auditive à mon téléphone",Help_Pairing
"s'il vous plaît, je dois connecter les aides auditives au téléphone",Help_Pairing
"peux-tu, je dois connecter les aides auditives au téléphone",Help_Pairing
"s'il vous plaît, aidez-moi à appairer mes aides auditives",Help_Pairing
pouvez-vous m'aider à associer mes aides auditives,Help_Pairing
veuillez associer les aides sur l'application,Help_Pairing
pouvez-vous jumeler des aides auditives sur l'application,Help_Pairing
veuillez connecter l'aide appropriée,Help_Pairing
peux-tu connecter la bonne aide,Help_Pairing
veuillez nous aider à appairer les aides auditives sur l'application Thrive,Help_Pairing
pouvez-vous nous aider à appairer les aides auditives sur l'application Thrive,Help_Pairing
veuillez connecter l'aide gauche,Help_Pairing
peux-tu connecter l'aide gauche,Help_Pairing
"s'il vous plaît, j'ai besoin d'aide pour associer mon aide auditive au téléphone",Help_Pairing
"peux-tu, j'ai besoin d'aide pour associer mon aide auditive au téléphone",Help_Pairing
veuillez synchroniser le Bluetooth de la voiture avec l'aide auditive,Help_Pairing
pouvez-vous synchroniser le Bluetooth de la voiture avec une aide auditive,Help_Pairing
"s'il vous plaît, je dois déconnecter mon aide auditive de mon téléphone",Help_Pairing
"peux-tu, je dois déconnecter mon aide auditive de mon téléphone",Help_Pairing
veuillez créer un nouveau rappel,reminders.add
peux-tu créer un nouveau rappel,reminders.add
"s'il te plaît, rappelle-moi de boire de l'eau dans 10 minutes",reminders.add
peux-tu me rappeler de boire de l'eau dans 10 minutes,reminders.add
veuillez régler une alarme pendant 15 minutes,reminders.add
peux-tu régler une alarme pendant 15 minutes,reminders.add
veuillez régler une alarme pour un rendez-vous chez le médecin demain matin,reminders.add
pouvez-vous régler une alarme pour un rendez-vous chez le médecin demain matin,reminders.add
merci de fixer un rendez-vous chez le médecin pour demain à 10h,reminders.add
pouvez-vous fixer un rendez-vous chez le médecin pour demain à 10 heures,reminders.add
veuillez régler une alarme à 8 heures du matin.,reminders.add
peux-tu régler une alarme à 8 heures du matin ?,reminders.add
pouvez-vous prendre rendez-vous,reminders.add
veuillez prendre rendez-vous demain,reminders.add
peux-tu prendre rendez-vous demain,reminders.add
veuillez prendre rendez-vous en physiothérapie demain matin à 8h40.,reminders.add
pouvez-vous planifier un rendez-vous de physiothérapie demain matin à 8h40 ?,reminders.add
peux-tu chaque mois,reminders.add
peux-tu chaque semaine,reminders.add
peux-tu tous les jours,reminders.add
peux-tu tous les jours,reminders.add
veuillez créer un rappel,reminders.add
peux-tu configurer un rappel,reminders.add
peux-tu rappeler,reminders.add
s'il te plaît fais un rappel,reminders.add
peux-tu faire un rappel,reminders.add
n'oubliez pas de vous entraîner,reminders.add
peux-tu te rappeler de t'entraîner,reminders.add
n'oubliez pas de regarder,reminders.add
peux-tu te rappeler de regarder,reminders.add
n'oubliez pas de laver la voiture dans 4 heures,reminders.add
peux-tu te rappeler de laver la voiture dans 4 heures,reminders.add
n'oubliez pas de laver ma voiture,reminders.add
peux-tu te rappeler de laver ma voiture,reminders.add
n'oubliez pas de vous réveiller demain,reminders.add
peux-tu te rappeler de te réveiller demain,reminders.add
n'oubliez pas de vous réveiller à 7 heures du matin.,reminders.add
peux-tu te rappeler de te réveiller à 7 heures du matin ?,reminders.add
n'oubliez pas de vous réveiller à 6 heures du matin.,reminders.add
peux-tu te rappeler de te réveiller à 6 heures du matin ?,reminders.add
n'oubliez pas de prendre de la vitamine D à 19 heures. tous les jours,reminders.add
peux-tu te rappeler de prendre de la vitamine D à 19h ? tous les jours,reminders.add
n'oubliez pas de rendre visite à ma famille le jour de Thanksgiving,reminders.add
peux-tu te rappeler de rendre visite à ma famille le jour de Thanksgiving,reminders.add
n'oubliez pas d'allumer les lumières à 20 heures.,reminders.add
peux-tu te rappeler d'allumer les lumières à 20 heures ?,reminders.add
n'oubliez pas d'éteindre mon téléphone tous les jours à 23 heures.,reminders.add
peux-tu te rappeler d'éteindre mon téléphone tous les jours à 23 heures.,reminders.add
n'oubliez pas de prendre mes médicaments mardi matin à 10h.,reminders.add
peux-tu te rappeler de prendre mes médicaments mardi matin à 10h,reminders.add
n'oubliez pas de prendre des médicaments demain matin,reminders.add
peux-tu te rappeler de prendre des médicaments demain matin,reminders.add
n'oubliez pas de prendre vos médicaments aujourd'hui à 17 heures.,reminders.add
peux-tu te rappeler de prendre des médicaments aujourd'hui à 17 heures ?,reminders.add
n'oubliez pas de prendre vos médicaments jeudi prochain à 16h.,reminders.add
peux-tu penser à prendre des médicaments jeudi prochain à 16h ?,reminders.add
n'oubliez pas de prendre des médicaments,reminders.add
peux-tu te rappeler de prendre des médicaments,reminders.add
n'oubliez pas de prendre vos médicaments aujourd'hui à 17 heures.,reminders.add
pouvez-vous vous rappeler de prendre vos médicaments aujourd'hui à 17 heures.,reminders.add
n'oubliez pas d'étudier demain,reminders.add
peux-tu te rappeler d'étudier demain,reminders.add
veuillez définir un rappel,reminders.add
peux-tu définir un rappel,reminders.add
"s'il te plaît, ne me laisse pas oublier",reminders.add
peux-tu ne pas me laisser oublier,reminders.add
peux-tu me rappeler,reminders.add
"s'il te plaît, je veux qu'on me le rappelle",reminders.add
"peux-tu, je veux qu'on me le rappelle",reminders.add
veuillez créer un rappel,reminders.add
peux-tu créer un rappel,reminders.add
"s'il te plaît, rappelle-moi d'aller courir tous les mercredis à 7 heures du matin.",reminders.add
peux-tu me rappeler d'aller courir tous les mercredis à 7 heures du matin,reminders.add
merci de me rappeler de prendre mes médicaments jeudi prochain à 16h.,reminders.add
peux-tu me rappeler de prendre des médicaments jeudi prochain à 16h.,reminders.add
"s'il te plaît, rappelle-moi de récupérer ma voiture vendredi matin",reminders.add
peux-tu me rappeler de récupérer ma voiture vendredi matin,reminders.add
"s'il te plaît, rappelle-moi de récupérer ma voiture vendredi matin prochain",reminders.add
peux-tu me rappeler de récupérer ma voiture vendredi matin prochain,reminders.add
merci de me rappeler de prendre mes médicaments mardi matin à 10h.,reminders.add
peux-tu me rappeler de prendre mes médicaments mardi matin à 10h,reminders.add
rappelez-moi de récupérer mon ordonnance mardi à 17h.,reminders.add
peux-tu me rappeler de récupérer mon ordonnance mardi à 17h.,reminders.add
merci de me rappeler de récupérer mon ordonnance mercredi à 17h.,reminders.add
peux-tu me rappeler de récupérer mon ordonnance mercredi à 17h.,reminders.add
rappelez-moi de récupérer mon ordonnance jeudi à 17h.,reminders.add
peux-tu me rappeler de récupérer mon ordonnance jeudi à 17h.,reminders.add
rappelez-moi de récupérer mon ordonnance samedi à 17h.,reminders.add
peux-tu me rappeler de récupérer mon ordonnance samedi à 17h.,reminders.add
rappelez-moi de récupérer mon ordonnance dimanche à 17h.,reminders.add
peux-tu me rappeler de récupérer mon ordonnance dimanche à 17h.,reminders.add
merci de me rappeler de récupérer mon ordonnance à 17h. le dimanche,reminders.add
pouvez-vous me rappeler de récupérer mon ordonnance à 17h. le dimanche,reminders.add
merci de me rappeler de récupérer mon ordonnance à 17h. Samedi,reminders.add
pouvez-vous me rappeler de récupérer mon ordonnance à 17h. Samedi,reminders.add
merci de me rappeler de récupérer mon ordonnance à 17h. vendredi,reminders.add
pouvez-vous me rappeler de récupérer mon ordonnance à 17h. vendredi,reminders.add
merci de me rappeler de récupérer mon ordonnance à 17h. jeudi,reminders.add
pouvez-vous me rappeler de récupérer mon ordonnance à 17h. jeudi,reminders.add
merci de me rappeler de récupérer mon ordonnance à 17h. le mercredi,reminders.add
pouvez-vous me rappeler de récupérer mon ordonnance à 17h. le mercredi,reminders.add
merci de me rappeler de récupérer mon ordonnance à 17h. mardi,reminders.add
pouvez-vous me rappeler de récupérer mon ordonnance à 17h. mardi,reminders.add
merci de me rappeler de récupérer mon ordonnance à 17h. le lundi,reminders.add
pouvez-vous me rappeler de récupérer mon ordonnance à 17h. le lundi,reminders.add
rappelez-moi de récupérer mon ordonnance lundi à 17h.,reminders.add
pouvez-vous me rappeler de récupérer mon ordonnance lundi à 17h.,reminders.add
rappelez-moi de récupérer mon ordonnance vendredi à 17h.,reminders.add
pouvez-vous me rappeler de récupérer mon ordonnance vendredi à 17h.,reminders.add
veuillez créer un rappel pour prendre vos médicaments aujourd'hui à 20 h.,reminders.add
pouvez-vous créer un rappel pour prendre vos médicaments aujourd'hui à 20 heures.,reminders.add
"s'il te plaît, rappelle-moi de prendre mes médicaments aujourd'hui à 17 heures.",reminders.add
pouvez-vous me rappeler de prendre des médicaments aujourd'hui à 17 heures.,reminders.add
"s'il te plaît, rappelle-moi de boire de l'eau tous les jours à 10 heures du matin",reminders.add
peux-tu me rappeler de boire de l'eau tous les jours à 10 heures du matin,reminders.add
"s'il vous plaît, rappelez-moi de boire de l'eau plus tard dans la journée à 17 heures.",reminders.add
pouvez-vous me rappeler de boire de l'eau plus tard dans la journée à 17 heures.,reminders.add
"s'il te plaît, rappelle-moi de prendre des médicaments demain matin",reminders.add
peux-tu me rappeler de prendre des médicaments demain matin,reminders.add
"s'il te plaît, rappelle-moi de récupérer mon ordonnance cet après-midi",reminders.add
peux-tu me rappeler de récupérer mon ordonnance cet après-midi,reminders.add
"s'il te plaît, rappelle-moi de renouveler mon ordonnance demain après-midi",reminders.add
peux-tu me rappeler de renouveler mon ordonnance demain après-midi,reminders.add
veuillez définir un rappel pour boire de l'eau aujourd'hui,reminders.add
pouvez-vous définir un rappel pour boire de l'eau aujourd'hui,reminders.add
veuillez définir un rappel pour faire de l'exercice aujourd'hui,reminders.add
pouvez-vous définir un rappel pour faire de l'exercice aujourd'hui,reminders.add
veuillez définir un rappel pour nettoyer les aides auditives dès aujourd'hui,reminders.add
pouvez-vous définir un rappel pour nettoyer les aides auditives aujourd'hui,reminders.add
veuillez définir un rappel pour récupérer votre ordonnance aujourd'hui à 17 h.,reminders.add
pouvez-vous définir un rappel pour récupérer votre ordonnance aujourd'hui à 17 heures.,reminders.add
veuillez définir un rappel pour renouveler l'ordonnance demain,reminders.add
pouvez-vous définir un rappel pour renouveler votre ordonnance demain,reminders.add
veuillez définir un rappel pour prendre vos médicaments aujourd'hui à 17 heures.,reminders.add
pouvez-vous définir un rappel pour prendre vos médicaments aujourd'hui à 17 heures.,reminders.add
"s'il te plaît, rappelle-moi de boire de l'eau aujourd'hui",reminders.add
peux-tu me rappeler de boire de l'eau aujourd'hui,reminders.add
"s'il te plaît, rappelle-moi de faire de l'exercice aujourd'hui",reminders.add
peux-tu me rappeler de faire de l'exercice aujourd'hui,reminders.add
"s'il te plaît, rappelle-moi de nettoyer les aides auditives aujourd'hui",reminders.add
peux-tu me rappeler de nettoyer mes aides auditives aujourd'hui,reminders.add
s'il vous plaît rappelez-moi de récupérer l'ordonnance aujourd'hui à 17 heures.,reminders.add
pouvez-vous me rappeler de récupérer mon ordonnance aujourd'hui à 17 heures.,reminders.add
"s'il te plaît, rappelle-moi de renouveler l'ordonnance demain",reminders.add
peux-tu me rappeler de renouveler l'ordonnance demain,reminders.add
"s'il vous plaît, rappelez-moi de prendre mes médicaments aujourd'hui à 17 heures.",reminders.add
pouvez-vous me rappeler de prendre mes médicaments aujourd'hui à 17 heures.,reminders.add
veuillez définir un rappel pour boire de l'eau à 21 heures. tous les mardis,reminders.add
pouvez-vous définir un rappel pour boire de l'eau à 21 heures ? tous les mardis,reminders.add
veuillez définir un rappel pendant 5 minutes,reminders.add
peux-tu définir un rappel pendant 5 minutes,reminders.add
veuillez configurer un rappel pour prendre vos médicaments à 13 heures.,reminders.add
pouvez-vous configurer un rappel pour prendre des médicaments à 13 heures ?,reminders.add
veuillez définir un rappel pour prendre les médicaments à 13 heures.,reminders.add
pouvez-vous définir un rappel pour prendre des médicaments à 13 heures ?,reminders.add
"s'il vous plaît, rappelez-moi de faire les courses tous les mois le 15 à 13 heures.",reminders.add
peux-tu me rappeler de faire les courses tous les mois le 15 à 13h ?,reminders.add
"s'il te plaît, rappelle-moi d'aller à l'épicerie tous les dimanches midi",reminders.add
peux-tu me rappeler d'aller à l'épicerie tous les dimanches midi,reminders.add
rappelez-moi d'envoyer des cartes de Noël chaque année le 1er décembre à 17h.,reminders.add
peux-tu me rappeler d'envoyer des cartes de Noël chaque année le 1er décembre à 17h.,reminders.add
veuillez créer un rappel quotidien pour prendre vos médicaments à 17 heures.,reminders.add
pouvez-vous créer un rappel quotidien pour prendre vos médicaments à 17 heures ?,reminders.add
"s'il te plaît, rappelle-moi de m'entraîner demain matin à 6 heures",reminders.add
peux-tu me rappeler de m'entraîner demain matin à 6 heures,reminders.add
"s'il te plaît, rappelle-moi de courir à 14 heures. à Halloween",reminders.add
peux-tu me rappeler de courir à 14 heures. à Halloween,reminders.add
"s'il te plaît, rappelle-moi de dîner tous les dimanches à 8 heures du matin.",reminders.add
peux-tu me rappeler de dîner tous les dimanches à 8 heures du matin,reminders.add
"veuillez définir un rappel pour 7 heures demain concernant le dîner, s'il vous plaît",reminders.add
"pouvez-vous définir un rappel pour 7 heures demain concernant le dîner, s'il vous plaît",reminders.add
"s'il te plaît, rappelle-moi pour demain",reminders.add
peux-tu me rappeler pour demain,reminders.add
n'oubliez pas de courir tous les jours à 6 heures du matin.,reminders.add
pouvez-vous vous rappeler de courir tous les jours à 6 heures du matin,reminders.add
"s'il te plaît, rappelle-moi d'étudier demain",reminders.add
peux-tu me rappeler d'étudier demain,reminders.add
"s'il te plaît, rappelle-moi mon rendez-vous chez le médecin",reminders.add
peux-tu me rappeler mon rendez-vous chez le médecin,reminders.add
"s'il te plaît, rappelle-moi de me réveiller à 6 heures du matin.",reminders.add
peux-tu me rappeler de me réveiller à 6 heures du matin,reminders.add
s'il vous plaît envoyez-moi un rappel pour partir au travail dans 10 minutes,reminders.add
peux-tu m'envoyer un rappel pour partir travailler dans 10 minutes,reminders.add
"s'il te plaît, rappelle-moi le 27 août pour mon vol",reminders.add
peux-tu me rappeler le 27 août mon vol,reminders.add
"s'il te plaît, rappelle-moi le dîner à 15h.",reminders.add
peux-tu me rappeler le dîner à 15h.,reminders.add
"s'il te plaît, rappelle-moi à 19 heures. le 11 novembre pour faire ses devoirs",reminders.add
peux-tu me rappeler à 19 heures le 11 novembre pour faire ses devoirs,reminders.add
"s'il te plaît, rappelle-moi d'allumer les lumières à 20 heures.",reminders.add
peux-tu me rappeler d'allumer les lumières à 20 heures.,reminders.add
"s'il te plaît, rappelle-moi d'appeler demain",reminders.add
peux-tu me rappeler d'appeler demain,reminders.add
veuillez définir un rappel pour demain matin,reminders.add
peux-tu définir un rappel pour demain matin,reminders.add
merci de me le rappeler à 14h35. demain ne pas se garer sur le parking arrière,reminders.add
peux-tu me rappeler à 14h35 demain ne pas se garer sur le parking arrière,reminders.add
merci de me rappeler de livrer à l'église catholique sainte barbara le vendredi de 9h à 9h30,reminders.add
pouvez-vous me rappeler de livrer à l'église catholique Sainte-Barbara le vendredi de 9h à 9h30,reminders.add
"s'il te plaît, rappelle-moi d'aller me coucher dans 5 minutes",reminders.add
peux-tu me rappeler d'aller me coucher dans 5 minutes,reminders.add
"s'il te plaît, rappelle-moi de venir chercher Joe dans 30 minutes",reminders.add
peux-tu me rappeler de venir chercher Joe dans 30 minutes,reminders.add
"s'il te plaît, rappelle-moi de me brosser les dents",reminders.add
peux-tu me rappeler de me brosser les dents,reminders.add
"s'il te plaît, rappelle-moi le dîner dans 1 minute",reminders.add
peux-tu me rappeler le dîner dans 1 minute,reminders.add
"s'il te plaît, rappelle-moi d'aller travailler le 19 août",reminders.add
peux-tu me rappeler d'aller travailler le 19 août,reminders.add
"s'il te plaît, rappelle-moi à 13 heures. que je dois manger",reminders.add
peux-tu me rappeler à 13 heures. que je dois manger,reminders.add
"merci de rappeler pour 16h15. aujourd'hui, rends visite à grand-mère s'il te plaît",reminders.add
"peux-tu rappeler pour 16h15 ? aujourd'hui, rends visite à grand-mère s'il te plaît",reminders.add
veuillez définir un rappel pour tous les jours,reminders.add
peux-tu définir un rappel pour tous les jours,reminders.add
"s'il te plaît, rappelle-moi à midi",reminders.add
peux-tu me rappeler à midi,reminders.add
"s'il te plaît, rappelle-moi vendredi",reminders.add
peux-tu me rappeler vendredi,reminders.add
"s'il te plaît, rappelle-moi demain pour",reminders.add
peux-tu me rappeler demain,reminders.add
"s'il te plaît, rappelle-moi une réunion le 27 août",reminders.add
peux-tu me rappeler une réunion du 27 août,reminders.add
rappelez-moi s'il vous plaît de recharger mon téléphone tous les jours à 23h00.,reminders.add
pouvez-vous me rappeler de recharger mon téléphone tous les jours à 23h00 ?,reminders.add
"s'il te plaît, rappelle-moi d'appeler quelqu'un tous les jours à 16 heures.",reminders.add
peux-tu me rappeler d'appeler quelqu'un tous les jours à 16 heures.,reminders.add
rappelez-moi d'éteindre mon téléphone tous les jours à 23 heures.,reminders.add
peux-tu me rappeler d'éteindre mon téléphone tous les jours à 23 heures.,reminders.add
"s'il te plaît, j'ai besoin d'un rappel pour aujourd'hui",reminders.add
"peux-tu, j'ai besoin d'un rappel pour aujourd'hui",reminders.add
veuillez ajouter un rappel pour demain,reminders.add
peux-tu ajouter un rappel pour demain,reminders.add
"s'il te plaît, rappelle-moi de m'entraîner",reminders.add
peux-tu me rappeler de m'entraîner,reminders.add
"s'il te plaît, rappelle-moi de me réveiller demain",reminders.add
peux-tu me rappeler de me réveiller demain,reminders.add
"s'il te plaît, rappelle-moi demain",reminders.add
peux-tu me le rappeler demain,reminders.add
veuillez rappeler le vol à 6 heures du matin.,reminders.add
pouvez-vous rappeler votre vol à 6 heures du matin ?,reminders.add
"s'il te plaît, aide-moi à me rappeler d'appeler bébé demain à 9 heures",reminders.add
peux-tu m'aider à me rappeler d'appeler bébé demain à 9 heures,reminders.add
"s'il vous plaît, nouveau rappel, mangez une pomme tous les jours à 9 heures du matin.",reminders.add
"peux-tu, nouveau rappel, manger une pomme tous les jours à 9 heures du matin ?",reminders.add
"s'il te plaît, ne me laisse pas oublier d'aller chercher du lait aujourd'hui",reminders.add
peux-tu ne pas me laisser oublier d'aller chercher du lait aujourd'hui,reminders.add
"s'il te plaît, rappelle-moi tous les jours",reminders.add
peux-tu me le rappeler tous les jours,reminders.add
"s'il te plaît, rappelle-moi le rendez-vous",reminders.add
peux-tu me rappeler le rendez-vous,reminders.add
"s'il te plaît, rappelle-moi d'acheter du pain à 11 heures demain",reminders.add
peux-tu me rappeler d'acheter du pain à 11 heures demain,reminders.add
"s'il vous plaît, un nouveau rappel pour tous les jours",reminders.add
peux-tu un nouveau rappel pour tous les jours,reminders.add
veuillez ajouter un rappel pour nourrir un chat en 3 minutes,reminders.add
pouvez-vous ajouter un rappel pour nourrir un chat en 3 minutes,reminders.add
s'il vous plaît rappelez-vous de jouer avec mon chat tous les jours à 19h.,reminders.add
peux-tu me rappeler de jouer avec mon chat tous les jours à 19h ?,reminders.add
"s'il te plaît, rappelle-moi de laver ma voiture",reminders.add
peux-tu me rappeler de laver ma voiture,reminders.add
"s'il te plaît, j'ai besoin d'un rappel demain",reminders.add
"peux-tu, j'ai besoin d'un rappel demain",reminders.add
"s'il te plaît, rappelle-moi à midi",reminders.add
peux-tu me le rappeler à midi,reminders.add
"s'il te plaît, rappelle-moi le week-end",reminders.add
peux-tu me le rappeler le week-end,reminders.add
"s'il te plaît, rappelle-moi de prendre des médicaments",reminders.add
peux-tu me rappeler de prendre des médicaments,reminders.add
veuillez définir un rappel pour jeudi,reminders.add
peux-tu définir un rappel pour jeudi,reminders.add
veuillez définir un rappel pendant 1 heure,reminders.add
peux-tu définir un rappel pendant 1 heure,reminders.add
"s'il vous plaît, rappelez-moi de faire bouillir de l'eau tous les matins avant 7 heures du matin.",reminders.add
peux-tu me rappeler de faire bouillir de l'eau tous les matins avant 7 heures du matin,reminders.add
"veuillez définir un rappel pour 7h00 demain, yoga",reminders.add
"pouvez-vous définir un rappel pour 7 heures demain, yoga",reminders.add
"s'il vous plaît, nouveau rappel sur la forme physique",reminders.add
pouvez-vous un nouveau rappel sur la forme physique,reminders.add
"s'il te plaît, rappelle-moi les frères de sang",reminders.add
peux-tu me rappeler les frères de sang,reminders.add
"s'il te plaît, rappelle-moi que j'ai un rendez-vous chez le médecin",reminders.add
peux-tu me rappeler que j'ai un rendez-vous chez le médecin,reminders.add
veuillez définir un rappel pour acheter du lait le 11 novembre à 17h.,reminders.add
pouvez-vous définir un rappel d'achat de lait le 11 novembre à 17h ?,reminders.add
"s'il te plaît, rappelle-moi de voir le tableau dans 5 minutes",reminders.add
peux-tu me rappeler de voir la table dans 5 minutes,reminders.add
"s'il te plaît, rappelle-moi de vérifier mon ordinateur",reminders.add
peux-tu me rappeler de vérifier mon ordinateur,reminders.add
"s'il te plaît, rappelle-moi d'aller dormir",reminders.add
peux-tu me rappeler d'aller dormir,reminders.add
"s'il te plaît, rappelle-moi de payer ma facture de carte de crédit",reminders.add
peux-tu me rappeler de payer ma facture de carte de crédit,reminders.add
"s'il te plaît, rappelle-moi que j'ai un rendez-vous",reminders.add
peux-tu me rappeler que j'ai un rendez-vous,reminders.add
veuillez définir un rappel pendant 5 minutes,reminders.add
pouvez-vous définir un rappel pendant 5 minutes,reminders.add
"s'il te plaît, rappelle-moi le dîner dans 1 heure",reminders.add
peux-tu me rappeler le dîner dans 1 heure,reminders.add
veuillez définir un rappel concernant le lavage de la voiture,reminders.add
pouvez-vous définir un rappel concernant le lavage de la voiture,reminders.add
"s'il te plaît, rappelle-moi dans 15 minutes d'aller au bar",reminders.add
peux-tu me rappeler dans 15 minutes d'aller au bar,reminders.add
"s'il te plaît, rappelle-moi d'acheter des billets de cinéma pour vendredi soir",reminders.add
peux-tu me rappeler d'acheter des billets de cinéma pour vendredi soir,reminders.add
s'il vous plaît rappelez-vous pour aujourd'hui,reminders.add
peux-tu me rappeler pour aujourd'hui,reminders.add
"veuillez définir un rappel pour le dîner avec Tom, s'il vous plaît",reminders.add
"pouvez-vous définir un rappel pour le dîner avec Tom, s'il vous plaît",reminders.add
"s'il te plaît, rappelle-moi d'appeler papa",reminders.add
peux-tu me rappeler d'appeler papa,reminders.add
"s'il te plaît, rappelle-moi de regarder",reminders.add
peux-tu me rappeler de regarder,reminders.add
"s'il te plaît, rappelle-moi de rendre visite à ma famille le jour de Thanksgiving",reminders.add
peux-tu me rappeler de rendre visite à ma famille le jour de Thanksgiving,reminders.add
"s'il te plaît, rappelle-moi la réunion des professeurs de vendredi",reminders.add
peux-tu me rappeler la réunion des professeurs de vendredi,reminders.add
"s'il vous plaît, rappelez-moi la recherche en nutrition demain à 8 heures.",reminders.add
peux-tu me rappeler la recherche en nutrition demain à 8 heures.,reminders.add
merci de rappeler les rendez-vous d'affaires tous les lundis à 16h.,reminders.add
pouvez-vous rappeler votre réunion d'affaires tous les lundis à 16 heures ?,reminders.add
"s'il te plaît, rappelle-moi que j'ai un rendez-vous chez le médecin",reminders.add
peux-tu me rappeler que j'ai un rendez-vous chez le médecin,reminders.add
"s'il te plaît, rappelle-moi à 11 heures du matin",reminders.add
peux-tu me rappeler à 11 heures du matin,reminders.add
n'oubliez pas de courir à 6 heures du matin le 7 décembre,reminders.add
pouvez-vous vous rappeler de courir à 6 heures du matin le 7 décembre,reminders.add
"s'il te plaît, rappelle-moi de me réveiller à 7 heures du matin.",reminders.add
peux-tu me rappeler de me réveiller à 7 heures du matin,reminders.add
"s'il te plaît, rappelle-moi aujourd'hui",reminders.add
peux-tu me le rappeler aujourd'hui,reminders.add
rappelez-moi s'il vous plaît de réserver une place de parking pour ma croisière de carnaval,reminders.add
peux-tu me rappeler de réserver une place de parking pour ma croisière de carnaval,reminders.add
"s'il te plaît, rappelle-moi d'appeler José demain",reminders.add
peux-tu me rappeler d'appeler José demain,reminders.add
"s'il te plaît, rappelle-moi de faire mes devoirs le 11 novembre à 19h.",reminders.add
peux-tu me rappeler de faire mes devoirs le 11 novembre à 19h ?,reminders.add
veuillez rappeler la fête à 12h. vendredi,reminders.add
pouvez-vous rappeler la fête à 12 heures ? vendredi,reminders.add
veuillez définir un rappel pour 8 heures du matin.,reminders.add
pouvez-vous définir un rappel pour 8 heures du matin ?,reminders.add
"s'il te plaît, rappelle-moi d'appeler maman à Noël",reminders.add
peux-tu me rappeler d'appeler maman à Noël,reminders.add
"s'il te plaît, rappelle-moi d'appeler mon frère le jour des anciens combattants",reminders.add
peux-tu me rappeler d'appeler mon frère le jour des anciens combattants,reminders.add
"s'il te plaît, rappelle-moi la vidéo tous les jours à midi",reminders.add
peux-tu me rappeler la vidéo tous les jours à midi,reminders.add
"s'il vous plaît, nouveau rappel sur le lavage de la voiture",reminders.add
pouvez-vous un nouveau rappel sur le lavage de la voiture,reminders.add
"s'il te plaît, rappelle-moi la réunion parents/profs de vendredi",reminders.add
peux-tu me rappeler la réunion parents/profs de vendredi,reminders.add
"s'il te plaît, rappelle-moi mon rendez-vous",reminders.add
peux-tu me rappeler mon rendez-vous,reminders.add
merci de me rappeler les examens tous les vendredis à 19h.,reminders.add
peux-tu me rappeler les examens tous les vendredis à 19h ?,reminders.add
"s'il te plaît, rappelle-moi de boire de l'eau dans 5 minutes",reminders.add
peux-tu me rappeler de boire de l'eau dans 5 minutes,reminders.add
veuillez définir un rappel pour demain,reminders.add
peux-tu définir un rappel pour demain,reminders.add
"s'il te plaît, rappelle-moi d'aller courir à 6 heures du matin.",reminders.add
peux-tu me rappeler d'aller courir à 6 heures du matin,reminders.add
"veuillez définir un rappel concernant la promenade du chien, répétez-le tous les jours à 9 heures du matin.",reminders.add
"pouvez-vous définir un rappel concernant la promenade du chien, répétez-le tous les jours à 9 heures du matin",reminders.add
"s'il te plaît, rappelle-moi jeudi",reminders.add
peux-tu me le rappeler jeudi,reminders.add
s'il vous plaît rappelez-vous pour ce soir,reminders.add
peux-tu un rappel pour ce soir,reminders.add
veuillez définir un rappel à 14 heures.,reminders.add
pouvez-vous définir un rappel pour 14 heures ?,reminders.add
"s'il te plaît, rappelle-moi de faire de l'exercice ce soir",reminders.add
peux-tu me rappeler de faire de l'exercice ce soir,reminders.add
"s'il te plaît, rappelle-moi une fois de courir",reminders.add
peux-tu me rappeler une fois de courir,reminders.add
veuillez définir un rappel pour le 25 novembre,reminders.add
pouvez-vous définir un rappel pour le 25 novembre,reminders.add
"s'il te plaît, rappelle-moi de laver la voiture",reminders.add
peux-tu me rappeler de laver la voiture,reminders.add
"s'il te plaît, rappelle-moi 22h30. fermer le restaurant",reminders.add
peux-tu me rappeler 22h30 ? fermer le restaurant,reminders.add
"s'il te plaît, rappelle-moi tous les jours de lire un livre à 18 heures.",reminders.add
peux-tu me rappeler tous les jours de lire un livre à 18 heures.,reminders.add
"s'il te plaît, rappelle-moi de nourrir mon chat s'il te plaît",reminders.add
peux-tu me rappeler de nourrir mon chat s'il te plaît,reminders.add
"s'il te plaît, rappelle-moi d'appeler",reminders.add
peux-tu s'il te plaît me rappeler d'appeler,reminders.add
"s'il te plaît, rappelle-moi d'acheter du lait mardi à 20h.",reminders.add
peux-tu me rappeler d'acheter du lait mardi à 20h.,reminders.add
veuillez régler le rappel à 17 heures.,reminders.add
pouvez-vous régler le rappel à 17 heures ?,reminders.add
veuillez m'envoyer un rappel pour payer la facture du câble le 3 mars,reminders.add
pouvez-vous m'envoyer un rappel pour payer la facture du câble le 3 mars,reminders.add
"s'il te plaît, rappelle-moi le dîner à 15h23",reminders.add
peux-tu me rappeler le dîner à 15h23,reminders.add
veuillez ajouter un rappel avec le titre de lavage de voiture,reminders.add
pouvez-vous ajouter un rappel avec le titre de lavage de voiture,reminders.add
"s'il te plaît, rappelle-moi d'acheter des chaussures à Paris",reminders.add
peux-tu me rappeler d'acheter des chaussures à Paris,reminders.add
"s'il te plaît, rappelle-moi d'aller chez le médecin",reminders.add
peux-tu me rappeler d'aller chez le médecin,reminders.add
"s'il te plaît, rappelle-moi demain à 9 heures.",reminders.add
peux-tu me le rappeler demain à 9 heures.,reminders.add
"s'il te plaît, rappelle-moi de prendre de la vitamine D à 19 heures. tous les jours",reminders.add
peux-tu me rappeler de prendre de la vitamine D à 19h. tous les jours,reminders.add
veuillez ajouter un rappel pour la réunion,reminders.add
pouvez-vous ajouter un rappel pour une réunion,reminders.add
"s'il te plaît, rappelle-moi de laver la voiture dans 4 heures",reminders.add
peux-tu me rappeler de laver la voiture dans 4 heures,reminders.add
pouvez-vous rappeler le commerçant,reminders.add
pouvez-vous quelle version de l'application j'utilise ?,Help_AppSettings
puis-je utiliser le mode basique ou avancé ?,Help_AppSettings
pouvez-vous version de l'application,Help_AppSettings
pouvez-vous quelle version de l'application ai-je ?,Help_AppSettings
"s'il vous plaît, je veux me connecter à mon audiologiste",Help_RemoteProgramming
"peux-tu, je veux me connecter à mon audiologiste",Help_RemoteProgramming
"s'il vous plaît, j'ai besoin d'un ajustement de mes aides auditives",Help_RemoteProgramming
"peux-tu, j'ai besoin d'un ajustement de mes aides auditives",Help_RemoteProgramming
veuillez me connecter à mon audiologiste,Help_RemoteProgramming
peux-tu me mettre en contact avec mon audiologiste,Help_RemoteProgramming
"s'il vous plaît, je veux parler à mon audiologiste",Help_RemoteProgramming
"peux-tu, je veux parler à mon audiologiste",Help_RemoteProgramming
"s'il vous plaît, j'ai besoin d'un ajustement de mes aides auditives",Help_RemoteProgramming
"peux-tu, j'ai besoin d'un ajustement de mes aides auditives",Help_RemoteProgramming
"s'il vous plaît, je dois en parler à mon audiologiste",Help_RemoteProgramming
"peux-tu, je dois en parler à mon audiologiste",Help_RemoteProgramming
"s'il vous plaît, aidez-moi avec la programmation à distance",Help_RemoteProgramming
pouvez-vous m'aider avec la programmation à distance,Help_RemoteProgramming
"s'il te plaît, montre-moi comment utiliser le rappel",Help_Reminder
peux-tu me montrer comment utiliser le rappel,Help_Reminder
"s'il te plaît, amène-moi à l'aide de rappel",Help_Reminder
peux-tu m'emmener au rappel d'aide,Help_Reminder
"s'il vous plaît, parlez-moi de la fonction de rappels",Help_Reminder
pouvez-vous me parler de la fonctionnalité de rappels,Help_Reminder
merci de rappeler le mode d'emploi,Help_Reminder
pouvez-vous rappeler le guide d'utilisation,Help_Reminder
"s'il vous plaît, aidez-moi avec les paramètres de l'appareil",Help_DeviceSettings
pouvez-vous m'aider avec les paramètres de l'appareil,Help_DeviceSettings
veuillez trouver clairement le nom du produit des aides auditives,Help_DeviceSettings
pouvez-vous trouver clairement le nom du produit des aides auditives,Help_DeviceSettings
"s'il vous plaît, je n'aime pas la fonction de double tapotement. comment puis-je l'éteindre ?",Help_DeviceSettings
"pouvez-vous, je n'aime pas la fonction de double pression. comment puis-je l'éteindre ?",Help_DeviceSettings
peux-tu biper,Help_DeviceSettings
peux-tu émettre un bip pour changer,Help_DeviceSettings
"s'il vous plaît, j'ai besoin d'aide avec mes paramètres",Help_DeviceSettings
"peux-tu, j'ai besoin d'aide avec mes paramètres",Help_DeviceSettings
peux-tu changer de ton,Help_DeviceSettings
"s'il vous plaît, aidez-moi à changer les souvenirs de mon aide auditive",Help_ChangingMemories
pouvez-vous m'aider à changer les souvenirs avec mon aide auditive,Help_ChangingMemories
"s'il vous plaît, aidez-moi à changer les programmes de mon aide auditive",Help_ChangingMemories
pouvez-vous m'aider à changer les programmes de mon aide auditive,Help_ChangingMemories
"s'il vous plaît, aidez-nous à changer de programme par téléphone",Help_ChangingMemories
pouvez-vous m'aider à changer de programme par téléphone,Help_ChangingMemories
"S'il vous plaît, aidez-nous à changer de souvenirs à l'aide de l'application Thrive.",Help_ChangingMemories
pouvez-vous nous aider à changer de souvenirs à l'aide de l'application Thrive,Help_ChangingMemories
"s'il vous plaît, aidez-moi à changer de souvenirs",Help_ChangingMemories
peux-tu m'aider à changer les souvenirs,Help_ChangingMemories
"s'il vous plaît, où est le bouton pour la mémoire ?",Help_ChangingMemories
"s'il vous plaît, aidez-nous à changer de programme en utilisant mon application Thrive",Help_ChangingMemories
pouvez-vous m'aider à changer de programme en utilisant mon application Thrive,Help_ChangingMemories
"s'il vous plaît, aidez-moi à changer de programme en utilisant mon application",Help_ChangingMemories
pouvez-vous m'aider à changer de programme en utilisant mon application,Help_ChangingMemories
"s'il vous plaît, aidez-nous à changer de programme à l'aide de l'application",Help_ChangingMemories
pouvez-vous nous aider à changer de programme à l'aide de l'application,Help_ChangingMemories
"s'il vous plaît, aidez-nous à changer de souvenirs à l'aide de l'application",Help_ChangingMemories
pouvez-vous nous aider à changer de souvenirs à l'aide de l'application,Help_ChangingMemories
"s'il vous plaît, aidez-moi à changer les souvenirs de mes aides auditives",Help_ChangingMemories
pouvez-vous m'aider à changer les souvenirs de mes aides auditives,Help_ChangingMemories
"s'il vous plaît, aidez-moi à changer de programme sur mon aide auditive",Help_ChangingMemories
pouvez-vous m'aider à changer de programme sur mon aide auditive,Help_ChangingMemories
"s'il vous plaît, aidez-moi à changer de programme sur mon téléphone",Help_ChangingMemories
pouvez-vous m'aider à changer de programme sur mon téléphone,Help_ChangingMemories
"s'il vous plaît, où est le bouton mémoire ?",Help_ChangingMemories
"s'il vous plaît, aidez-nous à changer de programme",Help_ChangingMemories
pouvez-vous m'aider à changer de programme,Help_ChangingMemories
"s'il vous plaît, aidez-moi à changer de programme sur mes aides auditives",Help_ChangingMemories
pouvez-vous m'aider à changer de programme sur mes aides auditives,Help_ChangingMemories
"s'il vous plaît, aidez-moi à changer de programme sur mes aides auditives",Help_ChangingMemories
pouvez-vous m'aider à changer de programme sur mes aides auditives,Help_ChangingMemories
"s'il vous plaît, aidez-moi à changer de souvenirs en utilisant mon application",Help_ChangingMemories
pouvez-vous m'aider à changer de souvenirs en utilisant mon application,Help_ChangingMemories
peux-tu bouton mémoire,Help_ChangingMemories
"s'il vous plaît, aidez-moi à changer les souvenirs sur mon téléphone",Help_ChangingMemories
peux-tu m'aider à changer les souvenirs sur mon téléphone,Help_ChangingMemories
"s'il vous plaît, aidez-moi à changer de souvenirs en utilisant mon application Thrive",Help_ChangingMemories
pouvez-vous m'aider à changer mes souvenirs en utilisant mon application Thrive,Help_ChangingMemories
"s'il vous plaît, je n'entends pas de différence lorsque je change le contrôle de ma balance",Help_WiCROS
"peux-tu, je n'entends pas de différence lorsque je change le contrôle de ma balance",Help_WiCROS
peux-tu émettre,Help_WiCROS
peux-tu recevoir,Help_WiCROS
"s'il te plaît, mes aides auditives ont trop d'aigus",Help_Customize
est-ce que mes aides auditives peuvent avoir trop d'aigus,Help_Customize
"s'il te plaît, dis-moi combien je te dois, tu serais en espagnol",Cmd.TranslationStart
peux-tu me dire combien je te dois en espagnol,Cmd.TranslationStart
"s'il te plaît, dis-moi combien je te dois en espagnol",Cmd.TranslationStart
peux-tu me dire combien je te dois en espagnol,Cmd.TranslationStart
"s'il vous plaît, traduisez combien je vous dois en espagnol",Cmd.TranslationStart
peux-tu traduire combien je te dois en espagnol,Cmd.TranslationStart
"s'il vous plaît, traduisez combien je vous dois en espagnol",Cmd.TranslationStart
peux-tu traduire combien je te dois en espagnol,Cmd.TranslationStart
peux-tu commencer la traduction,Cmd.TranslationStart
peux-tu ouvrir la traduction,Cmd.TranslationStart
peux-tu commencer la traduction,Cmd.TranslationStart
s'il te plaît commence la traduction en allemand,Cmd.TranslationStart
peux-tu commencer la traduction en allemand,Cmd.TranslationStart
s'il te plaît commence à traduire en français,Cmd.TranslationStart
peux-tu commencer à traduire en français,Cmd.TranslationStart
veuillez ouvrir la traduction en espagnol,Cmd.TranslationStart
peux-tu ouvrir la traduction en espagnol,Cmd.TranslationStart
veuillez traduire en anglais,Cmd.TranslationStart
peux-tu traduire en anglais,Cmd.TranslationStart
"s'il te plaît, commence à traduire pour le français",Cmd.TranslationStart
peux-tu commencer à traduire en français,Cmd.TranslationStart
veuillez traduire pour le russe,Cmd.TranslationStart
peux-tu traduire pour le russe,Cmd.TranslationStart
peux-tu traduire l'hébreu,Cmd.TranslationStart
peux-tu traduire en néerlandais,Cmd.TranslationStart
veuillez commencer la traduction pour l'allemand,Cmd.TranslationStart
peux-tu commencer la traduction pour l'allemand,Cmd.TranslationStart
veuillez commencer la traduction pour l'espagnol,Cmd.TranslationStart
peux-tu commencer la traduction pour l'espagnol,Cmd.TranslationStart
peux-tu baisser le volume,Cmd.VolumeDecrease
"s'il te plaît, baisse le volume",Cmd.VolumeDecrease
peux-tu baisser le volume,Cmd.VolumeDecrease
"s'il te plaît, rends mes aides auditives plus douces",Cmd.VolumeDecrease
peux-tu rendre mes aides auditives plus douces,Cmd.VolumeDecrease
s'il vous plaît baissez le volume de mes aides auditives,Cmd.VolumeDecrease
peux-tu diminuer le volume de mes aides auditives,Cmd.VolumeDecrease
peux-tu avoir un minimum de son,Cmd.VolumeDecrease
"s'il te plaît, baisse le volume de mon aide auditive",Cmd.VolumeDecrease
peux-tu baisser le volume de mon aide auditive,Cmd.VolumeDecrease
"s'il te plaît, diminue le volume de mes aides auditives",Cmd.VolumeDecrease
peux-tu diminuer le volume de mes aides auditives,Cmd.VolumeDecrease
veuillez baisser le volume de l'aide auditive,Cmd.VolumeDecrease
peux-tu baisser le volume de l'aide auditive,Cmd.VolumeDecrease
"s'il vous plaît, baissez le volume à gauche",Cmd.VolumeDecrease
peux-tu baisser le volume à gauche,Cmd.VolumeDecrease
"s'il te plaît, baisse le son",Cmd.VolumeDecrease
peux-tu baisser le son,Cmd.VolumeDecrease
veuillez baisser le volume de 50 %,Cmd.VolumeDecrease
peux-tu baisser le volume de 50 %,Cmd.VolumeDecrease
s'il vous plaît baissez le niveau de mes aides auditives,Cmd.VolumeDecrease
peux-tu baisser le niveau de mes aides auditives,Cmd.VolumeDecrease
"s'il te plaît, baisse mes aides auditives",Cmd.VolumeDecrease
peux-tu refuser mes aides auditives,Cmd.VolumeDecrease
peux-tu minimiser le volume,Cmd.VolumeDecrease
"s'il vous plaît, baissez le volume à droite, aide",Cmd.VolumeDecrease
peux-tu baisser le volume à droite,Cmd.VolumeDecrease
"s'il te plaît, refuse mon aide auditive droite",Cmd.VolumeDecrease
peux-tu refuser mon aide auditive droite,Cmd.VolumeDecrease
"s'il te plaît, réduis le volume",Cmd.VolumeDecrease
peux-tu réduire le volume,Cmd.VolumeDecrease
"s'il te plaît, baisse le volume de mes aides auditives",Cmd.VolumeDecrease
peux-tu baisser le volume de mes aides auditives,Cmd.VolumeDecrease
"s'il te plaît, rends le son plus silencieux",Cmd.VolumeDecrease
peux-tu rendre le son plus silencieux,Cmd.VolumeDecrease
peux-tu baisser le volume,Cmd.VolumeDecrease
"s'il vous plaît, diminuez le volume de mes aides auditives",Cmd.VolumeDecrease
pouvez-vous diminuer le volume de mes aides auditives,Cmd.VolumeDecrease
peux-tu diminuer le volume,Cmd.VolumeDecrease
peux-tu réduire le volume,Cmd.VolumeDecrease
peux-tu diminuer le volume,Cmd.VolumeDecrease
veuillez réduire le volume de l'aide auditive,Cmd.VolumeDecrease
pouvez-vous réduire le volume de l'aide auditive,Cmd.VolumeDecrease
peux-tu baisser le volume,Cmd.VolumeDecrease
"s'il te plaît, baisse le volume",Cmd.VolumeDecrease
peux-tu baisser le volume,Cmd.VolumeDecrease
"s'il te plaît, fais taire mes aides auditives",Cmd.VolumeDecrease
peux-tu faire taire mes aides auditives,Cmd.VolumeDecrease
pouvez-vous minimiser le volume sonore,Cmd.VolumeDecrease
veuillez diminuer l'aide auditive droite,Cmd.VolumeDecrease
pouvez-vous diminuer l'aide auditive droite,Cmd.VolumeDecrease
"s'il te plaît, baisse mon appareil auditif gauche",Cmd.VolumeDecrease
peux-tu baisser mon appareil auditif gauche,Cmd.VolumeDecrease
"s'il te plaît, baisse le volume de mon aide auditive droite",Cmd.VolumeDecrease
peux-tu baisser le volume de mon aide auditive droite,Cmd.VolumeDecrease
peux-tu baisser le volume,Cmd.VolumeDecrease
"s'il te plaît, baisse mes aides auditives",Cmd.VolumeDecrease
peux-tu baisser mes aides auditives,Cmd.VolumeDecrease
"s'il te plaît, baisse le volume",Cmd.VolumeDecrease
peux-tu baisser le volume,Cmd.VolumeDecrease
"s'il te plaît, baisse le volume",Cmd.VolumeDecrease
peux-tu baisser le volume,Cmd.VolumeDecrease
pouvez-vous volume minimum,Cmd.VolumeDecrease
"s'il vous plaît, baissez le volume de l'aide auditive",Cmd.VolumeDecrease
pouvez-vous baisser le volume de votre aide auditive,Cmd.VolumeDecrease
"s'il te plaît, baisse le volume de mes aides auditives",Cmd.VolumeDecrease
peux-tu baisser le volume de mes aides auditives,Cmd.VolumeDecrease
"s'il te plaît, baisse le volume",Cmd.VolumeDecrease
peux-tu baisser le volume,Cmd.VolumeDecrease
"s'il te plaît, baisse le ton",Cmd.VolumeDecrease
peux-tu le baisser,Cmd.VolumeDecrease
"s'il te plaît, baisse mon appareil auditif droit",Cmd.VolumeDecrease
peux-tu baisser mon appareil auditif droit,Cmd.VolumeDecrease
"s'il te plaît, baisse le volume",Cmd.VolumeDecrease
peux-tu baisser le volume,Cmd.VolumeDecrease
"s'il te plaît, pas si fort",Cmd.VolumeDecrease
ne peux-tu pas si fort,Cmd.VolumeDecrease
peux-tu diminuer l'audition,Cmd.VolumeDecrease
"s'il vous plaît, moins de volume s'il vous plaît",Cmd.VolumeDecrease
pouvez-vous réduire le volume s'il vous plaît,Cmd.VolumeDecrease
veuillez réduire le volume,Cmd.VolumeDecrease
peux-tu réduire le volume,Cmd.VolumeDecrease
"s'il te plaît, c'est trop fort, baisse le volume",Cmd.VolumeDecrease
"peux-tu, c'est trop fort, baisse le son",Cmd.VolumeDecrease
peux-tu baisser le volume,Cmd.VolumeDecrease
"s'il te plaît, laisse tomber le son dans mon aide auditive",Cmd.VolumeDecrease
peux-tu laisser tomber le son dans mon aide auditive,Cmd.VolumeDecrease
veuillez diminuer l'aide auditive gauche,Cmd.VolumeDecrease
peux-tu diminuer l'aide auditive gauche,Cmd.VolumeDecrease
"s'il te plaît, baisse le son",Cmd.VolumeDecrease
peux-tu baisser le son,Cmd.VolumeDecrease
veuillez baisser le volume,Cmd.VolumeDecrease
peux-tu diminuer le volume,Cmd.VolumeDecrease
veuillez rendre les aides auditives plus silencieuses,Cmd.VolumeDecrease
pouvez-vous rendre les aides auditives plus silencieuses,Cmd.VolumeDecrease
"s'il vous plaît, baissez votre audition",Cmd.VolumeDecrease
peux-tu baisser l'audition,Cmd.VolumeDecrease
s'il vous plaît guide d'utilisateur de récupération de fréquence cardiaque,Help_HeartRateRecovery
pouvez-vous guider l'utilisateur de la récupération de la fréquence cardiaque,Help_HeartRateRecovery
"s'il vous plaît, aidez-moi à récupérer votre fréquence cardiaque",Help_HeartRateRecovery
pouvez-vous aider à récupérer la fréquence cardiaque,Help_HeartRateRecovery
"s'il vous plaît, guide de récupération de la fréquence cardiaque",Help_HeartRateRecovery
pouvez-vous guider la récupération de la fréquence cardiaque,Help_HeartRateRecovery
"s'il vous plaît, guide de fréquence cardiaque",Help_HeartRate
peux-tu me guider sur la fréquence cardiaque,Help_HeartRate
"s'il vous plaît, aidez-moi en matière de fréquence cardiaque",Help_HeartRate
peux-tu m'aider en matière de fréquence cardiaque,Help_HeartRate
"s'il vous plaît, guide de l'utilisateur de la fréquence cardiaque",Help_HeartRate
pouvez-vous guider l'utilisateur de la fréquence cardiaque,Help_HeartRate
peux-tu rester la batterie,Cmd.BatteryLevel
"s'il vous plaît, il reste la durée de vie de la batterie",Cmd.BatteryLevel
peut-il rester la durée de vie de la batterie,Cmd.BatteryLevel
peux-tu quelle est la charge de ma batterie,Cmd.BatteryLevel
pouvez-vous batterie restante,Cmd.BatteryLevel
s'il vous plaît charge restante de la batterie,Cmd.BatteryLevel
pouvez-vous charger la batterie restante,Cmd.BatteryLevel
pouvez-vous niveau de batterie,Cmd.BatteryLevel
pouvez-vous m'aider à transcrire,Help_Transcribe
"s'il vous plaît, aidez-moi à transcrire",Help_Transcribe
peux-tu m'aider à transcrire,Help_Transcribe
Puis-je entendre ce qui est transcrit ?,Help_Transcribe
"s'il vous plaît, montrez-moi la transcription du guide d'utilisation",Help_Transcribe
pouvez-vous me montrer transcrire le guide de l'utilisateur,Help_Transcribe
"s'il vous plaît, aidez-moi à transcrire",Help_Transcribe
peux-tu m'aider à transcrire,Help_Transcribe
"s'il vous plaît, montrez-moi le guide d'utilisation de la transcription",Help_Transcribe
pouvez-vous me montrer le guide d'utilisation de la transcription,Help_Transcribe
"s'il vous plaît, aidez-moi pour la transcription",Help_Transcribe
pouvez-vous m'aider pour la transcription,Help_Transcribe
"s'il vous plaît, aidez-moi pour la synthèse vocale",Help_Transcribe
pouvez-vous m'aider pour la synthèse vocale,Help_Transcribe
"s'il vous plaît, montrez-moi le guide d'utilisation pour transcrire",Help_Transcribe
pouvez-vous me montrer le guide d'utilisation pour transcrire,Help_Transcribe
"s'il vous plaît, les aides auditives transcrivent l'aide",Help_Transcribe
pouvez-vous utiliser des aides auditives pour transcrire de l'aide,Help_Transcribe
peux-tu transcrire de l'aide,Help_Transcribe
"s'il vous plaît, aidez-moi par parole en texte",Help_Transcribe
peux-tu parler à l'aide par SMS,Help_Transcribe
"s'il te plaît, montre-moi de l'aide pour la transcription",Help_Transcribe
peux-tu me montrer de l'aide pour la transcription,Help_Transcribe
"s'il te plaît, montre-moi comment mettre mon aide auditive",Help_InsertDevice
peux-tu me montrer comment mettre mon appareil auditif,Help_InsertDevice
"s'il te plait, je n'arrive pas à mettre mon appareil auditif",Help_InsertDevice
"peux-tu, je ne peux pas mettre mon appareil auditif",Help_InsertDevice
pouvez-vous que mon aide auditive ressemble à celle de la vidéo ?,Help_InsertDevice
"s'il te plait, je n'arrive pas à mettre mon appareil auditif",Help_InsertDevice
"peux-tu, je n'arrive pas à mettre mon appareil auditif",Help_InsertDevice
"s'il vous plaît, montrez-moi comment insérer des appareils auditifs dans mes oreilles.",Help_InsertDevice
pouvez-vous me montrer comment insérer des appareils auditifs dans mes oreilles.,Help_InsertDevice
"s'il vous plaît, aidez-moi avec cet assistant",Help_VoiceAssistant
peux-tu m'aider avec ton assistant,Help_VoiceAssistant
"s'il te plaît, montre-moi l'aide de l'assistant vocal",Help_VoiceAssistant
peux-tu me montrer l'aide de l'assistant vocal,Help_VoiceAssistant
s'il vous plaît assistant Thrive guide de l'utilisateur,Help_VoiceAssistant
pouvez-vous assistant Thrive guide de l'utilisateur,Help_VoiceAssistant
"s'il vous plaît, aidez-moi avec l'assistant vocal",Help_VoiceAssistant
peux-tu m'aider avec l'assistant vocal,Help_VoiceAssistant
"s'il vous plaît, montrez-moi l'aide de assistant Thrive",Help_VoiceAssistant
pouvez-vous me montrer l'aide de assistant Thrive,Help_VoiceAssistant
"s'il vous plaît, aidez assistant Thrive",Help_VoiceAssistant
pouvez-vous assistant Thrive aider,Help_VoiceAssistant
"s'il te plaît, coupe le volume de mon aide auditive droite",Cmd.VolumeMute
peux-tu couper le volume de mon aide auditive droite,Cmd.VolumeMute
"s'il te plaît, coupe le volume",Cmd.VolumeMute
peux-tu éteindre le volume,Cmd.VolumeMute
"s'il vous plaît, coupez le volume de l'aide droite",Cmd.VolumeMute
pouvez-vous réduire le volume de l'aide droite,Cmd.VolumeMute
"s'il vous plaît, coupez le volume de l'aide gauche",Cmd.VolumeMute
peux-tu baisser le volume de l'aide gauche,Cmd.VolumeMute
"s'il te plaît, coupe le volume",Cmd.VolumeMute
peux-tu éteindre le volume,Cmd.VolumeMute
"s'il vous plaît, coupez le son des aides auditives",Cmd.VolumeMute
peux-tu désactiver les aides auditives,Cmd.VolumeMute
"s'il te plaît, coupe les aides",Cmd.VolumeMute
peux-tu désactiver les aides,Cmd.VolumeMute
peux-tu faire taire,Cmd.VolumeMute
"s'il te plaît, coupe le son",Cmd.VolumeMute
peux-tu éteindre le son,Cmd.VolumeMute
"s'il te plaît, éteint mon aide auditive gauche",Cmd.VolumeMute
peux-tu éteindre mon aide auditive gauche,Cmd.VolumeMute
"s'il te plaît, rends mon aide auditive silencieuse",Cmd.VolumeMute
peux-tu rendre mon aide auditive silencieuse,Cmd.VolumeMute
"s'il te plaît, rends mes aides auditives silencieuses",Cmd.VolumeMute
peux-tu rendre mes aides auditives silencieuses,Cmd.VolumeMute
"s'il te plaît, coupe le volume de mon aide auditive",Cmd.VolumeMute
peux-tu couper le volume de mon aide auditive,Cmd.VolumeMute
veuillez couper le son des aides auditives,Cmd.VolumeMute
pouvez-vous couper le son sur les aides auditives,Cmd.VolumeMute
"s'il vous plaît, coupez le son des aides auditives",Cmd.VolumeMute
peux-tu désactiver les aides auditives,Cmd.VolumeMute
"s'il te plaît, éteins mon aide auditive gauche",Cmd.VolumeMute
peux-tu éteindre mon aide auditive gauche,Cmd.VolumeMute
"s'il te plaît, éteint mon aide auditive droite",Cmd.VolumeMute
peux-tu éteindre mon aide auditive droite,Cmd.VolumeMute
"s'il te plaît, coupe le volume de mon aide auditive gauche",Cmd.VolumeMute
peux-tu couper le volume de mon aide auditive gauche,Cmd.VolumeMute
peux-tu couper le son,Cmd.VolumeMute
peux-tu avoir le son,Cmd.VolumeMute
peux-tu couper le son,Cmd.VolumeMute
"s'il te plaît, désactive mes aides auditives",Cmd.VolumeMute
peux-tu désactiver mes aides auditives,Cmd.VolumeMute
"s'il te plaît, coupe mes aides auditives",Cmd.VolumeMute
peux-tu désactiver mes aides auditives,Cmd.VolumeMute
"s'il te plaît, coupe mes aides auditives",Cmd.VolumeMute
peux-tu couper mes aides auditives,Cmd.VolumeMute
"s'il te plaît, coupe le volume",Cmd.VolumeMute
peux-tu couper le volume,Cmd.VolumeMute
"s'il te plaît, coupe le son",Cmd.VolumeMute
peux-tu éteindre le son,Cmd.VolumeMute
"s'il te plaît, j'ai une accumulation de cire",Help_CleanCare
"peux-tu, j'ai une accumulation de cire",Help_CleanCare
"s'il vous plaît, la cire s'accumule",Help_CleanCare
peux-tu accumuler de la cire,Help_CleanCare
veuillez utiliser les outils spéciaux nécessaires pour nettoyer les aides auditives,Help_CleanCare
pouvez-vous utiliser les outils spéciaux nécessaires pour nettoyer les aides auditives,Help_CleanCare
veuillez compléter mon dernier rappel,reminders.complete
peux-tu compléter mon dernier rappel,reminders.complete
"s'il vous plaît, dernier rappel effectué.",reminders.complete
pouvez-vous faire le dernier rappel.,reminders.complete
peux-tu compléter le rappel,reminders.complete
veuillez terminer ce rappel.,reminders.complete
pouvez-vous terminer ce rappel.,reminders.complete
pouvez-vous rappeler terminé.,reminders.complete
veuillez marquer mon dernier rappel comme terminé,reminders.complete
peux-tu marquer mon dernier rappel comme terminé,reminders.complete
pouvez-vous terminer le rappel.,reminders.complete
s'il vous plaît dernier rappel complété.,reminders.complete
pouvez-vous avoir terminé le dernier rappel.,reminders.complete
"s'il vous plaît, terminez mon rappel.",reminders.complete
peux-tu terminer mon rappel.,reminders.complete
"s'il vous plaît, le dernier rappel est terminé.",reminders.complete
pouvez-vous terminer le dernier rappel.,reminders.complete
"s'il vous plait, ce rappel est complet",reminders.complete
"peux-tu, ce rappel est complet",reminders.complete
pouvez-vous compléter le rappel.,reminders.complete
pouvez-vous faire un rappel.,reminders.complete
veuillez compléter mon rappel.,reminders.complete
pouvez-vous compléter mon rappel.,reminders.complete
veuillez marquer le dernier rappel comme terminé,reminders.complete
pouvez-vous marquer le dernier rappel comme terminé,reminders.complete
pouvez-vous rappeler terminé.,reminders.complete
veuillez compléter ce rappel.,reminders.complete
pouvez-vous compléter ce rappel.,reminders.complete
s'il te plaît commence à écrire ça pour moi,Cmd.TranscribeStart
peux-tu commencer à écrire ça pour moi,Cmd.TranscribeStart
peux-tu commencer à transcrire,Cmd.TranscribeStart
peux-tu commencer à enregistrer,Cmd.TranscribeStart
peux-tu commencer la transcription,Cmd.TranscribeStart
veuillez enregistrer cette réunion,Cmd.TranscribeStart
peux-tu enregistrer cette réunion,Cmd.TranscribeStart
"s'il te plaît, enregistre cette conversation",Cmd.TranscribeStart
peux-tu enregistrer cette conversation,Cmd.TranscribeStart
peux-tu commencer à transcrire,Cmd.TranscribeStart
peux-tu commencer à enregistrer,Cmd.TranscribeStart
merci de transcrire cette conversation,Cmd.TranscribeStart
peux-tu transcrire cette conversation,Cmd.TranscribeStart
peux-tu ouvrir la transcription,Cmd.TranscribeStart
peux-tu arrêter l'enregistrement,Cmd.TranscribeStart
peux-tu ouvrir la transcription,Cmd.TranscribeStart
"s'il te plaît, commence à enregistrer pour moi",Cmd.TranscribeStart
peux-tu commencer à enregistrer pour moi,Cmd.TranscribeStart
peux-tu courir des calories,Cmd.ActivityRun
peux-tu calories faire du jogging,Cmd.ActivityRun
peux-tu courir des calories,Cmd.ActivityRun
"s'il te plaît, montre-moi mon objectif de jogging",Cmd.ActivityRun
peux-tu me montrer mon objectif de jogging,Cmd.ActivityRun
"s'il vous plaît, ai-je atteint mon objectif de course à pied ?",Cmd.ActivityRun
peux-tu avoir atteint mon objectif de course à pied ?,Cmd.ActivityRun
"s'il te plaît, est-ce que je fais du jogging depuis longtemps ?",Cmd.ActivityRun
est-ce que tu peux faire du jogging depuis longtemps ?,Cmd.ActivityRun
"s'il vous plaît, ai-je atteint mon objectif de jogging ?",Cmd.ActivityRun
peux-tu avoir atteint mon objectif de jogging ?,Cmd.ActivityRun
"s'il te plaît, est-ce que je cours pendant une heure ?",Cmd.ActivityRun
peux-tu me faire courir pendant une heure ?,Cmd.ActivityRun
"s'il vous plaît, suis-je proche de mon objectif de course à pied ?",Cmd.ActivityRun
est-ce que je peux être proche de mon objectif de course à pied ?,Cmd.ActivityRun
"s'il te plaît, montre-moi mon objectif de course",Cmd.ActivityRun
peux-tu me montrer mon objectif de course,Cmd.ActivityRun
peux-tu m'aider en mode masque,Help_MaskMode
veuillez résoudre les problèmes de masque facial,Help_MaskMode
pouvez-vous résoudre les problèmes de masques faciaux,Help_MaskMode
"s'il vous plaît, aidez-moi pour les problèmes de masque facial",Help_MaskMode
pouvez-vous aider à résoudre les problèmes de masques,Help_MaskMode
"s'il vous plaît, aidez-moi avec les changements de volume dans mes aides auditives",Help_Volume
pouvez-vous m'aider avec les changements de volume dans mes aides auditives,Help_Volume
"s'il vous plaît, aidez-moi avec les changements de volume dans mes aides auditives",Help_Volume
pouvez-vous m'aider avec les changements de volume dans mes aides auditives,Help_Volume
"s'il vous plaît, aidez-moi avec les changements de volume sur mes aides auditives",Help_Volume
pouvez-vous m'aider avec les changements de volume sur mes aides auditives,Help_Volume
"s'il vous plaît, aidez-moi avec les réglages du volume de mes aides auditives",Help_Volume
pouvez-vous m'aider avec les réglages du volume de mes aides auditives,Help_Volume
"s'il vous plaît, aidez-moi avec les changements de volume sur mon aide auditive",Help_Volume
pouvez-vous m'aider avec les changements de volume sur mon aide auditive,Help_Volume
"s'il vous plaît, aidez-moi avec le réglage du volume de mon aide auditive",Help_Volume
pouvez-vous m'aider avec le réglage du volume de mon aide auditive,Help_Volume
s'il vous plaît écoutez mon message vocal.,Cmd.ListenMessage
peux-tu écouter mon message vocal.,Cmd.ListenMessage
"s'il vous plaît, écoutez le message que j'ai reçu.",Cmd.ListenMessage
peux-tu écouter le message que j'ai reçu.,Cmd.ListenMessage
s'il vous plaît laissez-moi l'entendre.,Cmd.ListenMessage
peux-tu me laisser l'entendre.,Cmd.ListenMessage
s'il vous plaît laissez-moi écouter mon message.,Cmd.ListenMessage
peux-tu me laisser écouter mon message.,Cmd.ListenMessage
"s'il vous plaît, jouez le dernier.",Cmd.ListenMessage
peux-tu jouer le dernier.,Cmd.ListenMessage
"s'il vous plaît, écoutez mon message.",Cmd.ListenMessage
pouvez-vous s'il vous plaît écouter mon message.,Cmd.ListenMessage
veuillez écouter le dernier message vocal.,Cmd.ListenMessage
pouvez-vous écouter le dernier message vocal.,Cmd.ListenMessage
veuillez écouter le dernier message.,Cmd.ListenMessage
pouvez-vous entendre le dernier message.,Cmd.ListenMessage
"s'il vous plaît, je veux entendre mon message.",Cmd.ListenMessage
"peux-tu, je veux entendre mon message.",Cmd.ListenMessage
"s'il vous plaît, écoutez mon dernier enregistrement.",Cmd.ListenMessage
peux-tu écouter mon dernier enregistrement.,Cmd.ListenMessage
"s'il vous plaît, écoutez-le à nouveau.",Cmd.ListenMessage
pouvez-vous l'entendre à nouveau.,Cmd.ListenMessage
peux-tu réécouter.,Cmd.ListenMessage
"s'il vous plaît, écoutez-le.",Cmd.ListenMessage
peux-tu l'écouter.,Cmd.ListenMessage
"s'il vous plaît, rejouez-le.",Cmd.ListenMessage
peux-tu y rejouer.,Cmd.ListenMessage
veuillez écouter le dernier message audio.,Cmd.ListenMessage
pouvez-vous écouter le dernier message audio.,Cmd.ListenMessage
veuillez jouer le dernier push-to-talk.,Cmd.ListenMessage
pouvez-vous jouer le dernier push-to-talk.,Cmd.ListenMessage
"s'il vous plaît, écoutez mon message audio.",Cmd.ListenMessage
peux-tu écouter mon message audio.,Cmd.ListenMessage
s'il vous plaît rejouez mon message.,Cmd.ListenMessage
peux-tu rejouer mon message.,Cmd.ListenMessage
"s'il te plaît, écoute le dernier message",Cmd.ListenMessage
peux-tu écouter le dernier message,Cmd.ListenMessage
"s'il te plaît, écoute mon dernier message",Cmd.ListenMessage
peux-tu écouter mon dernier message,Cmd.ListenMessage
peux-tu écouter le message,Cmd.ListenMessage
s'il te plaît écoute mon message,Cmd.ListenMessage
peux-tu écouter mon message,Cmd.ListenMessage
"s'il vous plaît, aidez-moi avec le flux",Help_Accessories
pouvez-vous m'aider avec le flux,Help_Accessories
veuillez me montrer un guide d'aide pour mes accessoires,Help_Accessories
peux-tu me montrer un guide d'aide pour mes accessoires,Help_Accessories
veuillez me montrer le manuel d'utilisation de mon accessoire,Help_Accessories
peux-tu me montrer le manuel d'utilisation de mon accessoire,Help_Accessories
"s'il vous plaît, aidez-moi avec le streamer TV",Help_Accessories
pouvez-vous m'aider avec le streamer TV,Help_Accessories
pouvez-vous aider à diffuser,Help_Accessories
s'il vous plaît montrez-moi de l'aide pour mes accessoires,Help_Accessories
peux-tu me montrer de l'aide pour mes accessoires,Help_Accessories
"s'il vous plaît, aidez-moi avec le micro à distance",Help_Accessories
pouvez-vous m'aider avec le micro à distance,Help_Accessories
"s'il vous plaît, aidez-moi avec les accessoires",Help_Accessories
pouvez-vous m'aider avec les accessoires,Help_Accessories
"s'il te plaît, Syracuse est une mauvaise maison",Default Fallback Intent
peux-tu syracuse une mauvaise maison,Default Fallback Intent
"s'il te plaît, je dois recevoir un message texte à Boston",Default Fallback Intent
peux-tu recevoir un SMS à Boston,Default Fallback Intent
"s'il te plaît, les cendres tombent toutes en cendres",Default Fallback Intent
peux-tu tomber en cendres en cendres,Default Fallback Intent
s'il vous plaît batterie de voiture électrique,Default Fallback Intent
pouvez-vous batterie de voiture électrique,Default Fallback Intent
peux-tu batterie de voiture,Default Fallback Intent
"s'il vous plaît, j'aimerais connaître la vitesse moyenne d'une hirondelle sans charge",Default Fallback Intent
"peux-tu, j'aimerais connaître la vitesse moyenne d'une hirondelle sans charge",Default Fallback Intent
peux-tu New Delhi,Default Fallback Intent
"s'il te plaît, je suis à Butterbrodt New Delhi",Default Fallback Intent
"peux-tu, je suis à Butterbrodt New Delhi",Default Fallback Intent
"s'il vous plaît les filles, faites ça, je veux aller en Italie",Default Fallback Intent
"pouvez-vous faire ça les filles, je veux aller en Italie",Default Fallback Intent
"s'il te plaît, c'est vrai, c'est la meilleure façon de commencer",Default Fallback Intent
"peux-tu, c'est vrai, c'est la meilleure façon de commencer",Default Fallback Intent
peux-tu générer une IA,Default Fallback Intent
s'il vous plaît et comment pensez-vous que nous pouvons résoudre ce problème,Default Fallback Intent
pouvez-vous et comment pensez-vous que nous pouvons résoudre ce problème,Default Fallback Intent
"s'il te plaît, chaque jour est excitant",Default Fallback Intent
"peux-tu, tous les jours, c'est excitant",Default Fallback Intent
"s'il te plaît, je ne peux rien partager publiquement",Default Fallback Intent
peux-tu rien que je puisse partager publiquement,Default Fallback Intent
"s'il te plaît, j'aimerais savoir à quelle distance se trouve la lune",Default Fallback Intent
"peux-tu, j'aimerais savoir jusqu'où se trouve la lune",Default Fallback Intent
"s'il te plaît, raconte-moi une blague, j'ai besoin d'être réconforté",Default Fallback Intent
"peux-tu me raconter une blague, j'ai besoin d'être réconforté",Default Fallback Intent
peux-tu devrais-je lui dire ce que je ressens,Default Fallback Intent
veuillez créer une démo avec vos capacités,Default Fallback Intent
pouvez-vous créer une démo avec vos capacités,Default Fallback Intent
"s'il te plaît, écris-moi un exemple",Default Fallback Intent
peux-tu m'écrire un exemple,Default Fallback Intent
s'il te plaît écris-moi un exemple de carte de sympathie,Default Fallback Intent
peux-tu m'écrire un exemple de carte de sympathie,Default Fallback Intent
peux-tu tourner ton,Default Fallback Intent
"s'il te plaît, je me souviens de tout ce qu'il a fallu",Default Fallback Intent
"peux-tu, je me souviens de tout ce qui a pris",Default Fallback Intent
"s'il te plaît, joue à Hank Williams Junior",Default Fallback Intent
peux-tu jouer à Hank Williams Junior,Default Fallback Intent
"s'il te plaît, c'est différent, ils sont tous les deux différents",Default Fallback Intent
"peux-tu, c'est différent, ils sont tous les deux différents",Default Fallback Intent
"s'il vous plaît, l'équipe de réadaptation en cas de commotion cérébrale travaille en collaboration à la conception et à la mise en œuvre d'un programme de traitement.",Default Fallback Intent
L'équipe de réadaptation après une commotion cérébrale travaille en collaboration à la conception et à la mise en œuvre d'un programme de traitement.,Default Fallback Intent
"s'il te plaît, suis-je assez près de la voiture",Default Fallback Intent
"peux-tu, suis-je assez près de la voiture",Default Fallback Intent
"s'il te plaît, vérifie que tu es connecté",Default Fallback Intent
peux-tu vérifier que tu es connecté,Default Fallback Intent
"s'il te plaît, salut Jeannie TV Sanders. c'est l'iris. c'est tout.",Default Fallback Intent
peux-tu salut Jeannie TV Sanders. c'est l'iris. c'est tout.,Default Fallback Intent
"s'il te plaît, demande à ma maison",Default Fallback Intent
peux-tu demander à ma maison,Default Fallback Intent
"s'il vous plaît bonjour, juste une aide auditive, le volume de mes aides auditives. au revoir. au revoir.",Default Fallback Intent
"pouvez-vous bonjour, juste une aide auditive, le volume de mes aides auditives. au revoir. au revoir.",Default Fallback Intent
"s'il vous plaît, 148 $ ajoutés à votre chèque de sécurité sociale chaque mois",Default Fallback Intent
pouvez-vous ajouter 148 $ à votre chèque de sécurité sociale chaque mois,Default Fallback Intent
"s'il te plaît, regarde à distance",Default Fallback Intent
peux-tu jeter un oeil à distance,Default Fallback Intent
"s'il vous plaît, emplois de professeur assistant",Default Fallback Intent
pouvez-vous des emplois de professeur adjoint,Default Fallback Intent
"s'il te plaît, cette Jena est plus complète. peux-tu essayer de remplir le formulaire aussi ?",Default Fallback Intent
peux-tu cette Jena plus complète. peux-tu essayer de remplir le formulaire aussi ?,Default Fallback Intent
veuillez lire le dernier message texte,Default Fallback Intent
peux-tu lire le dernier message texte,Default Fallback Intent
"s'il vous plaît, recherchez le fil sud, ce fil ici, allez n'importe où avec cette façon pour le moment",Default Fallback Intent
"pouvez-vous rechercher le fil sud, ce fil ici, aller n'importe où avec cette façon pour le moment",Default Fallback Intent
"s'il vous plaît, ils essaient de réduire la température en ce moment",Default Fallback Intent
"peux-tu, ils essaient de réduire la température en ce moment",Default Fallback Intent
"s'il te plaît, David, alerte l'âme",Default Fallback Intent
peux-tu David Soul Alert,Default Fallback Intent
"s'il te plaît, salut Maggie, prête à téléphoner.",Default Fallback Intent
"peux-tu hé Maggie, prête à téléphoner.",Default Fallback Intent
peux-tu réinitialiser,Default Fallback Intent
peux-tu mettre un microphone,Default Fallback Intent
"s'il vous plaît, fleuriste hors écran",Default Fallback Intent
peux-tu fleurir hors écran,Default Fallback Intent
"s'il vous plaît, l'écran d'Amazon est sombre",Default Fallback Intent
pouvez-vous que l'écran d'Amazon soit sombre,Default Fallback Intent
"s'il te plaît, nous avons cherché du soulagement, tu peux y aller",Default Fallback Intent
"peux-tu, nous avons cherché du soulagement, tu peux y aller",Default Fallback Intent
s'il te plaît téléphone téléphone téléphone téléphone téléphone,Default Fallback Intent
peux-tu téléphoner téléphone téléphone téléphone téléphone,Default Fallback Intent
"s'il vous plaît, aide auditive animée",Default Fallback Intent
peux-tu utiliser une aide auditive animée,Default Fallback Intent
"s'il vous plaît, le temps qu'il fait dehors aujourd'hui",Default Fallback Intent
peux-tu connaître la météo dehors aujourd'hui,Default Fallback Intent
"s'il te plaît, ne fais pas de bruit pendant une minute",Default Fallback Intent
peux-tu ne pas faire de bruit pendant une minute,Default Fallback Intent
"s'il vous plaît, obtenez des clients exactement avec un réseau sans fil gratuit.",Default Fallback Intent
pouvez-vous obtenir des clients exactement avec une connexion sans fil gratuite.,Default Fallback Intent
"s'il te plaît, Mavis avec des appareils auditifs stupides",Default Fallback Intent
peux-tu mavis avec des appareils auditifs stupides,Default Fallback Intent
s'il te plaît puisque tu reviens très bientôt,Default Fallback Intent
peux-tu puisque tu arriveras très bientôt,Default Fallback Intent
peux-tu samedi,Default Fallback Intent
"s'il vous plaît, alphabazez, encore une fois. gonfler à Rio.",Default Fallback Intent
peux-tu encore une fois alpha-liberté. gonfler à Rio.,Default Fallback Intent
"s'il te plaît, éteint Toshiba",Default Fallback Intent
peux-tu éteindre Toshiba,Default Fallback Intent
"s'il te plaît, rien de mal avec moi",Default Fallback Intent
peux-tu rien de mal avec moi,Default Fallback Intent
peux-tu vendredi,Default Fallback Intent
"s'il te plaît, je ne me souviens pas, je ne me souviens pas que c'était un si gros poisson",Default Fallback Intent
"peux-tu, je ne me souviens pas, je ne me souviens pas que c'était un si gros poisson",Default Fallback Intent
"s'il vous plaît, faites-nous les hits numéro un",Default Fallback Intent
peux-tu nous donner les hits numéro un,Default Fallback Intent
"s'il te plaît, éteint la lumière de la cuisine",Default Fallback Intent
peux-tu éteindre la lumière de la cuisine,Default Fallback Intent
"s'il te plaît, alors ça remonte, ça retourne à la mémoire ou dans",Default Fallback Intent
"peux-tu faire en sorte qu'il revienne en arrière, il revienne à la mémoire ou dans",Default Fallback Intent
peux-tu chaque matin,Default Fallback Intent
"s'il te plaît, j'ai besoin de",Default Fallback Intent
"peux-tu, j'ai besoin de",Default Fallback Intent
"s'il te plaît, désolé, je ne t'ai pas embrassé",Default Fallback Intent
peux-tu être désolé de ne pas t'avoir embrassé,Default Fallback Intent
veuillez éteindre le câble,Default Fallback Intent
peux-tu éteindre le câble,Default Fallback Intent
pouvez-vous magasiner emblématique,Default Fallback Intent
peux-tu en gros,Default Fallback Intent
"s'il te plaît, Saab voulait le contrôle",Default Fallback Intent
peux-tu Saab voulait contrôler,Default Fallback Intent
"s'il te plaît, trouve-moi un moyen d'aller au centre commercial White Oaks",Default Fallback Intent
peux-tu me trouver un moyen d'aller au centre commercial White Oaks,Default Fallback Intent
"s'il te plaît, coche-les comme une dame rose",Default Fallback Intent
peux-tu les cocher comme une dame rose,Default Fallback Intent
s'il vous plaît ajusté avec mon téléphone,Default Fallback Intent
peux-tu régler avec mon téléphone,Default Fallback Intent
"s'il te plaît, je les lave de temps en temps",Default Fallback Intent
"peux-tu, je les lave de temps en temps",Default Fallback Intent
"s'il te plaît, j'entends la voix",Default Fallback Intent
"peux-tu, j'entends la voix",Default Fallback Intent
"s'il te plaît, alors où est Brewster",Default Fallback Intent
peux-tu alors où est Brewster,Default Fallback Intent
veuillez allumer la première prise,Default Fallback Intent
peux-tu allumer la première prise,Default Fallback Intent
"s'il vous plaît, assemblage Lexus à neuf",Default Fallback Intent
pouvez-vous assembler une Lexus à une nouvelle,Default Fallback Intent
"s'il te plaît, Alexa apprend ma voix",Default Fallback Intent
peux-tu Alexa apprendre ma voix,Default Fallback Intent
peux-tu hé google,Default Fallback Intent
peux-tu rechercher des citoyens,Default Fallback Intent
"s'il vous plaît, aidez-vous",Default Fallback Intent
pouvez-vous vous aider,Default Fallback Intent
"s'il te plaît, regarde ton nez très vite pour",Default Fallback Intent
peux-tu lever le nez très vite pour,Default Fallback Intent
"s'il te plaît, Fisher se branle dans la voiture donc il est dans le placard",Default Fallback Intent
peux-tu que Fisher se branle dans la voiture donc il est dans le placard,Default Fallback Intent
"s'il te plaît, je te verrai, alors aide-moi",Default Fallback Intent
"peux-tu, je te verrai, alors tu m'aideras",Default Fallback Intent
pouvez-vous rechercher des moteurs,Default Fallback Intent
"s'il vous plaît, je veux m'assurer que j'ai également nettoyé les filtres Nuflex dedans",Default Fallback Intent
"peux-tu, je veux m'assurer que j'ai également nettoyé mais qu'il y a des filtres Nuflex dedans",Default Fallback Intent
peux-tu peu importe,Default Fallback Intent
"s'il te plaît, rends-le extensible comme ça",Default Fallback Intent
peux-tu le rendre extensible comme ça,Default Fallback Intent
"s'il te plaît, éteint les lumières",Default Fallback Intent
peux-tu éteindre les lumières,Default Fallback Intent
s'il vous plaît téléphone Android pour écouter Spotify,Default Fallback Intent
peux-tu utiliser un téléphone Android pour écouter Spotify,Default Fallback Intent
"peux-tu, je suis debout",Default Fallback Intent
"s'il te plaît, allume-toi, c'est ma vie",Default Fallback Intent
"peux-tu allumer, c'est ma vie",Default Fallback Intent
"peux-tu, elle s'en va",Default Fallback Intent
peux-tu mercredi,Default Fallback Intent
peux-tu Siri,Default Fallback Intent
veuillez activer la réponse en appuyant deux fois sur j'ai dormi ici.,Default Fallback Intent
pouvez-vous activer la réponse en appuyant deux fois sur dormir ici.,Default Fallback Intent
"s'il te plaît, fais demi-tour",Default Fallback Intent
peux-tu faire demi-tour,Default Fallback Intent
"s'il te plaît, allume les lumières",Default Fallback Intent
peux-tu allumer les lumières,Default Fallback Intent
peux-tu téléphoner,Default Fallback Intent
"s'il vous plaît, les ajustements ne l'ont pas entendu au bureau mais je suis là-bas",Default Fallback Intent
"pouvez-vous faire des ajustements, je ne l'ai pas entendu au bureau, mais je suis là-bas",Default Fallback Intent
"s'il te plaît, ne me dis pas que c'est le problème",Default Fallback Intent
peux-tu ne pas me dire que c'est le problème,Default Fallback Intent
"s'il te plaît, souviens-toi que je suis venu ici et",Default Fallback Intent
peux-tu te rappeler que je suis venu ici et,Default Fallback Intent
"s'il vous plaît, j'ai vu certains modèles et ils ont perdu",Default Fallback Intent
"peux-tu, j'ai vu certains des modèles et ils perdent",Default Fallback Intent
"s'il vous plaît, ce programme massif visant à influencer politiquement les États-Unis",Default Fallback Intent
pouvez-vous ce programme massif pour influencer politiquement les États-Unis,Default Fallback Intent
"s'il vous plaît, en ce qui concerne le nettoyage là-bas, je suis allé plutôt bien",Default Fallback Intent
"peux-tu faire le ménage là-bas, je suis allé assez bien",Default Fallback Intent
"s'il te plaît, je suis là. c'est dans 7 jours. ils vont être jumelés à nouveau. au revoir.",Default Fallback Intent
"peux-tu, je suis là. c'est dans 7 jours. ils vont être jumelés à nouveau. au revoir.",Default Fallback Intent
s'il vous plaît en seulement 3 minutes pour fournir,Default Fallback Intent
pouvez-vous en seulement 3 minutes fournir,Default Fallback Intent
"s'il te plaît, l'ordinateur éteint la lampe de Dylan",Default Fallback Intent
est-ce que ton ordinateur peut éteindre la lampe de Dylan,Default Fallback Intent
"s'il te plaît, montre-moi des bols de nourriture pour toi",Default Fallback Intent
peux-tu me montrer des bols de nourriture pour toi,Default Fallback Intent
peux-tu quotidiennement,Default Fallback Intent
"s'il vous plaît, appelez le programme de karaté",Default Fallback Intent
peux-tu s'il te plaît appeler le programme de karaté,Default Fallback Intent
veuillez allumer la lumière.,Default Fallback Intent
peux-tu allumer la lumière.,Default Fallback Intent
"s'il te plaît, pour qu'elle s'en occupe quand je rentre à la maison",Default Fallback Intent
peux-tu qu'elle s'en occupe quand je rentre à la maison,Default Fallback Intent
"s'il vous plaît, travaillez à côté de S&S",Default Fallback Intent
peux-tu travailler côté s&s,Default Fallback Intent
s'il vous plaît numéro bancaire à la voiture,Default Fallback Intent
peux-tu mettre le numéro en banque sur la voiture,Default Fallback Intent
s'il vous plait mais leurs homologues des morceaux de tissus blancs,Default Fallback Intent
peux-tu mais leurs homologues des morceaux de tissu blanc,Default Fallback Intent
"s'il vous plaît, c'était un contact spécialisé au 800-3334.",Default Fallback Intent
pouvez-vous que c'était un contact spécialisé au 800-3334.,Default Fallback Intent
"s'il vous plaît, je pourrais partir ou quelque chose à propos de partir.",Default Fallback Intent
"peux-tu, je pourrais partir ou quelque chose à propos de partir.",Default Fallback Intent
"s'il vous plaît, salat, quelqu'un est un aspect",Default Fallback Intent
peux-tu saluer quelqu'un est un aspect,Default Fallback Intent
"veuillez appuyer sur, puis vous voyez comme un restaurant où vous, en tant que question, êtes sûr que vous pouvez le régler sur un mode différent afin que vous puissiez mieux entendre",Default Fallback Intent
pouvez-vous appuyer sur et ensuite vous voyez comme un restaurant où vous êtes sûr que vous pouvez le régler sur un mode différent pour que vous puissiez mieux entendre,Default Fallback Intent
"s'il vous plaît, le score du jeu des jumeaux du Minnesota",Default Fallback Intent
peux-tu connaître le score du jeu des jumeaux du Minnesota,Default Fallback Intent
"s'il vous plaît, suicidez-vous à propos d'un autre substitut",Default Fallback Intent
peux-tu te suicider à propos d'un autre substitut,Default Fallback Intent
"s'il te plaît, Shelley, mon téléphone",Default Fallback Intent
peux-tu shelley mon téléphone,Default Fallback Intent
veuillez allumer la PS4,Default Fallback Intent
peux-tu allumer la PS4,Default Fallback Intent
"s'il te plaît, aime Siri",Default Fallback Intent
peux-tu juste aimer Siri,Default Fallback Intent
"s'il te plaît, lapide le pin de Jésus ou",Default Fallback Intent
peux-tu lapider Jesus Pine ou,Default Fallback Intent
"s'il vous plaît, je parie que vous êtes ceux qui parlent de 7h à 11h",Default Fallback Intent
"peux-tu, je parie que c'est toi qui parles de 7h à 11h",Default Fallback Intent
"s'il vous plaît, Riley est un manager connecté à Scott.",Default Fallback Intent
pouvez-vous Riley est un manager connecté à Scott.,Default Fallback Intent
"s'il te plaît, mon enfant, appuie très vite sur le bouton du haut et laisse tomber, le volume augmente",Default Fallback Intent
"peux-tu, mon enfant, appuyer très rapidement sur le bouton du haut et le laisser aller, le volume augmente",Default Fallback Intent
"s'il te plaît, Elsa Texas s'en va, hein",Default Fallback Intent
peux-tu Elsa Texas hors hein,Default Fallback Intent
"s'il te plaît, fais-moi savoir que tu es debout",Default Fallback Intent
peux-tu me faire savoir que tu es debout,Default Fallback Intent
"s'il te plaît, où est le bus rapide",Default Fallback Intent
"s'il vous plaît, des phrases avec plus",Default Fallback Intent
peux-tu faire des phrases avec plus,Default Fallback Intent
"s'il te plaît, je suis presque sûr que c'est le mien mais je ne peux pas le mettre maintenant",Default Fallback Intent
peux-tu être sûr que c'est le mien mais je ne peux pas le mettre maintenant,Default Fallback Intent
"s'il te plaît, jette-le par terre",Default Fallback Intent
peux-tu le jeter par terre,Default Fallback Intent
pouvez-vous agence de mannequins,Default Fallback Intent
"s'il te plaît, trouve juste celui de Duncan",Default Fallback Intent
peux-tu juste trouver celui de Duncan,Default Fallback Intent
"s'il te plaît, allonge-toi ici",Default Fallback Intent
peux-tu t'allonger ici,Default Fallback Intent
"s'il te plaît, tu as besoin d'aide",Default Fallback Intent
peux-tu as-tu besoin d'aide,Default Fallback Intent
"s'il te plaît, Chelsea Down, au moins tu essaies",Default Fallback Intent
"peux-tu Chelsea Down, au moins tu essaies",Default Fallback Intent
"s'il vous plaît et j'ai vraiment hâte de ne plus avoir à porter le masque, c'est sûr",Default Fallback Intent
"peux-tu et j'ai vraiment hâte de ne plus avoir à porter le masque, c'est sûr",Default Fallback Intent
"s'il vous plaît, j'ai eu ces gars gratuits qui balancent le trac, l'un d'entre eux",Default Fallback Intent
"peux-tu, j'ai ces gars gratuits qui balancent le trac, l'un d'entre eux",Default Fallback Intent
peux-tu découvrir la révélation,Default Fallback Intent
"s'il te plaît, j'aimerais pouvoir me réveiller",Default Fallback Intent
"peux-tu, j'aimerais pouvoir me réveiller",Default Fallback Intent
"s'il te plaît, c'est celui qui a des problèmes avec",Default Fallback Intent
"peux-tu, c'est celui qui a des problèmes avec",Default Fallback Intent
"s'il te plait, ils continuent à faire ça",Default Fallback Intent
peux-tu continuer à faire ça,Default Fallback Intent
"s'il vous plaît, quelqu'un du motel à Boise",Default Fallback Intent
pouvez-vous quelqu'un du motel à Boise,Default Fallback Intent
"s'il te plaît, d'une certaine manière, parce que j'enlève juste le",Default Fallback Intent
"peux-tu, d'une certaine manière, parce que j'enlève juste le",Default Fallback Intent
"s'il vous plaît, c'était décourageant et puis j'ai trouvé l'équilibre de la nature, c'est juste une évidence depuis que je me sens bien",Default Fallback Intent
"peux-tu, c'était décourageant et ensuite j'ai trouvé l'équilibre de la nature, c'est juste une évidence depuis que je me sens bien",Default Fallback Intent
peux-tu pandora,Default Fallback Intent
"s'il te plaît, il vient de le changer",Default Fallback Intent
"peux-tu, il vient de le changer",Default Fallback Intent
"s'il te plaît, c'est occupé de naître",Default Fallback Intent
"peux-tu, c'est occupé à naître",Default Fallback Intent
s'il te plaît mais je veux voir,Default Fallback Intent
peux-tu mais je veux voir,Default Fallback Intent
"s'il vous plaît, votre permis sur mon téléphone portable",Default Fallback Intent
pouvez-vous votre permis sur mon téléphone portable,Default Fallback Intent
"s'il vous plaît, j'ai dit un autre programme",Default Fallback Intent
"peux-tu, j'ai dit un autre programme",Default Fallback Intent
"s'il te plaît, rappelle-toi comment faire",Default Fallback Intent
peux-tu te rappeler comment faire,Default Fallback Intent
"s'il te plaît, Alexa éteint la lumière du porche",Default Fallback Intent
peux-tu Alexa éteindre la lumière du porche,Default Fallback Intent
"s'il vous plaît, bonjour, reçu avec votre nouveau solde en bas et c'est tout.",Default Fallback Intent
pouvez-vous saluer le reçu avec votre nouveau solde en bas et c'est tout.,Default Fallback Intent
"s'il te plaît, secoue-le",Default Fallback Intent
peux-tu t'en débarrasser,Default Fallback Intent
veuillez revenir aux paramètres initiaux,Default Fallback Intent
peux-tu revenir aux paramètres initiaux,Default Fallback Intent
"s'il vous plaît, pas de télécommande TV dans l'application Fry",Default Fallback Intent
peux-tu pas de télécommande TV dans l'application Fry,Default Fallback Intent
"s'il te plaît, souris, alors nous allons y aller",Default Fallback Intent
peux-tu sourire alors nous allons y aller,Default Fallback Intent
"s'il te plaît, épelle le mot machine",Default Fallback Intent
peux-tu épeler le mot machine,Default Fallback Intent
"s'il te plaît, savoure quelqu'un pour des raisons de succion",Default Fallback Intent
peux-tu savourer quelqu'un pour de mauvaises raisons,Default Fallback Intent
"s'il te plaît, le panneau de scène",Default Fallback Intent
peux-tu le signe de la scène,Default Fallback Intent
peux-tu lundi,Default Fallback Intent
"s'il vous plaît, portez des appareils auditifs à chaque fois que ce stupide téléphone sonne",Default Fallback Intent
peux-tu utiliser des appareils auditifs à chaque fois que ce stupide téléphone sonne,Default Fallback Intent
"s'il te plaît, maintenant, il fait du bruit",Default Fallback Intent
"peux-tu maintenant, il fait du bruit",Default Fallback Intent
"s'il te plaît, fais une pause et reviens",Default Fallback Intent
peux-tu faire une pause et revenir,Default Fallback Intent
"s'il vous plaît, des saucisses après avoir utilisé ma position",Default Fallback Intent
pouvez-vous des saucisses après avoir utilisé ma position,Default Fallback Intent
"s'il vous plaît, faites cuire des côtes de porc sur le barbecue",Default Fallback Intent
peux-tu cuisiner des côtes de porc sur le barbecue,Default Fallback Intent
s'il vous plaît d'abord laver la machine,Default Fallback Intent
peux-tu d'abord laver la machine à laver,Default Fallback Intent
"s'il vous plaît et si la taille est une petite rue latérale, ils ont envoyé une église d'anges",Default Fallback Intent
"pouvez-vous et si la taille est une petite rue latérale, ils ont envoyé une église d'anges",Default Fallback Intent
"s'il vous plaît, il les a oubliés et vous en avez besoin, faites-moi savoir si j'ai un après-midi libre, je peux y conduire",Default Fallback Intent
"peux-tu les avoir oubliés et tu en as besoin, fais-moi savoir si j'ai un après-midi libre, je peux y conduire",Default Fallback Intent
peux-tu avoir une aide auditive,Default Fallback Intent
"s'il te plaît, j'ai un téléphone chica si tu peux lui trouver quelque chose de bien",Default Fallback Intent
"peux-tu, j'ai un téléphone chica si tu peux lui trouver quelque chose de bien",Default Fallback Intent
"s'il te plaît, je marche et ils n'ont pas travaillé",Default Fallback Intent
"peux-tu, je marche et ils ne travaillent pas",Default Fallback Intent
"s'il te plaît, il est sur le ventre",Default Fallback Intent
"peux-tu, il est sur le ventre",Default Fallback Intent
"s'il te plaît, ce sera notre petit mec porteur d'anneaux",Default Fallback Intent
"peux-tu, ça va être notre petit mec porteur d'anneaux",Default Fallback Intent
peux-tu être à New Amsterdam,Default Fallback Intent
"s'il te plaît, tire vendredi",Default Fallback Intent
peux-tu tirer vendredi,Default Fallback Intent
peux-tu à la maison,Default Fallback Intent
"s'il te plait, c'est plus comme ça",Default Fallback Intent
peux-tu être plus comme ça,Default Fallback Intent
"s'il te plaît, ça se lisse, c'est forcé",Default Fallback Intent
"peux-tu, ça adoucit, c'est forcé",Default Fallback Intent
"s'il te plaît, c'est à toi",Default Fallback Intent
"peux-tu, c'est à toi",Default Fallback Intent
"s'il te plaît, je flotte sur la route",Default Fallback Intent
"peux-tu, je flotte sur la route",Default Fallback Intent
peux-tu chercher sur Google,Default Fallback Intent
"s'il te plaît, continue-moi de chercher",Default Fallback Intent
peux-tu juste me garder que tu cherches,Default Fallback Intent
"s'il te plaît, change de main, chérie",Default Fallback Intent
"peux-tu changer de main, chérie",Default Fallback Intent
"s'il te plaît, appelle un ami",Default Fallback Intent
peux-tu téléphoner à un ami,Default Fallback Intent
"s'il te plaît, sors de ton téléphone, d'accord",Default Fallback Intent
"peux-tu sortir de ton téléphone, ok",Default Fallback Intent
"s'il te plaît, souviens-toi que quand ils déchargent le camion, tu es exaspéré",Default Fallback Intent
"tu te souviens quand ils déchargent le camion, tu es exaspéré",Default Fallback Intent
"S'il vous plaît, tournez-le pour appuyer sur le bouton des meubles, comme Siri.",Default Fallback Intent
"peux-tu le tourner pour appuyer sur le bouton des meubles, comme Siri",Default Fallback Intent
"s'il te plaît, joue à Frank Sinatra",Default Fallback Intent
peux-tu jouer à Frank Sinatra,Default Fallback Intent
"s'il vous plaît, cela ressemblerait à",Default Fallback Intent
"peux-tu, cela ressemblerait à",Default Fallback Intent
"s'il te plaît, ça te dérange à propos de l'ajustement",Default Fallback Intent
"peux-tu, ça te dérange à propos de l'ajustement",Default Fallback Intent
veuillez éteindre le moteur,Default Fallback Intent
peux-tu éteindre le moteur,Default Fallback Intent
"s'il te plaît, parle de ma fille",Default Fallback Intent
peux-tu parler de ma fille,Default Fallback Intent
peux-tu mardi,Default Fallback Intent
"s'il te plaît, vis dans ton oreille s'il y a un fil",Default Fallback Intent
peux-tu vivre dans ton oreille s'il y a un fil,Default Fallback Intent
"s'il te plaît, change de direction, regarde-la",Default Fallback Intent
peux-tu changer pour la voir,Default Fallback Intent
"s'il vous plaît, je dois programmer un nouveau tampon sur mon téléphone",Default Fallback Intent
"peux-tu, j'ai besoin de programmer un nouveau tampon sur mon téléphone",Default Fallback Intent
"s'il te plaît, il faisait noir dans le magasin",Default Fallback Intent
"peux-tu, il faisait noir dans le magasin",Default Fallback Intent
"s'il vous plaît, bière du verger en colère",Default Fallback Intent
peux-tu me mettre en colère avec de la bière du verger,Default Fallback Intent
"s'il te plaît, il n'y a vraiment pas",Default Fallback Intent
"peux-tu, il n'y a vraiment pas",Default Fallback Intent
s'il vous plaît ou mettez un ménage de 6 mois,Default Fallback Intent
pouvez-vous ou faire un ménage de 6 mois,Default Fallback Intent
veuillez éteindre les prises de source,Default Fallback Intent
peux-tu éteindre les prises source,Default Fallback Intent
"s'il vous plaît, voyez comment il se déplace tout au long.",Default Fallback Intent
pouvez-vous voir comment il se déplace tout au long.,Default Fallback Intent
s'il te plaît trouve ma chanson,Default Fallback Intent
peux-tu trouver ma chanson,Default Fallback Intent
veuillez modifier les plaques métalliques tempête de myrtle beach,Default Fallback Intent
peux-tu modifier les plaques métalliques tempête de myrtle beach,Default Fallback Intent
veuillez connecter Sony Nikon,Default Fallback Intent
peux-tu connecter Sony Nikon,Default Fallback Intent
"s'il vous plaît, Wendy a appuyé deux fois dessus et cela n'a pas fonctionné",Default Fallback Intent
pouvez-vous que Wendy ait appuyé deux fois dessus et cela n'a pas fonctionné,Default Fallback Intent
veuillez soulever l'appareil qui ne s'enregistre pas,Default Fallback Intent
pouvez-vous soulever un appareil qui ne s'enregistre pas,Default Fallback Intent
peux-tu paroles,Default Fallback Intent
s'il te plaît et c'est un signe de guerre,Default Fallback Intent
peux-tu et c'est un signe de guerre,Default Fallback Intent
"s'il vous plaît, c'est un bruit de pet très décevant",Default Fallback Intent
"peux-tu, c'est un bruit de pet très décevant",Default Fallback Intent
veuillez vous éloigner du New Jersey,Default Fallback Intent
peux-tu t'éloigner du New Jersey,Default Fallback Intent
peux-tu directement,Default Fallback Intent
"s'il te plaît, tu veux que je dise que je t'aime",Default Fallback Intent
"peux-tu, tu veux que je dise que je t'aime",Default Fallback Intent
"s'il te plaît, désolé pour ça, ok, j'ai compris",Default Fallback Intent
"peux-tu m'excuser pour ça, ok, je l'ai compris",Default Fallback Intent
s'il vous plaît score du jeu des jumeaux,Default Fallback Intent
peux-tu marquer le jeu des jumeaux,Default Fallback Intent
"s'il vous plaît, excluez les cotes de 30 contre 1",Default Fallback Intent
pouvez-vous avoir une cote exclusive de 30 contre 1,Default Fallback Intent
s'il vous plaît merci pour mon enfant quand j'étais petite avec un grand-père qui m'a appris le cœur de mon visage,Default Fallback Intent
peux-tu merci pour mon enfant quand j'étais petite avec un grand-père qui m'a appris le cœur de mon visage,Default Fallback Intent
s'il vous plaît 328 chutes de cèdre,Default Fallback Intent
peux-tu 328 chutes de cèdre,Default Fallback Intent
"s'il vous plaît, montrez-moi où diminuer l'arrière-plan",Default Fallback Intent
pouvez-vous s'il vous plaît me montrer où diminuer l'arrière-plan,Default Fallback Intent
"s'il te plait, tu n'as pas touché le sol, mais je vais le vérifier",Default Fallback Intent
"tu ne peux pas, tu n'as pas touché le sol, mais je vais le vérifier",Default Fallback Intent
"s'il vous plaît, salut spécifications, bonjour, bon cœur de statistiques. je n'ai pas eu cette couverture. mais le carton qui pendait à l'automne.",Default Fallback Intent
"pouvez-vous hé spec, bonjour bon cœur de statistiques. je n'ai pas eu cette couverture. mais le carton qui pendait à l'automne.",Default Fallback Intent
peux-tu descendre,Default Fallback Intent
"s'il te plaît, j'ai tout oublié à propos du look, merci de me l'avoir rappelé",Default Fallback Intent
"peux-tu, j'ai tout oublié à propos du look, merci de me l'avoir rappelé",Default Fallback Intent
"s'il vous plaît, j'ai un récepteur de jeu sur PC",Default Fallback Intent
"peux-tu, j'ai un récepteur de jeu sur PC",Default Fallback Intent
"s'il vous plaît, l'exposition sur l'innovation auditive est un événement mondial organisé par Starkey Hearing Technologies.",Default Fallback Intent
"pouvez-vous, l'exposition sur l'innovation auditive est un événement mondial organisé par Starkey Hearing Technologies",Default Fallback Intent
"s'il vous plaît, j'aurais aimé que vous soyez avec moi, il y a tellement de monde sur leur John's Pass que vous ne pouvez pas trouver de place de parking.",Default Fallback Intent
"peux-tu souhaiter que tu sois avec moi, il y a tellement de monde sur leur John's Pass que tu ne trouves pas de place de parking",Default Fallback Intent
"s'il te plaît, je veux avancer, ouais, je le ferai",Default Fallback Intent
peux-tu vouloir avancer ouais je le ferai,Default Fallback Intent
"s'il vous plaît, emmenez-nous voir, oubliez-le, nous sommes dans la voiture et le bruit des drones coûtera cher si je les ai dans les bruits de la route également amplifiés",Default Fallback Intent
"pouvez-vous nous emmener voir, oubliez-le, nous sommes dans la voiture et le bruit des drones coûtera cher si je les ai dans les bruits de la route qui sont également amplifiés",Default Fallback Intent
"s'il te plaît, les vents d'ouest le font exploser",Default Fallback Intent
peux-tu que les vents d'ouest le fassent exploser,Default Fallback Intent
peux-tu avoir un nouvel œdème,Default Fallback Intent
"s'il te plaît, arrête d'écouter, pose-toi une question",Default Fallback Intent
"peux-tu arrêter d'écouter, s'il te plaît, pose-toi une question",Default Fallback Intent
s'il te plaît et pousse-le vers le bas pour le drame,Default Fallback Intent
peux-tu et le pousser vers le bas pour le drame,Default Fallback Intent
"s'il te plaît, parfois, c'est bien de prendre un jour de congé",Default Fallback Intent
"peux-tu parfois, c'est bien de prendre un jour de congé",Default Fallback Intent
"s'il te plaît, je ne sais pas ce que tu fais, il me manque un autre",Default Fallback Intent
"peux-tu, je ne sais pas ce que tu fais, il me manque un autre",Default Fallback Intent
"s'il vous plaît, audience provinciale, j'attends de voir comment puis-je vous aider",Default Fallback Intent
"pouvez-vous entendre votre demande provinciale, j'attends de voir comment puis-je vous aider",Default Fallback Intent
veuillez activer le Wi-Fi,Default Fallback Intent
peux-tu activer le Wi-Fi,Default Fallback Intent
"s'il te plaît, ouvre-le",Default Fallback Intent
peux-tu l'ouvrir,Default Fallback Intent
s'il vous plaît merci d'avoir changé,Default Fallback Intent
peux-tu merci d'avoir changé,Default Fallback Intent
s'il vous plaît seulement si ce n'est pas un problème pour cdl,Default Fallback Intent
peux-tu seulement si ce n'est pas un problème pour cdl,Default Fallback Intent
peux-tu te taire,Default Fallback Intent
"s'il te plaît, hé Google, allume les lampes principales",Default Fallback Intent
"peux-tu, hé Google, allumer les lampes principales",Default Fallback Intent
"s'il te plaît, je ne trouve pas Bose",Default Fallback Intent
"s'il te plaît, je n'entends rien",Default Fallback Intent
"peux-tu, je n'entends rien",Default Fallback Intent
peux-tu te localiser soudainement,Default Fallback Intent
"s'il te plaît, serre-le trop fort",Default Fallback Intent
peux-tu être trop serré,Default Fallback Intent
peux-tu chercher Genesis,Default Fallback Intent
"s'il vous plaît, au bureau nord-coréen, les connards s'en vont d'ici.",Default Fallback Intent
"pouvez-vous aller au bureau nord-coréen, les connards s'en vont-ils d'ici.",Default Fallback Intent
"s'il te plaît, éteint l'alarme",Default Fallback Intent
peux-tu éteindre l'alarme,Default Fallback Intent
"s'il vous plaît, j'ai reçu une tonne de recommandations entièrement sans fil",Default Fallback Intent
"peux-tu, j'ai une tonne de recommandations entièrement sans fil",Default Fallback Intent
peux-tu te faire foutre,Default Fallback Intent
"s'il te plait, pas vu beaucoup de liquide de ce côté",Default Fallback Intent
peux-tu bien ne pas voir beaucoup de liquide de ce côté,Default Fallback Intent
s'il te plaît au téléphone avec pt ptt,Default Fallback Intent
peux-tu téléphoner avec pt ptt,Default Fallback Intent
peux-tu utiliser une machine à coudre,Default Fallback Intent
"s'il te plaît, ne crie pas assez fort",Default Fallback Intent
tu ne peux pas crier assez fort,Default Fallback Intent
"s'il te plaît, je ne peux pas mentir",Default Fallback Intent
"peux-tu, je ne peux pas mentir",Default Fallback Intent
"S'il vous plaît, rabaissez votre amie Sharon Dell, une personne personnelle, vérifiez votre musique à partir des autres définitions, trouvez uniquement",Default Fallback Intent
"pouvez-vous rabaisser votre amie Sharon Dell, une personne personnelle, vérifier votre musique à partir des autres définitions, trouver uniquement",Default Fallback Intent
"s'il te plaît, où es-tu allé",Default Fallback Intent
"s'il vous plaît, direction du son",Default Fallback Intent
peux-tu indiquer la direction du son,Default Fallback Intent
"s'il te plaît, j'avais perdu 17 000 $ plus tôt dans la journée",Default Fallback Intent
"peux-tu, j'avais perdu 17 000 $ plus tôt dans la journée",Default Fallback Intent
"s'il te plaît, quelqu'un était censé m'appeler et je ne le fais jamais",Default Fallback Intent
"peux-tu, quelqu'un était censé m'appeler et je ne le fais jamais",Default Fallback Intent
peux-tu des vidéos YouTube,Default Fallback Intent
"s'il vous plaît, fermez au score de Notre-Dame hier",Default Fallback Intent
peux-tu fermer le score de Notre-Dame hier,Default Fallback Intent
s'il te plaît wow c'est un numéro intense et intense,Default Fallback Intent
"peux-tu wow, c'est un numéro intense et intense",Default Fallback Intent
"s'il te plaît et voici mon cœur, il est plus proche de toi",Default Fallback Intent
"peux-tu et voici mon cœur, il est plus proche de toi",Default Fallback Intent
"s'il te plaît, salsa à ma gauche",Default Fallback Intent
peux-tu faire de la salsa à ma gauche,Default Fallback Intent
peux-tu recevoir un récepteur Onkyo,Default Fallback Intent
pouvez-vous aborder le changement,Default Fallback Intent
"s'il te plaît, je me demande si je l'ai mis ici quelque part",Default Fallback Intent
"peux-tu, je me demande si je l'ai mis ici quelque part",Default Fallback Intent
peux-tu quoi de neuf,Default Fallback Intent
peux-tu Alexa,Default Fallback Intent
"s'il te plaît, agresse ton cousin avec des appareils auditifs",Default Fallback Intent
peux-tu agresser des appareils auditifs à ton cousin,Default Fallback Intent
s'il vous plaît sizzlers initiés par cham appuyez ici pour les informer que vous avez reçu cette commande,Default Fallback Intent
pouvez-vous sizzlers initiés par cham appuyez ici pour les informer que vous avez reçu cette commande,Default Fallback Intent
"s'il vous plaît, vous savez où ils ont le chèque que nous devons déplacer pour y mettre. C'est très bien.",Default Fallback Intent
pouvez-vous savoir où ils ont le chèque que nous devons déplacer pour y mettre. C'est très bien.,Default Fallback Intent
veuillez lister les éléments qui ne fonctionnent pas,Default Fallback Intent
pouvez-vous lister les éléments qui ne fonctionnent pas,Default Fallback Intent
"s'il vous plaît, je vais les appeler et voir s'ils veulent que j'envoie cet énorme",Default Fallback Intent
peux-tu les appeler et voir s'ils veulent que j'envoie cet énorme,Default Fallback Intent
"s'il vous plaît, les applications que vous connaissez",Default Fallback Intent
pouvez-vous utiliser des applications que vous connaissez,Default Fallback Intent
peux-tu avoir des appareils auditifs,Default Fallback Intent
"s'il te plaît, je n'entends même pas ça",Default Fallback Intent
"peux-tu, je n'entends même pas ça à peine",Default Fallback Intent
peux-tu te tourner,Default Fallback Intent
peux-tu épeler restaurant,Default Fallback Intent
"s'il te plaît, j'ai dit que je me taisais",Default Fallback Intent
"peux-tu, j'ai dit que je vais me taire",Default Fallback Intent
"s'il te plaît, blottis-toi encore dans tes oreilles",Default Fallback Intent
peux-tu encore te blottir contre tes oreilles,Default Fallback Intent
"s'il te plaît, dois-tu d'abord faire",Default Fallback Intent
"peux-tu d'abord, est-ce que tu dois faire",Default Fallback Intent
peux-tu ok micro,Default Fallback Intent
peux-tu ma douce voiture,Default Fallback Intent
"s'il te plaît, hé, Mark, d'accord.",Default Fallback Intent
"peux-tu hé, Mark, d'accord.",Default Fallback Intent
"s'il vous plaît ouais, j'ai été mis à jour.",Default Fallback Intent
"peux-tu ouais, j'ai été mis à jour.",Default Fallback Intent
peux-tu tenir le coup,Default Fallback Intent
"s'il te plaît, j'abandonne",Default Fallback Intent
"peux-tu, j'abandonne",Default Fallback Intent
fais plaisir aux hommes de l'ombre sur une planète sombre,Default Fallback Intent
pouvez-vous être les hommes de l'ombre sur une planète sombre,Default Fallback Intent
"s'il vous plaît, diffusez de la musique sur YouTube.",Default Fallback Intent
pouvez-vous diffuser de la musique sur YouTube.,Default Fallback Intent
"s'il te plaît, moi aussi je ne peux pas César",Default Fallback Intent
"peux-tu le faire aussi, je ne peux pas César",Default Fallback Intent
"s'il te plaît, perfectionne comment ça va avec toi",Default Fallback Intent
peux-tu perfectionner comment ça va avec toi,Default Fallback Intent
s'il vous plaît produit particulier que vous vouliez vérifier spécifiquement,Default Fallback Intent
pouvez-vous produit particulier que vous vouliez vérifier spécifiquement,Default Fallback Intent
"s'il te plaît, joue, je le porte",Default Fallback Intent
"peux-tu jouer, je le porte",Default Fallback Intent
"s'il te plaît Alex, bon Manasseh. d'accord. je te reverrai au bureau ici.",Default Fallback Intent
"peux-tu Alex, bon Manasseh. d'accord. je te reverrai au bureau ici.",Default Fallback Intent
veuillez tous les paramètres du pré-programme changer une fois modifiés,Default Fallback Intent
pouvez-vous modifier tous les paramètres du pré-programme une fois modifiés,Default Fallback Intent
"s'il te plaît, elle reste avec mon téléphone",Default Fallback Intent
"peux-tu, elle reste avec mon téléphone",Default Fallback Intent
"s'il vous plaît, les médias, trouvez-nous partout où vous obtenez votre podcast",Default Fallback Intent
pouvez-vous nous trouver partout où vous obtenez votre podcast,Default Fallback Intent
"s'il vous plaît, un restaurant près de chez moi",Default Fallback Intent
pouvez-vous restaurant près de chez moi,Default Fallback Intent
"s'il vous plaît, c'est un week-end. dites à tout le monde comment les jolies mutuelles personnalisent votre assurance auto.",Default Fallback Intent
"peux-tu, c'est un week-end. dites à tout le monde comment les jolies mutuelles personnalisent votre assurance auto.",Default Fallback Intent
s'il vous plaît téléphonez l'entrée audio,Default Fallback Intent
pouvez-vous téléphoner à l'entrée audio,Default Fallback Intent
"s'il vous plaît, l'aide auditive gauche",Default Fallback Intent
peux-tu utiliser l'aide auditive gauche,Default Fallback Intent
veuillez suggérer que si vous avez été vacciné,Default Fallback Intent
pouvez-vous suggérer que si vous avez été vacciné,Default Fallback Intent
peux-tu le micro,Default Fallback Intent
"s'il te plaît, montre-moi le jury",Default Fallback Intent
peux-tu me montrer le jury,Default Fallback Intent
peux-tu lhs lhs,Default Fallback Intent
peux-tu complètement,Default Fallback Intent
"s'il vous plaît Dr. Il s'agit d'une augmentation de 74 % par rapport à février de l'année dernière. oui, les équipes cyclistes ne parlent toujours pas de crise.",Default Fallback Intent
"pouvez-vous, Dr. Il s'agit d'une augmentation de 74 % par rapport à février de l'année dernière. oui, les équipes cyclistes ne parlent toujours pas de crise.",Default Fallback Intent
"s'il te plaît, j'ai besoin d'une batterie de voiture",Default Fallback Intent
"peux-tu, j'ai besoin d'une batterie de voiture",Default Fallback Intent
"s'il vous plaît, aidez-moi à trouver un papier",Default Fallback Intent
peux-tu m'aider à trouver un papier,Default Fallback Intent
"s'il te plaît, bonne journée",Default Fallback Intent
peux-tu passer une bonne journée,Default Fallback Intent
"s'il vous plaît et maintenant, ce qui se passe, c'est s'il est en mode streaming parce qu'il attend que vous posiez une question",Default Fallback Intent
"pouvez-vous et maintenant, ce qui se passe, c'est s'il est en mode streaming parce qu'il attend que vous posiez une question",Default Fallback Intent
"s'il te plaît, sur ta comptabilité, tout est de mon côté donc",Default Fallback Intent
"peux-tu sur ta comptabilité, tout est de mon côté alors",Default Fallback Intent
"s'il vous plaît, mon aide auditive droite est à 0%",Default Fallback Intent
"peux-tu, mon aide auditive droite est à 0%",Default Fallback Intent
"s'il vous plaît, vous pouvez toujours ajouter",Default Fallback Intent
"peux-tu, tu peux toujours ajouter",Default Fallback Intent
peux-tu dimanche,Default Fallback Intent
"s'il te plaît, je vais te laisser dormir",Default Fallback Intent
"peux-tu, je vais te laisser dormir",Default Fallback Intent
s'il vous plaît pour que votre audition,Default Fallback Intent
peux-tu pour que ton audition,Default Fallback Intent
"s'il vous plaît, voici vos aides auditives",Default Fallback Intent
"peux-tu, alors voici tes aides auditives",Default Fallback Intent
"s'il te plaît, ça n'arrête pas d'apparaître, s'il te plaît, écoute, écoute, écoute",Default Fallback Intent
"peux-tu, ça n'arrête pas d'apparaître, s'il te plaît, écoute, écoute, écoute",Default Fallback Intent
peux-tu vite Dawsonville,Default Fallback Intent
"s'il te plaît, éteint le corps",Default Fallback Intent
peux-tu éteindre le corps,Default Fallback Intent
peux-tu barre de son,Default Fallback Intent
"s'il vous plaît, je me dis juste oh, c'est donc là le point important.",Default Fallback Intent
"peux-tu, je me dis juste oh, c'est donc là le point important.",Default Fallback Intent
peux-tu mensuellement,Default Fallback Intent
s'il vous plaît aide fédérale à la hauteur de mon énergie,Default Fallback Intent
pouvez-vous une aide fédérale à la hauteur de mon énergie,Default Fallback Intent
"s'il te plaît, mes oreilles transpirent",Default Fallback Intent
peux-tu me faire transpirer les oreilles,Default Fallback Intent
s'il vous plaît bottes adidas femme,Default Fallback Intent
peux-tu adidas bottes femme,Default Fallback Intent
"s'il te plaît, je n'entends pas le",Default Fallback Intent
"peux-tu, je n'entends pas le",Default Fallback Intent
"s'il te plaît mais ils vivent ici, je me souviens quand Jerry me l'a dit",Default Fallback Intent
"peux-tu mais ils vivent ici, je me souviens quand Jerry me l'a dit",Default Fallback Intent
peux-tu des chiffres,Default Fallback Intent
"s'il te plaît, éteint la télévision",Default Fallback Intent
peux-tu éteindre la télé,Default Fallback Intent
"s'il vous plaît, vos besoins sont coupés.",Default Fallback Intent
pouvez-vous répondre à vos besoins.,Default Fallback Intent
"s'il te plaît ouais, enlève juste un peu ouais",Default Fallback Intent
peux-tu ouais juste en enlever un peu ouais,Default Fallback Intent
"peux-tu, les braves, marquer",Default Fallback Intent
pouvez-vous qui a la meilleure cuisine chinoise à Sioux Falls ?,Default Fallback Intent
"s'il vous plaît, je suis intéressé par ma position",Default Fallback Intent
"peux-tu, je suis intéressé par ma position",Default Fallback Intent
"s'il te plaît, débony, connecte-toi",Default Fallback Intent
peux-tu désosser ta connexion,Default Fallback Intent
"s'il vous plaît, les frais d'électricité ne sont-ils pas similaires à ceux de l'essence ?",Default Fallback Intent
pouvez-vous que les frais d'électricité ne soient pas similaires à ceux de l'essence,Default Fallback Intent
pouvez-vous qui est le ministère de l'Intérieur de l'Inde,Default Fallback Intent
peux-tu tonner un message,Default Fallback Intent
pouvez-vous qui est le ministre de l'Intérieur de l'Inde,Default Fallback Intent
"s'il te plaît, prends du lipitor",Default Fallback Intent
peux-tu prendre du lipitor,Default Fallback Intent
peux-tu envoyer un SMS à Levitar,Default Fallback Intent
"s'il te plaît, au moment où la Khan Academy fait silence",Default Fallback Intent
peux-tu au moment où le silence de la Khan Academy,Default Fallback Intent
"s'il vous plaît, ajoutez-en un de plus à cela, à quoi cela équivaut-il",Default Fallback Intent
"peux-tu en ajouter un de plus, à quoi cela équivaut-il",Default Fallback Intent
"s'il te plaît, retourne à un niveau élevé",Default Fallback Intent
peux-tu retourner à un niveau élevé,Default Fallback Intent
"s'il te plaît, parle-moi de la langue anglaise",Default Fallback Intent
peux-tu me parler de la langue anglaise,Default Fallback Intent
"s'il te plaît, parle-moi de la langue amharique",Default Fallback Intent
peux-tu me parler de la langue amharique,Default Fallback Intent
s'il te plaît et je pense que c'est censé fonctionner,Default Fallback Intent
peux-tu et je pense que c'est censé fonctionner,Default Fallback Intent
"s'il te plaît, va en enfer",Default Fallback Intent
peux-tu aller en enfer,Default Fallback Intent
veuillez rédiger un programme d'institut de recherche,Default Fallback Intent
pouvez-vous rédiger un programme d'institut de recherche,Default Fallback Intent
"s'il vous plaît, suite de programmation informatique Raichu sur la recherche binaire",Default Fallback Intent
pouvez-vous raichu suite de programmation informatique sur la recherche binaire,Default Fallback Intent
"s'il vous plaît, corrigez le code rapide de la recherche binaire",Default Fallback Intent
pouvez-vous utiliser le code rapide de recherche binaire,Default Fallback Intent
peux-tu avoir raison,Default Fallback Intent
"s'il te plaît, écris un programme dans switch",Default Fallback Intent
peux-tu écrire un programme dans Switch,Default Fallback Intent
"s'il te plaît, salut, je ne le sais pas",Default Fallback Intent
"peux-tu salut, je ne le sais pas",Default Fallback Intent
veuillez localiser le terrain de golf le plus proche,Default Fallback Intent
pouvez-vous localiser le parcours de golf le plus proche,Default Fallback Intent
veuillez localiser le parc le plus proche,Default Fallback Intent
pouvez-vous localiser le parc le plus proche,Default Fallback Intent
"s'il te plaît, localise ma femme",Default Fallback Intent
peux-tu localiser ma femme,Default Fallback Intent
veuillez localiser un restaurant,Default Fallback Intent
peux-tu localiser un restaurant,Default Fallback Intent
pouvez-vous localiser,Default Fallback Intent
veuillez localiser une piste de bowling à proximité,Default Fallback Intent
pouvez-vous localiser une piste de bowling à proximité,Default Fallback Intent
"s'il te plaît, où est le courant",Default Fallback Intent
"s'il te plaît, ek divas jam pour envoyer l'argent",Default Fallback Intent
peux-tu ek divas jam pour envoyer de l'argent,Default Fallback Intent
peux-tu calories faire du vélo,Cmd.ActivityCycle
"s'il vous plaît, ai-je atteint mon objectif de cyclisme ?",Cmd.ActivityCycle
peux-tu avoir atteint mon objectif de vélo ?,Cmd.ActivityCycle
"s'il te plaît, ai-je fait du vélo pendant une heure ?",Cmd.ActivityCycle
peux-tu me faire faire du vélo pendant une heure ?,Cmd.ActivityCycle
"s'il te plaît, montre-moi mon objectif à vélo",Cmd.ActivityCycle
peux-tu me montrer mon objectif à vélo,Cmd.ActivityCycle
"s'il vous plaît, suis-je proche de mon objectif cycliste ?",Cmd.ActivityCycle
est-ce que je peux être proche de mon objectif cycliste ?,Cmd.ActivityCycle
veuillez activer mon programme pour le restaurant,Cmd.MemoryChange
peux-tu activer mon programme pour le restaurant,Cmd.MemoryChange
veuillez activer le programme de restaurant,Cmd.MemoryChange
peux-tu activer le programme de restaurant,Cmd.MemoryChange
veuillez changer pour en tester un,Cmd.MemoryChange
peux-tu changer pour en tester un,Cmd.MemoryChange
veuillez changer de mémoire pour en tester une,Cmd.MemoryChange
peux-tu changer de mémoire pour en tester une,Cmd.MemoryChange
veuillez changer les aides auditives pour la voiture,Cmd.MemoryChange
peux-tu changer d'appareils auditifs pour une voiture,Cmd.MemoryChange
veuillez mettre les appareils auditifs dans un auditorium,Cmd.MemoryChange
pouvez-vous mettre des appareils auditifs dans un auditorium,Cmd.MemoryChange
"s'il te plaît, va à l'extérieur",Cmd.MemoryChange
peux-tu aller dehors,Cmd.MemoryChange
"s'il te plaît, va dans le personnel",Cmd.MemoryChange
peux-tu aller au personnel,Cmd.MemoryChange
"s'il te plaît, va au restaurant",Cmd.MemoryChange
peux-tu aller au restaurant,Cmd.MemoryChange
"s'il te plaît, va à la réunion",Cmd.MemoryChange
peux-tu aller à la réunion,Cmd.MemoryChange
peux-tu masquer la mémoire,Cmd.MemoryChange
peux-tu mode masque,Cmd.MemoryChange
veuillez passer au masque,Cmd.MemoryChange
peux-tu passer au masque,Cmd.MemoryChange
veuillez changer de masque,Cmd.MemoryChange
peux-tu changer de masque,Cmd.MemoryChange
pouvez-vous masquer le réglage,Cmd.MemoryChange
peux-tu masquer le programme,Cmd.MemoryChange
veuillez définir le programme sur masquer,Cmd.MemoryChange
pouvez-vous définir le programme pour masquer,Cmd.MemoryChange
veuillez définir la mémoire sur masque,Cmd.MemoryChange
peux-tu définir la mémoire pour masquer,Cmd.MemoryChange
veuillez changer le programme en masque,Cmd.MemoryChange
peux-tu passer du programme au masque,Cmd.MemoryChange
veuillez changer la mémoire en masque,Cmd.MemoryChange
peux-tu changer la mémoire en masque,Cmd.MemoryChange
veuillez changer le programme en masque,Cmd.MemoryChange
peux-tu changer de programme pour masquer,Cmd.MemoryChange
veuillez définir le programme de masque,Cmd.MemoryChange
pouvez-vous définir le programme de masquage,Cmd.MemoryChange
veuillez passer au programme de masque,Cmd.MemoryChange
peux-tu passer au programme de masque,Cmd.MemoryChange
veuillez passer à la mémoire de masque,Cmd.MemoryChange
peux-tu passer à la mémoire de masque,Cmd.MemoryChange
veuillez passer à la mémoire du mode masque,Cmd.MemoryChange
pouvez-vous passer à la mémoire du mode masque,Cmd.MemoryChange
veuillez passer en mode masque,Cmd.MemoryChange
peux-tu passer en mode masque,Cmd.MemoryChange
veuillez changer la mémoire en masque,Cmd.MemoryChange
peux-tu changer la mémoire en masque,Cmd.MemoryChange
veuillez passer à la mémoire personnelle,Cmd.MemoryChange
peux-tu passer à la mémoire personnelle,Cmd.MemoryChange
veuillez passer à la mémoire du restaurant,Cmd.MemoryChange
pouvez-vous passer à la mémoire du restaurant,Cmd.MemoryChange
veuillez passer à la mémoire extérieure,Cmd.MemoryChange
peux-tu passer à la mémoire extérieure,Cmd.MemoryChange
veuillez passer à la mémoire de la réunion,Cmd.MemoryChange
pouvez-vous passer à la mémoire de réunion,Cmd.MemoryChange
"s'il vous plaît, passez à la mémoire de la foule",Cmd.MemoryChange
peux-tu passer à la mémoire de la foule,Cmd.MemoryChange
veuillez passer à la mémoire de la voiture,Cmd.MemoryChange
peux-tu passer à la mémoire de la voiture,Cmd.MemoryChange
veuillez passer à la mémoire de l'auditorium,Cmd.MemoryChange
pouvez-vous passer à la mémoire de l'auditorium,Cmd.MemoryChange
veuillez passer à la mémoire musicale,Cmd.MemoryChange
peux-tu passer à la mémoire musicale,Cmd.MemoryChange
veuillez passer à la mémoire du téléviseur,Cmd.MemoryChange
peux-tu passer à la mémoire du téléviseur,Cmd.MemoryChange
veuillez passer à la mémoire muette,Cmd.MemoryChange
peux-tu passer à la mémoire muette,Cmd.MemoryChange
veuillez passer à la mémoire du téléphone,Cmd.MemoryChange
pouvez-vous passer à la mémoire du téléphone,Cmd.MemoryChange
veuillez passer à la mémoire automatique,Cmd.MemoryChange
peux-tu passer à la mémoire automatique,Cmd.MemoryChange
"s'il te plaît, passe à la mémoire quotidienne",Cmd.MemoryChange
peux-tu passer à la mémoire quotidienne,Cmd.MemoryChange
veuillez passer à la mémoire de golf,Cmd.MemoryChange
peux-tu passer à la mémoire de golf,Cmd.MemoryChange
veuillez passer à la mémoire du gymnase,Cmd.MemoryChange
peux-tu passer à la mémoire du gymnase,Cmd.MemoryChange
veuillez passer à la mémoire personnelle,Cmd.MemoryChange
peux-tu passer à la mémoire personnelle,Cmd.MemoryChange
veuillez passer à la mémoire de la cuisine,Cmd.MemoryChange
peux-tu passer à la mémoire de la cuisine,Cmd.MemoryChange
veuillez passer à la mémoire principale,Cmd.MemoryChange
peux-tu passer à la mémoire principale,Cmd.MemoryChange
veuillez passer à la mémoire de bruit,Cmd.MemoryChange
peux-tu passer à la mémoire de bruit,Cmd.MemoryChange
veuillez passer à la mémoire du bureau,Cmd.MemoryChange
peux-tu passer à la mémoire du bureau,Cmd.MemoryChange
veuillez passer à la mémoire du pub,Cmd.MemoryChange
peux-tu passer à la mémoire du pub,Cmd.MemoryChange
"s'il vous plaît, passez à la mémoire silencieuse",Cmd.MemoryChange
peux-tu passer à la mémoire silencieuse,Cmd.MemoryChange
veuillez passer à la mémoire de l'école,Cmd.MemoryChange
peux-tu changer la mémoire de l'école,Cmd.MemoryChange
veuillez passer à la mémoire vocale,Cmd.MemoryChange
peux-tu passer à la mémoire vocale,Cmd.MemoryChange
veuillez passer à la mémoire du théâtre,Cmd.MemoryChange
peux-tu passer à la mémoire du théâtre,Cmd.MemoryChange
veuillez passer à la mémoire des acouphènes,Cmd.MemoryChange
pouvez-vous passer à la mémoire des acouphènes,Cmd.MemoryChange
veuillez changer pour entraîner la mémoire,Cmd.MemoryChange
peux-tu changer pour entraîner la mémoire,Cmd.MemoryChange
veuillez passer à la mémoire de travail,Cmd.MemoryChange
peux-tu passer à la mémoire de travail,Cmd.MemoryChange
"s'il te plaît, change pour adorer la mémoire",Cmd.MemoryChange
peux-tu changer pour adorer la mémoire,Cmd.MemoryChange
veuillez passer au programme personnel,Cmd.MemoryChange
pouvez-vous passer au programme personnel,Cmd.MemoryChange
veuillez modifier le programme du restaurant,Cmd.MemoryChange
pouvez-vous passer au programme de restaurant,Cmd.MemoryChange
veuillez passer au programme extérieur,Cmd.MemoryChange
pouvez-vous passer au programme extérieur,Cmd.MemoryChange
veuillez modifier le programme de la réunion,Cmd.MemoryChange
pouvez-vous modifier le programme de la réunion,Cmd.MemoryChange
veuillez passer au programme de foule,Cmd.MemoryChange
pouvez-vous passer au programme de foule,Cmd.MemoryChange
veuillez passer au programme de voiture,Cmd.MemoryChange
peux-tu passer au programme de voiture,Cmd.MemoryChange
veuillez modifier le programme de l'auditorium,Cmd.MemoryChange
pouvez-vous changer pour le programme de l'auditorium,Cmd.MemoryChange
veuillez passer au programme musical,Cmd.MemoryChange
peux-tu passer au programme musical,Cmd.MemoryChange
veuillez passer au programme de télévision,Cmd.MemoryChange
peux-tu passer au programme de télévision,Cmd.MemoryChange
veuillez passer au programme muet,Cmd.MemoryChange
peux-tu passer au programme muet,Cmd.MemoryChange
veuillez changer de programme téléphonique,Cmd.MemoryChange
pouvez-vous passer au programme téléphonique,Cmd.MemoryChange
veuillez passer au programme automatique,Cmd.MemoryChange
peux-tu passer au programme automatique,Cmd.MemoryChange
veuillez passer au programme quotidien,Cmd.MemoryChange
pouvez-vous passer au programme quotidien,Cmd.MemoryChange
veuillez changer pour le programme de golf,Cmd.MemoryChange
peux-tu passer au programme de golf,Cmd.MemoryChange
veuillez changer le programme de gym,Cmd.MemoryChange
peux-tu changer de programme de gym,Cmd.MemoryChange
veuillez passer au programme domestique,Cmd.MemoryChange
pouvez-vous passer au programme domestique,Cmd.MemoryChange
veuillez passer au programme de cuisine,Cmd.MemoryChange
peux-tu passer au programme de cuisine,Cmd.MemoryChange
veuillez passer au programme principal,Cmd.MemoryChange
pouvez-vous passer au programme principal,Cmd.MemoryChange
veuillez passer au programme de bruit,Cmd.MemoryChange
pouvez-vous passer au programme de bruit,Cmd.MemoryChange
veuillez passer au programme Office,Cmd.MemoryChange
peux-tu passer au programme Office,Cmd.MemoryChange
veuillez passer au programme du pub,Cmd.MemoryChange
pouvez-vous passer au programme de pub,Cmd.MemoryChange
veuillez passer au programme silencieux,Cmd.MemoryChange
peux-tu passer au programme silencieux,Cmd.MemoryChange
veuillez changer de programme scolaire,Cmd.MemoryChange
peux-tu changer de programme scolaire,Cmd.MemoryChange
veuillez passer au programme vocal,Cmd.MemoryChange
peux-tu passer au programme vocal,Cmd.MemoryChange
veuillez changer le programme du théâtre,Cmd.MemoryChange
peux-tu changer de programme de théâtre,Cmd.MemoryChange
veuillez passer au programme d'acouphènes,Cmd.MemoryChange
pouvez-vous passer au programme d'acouphènes,Cmd.MemoryChange
veuillez modifier le programme d'entraînement,Cmd.MemoryChange
peux-tu changer de programme d'entraînement,Cmd.MemoryChange
veuillez changer de programme de travail,Cmd.MemoryChange
peux-tu changer de programme de travail,Cmd.MemoryChange
veuillez changer le programme de culte,Cmd.MemoryChange
pouvez-vous changer de programme de culte,Cmd.MemoryChange
veuillez passer à la mémoire personnelle,Cmd.MemoryChange
peux-tu passer à la mémoire personnelle,Cmd.MemoryChange
veuillez passer à la mémoire du restaurant,Cmd.MemoryChange
peux-tu passer à la mémoire du restaurant,Cmd.MemoryChange
veuillez passer à la mémoire extérieure,Cmd.MemoryChange
peux-tu passer à la mémoire extérieure,Cmd.MemoryChange
veuillez passer à la mémoire de la réunion,Cmd.MemoryChange
peux-tu passer à la mémoire de réunion,Cmd.MemoryChange
veuillez passer à la mémoire du public,Cmd.MemoryChange
peux-tu passer à la mémoire collective,Cmd.MemoryChange
veuillez passer à la mémoire de la voiture,Cmd.MemoryChange
peux-tu passer à la mémoire de la voiture,Cmd.MemoryChange
veuillez passer à la mémoire de l'auditorium,Cmd.MemoryChange
peux-tu passer à la mémoire de l'auditorium,Cmd.MemoryChange
veuillez passer à la mémoire musicale,Cmd.MemoryChange
peux-tu passer à la mémoire musicale,Cmd.MemoryChange
veuillez passer à la mémoire du téléviseur,Cmd.MemoryChange
peux-tu passer à la mémoire du téléviseur,Cmd.MemoryChange
veuillez passer à la mémoire muette,Cmd.MemoryChange
peux-tu passer à la mémoire muette,Cmd.MemoryChange
veuillez passer à la mémoire du téléphone,Cmd.MemoryChange
peux-tu passer à la mémoire du téléphone,Cmd.MemoryChange
veuillez passer à la mémoire automatique,Cmd.MemoryChange
peux-tu passer à la mémoire automatique,Cmd.MemoryChange
"s'il te plaît, passe à la mémoire quotidienne",Cmd.MemoryChange
peux-tu passer à la mémoire quotidienne,Cmd.MemoryChange
veuillez passer à la mémoire de golf,Cmd.MemoryChange
peux-tu passer à la mémoire de golf,Cmd.MemoryChange
veuillez passer à la mémoire du gymnase,Cmd.MemoryChange
peux-tu passer à la mémoire du gymnase,Cmd.MemoryChange
veuillez passer à la mémoire personnelle,Cmd.MemoryChange
peux-tu passer à la mémoire personnelle,Cmd.MemoryChange
veuillez passer à la mémoire de la cuisine,Cmd.MemoryChange
peux-tu passer à la mémoire de la cuisine,Cmd.MemoryChange
veuillez passer à la mémoire principale,Cmd.MemoryChange
peux-tu passer à la mémoire principale,Cmd.MemoryChange
veuillez passer à la mémoire de bruit,Cmd.MemoryChange
peux-tu passer à la mémoire de bruit,Cmd.MemoryChange
veuillez passer à la mémoire du bureau,Cmd.MemoryChange
peux-tu passer à la mémoire du bureau,Cmd.MemoryChange
veuillez passer à la mémoire du pub,Cmd.MemoryChange
peux-tu passer à la mémoire du pub,Cmd.MemoryChange
veuillez passer en mémoire silencieuse,Cmd.MemoryChange
peux-tu passer à la mémoire silencieuse,Cmd.MemoryChange
"s'il te plaît, passe à la mémoire de l'école",Cmd.MemoryChange
peux-tu passer à la mémoire de l'école,Cmd.MemoryChange
veuillez passer à la mémoire vocale,Cmd.MemoryChange
peux-tu passer à la mémoire vocale,Cmd.MemoryChange
veuillez passer à la mémoire du cinéma,Cmd.MemoryChange
peux-tu passer à la mémoire du cinéma,Cmd.MemoryChange
veuillez passer à la mémoire des acouphènes,Cmd.MemoryChange
peux-tu passer à la mémoire des acouphènes,Cmd.MemoryChange
veuillez passer à la mémoire d'entraînement,Cmd.MemoryChange
peux-tu passer à la mémoire d'entraînement,Cmd.MemoryChange
veuillez passer à la mémoire de travail,Cmd.MemoryChange
peux-tu passer à la mémoire de travail,Cmd.MemoryChange
"s'il te plaît, passe à la mémoire d'adoration",Cmd.MemoryChange
peux-tu passer à la mémoire d'adoration,Cmd.MemoryChange
veuillez passer au programme personnel,Cmd.MemoryChange
peux-tu passer au programme personnel,Cmd.MemoryChange
veuillez passer au programme de restaurant,Cmd.MemoryChange
pouvez-vous passer au programme de restaurant,Cmd.MemoryChange
veuillez passer au programme extérieur,Cmd.MemoryChange
peux-tu passer au programme extérieur,Cmd.MemoryChange
veuillez passer au programme de réunion,Cmd.MemoryChange
pouvez-vous passer au programme de réunion,Cmd.MemoryChange
veuillez passer au programme de foule,Cmd.MemoryChange
peux-tu passer au programme de foule,Cmd.MemoryChange
veuillez passer au programme de voiture,Cmd.MemoryChange
peux-tu passer au programme de voiture,Cmd.MemoryChange
veuillez passer au programme de l'auditorium,Cmd.MemoryChange
peux-tu passer au programme de l'auditorium,Cmd.MemoryChange
veuillez passer au programme musical,Cmd.MemoryChange
peux-tu passer au programme musical,Cmd.MemoryChange
veuillez passer au programme de télévision,Cmd.MemoryChange
peux-tu passer au programme de télévision,Cmd.MemoryChange
veuillez passer au programme muet,Cmd.MemoryChange
peux-tu passer au programme muet,Cmd.MemoryChange
veuillez passer au programme téléphonique,Cmd.MemoryChange
peux-tu passer au programme téléphonique,Cmd.MemoryChange
veuillez passer au programme automatique,Cmd.MemoryChange
peux-tu passer au programme automatique,Cmd.MemoryChange
veuillez passer au programme quotidien,Cmd.MemoryChange
peux-tu passer au programme quotidien,Cmd.MemoryChange
veuillez passer au programme de golf,Cmd.MemoryChange
peux-tu passer au programme de golf,Cmd.MemoryChange
veuillez passer au programme de gym,Cmd.MemoryChange
peux-tu passer au programme de gym,Cmd.MemoryChange
veuillez passer au programme domestique,Cmd.MemoryChange
peux-tu passer au programme domestique,Cmd.MemoryChange
veuillez passer au programme de cuisine,Cmd.MemoryChange
peux-tu passer au programme cuisine,Cmd.MemoryChange
veuillez passer au programme principal,Cmd.MemoryChange
peux-tu passer au programme principal,Cmd.MemoryChange
veuillez passer au programme de bruit,Cmd.MemoryChange
peux-tu passer au programme de bruit,Cmd.MemoryChange
veuillez passer au programme Office,Cmd.MemoryChange
peux-tu passer au programme Office,Cmd.MemoryChange
veuillez passer au programme de pub,Cmd.MemoryChange
peux-tu passer au programme pub,Cmd.MemoryChange
veuillez passer au programme silencieux,Cmd.MemoryChange
peux-tu passer au programme silencieux,Cmd.MemoryChange
veuillez passer au programme scolaire,Cmd.MemoryChange
peux-tu passer au programme scolaire,Cmd.MemoryChange
veuillez passer au programme vocal,Cmd.MemoryChange
peux-tu passer au programme vocal,Cmd.MemoryChange
veuillez passer au programme de théâtre,Cmd.MemoryChange
peux-tu passer au programme de théâtre,Cmd.MemoryChange
veuillez passer au programme d'acouphènes,Cmd.MemoryChange
pouvez-vous passer au programme d'acouphènes,Cmd.MemoryChange
veuillez passer au programme de formation,Cmd.MemoryChange
peux-tu passer au programme d'entraînement,Cmd.MemoryChange
veuillez passer au programme de travail,Cmd.MemoryChange
peux-tu passer au programme de travail,Cmd.MemoryChange
veuillez passer au programme de culte,Cmd.MemoryChange
peux-tu passer au programme de culte,Cmd.MemoryChange
veuillez régler sur la mémoire personnelle,Cmd.MemoryChange
pouvez-vous définir la mémoire personnelle,Cmd.MemoryChange
veuillez régler sur la mémoire du restaurant,Cmd.MemoryChange
pouvez-vous définir la mémoire du restaurant,Cmd.MemoryChange
veuillez régler sur la mémoire extérieure,Cmd.MemoryChange
pouvez-vous régler la mémoire extérieure,Cmd.MemoryChange
veuillez définir la mémoire de la réunion,Cmd.MemoryChange
pouvez-vous définir la mémoire de la réunion,Cmd.MemoryChange
veuillez régler sur la mémoire du public,Cmd.MemoryChange
peux-tu définir la mémoire collective,Cmd.MemoryChange
veuillez régler sur la mémoire de la voiture,Cmd.MemoryChange
peux-tu régler la mémoire de la voiture,Cmd.MemoryChange
veuillez régler sur la mémoire de l'auditorium,Cmd.MemoryChange
pouvez-vous régler la mémoire de l'auditorium,Cmd.MemoryChange
veuillez régler sur la mémoire musicale,Cmd.MemoryChange
peux-tu régler la mémoire musicale,Cmd.MemoryChange
veuillez régler sur la mémoire du téléviseur,Cmd.MemoryChange
pouvez-vous régler la mémoire du téléviseur,Cmd.MemoryChange
veuillez désactiver la mémoire,Cmd.MemoryChange
peux-tu désactiver la mémoire,Cmd.MemoryChange
veuillez régler sur la mémoire du téléphone,Cmd.MemoryChange
pouvez-vous définir la mémoire du téléphone,Cmd.MemoryChange
veuillez régler sur la mémoire automatique,Cmd.MemoryChange
pouvez-vous définir la mémoire automatique,Cmd.MemoryChange
veuillez régler sur la mémoire quotidienne,Cmd.MemoryChange
peux-tu définir la mémoire quotidienne,Cmd.MemoryChange
veuillez régler la mémoire de golf,Cmd.MemoryChange
peux-tu définir la mémoire de golf,Cmd.MemoryChange
veuillez régler la mémoire du gymnase,Cmd.MemoryChange
peux-tu régler la mémoire du gymnase,Cmd.MemoryChange
veuillez régler sur la mémoire personnelle,Cmd.MemoryChange
pouvez-vous définir la mémoire personnelle,Cmd.MemoryChange
veuillez régler sur la mémoire de la cuisine,Cmd.MemoryChange
peux-tu régler la mémoire de la cuisine,Cmd.MemoryChange
veuillez régler sur la mémoire principale,Cmd.MemoryChange
pouvez-vous définir la mémoire principale,Cmd.MemoryChange
veuillez régler sur la mémoire de bruit,Cmd.MemoryChange
peux-tu régler la mémoire de bruit,Cmd.MemoryChange
veuillez régler sur la mémoire du bureau,Cmd.MemoryChange
pouvez-vous définir la mémoire du bureau,Cmd.MemoryChange
veuillez définir la mémoire du pub,Cmd.MemoryChange
pouvez-vous définir la mémoire du pub,Cmd.MemoryChange
veuillez mettre en mémoire silencieuse,Cmd.MemoryChange
pouvez-vous définir une mémoire silencieuse,Cmd.MemoryChange
veuillez régler sur la mémoire de l'école,Cmd.MemoryChange
peux-tu définir la mémoire de l'école,Cmd.MemoryChange
veuillez régler sur la mémoire vocale,Cmd.MemoryChange
peux-tu régler la mémoire vocale,Cmd.MemoryChange
veuillez régler sur la mémoire du théâtre,Cmd.MemoryChange
pouvez-vous régler la mémoire du cinéma,Cmd.MemoryChange
veuillez régler sur la mémoire des acouphènes,Cmd.MemoryChange
pouvez-vous régler la mémoire des acouphènes,Cmd.MemoryChange
veuillez régler pour entraîner la mémoire,Cmd.MemoryChange
peux-tu configurer pour entraîner la mémoire,Cmd.MemoryChange
veuillez passer à la mémoire de travail,Cmd.MemoryChange
peux-tu définir la mémoire de travail,Cmd.MemoryChange
"s'il te plaît, mets-toi à adorer la mémoire",Cmd.MemoryChange
peux-tu te mettre à adorer la mémoire,Cmd.MemoryChange
veuillez définir le programme personnel,Cmd.MemoryChange
pouvez-vous définir un programme personnel,Cmd.MemoryChange
veuillez définir le programme du restaurant,Cmd.MemoryChange
pouvez-vous définir le programme de restaurant,Cmd.MemoryChange
veuillez régler sur le programme extérieur,Cmd.MemoryChange
pouvez-vous régler le programme extérieur,Cmd.MemoryChange
veuillez définir le programme de la réunion,Cmd.MemoryChange
pouvez-vous définir le programme de réunion,Cmd.MemoryChange
veuillez définir le programme de foule,Cmd.MemoryChange
pouvez-vous définir le programme de foule,Cmd.MemoryChange
veuillez régler sur le programme de voiture,Cmd.MemoryChange
peux-tu régler le programme de voiture,Cmd.MemoryChange
veuillez définir le programme de l'auditorium,Cmd.MemoryChange
pouvez-vous définir le programme de l'auditorium,Cmd.MemoryChange
veuillez régler sur le programme musical,Cmd.MemoryChange
peux-tu régler le programme musical,Cmd.MemoryChange
veuillez passer au programme de télévision,Cmd.MemoryChange
peux-tu régler un programme de télévision,Cmd.MemoryChange
veuillez désactiver le programme,Cmd.MemoryChange
pouvez-vous désactiver le programme,Cmd.MemoryChange
veuillez régler sur le programme téléphonique,Cmd.MemoryChange
pouvez-vous définir le programme téléphonique,Cmd.MemoryChange
veuillez régler sur le programme automatique,Cmd.MemoryChange
pouvez-vous régler sur un programme automatique,Cmd.MemoryChange
veuillez régler sur le programme quotidien,Cmd.MemoryChange
pouvez-vous régler le programme quotidien,Cmd.MemoryChange
veuillez sélectionner le programme de golf,Cmd.MemoryChange
pouvez-vous définir le programme de golf,Cmd.MemoryChange
veuillez sélectionner le programme de gym,Cmd.MemoryChange
pouvez-vous définir un programme de gym,Cmd.MemoryChange
veuillez régler sur le programme d'accueil,Cmd.MemoryChange
pouvez-vous définir le programme domestique,Cmd.MemoryChange
veuillez régler sur le programme de cuisine,Cmd.MemoryChange
pouvez-vous régler le programme de cuisine,Cmd.MemoryChange
veuillez définir le programme maître,Cmd.MemoryChange
pouvez-vous définir le programme maître,Cmd.MemoryChange
veuillez régler sur le programme de bruit,Cmd.MemoryChange
pouvez-vous régler le programme de bruit,Cmd.MemoryChange
veuillez définir le programme de bureau,Cmd.MemoryChange
pouvez-vous définir le programme Office,Cmd.MemoryChange
veuillez définir le programme de pub,Cmd.MemoryChange
pouvez-vous définir le programme de pub,Cmd.MemoryChange
veuillez régler sur le programme silencieux,Cmd.MemoryChange
pouvez-vous régler sur un programme silencieux,Cmd.MemoryChange
veuillez sélectionner le programme scolaire,Cmd.MemoryChange
peux-tu régler le programme scolaire,Cmd.MemoryChange
veuillez régler sur le programme vocal,Cmd.MemoryChange
pouvez-vous définir le programme vocal,Cmd.MemoryChange
veuillez passer au programme de théâtre,Cmd.MemoryChange
pouvez-vous régler le programme de théâtre,Cmd.MemoryChange
veuillez régler sur le programme d'acouphènes,Cmd.MemoryChange
pouvez-vous régler le programme d'acouphènes,Cmd.MemoryChange
veuillez définir le programme d'entraînement,Cmd.MemoryChange
pouvez-vous définir le programme d'entraînement,Cmd.MemoryChange
veuillez vous mettre au programme de travail,Cmd.MemoryChange
pouvez-vous définir le programme de travail,Cmd.MemoryChange
veuillez vous mettre au programme de culte,Cmd.MemoryChange
pouvez-vous définir le programme d'adoration,Cmd.MemoryChange
veuillez changer la mémoire en personnelle,Cmd.MemoryChange
peux-tu changer la mémoire en mémoire personnelle,Cmd.MemoryChange
veuillez changer la mémoire en restaurant,Cmd.MemoryChange
peux-tu changer la mémoire en restaurant,Cmd.MemoryChange
"s'il te plaît, change la mémoire pour l'extérieur",Cmd.MemoryChange
peux-tu changer la mémoire pour l'extérieur,Cmd.MemoryChange
"s'il vous plaît, changez la mémoire en réunion",Cmd.MemoryChange
peux-tu changer la mémoire en réunion,Cmd.MemoryChange
"s'il te plaît, change la mémoire en foule",Cmd.MemoryChange
peux-tu changer la mémoire en foule,Cmd.MemoryChange
s'il te plaît change la mémoire en voiture,Cmd.MemoryChange
peux-tu changer la mémoire en voiture,Cmd.MemoryChange
veuillez changer la mémoire en auditorium,Cmd.MemoryChange
peux-tu changer la mémoire en auditorium,Cmd.MemoryChange
"s'il te plaît, change la mémoire en musique",Cmd.MemoryChange
peux-tu changer la mémoire en musique,Cmd.MemoryChange
"s'il te plaît, change la mémoire pour la télévision",Cmd.MemoryChange
peux-tu changer la mémoire en télévision,Cmd.MemoryChange
"s'il vous plaît, changez la mémoire pour la mettre en sourdine",Cmd.MemoryChange
peux-tu changer la mémoire pour la désactiver,Cmd.MemoryChange
veuillez changer la mémoire pour le téléphone,Cmd.MemoryChange
peux-tu changer la mémoire en téléphone,Cmd.MemoryChange
veuillez changer la mémoire en automatique,Cmd.MemoryChange
peux-tu changer la mémoire en automatique,Cmd.MemoryChange
s'il te plaît change la mémoire pour tous les jours,Cmd.MemoryChange
peux-tu changer la mémoire pour qu'elle soit quotidienne,Cmd.MemoryChange
"s'il te plaît, change ta mémoire pour le golf",Cmd.MemoryChange
peux-tu changer la mémoire en golf,Cmd.MemoryChange
"s'il te plaît, change la mémoire en salle de sport",Cmd.MemoryChange
peux-tu changer la mémoire en salle de sport,Cmd.MemoryChange
"s'il te plaît, change la mémoire pour la maison",Cmd.MemoryChange
peux-tu changer la mémoire pour la maison,Cmd.MemoryChange
veuillez changer la mémoire en cuisine,Cmd.MemoryChange
peux-tu changer la mémoire en cuisine,Cmd.MemoryChange
veuillez changer la mémoire en maître,Cmd.MemoryChange
peux-tu changer la mémoire en maître,Cmd.MemoryChange
"s'il te plaît, change la mémoire en bruit",Cmd.MemoryChange
peux-tu changer la mémoire en bruit,Cmd.MemoryChange
veuillez changer la mémoire en bureau,Cmd.MemoryChange
peux-tu changer la mémoire en bureau,Cmd.MemoryChange
veuillez changer la mémoire en pub,Cmd.MemoryChange
peux-tu changer la mémoire en pub,Cmd.MemoryChange
"s'il te plaît, change la mémoire pour qu'elle soit silencieuse",Cmd.MemoryChange
peux-tu changer la mémoire pour qu'elle soit silencieuse,Cmd.MemoryChange
s'il te plaît change la mémoire pour l'école,Cmd.MemoryChange
peux-tu changer la mémoire de l'école,Cmd.MemoryChange
"s'il te plaît, change la mémoire en parole",Cmd.MemoryChange
peux-tu changer la mémoire en parole,Cmd.MemoryChange
"s'il te plaît, change la mémoire en théâtre",Cmd.MemoryChange
peux-tu changer la mémoire en théâtre,Cmd.MemoryChange
veuillez changer la mémoire en acouphènes,Cmd.MemoryChange
peux-tu changer la mémoire en acouphènes,Cmd.MemoryChange
s'il te plaît change de mémoire pour t'entraîner,Cmd.MemoryChange
peux-tu changer de mémoire pour t'entraîner,Cmd.MemoryChange
"s'il te plaît, change la mémoire pour qu'elle fonctionne",Cmd.MemoryChange
peux-tu changer la mémoire pour travailler,Cmd.MemoryChange
s'il te plaît change de mémoire pour adorer,Cmd.MemoryChange
peux-tu changer la mémoire pour adorer,Cmd.MemoryChange
veuillez changer le programme en personnel,Cmd.MemoryChange
peux-tu changer le programme en personnel,Cmd.MemoryChange
veuillez changer le programme en restaurant,Cmd.MemoryChange
pouvez-vous changer de programme pour un restaurant,Cmd.MemoryChange
veuillez changer le programme pour l'extérieur,Cmd.MemoryChange
peux-tu changer le programme pour passer à l'extérieur,Cmd.MemoryChange
veuillez changer le programme en réunion,Cmd.MemoryChange
pouvez-vous changer le programme en réunion,Cmd.MemoryChange
veuillez changer le programme en foule,Cmd.MemoryChange
peux-tu changer de programme en foule,Cmd.MemoryChange
veuillez changer le programme en voiture,Cmd.MemoryChange
peux-tu changer de programme pour une voiture,Cmd.MemoryChange
veuillez changer le programme en auditorium,Cmd.MemoryChange
pouvez-vous changer de programme en auditorium,Cmd.MemoryChange
veuillez changer le programme en musique,Cmd.MemoryChange
peux-tu changer de programme en musique,Cmd.MemoryChange
veuillez changer le programme pour la télévision,Cmd.MemoryChange
peux-tu changer de programme pour passer à la télévision,Cmd.MemoryChange
veuillez changer le programme pour mettre en sourdine,Cmd.MemoryChange
peux-tu changer de programme pour mettre en sourdine,Cmd.MemoryChange
veuillez changer de programme pour téléphoner,Cmd.MemoryChange
peux-tu changer de programme pour téléphoner,Cmd.MemoryChange
veuillez changer le programme en automatique,Cmd.MemoryChange
peux-tu changer le programme en automatique,Cmd.MemoryChange
veuillez changer le programme pour tous les jours,Cmd.MemoryChange
peux-tu changer le programme pour qu'il soit quotidien,Cmd.MemoryChange
veuillez changer de programme pour le golf,Cmd.MemoryChange
peux-tu changer de programme pour le golf,Cmd.MemoryChange
veuillez changer le programme en salle de sport,Cmd.MemoryChange
peux-tu changer de programme pour passer à la salle de sport,Cmd.MemoryChange
veuillez changer le programme pour la maison,Cmd.MemoryChange
peux-tu changer de programme pour passer à la maison,Cmd.MemoryChange
veuillez changer le programme en cuisine,Cmd.MemoryChange
peux-tu changer le programme en cuisine,Cmd.MemoryChange
veuillez changer le programme en master,Cmd.MemoryChange
peux-tu changer de programme en master,Cmd.MemoryChange
veuillez changer le programme en bruit,Cmd.MemoryChange
peux-tu changer le programme en bruit,Cmd.MemoryChange
veuillez changer de programme en bureau,Cmd.MemoryChange
peux-tu changer de programme en bureau,Cmd.MemoryChange
veuillez changer le programme en pub,Cmd.MemoryChange
peux-tu changer de programme en pub,Cmd.MemoryChange
veuillez changer le programme en mode silencieux,Cmd.MemoryChange
peux-tu changer le programme pour passer au silence,Cmd.MemoryChange
veuillez changer de programme pour l'école,Cmd.MemoryChange
peux-tu changer de programme pour l'école,Cmd.MemoryChange
veuillez changer le programme en discours,Cmd.MemoryChange
peux-tu changer le programme en discours,Cmd.MemoryChange
veuillez changer le programme en théâtre,Cmd.MemoryChange
peux-tu changer le programme en théâtre,Cmd.MemoryChange
veuillez changer de programme pour acouphènes,Cmd.MemoryChange
pouvez-vous changer de programme pour acouphènes,Cmd.MemoryChange
veuillez changer de programme pour vous entraîner,Cmd.MemoryChange
peux-tu changer de programme pour t'entraîner,Cmd.MemoryChange
veuillez changer de programme pour fonctionner,Cmd.MemoryChange
peux-tu changer de programme pour travailler,Cmd.MemoryChange
"s'il vous plaît, changez de programme pour adorer",Cmd.MemoryChange
peux-tu changer de programme pour adorer,Cmd.MemoryChange
veuillez passer la mémoire à personnelle,Cmd.MemoryChange
peux-tu passer la mémoire à la mémoire personnelle,Cmd.MemoryChange
veuillez basculer la mémoire sur le restaurant,Cmd.MemoryChange
peux-tu changer de mémoire pour le restaurant,Cmd.MemoryChange
veuillez basculer la mémoire vers l'extérieur,Cmd.MemoryChange
peux-tu basculer la mémoire vers l'extérieur,Cmd.MemoryChange
veuillez basculer la mémoire sur la réunion,Cmd.MemoryChange
peux-tu passer de la mémoire à la réunion,Cmd.MemoryChange
"s'il te plaît, change la mémoire en foule",Cmd.MemoryChange
peux-tu passer la mémoire à la foule,Cmd.MemoryChange
"s'il te plaît, change la mémoire sur la voiture",Cmd.MemoryChange
peux-tu transférer la mémoire sur la voiture,Cmd.MemoryChange
veuillez basculer la mémoire sur l'auditorium,Cmd.MemoryChange
peux-tu passer la mémoire à l'auditorium,Cmd.MemoryChange
"s'il te plaît, passe la mémoire à la musique",Cmd.MemoryChange
peux-tu passer de la mémoire à la musique,Cmd.MemoryChange
veuillez passer la mémoire à la télévision,Cmd.MemoryChange
peux-tu passer la mémoire à la télévision,Cmd.MemoryChange
veuillez mettre la mémoire en sourdine,Cmd.MemoryChange
peux-tu mettre la mémoire en sourdine,Cmd.MemoryChange
veuillez basculer la mémoire sur le téléphone,Cmd.MemoryChange
peux-tu changer la mémoire du téléphone,Cmd.MemoryChange
veuillez passer la mémoire en automatique,Cmd.MemoryChange
peux-tu passer la mémoire en automatique,Cmd.MemoryChange
"s'il te plaît, change la mémoire sur tous les jours",Cmd.MemoryChange
peux-tu changer de mémoire pour tous les jours,Cmd.MemoryChange
"s'il te plaît, change la mémoire pour le golf",Cmd.MemoryChange
peux-tu passer de la mémoire au golf,Cmd.MemoryChange
veuillez passer la mémoire à la salle de sport,Cmd.MemoryChange
peux-tu passer de la mémoire à la salle de sport,Cmd.MemoryChange
veuillez basculer la mémoire sur la maison,Cmd.MemoryChange
peux-tu basculer la mémoire vers la maison,Cmd.MemoryChange
veuillez basculer la mémoire sur la cuisine,Cmd.MemoryChange
peux-tu passer la mémoire à la cuisine,Cmd.MemoryChange
veuillez passer la mémoire au maître,Cmd.MemoryChange
peux-tu passer la mémoire au maître,Cmd.MemoryChange
"s'il te plaît, passe la mémoire au bruit",Cmd.MemoryChange
peux-tu passer la mémoire au bruit,Cmd.MemoryChange
veuillez passer la mémoire au bureau,Cmd.MemoryChange
peux-tu passer la mémoire au bureau,Cmd.MemoryChange
"s'il vous plaît, changez la mémoire en pub",Cmd.MemoryChange
peux-tu passer la mémoire au pub,Cmd.MemoryChange
veuillez mettre la mémoire en mode silencieux,Cmd.MemoryChange
peux-tu mettre la mémoire en mode silencieux,Cmd.MemoryChange
"s'il te plaît, change la mémoire pour l'école",Cmd.MemoryChange
peux-tu changer de mémoire pour l'école,Cmd.MemoryChange
"s'il te plaît, change la mémoire en parole",Cmd.MemoryChange
peux-tu passer de la mémoire à la parole,Cmd.MemoryChange
veuillez passer la mémoire au cinéma,Cmd.MemoryChange
peux-tu passer la mémoire au cinéma,Cmd.MemoryChange
veuillez passer la mémoire aux acouphènes,Cmd.MemoryChange
peux-tu passer la mémoire aux acouphènes,Cmd.MemoryChange
veuillez changer de mémoire pour vous entraîner,Cmd.MemoryChange
peux-tu changer de mémoire pour t'entraîner,Cmd.MemoryChange
"s'il te plaît, change la mémoire pour qu'elle fonctionne",Cmd.MemoryChange
peux-tu changer de mémoire pour travailler,Cmd.MemoryChange
"s'il te plaît, change de mémoire pour adorer",Cmd.MemoryChange
peux-tu changer de mémoire pour adorer,Cmd.MemoryChange
veuillez passer le programme en personnel,Cmd.MemoryChange
peux-tu passer du programme au programme personnel,Cmd.MemoryChange
veuillez changer de programme pour le restaurant,Cmd.MemoryChange
peux-tu passer du programme au restaurant,Cmd.MemoryChange
veuillez passer le programme à l'extérieur,Cmd.MemoryChange
peux-tu passer le programme à l'extérieur,Cmd.MemoryChange
veuillez changer de programme en réunion,Cmd.MemoryChange
peux-tu passer du programme à la réunion,Cmd.MemoryChange
veuillez changer le programme en foule,Cmd.MemoryChange
peux-tu changer de programme pour passer à la foule,Cmd.MemoryChange
veuillez passer le programme à la voiture,Cmd.MemoryChange
peux-tu passer du programme à la voiture,Cmd.MemoryChange
veuillez changer le programme en auditorium,Cmd.MemoryChange
peux-tu passer du programme à l'auditorium,Cmd.MemoryChange
veuillez passer le programme à la musique,Cmd.MemoryChange
peux-tu passer le programme à la musique,Cmd.MemoryChange
veuillez passer le programme à la télévision,Cmd.MemoryChange
peux-tu passer le programme à la télévision,Cmd.MemoryChange
veuillez changer de programme pour mettre en sourdine,Cmd.MemoryChange
peux-tu changer de programme pour mettre en sourdine,Cmd.MemoryChange
veuillez passer le programme au téléphone,Cmd.MemoryChange
peux-tu passer du programme au téléphone,Cmd.MemoryChange
veuillez passer le programme en automatique,Cmd.MemoryChange
peux-tu passer le programme en automatique,Cmd.MemoryChange
veuillez passer le programme à tous les jours,Cmd.MemoryChange
peux-tu changer de programme pour tous les jours,Cmd.MemoryChange
veuillez changer de programme pour le golf,Cmd.MemoryChange
peux-tu changer de programme pour le golf,Cmd.MemoryChange
veuillez changer de programme en salle de sport,Cmd.MemoryChange
peux-tu passer du programme à la salle de sport,Cmd.MemoryChange
veuillez passer le programme à la maison,Cmd.MemoryChange
peux-tu passer du programme à la maison,Cmd.MemoryChange
veuillez passer le programme à la cuisine,Cmd.MemoryChange
peux-tu passer du programme à la cuisine,Cmd.MemoryChange
veuillez passer le programme en maître,Cmd.MemoryChange
peux-tu passer du programme au maître,Cmd.MemoryChange
veuillez passer le programme au bruit,Cmd.MemoryChange
peux-tu passer le programme au bruit,Cmd.MemoryChange
veuillez passer le programme au bureau,Cmd.MemoryChange
peux-tu passer du programme au bureau,Cmd.MemoryChange
veuillez changer le programme en pub,Cmd.MemoryChange
peux-tu passer du programme au pub,Cmd.MemoryChange
veuillez passer le programme sur silencieux,Cmd.MemoryChange
peux-tu passer le programme en mode silencieux,Cmd.MemoryChange
veuillez changer de programme pour l'école,Cmd.MemoryChange
peux-tu changer de programme pour l'école,Cmd.MemoryChange
veuillez passer le programme à la parole,Cmd.MemoryChange
peux-tu passer du programme à la parole,Cmd.MemoryChange
veuillez passer le programme au théâtre,Cmd.MemoryChange
peux-tu passer du programme au théâtre,Cmd.MemoryChange
veuillez changer de programme pour les acouphènes,Cmd.MemoryChange
pouvez-vous changer de programme pour les acouphènes,Cmd.MemoryChange
veuillez changer de programme pour vous entraîner,Cmd.MemoryChange
peux-tu changer de programme pour t'entraîner,Cmd.MemoryChange
veuillez changer de programme pour qu'il fonctionne,Cmd.MemoryChange
peux-tu changer de programme pour travailler,Cmd.MemoryChange
veuillez changer de programme pour adorer,Cmd.MemoryChange
peux-tu changer de programme pour adorer,Cmd.MemoryChange
veuillez définir la mémoire sur personnelle,Cmd.MemoryChange
peux-tu définir la mémoire sur personnelle,Cmd.MemoryChange
veuillez définir la mémoire sur le restaurant,Cmd.MemoryChange
peux-tu régler la mémoire sur le restaurant,Cmd.MemoryChange
veuillez régler la mémoire sur l'extérieur,Cmd.MemoryChange
peux-tu régler la mémoire sur l'extérieur,Cmd.MemoryChange
veuillez définir la mémoire sur la réunion,Cmd.MemoryChange
peux-tu définir la mémoire pour la réunion,Cmd.MemoryChange
veuillez régler la mémoire sur foule,Cmd.MemoryChange
peux-tu définir la mémoire sur foule,Cmd.MemoryChange
veuillez définir la mémoire sur la voiture,Cmd.MemoryChange
peux-tu définir la mémoire sur la voiture,Cmd.MemoryChange
veuillez régler la mémoire sur auditorium,Cmd.MemoryChange
peux-tu régler la mémoire sur l'auditorium,Cmd.MemoryChange
veuillez mettre la mémoire en musique,Cmd.MemoryChange
peux-tu mettre la mémoire en musique,Cmd.MemoryChange
veuillez régler la mémoire sur la télévision,Cmd.MemoryChange
peux-tu régler la mémoire sur la télévision,Cmd.MemoryChange
veuillez mettre la mémoire en sourdine,Cmd.MemoryChange
peux-tu désactiver la mémoire,Cmd.MemoryChange
veuillez régler la mémoire sur le téléphone,Cmd.MemoryChange
peux-tu définir la mémoire du téléphone,Cmd.MemoryChange
veuillez régler la mémoire sur automatique,Cmd.MemoryChange
peux-tu régler la mémoire sur automatique,Cmd.MemoryChange
veuillez régler la mémoire sur tous les jours,Cmd.MemoryChange
peux-tu régler la mémoire sur tous les jours,Cmd.MemoryChange
veuillez régler la mémoire sur le golf,Cmd.MemoryChange
peux-tu régler la mémoire sur le golf,Cmd.MemoryChange
veuillez régler la mémoire sur Gym,Cmd.MemoryChange
peux-tu régler la mémoire sur la salle de sport,Cmd.MemoryChange
veuillez régler la mémoire sur la maison,Cmd.MemoryChange
peux-tu définir la mémoire sur la maison,Cmd.MemoryChange
veuillez régler la mémoire sur la cuisine,Cmd.MemoryChange
peux-tu régler la mémoire sur la cuisine,Cmd.MemoryChange
veuillez définir la mémoire sur maître,Cmd.MemoryChange
peux-tu définir la mémoire comme maître,Cmd.MemoryChange
veuillez régler la mémoire sur le bruit,Cmd.MemoryChange
peux-tu régler la mémoire sur le bruit,Cmd.MemoryChange
veuillez définir la mémoire sur Office,Cmd.MemoryChange
peux-tu définir la mémoire sur Office,Cmd.MemoryChange
veuillez définir la mémoire sur Pub,Cmd.MemoryChange
peux-tu définir la mémoire sur Pub,Cmd.MemoryChange
veuillez régler la mémoire sur silencieux,Cmd.MemoryChange
peux-tu régler la mémoire sur silencieux,Cmd.MemoryChange
"s'il te plaît, règle la mémoire sur l'école",Cmd.MemoryChange
peux-tu configurer la mémoire de l'école,Cmd.MemoryChange
"s'il te plaît, règle la mémoire sur la parole",Cmd.MemoryChange
peux-tu régler la mémoire sur la parole,Cmd.MemoryChange
veuillez régler la mémoire sur le théâtre,Cmd.MemoryChange
peux-tu régler la mémoire sur le théâtre,Cmd.MemoryChange
veuillez régler la mémoire sur les acouphènes,Cmd.MemoryChange
peux-tu régler la mémoire sur les acouphènes,Cmd.MemoryChange
veuillez configurer la mémoire pour qu'elle s'entraîne,Cmd.MemoryChange
peux-tu configurer la mémoire pour t'entraîner,Cmd.MemoryChange
veuillez faire fonctionner la mémoire,Cmd.MemoryChange
peux-tu faire fonctionner la mémoire,Cmd.MemoryChange
"s'il te plaît, mets ta mémoire à adorer",Cmd.MemoryChange
peux-tu mettre la mémoire à adorer,Cmd.MemoryChange
veuillez définir le programme sur personnel,Cmd.MemoryChange
pouvez-vous définir le programme sur personnel,Cmd.MemoryChange
veuillez définir le programme sur le restaurant,Cmd.MemoryChange
pouvez-vous définir le programme sur le restaurant,Cmd.MemoryChange
veuillez régler le programme sur l'extérieur,Cmd.MemoryChange
pouvez-vous régler le programme sur l'extérieur,Cmd.MemoryChange
veuillez définir le programme sur la réunion,Cmd.MemoryChange
pouvez-vous définir le programme de la réunion,Cmd.MemoryChange
veuillez définir le programme sur foule,Cmd.MemoryChange
pouvez-vous définir un programme sur foule,Cmd.MemoryChange
veuillez définir le programme sur la voiture,Cmd.MemoryChange
peux-tu définir le programme sur la voiture,Cmd.MemoryChange
veuillez définir le programme sur l'auditorium,Cmd.MemoryChange
pouvez-vous définir le programme sur l'auditorium,Cmd.MemoryChange
veuillez mettre le programme en musique,Cmd.MemoryChange
peux-tu mettre le programme en musique,Cmd.MemoryChange
veuillez régler le programme sur la télévision,Cmd.MemoryChange
peux-tu régler le programme sur la télévision,Cmd.MemoryChange
veuillez régler le programme sur muet,Cmd.MemoryChange
peux-tu régler le programme pour qu'il soit muet,Cmd.MemoryChange
veuillez régler le programme sur le téléphone,Cmd.MemoryChange
peux-tu régler le programme sur le téléphone,Cmd.MemoryChange
veuillez régler le programme sur automatique,Cmd.MemoryChange
peux-tu régler le programme sur automatique,Cmd.MemoryChange
veuillez régler le programme sur tous les jours,Cmd.MemoryChange
peux-tu régler le programme sur tous les jours,Cmd.MemoryChange
veuillez définir le programme sur le golf,Cmd.MemoryChange
pouvez-vous définir un programme pour le golf,Cmd.MemoryChange
veuillez définir le programme sur la salle de sport,Cmd.MemoryChange
pouvez-vous définir un programme pour la salle de sport,Cmd.MemoryChange
veuillez définir le programme sur la maison,Cmd.MemoryChange
peux-tu régler le programme sur la maison,Cmd.MemoryChange
veuillez régler le programme sur la cuisine,Cmd.MemoryChange
pouvez-vous régler le programme sur la cuisine,Cmd.MemoryChange
veuillez définir le programme sur master,Cmd.MemoryChange
pouvez-vous définir le programme comme étant maître,Cmd.MemoryChange
veuillez régler le programme sur bruit,Cmd.MemoryChange
peux-tu régler le programme sur le bruit,Cmd.MemoryChange
veuillez définir le programme sur Office,Cmd.MemoryChange
pouvez-vous définir le programme sur Office,Cmd.MemoryChange
veuillez définir le programme sur Pub,Cmd.MemoryChange
peux-tu définir le programme sur Pub,Cmd.MemoryChange
veuillez régler le programme sur silencieux,Cmd.MemoryChange
peux-tu régler le programme sur silencieux,Cmd.MemoryChange
veuillez définir le programme sur l'école,Cmd.MemoryChange
peux-tu définir un programme pour l'école,Cmd.MemoryChange
veuillez régler le programme sur la parole,Cmd.MemoryChange
peux-tu régler le programme sur la parole,Cmd.MemoryChange
veuillez définir le programme sur le théâtre,Cmd.MemoryChange
pouvez-vous définir le programme sur le théâtre,Cmd.MemoryChange
veuillez régler le programme sur les acouphènes,Cmd.MemoryChange
pouvez-vous régler le programme sur les acouphènes,Cmd.MemoryChange
veuillez définir le programme pour vous entraîner,Cmd.MemoryChange
pouvez-vous définir un programme pour vous entraîner,Cmd.MemoryChange
veuillez faire fonctionner le programme,Cmd.MemoryChange
pouvez-vous faire fonctionner le programme,Cmd.MemoryChange
veuillez définir un programme pour adorer,Cmd.MemoryChange
pouvez-vous définir un programme pour adorer,Cmd.MemoryChange
peux-tu me souvenir personnellement,Cmd.MemoryChange
peux-tu restaurer la mémoire,Cmd.MemoryChange
peux-tu te souvenir à l'extérieur,Cmd.MemoryChange
peux-tu rencontrer la mémoire,Cmd.MemoryChange
peux-tu fouler la mémoire,Cmd.MemoryChange
peux-tu avoir une mémoire de voiture,Cmd.MemoryChange
pouvez-vous mémoire d'auditorium,Cmd.MemoryChange
peux-tu mémoriser de la musique,Cmd.MemoryChange
peux-tu mémoriser la télévision,Cmd.MemoryChange
peux-tu désactiver la mémoire,Cmd.MemoryChange
peux-tu téléphoner à la mémoire,Cmd.MemoryChange
peux-tu mémoriser automatiquement,Cmd.MemoryChange
peux-tu te souvenir de tous les jours,Cmd.MemoryChange
peux-tu jouer au golf,Cmd.MemoryChange
peux-tu faire de la gymnastique,Cmd.MemoryChange
peux-tu te souvenir de chez toi,Cmd.MemoryChange
peux-tu me souvenir de la cuisine,Cmd.MemoryChange
peux-tu maîtriser la mémoire,Cmd.MemoryChange
peux-tu bruiter la mémoire,Cmd.MemoryChange
peux-tu utiliser la mémoire du bureau,Cmd.MemoryChange
peux-tu publier de la mémoire,Cmd.MemoryChange
peux-tu calmer la mémoire,Cmd.MemoryChange
peux-tu me souvenir de l'école,Cmd.MemoryChange
peux-tu parler de mémoire,Cmd.MemoryChange
peux-tu théâtre la mémoire,Cmd.MemoryChange
pouvez-vous avoir un souvenir d'acouphènes,Cmd.MemoryChange
peux-tu entraîner la mémoire,Cmd.MemoryChange
peux-tu travailler la mémoire,Cmd.MemoryChange
peux-tu adorer la mémoire,Cmd.MemoryChange
peux-tu programmer personnellement,Cmd.MemoryChange
pouvez-vous programmer un restaurant,Cmd.MemoryChange
peux-tu programmer en plein air,Cmd.MemoryChange
pouvez-vous rencontrer le programme,Cmd.MemoryChange
pouvez-vous fouler le programme,Cmd.MemoryChange
peux-tu programmer une voiture,Cmd.MemoryChange
pouvez-vous programme d'auditorium,Cmd.MemoryChange
peux-tu programmer de la musique,Cmd.MemoryChange
peux-tu programmer une émission de télévision,Cmd.MemoryChange
peux-tu désactiver le programme,Cmd.MemoryChange
peux-tu téléphoner au programme,Cmd.MemoryChange
peux-tu programmer automatiquement,Cmd.MemoryChange
peux-tu programmer tous les jours,Cmd.MemoryChange
peux-tu programme de golf,Cmd.MemoryChange
peux-tu programme de gym,Cmd.MemoryChange
peux-tu programmer à la maison,Cmd.MemoryChange
peux-tu programmer une cuisine,Cmd.MemoryChange
peux-tu maîtriser le programme,Cmd.MemoryChange
peux-tu faire du bruit dans un programme,Cmd.MemoryChange
peux-tu programmer un bureau,Cmd.MemoryChange
peux-tu publier un programme,Cmd.MemoryChange
peux-tu programmer tranquillement,Cmd.MemoryChange
peux-tu programme scolaire,Cmd.MemoryChange
peux-tu programmer un discours,Cmd.MemoryChange
pouvez-vous programme de théâtre,Cmd.MemoryChange
pouvez-vous programmer pour les acouphènes,Cmd.MemoryChange
peux-tu t'entraîner avec le programme,Cmd.MemoryChange
peux-tu travailler sur le programme,Cmd.MemoryChange
peux-tu adorer le programme,Cmd.MemoryChange
pouvez-vous définir des paramètres personnels,Cmd.MemoryChange
pouvez-vous établir un restaurant,Cmd.MemoryChange
pouvez-vous vous installer à l'extérieur,Cmd.MemoryChange
pouvez-vous rencontrer les paramètres,Cmd.MemoryChange
pouvez-vous organiser une foule,Cmd.MemoryChange
peux-tu régler la voiture,Cmd.MemoryChange
pouvez-vous régler l'auditorium,Cmd.MemoryChange
peux-tu régler la musique,Cmd.MemoryChange
peux-tu régler la télévision,Cmd.MemoryChange
peux-tu désactiver le réglage,Cmd.MemoryChange
pouvez-vous régler le téléphone,Cmd.MemoryChange
pouvez-vous régler automatiquement,Cmd.MemoryChange
pouvez-vous régler tous les jours,Cmd.MemoryChange
peux-tu jouer au golf,Cmd.MemoryChange
peux-tu être dans une salle de sport,Cmd.MemoryChange
peux-tu rester à la maison,Cmd.MemoryChange
pouvez-vous régler la cuisine,Cmd.MemoryChange
peux-tu maîtriser les réglages,Cmd.MemoryChange
pouvez-vous régler le bruit,Cmd.MemoryChange
pouvez-vous travailler dans un bureau,Cmd.MemoryChange
pouvez-vous créer un pub,Cmd.MemoryChange
peux-tu être dans un cadre calme,Cmd.MemoryChange
peux-tu être en milieu scolaire,Cmd.MemoryChange
pouvez-vous régler la parole,Cmd.MemoryChange
pouvez-vous mettre en scène un théâtre,Cmd.MemoryChange
pouvez-vous régler les acouphènes,Cmd.MemoryChange
peux-tu t'entraîner,Cmd.MemoryChange
peux-tu travailler dans un cadre,Cmd.MemoryChange
peux-tu adorer le décor,Cmd.MemoryChange
veuillez changer en personnel,Cmd.MemoryChange
peux-tu passer au mode personnel,Cmd.MemoryChange
veuillez changer de restaurant,Cmd.MemoryChange
peux-tu changer de restaurant,Cmd.MemoryChange
"s'il vous plaît, changez pour l'extérieur",Cmd.MemoryChange
peux-tu passer à l'extérieur,Cmd.MemoryChange
veuillez passer à la réunion,Cmd.MemoryChange
peux-tu passer à une réunion,Cmd.MemoryChange
"s'il vous plaît, changez pour foule",Cmd.MemoryChange
peux-tu te changer en foule,Cmd.MemoryChange
"s'il te plaît, change de voiture",Cmd.MemoryChange
peux-tu changer de voiture,Cmd.MemoryChange
veuillez changer pour l'auditorium,Cmd.MemoryChange
peux-tu changer d'auditorium,Cmd.MemoryChange
"s'il te plaît, passe à la musique",Cmd.MemoryChange
peux-tu passer à la musique,Cmd.MemoryChange
"s'il te plaît, passe à la télévision",Cmd.MemoryChange
peux-tu passer à la télévision,Cmd.MemoryChange
"s'il te plaît, passe en mode muet",Cmd.MemoryChange
peux-tu passer au mode muet,Cmd.MemoryChange
veuillez changer de téléphone,Cmd.MemoryChange
peux-tu changer de téléphone,Cmd.MemoryChange
veuillez passer en automatique,Cmd.MemoryChange
peux-tu passer en mode automatique,Cmd.MemoryChange
"s'il te plaît, change pour tous les jours",Cmd.MemoryChange
peux-tu changer pour tous les jours,Cmd.MemoryChange
"s'il te plaît, passe au golf",Cmd.MemoryChange
peux-tu passer au golf,Cmd.MemoryChange
"s'il te plaît, change de salle de sport",Cmd.MemoryChange
peux-tu changer de salle de sport,Cmd.MemoryChange
"s'il te plaît, change de domicile",Cmd.MemoryChange
peux-tu changer de maison,Cmd.MemoryChange
veuillez changer de cuisine,Cmd.MemoryChange
peux-tu changer de cuisine,Cmd.MemoryChange
veuillez changer en maître,Cmd.MemoryChange
peux-tu passer au maître,Cmd.MemoryChange
"s'il te plaît, change en bruit",Cmd.MemoryChange
peux-tu passer au bruit,Cmd.MemoryChange
veuillez changer de bureau,Cmd.MemoryChange
peux-tu changer de bureau,Cmd.MemoryChange
"s'il te plaît, change de pub",Cmd.MemoryChange
peux-tu changer de pub,Cmd.MemoryChange
"s'il te plaît, passe au silence",Cmd.MemoryChange
peux-tu passer au silence,Cmd.MemoryChange
"s'il te plaît, change d'école",Cmd.MemoryChange
peux-tu changer d'école,Cmd.MemoryChange
"s'il vous plaît, changez de discours",Cmd.MemoryChange
peux-tu changer de discours,Cmd.MemoryChange
"s'il te plaît, change au théâtre",Cmd.MemoryChange
peux-tu changer de théâtre,Cmd.MemoryChange
veuillez passer aux acouphènes,Cmd.MemoryChange
peux-tu passer aux acouphènes,Cmd.MemoryChange
veuillez changer pour vous entraîner,Cmd.MemoryChange
peux-tu changer pour t'entraîner,Cmd.MemoryChange
"s'il te plaît, change-toi pour travailler",Cmd.MemoryChange
peux-tu changer pour travailler,Cmd.MemoryChange
"s'il te plaît, change pour adorer",Cmd.MemoryChange
peux-tu changer pour adorer,Cmd.MemoryChange
veuillez passer au personnel,Cmd.MemoryChange
peux-tu passer au mode personnel,Cmd.MemoryChange
veuillez passer au restaurant,Cmd.MemoryChange
peux-tu passer au restaurant,Cmd.MemoryChange
"s'il te plaît, passe à l'extérieur",Cmd.MemoryChange
peux-tu passer à l'extérieur,Cmd.MemoryChange
veuillez passer à la réunion,Cmd.MemoryChange
peux-tu passer à la réunion,Cmd.MemoryChange
"s'il te plaît, passe à la foule",Cmd.MemoryChange
peux-tu passer à la foule,Cmd.MemoryChange
"s'il te plaît, passe à la voiture",Cmd.MemoryChange
peux-tu passer à la voiture,Cmd.MemoryChange
veuillez passer à l'auditorium,Cmd.MemoryChange
peux-tu passer à l'auditorium,Cmd.MemoryChange
"s'il te plaît, passe à la musique",Cmd.MemoryChange
peux-tu passer à la musique,Cmd.MemoryChange
"s'il te plaît, passe à la télévision",Cmd.MemoryChange
peux-tu passer à la télévision,Cmd.MemoryChange
"s'il te plaît, passe en sourdine",Cmd.MemoryChange
peux-tu passer en sourdine,Cmd.MemoryChange
veuillez passer au téléphone,Cmd.MemoryChange
peux-tu passer au téléphone,Cmd.MemoryChange
veuillez passer en mode automatique,Cmd.MemoryChange
peux-tu passer en mode automatique,Cmd.MemoryChange
"s'il te plaît, passe à tous les jours",Cmd.MemoryChange
peux-tu passer à tous les jours,Cmd.MemoryChange
"s'il te plaît, passe au golf",Cmd.MemoryChange
peux-tu passer au golf,Cmd.MemoryChange
"s'il te plaît, passe à la salle de sport",Cmd.MemoryChange
peux-tu passer à la salle de sport,Cmd.MemoryChange
"s'il te plaît, retourne à la maison",Cmd.MemoryChange
peux-tu passer à la maison,Cmd.MemoryChange
veuillez passer à la cuisine,Cmd.MemoryChange
peux-tu passer à la cuisine,Cmd.MemoryChange
veuillez passer au maître,Cmd.MemoryChange
peux-tu passer au maître,Cmd.MemoryChange
"s'il te plaît, passe au bruit",Cmd.MemoryChange
peux-tu passer au bruit,Cmd.MemoryChange
"s'il te plaît, passe au bureau",Cmd.MemoryChange
peux-tu passer au bureau,Cmd.MemoryChange
"s'il te plaît, passe au pub",Cmd.MemoryChange
peux-tu passer au pub,Cmd.MemoryChange
"s'il te plaît, passe au silence",Cmd.MemoryChange
peux-tu passer au mode silencieux,Cmd.MemoryChange
"s'il te plaît, change d'école",Cmd.MemoryChange
peux-tu changer d'école,Cmd.MemoryChange
"s'il te plaît, passe au discours",Cmd.MemoryChange
peux-tu passer à la parole,Cmd.MemoryChange
"s'il te plaît, passe au théâtre",Cmd.MemoryChange
peux-tu passer au théâtre,Cmd.MemoryChange
veuillez passer aux acouphènes,Cmd.MemoryChange
peux-tu passer aux acouphènes,Cmd.MemoryChange
"s'il te plaît, passe au train",Cmd.MemoryChange
peux-tu passer à l'entraînement,Cmd.MemoryChange
"s'il te plaît, mets-toi au travail",Cmd.MemoryChange
peux-tu passer au travail,Cmd.MemoryChange
"s'il te plaît, passe au culte",Cmd.MemoryChange
peux-tu passer au culte,Cmd.MemoryChange
veuillez passer au programme deux,Cmd.MemoryChange
peux-tu passer au programme deux,Cmd.MemoryChange
veuillez passer à la mémoire 1,Cmd.MemoryChange
peux-tu passer à la mémoire 1,Cmd.MemoryChange
veuillez passer au programme un,Cmd.MemoryChange
peux-tu passer au programme un,Cmd.MemoryChange
veuillez passer à la mémoire deux,Cmd.MemoryChange
peux-tu passer à la mémoire deux,Cmd.MemoryChange
veuillez modifier les paramètres à trois,Cmd.MemoryChange
pouvez-vous modifier les paramètres à trois,Cmd.MemoryChange
veuillez passer le programme à quatre,Cmd.MemoryChange
peux-tu passer le programme à quatre,Cmd.MemoryChange
"s'il te plaît, change la mémoire en trois",Cmd.MemoryChange
peux-tu changer la mémoire en trois,Cmd.MemoryChange
"s'il vous plaît, changez la mémoire en une seule",Cmd.MemoryChange
peux-tu changer la mémoire en une seule,Cmd.MemoryChange
veuillez changer le programme en un seul,Cmd.MemoryChange
peux-tu changer de programme en un seul,Cmd.MemoryChange
veuillez changer le paramètre en un,Cmd.MemoryChange
pouvez-vous changer le paramètre en un,Cmd.MemoryChange
veuillez changer la mémoire en une seule,Cmd.MemoryChange
peux-tu changer de mémoire en une seule,Cmd.MemoryChange
veuillez changer de programme en un seul,Cmd.MemoryChange
peux-tu changer de programme en un seul,Cmd.MemoryChange
veuillez passer le paramètre à un,Cmd.MemoryChange
pouvez-vous changer de paramètre en un seul,Cmd.MemoryChange
veuillez définir la mémoire sur un,Cmd.MemoryChange
peux-tu définir la mémoire sur un,Cmd.MemoryChange
veuillez définir le programme sur un,Cmd.MemoryChange
pouvez-vous définir le programme sur un,Cmd.MemoryChange
veuillez définir le paramètre sur un,Cmd.MemoryChange
pouvez-vous définir le paramètre sur un,Cmd.MemoryChange
peux-tu en programmer un,Cmd.MemoryChange
peux-tu en mémoriser un,Cmd.MemoryChange
peux-tu en définir un,Cmd.MemoryChange
"s'il te plaît, change la mémoire en deux",Cmd.MemoryChange
peux-tu changer la mémoire en deux,Cmd.MemoryChange
veuillez changer le programme en deux,Cmd.MemoryChange
peux-tu changer le programme en deux,Cmd.MemoryChange
veuillez changer le paramètre à deux,Cmd.MemoryChange
peux-tu changer le réglage à deux,Cmd.MemoryChange
veuillez passer la mémoire à deux,Cmd.MemoryChange
peux-tu passer la mémoire à deux,Cmd.MemoryChange
veuillez passer le programme à deux,Cmd.MemoryChange
peux-tu passer le programme à deux,Cmd.MemoryChange
veuillez passer le paramètre à deux,Cmd.MemoryChange
peux-tu passer le réglage à deux,Cmd.MemoryChange
veuillez régler la mémoire sur deux,Cmd.MemoryChange
peux-tu régler la mémoire sur deux,Cmd.MemoryChange
veuillez régler le programme sur deux,Cmd.MemoryChange
peux-tu régler le programme sur deux,Cmd.MemoryChange
veuillez définir le paramètre sur deux,Cmd.MemoryChange
pouvez-vous définir le paramètre sur deux,Cmd.MemoryChange
peux-tu en programmer deux,Cmd.MemoryChange
peux-tu en mémoriser deux,Cmd.MemoryChange
peux-tu en mettre deux,Cmd.MemoryChange
veuillez changer le programme à trois,Cmd.MemoryChange
peux-tu changer le programme à trois,Cmd.MemoryChange
veuillez changer le paramètre à trois,Cmd.MemoryChange
peux-tu changer le réglage à trois,Cmd.MemoryChange
veuillez passer la mémoire à trois,Cmd.MemoryChange
peux-tu passer la mémoire à trois,Cmd.MemoryChange
veuillez passer le programme à trois,Cmd.MemoryChange
peux-tu passer le programme à trois,Cmd.MemoryChange
veuillez passer le paramètre à trois,Cmd.MemoryChange
peux-tu passer le réglage à trois,Cmd.MemoryChange
veuillez régler la mémoire sur trois,Cmd.MemoryChange
peux-tu régler la mémoire sur trois,Cmd.MemoryChange
veuillez régler le programme sur trois,Cmd.MemoryChange
peux-tu régler le programme sur trois,Cmd.MemoryChange
veuillez régler le paramètre sur trois,Cmd.MemoryChange
pouvez-vous définir le paramètre sur trois,Cmd.MemoryChange
peux-tu en programmer trois,Cmd.MemoryChange
peux-tu en mémoriser trois,Cmd.MemoryChange
peux-tu en mettre trois,Cmd.MemoryChange
"s'il te plaît, change la mémoire en quatre",Cmd.MemoryChange
peux-tu changer la mémoire en quatre,Cmd.MemoryChange
veuillez changer le programme en quatre,Cmd.MemoryChange
peux-tu changer le programme en quatre,Cmd.MemoryChange
veuillez changer le paramètre à quatre,Cmd.MemoryChange
peux-tu changer le réglage à quatre,Cmd.MemoryChange
veuillez passer la mémoire à quatre,Cmd.MemoryChange
peux-tu passer la mémoire à quatre,Cmd.MemoryChange
veuillez passer le paramètre à quatre,Cmd.MemoryChange
peux-tu passer le réglage à quatre,Cmd.MemoryChange
veuillez régler la mémoire sur quatre,Cmd.MemoryChange
peux-tu régler la mémoire sur quatre,Cmd.MemoryChange
veuillez régler le programme sur quatre,Cmd.MemoryChange
peux-tu régler le programme sur quatre,Cmd.MemoryChange
veuillez régler le paramètre sur quatre,Cmd.MemoryChange
pouvez-vous définir le paramètre sur quatre,Cmd.MemoryChange
peux-tu en programmer quatre,Cmd.MemoryChange
peux-tu en mémoriser quatre,Cmd.MemoryChange
peux-tu en mettre quatre,Cmd.MemoryChange
veuillez passer au programme numéro deux,Cmd.MemoryChange
peux-tu passer au programme numéro deux,Cmd.MemoryChange
veuillez passer à la mémoire numéro un,Cmd.MemoryChange
peux-tu passer à la mémoire numéro un,Cmd.MemoryChange
veuillez passer au programme numéro un,Cmd.MemoryChange
peux-tu passer au programme numéro un,Cmd.MemoryChange
veuillez passer à la mémoire numéro deux,Cmd.MemoryChange
peux-tu passer à la mémoire numéro deux,Cmd.MemoryChange
veuillez modifier les paramètres au numéro trois,Cmd.MemoryChange
pouvez-vous modifier les paramètres au numéro trois,Cmd.MemoryChange
veuillez passer le programme au numéro quatre,Cmd.MemoryChange
peux-tu passer le programme au numéro quatre,Cmd.MemoryChange
"s'il te plaît, change la mémoire en numéro trois",Cmd.MemoryChange
peux-tu changer la mémoire en numéro trois,Cmd.MemoryChange
"s'il te plaît, change la mémoire en numéro un",Cmd.MemoryChange
peux-tu changer la mémoire en numéro un,Cmd.MemoryChange
veuillez changer le programme en numéro un,Cmd.MemoryChange
peux-tu changer de programme pour le numéro un,Cmd.MemoryChange
veuillez changer le paramètre en numéro un,Cmd.MemoryChange
peux-tu changer le paramètre en numéro un,Cmd.MemoryChange
"s'il te plaît, passe la mémoire au numéro un",Cmd.MemoryChange
peux-tu passer la mémoire au numéro un,Cmd.MemoryChange
veuillez passer le programme au numéro un,Cmd.MemoryChange
peux-tu passer le programme au numéro un,Cmd.MemoryChange
veuillez passer le paramètre au numéro un,Cmd.MemoryChange
peux-tu passer le réglage au numéro un,Cmd.MemoryChange
veuillez régler la mémoire sur le numéro un,Cmd.MemoryChange
peux-tu régler la mémoire sur le numéro un,Cmd.MemoryChange
veuillez définir le programme sur le numéro un,Cmd.MemoryChange
peux-tu définir le programme sur le numéro un,Cmd.MemoryChange
veuillez définir le paramètre sur le numéro un,Cmd.MemoryChange
pouvez-vous définir le paramètre sur le numéro un,Cmd.MemoryChange
"s'il te plaît, programme le numéro un",Cmd.MemoryChange
peux-tu programmer le numéro un,Cmd.MemoryChange
"s'il te plaît, souviens-toi du numéro un",Cmd.MemoryChange
peux-tu mémoriser le numéro un,Cmd.MemoryChange
"s'il te plaît, mets le numéro un",Cmd.MemoryChange
peux-tu définir le numéro un,Cmd.MemoryChange
"s'il te plaît, change la mémoire en numéro deux",Cmd.MemoryChange
peux-tu changer la mémoire en numéro deux,Cmd.MemoryChange
veuillez changer le programme pour le numéro deux,Cmd.MemoryChange
peux-tu changer le programme pour le numéro deux,Cmd.MemoryChange
veuillez changer le paramètre en numéro deux,Cmd.MemoryChange
peux-tu changer le réglage en numéro deux,Cmd.MemoryChange
veuillez passer la mémoire au numéro deux,Cmd.MemoryChange
peux-tu passer la mémoire au numéro deux,Cmd.MemoryChange
veuillez passer le programme au numéro deux,Cmd.MemoryChange
peux-tu passer au programme numéro deux,Cmd.MemoryChange
veuillez passer le paramètre au numéro deux,Cmd.MemoryChange
peux-tu passer le réglage au numéro deux,Cmd.MemoryChange
veuillez régler la mémoire sur le numéro deux,Cmd.MemoryChange
peux-tu régler la mémoire sur le numéro deux,Cmd.MemoryChange
veuillez régler le programme sur le numéro deux,Cmd.MemoryChange
peux-tu régler le programme sur le numéro deux,Cmd.MemoryChange
veuillez régler le paramètre sur le numéro deux,Cmd.MemoryChange
pouvez-vous définir le paramètre sur le numéro deux,Cmd.MemoryChange
"s'il te plaît, programme le numéro deux",Cmd.MemoryChange
peux-tu programmer le numéro deux,Cmd.MemoryChange
"s'il te plaît, souviens-toi du numéro deux",Cmd.MemoryChange
peux-tu mémoriser le numéro deux,Cmd.MemoryChange
"s'il te plaît, mets le numéro deux",Cmd.MemoryChange
peux-tu régler le numéro deux,Cmd.MemoryChange
veuillez changer le programme pour le numéro trois,Cmd.MemoryChange
peux-tu changer le programme pour le numéro trois,Cmd.MemoryChange
veuillez changer le paramètre en numéro trois,Cmd.MemoryChange
peux-tu changer le réglage en numéro trois,Cmd.MemoryChange
"s'il te plaît, passe la mémoire au numéro trois",Cmd.MemoryChange
peux-tu passer la mémoire au numéro trois,Cmd.MemoryChange
veuillez passer le programme au numéro trois,Cmd.MemoryChange
peux-tu passer le programme au numéro trois,Cmd.MemoryChange
veuillez passer le paramètre au numéro trois,Cmd.MemoryChange
peux-tu passer le réglage au numéro trois,Cmd.MemoryChange
veuillez régler la mémoire sur le numéro trois,Cmd.MemoryChange
peux-tu régler la mémoire sur le numéro trois,Cmd.MemoryChange
veuillez régler le programme sur le numéro trois,Cmd.MemoryChange
peux-tu régler le programme sur le numéro trois,Cmd.MemoryChange
veuillez régler le paramètre sur le numéro trois,Cmd.MemoryChange
pouvez-vous définir le paramètre sur le numéro trois,Cmd.MemoryChange
"s'il te plaît, programme le numéro trois",Cmd.MemoryChange
peux-tu programmer le numéro trois,Cmd.MemoryChange
"s'il te plaît, mémorise le numéro trois",Cmd.MemoryChange
peux-tu mémoriser le numéro trois,Cmd.MemoryChange
"s'il te plaît, mets le numéro trois",Cmd.MemoryChange
peux-tu régler le numéro trois,Cmd.MemoryChange
"s'il te plaît, change la mémoire en numéro quatre",Cmd.MemoryChange
peux-tu changer la mémoire en numéro quatre,Cmd.MemoryChange
veuillez changer le programme pour le numéro quatre,Cmd.MemoryChange
peux-tu changer le programme pour le numéro quatre,Cmd.MemoryChange
veuillez changer le paramètre en numéro quatre,Cmd.MemoryChange
peux-tu changer le réglage en numéro quatre,Cmd.MemoryChange
veuillez passer la mémoire au numéro quatre,Cmd.MemoryChange
peux-tu passer la mémoire au numéro quatre,Cmd.MemoryChange
veuillez passer le paramètre au numéro quatre,Cmd.MemoryChange
peux-tu passer le réglage au numéro quatre,Cmd.MemoryChange
veuillez régler la mémoire sur le numéro quatre,Cmd.MemoryChange
peux-tu régler la mémoire sur le numéro quatre,Cmd.MemoryChange
veuillez régler le programme sur le numéro quatre,Cmd.MemoryChange
peux-tu régler le programme sur le numéro quatre,Cmd.MemoryChange
veuillez régler le paramètre sur le numéro quatre,Cmd.MemoryChange
pouvez-vous définir le paramètre sur le numéro quatre,Cmd.MemoryChange
"s'il te plaît, programme le numéro quatre",Cmd.MemoryChange
peux-tu programmer le numéro quatre,Cmd.MemoryChange
"s'il te plaît, mémorise le numéro quatre",Cmd.MemoryChange
peux-tu mémoriser le numéro quatre,Cmd.MemoryChange
"s'il te plaît, mets le numéro quatre",Cmd.MemoryChange
peux-tu régler le numéro quatre,Cmd.MemoryChange
téléphone Android manquant,Cmd.FindMyPhone
se déconnecter de la télécommande,Cmd.StreamingStop
volume de l'aide auditive coupé,Cmd.VolumeMute
l'application a-t-elle un mode démo ?,Help_DemoMode
quel est le modèle de mes aides auditives ?,Help_DeviceSettings
comment partager mon statut avec un soignant ?,Help_HearShare
aide avec le score d'activité,Help_ThriveScore
puis-je traduire l'anglais vers le français ?,Help_Translate
ajouter un nouveau rappel,reminders.add
combien de temps dois-je rester debout,Cmd.ActivityStand
se déconnecter de la télévision,Cmd.StreamingStop
comment accéder aux paramètres de l'application ?,Help_AppSettings
comment laver mon aide auditive ?,Help_CleanCare
comment utiliser l'application sans aides auditives connectées ?,Help_DemoMode
où est le modèle d'aide auditive ?,Help_DeviceSettings
Comment partager l'utilisation de mon aide auditive avec un soignant ?,Help_HearShare
aide avec score corporel,Help_ThriveScore
Est-ce que Translate enregistre mes conversations ?,Help_Translate
ajouter un rappel,reminders.add
fini le streaming,Cmd.StreamingStop
utiliser l'application sans aide,Help_DemoMode
comment puis-je partager mes informations avec un soignant ?,Help_HearShare
Mes aides auditives sont-elles couplées au téléphone ?,Help_Pairing
aide avec le score ipro,Help_ThriveScore
Guide de traduction des aides auditives,Help_Translate
compléter le rappel,reminders.complete
désactiver la diffusion en continu,Cmd.StreamingStop
où sont les paramètres de l'application ?,Help_AppSettings
comment afficher l'application sans aide ?,Help_DemoMode
comment voir mes objectifs d'événement hebdomadaires ?,Help_Health
comment inviter un soignant à entendre partager ?,Help_HearShare
comment puis-je accéder à Self Check ?,Help_SelfCheck
aide avec un score aimable,Help_ThriveScore
les aides auditives traduisent l'aide,Help_Translate
aide-moi avec assistant Thrive,Help_VoiceAssistant
aide avec les changements de volume,Help_Volume
comment l'engagement a-t-il changé ?,Help_WhatsNew
mon contrôle de balance reste-t-il le même si je change de mémoire ?,Help_WiCROS
ajouter un nouveau rappel,reminders.add
batterie restante,Cmd.BatteryLevel
désactiver la diffusion en continu,Cmd.StreamingStop
testez l'application,Help_DemoMode
où est le numéro de série de l'aide auditive ?,Help_DeviceSettings
comment puis-je inviter un soignant à HearShare ?,Help_HearShare
puis-je comparer les ajustements effectués par l'audiologiste ?,Help_RemoteProgramming
comment puis-je vérifier mes aides auditives pour m’assurer qu’elles fonctionnent correctement ?,Help_SelfCheck
aide avec le score d'activité,Help_ThriveScore
aides auditives traduire le guide d'utilisation,Help_Translate
ajouter un rappel,reminders.add
dis-moi mon niveau de batterie,Cmd.BatteryLevel
fin du flux,Cmd.StreamingStop
est-ce que j'ai une mémoire normale,Help_ChangingMemories
comment tester l'application ?,Help_DemoMode
Comment un soignant met-il en place HearShare ?,Help_HearShare
comment revenir à l'écran d'accueil ?,Help_Home
aider avec le score corporel,Help_ThriveScore
comment puis-je accéder à la transcription ?,Help_Transcribe
aide-moi à traduire,Help_Translate
combien de pas ai-je fait aujourd'hui,Cmd.ActivityStep
batterie actuelle,Cmd.BatteryLevel
mettre fin à la diffusion,Cmd.StreamingStop
allumer le volume de mon aide auditive,Cmd.VolumeUnmute
comment utiliser l'application sans aide auditive ?,Help_DemoMode
quel est le modèle de mon aide auditive ?,Help_DeviceSettings
comment partager des informations avec le soignant,Help_HearShare
aide avec les rappels,Help_Reminder
aider avec le score cérébral,Help_ThriveScore
aide-moi à traduire,Help_Translate
ajouter un rappel pour moi,reminders.add
arrêter de diffuser,Cmd.StreamingStop
puis-je changer ma batterie ?,Help_Battery
mode démo,Help_DemoMode
comment puis-je changer mon contact téléphonique,Help_FallAlert
à quelle fréquence dois-je utiliser IntelliVoice ?,Help_IntelliVoice
aide avec le score d'engagement,Help_ThriveScore
aider à traduire,Help_Translate
montre-moi un aperçu du genre,Help_WhatsNew
comment puis-je régler la balance croisée sur le récepteur ?,Help_WiCROS
terminer mon dernier rappel.,reminders.complete
combien de minutes ai-je travaillé,Cmd.ActivityExercise
arrête d'écouter ma télé,Cmd.StreamingStop
diminuer le volume de mes aides auditives,Cmd.VolumeDecrease
mode démonstration,Help_DemoMode
quel est le modèle de mon aide auditive ?,Help_DeviceSettings
comment régler les basses sur mode Edge,Help_EdgeMode
aide-moi à trouver mon appareil auditif,Help_FindMyHearingAids
comment puis-je modifier mes objectifs de pas de mensuels à quotidiens ?,Help_Health
comment puis-je partager mes informations avec ma fille ?,Help_HearShare
comment accéder à l'écran principal ?,Help_Home
comment faire IntelliVoice,Help_IntelliVoice
aide avec le score ipro,Help_ThriveScore
aide pour traduire,Help_Translate
ajouter au rappel,reminders.add
arrête d'écouter la télé,Cmd.StreamingStop
Alexa ne se connecte pas,Default Fallback Intent
comment puis-je afficher l'application sans aides auditives ?,Help_DemoMode
partager des informations avec mon fils,Help_HearShare
comment accéder à l'écran d'accueil ?,Help_Home
aider avec le gentil score,Help_ThriveScore
comment puis-je régler le volume du stimulus acouphène dans mon aide auditive ?,Help_Tinnitus
comment accéder à la traduction,Help_Translate
montre-moi un aperçu de l'application engage,Help_WhatsNew
puis-je ajouter un rappel,reminders.add
que le flux commence,Cmd.StreamingStart
arrêter le flux,Cmd.StreamingStop
comment puis-je charger mon aide auditive ?,Help_Battery
aide pour changer les souvenirs de mon aide auditive,Help_ChangingMemories
comment laver mes aides auditives,Help_CleanCare
utiliser l'application sans aides auditives connectées,Help_DemoMode
comment puis-je régler la sensibilité du double tapotement ?,Help_DeviceSettings
comment savoir si une alerte est reçue ?,Help_FallAlert
comment ajouter une autre personne sur HearShare ?,Help_HearShare
comment utiliser la fonction fréquence cardiaque ?,Help_HeartRate
comment est mesurée la récupération de la fréquence cardiaque ?,Help_HeartRateRecovery
partager des informations avec ma fille,Help_HearShare
comment accéder à l'écran principal ?,Help_Home
comment exécuter IntelliVoice,Help_IntelliVoice
aider avec le score Thrive,Help_ThriveScore
comment accéder à la traduction,Help_Translate
puis-je faire un rappel,reminders.add
dis-moi quel est mon nombre de pas,Cmd.ActivityStep
arrêter de diffuser,Cmd.StreamingStop
comment puis-je accéder aux paramètres d'alerte de chute ?,Help_AppSettings
aide pour changer les mémoires de mes aides auditives,Help_ChangingMemories
comment activer le mode démo ?,Help_DemoMode
aide-moi à trouver mon autre aide auditive,Help_FindMyHearingAids
comment ajouter un soignant ?,Help_HearShare
à quoi sert le mode masque,Help_MaskMode
puis-je écouter les réglages effectués par mon audioprothésiste ?,Help_RemoteProgramming
aide avec le score de bien-être,Help_ThriveScore
montre-moi l'aide à la transcription,Help_Transcribe
comment puis-je parler à quelqu'un qui parle une langue différente ?,Help_Translate
comment utiliser l'assistant vocal,Help_VoiceAssistant
montre-moi un aperçu de cette application d'engagement,Help_WhatsNew
puis-je définir un rappel,reminders.add
calories aérobic,Cmd.ActivityAerobics
combien de temps suis-je resté debout cette semaine,Cmd.ActivityStand
est-il temps de changer mes piles,Cmd.BatteryLevel
arrêter de diffuser à distance vers mes aides auditives,Cmd.StreamingStop
j'ai besoin de moins de volume,Cmd.VolumeDecrease
comment puis-je modifier les paramètres d'alerte de chute ?,Help_AppSettings
comment accéder au mode démo ?,Help_DemoMode
comment puis-je voir combien j'ai fait du vélo ce mois-ci ?,Help_Health
parlez-moi de la fonction de fréquence cardiaque ?,Help_HeartRate
ma récupération de fréquence cardiaque est-elle mauvaise ?,Help_HeartRateRecovery
comment inviter mon fils à HearShare ?,Help_HearShare
aide avec score Thrive,Help_ThriveScore
comment traduire,Help_Translate
comment puis-je régler le volume uniquement sur l'aide gauche ?,Help_Volume
montre-moi un aperçu d'engagement,Help_WhatsNew
peux-tu ajouter un rappel,reminders.add
état de la batterie,Cmd.BatteryLevel
trouver un téléphone,Cmd.FindMyPhone
arrêter de diffuser la télévision,Cmd.StreamingStop
je veux moins de volume,Cmd.VolumeDecrease
faire taire mes aides auditives,Cmd.VolumeMute
comment puis-je modifier les paramètres d'alerte de chute ?,Help_AppSettings
aide à changer les souvenirs au téléphone,Help_ChangingMemories
utiliser l'application sans aide auditive,Help_DemoMode
comment régler les aides auditives avec mode Edge ?,Help_EdgeMode
comment puis-je voir combien j'ai marché cette semaine ?,Help_Health
comment inviter ma fille à HearShare ?,Help_HearShare
qu'y a-t-il sur l'écran d'accueil ?,Help_Home
puis-je écouter les réglages effectués par l'audioprothésiste ?,Help_RemoteProgramming
aide avec le score de bien-être,Help_ThriveScore
montre-moi l'aide pour transcrire,Help_Transcribe
comment traduire mes mots ?,Help_Translate
peux-tu me faire un rappel,reminders.add
combien de calories ai-je utilisé pendant l'exercice,Cmd.ActivityExercise
quel est mon nombre de pas pour la semaine,Cmd.ActivityStep
état de la batterie,Cmd.BatteryLevel
écoutez le micro à distance,Cmd.StreamingStart
arrêter de diffuser la télévision sur mes aides auditives,Cmd.StreamingStop
allumer le volume de mon aide auditive gauche,Cmd.VolumeUnmute
comment puis-je accéder aux paramètres de l'assistant intelligent ?,Help_AppSettings
comment puis-je afficher l'application sans aides connectées ?,Help_DemoMode
comment partager des informations sur les aides auditives avec mon fils ?,Help_HearShare
où est le mode masque ?,Help_MaskMode
aide au rappel,Help_Reminder
comment puis-je obtenir un meilleur score d'activité ?,Help_ThriveScore
comment utiliser la fonction de traduction ?,Help_Translate
comment puis-je régler le volume uniquement sur le côté droit ?,Help_Volume
niveau de batterie,Cmd.BatteryLevel
écouter le microphone à distance,Cmd.StreamingStart
arrêter la télé,Cmd.StreamingStop
activer le mode sourdine,Cmd.VolumeMute
allumer le volume de mon aide auditive droite,Cmd.VolumeUnmute
comment puis-je modifier les paramètres de l'assistant intelligent ?,Help_AppSettings
comment utiliser l'application sans aide ?,Help_DemoMode
comment réduire le bruit avec mode Edge ?,Help_EdgeMode
Comment fonctionne l'alerte chute ?,Help_FallAlert
comment puis-je voir combien j'ai fait du vélo aujourd'hui ?,Help_Health
où puis-je trouver ma fréquence cardiaque ?,Help_HeartRate
que signifie le numéro de récupération de la fréquence cardiaque ?,Help_HeartRateRecovery
comment partager des informations sur les aides auditives avec ma fille ?,Help_HearShare
à quoi sert IntelliVoice,Help_IntelliVoice
comment puis-je vérifier si mes aides auditives sont couplées au téléphone ?,Help_Pairing
comment puis-je obtenir un meilleur score corporel ?,Help_ThriveScore
comment utiliser traduire,Help_Translate
peux-tu me faire un rappel,reminders.add
piles pour appareils auditifs,Cmd.BatteryLevel
arrêter le flux TV,Cmd.StreamingStop
volume inférieur,Cmd.VolumeDecrease
rendre mes aides auditives plus fortes,Cmd.VolumeIncrease
Amson et la Nouvelle-Zélande,Default Fallback Intent
comment puis-je modifier les paramètres de l'assistant intelligent ?,Help_AppSettings
aide avec le mode démo,Help_DemoMode
comment dois-je envoyer un message d'alerte manuel ?,Help_FallAlert
comment trouver ma bonne aide auditive ?,Help_FindMyHearingAids
comment géolocaliser un souvenir ?,Help_MemoryOptions
comment puis-je obtenir un meilleur score cérébral ?,Help_ThriveScore
comment fonctionne la fonction de traduction ?,Help_Translate
comment puis-je couper mon émetteur ?,Help_WiCROS
peux-tu s'il te plaît me rappeler,reminders.add
pile pour appareil auditif,Cmd.BatteryLevel
arrêter la diffusion de la télévision,Cmd.StreamingStop
rendre les aides auditives plus bruyantes,Cmd.VolumeIncrease
comment puis-je accéder aux paramètres du soignant ?,Help_AppSettings
comment puis-je réduire le bruit du vent,Help_Customize
comment utiliser l'application sans aides connectées ?,Help_DemoMode
comment savoir où se trouve mon aide auditive ?,Help_FindMyHearingAids
montre-moi comment mettre mon appareil auditif,Help_InsertDevice
résoudre les problèmes de masque facial,Help_MaskMode
comment puis-je obtenir un meilleur score d’engagement ?,Help_ThriveScore
comment fonctionne la traduction ?,Help_Translate
batterie,Cmd.BatteryLevel
désactiver le flux,Cmd.StreamingStop
comment puis-je modifier les paramètres du soignant ?,Help_AppSettings
comment puis-je afficher l'application sans aides auditives connectées ?,Help_DemoMode
comment attribuer un emplacement à ma mémoire ?,Help_MemoryOptions
parlez-moi des rappels,Help_Reminder
comment puis-je obtenir un meilleur score ipro ?,Help_ThriveScore
combien de langues sont traduites ?,Help_Translate
peux-tu mettre un rappel,reminders.add
désactiver le flux,Cmd.StreamingStop
rendre les choses plus bruyantes,Cmd.VolumeIncrease
comment puis-je modifier les paramètres du soignant ?,Help_AppSettings
utiliser l'application sans aides connectées,Help_DemoMode
comment puis-je obtenir un meilleur score de type ?,Help_ThriveScore
comment traduire,Help_Translate
peux-tu rappeler,reminders.add
marquer le rappel comme terminé,reminders.complete
localiser le téléphone,Cmd.FindMyPhone
éteindre le streaming,Cmd.StreamingStop
rendre les choses plus calmes,Cmd.VolumeDecrease
éteint mon aide auditive droite,Cmd.VolumeMute
comment passer de l'application avancée à l'application de base ?,Help_AppSettings
puis-je faire une démonstration de mes aides auditives,Help_DemoMode
où est IntelliVoice ?,Help_IntelliVoice
comment puis-je obtenir un meilleur score Thrive ?,Help_ThriveScore
y a-t-il une fonction de traduction ?,Help_Translate
prospérer siri,Help_VoiceAssistant
depuis combien de temps ai-je dansé,Cmd.ActivityExercise
désactiver la diffusion du microphone à distance,Cmd.StreamingStop
plus de volume,Cmd.VolumeIncrease
puis-je faire une démonstration de mes aides auditives,Help_DemoMode
mes aides auditives peuvent-elles utiliser la voix intelligente,Help_IntelliVoice
comment puis-je obtenir un meilleur score de bien-être ?,Help_ThriveScore
montre-moi de l'aide pour traduire,Help_Translate
Aide de l'assistant vocal Thrive,Help_VoiceAssistant
comment puis-je régler le volume sur la bonne aide ?,Help_Volume
quoi de neuf dans mon application engage ?,Help_WhatsNew
peux-tu me rappeler un rendez-vous,reminders.add
désactiver le streaming du microphone,Cmd.StreamingStop
fais-moi une démonstration,Help_DemoMode
qu'est-ce que le test d'autocontrôle ?,Help_SelfCheck
comment puis-je obtenir de meilleurs résultats d'activité ?,Help_ThriveScore
montre-moi l'aide pour traduire,Help_Translate
que puis-je demander au assistant Thrive ?,Help_VoiceAssistant
peux-tu me rappeler de,reminders.add
désactiver la diffusion du micro à distance,Cmd.StreamingStop
comment puis-je voir ce que mon aide auditive peut faire,Help_DemoMode
comment insérer mes aides auditives gauches dans mes oreilles ?,Help_InsertDevice
comment puis-je obtenir de meilleurs scores corporels ?,Help_ThriveScore
aide avec les ajustements du bruit des acouphènes,Help_Tinnitus
montre-moi l'aide à la traduction,Help_Translate
comment régler le volume de mon aide auditive ?,Help_Volume
quoi de neuf dans l'application engage ?,Help_WhatsNew
peux-tu me rappeler d'appeler,reminders.add
désactiver le streaming télé,Cmd.StreamingStop
comment puis-je modifier le réglage du bruit de la machine,Help_Customize
comment puis-je voir ce que mes aides auditives peuvent faire,Help_DemoMode
ma fille a-t-elle accepté mon invitation HearShare ?,Help_HearShare
comment insérer mon aide auditive gauche ?,Help_InsertDevice
comment puis-je obtenir de meilleurs scores cérébraux ?,Help_ThriveScore
montre-moi le guide d'utilisation de traduction,Help_Translate
peux-tu me définir un rappel,reminders.add
qu'est-ce que le mode démo,Help_DemoMode
ma femme a-t-elle accepté mon invitation HearShare ?,Help_HearShare
comment puis-je marquer un emplacement dans ma mémoire ?,Help_MemoryOptions
comment puis-je obtenir de meilleurs scores d’engagement ?,Help_ThriveScore
montre-moi le guide d'utilisation pour traduire,Help_Translate
comment régler le volume de l'aide auditive ?,Help_Volume
quoi de neuf dans cette application d'engagement ?,Help_WhatsNew
baisse mon aide auditive gauche,Cmd.VolumeDecrease
insilence,Cmd.VolumeUnmute
Apple Music se connecter,Default Fallback Intent
puis-je utiliser l'application sans aide auditive,Help_DemoMode
comment puis-je intercepter un texte d'alerte ?,Help_FallAlert
puis-je marquer un emplacement dans ma mémoire ?,Help_MemoryOptions
comment puis-je obtenir de meilleurs scores ipro ?,Help_ThriveScore
où puis-je voir ce que quelqu'un dit ?,Help_Transcribe
montre-moi traduire le guide de l'utilisateur,Help_Translate
peux-tu me fixer un rappel,reminders.add
volume activé,Cmd.VolumeUnmute
comment personnaliser les paramètres de mon aide auditive gauche ?,Help_Customize
puis-je utiliser l'application sans aide auditive,Help_DemoMode
comment rechercher mon aide auditive gauche ?,Help_FindMyHearingAids
comment puis-je obtenir de meilleurs scores de type ?,Help_ThriveScore
où puis-je trouver la fonction de transcription ?,Help_Transcribe
prospérer traduire aide,Help_Translate
qu'est-ce que l'assistant vocal ?,Help_VoiceAssistant
peux-tu définir un rappel,reminders.add
monte le volume,Cmd.VolumeIncrease
aide pour changer de programme à l'aide de l'application thrive,Help_ChangingMemories
Comment puis-je personnaliser les réglages de mon aide auditive ?,Help_Customize
comment puis-je obtenir de meilleurs scores de réussite ?,Help_ThriveScore
traduire le guide,Help_Translate
peux-tu définir des rappels,reminders.add
démarrer la télé,Cmd.StreamingStart
augmenter le volume de mon aide auditive,Cmd.VolumeIncrease
comment insérer mon aide auditive droite ?,Help_InsertDevice
comment connecter mes aides auditives à mon téléphone ?,Help_Pairing
comment puis-je obtenir de meilleurs scores de bien-être ?,Help_ThriveScore
où sont les acouphènes dans l’application ?,Help_Tinnitus
traduire l'aide,Help_Translate
comment puis-je modifier le volume d'une seule aide ?,Help_Volume
Quoi de neuf?,Help_WhatsNew
où est le contrôle bi-cros ?,Help_WiCROS
peux-tu me définir des rappels,reminders.add
tant que tu entends le bruit,Default Fallback Intent
comment puis-je accéder à mes programmes d’aides auditives ?,Help_ChangingMemories
comment puis-je obtenir plus d’informations sur le score d’activité ?,Help_ThriveScore
traduire le guide de l'utilisateur,Help_Translate
icône de microphone,Help_VoiceAssistant
comment puis-je changer le volume d'un seul côté ?,Help_Volume
qu'y a-t-il de différent dans l'engagement ?,Help_WhatsNew
comment puis-je personnaliser mes bonnes aides auditives ?,Help_Customize
comment retirer la bonne aide auditive ?,Help_InsertDevice
Mon professionnel peut-il régler l'aide auditive à distance ?,Help_RemoteProgramming
comment puis-je obtenir plus d'informations sur le score corporel ?,Help_ThriveScore
où puis-je trouver les acouphènes dans l'application ?,Help_Tinnitus
que fait la traduction,Help_Translate
comment puis-je modifier le volume sonore de l'aide appropriée ?,Help_Volume
qu'y a-t-il de différent dans le genre ?,Help_WhatsNew
où est la fonction de balance croisée ?,Help_WiCROS
peux-tu établir un rappel pour moi,reminders.add
montre-moi où est mon iphone,Cmd.FindMyPhone
faire du bruit,Cmd.VolumeMute
comment puis-je vérifier quels accessoires j'ai connectés à mes aides auditives ?,Help_Accessories
comment arrêter un message d'alerte de chute ?,Help_FallAlert
comment puis-je obtenir plus d'informations sur le score cérébral ?,Help_ThriveScore
Que se passe-t-il si la langue que je souhaite traduire n'est pas répertoriée ?,Help_Translate
comment puis-je changer le volume de mon aide auditive ?,Help_Volume
pourrais-tu me rappeler,reminders.add
baisser le volume de mon aide auditive gauche,Cmd.VolumeDecrease
je ne trouve pas mon autre aide,Help_FindMyHearingAids
comment puis-je obtenir plus d'informations sur le score d'engagement ?,Help_ThriveScore
qu'est-ce que prospérer traduire,Help_Translate
crée un rappel pour moi,reminders.add
téléphone manquant,Cmd.FindMyPhone
comment puis-je changer les mémoires de mes aides auditives ?,Help_ChangingMemories
que fait cette voix intelligente ?,Help_IntelliVoice
comment supprimer les aides auditives du téléphone ?,Help_Pairing
comment obtenir plus d’informations sur le score ipro ?,Help_ThriveScore
qu'est-ce que traduire,Help_Translate
créer un rappel,reminders.add
meilleur iphone,Default Fallback Intent
comment puis-je obtenir plus d'informations sur le score aimable ?,Help_ThriveScore
Quelles langues la fonction de traduction peut-elle utiliser ?,Help_Translate
qu'est-ce que le démarrage rapide,Help_WhatsNew
L'audioprothésiste peut-il régler mes aides auditives à distance ?,Help_RemoteProgramming
il y a un problème avec mon aide auditive gauche,Help_SelfCheck
comment puis-je obtenir plus d'informations sur score Thrive ?,Help_ThriveScore
quelles langues de traduction sont disponibles ?,Help_Translate
commencer,Help_WhatsNew
n'oublie pas de me le rappeler,reminders.add
monte mon aide auditive gauche,Cmd.VolumeIncrease
comment puis-je obtenir plus d’informations sur le score de bien-être ?,Help_ThriveScore
où puis-je trouver la fonction de traduction,Help_Translate
comment changer le volume sur une seule aide ?,Help_Volume
baisser mon appareil auditif,Cmd.VolumeDecrease
comment modifier les paramètres automatiques ?,Help_DeviceSettings
qu'est-ce que je peux entendre quand je suis tombé ?,Help_FallAlert
mon aide auditive droite ne tourne pas,Help_SelfCheck
comment puis-je améliorer mon score d'activité ?,Help_ThriveScore
où puis-je trouver la fonction de traduction ?,Help_Translate
ne me laisse pas oublier de prendre mes médicaments,reminders.add
où téléphone,Cmd.FindMyPhone
baisser le volume de mon aide auditive,Cmd.VolumeDecrease
la fonction de double tapotement est trop sensible. comment régler la sensibilité ?,Help_DeviceSettings
je ne me souviens plus où se trouve mon aide auditive droite,Help_FindMyHearingAids
Comment savoir si mes aides auditives sont connectées à mon application Thrive ?,Help_Pairing
pourquoi mon aide auditive n'est-elle pas sur mon oreille droite,Help_SelfCheck
comment puis-je améliorer mon score corporel ?,Help_ThriveScore
où est la fonction de traduction ?,Help_Translate
baisser mes aides auditives,Cmd.VolumeDecrease
comment puis-je désactiver la sensibilité du double tapotement ?,Help_DeviceSettings
l'aide auditive ne fonctionne pas,Help_SelfCheck
comment puis-je améliorer mon score cérébral ?,Help_ThriveScore
Comment régler mon masque d'acouphènes sur mes aides auditives ?,Help_Tinnitus
où est traduire,Help_Translate
j'ai besoin d'un rappel,reminders.add
comment supprimer mon accessoire ?,Help_Accessories
la fonction de double tapotement est trop sensible. puis-je régler la sensibilité ?,Help_DeviceSettings
l'aide auditive ne charge pas,Help_SelfCheck
comment puis-je améliorer mon score d'engagement ?,Help_ThriveScore
où est la fonction de traduction ?,Help_Translate
où est mon androïde,Cmd.FindMyPhone
monte le son,Cmd.VolumeIncrease
comment supprimer mon micro distant ?,Help_Accessories
aide avec l'amélioration de la parole DNN,Help_IntelliVoice
puis-je créer ma propre mémoire personnalisée ?,Help_MemoryOptions
dépanner mes aides auditives,Help_SelfCheck
comment puis-je améliorer mon score ipro ?,Help_ThriveScore
aide avec les réglages du bruit blanc sur mon aide auditive,Help_Tinnitus
où est la fonction de traduction ?,Help_Translate
j'ai besoin d'un ensemble de rappels,reminders.add
comment puis-je accéder à l'amélioration de la parole DNN ?,Help_IntelliVoice
peux-tu réparer mes écouteurs,Help_SelfCheck
comment puis-je améliorer mon score aimable ?,Help_ThriveScore
augmente le volume de mon aide auditive gauche,Cmd.VolumeIncrease
pourquoi mon oreille droite continue-t-elle de se couper,Help_SelfCheck
comment puis-je améliorer mon score Thrive ?,Help_ThriveScore
je dois ajouter un rappel,reminders.add
comment puis-je obtenir l'aide auditive gauche ?,Help_SelfCheck
comment puis-je améliorer mon score de bien-être ?,Help_ThriveScore
comment puis-je diminuer le volume de mon aide auditive ?,Help_Volume
je dois planifier un rappel,reminders.add
peux-tu te souvenir d'elle,Default Fallback Intent
quel est le problème avec mon aide auditive gauche,Help_SelfCheck
comment puis-je augmenter mon score d'activité ?,Help_ThriveScore
comment puis-je diminuer le volume de l'aide auditive ?,Help_Volume
je dois configurer un rappel,reminders.add
"pouvez-vous être sûr que vous devez consulter News Max TV, la chaîne d'information à la croissance la plus rapide en Amérique ?",Default Fallback Intent
comment personnaliser les mémoires de mes aides auditives ?,Help_MemoryOptions
quel est le problème avec mon aide auditive droite,Help_SelfCheck
comment puis-je augmenter mon score corporel ?,Help_ThriveScore
comment puis-je régler l'intensité du bruit blanc dans les aides auditives ?,Help_Tinnitus
j'ai besoin que tu me rappelles,reminders.add
comment personnaliser les souvenirs de mes aides auditives ?,Help_MemoryOptions
comment accepter les ajustements effectués par l'audiologiste ?,Help_RemoteProgramming
quel est le problème avec mon aide auditive,Help_SelfCheck
comment puis-je augmenter mon score cérébral ?,Help_ThriveScore
comment ajuster mon masque d'acouphènes sur mes aides auditives ?,Help_Tinnitus
j'ai besoin que tu me rappelles quelque chose,reminders.add
encaissement de chèque,Default Fallback Intent
comment puis-je diffuser mes aides auditives en streaming,Help_Accessories
comment créer un souvenir personnalisé ?,Help_MemoryOptions
quel est le problème avec mon aide auditive droite,Help_SelfCheck
comment puis-je augmenter mon score d'engagement ?,Help_ThriveScore
j'ai besoin que tu me mettes un rappel,reminders.add
quand puis-je lancer une alerte manuelle ?,Help_FallAlert
quel est le problème avec mon aide auditive près de chez moi ?,Help_SelfCheck
comment augmenter mon score ipro ?,Help_ThriveScore
je veux un rappel,reminders.add
comment puis-je faire diffuser mon aide auditive gauche,Help_Accessories
je ne me souviens plus où se trouve mon aide auditive droite,Help_FindMyHearingAids
je n'entends pas avec mon aide auditive droite,Help_SelfCheck
comment puis-je augmenter mon score de type ?,Help_ThriveScore
je veux ajouter un rappel,reminders.add
quand puis-je envoyer une alerte manuelle ?,Help_FallAlert
j'ai besoin d'aide pour associer mon aide auditive,Help_Pairing
comment puis-je augmenter mon score Thrive ?,Help_ThriveScore
je veux faire un rappel,reminders.add
quand puis-je annuler un message d'alerte de chute ?,Help_FallAlert
j'ai perdu mes aides auditives,Help_FindMyHearingAids
comment puis-je demander à mon audiologiste de nouveaux réglages pour mes aides auditives ?,Help_RemoteProgramming
comment puis-je augmenter mon score de bien-être ?,Help_ThriveScore
comment puis-je augmenter le volume uniquement sur le côté gauche ?,Help_Volume
je veux que tu me rappelles quelque chose,reminders.add
j'ai perdu mes aides auditives. pouvez-vous m'aider à les trouver ?,Help_FindMyHearingAids
peut supprimer une mémoire,Help_MemoryOptions
comment calcule-t-on le score ipro ?,Help_ThriveScore
aide avec le réglage du son des acouphènes sur mon aide auditive,Help_Tinnitus
je voudrais un rappel,reminders.add
comment puis-je passer à une mémoire différente sur l'aide ?,Help_ChangingMemories
quand puis-je annuler un message d'alerte ?,Help_FallAlert
qu'est-ce que l'amélioration de la parole DNN,Help_IntelliVoice
j'ai besoin d'aide pour appairer mes aides auditives au téléphone,Help_Pairing
comment calculez-vous le score du genre ?,Help_ThriveScore
Comment puis-je régler le niveau sonore du stimulus acouphène sur mes aides auditives ?,Help_Tinnitus
je voudrais ajouter un rappel,reminders.add
j'ai perdu mes appareils auditifs,Help_FindMyHearingAids
comment calculez-vous le score Thrive ?,Help_ThriveScore
je voudrais définir un rappel,reminders.add
comment changer les sonneries de mes aides auditives ?,Help_DeviceSettings
quand puis-je annuler une alerte ?,Help_FallAlert
comment calcule-t-on le score de bien-être ?,Help_ThriveScore
je voudrais configurer un rappel,reminders.add
comment puis-je commencer à diffuser à partir de mes accessoires ?,Help_Accessories
j'ai perdu mon appareil auditif gauche,Help_FindMyHearingAids
comment fonctionne le score d’activité ?,Help_ThriveScore
aide avec les ajustements des stimuli sonores dans mes aides auditives,Help_Tinnitus
j'aimerais définir un rappel,reminders.add
"papa doit trouver le même stock maintenant, on pourrait y être avec une valise dans le garage",Default Fallback Intent
comment puis-je changer le bouton du robinet ?,Help_DeviceSettings
comment fonctionne le score corporel ?,Help_ThriveScore
comment puis-je le rendre plus fort ?,Help_Volume
faire un nouveau rappel,reminders.add
son maximum,Cmd.VolumeIncrease
comment fonctionne le score cérébral ?,Help_ThriveScore
comment puis-je le rendre plus silencieux ?,Help_Volume
comment fonctionne le score d’engagement ?,Help_ThriveScore
comment rendre mes aides auditives plus silencieuses ?,Help_Volume
fais-moi un rappel,reminders.add
comment puis-je demander un réglage fin de nouveaux paramètres ?,Help_RemoteProgramming
comment fonctionne le score ipro ?,Help_ThriveScore
comment rendre mon aide auditive plus douce,Help_Volume
faire un autre rappel,reminders.add
défaut,Default Fallback Intent
quand dois-je lancer un texte d’alerte manuelle ?,Help_FallAlert
j'ai besoin d'aide pour appairer les aides auditives,Help_Pairing
comment fonctionne le score aimable ?,Help_ThriveScore
comment rendre mon aide auditive plus douce ?,Help_Volume
fais-moi un rappel,reminders.add
différents types de besoins,Default Fallback Intent
j'ai égaré mon aide auditive gauche,Help_FindMyHearingAids
à quoi sert la voix ai,Help_IntelliVoice
je dois connecter mes aides auditives à mon téléphone,Help_Pairing
comment fonctionne le score Thrive ?,Help_ThriveScore
aide avec les ajustements du stimulus des acouphènes sur mon aide auditive,Help_Tinnitus
comment rendre l'aide plus douce ?,Help_Volume
faire un rappel,reminders.add
comment changer le volume du micro pendant le streaming ?,Help_Accessories
comment puis-je passer à un autre programme sur l'aide auditive ?,Help_ChangingMemories
comment configurer le streaming audio ?,Help_DeviceSettings
comment fonctionne le score de bien-être ?,Help_ThriveScore
comment rendre les aides plus silencieuses ?,Help_Volume
besoin de définir un rappel,reminders.add
comment changer mon mini micro déporté ?,Help_Accessories
comment est calculé le score d’activité ?,Help_ThriveScore
aide aux réglages du volume des acouphènes,Help_Tinnitus
comment puis-je augmenter le volume des aides auditives ?,Help_Volume
nouveau rappel,reminders.add
comment changer mon micro de table ?,Help_Accessories
comment puis-je passer à une autre mémoire sur mon aide auditive ?,Help_ChangingMemories
comment est calculé le score corporel ?,Help_ThriveScore
comment rendre les aides auditives plus douces ?,Help_Volume
ai-je atteint mon objectif d'exercice ?,Cmd.ActivityExercise
comment régler mon mini micro déporté ?,Help_Accessories
comment est calculé le score cérébral ?,Help_ThriveScore
depuis combien de temps je fais de l'exercice ?,Cmd.ActivityExercise
comment activer les paramètres par défaut des aides auditives,Default Fallback Intent
comment régler mon micro de table ?,Help_Accessories
quand dois-je envoyer un message texte d’alerte manuelle ?,Help_FallAlert
comment est calculé le score d’engagement ?,Help_ThriveScore
nouveau rappel mangez une pomme tous les jours à 9 heures du matin,reminders.add
combien de temps dois-je encore faire de l'exercice aujourd'hui ?,Cmd.ActivityExercise
comment puis-je passer à une autre mémoire sur mes aides auditives ?,Help_ChangingMemories
localiser mes aides auditives,Help_FindMyHearingAids
comment est calculé le score ipro ?,Help_ThriveScore
nouveau rappel pour chaque jour,reminders.add
montre-moi mon objectif d'exercice ?,Cmd.ActivityExercise
comment puis-je passer à une autre mémoire sur l'aide ?,Help_ChangingMemories
comment est calculé le score de type ?,Help_ThriveScore
comment puis-je couper le volume ?,Help_Volume
nouveau rappel s'il vous plaît,reminders.add
comment puis-je soumettre une autre demande d'aide ?,Help_RemoteProgramming
comment est calculé le score Thrive ?,Help_ThriveScore
veuillez ajouter un rappel,reminders.add
comment est calculé le score de bien-être ?,Help_ThriveScore
comment puis-je passer à un autre programme de mon aide auditive ?,Help_ChangingMemories
informations sur le score d'activité,Help_ThriveScore
aide avec les ajustements du stimulus des acouphènes dans mon aide auditive,Help_Tinnitus
"s'il te plaît, rappelle-moi de",reminders.add
mon aide auditive est-elle connectée à l'application ?,Help_Pairing
informations sur le score corporel,Help_ThriveScore
combien de minutes ai-je travaillé ?,Cmd.ActivityExercise
informations sur le score cérébral,Help_ThriveScore
veuillez définir un rappel,reminders.add
mon aide auditive est-elle connectée ?,Help_Pairing
informations sur le score d’engagement,Help_ThriveScore
mettre un rappel,reminders.add
informations sur le score ipro,Help_ThriveScore
comment réinitialiser le volume des aides auditives ?,Help_Volume
comment configurer la mémoire automatique de la voiture,Default Fallback Intent
informations sur le score aimable,Help_ThriveScore
informations sur le score Thrive,Help_ThriveScore
comment puis-je augmenter le volume de la télévision ?,Help_Accessories
comment puis-je passer à un autre programme sur les aides auditives ?,Help_ChangingMemories
comment saurai-je quand mon audiologiste a ajusté les aides ?,Help_RemoteProgramming
informations sur le score de bien-être,Help_ThriveScore
afficher le guide d'aide pour ipro,Help_ThriveScore
Comment saurai-je quand mon audioprothésiste a ajusté mon aide auditive ?,Help_RemoteProgramming
afficher le guide d'aide pour le type,Help_ThriveScore
aide avec les réglages du bruit blanc sur mes aides auditives,Help_Tinnitus
y a-t-il un bouton pour la mémoire,Help_ChangingMemories
afficher le guide d'aide pour Thrive,Help_ThriveScore
aides à l'appariement,Help_Pairing
afficher le guide d'aide pour le bien-être,Help_ThriveScore
n'oubliez pas d'éteindre mon téléphone tous les jours à 23h.,reminders.add
que signifie le score d’activité ?,Help_ThriveScore
où puis-je arrêter une alerte de chute ?,Help_FallAlert
que signifie score corporel ?,Help_ThriveScore
où ai-je laissé mon autre aide auditive ?,Help_FindMyHearingAids
que signifie score cérébral ?,Help_ThriveScore
pensez à prendre de la vitamine D à 19h. tous les jours,reminders.add
où est le réglage du masque pour mes aides auditives Livio,Default Fallback Intent
que signifie le score d’engagement ?,Help_ThriveScore
où est le réglage du masque sur mes aides auditives,Default Fallback Intent
Que signifie le score ipro ?,Help_ThriveScore
je veux activer le bon boost de flux,Default Fallback Intent
coupler des appareils auditifs avec l'application Thrive,Help_Pairing
que signifie un score aimable ?,Help_ThriveScore
que signifie le score d'activité ?,Help_ThriveScore
programme nettoyé iboost,Default Fallback Intent
appairer des aides auditives avec mon application,Help_Pairing
comment saurai-je quand mon professionnel a ajusté mes aides auditives ?,Help_RemoteProgramming
que signifie le score corporel ?,Help_ThriveScore
n'oubliez pas de laver la voiture,reminders.add
réinitialiser les aides auditives,Default Fallback Intent
comment utiliser mes aides auditives avec un accessoire ?,Help_Accessories
où puis-je annuler un SMS d'alerte d'automne ?,Help_FallAlert
que signifie le score cérébral ?,Help_ThriveScore
comment puis-je ouvrir le journal de données,Default Fallback Intent
où ai-je mis mes aides auditives ?,Help_FindMyHearingAids
appairer mes aides auditives au téléphone,Help_Pairing
que signifie le score d’engagement ?,Help_ThriveScore
comment utiliser streamboost,Default Fallback Intent
comment saurai-je quand l’audiologiste a ajusté mes aides auditives ?,Help_RemoteProgramming
que signifie score Thrive ?,Help_ThriveScore
qu'est-ce que Streamboost,Default Fallback Intent
associer mes aides auditives à l'application Thrive,Help_Pairing
Que signifie le score de bien-être ?,Help_ThriveScore
paramètres de l'appareil auditif,Default Fallback Intent
pourquoi ne puis-je pas obtenir 200 points avec le score ipro ?,Help_ThriveScore
j'ai besoin d'aide pour le streaming.,Help_Accessories
appairer mes aides auditives avec mon application,Help_Pairing
pourquoi ne puis-je pas obtenir 200 points avec le score aimable ?,Help_ThriveScore
aide avec les ajustements du masque d'acouphènes à mon aide auditive,Help_Tinnitus
rappelez-vous de courir tous les jours à 6 heures du matin.,reminders.add
aide pour le streaming,Help_Accessories
pourquoi ne puis-je pas obtenir 200 points avec le score Thrive ?,Help_ThriveScore
ai-je atteint mon objectif de stand ?,Cmd.ActivityStand
est-ce que j'ai Charleston,Default Fallback Intent
pourquoi ne puis-je pas obtenir 200 points avec le score de bien-être ?,Help_ThriveScore
combien de temps dois-je rester debout ?,Cmd.ActivityStand
aider à diffuser,Help_Accessories
comment connecter mes aides auditives,Help_Pairing
depuis combien de temps suis-je debout ?,Cmd.ActivityStand
depuis combien de temps suis-je debout ?,Cmd.ActivityStand
aide pour le streaming,Help_Accessories
appairer mon aide auditive gauche,Help_Pairing
comment saurai-je quand le professionnel a ajusté l’aide auditive ?,Help_RemoteProgramming
comment puis-je augmenter le volume de mes aides auditives ?,Help_Volume
puis-je voir mon objectif de stand ?,Cmd.ActivityStand
comment puis-je ajuster mon masque d'acouphènes dans mes aides auditives ?,Help_Tinnitus
dois-je rester debout plus longtemps pour atteindre mon objectif ?,Cmd.ActivityStand
est-ce que je suis resté debout une heure ?,Cmd.ActivityStand
rappelle-moi à,reminders.add
combien de temps suis-je resté debout ce mois-ci ?,Cmd.ActivityStand
combien de temps suis-je resté debout cette semaine ?,Cmd.ActivityStand
combien de temps dois-je rester debout ?,Cmd.ActivityStand
aide à ajuster les paramètres des acouphènes,Help_Tinnitus
montre-moi combien de temps je suis resté debout ?,Cmd.ActivityStand
où est la programmation à distance,Help_RemoteProgramming
montre-moi mon objectif de stand ?,Cmd.ActivityStand
pourquoi ne puis-je pas soumettre une autre demande d'aide ?,Help_RemoteProgramming
rappelle-moi tous les jours sauf le dimanche,reminders.add
montre-moi mon objectif permanent ?,Cmd.ActivityStand
descends vers le sud,Default Fallback Intent
rappelle-moi tous les jours,reminders.add
montre-moi mon historique ?,Cmd.ActivityStand
le volume de mes aides auditives est-il correctement réglé ?,Help_Volume
rappelle-moi tous les jours de lire un livre à 18 heures.,reminders.add
rester objectif ?,Cmd.ActivityStand
"donne-moi tellement, je ne sais pas, c'est un autre problème",Default Fallback Intent
comment augmenter le volume,Help_Volume
dites-moi quel est mon objectif de stand ?,Cmd.ActivityStand
comment diminuer le volume,Help_Volume
puis-je voir mon objectif de pas ?,Cmd.ActivityStep
rappelle-moi du lundi au mercredi,reminders.add
comment puis-je régler l'intensité du bruit des acouphènes avec l'aide appropriée ?,Help_Tinnitus
ai-je marché une heure ?,Cmd.ActivityWalk
entendez-le alors qu’ils doivent partir.,Default Fallback Intent
qu'est-ce que le Bluetooth,Help_Pairing
le bluetooth ne fonctionne pas,Help_Pairing
Bluetooth,Help_Pairing
lien vers mon appareil auditif,Help_Pairing
combien de minutes ai-je marché,Cmd.ActivityWalk
comment puis-je lier deux,Help_Pairing
rappelle-moi mon rendez-vous chez le médecin,reminders.add
de combien d’étapes ai-je besoin aujourd’hui ?,Cmd.ActivityStep
ici à ce sujet,Default Fallback Intent
activer le Bluetooth,Help_Pairing
rappelle-moi la vidéo tous les jours à midi,reminders.add
combien d'étapes encore pour atteindre mon objectif ?,Cmd.ActivityStep
me connecter à mon téléphone,Help_Pairing
rappelle-moi,reminders.add
mon iphone ne reconnaît pas mes aides auditives gauche,Help_Pairing
combien de pas ai-je fait ce mois-ci ?,Cmd.ActivityStep
rappelle-moi en semaine,reminders.add
combien de pas ai-je fait cette semaine ?,Cmd.ActivityStep
combien de pas ai-je fait aujourd'hui ?,Cmd.ActivityStep
combien de pas ai-je fait,Cmd.ActivityStep
rappelle-moi la veille,reminders.add
combien de temps dois-je marcher ?,Cmd.ActivityWalk
rappelle-moi de,reminders.add
comment puis-je changer,Default Fallback Intent
montre-moi mon nombre de pas ?,Cmd.ActivityStep
montre-moi mon objectif de pas ?,Cmd.ActivityStep
comment puis-je descendre les cls,Default Fallback Intent
rappelle-moi d'appeler quelqu'un tous les jours à 16 heures.,reminders.add
rappelle-moi de recharger mon téléphone tous les jours à 23h00.,reminders.add
objectif d'étape ?,Cmd.ActivityStep
comment puis-je m'en sortir,Default Fallback Intent
mesures prises ?,Cmd.ActivityStep
comment puis-je faire tomber les chiffres,Default Fallback Intent
dis-moi quel est mon nombre de pas ?,Cmd.ActivityStep
dis-moi quel est mon objectif de pas ?,Cmd.ActivityStep
quel est mon nombre de pas pour le mois ?,Cmd.ActivityStep
quel est mon nombre de pas pour la semaine ?,Cmd.ActivityStep
quel est mon nombre de pas ?,Cmd.ActivityStep
quel est mon objectif de pas ?,Cmd.ActivityStep
quel pourcentage de mon objectif de pas ai-je réalisé aujourd'hui ?,Cmd.ActivityStep
comment puis-je empêcher mon téléphone de sonner dans mon,Default Fallback Intent
comment puis-je me tourner,Default Fallback Intent
rappelle-moi de prendre des médicaments dans 2 minutes,reminders.add
rappelle-moi de prendre des médicaments dans 3 minutes,reminders.add
rappelle-moi de prendre des médicaments dans 5 minutes,reminders.add
rappelle-moi de prendre des médicaments aujourd'hui dans une minute,reminders.add
rappelle-moi de prendre mes médicaments dans 1 minute,reminders.add
rappelle-moi de prendre mes médicaments aujourd'hui dans une minute,reminders.add
rappelle-moi d'éteindre mon téléphone tous les jours à 23h.,reminders.add
rappelle-moi de prendre de la vitamine D à 19h. tous les jours,reminders.add
je ne peux pas l'entendre donc c'est bien,Default Fallback Intent
"je ne t'entends pas, mon aide auditive gauche n'apparaît pas sur mon",Default Fallback Intent
rappelle-moi de porter du vert à st. le jour de Patrick,reminders.add
je sais que la Nouvelle-Orléans le ramène,Default Fallback Intent
rappelle-nous,reminders.add
"rappel pour 16h15 aujourd'hui, rends visite à grand-mère s'il te plaît",reminders.add
rappel pour moi,reminders.add
rappelle-moi chaque année d'aller chez le médecin à 8 heures du matin.,reminders.add
rappelle-moi de prendre des médicaments dans 2 minutes,reminders.add
ensemble de rappels,reminders.add
rappel de jouer avec mon chat tous les jours ouvrables à 19h,reminders.add
planifier un rappel,reminders.add
rappel d'horaire,reminders.add
planifier des rappels,reminders.add
envoie-moi un rappel,reminders.add
définir un nouveau rappel,reminders.add
définir un rappel pour,reminders.add
je dis juste que je suis désolé d'être parti pour la finale alors que je pensais avoir fermé,Default Fallback Intent
fixez-moi un rappel s'il vous plaît,reminders.add
définissez un rappel s'il vous plaît,reminders.add
insérez le soleil pour,Default Fallback Intent
iPhone,Default Fallback Intent
définir mes rappels,reminders.add
définir un nouveau rappel,reminders.add
définir un rappel,reminders.add
"définissez un rappel sur la promenade du chien, répétez-le tous les jours à 9 heures du matin.",reminders.add
définir un rappel d'achat de lait tous les lundis et mercredis à 17 heures.,reminders.add
il est responsable de l'armurerie,Default Fallback Intent
c'est moins le putain de truc,Default Fallback Intent
"définir un rappel pour 7h00 demain, yoga",reminders.add
j-lo et a-rod,Default Fallback Intent
définir un rappel pour chaque jour,reminders.add
définir un rappel pour moi,reminders.add
définir un rappel définir un rappel,reminders.add
définir le rappel,reminders.add
configurer un rappel,reminders.add
configurer des rappels,reminders.add
configurer un rappel,reminders.add
petit. s'il te plaît. rappelez-moi de,Default Fallback Intent
rappel de configuration,reminders.add
emplacement,Default Fallback Intent
Veux-tu me mettre un rappel,reminders.add
"oui, s'il te plaît, rappelle-moi",reminders.add
prendre rendez-vous demain,reminders.add
fixer un rendez-vous chez le médecin pour demain à 10h,reminders.add
hamburger maximum,Default Fallback Intent
régler une alarme pour le rendez-vous chez le médecin demain matin,reminders.add
mes aides auditives,Default Fallback Intent
mes aides auditives gauches,Default Fallback Intent
mon téléphone mon,Default Fallback Intent
ouvrez la carte Google.,Default Fallback Intent
jouer au festival,Default Fallback Intent
joue aux tibias Kennedy.,Default Fallback Intent
presque chaque année,Default Fallback Intent
le mariage de Progeria Ganchos il y a plusieurs années,Default Fallback Intent
descendez ici dans la question d'Alice,Default Fallback Intent
pluie. l'application moi,Default Fallback Intent
options de numérisation,Default Fallback Intent
seto,Default Fallback Intent
elle n'a pas de contrôle cutané,Default Fallback Intent
elle continue de me parler,Default Fallback Intent
puisque ma lettre doit être mise à jour,Default Fallback Intent
Siri s'est allumé sur mes aides auditives et je l'éteignais,Default Fallback Intent
désolé pas de problème,Default Fallback Intent
prendre,Default Fallback Intent
emmène-moi chez Amazon,Default Fallback Intent
ça marche pour le changer,Default Fallback Intent
il y a un ! sur mon aide auditive droite,Default Fallback Intent
"cela prend 10 minutes, puis nous pouvons le mettre dans le récipient.",Default Fallback Intent
Jeudi,Default Fallback Intent
"le bureau de Tony, moi-même en Inde.",Default Fallback Intent
trop de choses là-bas,Default Fallback Intent
nous attendons une mise à jour,Default Fallback Intent
que fait le bouton sur lequel je viens d'appuyer,Default Fallback Intent
quelle est la plus haute montagne de Nouvelle-Zélande,Default Fallback Intent
lorsque j'utilise mon iphone,Default Fallback Intent
où est,Default Fallback Intent
où est mon fils,Default Fallback Intent
où est la vidange d'huile la plus proche,Default Fallback Intent
"tu ne peux pas le garder, ok, rappelle-moi ta gentillesse",Default Fallback Intent
ça a l'air trop fort,Cmd.VolumeDecrease
ça a l'air trop fort,Cmd.VolumeDecrease
ça a l'air trop fort,Cmd.VolumeDecrease
c'est bruyant ici,Cmd.VolumeDecrease
c'est trop fort,Cmd.VolumeDecrease
c'est bruyant,Cmd.VolumeDecrease
trop fort,Cmd.VolumeDecrease
c'est bas,Cmd.VolumeDecrease
c'est une louange ici,Cmd.VolumeDecrease
c'est trop fort,Cmd.VolumeDecrease
c'est trop fort,Cmd.VolumeDecrease
changer de mémoire,Cmd.MemoryChange
changer de mémoire,Cmd.MemoryChange
changer ma mémoire,Cmd.MemoryChange
changer ma mémoire,Cmd.MemoryChange
changer la mémoire,Cmd.MemoryChange
changer de programme,Cmd.MemoryChange
changer de programme,Cmd.MemoryChange
changer mon programme,Cmd.MemoryChange
changer de programme d'aide auditive,Cmd.MemoryChange
changer la mémoire de mon aide auditive,Cmd.MemoryChange
sélectionner une autre mémoire,Cmd.MemoryChange
choisis un souvenir,Cmd.MemoryChange
je veux changer de mémoire,Cmd.MemoryChange
je veux changer de mémoire,Cmd.MemoryChange
peux-tu changer la mémoire,Cmd.MemoryChange
commencer une course,Cmd.ActivityRun
aller courir,Cmd.ActivityRun
commencer à courir,Cmd.ActivityRun
commencer une course,Cmd.ActivityRun
enregistrer une course,Cmd.ActivityRun
suivre ma course,Cmd.ActivityRun
je veux aller courir,Cmd.ActivityRun
montrer mon activité de course à pied,Cmd.ActivityRun
activité de course à pied,Cmd.ActivityRun
faire une promenade,Cmd.ActivityWalk
commencer une promenade,Cmd.ActivityWalk
commence à marcher,Cmd.ActivityWalk
enregistrer une promenade,Cmd.ActivityWalk
suivre ma marche,Cmd.ActivityWalk
commencer une promenade,Cmd.ActivityWalk
je veux aller me promener,Cmd.ActivityWalk
montrer mon activité de marche,Cmd.ActivityWalk
activité de marche,Cmd.ActivityWalk
ne me laisse pas oublier,reminders.add
ne me laisse pas oublier d'appeler grand-mère,reminders.add
ne me laisse pas oublier de prendre mes médicaments demain matin,reminders.add
ne me laisse pas oublier d'arroser les fleurs à 7 heures du matin,reminders.add
ne me laisse pas oublier d'appeler le médecin à 15 heures,reminders.add
ne me laisse pas oublier de faire les courses ce soir,reminders.add
ne me laisse pas oublier de payer le loyer demain,reminders.add
ne me laisse pas oublier mon rendez-vous demain à 10h,reminders.add
assurez-vous de ne pas oublier de prendre mes pilules à 8 heures du matin,reminders.add
aide-moi à penser à appeler grand-mère ce soir,reminders.add
aide-moi à me rappeler de prendre mes médicaments à 9 heures du matin,reminders.add
je dois penser à arroser les plantes demain,reminders.add
envoyer un message,Cmd.SendMessage
envoyer un message,Cmd.SendMessage
envoyer un message vocal,Cmd.SendMessage
envoyer un message vocal,Cmd.SendMessage
envoyer un message audio,Cmd.SendMessage
envoyer un message Push-To-Talk,Cmd.SendMessage
pousser pour parler,Cmd.SendMessage
rédiger un message,Cmd.SendMessage
rédiger un message,Cmd.SendMessage
enregistrer un message,Cmd.SendMessage
enregistrer un message,Cmd.SendMessage
laisser un message,Cmd.SendMessage
laisser un message vocal,Cmd.SendMessage
peux-tu envoyer un message,Cmd.SendMessage
peux-tu envoyer un message,Cmd.SendMessage
pourrais-tu envoyer un message,Cmd.SendMessage
s'il te plaît envoie un message,Cmd.SendMessage
peux-tu s'il te plaît envoyer un message,Cmd.SendMessage
je veux envoyer un message,Cmd.SendMessage
je veux envoyer un message vocal,Cmd.SendMessage
je dois envoyer un message,Cmd.SendMessage
je dois envoyer un message vocal,Cmd.SendMessage
je voudrais envoyer un message,Cmd.SendMessage
j'aimerais envoyer un message,Cmd.SendMessage
aide-moi à envoyer un message,Cmd.SendMessage
aide-moi à envoyer un message vocal,Cmd.SendMessage
envoyer un message rapide,Cmd.SendMessage
envoyer un court message,Cmd.SendMessage
envoyer une note vocale,Cmd.SendMessage
envoyer une note,Cmd.SendMessage
déposer un message,Cmd.SendMessage
déposer un message vocal,Cmd.SendMessage
envoyer un message,Cmd.SendMessage
envoyer un message vocal,Cmd.SendMessage
lancer un message,Cmd.SendMessage
cingler quelqu'un,Cmd.SendMessage
envoyer un message à quelqu'un,Cmd.SendMessage
envoyer une note audio,Cmd.SendMessage
"hé, envoie un message",Cmd.SendMessage
ok envoie un message,Cmd.SendMessage
ok envoie un message,Cmd.SendMessage
puis-je envoyer un message,Cmd.SendMessage
laisse-moi envoyer un message,Cmd.SendMessage
laisse-moi envoyer un message vocal,Cmd.SendMessage
démarrer un message,Cmd.SendMessage
commencer un message,Cmd.SendMessage
créer un message,Cmd.SendMessage
faire un message vocal,Cmd.SendMessage
envoie-le,Cmd.SendMessage
envoie-en un,Cmd.SendMessage
envoyer un SMS à quelqu'un,Cmd.SendMessage
envoyer un message vocal à quelqu'un,Cmd.SendMessage
envoyer une note vocale rapide,Cmd.SendMessage
je veux laisser un message,Cmd.SendMessage
je veux enregistrer un message,Cmd.SendMessage
peux-tu m'aider à envoyer un message,Cmd.SendMessage
Voudrais-tu m'envoyer un message,Cmd.SendMessage
merci de rédiger un message,Cmd.SendMessage
veuillez enregistrer un message,Cmd.SendMessage
s'il vous plaît aidez-moi à envoyer un message,Cmd.SendMessage
peux-tu s'il te plaît envoyer un message,Cmd.SendMessage
s'il vous plaît envoyez un message,Cmd.SendMessage
envoyer le message,Cmd.SendMessage
envoyer mon message,Cmd.SendMessage
envoyer un message,Cmd.SendMessage
faire passer un message,Cmd.SendMessage
faire passer un message,Cmd.SendMessage
je veux envoyer un message,Cmd.SendMessage
je dois envoyer un message,Cmd.SendMessage
j'aimerais envoyer un message,Cmd.SendMessage
pourrais-tu envoyer un message vocal,Cmd.SendMessage
pourriez-vous s'il vous plaît envoyer un message,Cmd.SendMessage
pourrais-tu rédiger un message,Cmd.SendMessage
Voudrais-tu envoyer un message,Cmd.SendMessage
pourriez-vous s'il vous plaît envoyer un message,Cmd.SendMessage
s'il te plaît envoie un message,Cmd.SendMessage
s'il vous plaît envoyez un message,Cmd.SendMessage
s'il vous plaît envoyez un message,Cmd.SendMessage
je n'entends pas très bien,Cmd.VolumeIncrease
tout semble trop calme,Cmd.VolumeIncrease
les voix sont difficiles à entendre,Cmd.VolumeIncrease
pouvez-vous rendre les choses plus faciles à entendre ?,Cmd.VolumeIncrease
j'ai du mal à entendre les gens,Cmd.VolumeIncrease
augmenter un peu le son,Cmd.VolumeIncrease
le son semble faible,Cmd.VolumeIncrease
les gens ont l'air trop doux,Cmd.VolumeIncrease
la télé est difficile à entendre,Cmd.VolumeIncrease
fais monter le son,Cmd.VolumeIncrease
rendre le discours plus clair,Cmd.VolumeIncrease
j'entends à peine la conversation,Cmd.VolumeIncrease
fais monter les choses d'un cran,Cmd.VolumeIncrease
le son semble lointain,Cmd.VolumeIncrease
donne-moi un peu plus de son,Cmd.VolumeIncrease
tout le monde marmonne,Cmd.VolumeIncrease
j'ai besoin d'un son plus fort,Cmd.VolumeIncrease
augmenter le niveau d'écoute,Cmd.VolumeIncrease
faire ressortir davantage les voix,Cmd.VolumeIncrease
le son n'est pas assez fort,Cmd.VolumeIncrease
aide-moi à mieux entendre,Cmd.VolumeIncrease
augmente ce que j'entends,Cmd.VolumeIncrease
le discours est trop faible,Cmd.VolumeIncrease
augmenter le son,Cmd.VolumeIncrease
ça semble trop bas,Cmd.VolumeIncrease
ça semble faible,Cmd.VolumeIncrease
le son est trop faible,Cmd.VolumeIncrease
le volume est trop faible,Cmd.VolumeIncrease
le volume semble faible,Cmd.VolumeIncrease
c'est trop calme,Cmd.VolumeIncrease
trop calme,Cmd.VolumeIncrease
ça a l'air trop calme,Cmd.VolumeIncrease
tout est trop mou,Cmd.VolumeIncrease
ça a l'air trop doux,Cmd.VolumeIncrease
le son est trop faible,Cmd.VolumeIncrease
je peux à peine l'entendre,Cmd.VolumeIncrease
je n'entends presque rien,Cmd.VolumeIncrease
c'est à peine audible,Cmd.VolumeIncrease
c'est à peine audible,Cmd.VolumeIncrease
le son est faible,Cmd.VolumeIncrease
ça semble faible,Cmd.VolumeIncrease
le volume semble faible,Cmd.VolumeIncrease
ça me fait mal aux oreilles,Cmd.VolumeDecrease
tout semble trop fort,Cmd.VolumeDecrease
peux-tu adoucir un peu les choses ?,Cmd.VolumeDecrease
le son est écrasant,Cmd.VolumeDecrease
réduire l'intensité,Cmd.VolumeDecrease
ça explose dans mes oreilles,Cmd.VolumeDecrease
les choses semblent trop fortes,Cmd.VolumeDecrease
j'en ai besoin plus calmement,Cmd.VolumeDecrease
baisser le niveau d'écoute,Cmd.VolumeDecrease
la télé est trop forte,Cmd.VolumeDecrease
rappeler le volume,Cmd.VolumeDecrease
atténuez-le,Cmd.VolumeDecrease
le son est agressif,Cmd.VolumeDecrease
c'est inconfortablement bruyant,Cmd.VolumeDecrease
le rendre moins intense,Cmd.VolumeDecrease
le son est perçant,Cmd.VolumeDecrease
baisser le volume,Cmd.VolumeDecrease
j'ai trop de son,Cmd.VolumeDecrease
le discours est trop tranchant,Cmd.VolumeDecrease
réduire le volume,Cmd.VolumeDecrease
c'est écrasant,Cmd.VolumeDecrease
baisse le un peu,Cmd.VolumeDecrease
l'environnement semble dur,Cmd.VolumeDecrease
baisser le volume,Cmd.VolumeDecrease
rendre tout plus silencieux,Cmd.VolumeDecrease
mets-moi en mode restaurant,Cmd.MemoryChange
je suis dans un endroit bruyant,Cmd.MemoryChange
aide-moi à mieux entendre dans cette foule,Cmd.MemoryChange
passe-moi au paramètre pour les conversations,Cmd.MemoryChange
utiliser le profil pour les endroits bruyants,Cmd.MemoryChange
ramène-moi à mon réglage normal,Cmd.MemoryChange
changer le comportement de mes aides auditives,Cmd.MemoryChange
je suis dehors maintenant,Cmd.MemoryChange
changer de programme,Cmd.MemoryChange
changer mon mode d'audition,Cmd.MemoryChange
utiliser une configuration d'écoute différente,Cmd.MemoryChange
activer le paramètre environnement bruyant,Cmd.MemoryChange
je suis entré dans un restaurant,Cmd.MemoryChange
prépare-moi à la conversation,Cmd.MemoryChange
utiliser le profil extérieur,Cmd.MemoryChange
changer la mémoire actuelle,Cmd.MemoryChange
choisissez un meilleur mode pour cet endroit,Cmd.MemoryChange
j'ai besoin d'un autre programme auditif,Cmd.MemoryChange
changer de mode d'écoute,Cmd.MemoryChange
utiliser mon réglage quotidien,Cmd.MemoryChange
revenir en mode normal,Cmd.MemoryChange
mets-moi en mode parole,Cmd.MemoryChange
choisissez un autre souvenir,Cmd.MemoryChange
changer le profil actif,Cmd.MemoryChange
régler les aides auditives différemment,Cmd.MemoryChange
combien de puissance reste-t-il ?,Cmd.BatteryLevel
Est-ce que ça va durer toute la journée ?,Cmd.BatteryLevel
est-ce que ma batterie est faible ?,Cmd.BatteryLevel
combien de charge reste-t-il ?,Cmd.BatteryLevel
dois-je les recharger ?,Cmd.BatteryLevel
mes aides auditives deviennent-elles faibles ?,Cmd.BatteryLevel
comment vont mes batteries ?,Cmd.BatteryLevel
est-ce que je vais passer l'après-midi ?,Cmd.BatteryLevel
vérifier le niveau de la batterie,Cmd.BatteryLevel
quel est mon montant restant ?,Cmd.BatteryLevel
combien de batterie ai-je ?,Cmd.BatteryLevel
sont-ils à court d'énergie ?,Cmd.BatteryLevel
puis-je m'en sortir aujourd'hui ?,Cmd.BatteryLevel
dis-moi l'état de la batterie,Cmd.BatteryLevel
ai-je bientôt besoin d'un chargeur ?,Cmd.BatteryLevel
vérifier la batterie s'il vous plaît,Cmd.BatteryLevel
combien de jus reste-t-il ?,Cmd.BatteryLevel
les batteries sont-elles saines ?,Cmd.BatteryLevel
quel pourcentage reste-t-il ?,Cmd.BatteryLevel
suis-je presque vide ?,Cmd.BatteryLevel
afficher les informations sur la batterie,Cmd.BatteryLevel
Vont-ils survivre à la soirée ?,Cmd.BatteryLevel
des avertissements concernant la batterie ?,Cmd.BatteryLevel
combien d'énergie reste-t-il ?,Cmd.BatteryLevel
vérifier les niveaux de puissance,Cmd.BatteryLevel
j'ai égaré mes aides auditives,Help_FindMyHearingAids
aide-moi à trouver mes appareils auditifs,Help_FindMyHearingAids
je ne sais pas où je les ai laissés,Help_FindMyHearingAids
pouvez-vous localiser mes aides auditives ?,Help_FindMyHearingAids
j'en ai perdu un,Help_FindMyHearingAids
retrouver mes aides auditives,Help_FindMyHearingAids
où ai-je mis mes appareils auditifs ?,Help_FindMyHearingAids
localiser mes aides auditives,Help_FindMyHearingAids
aide-moi à les suivre,Help_FindMyHearingAids
j'ai égaré mes appareils auditifs,Help_FindMyHearingAids
peux-tu les faire sonner ?,Help_FindMyHearingAids
aide-moi à localiser un appareil,Help_FindMyHearingAids
suivre mes appareils auditifs,Help_FindMyHearingAids
trouver l'aide manquante,Help_FindMyHearingAids
je ne me souviens plus où je les ai laissés,Help_FindMyHearingAids
localiser les appareils auditifs,Help_FindMyHearingAids
aide-moi à les récupérer,Help_FindMyHearingAids
montre-moi où ils sont,Help_FindMyHearingAids
trouver mon matériel,Help_FindMyHearingAids
chercher mes aides auditives à proximité,Help_FindMyHearingAids
je dois me souvenir de quelque chose plus tard,reminders.add
peux-tu garder une trace de cela pour moi ?,reminders.add
assurez-vous que je m'en souvienne ce soir,reminders.add
je pourrais utiliser un rappel plus tard,reminders.add
aide-moi à me souvenir de cette soirée,reminders.add
j'ai besoin d'un coup de pouce demain matin,reminders.add
"c'est important, rappelle-moi plus tard",reminders.add
j'ai mis en place quelque chose pour ne pas oublier,reminders.add
rappelle-moi dans un moment,reminders.add
aide-moi à me souvenir d'un rendez-vous,reminders.add
j'ai besoin d'une invite plus tard,reminders.add
prendre note pour plus tard,reminders.add
souviens-toi de ça pour moi,reminders.add
j'ai besoin qu'on me le rappelle,reminders.add
fais-moi un rappel plus tard dans la journée,reminders.add
aide-moi à garder une trace de ça,reminders.add
je ne veux pas oublier ça,reminders.add
définir une alerte pour moi,reminders.add
assurez-vous que je me souvienne de demain,reminders.add
garde ça sur mon radar,reminders.add
rappelle-moi le moment venu,reminders.add
créer un futur rappel,reminders.add
j'ai besoin de dire quelque chose à quelqu'un,Cmd.SendMessage
puis-je laisser un mot à quelqu'un ?,Cmd.SendMessage
aide-moi à contacter un ami,Cmd.SendMessage
je voudrais transmettre un message,Cmd.SendMessage
je veux envoyer une mise à jour,Cmd.SendMessage
laisse-moi enregistrer quelque chose pour quelqu'un,Cmd.SendMessage
j'ai besoin de contacter quelqu'un,Cmd.SendMessage
pouvez-vous m'aider à transmettre un message à quelqu'un ?,Cmd.SendMessage
aide-moi à communiquer avec quelqu'un,Cmd.SendMessage
enregistrer un message pour un ami,Cmd.SendMessage
fais passer ça,Cmd.SendMessage
puis-je contacter quelqu'un ?,Cmd.SendMessage
aide-moi à envoyer des informations,Cmd.SendMessage
je dois avertir quelqu'un,Cmd.SendMessage
laisser un enregistrement,Cmd.SendMessage
envoyer une mise à jour rapide,Cmd.SendMessage
recevoir un message à ma famille,Cmd.SendMessage
je veux joindre quelqu'un,Cmd.SendMessage
laisse-moi laisser un mot,Cmd.SendMessage
transférer un message,Cmd.SendMessage
créer un message vocal,Cmd.SendMessage
aide-moi à envoyer une note,Cmd.SendMessage
enregistrer quelque chose pour une autre personne,Cmd.SendMessage
écouter la télé avec mes aides auditives,Cmd.StreamingStart
envoyer de l'audio directement sur mes appareils auditifs,Cmd.StreamingStart
je veux entendre la télévision dans mon aide auditive-mémoire,Cmd.StreamingStart
acheminer le son vers mes aides auditives,Cmd.StreamingStart
connecter mes aides auditives à la télévision,Cmd.StreamingStart
transmettre l'audio à mes appareils auditifs,Cmd.StreamingStart
laisse-moi écouter avec mes aides auditives,Cmd.StreamingStart
commencer à diffuser de l'audio,Cmd.StreamingStart
se connecter au streamer,Cmd.StreamingStart
lire des médias via mes aides auditives,Cmd.StreamingStart
diffuser l'audio de la télévision,Cmd.StreamingStart
acheminer l'audio vers mes appareils auditifs,Cmd.StreamingStart
utiliser le streaming d'aides auditives,Cmd.StreamingStart
connecte-moi à l'audio de la télévision,Cmd.StreamingStart
démarrer la diffusion audio,Cmd.StreamingStart
envoie le son à mes aides auditives,Cmd.StreamingStart
écouter via mes aides auditives,Cmd.StreamingStart
activer le mode streaming,Cmd.StreamingStart
se connecter au média audio,Cmd.StreamingStart
je veux de l'audio direct,Cmd.StreamingStart
diffuser du son dans mes aides auditives,Cmd.StreamingStart
utiliser le streamer audio,Cmd.StreamingStart
connecter le streaming audio,Cmd.StreamingStart
je ne sais pas quoi faire,Help_Home
peux-tu me guider ?,Help_Home
j'ai besoin d'aide,Help_Home
quelles sont mes options ?,Help_Home
montre-moi comment ça marche,Help_Home
je suis coincé,Help_Home
peux-tu me guider à travers cela ?,Default Fallback Intent
j'ai besoin de conseils,Help_Home
aide-moi à comprendre ça,Help_Home
j'ai besoin d'instructions,Help_Home
que puis-je faire ici ?,Help_Home
montre-moi les commandes disponibles,Help_Home
Comment cela marche-t-il?,Help_Home
aide-moi,Help_Home
je suis confus,Help_Home
apprends-moi à utiliser ça,Help_Home
j'ai besoin de soutien,Help_Home
peux-tu expliquer ?,Help_Home
donne-moi de l'aide,Help_Home
guide-moi à travers le processus,Default Fallback Intent
que dois-je faire ensuite ?,Help_Home
montre-moi les bases,Help_Home
aide-moi à démarrer,Help_Home
j'ai besoin de directions,Help_Home
guide-moi à travers ça,Help_Home
qui est le premier ministre de l'Inde ?,Default Fallback Intent
quel temps fait-il demain ?,Default Fallback Intent
raconte-moi une blague,Default Fallback Intent
quelle est la hauteur du mont Everest ?,Default Fallback Intent
qui a gagné l'IPL ?,Default Fallback Intent
quel est le cours de l'action Apple ?,Default Fallback Intent
quel âge a Tom Cruise ?,Default Fallback Intent
traduire bonjour en français,Default Fallback Intent
quelle est la capitale du japon ?,Default Fallback Intent
écrire un poème,Default Fallback Intent
qui a inventé le téléphone ?,Default Fallback Intent
que vaut le bitcoin ?,Default Fallback Intent
dis-moi des nouvelles d'aujourd'hui,Default Fallback Intent
réserve-moi un vol,Default Fallback Intent
commander une pizza,Default Fallback Intent
quel est le sens de la vie ?,Default Fallback Intent
résoudre ce problème de mathématiques,Default Fallback Intent
qui a gagné la coupe du monde ?,Default Fallback Intent
qu'est-ce que la physique quantique ?,Default Fallback Intent
recommander un film,Default Fallback Intent
que se passe-t-il en politique ?,Default Fallback Intent
apprends-moi l'espagnol,Default Fallback Intent
trouve-moi un hôtel,Default Fallback Intent
comment fonctionnent les fusées ?,Default Fallback Intent
quel est le dernier score de cricket ?,Default Fallback Intent
j'ai besoin d'un peu de calme,Cmd.VolumeDecrease
je veux du calme,Cmd.VolumeDecrease
je veux du silence,Cmd.VolumeDecrease
donne-moi un peu de calme,Cmd.VolumeDecrease
atténue le son,Cmd.VolumeDecrease
atténue le son,Cmd.VolumeDecrease
tuer le son,Cmd.VolumeMute
tuer l'audio,Cmd.VolumeMute
couper complètement le son,Cmd.VolumeMute
mon aide auditive continue de s'arrêter,Help_DeviceSettings
le son continue de tomber,Help_DeviceSettings
mon aide auditive n'arrête pas de se déconnecter,Help_DeviceSettings
tout semble étouffé,Help_DeviceSettings
le son est déformé,Help_DeviceSettings
mon aide auditive semble floue,Help_DeviceSettings
le son crépite à mon aide auditive,Help_DeviceSettings
comment faire des pâtes,Default Fallback Intent
comment faire cuire le riz,Default Fallback Intent
comment faire un gâteau,Default Fallback Intent
donne-moi une recette pour le dîner,Default Fallback Intent
comment réparer ma voiture,Default Fallback Intent
comment puis-je apprendre la guitare,Default Fallback Intent
la télé est allumée mais ce qu'ils disent me manque,Cmd.VolumeIncrease
les gens semblent loin,Cmd.VolumeIncrease
les voix me semblent lointaines,Cmd.VolumeIncrease
je manque toujours des parties de la conversation,Cmd.VolumeIncrease
amplifier un peu le son,Cmd.VolumeIncrease
amplifie les choses pour moi,Cmd.VolumeIncrease
tout semble ennuyeux et plat,Cmd.VolumeIncrease
les gens ont l'air de chuchoter,Cmd.VolumeIncrease
le discours n'est pas clair,Cmd.VolumeIncrease
je dois demander aux gens de se répéter,Cmd.VolumeIncrease
tout le monde doit dire les choses deux fois pour moi,Cmd.VolumeIncrease
les sons ne sont pas assez clairs,Cmd.VolumeIncrease
tout arrive trop chaud,Cmd.VolumeDecrease
réduire le volume,Cmd.VolumeDecrease
je viens d'arriver dans un café bruyant,Cmd.MemoryChange
ajuster mes aides auditives pour cet endroit bruyant,Cmd.MemoryChange
j'ai réglé mes aides auditives pour une fête,Cmd.MemoryChange
charger ma configuration normale,Cmd.MemoryChange
utiliser mon programme habituel,Cmd.MemoryChange
"je pars dehors, changer de programme",Cmd.MemoryChange
quand les piles seront-elles épuisées,Cmd.BatteryLevel
donne-moi une lecture de la batterie,Cmd.BatteryLevel
quel est le niveau de puissance,Cmd.BatteryLevel
faire biper mes aides auditives pour que je puisse les trouver,Help_FindMyHearingAids
afficher le dernier emplacement connu de mes aides auditives,Help_FindMyHearingAids
donne-moi un coup de coude dans une heure,reminders.add
écris ça pour que je m'en souvienne,reminders.add
recevoir un message à ma fille,Cmd.SendMessage
faire savoir quelque chose à ma famille,Cmd.SendMessage
dis à mon fils que j'ai dit bonjour,Cmd.SendMessage
envoyer un mot à mon ami,Cmd.SendMessage
partager des nouvelles avec un contact,Cmd.SendMessage
envoyer un message à mon frère pour une mise à jour,Cmd.SendMessage
faire savoir à quelqu'un que je suis en retard,Cmd.SendMessage
mets le son de la télé dans mes oreilles,Cmd.StreamingStart
envoyer l'audio du film à mes aides auditives,Cmd.StreamingStart
raccordez le son de la télévision à mes aides auditives,Cmd.StreamingStart
je suis perdu dans cette application,Help_Home
je ne sais pas comment utiliser cette application,Help_Home
j'aurais besoin d'un coup de main avec cette application,Help_Home
rien de cette application n'a de sens,Help_Home
indique-moi ce que je peux faire ici,Help_Home
quelles sont les fonctionnalités de cette application,Help_Home
fais-moi visiter l'application,Help_Home
liste ce que tu peux faire pour m'aider,Help_Home
choisis des numéros porte-bonheur pour moi,Default Fallback Intent
donne-moi un coup de coude à 3 heures,reminders.add
donne-moi un coup de coude à ce sujet plus tard,reminders.add
envoie-moi un coup de pouce à midi,reminders.add
donne-moi un petit coup de pouce à 9 heures,reminders.add
ne me laisse pas oublier ça,reminders.add
note ça pour que je m'en souvienne,reminders.add
note ça pour moi,reminders.add
il fait trop chaud,Cmd.VolumeDecrease
le son est beaucoup trop chaud,Cmd.VolumeDecrease
le bruit est insupportable,Cmd.VolumeDecrease
combien de puissance reste-t-il,Cmd.BatteryLevel
mes aides auditives sont-elles à court d'énergie,Cmd.BatteryLevel
combien de temps avant que la batterie ne meure,Cmd.BatteryLevel
combien de vie reste-t-il à la batterie,Cmd.BatteryLevel
combien de charge me reste-t-il,Cmd.BatteryLevel
cingler mes aides auditives,Help_FindMyHearingAids
cingler mes aides auditives,Help_FindMyHearingAids
localiser mes aides auditives pour moi,Help_FindMyHearingAids
cingler ma femme,Cmd.SendMessage
j'ai besoin de transmettre un message à mon fils,Cmd.SendMessage
contacte ma famille pour moi,Cmd.SendMessage
envoie un message à mon mari,Cmd.SendMessage
diffuser l'audio directement sur mes aides auditives,Cmd.StreamingStart
connecter l'audio de mon téléphone à mes aides auditives,Cmd.StreamingStart
en quoi pouvez-vous m'aider,Help_Home
que fait cette application,Help_Home
mon aide auditive ne charge pas,Help_Battery
pourquoi mon aide auditive ne charge-t-elle pas,Help_Battery
combien de temps dure la batterie,Help_Battery
combien de temps dure une charge,Help_Battery
ma batterie se décharge trop vite,Help_Battery
la batterie se décharge rapidement,Help_Battery
quelle taille de pile mon aide auditive utilise-t-elle,Help_Battery
de quelle pile ai-je besoin pour mon aide auditive,Help_Battery
où dois-je mettre la batterie,Help_Battery
comment puis-je ouvrir le couvercle de la batterie,Help_Battery
mon aide auditive est-elle rechargeable,Help_Battery
comment puis-je savoir si mon aide auditive est en charge,Help_Battery
combien de temps pour charger complètement mon aide auditive,Help_Battery
puis-je surcharger mon aide auditive,Help_Battery
la pile de mon aide auditive est faible,Help_Battery
remplacer la pile de mon aide auditive,Help_Battery
à quelle fréquence dois-je changer la batterie,Help_Battery
où puis-je acheter de nouvelles piles,Help_Battery
le chargeur ne fonctionne pas,Help_Battery
comment utiliser l'étui de chargement,Help_Battery
dois-je retirer la batterie la nuit,Help_Battery
la durée de vie de la batterie est de plus en plus courte,Help_Battery
quand dois-je utiliser mode Edge,Help_EdgeMode
mode Edge est-il bon pour les restaurants,Help_EdgeMode
est-ce que mode Edge aide dans les endroits bruyants,Help_EdgeMode
comment activer mode Edge,Help_EdgeMode
comment puis-je quitter mode Edge,Help_EdgeMode
puis-je personnaliser mode Edge,Help_EdgeMode
quels paramètres mode Edge modifie-t-il,Help_EdgeMode
est-ce que mode Edge améliore la clarté de la parole,Help_EdgeMode
mode Edge réduira-t-il le bruit de fond,Help_EdgeMode
combien de temps mode Edge reste-t-il activé,Help_EdgeMode
est-ce que mode Edge vide la batterie plus rapidement,Help_EdgeMode
puis-je utiliser mode Edge avec le streaming,Help_EdgeMode
mode Edge ne fonctionne pas,Help_EdgeMode
pourquoi devrais-je utiliser mode Edge,Help_EdgeMode
mode Edge est-il disponible sur mon aide auditive,Help_EdgeMode
comment puis-je appuyer sur mode Edge,Help_EdgeMode
Aide mode Edge,Help_EdgeMode
parlez-moi de mode Edge,Help_EdgeMode
avantages de mode Edge,Help_EdgeMode
quand est-ce que mode Edge s'éteint,Help_EdgeMode
est-ce que mode Edge fonctionne automatiquement,Help_EdgeMode
commencer à suivre mes activités aérobics,Cmd.ActivityAerobics
enregistrer un entraînement d'aérobic,Cmd.ActivityAerobics
commencer la séance d'aérobic,Cmd.ActivityAerobics
à quelle distance suis-je de mon objectif d'aérobic,Cmd.ActivityAerobics
suivre mon exercice aérobique,Cmd.ActivityAerobics
enregistrer mon activité d'aérobic,Cmd.ActivityAerobics
montrer mes progrès en aérobic,Cmd.ActivityAerobics
quel est mon nombre d'aérobics cette semaine,Cmd.ActivityAerobics
combien d'aérobic ai-je fait aujourd'hui,Cmd.ActivityAerobics
ai-je atteint mon objectif d'aérobic,Cmd.ActivityAerobics
combien de minutes d'aérobic cette semaine,Cmd.ActivityAerobics
commencer une séance d'aérobic,Cmd.ActivityAerobics
journal aérobic,Cmd.ActivityAerobics
suis-je proche de mon objectif d'aérobic,Cmd.ActivityAerobics
combien de temps avant d'atteindre mon objectif d'aérobic,Cmd.ActivityAerobics
montre-moi mes statistiques d'aérobic,Cmd.ActivityAerobics
suivre un entraînement d'aérobic,Cmd.ActivityAerobics
commencer à suivre l'aérobic,Cmd.ActivityAerobics
de combien d'aérobic ai-je besoin aujourd'hui,Cmd.ActivityAerobics
combien de calories ai-je brûlé cette semaine,Cmd.ActivityCalories
montre-moi ma dépense calorique,Cmd.ActivityCalories
quel est mon nombre total de calories,Cmd.ActivityCalories
combien de calories ai-je brûlé hier,Cmd.ActivityCalories
calories brûlées ce mois-ci,Cmd.ActivityCalories
suivre mes calories,Cmd.ActivityCalories
quelle est ma dépense calorique hebdomadaire,Cmd.ActivityCalories
combien de calories ai-je perdu cette semaine,Cmd.ActivityCalories
afficher mon historique de calories,Cmd.ActivityCalories
suis-je proche de mon objectif calorique,Cmd.ActivityCalories
quel est mon objectif calorique,Cmd.ActivityCalories
combien de calories supplémentaires pour atteindre mon objectif,Cmd.ActivityCalories
calories brûlées jusqu'à présent aujourd'hui,Cmd.ActivityCalories
mon total de calories,Cmd.ActivityCalories
ai-je atteint mon objectif calorique,Cmd.ActivityCalories
combien de calories reste-t-il à brûler,Cmd.ActivityCalories
afficher les calories brûlées cette semaine,Cmd.ActivityCalories
résumé hebdomadaire des calories,Cmd.ActivityCalories
quand dois-je utiliser le mode masque,Help_MaskMode
le mode masque est-il utile lorsque l'on porte un masque facial,Help_MaskMode
comment fonctionne le mode masque,Help_MaskMode
le mode masque est-il utile avec les masques,Help_MaskMode
puis-je ajuster le mode masque,Help_MaskMode
aide du mode masque,Help_MaskMode
parlez-moi du mode masque,Help_MaskMode
pourquoi je n'entends pas les gens masqués,Help_MaskMode
les gens qui portent des masques sont difficiles à entendre,Help_MaskMode
paramètres du mode masque,Help_MaskMode
comment accéder au mode masque,Help_MaskMode
le mode masque améliore-t-il la clarté avec les masques,Help_MaskMode
activer le mode masque,Help_MaskMode
désactiver le mode masque,Help_MaskMode
avantages du mode masque,Help_MaskMode
quand le mode masque aide-t-il,Help_MaskMode
comment trouver le mode masque,Help_MaskMode
comment puis-je me connecter avec mon audioprothésiste,Help_HearingCareAnywhereConnect
mon audiologiste peut-il ajuster mes paramètres à distance,Help_HearingCareAnywhereConnect
comment fonctionne la téléécoute,Help_HearingCareAnywhereConnect
prendre rendez-vous à distance,Help_HearingCareAnywhereConnect
comment demander un réglage à distance,Help_HearingCareAnywhereConnect
me connecter à mon audioprothésiste,Help_HearingCareAnywhereConnect
comment utiliser Hearing Care Anywhere,Help_HearingCareAnywhereConnect
comment synchroniser mes paramètres avec le cloud,Help_HearingCareAnywhereConnect
où sont sauvegardées mes données,Help_HearingCareAnywhereConnect
restaurer mes paramètres depuis le cloud,Help_HearingCareAnywhereConnect
comment puis-je obtenir une assistance à distance,Help_HearingCareAnywhereConnect
puis-je régler mes aides auditives à distance,Help_HearingCareAnywhereConnect
comment puis-je enregistrer mes paramètres en ligne,Help_HearingCareAnywhereConnect
récupérer les paramètres de mon aide auditive,Help_HearingCareAnywhereConnect
comment puis-je sauvegarder mon profil,Help_HearingCareAnywhereConnect
parlez-moi de Hearing Care Anywhere,Help_HearingCareAnywhereConnect
montre-moi mon aperçu de ma santé,Help_Health
qu'y a-t-il sur l'écran de santé,Help_Health
comment puis-je voir le résumé de mon activité,Help_Health
où puis-je voir mes objectifs quotidiens,Help_Health
comment puis-je définir mes objectifs de santé,Help_Health
suivre mon bien-être,Help_Health
afficher mon tableau de bord de santé,Help_Health
comment puis-je modifier mes objectifs d'activité,Help_Health
puis-je définir des objectifs de santé mensuels,Help_Health
où sont mes objectifs de remise en forme,Help_Health
comment puis-je voir les progrès de ma santé,Help_Health
montre-moi mon résumé de santé hebdomadaire,Help_Health
quelles mesures de santé l'application suit-elle,Help_Health
comment réinitialiser mes objectifs de santé,Help_Health
voir la santé de mon corps et de mon cerveau,Help_Health
où puis-je trouver mes objectifs d'engagement,Help_Health
mes aides auditives peuvent-elles suivre ma fréquence cardiaque,Help_HeartRate
montre-moi mon historique de fréquence cardiaque,Help_HeartRate
est-ce que ma fréquence cardiaque est normale,Help_HeartRate
quelle est ma fréquence cardiaque au repos,Help_HeartRate
quelle est la précision de la lecture de la fréquence cardiaque,Help_HeartRate
où puis-je voir les tendances de ma fréquence cardiaque,Help_HeartRate
puis-je suivre la fréquence cardiaque pendant l'exercice,Help_HeartRate
à quelle fréquence ma fréquence cardiaque est-elle mesurée,Help_HeartRate
afficher mes données de fréquence cardiaque,Help_HeartRate
l'application enregistre-t-elle ma fréquence cardiaque,Help_HeartRate
expliquer la fonction de fréquence cardiaque,Help_HeartRate
comment activer le suivi de la fréquence cardiaque,Help_HeartRate
qu'est-ce qu'une fréquence cardiaque saine,Help_HeartRate
afficher ma fréquence cardiaque actuelle,Help_HeartRate
suivre ma fréquence cardiaque,Help_HeartRate
arrêter le flux audio,Cmd.StreamingStop
mettre fin à la connexion TV,Cmd.StreamingStop
arrêter d'écouter dans mes aides auditives,Cmd.StreamingStop
déconnecter le streaming,Cmd.StreamingStop
arrêter la diffusion,Cmd.StreamingStop
couper le flux,Cmd.StreamingStop
arrête de jouer avec mes aides auditives,Cmd.StreamingStop
désactiver le streaming audio,Cmd.StreamingStop
arrêter de diffuser depuis mon téléphone,Cmd.StreamingStop
débranchez le microphone à distance,Cmd.StreamingStop
mettre fin au flux de musique,Cmd.StreamingStop
arrêter de diffuser des médias,Cmd.StreamingStop
fermer le flux,Cmd.StreamingStop
arrêter de diffuser de l'audio,Cmd.StreamingStop
arrêter la diffusion vers mes aides auditives,Cmd.StreamingStop
commencer à suivre mon entraînement,Cmd.ActivityExercise
enregistrer une séance d'exercice,Cmd.ActivityExercise
commencer mon entraînement,Cmd.ActivityExercise
enregistrer mon exercice,Cmd.ActivityExercise
comment progresse mon exercice,Cmd.ActivityExercise
afficher mes statistiques d'entraînement,Cmd.ActivityExercise
suivre cet entraînement,Cmd.ActivityExercise
démarrer une séance d'exercice,Cmd.ActivityExercise
combien de minutes ai-je fait de l'exercice cette semaine,Cmd.ActivityExercise
ai-je atteint mon objectif d'entraînement,Cmd.ActivityExercise
enregistrer ma séance d'entraînement,Cmd.ActivityExercise
montre-moi mon résumé d'exercice,Cmd.ActivityExercise
combien d'exercice ai-je fait aujourd'hui,Cmd.ActivityExercise
suis-je proche de mon objectif d'exercice,Cmd.ActivityExercise
comment puis-je améliorer mon taux de récupération,Help_HeartRateRecovery
ce qui affecte la récupération de la fréquence cardiaque,Help_HeartRateRecovery
mon taux de récupération est-il sain,Help_HeartRateRecovery
afficher la tendance de récupération de ma fréquence cardiaque,Help_HeartRateRecovery
où puis-je voir la récupération de la fréquence cardiaque,Help_HeartRateRecovery
explique-moi la récupération de la fréquence cardiaque,Help_HeartRateRecovery
suivre ma récupération de fréquence cardiaque,Help_HeartRateRecovery
qu'est-ce qu'un bon numéro de récupération,Help_HeartRateRecovery
à quelle fréquence la récupération est-elle mesurée,Help_HeartRateRecovery
voir mon score de récupération,Help_HeartRateRecovery
la récupération indique-t-elle la forme physique,Help_HeartRateRecovery
aide à la récupération de la fréquence cardiaque,Help_HeartRateRecovery
montre-moi le mode démo,Help_DemoMode
puis-je essayer l'application sans mes aides auditives,Help_DemoMode
prévisualiser les fonctionnalités de l'application sans aide,Help_DemoMode
explorez l'application en mode démo,Help_DemoMode
comment quitter le mode démo,Help_DemoMode
désactiver le mode démo,Help_DemoMode
que puis-je faire en mode démo,Help_DemoMode
le mode démo est-il disponible,Help_DemoMode
laissez-moi essayer les fonctionnalités de l'application,Help_DemoMode
afficher les capacités de l'application sans aides auditives,Help_DemoMode
démonstration de l'application,Help_DemoMode
puis-je tester des fonctionnalités sans aides connectées,Help_DemoMode
comment fonctionnent les rappels,Help_Reminder
puis-je modifier un rappel,Help_Reminder
comment supprimer un rappel,Help_Reminder
où puis-je gérer mes rappels,Help_Reminder
puis-je définir des rappels récurrents,Help_Reminder
comment désactiver un rappel,Help_Reminder
synchroniser les rappels avec mes aides auditives,Help_Reminder
comment puis-je voir tous mes rappels,Help_Reminder
puis-je répéter un rappel,Help_Reminder
à quelle fréquence dois-je nettoyer mes aides auditives,Help_CleanCare
quelle est la meilleure façon de nettoyer mes aides auditives,Help_CleanCare
puis-je nettoyer le pare-cérumen,Help_CleanCare
comment remplacer le filtre à cérumen,Help_CleanCare
dois-je nettoyer mes aides auditives quotidiennement,Help_CleanCare
comment sécher mes aides auditives,Help_CleanCare
l'humidité peut-elle endommager mes aides auditives,Help_CleanCare
comment nettoyer le microphone,Help_CleanCare
conseils pour entretenir mes aides auditives,Help_CleanCare
écris ce que disent les gens,Cmd.TranscribeStart
légender cette conversation,Cmd.TranscribeStart
montre-moi une transcription,Cmd.TranscribeStart
transformer la parole en texte,Cmd.TranscribeStart
transcrire ce que j'entends,Cmd.TranscribeStart
activer les sous-titres en direct,Cmd.TranscribeStart
commencer à sous-titrer,Cmd.TranscribeStart
écrire cette réunion,Cmd.TranscribeStart
donne-moi le texte de cette conversation,Cmd.TranscribeStart
commencer à suivre mon trajet à vélo,Cmd.ActivityCycle
enregistrer une séance de vélo,Cmd.ActivityCycle
commencer une balade à vélo,Cmd.ActivityCycle
enregistrer mon vélo,Cmd.ActivityCycle
comment se passent mes progrès en cyclisme,Cmd.ActivityCycle
montre-moi mes statistiques de cyclisme,Cmd.ActivityCycle
suivre ce trajet,Cmd.ActivityCycle
commencer un entraînement à vélo,Cmd.ActivityCycle
ai-je atteint mon objectif de cyclisme,Cmd.ActivityCycle
commence à compter mes pas,Cmd.ActivityStep
suivre mes pas,Cmd.ActivityStep
ai-je atteint mon objectif de pas,Cmd.ActivityStep
comment vais-je sur les marches,Cmd.ActivityStep
montrer la progression de mes pas,Cmd.ActivityStep
combien d'étapes avant mon objectif,Cmd.ActivityStep
enregistrer mes pas,Cmd.ActivityStep
suivre ma distance de marche,Cmd.ActivityWalk
ai-je atteint mon objectif de marche aujourd'hui,Cmd.ActivityWalk
commencer à suivre ma marche,Cmd.ActivityWalk
enregistrer ma séance de marche,Cmd.ActivityWalk
comment réinitialiser les paramètres de mon application,Help_AppSettings
où puis-je gérer les notifications,Help_AppSettings
comment mettre à jour l'application,Help_AppSettings
puis-je restaurer les paramètres par défaut,Help_AppSettings
comment fonctionne Wicros,Help_WiCROS
à quoi sert wicros,Help_WiCROS
suivre mon temps debout,Cmd.ActivityStand
comment personnaliser mes paramètres sonores,Help_Customize
la musique forte peut-elle provoquer des acouphènes de façon permanente,Help_Tinnitus
quels sont les symptômes de l'accumulation de cérumen,Help_CleanCare
qu'est-ce que la perte auditive induite par le bruit,Help_Tinnitus
je peux à peine comprendre ce que les gens disent,Cmd.VolumeIncrease
tout semble trop faible,Cmd.VolumeIncrease
les voix sont trop douces pour moi,Cmd.VolumeIncrease
monte un peu le son,Cmd.VolumeIncrease
augmentez le volume s'il vous plaît,Cmd.VolumeIncrease
rendre la parole plus forte,Cmd.VolumeIncrease
monter le niveau,Cmd.VolumeIncrease
il me manque la moitié de la conversation,Cmd.VolumeIncrease
le discours est trop calme,Cmd.VolumeIncrease
pourrais-tu augmenter le volume,Cmd.VolumeIncrease
augmentez-le un peu,Cmd.VolumeIncrease
tout est trop bas,Cmd.VolumeIncrease
je veux que ce soit plus fort,Cmd.VolumeIncrease
amplifie le son pour moi,Cmd.VolumeIncrease
augmenter le volume,Cmd.VolumeIncrease
la télé est trop silencieuse pour moi,Cmd.VolumeIncrease
il me manque toujours des mots,Cmd.VolumeIncrease
le son semble faible,Cmd.VolumeIncrease
donne-moi un peu plus de volume,Cmd.VolumeIncrease
augmenter le volume,Cmd.VolumeIncrease
plus fort s'il vous plaît,Cmd.VolumeIncrease
je n'entends pas bien le haut-parleur,Cmd.VolumeIncrease
monte le volume pour que je puisse entendre,Cmd.VolumeIncrease
rendre mes aides auditives plus bruyantes,Cmd.VolumeIncrease
pousser le niveau plus haut,Cmd.VolumeIncrease
augmenter le volume,Cmd.VolumeIncrease
les gens semblent étouffés et faibles,Cmd.VolumeIncrease
"j'ai besoin d'entendre mieux, monte le volume",Cmd.VolumeIncrease
baisse un peu le son,Cmd.VolumeDecrease
rends-le plus doux s'il te plaît,Cmd.VolumeDecrease
baisser le volume,Cmd.VolumeDecrease
c'est trop fort pour moi,Cmd.VolumeDecrease
faire baisser le niveau,Cmd.VolumeDecrease
plus silencieux s'il vous plaît,Cmd.VolumeDecrease
baisser le volume,Cmd.VolumeDecrease
c'est terriblement fort,Cmd.VolumeDecrease
le son est trop fort,Cmd.VolumeDecrease
baisse un peu le volume,Cmd.VolumeDecrease
baisser le niveau,Cmd.VolumeDecrease
baisser le volume,Cmd.VolumeDecrease
j'en ai besoin plus doux,Cmd.VolumeDecrease
trop de volume en ce moment,Cmd.VolumeDecrease
adoucir les choses,Cmd.VolumeDecrease
faire reculer le son,Cmd.VolumeDecrease
diminuer le volume,Cmd.VolumeDecrease
ça me fait exploser les oreilles,Cmd.VolumeDecrease
baisser le volume,Cmd.VolumeDecrease
tout est beaucoup trop fort,Cmd.VolumeDecrease
rendre la parole plus silencieuse,Cmd.VolumeDecrease
baisser le niveau de bruit,Cmd.VolumeDecrease
baisser le niveau,Cmd.VolumeDecrease
le niveau de bruit est trop élevé,Cmd.VolumeDecrease
baissez-le d'un cran,Cmd.VolumeDecrease
doux avec le volume,Cmd.VolumeDecrease
j'en ai besoin de plus calme,Cmd.VolumeDecrease
donne-moi un peu de calme,Cmd.VolumeDecrease
calme-toi pour moi,Cmd.VolumeDecrease
j'aimerais que les choses soient plus calmes,Cmd.VolumeDecrease
rendre mon environnement plus calme,Cmd.VolumeDecrease
apporte-moi un peu de calme,Cmd.VolumeDecrease
mes oreilles en prennent un coup,Cmd.VolumeDecrease
le bruit me frappe les oreilles,Cmd.VolumeDecrease
ça me martèle les oreilles,Cmd.VolumeDecrease
mes oreilles ne supportent pas ce martèlement,Cmd.VolumeDecrease
le son me frappe les oreilles,Cmd.VolumeDecrease
couper tout le son,Cmd.VolumeMute
silence total s'il vous plaît,Cmd.VolumeMute
tue complètement l'audio,Cmd.VolumeMute
je veux le calme absolu,Cmd.VolumeMute
couper le son,Cmd.VolumeMute
tout faire taire,Cmd.VolumeMute
coupe tout le son,Cmd.VolumeMute
pas de son du tout s'il vous plaît,Cmd.VolumeMute
couper complètement les aides,Cmd.VolumeMute
arrêter tout le son,Cmd.VolumeMute
coupez-le complètement,Cmd.VolumeMute
bloque tous les sons,Cmd.VolumeMute
j'ai besoin d'un silence complet maintenant,Cmd.VolumeMute
zéro volume s'il vous plaît,Cmd.VolumeMute
couper le son,Cmd.VolumeMute
tout réduire à néant,Cmd.VolumeMute
muet en ce moment,Cmd.VolumeMute
je veux un pur silence,Cmd.VolumeMute
coupe chaque morceau de son,Cmd.VolumeMute
rends-le complètement silencieux,Cmd.VolumeMute
pas de son s'il te plait,Cmd.VolumeMute
tue complètement tout le bruit,Cmd.VolumeMute
calme total maintenant s'il te plaît,Cmd.VolumeMute
coupe tout le son pour moi,Cmd.VolumeMute
faire taire complètement les aides,Cmd.VolumeMute
j'en ai besoin parfaitement silencieux,Cmd.VolumeMute
couper tout le son maintenant,Cmd.VolumeMute
mettre tout au silence,Cmd.VolumeMute
absolument aucun son s'il vous plaît,Cmd.VolumeMute
réactive le son,Cmd.VolumeUnmute
réactiver mes aides auditives,Cmd.VolumeUnmute
ramener l'audio,Cmd.VolumeUnmute
restaurer le son,Cmd.VolumeUnmute
réactiver le son,Cmd.VolumeUnmute
enlève mes aides auditives en mode muet,Cmd.VolumeUnmute
laisse le son revenir,Cmd.VolumeUnmute
mettre fin au silence,Cmd.VolumeUnmute
réactiver le son,Cmd.VolumeUnmute
répondez au son s'il vous plaît,Cmd.VolumeUnmute
annuler la sourdine,Cmd.VolumeUnmute
arrête de couper le son maintenant,Cmd.VolumeUnmute
"je peux réécouter, allume-le",Cmd.VolumeUnmute
redonne-moi du son,Cmd.VolumeUnmute
réactiver l'audio,Cmd.VolumeUnmute
remettre le volume,Cmd.VolumeUnmute
réactiver tout,Cmd.VolumeUnmute
ramène mon son,Cmd.VolumeUnmute
laisse-moi réentendre les choses,Cmd.VolumeUnmute
"j'entends maintenant, allume-le",Cmd.VolumeUnmute
redonne-moi l'audio,Cmd.VolumeUnmute
"arrête le silence, je veux du son",Cmd.VolumeUnmute
rends le son à mes aides auditives,Cmd.VolumeUnmute
réactiver mon audition,Cmd.VolumeUnmute
enlève la sourdine,Cmd.VolumeUnmute
j'aimerais à nouveau le son s'il te plaît,Cmd.VolumeUnmute
réveiller le son,Cmd.VolumeUnmute
remettre mon audition,Cmd.VolumeUnmute
laisse le son revenir,Cmd.VolumeUnmute
je veux que mes aides auditives fassent à nouveau du son,Cmd.VolumeUnmute
annulez le mode sourdine s'il vous plaît,Cmd.VolumeUnmute
réactive-moi,Cmd.VolumeUnmute
éteignez la sourdine,Cmd.VolumeUnmute
fais-moi rester muet,Cmd.VolumeUnmute
le son retentit à nouveau s'il te plaît,Cmd.VolumeUnmute
réactiver le son de mon aide auditive,Cmd.VolumeUnmute
j'aimerais entendre une fois de plus,Cmd.VolumeUnmute
laisse-moi entendre les choses encore une fois,Cmd.VolumeUnmute
restaurer mon audition maintenant,Cmd.VolumeUnmute
faire fonctionner mon son à nouveau,Cmd.VolumeUnmute
je veux que le son revienne,Cmd.VolumeUnmute
"mets fin au muet, laisse-moi entendre",Cmd.VolumeUnmute
j'entre dans un bar bruyant,Cmd.MemoryChange
passe-moi au restaurant,Cmd.MemoryChange
je suis assis dans un restaurant bondé,Cmd.MemoryChange
changer mon programme extérieur,Cmd.MemoryChange
régler mes aides auditives pour une fête bruyante,Cmd.MemoryChange
je monte dans la voiture maintenant,Cmd.MemoryChange
mets-moi en mode écoute de musique,Cmd.MemoryChange
je me dirige vers une réunion,Cmd.MemoryChange
accordez-vous à ce temps venteux,Cmd.MemoryChange
je suis à la salle de sport maintenant,Cmd.MemoryChange
donne-moi mon programme pour regarder la télé,Cmd.MemoryChange
passer en mode silencieux,Cmd.MemoryChange
je viens d'entrer dans l'église,Cmd.MemoryChange
passer au programme pour les restaurants,Cmd.MemoryChange
installez-le pour une salle de concert,Cmd.MemoryChange
j'ai besoin de mon environnement bruyant,Cmd.MemoryChange
déplace-moi vers le discours en mode bruit,Cmd.MemoryChange
je commence mon trajet,Cmd.MemoryChange
utiliser le réglage pour l'extérieur,Cmd.MemoryChange
rentre dans mon programme quotidien,Cmd.MemoryChange
je suis dans une cafétéria bruyante maintenant,Cmd.MemoryChange
changer le programme de ce lieu,Cmd.MemoryChange
ajuster le mode pour le trafic,Cmd.MemoryChange
je m'installe pour regarder un film,Cmd.MemoryChange
passer au programme fait pour les foules,Cmd.MemoryChange
charger mon profil de conduite,Cmd.MemoryChange
régler mon audition pour une rue animée,Cmd.MemoryChange
je suis sur le point de rejoindre un appel téléphonique,Cmd.MemoryChange
passer au mode intérieur confortable,Cmd.MemoryChange
je suis dans une grande salle d'écho maintenant,Cmd.MemoryChange
le programme ne convient pas à l'endroit où je me trouve,Cmd.MemoryChange
ce paramètre ne convient pas à cet endroit,Cmd.MemoryChange
j'ai besoin d'un meilleur programme pour ici,Cmd.MemoryChange
change-moi pour quelque chose de mieux pour cet endroit,Cmd.MemoryChange
ce mode ne fonctionne pas pour mon environnement,Cmd.MemoryChange
je viens de m'asseoir dans un café bruyant,Cmd.MemoryChange
je suis maintenant assis dans un café bruyant,Cmd.MemoryChange
s'installer dans un restaurant très fréquenté,Cmd.MemoryChange
je viens de m'asseoir dans un endroit très bruyant,Cmd.MemoryChange
je suis assis dans un endroit bruyant et bondé,Cmd.MemoryChange
combien de charge reste-t-il,Cmd.BatteryLevel
mes aides auditives sont-elles complètement chargées,Cmd.BatteryLevel
où est ma batterie,Cmd.BatteryLevel
dois-je recharger,Cmd.BatteryLevel
combien de temps durera la batterie,Cmd.BatteryLevel
la batterie est-elle faible,Cmd.BatteryLevel
dis-moi le pourcentage de batterie,Cmd.BatteryLevel
combien de puissance me reste-t-il,Cmd.BatteryLevel
est-ce que ça va durer jusqu'à ce soir,Cmd.BatteryLevel
vérifier mon niveau de charge,Cmd.BatteryLevel
les piles sont-elles sur le point de s'épuiser,Cmd.BatteryLevel
combien d'heures de charge reste-t-il,Cmd.BatteryLevel
y a-t-il suffisamment de batterie,Cmd.BatteryLevel
quel est le tarif de mes aides auditives ?,Cmd.BatteryLevel
dois-je les charger maintenant,Cmd.BatteryLevel
à quel point la batterie est-elle pleine,Cmd.BatteryLevel
niveau de batterie s'il vous plaît,Cmd.BatteryLevel
mes aides auditives sont-elles suffisamment chargées,Cmd.BatteryLevel
est-ce qu'il leur reste assez de puissance,Cmd.BatteryLevel
est-ce que ma charge est faible,Cmd.BatteryLevel
vérification du niveau de puissance,Cmd.BatteryLevel
ai-je assez de batterie pour la journée,Cmd.BatteryLevel
est-il temps de charger,Cmd.BatteryLevel
à quel point la batterie est-elle épuisée,Cmd.BatteryLevel
dis-moi combien ils sont facturés,Cmd.BatteryLevel
quel pourcentage de batterie reste-t-il,Cmd.BatteryLevel
mes aides auditives sont-elles à court de puissance,Cmd.BatteryLevel
envoie l'audio de la télé à mes aides auditives,Cmd.StreamingStart
commencer à diffuser la télévision,Cmd.StreamingStart
écouter le son de mon téléphone via mes aides auditives,Cmd.StreamingStart
diffuse la musique dans mes oreilles,Cmd.StreamingStart
acheminer le son du film vers mes aides auditives,Cmd.StreamingStart
commencer à diffuser sur mes appareils auditifs,Cmd.StreamingStart
connecte-moi le son de la télé,Cmd.StreamingStart
laisse-moi entendre le spectacle à travers mes aides auditives,Cmd.StreamingStart
diffuser le podcast sur mes aides auditives,Cmd.StreamingStart
mets le son dans mes oreilles,Cmd.StreamingStart
démarrer le flux audio,Cmd.StreamingStart
envoie le son directement à mes aides auditives,Cmd.StreamingStart
passer l'appel via mes aides auditives,Cmd.StreamingStart
je diffuse depuis ma télé maintenant,Cmd.StreamingStart
je veux écouter la télé avec mes aides auditives,Cmd.StreamingStart
transmets-moi l'audio,Cmd.StreamingStart
branche mes aides auditives au son de la télé,Cmd.StreamingStart
diriger la musique vers mes aides auditives,Cmd.StreamingStart
alimenter l'audio dans mes appareils auditifs,Cmd.StreamingStart
active le streaming dans mes oreilles,Cmd.StreamingStart
arrête de diffuser mes aides auditives,Cmd.StreamingStop
mettre fin au flux audio de la télévision,Cmd.StreamingStop
j'ai fini d'écouter le stream,Cmd.StreamingStop
couper le flux audio,Cmd.StreamingStop
arrêter d'envoyer du son à mes aides auditives,Cmd.StreamingStop
désactivez la diffusion maintenant,Cmd.StreamingStop
mettre fin à la diffusion depuis le téléviseur,Cmd.StreamingStop
quitter le flux audio,Cmd.StreamingStop
arrêter le streaming,Cmd.StreamingStop
plus de streaming s'il vous plaît,Cmd.StreamingStop
arrête de jouer à la télé avec mes aides auditives,Cmd.StreamingStop
déconnecte-moi du flux,Cmd.StreamingStop
couper le son diffusé,Cmd.StreamingStop
j'en ai fini avec le stream,Cmd.StreamingStop
fermer le streaming audio,Cmd.StreamingStop
arrête la musique qui m'aide,Cmd.StreamingStop
mettre fin à la diffusion sur mes aides auditives,Cmd.StreamingStop
mettre fin à mon streaming télé,Cmd.StreamingStop
Arrête que l'audio me vienne en aide,Cmd.StreamingStop
arrêter de diffuser la télévision,Cmd.StreamingStop
je ne veux plus du stream,Cmd.StreamingStop
fermer la connexion au son du téléviseur,Cmd.StreamingStop
arrête de transmettre le son à mes oreilles,Cmd.StreamingStop
éteindre la télévision en streaming,Cmd.StreamingStop
couper l'audio diffusé à mes aides auditives,Cmd.StreamingStop
terminer la session de streaming,Cmd.StreamingStop
coupe la connexion TV à mes aides auditives,Cmd.StreamingStop
débrancher l'audio du téléviseur,Cmd.StreamingStop
mettre fin au lien télé vers mes aides auditives,Cmd.StreamingStop
arrêter le flux TV de mes aides auditives,Cmd.StreamingStop
abandonne la connexion au son de la télévision,Cmd.StreamingStop
je suis sur le point d'aller courir,Cmd.ActivityRun
enregistrer mon jogging,Cmd.ActivityRun
commencer à enregistrer ma course,Cmd.ActivityRun
je pars courir,Cmd.ActivityRun
commencer mon entraînement de course à pied,Cmd.ActivityRun
enregistre cette course pour moi,Cmd.ActivityRun
démarrer mon suivi de jogging,Cmd.ActivityRun
chronométrer ma course,Cmd.ActivityRun
je vais faire du jogging maintenant,Cmd.ActivityRun
capturer ma séance de course à pied,Cmd.ActivityRun
commencer à suivre mon jogging,Cmd.ActivityRun
enregistrer cet entraînement de course à pied,Cmd.ActivityRun
lancer mon suivi de course,Cmd.ActivityRun
je veux enregistrer une course,Cmd.ActivityRun
enregistre la course que je viens de faire,Cmd.ActivityRun
enregistrer les kilomètres que j'ai courus,Cmd.ActivityRun
sauve la course que je viens de terminer,Cmd.ActivityRun
note mon jogging,Cmd.ActivityRun
suivre la course que j'ai terminée,Cmd.ActivityRun
enregistrer ma course terminée,Cmd.ActivityRun
je vais me promener,Cmd.ActivityWalk
enregistrer ma promenade,Cmd.ActivityWalk
commencer mon suivi de marche,Cmd.ActivityWalk
enregistrer cette promenade,Cmd.ActivityWalk
je pars me promener,Cmd.ActivityWalk
chronométrer ma promenade,Cmd.ActivityWalk
capturer ma séance de marche,Cmd.ActivityWalk
commencer à enregistrer ma marche,Cmd.ActivityWalk
je fais une promenade maintenant,Cmd.ActivityWalk
enregistre mes pas lors de cette promenade,Cmd.ActivityWalk
suivre ma promenade,Cmd.ActivityWalk
commencer mon entraînement de marche,Cmd.ActivityWalk
enregistre une promenade pour moi,Cmd.ActivityWalk
enregistre la promenade que je viens de faire,Cmd.ActivityWalk
suivre la marche que j'ai faite,Cmd.ActivityWalk
enregistre la marche que je viens de terminer,Cmd.ActivityWalk
"je suis allé me ​​promener, je l'ai enregistré",Cmd.ActivityWalk
sauve ma marche,Cmd.ActivityWalk
note ma promenade,Cmd.ActivityWalk
"je pars me promener, merci de le suivre",Cmd.ActivityWalk
"je pars en promenade, je l'enregistre",Cmd.ActivityWalk
"je vais me promener, je le piste pour moi",Cmd.ActivityWalk
commence à suivre cette promenade,Cmd.ActivityWalk
enregistre la promenade que je fais,Cmd.ActivityWalk
combien de pas aujourd'hui,Cmd.ActivityStep
quel est mon nombre de pas,Cmd.ActivityStep
montre mes pas jusqu'à présent,Cmd.ActivityStep
vérifier mon total de pas,Cmd.ActivityStep
comptez les pas s'il vous plaît,Cmd.ActivityStep
suis-je proche de mon objectif de pas,Cmd.ActivityStep
dis-moi mes pas pour aujourd'hui,Cmd.ActivityStep
quel est mon numéro de pas quotidien,Cmd.ActivityStep
où en suis-je dans mes pas,Cmd.ActivityStep
étapes jusqu'à présent aujourd'hui,Cmd.ActivityStep
donne-moi mon compte de pas,Cmd.ActivityStep
combien d'étapes avant mon objectif,Cmd.ActivityStep
afficher mon nombre de pas,Cmd.ActivityStep
vérifier mes horaires de stand,Cmd.ActivityStand
quel est mon temps d'attente,Cmd.ActivityStand
combien d'heures de repos aujourd'hui,Cmd.ActivityStand
suivre ma position,Cmd.ActivityStand
montre mon nombre de stands,Cmd.ActivityStand
est-ce que j'atteins mon objectif de stand,Cmd.ActivityStand
combien ai-je tenu aujourd'hui,Cmd.ActivityStand
temps de repos s'il vous plaît,Cmd.ActivityStand
dis-moi mes heures de stand,Cmd.ActivityStand
combien de temps je suis debout aujourd'hui,Cmd.ActivityStand
enregistrer mon temps debout,Cmd.ActivityStand
ai-je assez tenu le coup aujourd'hui,Cmd.ActivityStand
mon total s'il vous plaît,Cmd.ActivityStand
vérifier la progression de la position debout,Cmd.ActivityStand
suivre ma balade à vélo,Cmd.ActivityCycle
je vais faire du vélo,Cmd.ActivityCycle
enregistrer mon trajet,Cmd.ActivityCycle
commencer mon entraînement cycliste,Cmd.ActivityCycle
enregistrer cette balade à vélo,Cmd.ActivityCycle
jusqu'où ai-je parcouru du vélo,Cmd.ActivityCycle
commencer à suivre mon trajet,Cmd.ActivityCycle
je pars en vélo,Cmd.ActivityCycle
capturer ma séance de vélo,Cmd.ActivityCycle
chronométrer ma balade à vélo,Cmd.ActivityCycle
commencer à enregistrer mon cyclisme,Cmd.ActivityCycle
suivre mon vélo,Cmd.ActivityCycle
combien de kilomètres ai-je parcouru à vélo,Cmd.ActivityCycle
enregistre mon trajet pour moi,Cmd.ActivityCycle
enregistrer cette séance de vélo,Cmd.ActivityCycle
suivre mon aérobic,Cmd.ActivityAerobics
commencer mon entraînement d'aérobic,Cmd.ActivityAerobics
enregistrer ma séance d'aérobic,Cmd.ActivityAerobics
je fais de l'aérobic maintenant,Cmd.ActivityAerobics
enregistrer mes exercices d'aérobic,Cmd.ActivityAerobics
capturer mon cours d'aérobic,Cmd.ActivityAerobics
faire de l'aérobic,Cmd.ActivityAerobics
démarrer mon suivi de cours de cardio,Cmd.ActivityAerobics
enregistrer cet entraînement d'aérobic,Cmd.ActivityAerobics
je commence l'aérobic,Cmd.ActivityAerobics
suivre mon entraînement de danse,Cmd.ActivityAerobics
enregistrer mon exercice aérobique,Cmd.ActivityAerobics
commencer ma séance d'aérobic,Cmd.ActivityAerobics
enregistrer ma danse cardio,Cmd.ActivityAerobics
suivre mon entraînement,Cmd.ActivityExercise
je suis sur le point de faire de l'exercice,Cmd.ActivityExercise
enregistrer mon exercice,Cmd.ActivityExercise
commencer mon entraînement,Cmd.ActivityExercise
enregistrer ma séance d'entraînement,Cmd.ActivityExercise
commencer à suivre mon exercice,Cmd.ActivityExercise
je m'entraîne maintenant,Cmd.ActivityExercise
capturer mon entraînement,Cmd.ActivityExercise
chronométrer mon exercice,Cmd.ActivityExercise
commencer à enregistrer ma formation,Cmd.ActivityExercise
suivre cette séance de gym,Cmd.ActivityExercise
enregistre mon entraînement pour moi,Cmd.ActivityExercise
je vais à la salle de sport pour le suivre,Cmd.ActivityExercise
enregistrer ma séance d'exercice,Cmd.ActivityExercise
commencer mon suivi d'entraînement,Cmd.ActivityExercise
combien de calories ai-je brûlé,Cmd.ActivityCalories
quelle est ma dépense calorique aujourd'hui,Cmd.ActivityCalories
montrer mes calories,Cmd.ActivityCalories
vérifier mes calories brûlées,Cmd.ActivityCalories
nombre de calories s'il vous plaît,Cmd.ActivityCalories
combien d'énergie ai-je brûlé,Cmd.ActivityCalories
dis-moi mes calories pour aujourd'hui,Cmd.ActivityCalories
quelle est ma brûlure jusqu'à présent,Cmd.ActivityCalories
afficher mon total de calories,Cmd.ActivityCalories
combien de calories aujourd'hui,Cmd.ActivityCalories
ma dépense calorique s'il te plaît,Cmd.ActivityCalories
calories brûlées jusqu'à présent,Cmd.ActivityCalories
donne-moi ma consommation d'énergie,Cmd.ActivityCalories
combien de calories ai-je brûlé,Cmd.ActivityCalories
envoie un message à mon ami,Cmd.SendMessage
envoyer un message à ma femme,Cmd.SendMessage
je veux envoyer un message à mon fils,Cmd.SendMessage
envoyer un message à maman,Cmd.SendMessage
envoyer un mot à ma fille,Cmd.SendMessage
envoie un message à mon frère,Cmd.SendMessage
écrire un texte à mon voisin,Cmd.SendMessage
message à mon mari,Cmd.SendMessage
envoyer un SMS rapide,Cmd.SendMessage
fais savoir à mon ami que je suis en route,Cmd.SendMessage
envoyer un message à ma soeur,Cmd.SendMessage
envoyer un mot à papa,Cmd.SendMessage
rédiger un message à mon collègue,Cmd.SendMessage
j'ai besoin d'envoyer un SMS à quelqu'un,Cmd.SendMessage
lancer un texto,Cmd.SendMessage
envoyer un SMS à mon médecin,Cmd.SendMessage
message à ma famille,Cmd.SendMessage
recevoir un texto à mon ami,Cmd.SendMessage
commencer un SMS à mon partenaire,Cmd.SendMessage
j'ai des nouvelles pour envoyer un SMS à un contact,Cmd.SendMessage
envoyer ma mise à jour à quelqu'un,Cmd.SendMessage
faire part de mon actualité à un contact par SMS,Cmd.SendMessage
envoyer un SMS à un contact avec mes actualités,Cmd.SendMessage
je veux annoncer à quelqu'un de mes nouvelles dans un message,Cmd.SendMessage
envoyer un message à un contact une mise à jour,Cmd.SendMessage
partager mon actualité avec un contact par SMS,Cmd.SendMessage
lire mes messages à haute voix,Cmd.ListenMessage
relire mes textes,Cmd.ListenMessage
quels messages ai-je,Cmd.ListenMessage
lis mon dernier texte,Cmd.ListenMessage
écoute mes nouveaux messages,Cmd.ListenMessage
lis à haute voix qui m'a envoyé un texto,Cmd.ListenMessage
"tous les nouveaux messages, lisez-les",Cmd.ListenMessage
prononcer mes messages,Cmd.ListenMessage
joue le texte que je viens de recevoir,Cmd.ListenMessage
lire mes messages non lus,Cmd.ListenMessage
dis-moi mes messages,Cmd.ListenMessage
écoute mes textes s'il te plaît,Cmd.ListenMessage
lis-moi le dernier message,Cmd.ListenMessage
lire mes SMS entrants,Cmd.ListenMessage
lis-moi ce que les gens ont envoyé,Cmd.ListenMessage
écoute les messages que j'ai reçus,Cmd.ListenMessage
quels textes m'ont été envoyés,Cmd.ListenMessage
lis mes nouveaux textes à haute voix,Cmd.ListenMessage
laisse-moi écouter mes messages,Cmd.ListenMessage
joue qui m'a envoyé un message,Cmd.ListenMessage
lire mes messages entrants,Cmd.ListenMessage
dis-moi quels messages j'ai reçu,Cmd.ListenMessage
parle-moi de mes derniers textes,Cmd.ListenMessage
relire les SMS que j'ai reçus,Cmd.ListenMessage
lire ma boîte de réception de messages,Cmd.ListenMessage
que m'ont envoyé mes contacts,Cmd.ListenMessage
quels messages les gens m'ont envoyé,Cmd.ListenMessage
"est-ce que quelqu'un m'a envoyé quelque chose, lis-le",Cmd.ListenMessage
lis-moi ce qui a été envoyé,Cmd.ListenMessage
dis-moi ce que les gens ont envoyé,Cmd.ListenMessage
joue ce que les gens m'ont envoyé,Cmd.ListenMessage
où ai-je laissé mon téléphone,Cmd.FindMyPhone
aide-moi à trouver mon téléphone,Cmd.FindMyPhone
fais sonner mon téléphone,Cmd.FindMyPhone
je ne trouve pas mon téléphone,Cmd.FindMyPhone
localise mon téléphone pour moi,Cmd.FindMyPhone
cingler mon téléphone,Cmd.FindMyPhone
où est mon téléphone portable,Cmd.FindMyPhone
trouver mon combiné,Cmd.FindMyPhone
faire retentir une alerte sur mon téléphone,Cmd.FindMyPhone
"j'ai égaré mon téléphone, trouve-le",Cmd.FindMyPhone
retrouver mon téléphone,Cmd.FindMyPhone
"mon téléphone est perdu, appelle-le",Cmd.FindMyPhone
sonne sur mon téléphone pour que je l'entende,Cmd.FindMyPhone
où est mon portable,Cmd.FindMyPhone
aide-moi à retrouver mon téléphone,Cmd.FindMyPhone
"j'ai perdu mon téléphone, fais-le sonner",Cmd.FindMyPhone
où pourrait être mon téléphone qui sonne,Cmd.FindMyPhone
déclencher une alerte sur mon téléphone,Cmd.FindMyPhone
"mon combiné a disparu, veuillez sonner",Cmd.FindMyPhone
faire sonner mon téléphone pour que je puisse le localiser,Cmd.FindMyPhone
"je n'arrive pas à localiser mon téléphone, cingle-le",Cmd.FindMyPhone
faire biper mon téléphone perdu,Cmd.FindMyPhone
trouver où est passé mon téléphone,Cmd.FindMyPhone
retrouver mon combiné pour moi,Cmd.FindMyPhone
localiser mon combiné,Cmd.FindMyPhone
trouve mon portable pour moi,Cmd.FindMyPhone
retrouver mon portable,Cmd.FindMyPhone
"je ne trouve pas mon combiné, sonne",Cmd.FindMyPhone
commence à transcrire ça,Cmd.TranscribeStart
écris ce qui se dit,Cmd.TranscribeStart
transformez la parole en texte maintenant,Cmd.TranscribeStart
commencer la transcription en direct,Cmd.TranscribeStart
transcrire ce que j'entends,Cmd.TranscribeStart
mettre cette conversation par écrit,Cmd.TranscribeStart
démarrer les sous-titres,Cmd.TranscribeStart
capturer ce discours sous forme de texte,Cmd.TranscribeStart
obtenir une transcription,Cmd.TranscribeStart
convertir ce qu'ils disent en texte,Cmd.TranscribeStart
commence à écrire le discours,Cmd.TranscribeStart
donne-moi des sous-titres en direct maintenant,Cmd.TranscribeStart
retranscrire cette réunion,Cmd.TranscribeStart
commencer à convertir la parole en texte,Cmd.TranscribeStart
légende ce que les gens disent autour de moi,Cmd.TranscribeStart
mettre des sous-titres sur le discours de chacun,Cmd.TranscribeStart
montre-moi le texte de ce que les gens disent,Cmd.TranscribeStart
légende les gens qui parlent,Cmd.TranscribeStart
écris ce que disent les gens,Cmd.TranscribeStart
traduis-moi ça maintenant,Cmd.TranslationStart
commence à traduire ce qu'ils disent,Cmd.TranslationStart
activer la traduction,Cmd.TranslationStart
traduire leur discours en anglais,Cmd.TranslationStart
commencer la traduction en direct,Cmd.TranslationStart
traduire cette conversation,Cmd.TranslationStart
activer le mode traduction,Cmd.TranslationStart
traduis ce que j'entends,Cmd.TranslationStart
commencer à traduire en espagnol,Cmd.TranslationStart
traduis-les dans ma langue,Cmd.TranslationStart
faire avancer la traduction,Cmd.TranslationStart
traduis le discours maintenant,Cmd.TranslationStart
commence à traduire pour moi,Cmd.TranslationStart
traduire les mots de cette personne,Cmd.TranslationStart
démarrer la traduction en direct,Cmd.TranslationStart
"ils parlent une langue étrangère, traduis-la",Cmd.TranslationStart
je ne comprends pas leur langue traduite,Cmd.TranslationStart
je ne comprends pas cette langue étrangère,Cmd.TranslationStart
aide-moi à comprendre ce qu'ils disent dans une autre langue,Cmd.TranslationStart
ils parlent une autre langue que je ne peux pas suivre,Cmd.TranslationStart
comprends ce locuteur étranger pour moi,Cmd.TranslationStart
mettent leurs mots étrangers dans ma langue,Cmd.TranslationStart
je ne comprends pas leur langue étrangère,Cmd.TranslationStart
convertir cette langue étrangère en anglais,Cmd.TranslationStart
"ils ne parlent pas anglais, aide-moi à les comprendre",Cmd.TranslationStart
rappelle-moi de prendre mes pilules à 8 heures,reminders.add
définir un rappel pour appeler la clinique,reminders.add
ne me laisse pas oublier mon rendez-vous,reminders.add
rappelle-moi le dîner à six heures,reminders.add
faire un rappel pour recharger mes aides auditives,reminders.add
j'ai besoin d'un rappel pour prendre des médicaments,reminders.add
mets quelque chose pour me rappeler demain,reminders.add
rappelle-moi d'arroser les plantes,reminders.add
ajouter un rappel pour ma réunion,reminders.add
rappelle-moi d'appeler ma fille plus tard,reminders.add
mettre un rappel pour mon examen,reminders.add
aide-moi à penser à acheter du lait,reminders.add
rappelle-moi de partir à midi,reminders.add
j'ai mis un rappel pour mes pilules ce soir,reminders.add
créer un rappel pour payer la facture,reminders.add
pousse-moi à m'étirer dans une heure,reminders.add
rappelle-moi le médecin de vendredi,reminders.add
définir un rappel quotidien pour mes vitamines,reminders.add
rappelle-moi de sortir les poubelles,reminders.add
je veux un rappel pour ma classe,reminders.add
alerte-moi quand il est temps de partir,reminders.add
donnez-moi une alerte à l'heure prévue,reminders.add
mets une alerte pour ne pas la manquer,reminders.add
"j'ai un rendez-vous à venir, ne me laisse pas le manquer",reminders.add
assurez-vous que je ne manque pas mon rendez-vous,reminders.add
buzze-moi quand c'est l'heure,reminders.add
préviens-moi le moment venu,reminders.add
"je ne peux pas manquer ce rendez-vous, rappelle-moi",reminders.add
définir une alerte pour mon rendez-vous,reminders.add
pique-moi quand le moment sera venu,reminders.add
marquer mon rappel comme terminé,reminders.complete
j'ai terminé cette tâche,reminders.complete
coche mon rappel,reminders.complete
ce rappel est terminé,reminders.complete
"j'ai pris mes pilules, c'est fait",reminders.complete
effacer ce rappel,reminders.complete
"je l'ai fait, je l'ai rayé",reminders.complete
compléter mon rappel,reminders.complete
marquer cette tâche terminée,reminders.complete
"j'ai géré ça, supprimer le rappel",reminders.complete
j'en ai fini avec ce rappel,reminders.complete
j'ai déjà fait cette marque complètement,reminders.complete
fermez ce rappel,reminders.complete
celui-là est fini,reminders.complete
"je l'ai déjà fait celui-là, efface-le",reminders.complete
cette tâche est prise en charge,reminders.complete
vas-y et termine ce rappel,reminders.complete
"j'ai bouclé ça, marque que c'est fait",reminders.complete
vous pouvez effacer ce rappel maintenant,reminders.complete
"c'est réglé, raye-le",reminders.complete
"je l'ai terminé, supprime le rappel",reminders.complete
j'ai réglé ce rappel,reminders.complete
"j'ai terminé ce rappel, marque-le",reminders.complete
"ce rappel est terminé, supprimez-le",reminders.complete
coche ce rappel de la liste,reminders.complete
"j'ai fini cette tâche, efface le rappel",reminders.complete
raye ce rappel,reminders.complete
"cette tâche est terminée, marquez-la comme terminée",reminders.complete
"terminez ce rappel, c'est fait",reminders.complete
j'ai terminé ce rappel,reminders.complete
comment puis-je régler le volume,Help_Volume
expliquer les commandes de volume,Help_Volume
où puis-je changer le volume,Help_Volume
comment puis-je régler le volume par oreille,Help_Volume
aide-moi à comprendre les paramètres de volume,Help_Volume
quelles sont les options de volume,Help_Volume
comment fonctionnent les réglages du volume,Help_Volume
guide-moi pour changer le volume,Help_Volume
où est le contrôle du volume,Help_Volume
comment puis-je régler le volume de chaque côté,Help_Volume
expliquer comment le rendre plus fort ou plus doux,Help_Volume
aide sur les paramètres de volume,Help_Volume
comment fonctionne le contrôle du volume,Help_Volume
quelle est la façon de changer le volume,Help_Volume
aide avec la fonction volume,Help_Volume
comment puis-je rendre un côté plus fort,Help_Volume
expliquer le réglage du volume par oreille,Help_Volume
où puis-je contrôler le volume,Help_Volume
aide avec volume sur chaque aide,Help_Volume
comment équilibrer le volume entre les oreilles,Help_Volume
quelle est la fonction de contrôle du volume,Help_Volume
comment augmenter le volume dans l'application,Help_Volume
guide-moi sur le réglage du volume,Help_Volume
où sont les paramètres de volume,Help_Volume
comment les changements de volume sont-ils enregistrés,Help_Volume
expliquer les contrôles de volume,Help_Volume
aide-moi à comprendre le volume par côté,Help_Volume
puis-je avoir un volume différent dans chaque oreille,Help_Volume
définir le volume sonore indépendant par côté,Help_Volume
volume différent pour ma gauche et ma droite,Help_Volume
régler le volume de chaque oreille séparément,Help_Volume
contrôler le volume de chaque aide individuellement,Help_Volume
comment changer de programme,Help_ChangingMemories
expliquer les changements de souvenirs,Help_ChangingMemories
comment puis-je me déplacer entre les paramètres,Help_ChangingMemories
quelle est la façon de changer mon programme,Help_ChangingMemories
aide-moi à comprendre les changements de souvenirs,Help_ChangingMemories
comment fonctionnent les différents programmes,Help_ChangingMemories
guide-moi à travers des souvenirs changeants,Help_ChangingMemories
comment puis-je basculer entre les modes,Help_ChangingMemories
expliquer comment fonctionne la commutation de mémoire,Help_ChangingMemories
où puis-je changer le programme sur lequel je suis,Help_ChangingMemories
aide pour passer d'un programme à l'autre,Help_ChangingMemories
comment puis-je basculer entre mes programmes auditifs,Help_ChangingMemories
à quoi sert le changement de mémoire,Help_ChangingMemories
aide au changement de mémoire,Help_ChangingMemories
comment passer d'un programme à un autre,Help_ChangingMemories
expliquer comment se déplacer entre mes programmes,Help_ChangingMemories
aider à comprendre le changement de programme,Help_ChangingMemories
comment fonctionne le changement de profil,Help_ChangingMemories
guide-moi pour changer de programme auditif,Help_ChangingMemories
quelle est la façon de changer entre les paramètres,Help_ChangingMemories
comment puis-je en savoir plus sur le changement de programme,Help_ChangingMemories
expliquer le changement de mes modes d'audition,Help_ChangingMemories
aide pour se déplacer entre les souvenirs,Help_ChangingMemories
comment les changements de programme fonctionnent-ils sur mes aides auditives,Help_ChangingMemories
aide-moi à basculer entre les profils,Help_ChangingMemories
comment changer de profil,Help_ChangingMemories
guide-moi pour changer de profil,Help_ChangingMemories
j'ai besoin d'aide pour changer de programme,Help_ChangingMemories
explique-moi comment changer de profil,Help_ChangingMemories
puis-je renommer mes souvenirs,Help_MemoryOptions
expliquer les options de mémoire,Help_MemoryOptions
comment supprimer un programme,Help_MemoryOptions
quels paramètres de mémoire sont disponibles,Help_MemoryOptions
comment puis-je enregistrer un programme favori,Help_MemoryOptions
puis-je définir un programme pour un lieu,Help_MemoryOptions
aide avec les préréglages de mémoire,Help_MemoryOptions
comment fonctionnent les programmes personnalisés,Help_MemoryOptions
expliquer les options du programme,Help_MemoryOptions
combien de souvenirs puis-je avoir,Help_MemoryOptions
puis-je ajouter un nouveau souvenir,Help_MemoryOptions
quels sont mes choix de programme,Help_MemoryOptions
aide-moi à configurer une mémoire personnalisée,Help_MemoryOptions
comment gérer mes programmes,Help_MemoryOptions
expliquer les options de configuration de mon programme,Help_MemoryOptions
comment organiser mes souvenirs,Help_MemoryOptions
que puis-je faire avec les préréglages du programme,Help_MemoryOptions
aide à gérer mes programmes sauvegardés,Help_MemoryOptions
comment ajouter ou supprimer un programme,Help_MemoryOptions
guidez-moi sur les options de programme,Help_MemoryOptions
comment puis-je coupler mes aides auditives à mon téléphone,Help_Pairing
expliquer le couplage Bluetooth,Help_Pairing
mes aides auditives ne se connectent pas à l'application,Help_Pairing
aide au couplage avec mon téléphone,Help_Pairing
comment configurer le Bluetooth,Help_Pairing
guide-moi dans le jumelage,Help_Pairing
pourquoi mes aides auditives ne s'associent-elles pas,Help_Pairing
comment relier mes aides auditives à Bluetooth,Help_Pairing
aide au couplage s'il vous plaît,Help_Pairing
étapes pour coupler mes appareils auditifs,Help_Pairing
mes aides auditives ont perdu la connexion avec le téléphone,Help_Pairing
comment lier mes aides auditives à l'application,Help_Pairing
aide au couplage Bluetooth,Help_Pairing
mes aides auditives ont perdu leur connexion Bluetooth,Help_Pairing
j'ai perdu la connexion avec mes aides auditives,Help_Pairing
"mes aides auditives sont débranchées, rebranchez-les",Help_Pairing
la connexion à mes aides auditives a été interrompue,Help_Pairing
mes aides auditives ne restent pas connectées à mon téléphone,Help_Pairing
reconnecter mes aides auditives à l'application,Help_Pairing
mes aides auditives continuent de perdre la liaison Bluetooth,Help_Pairing
aide mes aides auditives à perdre la connexion au téléphone,Help_Pairing
comment retrouver des aides auditives perdues,Help_FindMyHearingAids
expliquer la fonction Trouver mes aides auditives,Help_FindMyHearingAids
où est le localisateur de mes aides auditives,Help_FindMyHearingAids
comment fonctionne la recherche de mes aides auditives,Help_FindMyHearingAids
aide-moi à localiser les aides égarées,Help_FindMyHearingAids
quel est l'outil Trouver mes aides auditives,Help_FindMyHearingAids
comment l'application peut-elle m'aider à trouver mes aides auditives,Help_FindMyHearingAids
guide-moi vers le chercheur d'aide,Help_FindMyHearingAids
comment retrouver mes aides auditives,Help_FindMyHearingAids
où puis-je voir le dernier emplacement de mes aides auditives ?,Help_FindMyHearingAids
aide à trouver la fonction de mes aides auditives,Help_FindMyHearingAids
comment puis-je utiliser trouver mes aides auditives,Help_FindMyHearingAids
à quoi sert la fonction d'aide à la localisation,Help_FindMyHearingAids
trouver mon aide auditive,Help_FindMyHearingAids
comment rechercher mes aides auditives dans l'application,Help_FindMyHearingAids
quels accessoires fonctionnent avec mes aides auditives,Help_Accessories
expliquer le microphone à distance,Help_Accessories
comment puis-je utiliser le streamer TV,Help_Accessories
quels modules complémentaires sont disponibles,Help_Accessories
aide avec le micro à distance,Help_Accessories
mes aides auditives supportent-elles un connecteur TV,Help_Accessories
quels appareils supplémentaires puis-je associer,Help_Accessories
expliquer les options d'accessoires,Help_Accessories
comment fonctionne la mini télécommande,Help_Accessories
quels gadgets sont compatibles,Help_Accessories
parlez-moi des accessoires disponibles,Help_Accessories
comment configurer l'accessoire TV,Help_Accessories
"accessoires, aidez-moi s'il vous plaît",Help_Accessories
quel matériel puis-je ajouter,Help_Accessories
guide-moi sur les accessoires,Help_Accessories
puis-je utiliser un clip sur le microphone,Help_Accessories
est-ce que ça marche avec un micro distant,Help_Accessories
puis-je connecter un micro externe,Help_Accessories
quels microphones puis-je coupler,Help_Accessories
y a-t-il un accessoire de streaming TV,Help_Accessories
puis-je ajouter un micro partenaire,Help_Accessories
est-ce qu'un microphone à distance fonctionne avec mes aides auditives,Help_Accessories
quels micros supplémentaires sont pris en charge,Help_Accessories
puis-je utiliser un micro-cravate avec mes aides auditives,Help_Accessories
puis-je diffuser en utilisant un microphone distant,Help_Accessories
est-ce qu'un clip sur le micro envoie de l'audio à mes aides auditives,Help_Accessories
utiliser un accessoire de micro externe avec mes aides auditives,Help_Accessories
le micro du partenaire diffuse-t-il vers mes aides auditives,Help_Accessories
puis-je coupler un microphone portable,Help_Accessories
diffuser depuis un micro accessoire vers mes aides auditives,Help_Accessories
quels accessoires de microphone peuvent me diffuser,Help_Accessories
connecter un accessoire de micro distant,Help_Accessories
comment fonctionne la programmation à distance,Help_RemoteProgramming
mon audiologiste peut-il régler mes aides auditives à distance,Help_RemoteProgramming
expliquer les réglages à distance,Help_RemoteProgramming
comment puis-je obtenir un réglage précis à distance,Help_RemoteProgramming
qu'est-ce que le réglage à distance,Help_RemoteProgramming
les paramètres peuvent-ils être modifiés à distance,Help_RemoteProgramming
expliquer comment fonctionne le réglage à distance,Help_RemoteProgramming
comment fonctionnent les mises à jour à distance de mes aides auditives,Help_RemoteProgramming
guide-moi sur la programmation à distance,Help_RemoteProgramming
comment mon prestataire règle-t-il mes aides auditives à distance,Help_RemoteProgramming
qu'est-ce que la programmation à distance me permet de faire,Help_RemoteProgramming
aider à comprendre le réglage à distance,Help_RemoteProgramming
expliquer comment mon audiologiste m'accorde à distance,Help_RemoteProgramming
aide pour obtenir un réglage à distance,Help_RemoteProgramming
comment fonctionnent les raccords à distance,Help_RemoteProgramming
guidez-moi sur le réglage fin à distance,Help_RemoteProgramming
comment demander un montage à distance,Help_RemoteProgramming
quel est le processus d'ajustement à distance,Help_RemoteProgramming
"mes oreilles n'arrêtent pas de bourdonner, que puis-je faire",Help_Tinnitus
expliquer les caractéristiques des acouphènes,Help_Tinnitus
comment puis-je gérer les bourdonnements d'oreilles,Help_Tinnitus
aide avec le bourdonnement dans mes oreilles,Help_Tinnitus
à quoi sert l'outil contre les acouphènes,Help_Tinnitus
comment utiliser le soulagement des acouphènes,Help_Tinnitus
y a-t-il une fonction pour les bourdonnements d'oreilles ?,Help_Tinnitus
expliquer comment soulager les acouphènes,Help_Tinnitus
comment le son de masquage aide-t-il les acouphènes,Help_Tinnitus
aide pour la sonnerie constante,Help_Tinnitus
quelles sont mes options pour les acouphènes,Help_Tinnitus
comment activer le soulagement des acouphènes,Help_Tinnitus
guidez-moi sur la gestion des acouphènes,Help_Tinnitus
aide sur la fonction acouphènes,Help_Tinnitus
comment mes aides auditives peuvent-elles m'aider à sonner,Help_Tinnitus
aide avec la fonction bourdonnements d'oreilles,Help_Tinnitus
comment gérer mes acouphènes,Help_Tinnitus
la fonction de masquage sonore aide,Help_Tinnitus
comment puis-je démarrer le son de soulagement des acouphènes,Help_Tinnitus
expliquer comment les aides aident à sonner,Help_Tinnitus
quelle est la fonction de soulagement des acouphènes,Help_Tinnitus
comment activer le son apaisant,Help_Tinnitus
aide pour mes bourdonnements d'oreilles,Help_Tinnitus
guide-moi sur le soulagement des acouphènes,Help_Tinnitus
à quoi sert la fonction acouphènes,Help_Tinnitus
comment utiliser le bruit de masquage,Help_Tinnitus
expliquer le son de soulagement pour les bourdonnements d'oreilles,Help_Tinnitus
le bourdonnement dans mes oreilles est insupportable,Help_Tinnitus
ce bourdonnement d'oreille me rend fou,Help_Tinnitus
je ne supporte pas les bourdonnements dans mes oreilles,Help_Tinnitus
la sonnerie constante est exaspérante,Help_Tinnitus
"Au secours, la sonnerie ne s'arrêtera pas",Help_Tinnitus
comment puis-je exécuter un Self Check,Help_SelfCheck
expliquer la fonctionnalité Self Check,Help_SelfCheck
comment tester mes aides auditives,Help_SelfCheck
que fait le Self Check,Help_SelfCheck
aide-moi à vérifier si mes aides auditives fonctionnent,Help_SelfCheck
comment faire un diagnostic sur mes aides auditives,Help_SelfCheck
guide-moi à travers un Self Check,Help_SelfCheck
comment puis-je vérifier que mes aides auditives fonctionnent,Help_SelfCheck
Self Check aide s'il te plaît,Help_SelfCheck
où est le test de l'appareil,Help_SelfCheck
comment puis-je m'assurer que mes aides auditives fonctionnent correctement,Help_SelfCheck
expliquer comment tester mes appareils auditifs,Help_SelfCheck
passe-moi à travers le Self Check,Help_SelfCheck
que me dit un Self Check,Help_SelfCheck
comment puis-je diagnostiquer mes aides auditives,Help_SelfCheck
comment puis-je diagnostiquer un problème avec mes aides auditives,Help_SelfCheck
fais-moi tester mes aides auditives,Help_SelfCheck
aide à vérifier si quelque chose ne va pas avec mon aide auditive,Help_SelfCheck
comment puis-je dépanner moi-même mes aides auditives,Help_SelfCheck
guidez-moi pour exécuter un test d'appareil,Help_SelfCheck
à quoi sert l'exécution d'un contrôle de diagnostic,Help_SelfCheck
quel est mon score Thrive,Help_ThriveScore
expliquer comment fonctionne le score Thrive,Help_ThriveScore
où puis-je voir mon score de bien-être,Help_ThriveScore
comment est calculé mon score,Help_ThriveScore
aide-moi à comprendre le score Thrive,Help_ThriveScore
que signifient mon corps et score cérébral,Help_ThriveScore
comment puis-je améliorer mon score Thrive,Help_ThriveScore
expliquer le score d'engagement,Help_ThriveScore
ce qui entre dans le score Thrive,Help_ThriveScore
où est mon score quotidien,Help_ThriveScore
qu'est-ce qu'un bon score Thrive,Help_ThriveScore
comment puis-je vérifier mon score de bien-être,Help_ThriveScore
expliquer mon score cérébral,Help_ThriveScore
Aide score Thrive,Help_ThriveScore
où puis-je trouver ma note globale,Help_ThriveScore
afficher mon évaluation quotidienne du bien-être,Help_ThriveScore
quel est mon chiffre total de réussite,Help_ThriveScore
où est ma note d'engagement,Help_ThriveScore
ma note globale de la journée,Help_ThriveScore
comment puis-je voir ma note de réussite,Help_ThriveScore
où est mon évaluation combinée du corps et du cerveau,Help_ThriveScore
quel est mon score de réussite quotidien,Help_ThriveScore
"le son continue de se couper, que dois-je faire",Help_DeviceSettings
"le son de mes aides auditives est déformé, aide",Help_DeviceSettings
pourquoi le son baisse-t-il parfois,Help_DeviceSettings
"tout semble flou, comment puis-je y remédier",Help_DeviceSettings
aide mes aides auditives à sonner,Help_DeviceSettings
la qualité du son s'est détériorée,Help_DeviceSettings
le son de mes aides auditives est étouffé,Help_DeviceSettings
pourquoi y a-t-il de la statique dans mes aides auditives,Help_DeviceSettings
comment puis-je réparer une mauvaise qualité sonore,Help_DeviceSettings
l'audio se brise,Help_DeviceSettings
mes aides auditives continuent de bugger,Help_DeviceSettings
le son crépite dans mes aides auditives,Help_DeviceSettings
aide avec le mauvais son de mes aides auditives,Help_DeviceSettings
pourquoi mes aides auditives semblent-elles étranges,Help_DeviceSettings
mes aides auditives ne sonnent pas bien,Help_DeviceSettings
mes aides auditives n'arrêtent pas de fonctionner,Help_DeviceSettings
aide mes aides auditives à sonner crépitantes,Help_DeviceSettings
la qualité du son est mauvaise ces derniers temps,Help_DeviceSettings
pourquoi mon aides auditives bourdonne,Help_DeviceSettings
mes aides auditives n'arrêtent pas de faire du bruit,Help_DeviceSettings
aide à réparer le son de mes aides auditives,Help_DeviceSettings
le son est déformé sur mes aides auditives,Help_DeviceSettings
mes aides auditives semblent minuscules,Help_DeviceSettings
pourquoi mon aide auditive est-elle silencieuse d'un côté,Help_DeviceSettings
dépanner le son de mon aide auditive,Help_DeviceSettings
mes aides auditives se coupent par intermittence,Help_DeviceSettings
aide avec un mauvais son de mes aides auditives,Help_DeviceSettings
le son n'arrête pas de se briser,Help_DeviceSettings
mes aides auditives sonnent mal aujourd'hui,Help_DeviceSettings
réparer l'électricité statique dans mes aides auditives,Help_DeviceSettings
pourquoi mes aides auditives semblent-elles étouffées,Help_DeviceSettings
aide mes aides auditives à ne pas sonner correctement,Help_DeviceSettings
régler le problème de son sur mes aides auditives,Help_DeviceSettings
régler les problèmes de son sur mes aides auditives,Help_DeviceSettings
aide avec les réglages sonores de mon aide auditive,Help_DeviceSettings
trier le son de mon appareil auditif,Help_DeviceSettings
"mes aides auditives doivent être ajustées, elles sonnent mal",Help_DeviceSettings
réparer l'audio de mes aides auditives,Help_DeviceSettings
aidez-moi à corriger mes paramètres d'aide,Help_DeviceSettings
le son continue d'entrer et de sortir,Help_DeviceSettings
ma qualité audio s'est dégradée,Help_DeviceSettings
le bruit de mes aides auditives médicales s'est aggravé,Help_DeviceSettings
le son de mon aide auditive n'arrête pas de bugger,Help_DeviceSettings
réparer le son déclinant de mes aides auditives,Help_DeviceSettings
comment fonctionne IntelliVoice,Help_IntelliVoice
expliquer la fonction vocale intelligente,Help_IntelliVoice
à quoi sert la voix intelligente,Help_IntelliVoice
comment activer IntelliVoice,Help_IntelliVoice
aide avec la fonction d'amélioration de la parole,Help_IntelliVoice
qu'est-ce que la fonctionnalité vocale IA,Help_IntelliVoice
comment fonctionne la fonction de clarté vocale,Help_IntelliVoice
expliquer l'amélioration de la parole DNN,Help_IntelliVoice
quand dois-je utiliser IntelliVoice,Help_IntelliVoice
guide-moi sur la voix intelligente,Help_IntelliVoice
IntelliVoice aidez-moi s'il vous plaît,Help_IntelliVoice
à quoi sert le mode vocal intelligent,Help_IntelliVoice
comment puis-je activer l'amélioration de la parole,Help_IntelliVoice
expliquer comment IntelliVoice aide,Help_IntelliVoice
parlez-moi de la fonction vocale intelligente,Help_IntelliVoice
comment fonctionne la détection de chute,Help_FallAlert
est-ce que mon aides auditives alertera quelqu'un si je tombe,Help_FallAlert
expliquer la fonction d'alerte de chute,Help_FallAlert
que se passe-t-il quand je tombe,Help_FallAlert
aide avec les alertes d'automne,Help_FallAlert
est-ce qu'il prévient ma famille si je fais une chute,Help_FallAlert
expliquer comment les alertes d'automne sont envoyées,Help_FallAlert
comment activer la détection de chute,Help_FallAlert
à quoi sert l'alerte de chute,Help_FallAlert
guide-moi sur les alertes d'automne,Help_FallAlert
qui est averti si je tombe,Help_FallAlert
aide à la détection de chute,Help_FallAlert
quelle est la fiabilité de l'alerte de chute,Help_FallAlert
comment fonctionnent les notifications d'automne,Help_FallAlert
est-ce qu'il remarquera si je fais une chute,Help_FallAlert
est-ce qu'il attrape une chute,Help_FallAlert
saura-t-il si je tombe,Help_FallAlert
est-ce qu'il détecte une chute et alerte quelqu'un,Help_FallAlert
une chute déclenchera-t-elle une alerte,Help_FallAlert
comment partager ce que j'entends,Help_HearShare
expliquer HearShare,Help_HearShare
quelqu'un peut-il m'écouter,Help_HearShare
aide à la configuration de HearShare,Help_HearShare
comment ajouter une personne à HearShare,Help_HearShare
qu'est-ce que la fonctionnalité HearShare,Help_HearShare
expliquer comment partager mon audio,Help_HearShare
comment puis-je laisser un soignant écouter,Help_HearShare
guide-moi à travers HearShare,Help_HearShare
HearShare aidez-moi s'il vous plaît,Help_HearShare
puis-je partager le son de mon aide auditive avec ma famille,Help_HearShare
comment HearShare connecte-t-il une autre personne,Help_HearShare
à quoi sert l'écoute partagée,Help_HearShare
aide-moi à utiliser HearShare,Help_HearShare
comment puis-je laisser une autre personne entendre avec moi,Help_HearShare
expliquer le partage de mon audio avec ma famille,Help_HearShare
aide avec la fonction d'écoute partagée,Help_HearShare
un soignant peut-il écouter ce que j'entends,Help_HearShare
comment puis-je inviter quelqu'un à HearShare,Help_HearShare
à quoi sert la fonction d'écoute partagée,Help_HearShare
comment partager le son de mon aide auditive,Help_HearShare
guide-moi pour partager ce que j'entends,Help_HearShare
deux personnes peuvent-elles écouter ensemble,Help_HearShare
comment fonctionne le partage audio avec une autre personne,Help_HearShare
aide à la mise en place d'une écoute partagée,Help_HearShare
expliquer comment partager mon son,Help_HearShare
laisse un ami entendre ce que j'entends,Help_HearShare
partager mon audition avec une autre personne,Help_HearShare
je veux que quelqu'un m'écoute,Help_HearShare
diffuser ce que j'entends à un membre de ma famille,Help_HearShare
mon conjoint peut-il entendre à travers mes aides auditives,Help_HearShare
partager mon audio avec un proche,Help_HearShare
laisser une autre personne entendre ce que j'entends,Help_HearShare
diffuser mon audition à quelqu'un d'autre,Help_HearShare
un ami peut-il m'écouter,Help_HearShare
partager le son de mon aide auditive avec quelqu'un,Help_HearShare
laissez un membre de la famille écouter,Help_HearShare
envoyer ce que j'entends à une autre personne,Help_HearShare
comment puis-je laisser quelqu'un m'écouter,Help_HearShare
partager mon audio pour que les autres puissent l'entendre,Help_HearShare
quels assistants vocaux puis-je utiliser,Help_VoiceAssistant
puis-je utiliser Siri avec mes aides auditives,Help_VoiceAssistant
expliquer la fonction d'assistant vocal,Help_VoiceAssistant
comment configurer l'assistant Google,Help_VoiceAssistant
aide avec l'assistant vocal,Help_VoiceAssistant
est-ce que ça marche avec Alexa,Help_VoiceAssistant
comment puis-je parler à mon assistant vocal,Help_VoiceAssistant
expliquer comment fonctionne la commande vocale,Help_VoiceAssistant
comment puis-je activer l'assistant,Help_VoiceAssistant
que peut faire l'assistant vocal,Help_VoiceAssistant
guide-moi sur l'assistant vocal,Help_VoiceAssistant
"assistant vocal, aidez-moi s'il vous plaît",Help_VoiceAssistant
comment utiliser les commandes vocales,Help_VoiceAssistant
puis-je contrôler mes aides auditives vocalement,Help_VoiceAssistant
parle-moi de l'assistant vocal,Help_VoiceAssistant
expliquer l'utilisation d'un assistant vocal avec mes aides auditives,Help_VoiceAssistant
aide à la configuration de la commande vocale,Help_VoiceAssistant
puis-je associer Siri à mes aides auditives,Help_VoiceAssistant
guide-moi sur la fonction assistant vocal,Help_VoiceAssistant
comment utiliser l'assistant Google avec mes aides auditives,Help_VoiceAssistant
quelles aides vocales sont prises en charge,Help_VoiceAssistant
comment mettre mes aides auditives,Help_InsertDevice
expliquer comment insérer mes aides auditives,Help_InsertDevice
dans quel sens l'aide va-t-elle dans mon oreille,Help_InsertDevice
aide à mettre mes appareils auditifs,Help_InsertDevice
"mon aide auditive continue de tomber, comment puis-je l'adapter",Help_InsertDevice
comment porter correctement mes aides auditives,Help_InsertDevice
guide-moi pour l'insertion de mes aides auditives,Help_InsertDevice
comment l'aide devrait-elle être placée dans mon oreille,Help_InsertDevice
conseils pour mettre mes aides auditives,Help_InsertDevice
comment placer le dôme dans mon oreille,Help_InsertDevice
aide-moi à ajuster mes appareils auditifs,Help_InsertDevice
quelle est la bonne façon d'insérer mes aides auditives,Help_InsertDevice
comment puis-je obtenir l'aide pour rester,Help_InsertDevice
expliquer le placement approprié de l'aide,Help_InsertDevice
aide à l'insertion d'appareils auditifs,Help_InsertDevice
mon aide auditive continue de glisser,Help_InsertDevice
l'aide ne restera pas dans mon oreille,Help_InsertDevice
mon appareil auditif ne s'installe pas correctement,Help_InsertDevice
l'aide auditive tombe quand je mâche,Help_InsertDevice
mon aide auditive est lâche dans mon oreille,Help_InsertDevice
pourquoi mon aide auditive continue-t-elle à arriver,Help_InsertDevice
le dôme ne restera pas en place,Help_InsertDevice
mon aide auditive continue de s'épuiser,Help_InsertDevice
comment puis-je empêcher mon aide auditive de tomber,Help_InsertDevice
mon appareil auditif n'arrête pas de tomber de mon oreille,Help_InsertDevice
l'aide continue de tomber de mon oreille,Help_InsertDevice
mon appareil auditif tombe de mon oreille,Help_InsertDevice
l'appareil ne reste pas en place dans mon oreille,Help_InsertDevice
mon aide auditive n'arrête pas de sortir,Help_InsertDevice
"mon aide auditive ne reste pas dedans, elle continue de sortir",Help_InsertDevice
comment puis-je modifier les paramètres de l'application,Help_AppSettings
où sont les préférences de l'application,Help_AppSettings
expliquer le menu des paramètres,Help_AppSettings
comment réinitialiser l'application,Help_AppSettings
aide à la configuration de l'application,Help_AppSettings
comment mettre à jour les préférences de mon application,Help_AppSettings
où puis-je gérer les options de l'application,Help_AppSettings
comment changer la langue de l'application,Help_AppSettings
guide-moi à travers les paramètres de l'application,Help_AppSettings
comment puis-je ajuster les notifications dans l'application,Help_AppSettings
comment restaurer les paramètres par défaut de l'application,Help_AppSettings
où puis-je trouver la page des paramètres,Help_AppSettings
comment configurer l'application comme je le souhaite,Help_AppSettings
expliquer comment configurer l'application,Help_AppSettings
comment nettoyer mes aides auditives,Help_CleanCare
expliquer comment prendre soin de mes aides auditives,Help_CleanCare
mes aides auditives peuvent-elles être mouillées,Help_CleanCare
aide à garder mes aides auditives propres,Help_CleanCare
quelle est la meilleure façon de nettoyer mes aides auditives,Help_CleanCare
conseils pour nettoyer mes aides auditives,Help_CleanCare
comment puis-je enlever la cire de mes aides auditives,Help_CleanCare
guide-moi dans l'entretien de mes aides auditives,Help_CleanCare
aide au nettoyage et à l'entretien,Help_CleanCare
comment dois-je conserver mes aides auditives pour la nuit,Help_CleanCare
comment puis-je garder l'humidité hors de mes aides auditives,Help_CleanCare
expliquer l'entretien des aides auditives,Help_CleanCare
est-il sécuritaire de mouiller mes aides auditives ?,Help_CleanCare
mes aides auditives peuvent-elles supporter l'eau,Help_CleanCare
et si mes aides auditives sont mouillées,Help_CleanCare
mes aides auditives sont-elles étanches,Help_CleanCare
puis-je porter mes aides auditives sous la douche,Help_CleanCare
que se passe-t-il si mes aides auditives sont mouillées,Help_CleanCare
l'humidité est-elle mauvaise pour mes aides auditives,Help_CleanCare
puis-je nettoyer mes aides auditives avec de l'eau,Help_CleanCare
comment gérer la transpiration sur mes aides auditives,Help_CleanCare
comment puis-je prendre soin de mes aides auditives,Help_CleanCare
entretien de mes aides auditives,Help_CleanCare
comment puis-je entretenir mes aides auditives,Help_CleanCare
garder mes aides auditives en bon état,Help_CleanCare
prendre soin et entretenir mes aides auditives,Help_CleanCare
comment personnaliser mon son,Help_Customize
expliquer comment personnaliser mes aides auditives,Help_Customize
puis-je affiner les basses et les aigus,Help_Customize
comment personnaliser mon expérience auditive,Help_Customize
aide à personnaliser mes paramètres,Help_Customize
comment ajuster le ton de mes aides auditives,Help_Customize
que puis-je personnaliser sur mes aides auditives,Help_Customize
guide-moi sur la personnalisation du son,Help_Customize
comment puis-je définir mes propres préférences,Help_Customize
comment puis-je changer le profil sonore,Help_Customize
aide à la personnalisation s'il vous plaît,Help_Customize
comment puis-je m'approprier le son,Help_Customize
puis-je ajuster les paramètres à mon goût,Help_Customize
expliquer la personnalisation de mes aides auditives,Help_Customize
comment puis-je personnaliser le son des choses,Help_Customize
comment puis-je affiner mes préférences sonores,Help_Customize
expliquer personnaliser mon audition,Help_Customize
où puis-je régler les basses et les aigus,Help_Customize
aide à personnaliser mon expérience auditive,Help_Customize
comment puis-je définir mon propre profil sonore,Help_Customize
que puis-je personnaliser sur mes aides auditives,Help_Customize
guide-moi dans la personnalisation de mon son,Help_Customize
comment changer le ton de mes aides auditives,Help_Customize
expliquer les options de personnalisation,Help_Customize
comment puis-je faire en sorte que le son me convienne,Help_Customize
aider à personnaliser la façon dont les choses sonnent,Help_Customize
où puis-je modifier mes paramètres sonores,Help_Customize
quoi de neuf dans l'application,Help_WhatsNew
montre-moi les dernières fonctionnalités,Help_WhatsNew
ce qui a été ajouté récemment,Help_WhatsNew
toute nouvelle mise à jour à connaître,Help_WhatsNew
expliquer ce qui a changé dans cette version,Help_WhatsNew
ce qui a été mis à jour récemment,Help_WhatsNew
parlez-moi des nouvelles fonctionnalités,Help_WhatsNew
ce qui est différent dans la dernière version,Help_WhatsNew
afficher les changements récents,Help_WhatsNew
quelles améliorations sont nouvelles,Help_WhatsNew
aide-moi à voir les nouveautés,Help_WhatsNew
quelles fonctionnalités viennent d'être ajoutées,Help_WhatsNew
rattrape-moi avec des nouveautés,Help_WhatsNew
quoi de neuf dans cette mise à jour,Help_WhatsNew
"mises à jour récentes des fonctionnalités, s'il vous plaît",Help_WhatsNew
comment fonctionne le système cros,Help_WiCROS
expliquer les cros sans fil,Help_WiCROS
qu'est-ce qu'une aide auditive Cros,Help_WiCROS
aide avec ma configuration Cros,Help_WiCROS
comment Cros envoie-t-il le son à ma bonne oreille,Help_WiCROS
que fait le cros,Help_WiCROS
expliquer comment fonctionnent les cros et les bicros,Help_WiCROS
comment utiliser mon appareil auditif Cros,Help_WiCROS
guide-moi sur la fonctionnalité cros,Help_WiCROS
qu'est-ce que Wicros,Help_WiCROS
aidez-moi s'il vous plaît,Help_WiCROS
comment fonctionne l'émetteur cros,Help_WiCROS
comment configurer Cros,Help_WiCROS
expliquer les cros pour une audition unilatérale,Help_WiCROS
parlez-moi du système cros,Help_WiCROS
je ne sais pas comment utiliser cette application,Help_Home
explique-moi les bases,Help_Home
que peut faire cette application pour moi,Help_Home
"je suis nouveau, aide-moi à démarrer",Help_Home
donne-moi un aperçu de l'application,Help_Home
je suis confus par tous ces écrans,Help_Home
aide-moi à comprendre l'application,Help_Home
que dois-je faire en premier ici,Help_Home
j'ai besoin d'un coup de main pour y aller,Help_Home
explique-moi l'écran principal,Help_Home
où dois-je aller pour faire des choses,Help_Home
aide-moi à m'orienter,Help_Home
quelles sont les principales choses que je peux faire,Help_Home
présente-moi l'application,Help_Home
je suis complètement perdu ici,Help_Home
tout cela me rend confus,Help_Home
je n'arrive pas à comprendre l'application,Help_Home
je ne comprends pas comment tout cela fonctionne,Help_Home
"aide, je suis submergé par l'application",Help_Home
dois-je utiliser des piles rechargeables ou jetables,Help_Battery
expliquer les options de batterie pour mes aides auditives,Help_Battery
ma batterie se décharge trop vite pourquoi,Help_Battery
combien de temps doit durer une batterie,Help_Battery
aide pour les questions sur la batterie,Help_Battery
quelle taille de batterie mes aides auditives utilisent-elles,Help_Battery
conseils pour prolonger la durée de vie de mes batteries,Help_Battery
pourquoi la durée de vie de ma batterie diminue-t-elle,Help_Battery
expliquer les piles des appareils auditifs,Help_Battery
comment changer la batterie,Help_Battery
quelle est la meilleure batterie pour mes aides auditives,Help_Battery
guide-moi sur l'entretien de la batterie,Help_Battery
"batterie, aide s'il vous plaît",Help_Battery
comment stocker les piles de rechange,Help_Battery
pourquoi les piles meurent-elles rapidement dans mes aides auditives,Help_Battery
expliquer la fonction de rappel,Help_Reminder
comment gérer mes rappels,Help_Reminder
aide à la configuration des rappels,Help_Reminder
où puis-je voir mes rappels,Help_Reminder
comment modifier un rappel,Help_Reminder
que peut faire la fonction de rappel,Help_Reminder
guide-moi sur l'utilisation des rappels,Help_Reminder
comment puis-je faire un rappel répétitif,Help_Reminder
puis-je recevoir des rappels quotidiens,Help_Reminder
expliquer comment planifier des rappels,Help_Reminder
comment fonctionnent les notifications de rappel,Help_Reminder
puis-je configurer un rappel quotidien,Help_Reminder
y a-t-il une option de rappel quotidien,Help_Reminder
comment puis-je répéter un rappel quotidiennement,Help_Reminder
définir un rappel quotidien récurrent,Help_Reminder
les rappels peuvent-ils se répéter tous les jours,Help_Reminder
expliquer la fonctionnalité de traduction,Help_Translate
comment fonctionne la traduction dans l'application,Help_Translate
l'espagnol est-il pris en charge pour la traduction,Help_Translate
aide avec la fonction de traduction,Help_Translate
quelle est la précision de la traduction,Help_Translate
quelle est la fonctionnalité de traduction,Help_Translate
guide-moi sur l'utilisation de la traduction,Help_Translate
"traduit-il, enregistre-t-il les conversations",Help_Translate
comment puis-je définir la langue de traduction,Help_Translate
peut-il traduire deux langues à la fois,Help_Translate
comment utiliser l'outil de traduction,Help_Translate
expliquer la traduction en temps réel,Help_Translate
à quoi sert la fonction de traduction,Help_Translate
aide avec la fonction de traduction linguistique,Help_Translate
quelle est la qualité de la fonction de traduction,Help_Translate
quelles langues la traduction prend-elle en charge,Help_Translate
parlez-moi de la fonction de traduction,Help_Translate
l'application peut-elle traduire des langues pour moi,Help_Translate
expliquer comment fonctionne la traduction sur mes aides auditives,Help_Translate
y a-t-il une fonction de traduction,Help_Translate
à quoi sert la fonctionnalité de traduction,Help_Translate
comment configurer la traduction linguistique,Help_Translate
aider à comprendre la fonctionnalité de traduction,Help_Translate
la traduction fonctionne-t-elle dans les deux sens,Help_Translate
quelles langues de traduction sont proposées,Help_Translate
comment choisir une langue de traduction,Help_Translate
la traduction en temps réel est-elle disponible,Help_Translate
l'espagnol est-il disponible pour la traduction,Help_Translate
quelles langues sont prises en charge pour la traduction,Help_Translate
y a-t-il plusieurs langues à traduire,Help_Translate
ma langue est-elle proposée à la traduction,Help_Translate
quelles langues la fonction de traduction propose-t-elle,Help_Translate
l'allemand est-il l'une des options de traduction,Help_Translate
est-ce que ça peut se traduire en français,Help_Translate
les langues étrangères sont-elles prises en charge,Help_Translate
soutenez-vous la traduction italienne,Help_Translate
comment fonctionne la transcription,Help_Transcribe
expliquer la fonction de transcription,Help_Transcribe
aide à la transcription,Help_Transcribe
puis-je sauvegarder mes relevés de notes,Help_Transcribe
quelle est la précision de la transcription,Help_Transcribe
guide-moi sur l'utilisation de la transcription,Help_Transcribe
est-ce que la transcription garde mes conversations,Help_Transcribe
où puis-je trouver la transcription,Help_Transcribe
comment lire ce qui a été transcrit,Help_Transcribe
expliquer comment fonctionnent les sous-titres dans l'application,Help_Transcribe
à quoi sert la fonction de transcription,Help_Transcribe
comment utiliser la synthèse vocale,Help_Transcribe
aide sur la fonctionnalité des sous-titres,Help_Transcribe
aide avec la fonction de sous-titrage,Help_Transcribe
existe-t-il un moyen de sous-titrer les conversations,Help_Transcribe
parlez-moi des sous-titres en direct,Help_Transcribe
à quoi sert la fonction de transcription,Help_Transcribe
comment fonctionnent les sous-titres sur mes aides auditives,Help_Transcribe
est-ce que mes aides auditives affichent les sous-titres du discours,Help_Transcribe
expliquer la fonctionnalité parole-texte,Help_Transcribe
aider à comprendre la transcription,Help_Transcribe
que peut faire la fonction de sous-titrage,Help_Transcribe
comment puis-je afficher une transcription,Help_Transcribe
la fonction de transcription est-elle gratuite,Help_Transcribe
où les transcriptions sont-elles enregistrées,Help_Transcribe
où puis-je voir mes données de santé,Help_Health
expliquer le tableau de bord de santé,Help_Health
comment puis-je voir mon résumé de condition physique,Help_Health
où est mon aperçu de mon activité,Help_Health
aide au bilan de santé,Help_Health
quelles informations de santé l'application suit-elle,Help_Health
guide-moi vers mes données de bien-être,Help_Health
où puis-je voir les étapes et faire de l'exercice ensemble,Help_Health
comment puis-je lire mes statistiques de santé,Help_Health
qu'y a-t-il sur le tableau de bord de santé,Help_Health
comment puis-je vérifier mon activité globale,Help_Health
expliquer mon suivi de condition physique,Help_Health
où s'affichent mes mesures de santé,Help_Health
où est mon aperçu de ma condition physique,Help_Health
afficher mon résumé d'activité et d'exercice,Help_Health
mes indicateurs de santé quotidiens,Help_Health
où mes pas et mes entraînements s'affichent-ils ensemble,Help_Health
ouvrir mon tableau de bord bien-être,Help_Health
mes statistiques d'activité globales,Help_Health
mes aides auditives peuvent-elles suivre ma fréquence cardiaque,Help_HeartRate
comment puis-je voir ma fréquence cardiaque,Help_HeartRate
où puis-je trouver mes lectures de pouls,Help_HeartRate
aide au suivi de la fréquence cardiaque,Help_HeartRate
est-ce que mes aides auditives mesurent le bpm,Help_HeartRate
comment fonctionne la surveillance de la fréquence cardiaque,Help_HeartRate
guide-moi vers ma fréquence cardiaque,Help_HeartRate
où puis-je voir mes battements par minute,Help_HeartRate
quelle est la précision de la fréquence cardiaque,Help_HeartRate
comment puis-je vérifier mon pouls sur l'application,Help_HeartRate
expliquer comment la fréquence cardiaque est mesurée,Help_HeartRate
que montre la fonction de fréquence cardiaque,Help_HeartRate
où puis-je vérifier mon bpm,Help_HeartRate
montre-moi mon bpm,Help_HeartRate
quel est mon bpm actuel,Help_HeartRate
voir mes battements par minute en lecture,Help_HeartRate
mon bpm s'il te plaît,Help_HeartRate
suivre mon bpm sur l'application,Help_HeartRate
voir mon pouls en bpm,Help_HeartRate
comment puis-je lire mon bpm,Help_HeartRate
qu'est-ce que la récupération de la fréquence cardiaque,Help_HeartRateRecovery
expliquer la métrique de récupération,Help_HeartRateRecovery
comment puis-je voir à quelle vitesse mon cœur récupère,Help_HeartRateRecovery
où est ma récupération de fréquence cardiaque,Help_HeartRateRecovery
aider à comprendre le taux de récupération,Help_HeartRateRecovery
comment est mesurée la récupération de la fréquence cardiaque,Help_HeartRateRecovery
que signifie mon score de récupération,Help_HeartRateRecovery
guide-moi sur la récupération de la fréquence cardiaque,Help_HeartRateRecovery
comment puis-je vérifier ma récupération après l'exercice,Help_HeartRateRecovery
expliquer comment la récupération est suivie,Help_HeartRateRecovery
pourquoi la récupération de la fréquence cardiaque est-elle importante,Help_HeartRateRecovery
où puis-je trouver les données de récupération,Help_HeartRateRecovery
quelle est la qualité de ma récupération de fréquence cardiaque,Help_HeartRateRecovery
qu'est-ce qu'un taux de récupération sain,Help_HeartRateRecovery
comment se connecter pour un rendez-vous à distance,Help_HearingCareAnywhereConnect
expliquer Hearing Care Anywhere,Help_HearingCareAnywhereConnect
comment puis-je joindre mon audiologiste via l'application,Help_HearingCareAnywhereConnect
aide à me connecter à mon fournisseur à distance,Help_HearingCareAnywhereConnect
qu'est-ce que Hearing Care Anywhere,Help_HearingCareAnywhereConnect
comment demander des soins à distance,Help_HearingCareAnywhereConnect
comment envoyer une demande à mon spécialiste,Help_HearingCareAnywhereConnect
guide-moi dans la connexion avec mon clinicien,Help_HearingCareAnywhereConnect
comment fonctionne la connexion aux soins à distance,Help_HearingCareAnywhereConnect
établir une session à distance avec mon fournisseur,Help_HearingCareAnywhereConnect
Aide Hearing Care Anywhere,Help_HearingCareAnywhereConnect
comment puis-je obtenir de nouveaux paramètres de mon audiologiste,Help_HearingCareAnywhereConnect
comment puis-je établir un lien avec mon audioprothésiste,Help_HearingCareAnywhereConnect
expliquer la connexion pour l'assistance à distance,Help_HearingCareAnywhereConnect
comment démarrer une demande de soins à distance,Help_HearingCareAnywhereConnect
expliquer la fonctionnalité du mode masque,Help_MaskMode
comment activer le mode masque,Help_MaskMode
aide avec le mode masque,Help_MaskMode
comment le mode masque aide-t-il avec les masques faciaux,Help_MaskMode
guide-moi en mode masque,Help_MaskMode
comment puis-je activer le mode masque pour les masques,Help_MaskMode
aide en mode masque s'il vous plaît,Help_MaskMode
le mode masque m'aide-t-il à entendre les voix masquées,Help_MaskMode
expliquer comment fonctionne le mode masque,Help_MaskMode
comment utiliser le mode masque,Help_MaskMode
quand le mode masque est-il utile,Help_MaskMode
expliquer quand utiliser le mode masque,Help_MaskMode
aider à comprendre le mode masque,Help_MaskMode
comment activer le mode masque pour les masques,Help_MaskMode
à quoi sert le mode masque,Help_MaskMode
comment le mode masque aide-t-il avec les visages couverts,Help_MaskMode
qu'est-ce que mode Edge,Help_EdgeMode
expliquer mode Edge,Help_EdgeMode
aide avec mode Edge,Help_EdgeMode
que fait mode Edge,Help_EdgeMode
comment mode Edge améliore-t-il le son,Help_EdgeMode
guidez-moi sur mode Edge,Help_EdgeMode
comment activer mode Edge pour les situations difficiles,Help_EdgeMode
mode Edge aide s'il vous plaît,Help_EdgeMode
expliquer comment fonctionne mode Edge,Help_EdgeMode
comment utiliser mode Edge,Help_EdgeMode
quand mode Edge est-il utile,Help_EdgeMode
expliquer quand mode Edge aide,Help_EdgeMode
aide-moi à comprendre mode Edge,Help_EdgeMode
comment déclencher mode Edge dans le bruit,Help_EdgeMode
à quelles situations mode Edge est-il destiné,Help_EdgeMode
guidez-moi sur l'utilisation de mode Edge,Help_EdgeMode
comment mode Edge adapte le son,Help_EdgeMode
"il y a trop de bruit de vent, quel réglage aide",Help_EdgeMode
"le vent dehors est écrasant, que puis-je faire",Help_EdgeMode
couper le bruit du vent avec un réglage,Help_EdgeMode
aide avec le bruit du vent quand je suis dehors,Help_EdgeMode
quel mode gère un environnement venteux,Help_EdgeMode
réduire le bruit du vent dans des conditions difficiles,Help_EdgeMode
le vent me détruit l'audition dehors,Help_EdgeMode
un cadre pour les endroits très venteux,Help_EdgeMode
qu'est-ce que le mode démo,Help_DemoMode
expliquer le mode démo,Help_DemoMode
comment activer le mode démo,Help_DemoMode
à quoi sert le mode démo,Help_DemoMode
comment puis-je utiliser la fonction de démonstration,Help_DemoMode
est le mode démo pour essayer les fonctionnalités,Help_DemoMode
guidez-moi en mode démo,Help_DemoMode
aide en mode démo s'il vous plaît,Help_DemoMode
quel est l'intérêt du mode démo,Help_DemoMode
expliquer comment fonctionne le mode démo,Help_DemoMode
comment puis-je activer le mode démo,Help_DemoMode
quand utiliser le mode démo,Help_DemoMode
parlez-moi du mode démo,Help_DemoMode
qui a gagné le match hier soir,Default Fallback Intent
quel est un bon film à regarder,Default Fallback Intent
recommande-moi un livre,Default Fallback Intent
comment faire du pain,Default Fallback Intent
quel est le score du match,Default Fallback Intent
raconte-moi un fait amusant,Default Fallback Intent
quel est le sens de la vie,Default Fallback Intent
quelle est la hauteur du mont Everest,Default Fallback Intent
à quelle heure est le coucher du soleil,Default Fallback Intent
donne-moi une recette de soupe,Default Fallback Intent
qu'est-ce qu'il y a un bon restaurant à proximité,Default Fallback Intent
comment puis-je me débarrasser des mauvaises herbes,Default Fallback Intent
que dois-je regarder ce soir,Default Fallback Intent
qui est le président,Default Fallback Intent
qu'est-ce qu'il y a à la télé ce soir,Default Fallback Intent
comment nouer une cravate,Default Fallback Intent
quelle est la capitale du Japon,Default Fallback Intent
planifier mes vacances,Default Fallback Intent
que dois-je porter aujourd'hui,Default Fallback Intent
comment faire du café,Default Fallback Intent
quelle est une bonne idée cadeau,Default Fallback Intent
parle-moi des nouvelles,Default Fallback Intent
jusqu'où se trouve le magasin le plus proche,Default Fallback Intent
atténue un peu,Cmd.VolumeDecrease
c'est trop fort ici,Cmd.VolumeDecrease
baisser le niveau,Cmd.VolumeDecrease
baisse d'un cran,Cmd.VolumeDecrease
réduire le son,Cmd.VolumeDecrease
pomper les freins sur le volume,Cmd.VolumeDecrease
baissez le volume,Cmd.VolumeDecrease
peux-tu le calmer,Cmd.VolumeDecrease
rends-le moins bruyant,Cmd.VolumeDecrease
c'est beaucoup trop fort,Cmd.VolumeDecrease
fais-moi mal aux oreilles s'il te plaît,Cmd.VolumeDecrease
baisser le niveau sonore,Cmd.VolumeDecrease
enlève ce volume de mon oreille,Cmd.VolumeDecrease
je ne peux pas supporter à quel point c'est fort,Cmd.VolumeDecrease
"s'il te plaît, rends ça plus silencieux",Cmd.VolumeDecrease
changer de programme auditif,Cmd.MemoryChange
j'ai besoin d'une mémoire différente pour cet endroit,Cmd.MemoryChange
passer en mode restaurant,Cmd.MemoryChange
activer mon programme bureautique,Cmd.MemoryChange
réglez-le sur le réglage extérieur,Cmd.MemoryChange
utilisez plutôt le programme de musique,Cmd.MemoryChange
j'ai besoin de mon programme silencieux,Cmd.MemoryChange
revenir à mon réglage standard,Cmd.MemoryChange
choisir mon programme téléphonique,Cmd.MemoryChange
je suis dans la voiture maintenant,Cmd.MemoryChange
utiliser mes paramètres de conduite,Cmd.MemoryChange
activer la concentration de la parole,Cmd.MemoryChange
appliquer une réduction du bruit du vent,Cmd.MemoryChange
vais-je passer la journée,Cmd.BatteryLevel
combien de jus reste-t-il,Cmd.BatteryLevel
vérifier le niveau de la batterie,Cmd.BatteryLevel
les piles sont-elles faibles,Cmd.BatteryLevel
dois-je recharger bientôt,Cmd.BatteryLevel
quel est mon niveau de puissance,Cmd.BatteryLevel
à quoi ressemble la charge,Cmd.BatteryLevel
peuvent-ils tenir jusqu'à demain,Cmd.BatteryLevel
état de la batterie s'il vous plaît,Cmd.BatteryLevel
est-ce qu'il reste assez d'énergie,Cmd.BatteryLevel
vont-ils durer toute la journée,Cmd.BatteryLevel
quel est le niveau actuel de la batterie,Cmd.BatteryLevel
"je suis à court d'énergie, n'est-ce pas",Cmd.BatteryLevel
combien de temps peuvent-ils tenir,Cmd.BatteryLevel
est-ce que je suis bon avec les piles,Cmd.BatteryLevel
dis-moi l'état de charge,Cmd.BatteryLevel
montre-moi le niveau de la pile de l'aide auditive,Cmd.BatteryLevel
j'ai perdu la trace de mes aides auditives,Help_FindMyHearingAids
où sont mes appareils auditifs,Help_FindMyHearingAids
est-ce que j'ai laissé tomber mes aides auditives quelque part,Help_FindMyHearingAids
dans quelle pièce ai-je laissé mon aide auditive,Help_FindMyHearingAids
j'ai égaré mon appareil auditif,Help_FindMyHearingAids
as-tu vu mes aides auditives,Help_FindMyHearingAids
je dois localiser mes aides auditives,Help_FindMyHearingAids
où se trouve la fonction Trouver mon aide auditive,Help_FindMyHearingAids
je dois m'en souvenir,reminders.add
garde ça pour moi s'il te plaît,reminders.add
je pourrais oublier ça,reminders.add
configurer un rappel pour cela,reminders.add
aide-moi à me rappeler de faire ça,reminders.add
peux-tu me le rappeler plus tard,reminders.add
j'aurai besoin d'un rappel pour ça,reminders.add
prends une note pour me le rappeler,reminders.add
garde ça à l'esprit pour moi,reminders.add
rappelle-moi que je dois faire ça,reminders.add
j'ai quelque chose dont je dois me souvenir,reminders.add
note ça comme rappel,reminders.add
je ferais mieux de ne pas oublier ça,reminders.add
capturez ceci comme rappel,reminders.add
je veux envoyer un message texte,Cmd.SendMessage
envoyer un sms à mon ami,Cmd.SendMessage
envoie un message à quelqu'un pour moi,Cmd.SendMessage
j'ai besoin de contacter quelqu'un rapidement,Cmd.SendMessage
envoyer un message à un contact,Cmd.SendMessage
envoyer un message rapide par SMS,Cmd.SendMessage
informer quelqu'un à ce sujet,Cmd.SendMessage
envoyer un mot à ma famille,Cmd.SendMessage
j'ai besoin de contacter quelqu'un,Cmd.SendMessage
transmettre un message,Cmd.SendMessage
transmets ceci à quelqu'un,Cmd.SendMessage
relayer cette information,Cmd.SendMessage
diffuser un message,Cmd.SendMessage
envoyer un SMS,Cmd.SendMessage
contactez-moi avec ce message,Cmd.SendMessage
je veux envoyer un message à quelqu'un,Cmd.SendMessage
dis ça à quelqu'un par SMS,Cmd.SendMessage
envoyer un message à quelqu'un,Cmd.SendMessage
diffuser l'audio sur mes appareils auditifs,Cmd.StreamingStart
connecter le son à mes aides auditives,Cmd.StreamingStart
envoie l'audio de la télévision à mes aides auditives,Cmd.StreamingStart
je veux entendre la télé dans mon aide auditive-mémoire,Cmd.StreamingStart
diriger le son vers mes appareils auditifs,Cmd.StreamingStart
faire passer le son à travers mes aides auditives,Cmd.StreamingStart
envoie-moi le son de la télé,Cmd.StreamingStart
diffuser l'audio sans fil,Cmd.StreamingStart
utiliser mes aides auditives comme haut-parleurs,Cmd.StreamingStart
délivre le son à mes aides auditives,Cmd.StreamingStart
transférer l'audio sur mes appareils auditifs,Cmd.StreamingStart
activer le streaming audio,Cmd.StreamingStart
activer le streaming sonore,Cmd.StreamingStart
commencez à diffuser de l'audio maintenant,Cmd.StreamingStart
laisse-moi entendre la télé à travers mes aides auditives,Cmd.StreamingStart
synchroniser l'audio avec mes aides auditives,Cmd.StreamingStart
transmettre le son sans fil,Cmd.StreamingStart
je suis perdu dans toutes ces options,Help_Home
que dois-je savoir en premier,Help_Home
peux-tu expliquer les bases,Help_Home
par où dois-je commencer,Help_Home
je ne sais pas quoi faire,Help_Home
montre-moi les fondamentaux,Help_Home
quelle est la façon la plus simple de commencer,Help_Home
je suis nouveau dans ce domaine,Help_Home
guidez-moi à travers les principales fonctionnalités,Help_Home
quel est l'aperçu,Help_Home
emmène-moi faire un tour,Help_Home
expliquer l'écran principal,Help_Home
que dois-je apprendre en premier,Help_Home
décompose-le pour moi,Help_Home
aide-moi à comprendre l'interface,Help_Home
rends-le plus silencieux,Cmd.VolumeDecrease
adoucissez-le,Cmd.VolumeDecrease
baisser le volume,Cmd.VolumeDecrease
réduire le bruit,Cmd.VolumeDecrease
calme ça,Cmd.VolumeDecrease
ça a l'air trop fort pour moi,Cmd.VolumeDecrease
s'il te plaît baisse le volume,Cmd.VolumeDecrease
rendre le son plus silencieux,Cmd.VolumeDecrease
baisser le gain,Cmd.VolumeDecrease
diminuer le volume,Cmd.VolumeDecrease
il faut que ce soit plus doux,Cmd.VolumeDecrease
est-ce que ça peut être moins fort,Cmd.VolumeDecrease
baisser le volume,Cmd.VolumeDecrease
faire baisser le niveau sonore,Cmd.VolumeDecrease
baissez-le s'il vous plaît,Cmd.VolumeDecrease
fais taire,Cmd.VolumeDecrease
baisser le volume,Cmd.VolumeDecrease
réduire le niveau de bruit,Cmd.VolumeDecrease
j'ai besoin d'un son plus silencieux,Cmd.VolumeDecrease
baisser le niveau,Cmd.VolumeDecrease
adoucir le volume,Cmd.VolumeDecrease
le son est trop chaud,Cmd.VolumeDecrease
réduire le son,Cmd.VolumeDecrease
baisser le volume,Cmd.VolumeDecrease
étouffez-le un peu,Cmd.VolumeDecrease
calme-toi s'il te plaît,Cmd.VolumeDecrease
pourcentage de batterie,Cmd.BatteryLevel
combien de batterie,Cmd.BatteryLevel
puissance de la batterie,Cmd.BatteryLevel
y a-t-il assez de puissance,Cmd.BatteryLevel
informations sur la batterie,Cmd.BatteryLevel
vérifier la puissance,Cmd.BatteryLevel
état du niveau de puissance,Cmd.BatteryLevel
état de charge,Cmd.BatteryLevel
vérifier la batterie maintenant,Cmd.BatteryLevel
quelle est la charge,Cmd.BatteryLevel
que puis-je faire avec cette application,Help_Home
montre-moi les fonctionnalités de l'application,Help_Home
à quoi sert cette application,Help_Home
aide-moi à comprendre cette application,Help_Home
qu'est-ce que ça fait,Help_Home
explique-moi l'application,Help_Home
quelles sont les principales caractéristiques,Help_Home
comment puis-je utiliser ça,Help_Home
que peut faire l'application,Help_Home
guide-moi à travers l'interface,Help_Home
que dois-je savoir en premier,Help_Home
à quoi sert cet écran,Help_Home
explique ce que je peux faire ici,Help_Home
par où commencer à apprendre,Help_Home
quelles sont mes options,Help_Home
comment fonctionne cette application,Help_Home
à quoi servent tous ces boutons,Help_Home
y a-t-il un tutoriel,Help_Home
où est l'aide,Help_Home
comment puis-je naviguer,Help_Home
quelle est cette interface,Help_Home
expliquer les principales options,Help_Home
que puis-je contrôler ici,Help_Home
quel est le menu de l'application,Help_Home
comment accéder aux paramètres,Help_Home
à quoi sert chaque bouton,Help_Home
où puis-je en savoir plus,Help_Home
quelles fonctionnalités dois-je connaître,Help_Home
envoyer un texto,Cmd.SendMessage
envoyer un message à quelqu'un,Cmd.SendMessage
je veux envoyer un SMS à un contact,Cmd.SendMessage
envoyer des sms,Cmd.SendMessage
envoyer un message à une personne,Cmd.SendMessage
écrire un message,Cmd.SendMessage
message mon ami,Cmd.SendMessage
envoyer un message à ma famille,Cmd.SendMessage
envoyer un email,Cmd.SendMessage
contacter quelqu'un par SMS,Cmd.SendMessage
envoyer un message texte,Cmd.SendMessage
envoyer un SMS à cette personne,Cmd.SendMessage
envoyer un message à ce contact,Cmd.SendMessage
envoyer un mot,Cmd.SendMessage
j'ai besoin de contacter quelqu'un,Cmd.SendMessage
contacter un contact,Cmd.SendMessage
envoyer un SMS à quelqu'un,Cmd.SendMessage
envoyer un message à un ami,Cmd.SendMessage
envoyer un SMS à un membre de la famille,Cmd.SendMessage
envoyer une communication,Cmd.SendMessage
envoyer un message,Cmd.SendMessage
relayer les informations,Cmd.SendMessage
communiquer par SMS,Cmd.SendMessage
diffuser de l'audio vers mes aides auditives,Cmd.StreamingStart
activer le streaming,Cmd.StreamingStart
connecter l'audio aux aides auditives,Cmd.StreamingStart
audio sans fil aux aides,Cmd.StreamingStart
diffuser du son,Cmd.StreamingStart
activer le streaming,Cmd.StreamingStart
diffuser depuis l'appareil,Cmd.StreamingStart
entendre le son dans mes aides auditives,Cmd.StreamingStart
envoyer de l'audio à mes aides auditives,Cmd.StreamingStart
diffuse ceci à mes aides auditives,Cmd.StreamingStart
activer l'audio vers les aides auditives,Cmd.StreamingStart
connexion d'une aide auditive sans fil,Cmd.StreamingStart
audio via des appareils auditifs,Cmd.StreamingStart
diffuser l'appel téléphonique,Cmd.StreamingStart
diffuser la musique,Cmd.StreamingStart
diffuser le podcast,Cmd.StreamingStart
diffuser le son de mon appareil auditif,Cmd.StreamingStart
connecter la source audio,Cmd.StreamingStart
flux audio sans fil,Cmd.StreamingStart
recevoir du streaming audio,Cmd.StreamingStart
configurer la diffusion audio,Cmd.StreamingStart
diffuser vers les deux aides auditives,Cmd.StreamingStart
connexion audio aux aides,Cmd.StreamingStart
lien audio pour aide auditive,Cmd.StreamingStart
activer l'audio direct,Cmd.StreamingStart
connexion directe de l'aide auditive,Cmd.StreamingStart
redirection audio,Cmd.StreamingStart
flux audio des aides auditives,Cmd.StreamingStart
se connecter directement aux aides,Cmd.StreamingStart
tout semble trop dur,Cmd.VolumeDecrease
mes oreilles ne peuvent pas supporter ce niveau,Cmd.VolumeDecrease
baisser un peu le volume,Cmd.VolumeDecrease
ça me fait exploser les tympans,Cmd.VolumeDecrease
baisse un peu le son,Cmd.VolumeDecrease
beaucoup trop de volume pour moi,Cmd.VolumeDecrease
déposez-le en quelques clics,Cmd.VolumeDecrease
le son me submerge,Cmd.VolumeDecrease
baisser le volume,Cmd.VolumeDecrease
coupez le volume s'il vous plaît,Cmd.VolumeDecrease
je suis dans un restaurant bruyant maintenant,Cmd.MemoryChange
régler mes aides auditives pour cet endroit,Cmd.MemoryChange
passer au profil extérieur,Cmd.MemoryChange
prépare-moi pour un concert,Cmd.MemoryChange
j'ai besoin d'un cadre pour dîner au restaurant,Cmd.MemoryChange
passer au programme de mon église,Cmd.MemoryChange
changer les profils pour cette salle,Cmd.MemoryChange
composez le mode pour le bruit de la circulation,Cmd.MemoryChange
je m'installe pour l'heure de la télé,Cmd.MemoryChange
passer au préréglage de ma salle de sport,Cmd.MemoryChange
quel est le tarif de mes aides auditives,Cmd.BatteryLevel
j'ai assez de batterie pour un film,Cmd.BatteryLevel
est-ce que ma batterie est sur le point de s'épuiser,Cmd.BatteryLevel
combien d'heures de batterie reste-t-il,Cmd.BatteryLevel
est-ce qu'ils sont presque morts,Cmd.BatteryLevel
batterie assez bonne pour la soirée,Cmd.BatteryLevel
pourcentage de batterie restant s'il vous plaît,Cmd.BatteryLevel
est-ce qu'ils doivent être rechargés maintenant,Cmd.BatteryLevel
à quel point les piles sont-elles épuisées,Cmd.BatteryLevel
est-ce que mon pouvoir est presque parti,Cmd.BatteryLevel
j'ai égaré mes deux aides,Help_FindMyHearingAids
localiser où se trouvent mes aides auditives,Help_FindMyHearingAids
je ne peux repérer mes aides auditives nulle part,Help_FindMyHearingAids
localiser mon écouteur manquant,Help_FindMyHearingAids
mes aides auditives ne sont pas là où je les ai laissées,Help_FindMyHearingAids
trouver où mes appareils auditifs ont fini,Help_FindMyHearingAids
j'ai posé mes aides auditives et je les ai perdues,Help_FindMyHearingAids
où aurait pu aller mon aides auditives,Help_FindMyHearingAids
fais-moi visiter l'application,Help_Home
quel est le point de départ ici,Help_Home
je pourrais avoir besoin d'une introduction,Help_Home
aide-moi à trouver mon chemin,Help_Home
assurez-vous que je n'oublie pas de prendre mes médicaments,reminders.add
j'ai besoin d'un coup de pouce plus tard à ce sujet,reminders.add
mets un rappel pour ne pas oublier,reminders.add
acheminer l'audio de la télévision vers mes aides auditives,Cmd.StreamingStart
jouer l'audio directement dans mes oreilles,Cmd.StreamingStart
diffuser la diffusion sur mes appareils auditifs,Cmd.StreamingStart
envoyer un SMS à un contact,Cmd.SendMessage
j'ai besoin d'écrire un message à quelqu'un,Cmd.SendMessage
