text,intent
quand dois-je lancer un message d’alerte manuel ?,Help_FallAlert
que fera mon aide auditive quand je serai tombé ?,Help_FallAlert
quand puis-je intercepter un message texte d’alerte de chute ?,Help_FallAlert
comment puis-je annuler un message texte d'alerte ?,Help_FallAlert
où puis-je envoyer un texte d'alerte manuelle ?,Help_FallAlert
quels sons vais-je entendre dans mon aide auditive si je tombe ?,Help_FallAlert
qu'est-ce que j'entends lorsqu'un message texte d'alerte est reçu ?,Help_FallAlert
comment puis-je intercepter un texte d'alerte manuelle ?,Help_FallAlert
Quels sons vais-je entendre dans mes aides auditives si je tombe ?,Help_FallAlert
où puis-je annuler un message texte d'alerte de chute ?,Help_FallAlert
où puis-je annuler un texte d'alerte manuelle ?,Help_FallAlert
comment puis-je lancer un message texte d'alerte manuelle ?,Help_FallAlert
quand entendrais-je l'alerte envoyée ?,Help_FallAlert
où puis-je intercepter le texte d'un message d'alerte ?,Help_FallAlert
où puis-je arrêter une alerte de chute ?,Help_FallAlert
où puis-je annuler un SMS d'alerte de chute ?,Help_FallAlert
comment puis-je savoir si mon alerte manuelle a commencé ?,Help_FallAlert
comment savoir si un message texte d'alerte est annulé ?,Help_FallAlert
par où dois-je commencer un message texte d'alerte manuelle ?,Help_FallAlert
comment activer l'alerte automatique ?,Help_FallAlert
comment arrêter une alerte ?,Help_FallAlert
quand dois-je arrêter un message texte d’alerte manuelle ?,Help_FallAlert
quand dois-je commencer un texte d’alerte manuelle ?,Help_FallAlert
comment puis-je lancer un message d'alerte manuel ?,Help_FallAlert
l'alerte de chute ne fonctionne pas,Help_FallAlert
comment dois-je envoyer un texte d'alerte manuelle ?,Help_FallAlert
où puis-je arrêter une alerte ?,Help_FallAlert
où puis-je lancer une alerte manuelle ?,Help_FallAlert
où dois-je lancer une alerte manuelle ?,Help_FallAlert
où puis-je envoyer une alerte manuelle ?,Help_FallAlert
où puis-je lancer un message texte d'alerte manuelle ?,Help_FallAlert
comment arrêter une alerte de chute ?,Help_FallAlert
où puis-je intercepter un message texte d'alerte manuelle ?,Help_FallAlert
comment puis-je lancer une alerte manuelle ?,Help_FallAlert
quand puis-je annuler un message texte d'alerte ?,Help_FallAlert
que peut faire mon aide auditive en cas de chute ?,Help_FallAlert
où puis-je arrêter un message d'alerte de chute ?,Help_FallAlert
comment créer un contact pour une alerte automne ?,Help_FallAlert
où puis-je envoyer une alerte manuelle ?,Help_FallAlert
aide-moi à intercepter une alerte de chute,Help_FallAlert
comment dois-je envoyer une alerte manuelle ?,Help_FallAlert
quand dois-je arrêter un message d’alerte ?,Help_FallAlert
quand dois-je arrêter une alerte manuelle ?,Help_FallAlert
que signifie l'alerte envoyée ?,Help_FallAlert
que fait mon aide auditive quand je tombe ?,Help_FallAlert
comment savoir si une alerte a été annulée ?,Help_FallAlert
où puis-je intercepter un message texte d'alerte ?,Help_FallAlert
par où commencer un message d'alerte manuelle ?,Help_FallAlert
comment puis-je annuler un message d'alerte de chute ?,Help_FallAlert
où puis-je arrêter un texte d'alerte ?,Help_FallAlert
comment puis-je savoir si une alerte manuelle a été lancée ?,Help_FallAlert
comment savoir si un message texte d'alerte est reçu ?,Help_FallAlert
comment activer l'alerte automatique ?,Help_FallAlert
quand pourrais-je intercepter un message texte d’alerte manuelle ?,Help_FallAlert
où puis-je intercepter le texte d'un message d'alerte ?,Help_FallAlert
comment puis-je arrêter un SMS d'alerte de chute ?,Help_FallAlert
comment puis-je faire une démonstration de mes indicateurs d'alerte de chute ?,Help_FallAlert
comment puis-je annuler un message d'alerte ?,Help_FallAlert
à quoi ressemblent les indicateurs de chute ?,Help_FallAlert
où puis-je annuler une alerte d'automne ?,Help_FallAlert
quand puis-je annuler un message texte d'alerte manuelle ?,Help_FallAlert
comment puis-je arrêter un SMS d'alerte ?,Help_FallAlert
que fait mon aide auditive quand je tombe ?,Help_FallAlert
où puis-je lancer un message d'alerte manuel ?,Help_FallAlert
"aide, je suis tombé et je ne peux pas me relever",Help_FallAlert
que font mes aides auditives en cas de chute ?,Help_FallAlert
comment savoir si un message texte d'alerte est envoyé ?,Help_FallAlert
qu'entendrai-je lorsqu'une alerte sera envoyée ?,Help_FallAlert
comment puis-je intercepter un message texte d'alerte ?,Help_FallAlert
où puis-je arrêter un message texte d'alerte ?,Help_FallAlert
où dois-je envoyer une alerte manuelle ?,Help_FallAlert
comment puis-je envoyer un SMS d'alerte manuelle ?,Help_FallAlert
que peut faire mon aide auditive en cas de chute ?,Help_FallAlert
où puis-je lancer une alerte manuelle ?,Help_FallAlert
quelles sont les détections de chute,Help_FallAlert
comment dois-je démarrer un message d'alerte manuel ?,Help_FallAlert
quand puis-je intercepter un texte d’alerte de chute ?,Help_FallAlert
quand dois-je lancer une alerte manuelle ?,Help_FallAlert
quand dois-je arrêter une alerte SMS ?,Help_FallAlert
comment configurer la détection de chute,Help_FallAlert
comment puis-je annuler un texte d'alerte manuelle ?,Help_FallAlert
comment puis-je envoyer un texte d'alerte manuelle ?,Help_FallAlert
quand puis-je intercepter une alerte ?,Help_FallAlert
qu'entendrais-je lorsqu'un message texte d'alerte est annulé ?,Help_FallAlert
où puis-je arrêter un texte d'alerte de chute ?,Help_FallAlert
quels sons vais-je entendre si je tombe ?,Help_FallAlert
quand dois-je lancer un message d’alerte manuel ?,Help_FallAlert
quand puis-je arrêter un message d'alerte manuelle ?,Help_FallAlert
quand puis-je annuler un message d'alerte manuelle ?,Help_FallAlert
où puis-je intercepter un message d'alerte de chute ?,Help_FallAlert
que font mes aides auditives en cas de chute ?,Help_FallAlert
quand puis-je envoyer un message texte d'alerte manuelle ?,Help_FallAlert
téléphone égaré,Cmd.FindMyPhone
iphone perdu,Cmd.FindMyPhone
où est mon androïde,Cmd.FindMyPhone
où est mon téléphone Android,Cmd.FindMyPhone
recherche iphone,Cmd.FindMyPhone
chercher mon téléphone,Cmd.FindMyPhone
récupérer l'iphone,Cmd.FindMyPhone
détecter un téléphone,Cmd.FindMyPhone
où est mon téléphone Google,Cmd.FindMyPhone
recherche Android,Cmd.FindMyPhone
où le téléphone,Cmd.FindMyPhone
trouver mon appareil auditif,Cmd.FindMyPhone
trouver un téléphone Android,Cmd.FindMyPhone
rechercher un téléphone,Cmd.FindMyPhone
où est mon téléphone iOS,Cmd.FindMyPhone
trouver un téléphone,Cmd.FindMyPhone
téléphone manquant,Cmd.FindMyPhone
localiser un téléphone Android,Cmd.FindMyPhone
détecter un téléphone Android,Cmd.FindMyPhone
détecter l'iphone,Cmd.FindMyPhone
où est mon téléphone,Cmd.FindMyPhone
iPhone manquant,Cmd.FindMyPhone
où est mon iphone,Cmd.FindMyPhone
découvrir le téléphone,Cmd.FindMyPhone
trouver un iPhone,Cmd.FindMyPhone
localiser le téléphone,Cmd.FindMyPhone
localiser l'iphone,Cmd.FindMyPhone
téléphone perdu,Cmd.FindMyPhone
découvrir le téléphone,Cmd.FindMyPhone
aide-moi à trouver mon iphone,Cmd.FindMyPhone
trouver mon androïde,Cmd.FindMyPhone
où est mon téléphone Apple,Cmd.FindMyPhone
où est mon téléphone portable,Cmd.FindMyPhone
détecter le téléphone,Cmd.FindMyPhone
montre-moi où est mon téléphone,Cmd.FindMyPhone
où ai-je mis mon téléphone,Cmd.FindMyPhone
où iphone,Cmd.FindMyPhone
découvrir le téléphone Android,Cmd.FindMyPhone
découvrir l'iphone,Cmd.FindMyPhone
récupérer le téléphone,Cmd.FindMyPhone
téléphone Android perdu,Cmd.FindMyPhone
je ne trouve pas mon téléphone Android,Cmd.FindMyPhone
combien de calories ai-je brûlé en m'entraînant,Cmd.ActivityExercise
quel est mon objectif d'exercice,Cmd.ActivityExercise
calories en travaillant,Cmd.ActivityExercise
combien de temps ai-je travaillé,Cmd.ActivityExercise
calories exercice,Cmd.ActivityExercise
depuis combien de temps je m'entraîne,Cmd.ActivityExercise
combien de calories ai-je utilisé pour m'entraîner,Cmd.ActivityExercise
objectif d'exercice,Cmd.ActivityExercise
montre-moi mon objectif d'exercice,Cmd.ActivityExercise
depuis combien de temps je fais de l'exercice,Cmd.ActivityExercise
combien de calories ai-je brûlé en faisant de l'exercice,Cmd.ActivityExercise
ai-je atteint mon objectif d'exercice,Cmd.ActivityExercise
combien de temps dois-je encore faire de l'exercice aujourd'hui,Cmd.ActivityExercise
travailler sur un objectif,Cmd.ActivityExercise
augmenter le volume de l'aide auditive,Cmd.VolumeIncrease
augmenter la bonne aide auditive,Cmd.VolumeIncrease
rends-le plus fort,Cmd.VolumeIncrease
augmenter le volume,Cmd.VolumeIncrease
augmenter le volume,Cmd.VolumeIncrease
augmenter le volume de mes aides auditives,Cmd.VolumeIncrease
monter en volume,Cmd.VolumeIncrease
je veux plus de volume,Cmd.VolumeIncrease
augmenter le volume de mes aides auditives,Cmd.VolumeIncrease
volume maximum,Cmd.VolumeIncrease
plus de volume sur l'aide auditive,Cmd.VolumeIncrease
volume maximum,Cmd.VolumeIncrease
volume maximal,Cmd.VolumeIncrease
j'ai besoin de plus de volume,Cmd.VolumeIncrease
augmenter le volume de mes aides auditives,Cmd.VolumeIncrease
augmenter le volume,Cmd.VolumeIncrease
aide à augmenter le volume à droite,Cmd.VolumeIncrease
réglé à 80 % du volume,Cmd.VolumeIncrease
augmenter l'aide auditive gauche,Cmd.VolumeIncrease
son maximum,Cmd.VolumeIncrease
ajuster l'oreille droite pour un son plus élevé,Cmd.VolumeIncrease
aide à augmenter le volume à gauche,Cmd.VolumeIncrease
augmenter le volume,Cmd.VolumeIncrease
réglé à 100 % du volume,Cmd.VolumeIncrease
"c'est trop calme, monte le volume",Cmd.VolumeIncrease
augmenter le volume de l'aide auditive,Cmd.VolumeIncrease
augmenter le volume,Cmd.VolumeIncrease
augmenter le volume,Cmd.VolumeIncrease
augmenter le volume,Cmd.VolumeIncrease
monte mon aide auditive gauche,Cmd.VolumeIncrease
volume plus fort,Cmd.VolumeIncrease
réglé à 90 % du volume,Cmd.VolumeIncrease
augmenter le volume,Cmd.VolumeIncrease
augmenter le volume de mon aide auditive droite,Cmd.VolumeIncrease
augmenter le volume sur les aides auditives,Cmd.VolumeIncrease
augmentation du volume,Cmd.VolumeIncrease
"c'est trop bas, monte le volume",Cmd.VolumeIncrease
augmente le volume de mes aides auditives,Cmd.VolumeIncrease
monte mon aide auditive droite,Cmd.VolumeIncrease
monte mes aides auditives,Cmd.VolumeIncrease
augmenter le volume,Cmd.VolumeIncrease
monte mes aides auditives,Cmd.VolumeIncrease
monte le son,Cmd.VolumeIncrease
mon volume est trop faible,Cmd.VolumeIncrease
augmenter le volume de l'aide auditive,Cmd.VolumeIncrease
rendre le son plus haut,Cmd.VolumeIncrease
plus de volume s'il vous plaît,Cmd.VolumeIncrease
augmenter le volume,Cmd.VolumeIncrease
monte mon aide auditive droite,Cmd.VolumeIncrease
monte le volume,Cmd.VolumeIncrease
augmente le volume de mon aide auditive,Cmd.VolumeIncrease
"s'il vous plaît, plus de volume",Cmd.VolumeIncrease
augmente le volume de mes aides auditives,Cmd.VolumeIncrease
augmenter le volume,Cmd.VolumeIncrease
augmenter le volume de mes aides auditives,Cmd.VolumeIncrease
monte le volume,Cmd.VolumeIncrease
augmenter le volume,Cmd.VolumeIncrease
"oui, poussez envoyer.",Cmd.SendMessage - yes
oui c'est ce que je veux.,Cmd.SendMessage - yes
ok oui envoie.,Cmd.SendMessage - yes
ça va.,Cmd.SendMessage - yes
Très bien.,Cmd.SendMessage - yes
"oui, ok, envoie.",Cmd.SendMessage - yes
envoi approuvé.,Cmd.SendMessage - yes
"oui, envoie-le.",Cmd.SendMessage - yes
"oui, envoyez-le s'il vous plaît.",Cmd.SendMessage - yes
"oui, ça va.",Cmd.SendMessage - yes
Envoyez s'il vous plaît.,Cmd.SendMessage - yes
oui s'il vous plait.,Cmd.SendMessage - yes
envoie maintenant.,Cmd.SendMessage - yes
"oui, s'il te plaît, vas-y.",Cmd.SendMessage - yes
"bien sûr, envoyez-le.",Cmd.SendMessage - yes
"oui, pousse-le.",Cmd.SendMessage - yes
"bien sûr, veuillez envoyer.",Cmd.SendMessage - yes
oui c'est bien.,Cmd.SendMessage - yes
"très bien, envoyez-le s'il vous plaît.",Cmd.SendMessage - yes
d'accord.,Cmd.SendMessage - yes
poursuivre.,Cmd.SendMessage - yes
"oui, vas-y.",Cmd.SendMessage - yes
quel pourcentage de mon objectif de pas ai-je réalisé aujourd'hui,Cmd.ActivityStep
combien de calories pas,Cmd.ActivityStep
montre-moi mon objectif de pas,Cmd.ActivityStep
quel est mon objectif de pas,Cmd.ActivityStep
quelle distance ai-je parcourue aujourd'hui,Cmd.ActivityStep
objectif de pas,Cmd.ActivityStep
combien d'étapes encore pour atteindre mon objectif,Cmd.ActivityStep
combien de pas ai-je fait cette semaine,Cmd.ActivityStep
puis-je voir mon objectif de pas,Cmd.ActivityStep
combien de pas ai-je fait,Cmd.ActivityStep
dis-moi quel est mon objectif de pas,Cmd.ActivityStep
de combien d'étapes ai-je besoin aujourd'hui,Cmd.ActivityStep
montre-moi mon nombre de pas,Cmd.ActivityStep
combien de calories ai-je brûlé avec mes pas,Cmd.ActivityStep
étapes de calories,Cmd.ActivityStep
quel est mon nombre de pas pour le mois,Cmd.ActivityStep
combien de pas ai-je fait ce mois-ci,Cmd.ActivityStep
mesures prises,Cmd.ActivityStep
quel est mon nombre de pas,Cmd.ActivityStep
calories par étapes,Cmd.ActivityStep
j'ai égaré mon autre aide,Help_FindMyHearingAids
je ne me souviens pas où se trouve mon autre aide,Help_FindMyHearingAids
j'ai perdu mon autre aide auditive,Help_FindMyHearingAids
comment localiser mon aide auditive droite ?,Help_FindMyHearingAids
où est mon appareil auditif ?,Help_FindMyHearingAids
"pourquoi ne trouvez-vous pas l'aide auditive gauche, elle est dans mon oreille et fonctionne bien ?",Help_FindMyHearingAids
je ne trouve pas mon aide auditive gauche,Help_FindMyHearingAids
comment rechercher mes aides auditives ?,Help_FindMyHearingAids
où est ma bonne aide ?,Help_FindMyHearingAids
mes aides auditives ont disparu,Help_FindMyHearingAids
mon autre aide a disparu,Help_FindMyHearingAids
trouver ma bonne aide,Help_FindMyHearingAids
localiser mon aide auditive,Help_FindMyHearingAids
où est mon aide auditive ?,Help_FindMyHearingAids
où est mon autre aide ?,Help_FindMyHearingAids
mon aide auditive gauche a disparu,Help_FindMyHearingAids
je ne trouve pas mon aide auditive,Help_FindMyHearingAids
comment puis-je rechercher mon autre aide auditive ?,Help_FindMyHearingAids
où ai-je mis mon aide auditive ?,Help_FindMyHearingAids
aide-moi à trouver mon aide auditive gauche,Help_FindMyHearingAids
je ne me souviens plus où se trouvent mes aides auditives,Help_FindMyHearingAids
localiser mon autre aide auditive,Help_FindMyHearingAids
j'ai égaré mon aide auditive droite,Help_FindMyHearingAids
aide-moi à trouver mes aides auditives,Help_FindMyHearingAids
je ne trouve pas mon autre aide auditive,Help_FindMyHearingAids
comment savoir où se trouvent mes aides auditives ?,Help_FindMyHearingAids
où ai-je placé mes aides auditives ?,Help_FindMyHearingAids
où sont mes aides auditives ?,Help_FindMyHearingAids
où ai-je placé mon aide auditive droite ?,Help_FindMyHearingAids
où est mon aide auditive gauche ?,Help_FindMyHearingAids
où ai-je mis mon autre aide ?,Help_FindMyHearingAids
je ne trouve pas ma bonne aide auditive,Help_FindMyHearingAids
où sont mes aides auditives ?,Help_FindMyHearingAids
trouver ma bonne aide auditive,Help_FindMyHearingAids
j'ai perdu mes appareils auditifs. pouvez-vous m'aider à les trouver ?,Help_FindMyHearingAids
je ne trouve pas mes aides auditives,Help_FindMyHearingAids
où ai-je laissé mon aide auditive gauche ?,Help_FindMyHearingAids
aide-moi à trouver mes appareils auditifs,Help_FindMyHearingAids
mon appareil auditif a disparu,Help_FindMyHearingAids
trouver mon aide auditive gauche,Help_FindMyHearingAids
comment localiser mon aide auditive ?,Help_FindMyHearingAids
cherche mes appareils auditifs,Help_FindMyHearingAids
localiser mon aide auditive droite,Help_FindMyHearingAids
je ne trouve pas ma bonne aide auditive,Help_FindMyHearingAids
je ne me souviens plus où se trouvent mes aides auditives,Help_FindMyHearingAids
comment puis-je rechercher mon aide auditive appropriée ?,Help_FindMyHearingAids
où ai-je laissé mon aide auditive ?,Help_FindMyHearingAids
où ai-je laissé mon aide auditive gauche ?,Help_FindMyHearingAids
comment localiser mon autre aide auditive ?,Help_FindMyHearingAids
où ai-je placé mon aide auditive ?,Help_FindMyHearingAids
comment puis-je rechercher mes autres aides ?,Help_FindMyHearingAids
comment trouver mes aides auditives ?,Help_FindMyHearingAids
comment trouver la bonne aide ?,Help_FindMyHearingAids
localiser mon aide auditive,Help_FindMyHearingAids
où ai-je laissé mes aides auditives ?,Help_FindMyHearingAids
je ne trouve pas ma bonne aide,Help_FindMyHearingAids
trouver mon autre aide auditive,Help_FindMyHearingAids
comment puis-je rechercher mon aide auditive ?,Help_FindMyHearingAids
où ai-je mis mon aide auditive gauche ?,Help_FindMyHearingAids
j'ai perdu mes appareils auditifs,Help_FindMyHearingAids
je ne me souviens plus où se trouvent mes aides auditives,Help_FindMyHearingAids
je ne me souviens pas où se trouve mon aide auditive,Help_FindMyHearingAids
chercher mes aides auditives,Help_FindMyHearingAids
trouver mes aides auditives,Help_FindMyHearingAids
je ne trouve pas mon autre aide,Help_FindMyHearingAids
comment trouver mon aide auditive ?,Help_FindMyHearingAids
je ne me souviens plus où se trouve mon aide auditive gauche,Help_FindMyHearingAids
comment rechercher mon aide auditive ?,Help_FindMyHearingAids
où ai-je laissé mon aide auditive droite ?,Help_FindMyHearingAids
où ai-je mis mes aides auditives ?,Help_FindMyHearingAids
aide-moi à trouver mon aide auditive,Help_FindMyHearingAids
je ne trouve pas mon aide auditive,Help_FindMyHearingAids
où ai-je mis mon autre aide auditive ?,Help_FindMyHearingAids
je ne me souviens plus où se trouve mon aide auditive gauche,Help_FindMyHearingAids
comment localiser mon aide auditive gauche ?,Help_FindMyHearingAids
j'ai égaré mon aide auditive,Help_FindMyHearingAids
localiser mon autre aide,Help_FindMyHearingAids
localiser mon aide auditive droite,Help_FindMyHearingAids
comment trouver mes aides auditives ?,Help_FindMyHearingAids
comment puis-je localiser mon aide auditive appropriée ?,Help_FindMyHearingAids
je ne trouve pas mes aides auditives,Help_FindMyHearingAids
j'ai égaré mes aides auditives,Help_FindMyHearingAids
je ne me souviens pas où se trouve mon autre aide auditive,Help_FindMyHearingAids
où ai-je laissé mon autre aide ?,Help_FindMyHearingAids
j'ai égaré mon aide auditive gauche,Help_FindMyHearingAids
j'ai égaré mes aides auditives,Help_FindMyHearingAids
j'ai perdu mon appareil auditif,Help_FindMyHearingAids
où ai-je mis mon aide auditive droite ?,Help_FindMyHearingAids
je ne trouve pas ma bonne aide,Help_FindMyHearingAids
j'ai perdu mon aide auditive. pouvez-vous m'aider à le trouver ?,Help_FindMyHearingAids
combien de calories ai-je utilisé en faisant de l’aérobic ?,Cmd.ActivityAerobics
combien de calories d'aérobic,Cmd.ActivityAerobics
combien de calories ai-je brûlé en faisant de l’aérobic ?,Cmd.ActivityAerobics
calories aérobies,Cmd.ActivityAerobics
combien de minutes ai-je fait de l'aérobic ?,Cmd.ActivityAerobics
depuis combien de temps je fais de l'aérobic ?,Cmd.ActivityAerobics
objectif d'aérobic,Cmd.ActivityAerobics
objectif d'activité,Cmd.ActivityAerobics
ai-je atteint mon objectif d'activité ?,Cmd.ActivityAerobics
ai-je atteint mon objectif d'aérobic ?,Cmd.ActivityAerobics
montre-moi mon objectif d'activité ?,Cmd.ActivityAerobics
quand dois-je utiliser l’IA vocale ?,Help_IntelliVoice
quand dois-je utiliser IntelliVoice ?,Help_IntelliVoice
où est l'aide pour l'amélioration de la parole DNN,Help_IntelliVoice
comment fonctionne la voix intelligente ?,Help_IntelliVoice
aide à l'amélioration de la parole dnn,Help_IntelliVoice
comment utiliser la fonction vocale intelligente ?,Help_IntelliVoice
comment faire une voix intelligente,Help_IntelliVoice
que fait cette IntelliVoice ?,Help_IntelliVoice
guide d'utilisation de la voix intelligente,Help_IntelliVoice
comment puis-je exécuter une voix intelligente ?,Help_IntelliVoice
comment fonctionne l'amélioration de la parole DNN ?,Help_IntelliVoice
comment exécuter l'amélioration de la parole DNN,Help_IntelliVoice
où est la voix ai ?,Help_IntelliVoice
comment puis-je accéder à IntelliVoice ?,Help_IntelliVoice
à quelle fréquence dois-je utiliser l'amélioration de la parole DNN ?,Help_IntelliVoice
comment améliorer la parole,Help_IntelliVoice
comment faire une amélioration de la parole DNN,Help_IntelliVoice
quand dois-je utiliser la voix intelligente ?,Help_IntelliVoice
qu'est-ce que la voix ai ?,Help_IntelliVoice
où est la voix ai ?,Help_IntelliVoice
qu'est-ce que la voix intelligente,Help_IntelliVoice
aide vocale par IA,Help_IntelliVoice
comment utiliser la voix intelligente,Help_IntelliVoice
où est l'amélioration de la parole DNN ?,Help_IntelliVoice
comment utiliser IntelliVoice,Help_IntelliVoice
mes aides auditives peuvent-elles utiliser l'amélioration de la parole DNN,Help_IntelliVoice
comment utiliser la fonctionnalité IntelliVoice ?,Help_IntelliVoice
aide avec IntelliVoice,Help_IntelliVoice
quand dois-je utiliser l'amélioration de la parole DNN ?,Help_IntelliVoice
à quelle fréquence dois-je utiliser la voix intelligente ?,Help_IntelliVoice
à quoi sert cette amélioration de la parole dnn ?,Help_IntelliVoice
voix ai,Help_IntelliVoice
comment accéder à la voix intelligente ?,Help_IntelliVoice
à quoi sert la voix intelligente,Help_IntelliVoice
comment puis-je effectuer un IntelliVoice ?,Help_IntelliVoice
où est l'aide pour IntelliVoice,Help_IntelliVoice
comment utiliser la fonction d'amélioration de la parole DNN ?,Help_IntelliVoice
où est IntelliVoice ?,Help_IntelliVoice
guide d'utilisation de l'amélioration de la parole dnn,Help_IntelliVoice
où est la voix intelligente ?,Help_IntelliVoice
comment utiliser la voix intelligente,Help_IntelliVoice
qu'est-ce que IntelliVoice,Help_IntelliVoice
comment puis-je effectuer une amélioration de la parole DNN ?,Help_IntelliVoice
aide vocale intelligente,Help_IntelliVoice
où est l'aide pour l'IA vocale,Help_IntelliVoice
Aide IntelliVoice,Help_IntelliVoice
qu'est-ce que IntelliVoice ?,Help_IntelliVoice
comment IntelliVoice,Help_IntelliVoice
aide avec la voix intelligente,Help_IntelliVoice
où est l'amélioration de la parole ?,Help_IntelliVoice
comment fonctionne IntelliVoice ?,Help_IntelliVoice
où est l'aide pour la voix intelligente,Help_IntelliVoice
à quoi sert l'amélioration de la parole DNN,Help_IntelliVoice
où est la voix intelligente ?,Help_IntelliVoice
Guide de l'utilisateur IntelliVoice,Help_IntelliVoice
comment utiliser une voix intelligente,Help_IntelliVoice
qu'est-ce que l'amélioration de la parole DNN ?,Help_IntelliVoice
comment utiliser l'amélioration de la parole DNN,Help_IntelliVoice
que fait cette voix ai ?,Help_IntelliVoice
mes aides auditives peuvent-elles utiliser IntelliVoice,Help_IntelliVoice
comment puis-je partager les informations sur mes aides auditives ?,Help_HearShare
comment utiliser HearShare ?,Help_HearShare
comment puis-je configurer HearShare ?,Help_HearShare
comment puis-je ajouter une autre personne avec HearShare ?,Help_HearShare
comment partager mes données bien-être ?,Help_HearShare
comment partager mes données auditives ?,Help_HearShare
comment inviter une personne avec HearShare ?,Help_HearShare
comment partager mes données d'activité ?,Help_HearShare
mon fils a-t-il accepté mon invitation HearShare ?,Help_HearShare
comment partager mes données auditives ?,Help_HearShare
comment puis-je partager mes informations avec mon fils ?,Help_HearShare
comment partager mes informations avec ma femme ?,Help_HearShare
comment configurer HearShare ?,Help_HearShare
comment inviter une personne avec HearShare ?,Help_HearShare
comment partager mes données d'activité ?,Help_HearShare
comment utiliser HearShare ?,Help_HearShare
comment puis-je partager mes informations avec ma femme ?,Help_HearShare
comment partager les informations sur mes aides auditives ?,Help_HearShare
mon fils peut-il utiliser HearShare ?,Help_HearShare
comment partager mes données bien-être ?,Help_HearShare
ont-ils accepté mon invitation HearShare ?,Help_HearShare
comment partager mes informations auditives avec mon fils ?,Help_HearShare
comment partager mes informations auditives avec ma femme ?,Help_HearShare
dois-je rester debout plus longtemps pour atteindre mon objectif,Cmd.ActivityStand
depuis combien de temps suis-je debout,Cmd.ActivityStand
puis-je voir mon objectif de stand,Cmd.ActivityStand
depuis combien de minutes suis-je debout,Cmd.ActivityStand
combien de calories ai-je brûlé debout,Cmd.ActivityStand
à quel point suis-je proche de mon objectif permanent.,Cmd.ActivityStand
dis-moi quel est mon objectif de stand,Cmd.ActivityStand
ai-je atteint mon objectif de stand,Cmd.ActivityStand
montre-moi mon objectif permanent,Cmd.ActivityStand
calories debout,Cmd.ActivityStand
calories debout,Cmd.ActivityStand
montre-moi mon objectif de stand,Cmd.ActivityStand
combien de temps dois-je rester debout,Cmd.ActivityStand
montre-moi combien de temps je suis resté debout,Cmd.ActivityStand
montre-moi mon historique,Cmd.ActivityStand
combien de temps suis-je resté debout,Cmd.ActivityStand
depuis combien de temps suis-je debout,Cmd.ActivityStand
combien de temps suis-je resté debout ce mois-ci,Cmd.ActivityStand
est-ce que je suis resté debout une heure,Cmd.ActivityStand
rester objectif,Cmd.ActivityStand
diffuser à partir du microphone distant,Cmd.StreamingStart
commencer à diffuser,Cmd.StreamingStart
jouer du micro,Cmd.StreamingStart
écoute ma télé,Cmd.StreamingStart
se connecter à distance,Cmd.StreamingStart
laisse-moi entendre la télé,Cmd.StreamingStart
diffuser sur,Cmd.StreamingStart
j'aimerais diffuser maintenant,Cmd.StreamingStart
diffuser à distance,Cmd.StreamingStart
démarrer le flux à distance,Cmd.StreamingStart
écoute le micro,Cmd.StreamingStart
laisse-moi entendre le microphone,Cmd.StreamingStart
je veux écouter le présentateur,Cmd.StreamingStart
commencer à diffuser la télévision sur mes aides auditives,Cmd.StreamingStart
flux,Cmd.StreamingStart
écouter la télé,Cmd.StreamingStart
faire écouter à mes aides auditives le microphone distant,Cmd.StreamingStart
lire le flux TV,Cmd.StreamingStart
laisse-moi entendre le micro à distance,Cmd.StreamingStart
commencer à diffuser à distance vers mes aides auditives,Cmd.StreamingStart
écouter le présentateur,Cmd.StreamingStart
laisse-moi entendre le présentateur,Cmd.StreamingStart
la télé à vapeur,Cmd.StreamingStart
démarrer le streaming télé,Cmd.StreamingStart
diffuser depuis le microphone,Cmd.StreamingStart
capter le signal du flux TV,Cmd.StreamingStart
démarrer le flux,Cmd.StreamingStart
je veux écouter ma télé,Cmd.StreamingStart
joue-moi le micro,Cmd.StreamingStart
démarrer la diffusion à distance,Cmd.StreamingStart
activer la diffusion en continu,Cmd.StreamingStart
streaming,Cmd.StreamingStart
jouer à la télé,Cmd.StreamingStart
laisse-moi entendre ma télé,Cmd.StreamingStart
se connecter à la télévision,Cmd.StreamingStart
diffuser la télévision,Cmd.StreamingStart
activer la diffusion en continu,Cmd.StreamingStart
diffuser depuis le micro distant,Cmd.StreamingStart
démarrer le flux TV,Cmd.StreamingStart
combien de calories ai-je brûlé en marchant ?,Cmd.ActivityWalk
calories en marchant,Cmd.ActivityWalk
combien de calories ai-je consommé en marchant ?,Cmd.ActivityWalk
combien de marche ai-je fait cette semaine ?,Cmd.ActivityWalk
jusqu'où ai-je marché,Cmd.ActivityWalk
jusqu'où dois-je marcher ?,Cmd.ActivityWalk
dois-je marcher plus loin pour atteindre mon objectif ?,Cmd.ActivityWalk
quel est mon objectif de marche ?,Cmd.ActivityWalk
montre-moi mon historique de marche ?,Cmd.ActivityWalk
montre-moi combien de temps j'ai marché ?,Cmd.ActivityWalk
mon temps de marche est-il ?,Cmd.ActivityWalk
combien ai-je marché cette semaine ?,Cmd.ActivityWalk
combien de marche ai-je fait ce mois-ci ?,Cmd.ActivityWalk
combien ai-je marché ?,Cmd.ActivityWalk
dois-je marcher plus longtemps pour atteindre mon objectif ?,Cmd.ActivityWalk
combien de temps ai-je marché.,Cmd.ActivityWalk
montre-moi mon objectif de marche ?,Cmd.ActivityWalk
quel est mon nombre de marches pour le mois ?,Cmd.ActivityWalk
à quoi servent les nouvelles fonctionnalités ?,Help_WhatsNew
montre-moi un aperçu de cette application Thrive,Help_WhatsNew
quoi de neuf dans l'application thrive ?,Help_WhatsNew
quoi de neuf dans mon application ?,Help_WhatsNew
quoi de neuf dans mon application Thrive ?,Help_WhatsNew
quoi de neuf dans l'application ?,Help_WhatsNew
comment ipro a-t-il changé ?,Help_WhatsNew
quoi de neuf dans cette application ?,Help_WhatsNew
qu'est-ce qui a changé dans cette nouvelle version ?,Help_WhatsNew
quoi de neuf dans cette application prospère ?,Help_WhatsNew
montre-moi le guide rapide,Help_WhatsNew
quoi de neuf dans cette version de mon application ?,Help_WhatsNew
montre-moi un aperçu de Thrive,Help_WhatsNew
montre-moi un guide de démarrage rapide,Help_WhatsNew
quoi de neuf dans cette version ?,Help_WhatsNew
qu'est-ce qui a changé dans cette nouvelle version de l'application ?,Help_WhatsNew
montre-moi un aperçu d'ipro,Help_WhatsNew
montre-moi un aperçu de l'application,Help_WhatsNew
montre-moi un aperçu de cette application,Help_WhatsNew
quelles sont les nouvelles fonctionnalités de l'aide auditive,Help_WhatsNew
emmène-moi pour un démarrage rapide,Help_WhatsNew
montre-moi un aperçu de l'application Thrive,Help_WhatsNew
quoi de neuf avec mes aides auditives,Help_WhatsNew
comment cette application a-t-elle changé ?,Help_WhatsNew
qu'est-ce qui est différent avec cette application ?,Help_WhatsNew
montre-moi un résumé de la nouvelle application,Help_WhatsNew
qu'est-ce qui est différent avec ipro ?,Help_WhatsNew
comment le genre a-t-il changé ?,Help_WhatsNew
qu'est-ce qui est différent dans le fait de prospérer ?,Help_WhatsNew
démarrage rapide,Help_WhatsNew
que dois-je savoir sur cette nouvelle application ?,Help_WhatsNew
comment supprimer des souvenirs,Help_MemoryOptions
puis-je définir le programme sur un emplacement ?,Help_MemoryOptions
puis-je créer un nouveau programme,Help_MemoryOptions
puis-je configurer la géolocalisation,Help_MemoryOptions
ajouter un masque comme mémoire personnalisée,Help_MemoryOptions
comment puis-je enregistrer les paramètres dans ma mémoire ?,Help_MemoryOptions
puis-je réinitialiser une mémoire,Help_MemoryOptions
puis-je attribuer un emplacement à une mémoire ?,Help_MemoryOptions
comment attribuer un emplacement à une mémoire ?,Help_MemoryOptions
j'ai perdu la mémoire pour les restaurants et les réunions,Help_MemoryOptions
comment ajouter une nouvelle mémoire ?,Help_MemoryOptions
comment géolocaliser un emplacement dans ma mémoire ?,Help_MemoryOptions
comment lier un emplacement à une mémoire ?,Help_MemoryOptions
comment personnaliser la mémoire de mon aide auditive ?,Help_MemoryOptions
où puis-je créer un nouveau programme,Help_MemoryOptions
comment puis-je créer un nouveau programme,Help_MemoryOptions
comment géolocaliser un emplacement dans une mémoire ?,Help_MemoryOptions
comment géolocaliser ma mémoire actuelle ?,Help_MemoryOptions
comment géolocaliser un programme ?,Help_MemoryOptions
je veux créer un nouveau programme ?,Help_MemoryOptions
comment puis-je associer un emplacement à une mémoire ?,Help_MemoryOptions
comment puis-je utiliser des souvenirs personnalisés ?,Help_MemoryOptions
puis-je définir le programme à cet emplacement ?,Help_MemoryOptions
comment personnaliser les réglages de mon aide auditive ?,Help_MemoryOptions
je veux créer un nouveau souvenir ?,Help_MemoryOptions
quelles sont les options de mémoire,Help_MemoryOptions
comment configurer la géolocalisation,Help_MemoryOptions
puis-je ajouter un nouveau souvenir ?,Help_MemoryOptions
comment puis-je enregistrer les paramètres dans une nouvelle mémoire ?,Help_MemoryOptions
puis-je créer un souvenir personnalisé ?,Help_MemoryOptions
comment géolocaliser mon programme actuel ?,Help_MemoryOptions
comment puis-je créer une mémoire personnalisée,Help_MemoryOptions
où sont mes paramètres de foule,Help_MemoryOptions
je n'aime pas les réglages actuels de mon aide auditive,Help_MemoryOptions
je n'ai pas une mémoire normale,Help_MemoryOptions
comment puis-je créer ma propre mémoire ?,Help_MemoryOptions
comment puis-je réinitialiser tous mes souvenirs,Help_MemoryOptions
personnaliser les réglages de mon aide auditive,Help_MemoryOptions
comment créer une mémoire personnalisée ?,Help_MemoryOptions
comment puis-je créer ma propre mémoire pour mon aide auditive ?,Help_MemoryOptions
comment puis-je créer ma propre mémoire pour mes aides auditives ?,Help_MemoryOptions
comment puis-je créer ma propre mémoire personnalisée ?,Help_MemoryOptions
comment créer mon propre programme ?,Help_MemoryOptions
comment lier un emplacement à ma mémoire ?,Help_MemoryOptions
comment personnaliser la mémoire de mon aide auditive ?,Help_MemoryOptions
comment puis-je créer ma propre mémoire pour mon aide auditive ?,Help_MemoryOptions
comment puis-je créer ma propre mémoire pour mes aides auditives ?,Help_MemoryOptions
comment géolocaliser ma mémoire ?,Help_MemoryOptions
puis-je attribuer un emplacement à ma mémoire ?,Help_MemoryOptions
paramètres de mémoire,Help_MemoryOptions
comment puis-je créer ma propre mémoire ?,Help_MemoryOptions
comment puis-je définir le programme à cet emplacement ?,Help_MemoryOptions
quelles sont certaines de mes options pour les souvenirs,Help_MemoryOptions
puis-je associer un emplacement à une mémoire ?,Help_MemoryOptions
à quoi sert cet autocontrôle ?,Help_SelfCheck
comment tester mon aide auditive gauche,Help_SelfCheck
pourquoi ma gauche est très faible et ne fonctionne pas,Help_SelfCheck
Self Check aide,Help_SelfCheck
aide avec Self Check,Help_SelfCheck
comment savoir si mon aide auditive fonctionne ?,Help_SelfCheck
où est l'aide pour Self Check,Help_SelfCheck
comment utiliser la fonction d'auto-vérification ?,Help_SelfCheck
tester les aides auditives,Help_SelfCheck
où puis-je voir si mon aide auditive fonctionne ?,Help_SelfCheck
une aide auditive est introuvable,Help_SelfCheck
pourquoi l'aide auditive gauche ne fonctionne-t-elle pas,Help_SelfCheck
comment puis-je effectuer un auto-contrôle ?,Help_SelfCheck
pourquoi l'aide auditive de ma femme ne fonctionne-t-elle pas,Help_SelfCheck
l'aide auditive ne fonctionne pas,Help_SelfCheck
pourquoi n'ai-je pas le droit quand je travaille,Help_SelfCheck
quand dois-je utiliser l’autocontrôle ?,Help_SelfCheck
pourquoi une seule de mes aides auditives fonctionne-t-elle,Help_SelfCheck
Que se passe-t-il si l'autocontrôle indique que mon aide auditive est cassée ?,Help_SelfCheck
Self Check a échoué.,Help_SelfCheck
l'aide auditive droite ne fonctionne pas,Help_SelfCheck
comment puis-je vérifier si mon aide auditive fonctionne ?,Help_SelfCheck
où est Self Check ?,Help_SelfCheck
comment savoir si mon microphone fonctionne ?,Help_SelfCheck
mon oreille gauche ne fonctionne pas bien,Help_SelfCheck
mon aide auditive gauche ne répond pas,Help_SelfCheck
il y a un problème avec mes aides auditives,Help_SelfCheck
est-ce que mes deux aides auditives fonctionnent,Help_SelfCheck
comment Self Check,Help_SelfCheck
qu'est-ce que l'autocontrôle ?,Help_SelfCheck
j'essaie de faire fonctionner mon âge auditif,Help_SelfCheck
pourquoi mes aides auditives gauche ne fonctionnent-elles pas,Help_SelfCheck
comment fonctionne Self Check ?,Help_SelfCheck
veuillez diagnostiquer mes aides auditives,Help_SelfCheck
comment vérifier l'état des aides auditives,Help_SelfCheck
"ici, ça ne marche pas",Help_SelfCheck
à quoi sert Self Check,Help_SelfCheck
où est l'autocontrôle ?,Help_SelfCheck
Guide d'utilisation de Self Check,Help_SelfCheck
pourquoi mon aide auditive gauche n'émet-elle aucun son,Help_SelfCheck
pourquoi les bonnes aides auditives ne fonctionnent-elles pas,Help_SelfCheck
comment vérifier que les aides auditives fonctionnent,Help_SelfCheck
il y a un problème avec mon aide auditive droite,Help_SelfCheck
mes deux aides auditives fonctionnent-elles correctement,Help_SelfCheck
comment utiliser Self Check,Help_SelfCheck
mes aides auditives doivent-elles être toutes cochées lors de l'auto-vérification ?,Help_SelfCheck
qu'est-ce que Self Check,Help_SelfCheck
puis-je tester mes aides auditives pour m’assurer qu’elles fonctionnent correctement ?,Help_SelfCheck
et si j'ai un x lors de l'auto-contrôle ?,Help_SelfCheck
à quelle fréquence dois-je utiliser l’autocontrôle ?,Help_SelfCheck
comment exécuter Self Check,Help_SelfCheck
pourquoi mes aides auditives ne fonctionnent-elles pas,Help_SelfCheck
pourquoi je n'entends rien avec mes aides auditives,Help_SelfCheck
comment faire Self Check,Help_SelfCheck
pourquoi mon aide auditive droite ne fonctionne-t-elle pas,Help_SelfCheck
il y a un problème avec mon aide auditive,Help_SelfCheck
mes aides auditives peuvent-elles Self Check,Help_SelfCheck
combien de calories ai-je brûlé aujourd’hui ?,Cmd.ActivityCalories
calories consommées aujourd'hui,Cmd.ActivityCalories
calories utilisées aujourd'hui,Cmd.ActivityCalories
calories brûlées aujourd'hui,Cmd.ActivityCalories
nombre de calories aujourd'hui,Cmd.ActivityCalories
combien de calories consommées aujourd'hui,Cmd.ActivityCalories
nombre de calories d'aujourd'hui,Cmd.ActivityCalories
calories brûlées aujourd'hui,Cmd.ActivityCalories
combien de calories brûlées aujourd'hui,Cmd.ActivityCalories
combien de calories ai-je utilisé aujourd'hui,Cmd.ActivityCalories
comment recharger mon appareil auditif ric,Help_Battery
comment changer la pile de mon aide auditive ?,Help_Battery
comment charger ma batterie ?,Help_Battery
comment changer la pile de mon appareil auditif ?,Help_Battery
comment changer ma batterie ?,Help_Battery
comment recharger mon aide auditive ric ?,Help_Battery
comment changer la pile de mon aide auditive ?,Help_Battery
comment recharger mon aide auditive itc ?,Help_Battery
comment changer ma batterie ?,Help_Battery
comment recharger mon aide auditive itc ?,Help_Battery
comment recharger mon aide auditive ?,Help_Battery
comment recharger mon aide auditive ?,Help_Battery
comment changer la pile de mon appareil auditif ?,Help_Battery
comment recharger mon aide auditive ric ?,Help_Battery
comment recharger ma batterie ?,Help_Battery
puis-je charger ma batterie ?,Help_Battery
comment puis-je utiliser mes aides auditives,Help_Home
quels réglages puis-je effectuer sur l'écran principal ?,Help_Home
où est l'écran d'accueil ?,Help_Home
comment revenir à l'écran principal ?,Help_Home
Quels réglages puis-je effectuer sur l'écran d'accueil ?,Help_Home
comment accéder à l'écran principal ?,Help_Home
où est la page d'accueil,Help_Home
que dois-je savoir sur l'application pour la maison,Help_Home
où est l'écran principal ?,Help_Home
comment accéder à l'écran d'accueil ?,Help_Home
où est la maison,Help_Home
aide avec l'écran d'accueil,Help_Home
comment accéder à l'écran principal ?,Help_Home
comment puis-je accéder à la page d'accueil,Help_Home
comment puis-je activer la prospérité,Help_Home
comment accéder à l'écran d'accueil ?,Help_Home
qu'y a-t-il sur la page d'accueil,Help_Home
aide avec l'écran principal,Help_Home
qu'y a-t-il sur l'écran principal ?,Help_Home
comment accéder à l'écran d'accueil ?,Help_Home
comment puis-je ajuster avec mode Edge ?,Help_EdgeMode
comment améliorer la voix avec mode Edge,Help_EdgeMode
comment entendre moins de vent avec mode Edge ?,Help_EdgeMode
comment entendre moins de vent avec mode Edge,Help_EdgeMode
comment réduire le bruit avec mode Edge ?,Help_EdgeMode
qu'y a-t-il dans mode Edge ?,Help_EdgeMode
qu'est-ce que mode Edge ?,Help_EdgeMode
comment utiliser mode Edge ?,Help_EdgeMode
comment puis-je améliorer la voix avec mode Edge ?,Help_EdgeMode
comment enregistrer le paramètre mode Edge ?,Help_EdgeMode
que fait mode Edge ?,Help_EdgeMode
comment puis-je améliorer mon audition avec mode Edge ?,Help_EdgeMode
comment puis-je enregistrer les paramètres sur mode Edge ?,Help_EdgeMode
comment utiliser mode Edge,Help_EdgeMode
comment puis-je régler les basses sur mode Edge ?,Help_EdgeMode
comment obtenir une meilleure audition avec mode Edge ?,Help_EdgeMode
faire du volume,Cmd.VolumeUnmute
faire du son,Cmd.VolumeUnmute
réactiver le son,Cmd.VolumeUnmute
couper le son,Cmd.VolumeUnmute
allume mon aide auditive droite,Cmd.VolumeUnmute
réactiver le son sur les aides auditives,Cmd.VolumeUnmute
le son est activé,Cmd.VolumeUnmute
mettre le volume à la normale,Cmd.VolumeUnmute
désactiver le mode sourdine,Cmd.VolumeUnmute
allume le son,Cmd.VolumeUnmute
allumer le volume,Cmd.VolumeUnmute
volume de l'aide auditive activé,Cmd.VolumeUnmute
allume mon aide auditive gauche,Cmd.VolumeUnmute
allumer le volume,Cmd.VolumeUnmute
allume le son,Cmd.VolumeUnmute
désactiver le mode sourdine,Cmd.VolumeUnmute
allumer les appareils auditifs,Cmd.VolumeUnmute
allumer mon aide auditive droite,Cmd.VolumeUnmute
activer l'aide auditive droite,Cmd.VolumeUnmute
sur le volume,Cmd.VolumeUnmute
allumer mon aide auditive gauche,Cmd.VolumeUnmute
volume sur aide droite,Cmd.VolumeUnmute
réactiver les aides auditives,Cmd.VolumeUnmute
réactiver les aides,Cmd.VolumeUnmute
volume sur aide gauche,Cmd.VolumeUnmute
allumer le volume,Cmd.VolumeUnmute
réactiver mes aides auditives,Cmd.VolumeUnmute
réactiver le volume de mon aide auditive,Cmd.VolumeUnmute
réactiver le son,Cmd.VolumeUnmute
comment puis-je ajuster mon masqueur d'acouphènes ?,Help_Tinnitus
aide à l'ajustement du stimulus des acouphènes sur mes aides auditives,Help_Tinnitus
aide avec les ajustements du masque d'acouphènes dans mes aides auditives,Help_Tinnitus
aide au réglage du bruit blanc,Help_Tinnitus
aide au réglage du volume des acouphènes sur mes aides auditives,Help_Tinnitus
aide aux ajustements du masque d'acouphènes,Help_Tinnitus
Comment régler le masque de bruit de mon aide auditive gauche ?,Help_Tinnitus
les acouphènes sont-ils dans l'application ?,Help_Tinnitus
comment désactiver les acouphènes,Help_Tinnitus
comment puis-je ajuster les paramètres de mon masque d'acouphènes ?,Help_Tinnitus
Comment puis-je régler le volume du masqueur de bruit de mes aides auditives ?,Help_Tinnitus
Comment puis-je régler le masque d'acouphènes de mon aide auditive ?,Help_Tinnitus
comment puis-je régler le volume du bruit blanc dans mon aide auditive ?,Help_Tinnitus
aide à l'ajustement du stimulus sonore dans mes aides auditives,Help_Tinnitus
comment puis-je régler mon masqueur de bruit dans mes aides auditives ?,Help_Tinnitus
aide à l'ajustement du stimulus sonore sur mes aides auditives,Help_Tinnitus
aide avec les ajustements du bruit blanc dans mon aide auditive,Help_Tinnitus
Comment puis-je régler l'intensité du bruit blanc dans l'aide auditive gauche ?,Help_Tinnitus
aide pour l'ajustement du masque d'acouphènes sur mes aides auditives,Help_Tinnitus
Comment puis-je régler le volume du masqueur d'acouphènes sur l'aide auditive ?,Help_Tinnitus
comment puis-je régler mon masqueur de bruit dans mes aides auditives ?,Help_Tinnitus
puis-je changer le bruit des acouphènes ?,Help_Tinnitus
Comment puis-je régler le volume des acouphènes sur l'aide auditive ?,Help_Tinnitus
aide-moi à changer de programme pour les acouphènes,Help_Tinnitus
aide au réglage du volume des acouphènes dans mon aide auditive,Help_Tinnitus
comment puis-je diminuer le bruit des acouphènes ?,Help_Tinnitus
Comment puis-je régler le volume du masqueur de bruit de mon aide auditive ?,Help_Tinnitus
comment régler mon masqueur de bruit dans les aides ?,Help_Tinnitus
aide avec les ajustements du bruit blanc,Help_Tinnitus
Comment puis-je régler le volume du stimulus d'acouphène dans les aides ?,Help_Tinnitus
comment régler mon masqueur de bruit sur mon aide auditive ?,Help_Tinnitus
comment puis-je modifier les niveaux d'acouphènes,Help_Tinnitus
puis-je désactiver les acouphènes,Help_Tinnitus
comment puis-je régler le volume du bruit des acouphènes dans l'aide ?,Help_Tinnitus
comment puis-je régler le volume du bruit des acouphènes dans l'aide gauche ?,Help_Tinnitus
aide avec le réglage du bruit blanc sur mon aide auditive,Help_Tinnitus
comment puis-je régler mon masque d'acouphènes dans les aides ?,Help_Tinnitus
comment régler mon masqueur de bruit sur la bonne aide ?,Help_Tinnitus
comment puis-je régler mon masque de bruit avec la bonne aide ?,Help_Tinnitus
aide à l'ajustement du stimulus des acouphènes sur mes aides auditives,Help_Tinnitus
aide avec les ajustements du bruit des acouphènes dans mes aides auditives,Help_Tinnitus
comment régler mon masqueur de bruit sur mon aide auditive ?,Help_Tinnitus
aide à l'ajustement du stimulus sonore sur mes aides auditives,Help_Tinnitus
Comment puis-je régler le volume du masqueur d'acouphènes sur les aides ?,Help_Tinnitus
comment puis-je régler le volume du volume des acouphènes sur mon aide auditive ?,Help_Tinnitus
aide à l'ajustement du bruit des acouphènes dans mon aide auditive,Help_Tinnitus
comment puis-je régler le volume du volume des acouphènes dans l'aide ?,Help_Tinnitus
comment régler mon masqueur de bruit dans l'aide ?,Help_Tinnitus
comment puis-je régler le masque de bruit de mon aide auditive droite ?,Help_Tinnitus
Comment puis-je régler le volume du masqueur d'acouphènes de mes aides auditives ?,Help_Tinnitus
comment régler mon masque de bruit sur l'aide gauche ?,Help_Tinnitus
comment puis-je ajuster mon masqueur d'acouphènes à mon aide auditive ?,Help_Tinnitus
comment régler le bruit de mes acouphènes dans les aides auditives ?,Help_Tinnitus
comment puis-je régler l'intensité du bruit des acouphènes dans les aides auditives ?,Help_Tinnitus
comment régler le bruit de mes acouphènes ?,Help_Tinnitus
aide à l'ajustement du stimulus des acouphènes dans mes aides auditives,Help_Tinnitus
montre-moi les paramètres des acouphènes,Help_Tinnitus
comment régler mon masque de bruit dans l'aide gauche ?,Help_Tinnitus
comment régler mon masqueur de bruit sur les aides auditives ?,Help_Tinnitus
quel est le bourdonnement dans mes oreilles,Help_Tinnitus
comment régler mon masqueur de bruit sur les aides ?,Help_Tinnitus
comment régler mon masque d'acouphènes sur les aides ?,Help_Tinnitus
Comment puis-je régler le volume du stimulus acouphène sur les aides auditives ?,Help_Tinnitus
comment régler mon masqueur de bruit sur mes aides auditives ?,Help_Tinnitus
comment régler le bruit de mes acouphènes dans les aides auditives ?,Help_Tinnitus
comment régler mon masqueur de bruit ?,Help_Tinnitus
Comment puis-je régler le volume du masqueur de bruit de mes aides auditives ?,Help_Tinnitus
comment puis-je régler le volume du bruit blanc de mon aide auditive ?,Help_Tinnitus
Comment régler mon masque d'acouphènes dans l'aide auditive gauche ?,Help_Tinnitus
Comment puis-je régler le volume du volume des acouphènes sur l'aide ?,Help_Tinnitus
aide à l'ajustement du stimulus sonore dans mon aide auditive,Help_Tinnitus
Comment puis-je régler mon masque d'acouphènes dans l'aide auditive appropriée ?,Help_Tinnitus
Comment puis-je régler le volume du masqueur de bruit dans l'aide auditive ?,Help_Tinnitus
aide avec les ajustements sonores des acouphènes dans mon aide auditive,Help_Tinnitus
comment puis-je régler mon masque d'acouphènes dans l'aide auditive ?,Help_Tinnitus
comment régler le bruit de mes acouphènes dans l'aide auditive ?,Help_Tinnitus
comment puis-je ajuster mes paramètres de bruit d’acouphènes ?,Help_Tinnitus
comment puis-je régler le volume du masqueur d'acouphènes sur mon aide auditive ?,Help_Tinnitus
Comment puis-je régler le volume du masqueur d'acouphènes dans les aides auditives ?,Help_Tinnitus
comment puis-je régler le volume des acouphènes dans l'aide auditive ?,Help_Tinnitus
Comment puis-je régler le volume des acouphènes sur les aides auditives ?,Help_Tinnitus
aide avec les ajustements du bruit blanc dans mes aides auditives,Help_Tinnitus
comment augmenter le bruit des acouphènes ?,Help_Tinnitus
comment puis-je régler le volume des acouphènes de mon aide auditive ?,Help_Tinnitus
Comment puis-je régler le volume du masqueur d'acouphènes dans l'aide ?,Help_Tinnitus
aide avec le réglage du volume des acouphènes dans mon aide auditive,Help_Tinnitus
comment régler le bruit de mes acouphènes sur l'aide ?,Help_Tinnitus
comment puis-je régler le volume du bruit blanc de mes aides auditives ?,Help_Tinnitus
comment puis-je régler l'intensité du bruit blanc dans mon aide auditive ?,Help_Tinnitus
comment puis-je régler mon masqueur de bruit à mon aide auditive ?,Help_Tinnitus
comment ajuster mon masque d'acouphènes sur mon aide auditive droite ?,Help_Tinnitus
aide avec les ajustements sonores des acouphènes dans mes aides auditives,Help_Tinnitus
comment puis-je régler l'intensité du bruit blanc dans l'aide auditive droite ?,Help_Tinnitus
aide avec les ajustements du masque d'acouphènes dans mon aide auditive,Help_Tinnitus
comment puis-je régler l'intensité du bruit blanc dans les aides ?,Help_Tinnitus
comment activer les acouphènes,Help_Tinnitus
comment puis-je changer les sons des acouphènes,Help_Tinnitus
comment puis-je régler le volume du bruit des acouphènes sur mon aide auditive ?,Help_Tinnitus
comment régler mon masque d'acouphènes sur mon aide auditive gauche ?,Help_Tinnitus
comment puis-je régler le volume du bruit des acouphènes dans mon aide auditive ?,Help_Tinnitus
Comment puis-je régler le volume du masqueur d'acouphènes sur l'aide ?,Help_Tinnitus
aide avec les ajustements du masque d'acouphènes sur mon aide auditive,Help_Tinnitus
comment puis-je régler mes paramètres d'acouphènes ?,Help_Tinnitus
aide avec les ajustements du stimulus des acouphènes sur mon aide auditive,Help_Tinnitus
aide avec le réglage du volume des acouphènes sur mes aides auditives,Help_Tinnitus
aide avec les réglages du volume des acouphènes sur mes aides auditives,Help_Tinnitus
aide avec les ajustements du masque d'acouphènes sur mes aides auditives,Help_Tinnitus
Comment puis-je régler le volume du bruit des acouphènes dans mes aides auditives ?,Help_Tinnitus
aide à l'ajustement du stimulus des acouphènes sur mon aide auditive,Help_Tinnitus
comment puis-je régler le volume du masqueur de bruit sur mes aides auditives ?,Help_Tinnitus
puis-je accéder au cloud ?,Help_HearingCareAnywhereConnect
puis-je utiliser la téléécoute,Help_HearingCareAnywhereConnect
comment accéder au cloud ?,Help_HearingCareAnywhereConnect
comment puis-je sauvegarder les données de mon application Thrive,Help_HearingCareAnywhereConnect
comment puis-je sauvegarder les données de mon aide auditive ?,Help_HearingCareAnywhereConnect
comment sauvegarder les données dans mon application ?,Help_HearingCareAnywhereConnect
comment puis-je sauvegarder les paramètres de mon aide auditive droite ?,Help_HearingCareAnywhereConnect
comment puis-je restaurer les paramètres de mon aide auditive ?,Help_HearingCareAnywhereConnect
comment restaurer les paramètres de mes aides auditives ?,Help_HearingCareAnywhereConnect
comment restaurer les paramètres de l'application Thrive ?,Help_HearingCareAnywhereConnect
comment synchroniser mon aide auditive avec l'application ?,Help_HearingCareAnywhereConnect
comment synchroniser mes aides auditives avec l'application ?,Help_HearingCareAnywhereConnect
comment synchroniser les paramètres de mon application Thrive ?,Help_HearingCareAnywhereConnect
téléentendre,Help_HearingCareAnywhereConnect
aide pour télé entendre,Help_HearingCareAnywhereConnect
aide pour la télé ici,Help_HearingCareAnywhereConnect
où puis-je trouver la télé ici,Help_HearingCareAnywhereConnect
où puis-je trouver tela ici,Help_HearingCareAnywhereConnect
où puis-je trouver le décompte ici,Help_HearingCareAnywhereConnect
aide avec les appareils de couplage,Help_Pairing
pourquoi mon aide auditive gauche n'est-elle pas couplée,Help_Pairing
comment connecter mes aides auditives au Bluetooth de ma voiture ?,Help_Pairing
mes aides auditives peuvent-elles être configurées sur plusieurs appareils,Help_Pairing
comment connecter mon aide auditive ?,Help_Pairing
je dois coupler les aides auditives avec le téléphone,Help_Pairing
aides à l'appairage avec mon téléphone,Help_Pairing
mes aides auditives peuvent-elles être configurées simultanément sur un iPhone et un iPad,Help_Pairing
appairer mes aides auditives avec l'application thrive,Help_Pairing
aide pour appairer mes aides auditives avec le téléphone,Help_Pairing
les aides sont-elles connectées au téléphone ?,Help_Pairing
Comment coupler mes aides auditives au Bluetooth de ma voiture ?,Help_Pairing
comment reconnecter mes aides auditives,Help_Pairing
l'aide est-elle couplée au téléphone ?,Help_Pairing
aides à l'appairage sur mon application,Help_Pairing
comment déconnecter mon aide auditive de mon téléphone ?,Help_Pairing
coupler des appareils auditifs avec mon application Thrive,Help_Pairing
aide pour appairer les aides avec le téléphone,Help_Pairing
paire d'aide droite,Help_Pairing
pourquoi mes aides auditives ne sont-elles pas synchronisées,Help_Pairing
aide pour appairer les aides auditives au téléphone,Help_Pairing
comment puis-je vérifier l'état de connexion de mon aide auditive ?,Help_Pairing
comment reconnecter mes aides auditives,Help_Pairing
comment connecter mes aides auditives ?,Help_Pairing
je dois déconnecter les aides auditives du téléphone,Help_Pairing
connecter l'aide auditive gauche,Help_Pairing
comment savoir si mes aides auditives sont connectées à mon application ?,Help_Pairing
pourquoi mon aide auditive gauche n'est-elle pas connectée,Help_Pairing
comment reconnecter mon aide auditive gauche,Help_Pairing
Mon aide auditive est-elle couplée au téléphone ?,Help_Pairing
comment connecter mes aides auditives au téléphone ?,Help_Pairing
comment puis-je vérifier si mes aides auditives sont connectées à mon application ?,Help_Pairing
j'ai besoin d'aide pour l'appairage avec le téléphone,Help_Pairing
pourquoi je n'entends rien à travers,Help_Pairing
j'ai besoin d'aide pour associer mon aide auditive,Help_Pairing
mes aides auditives sont-elles connectées au téléphone ?,Help_Pairing
relier le lecteur à l'aide auditive,Help_Pairing
comment se synchroniser avec les aides auditives,Help_Pairing
aide pour coupler des appareils auditifs avec l'application Thrive,Help_Pairing
l'aide auditive est-elle connectée à l'application ?,Help_Pairing
comment puis-je appairer mes aides auditives à mon téléphone ?,Help_Pairing
comment puis-je dissocier mon aide auditive de mon téléphone ?,Help_Pairing
comment puis-je dissocier mes aides auditives de mon téléphone ?,Help_Pairing
j'ai besoin d'aide pour appairer mon aide auditive au téléphone,Help_Pairing
appairer mon aide auditive droite,Help_Pairing
je dois coupler l'aide auditive à mon téléphone,Help_Pairing
je dois coupler mes aides auditives à mon téléphone,Help_Pairing
comment reconnecter mon aide auditive droite,Help_Pairing
comment puis-je vérifier si les aides auditives sont connectées à mon application Thrive ?,Help_Pairing
synchroniser l'aide auditive avec la télévision,Help_Pairing
comment puis-je me connecter au Bluetooth de ma voiture ?,Help_Pairing
je dois déconnecter mes aides auditives de mon téléphone,Help_Pairing
comment puis-je vérifier si les aides auditives sont appairées à mon téléphone ?,Help_Pairing
comment puis-je vérifier si mes aides auditives sont couplées au téléphone ?,Help_Pairing
comment puis-je vérifier si les aides auditives sont connectées à l'application ?,Help_Pairing
Comment passer des aides auditives au Bluetooth de ma voiture ?,Help_Pairing
comment déconnecter mes aides auditives ?,Help_Pairing
comment faire sonner mon téléphone dans mes aides auditives,Help_Pairing
j'ai besoin d'aide pour coupler les aides auditives à mon téléphone,Help_Pairing
appairer des aides auditives sur l'application Thrive,Help_Pairing
mon aide auditive est-elle connectée au téléphone ?,Help_Pairing
comment puis-je vérifier si mon aide auditive est couplée au téléphone ?,Help_Pairing
j'ai besoin d'aide pour associer mon aide auditive à mon téléphone,Help_Pairing
comment puis-je vérifier si les aides auditives sont connectées à l'application thrive ?,Help_Pairing
aide pour appairer les aides auditives avec le téléphone,Help_Pairing
comment puis-je dissocier mes aides auditives ?,Help_Pairing
mes aides auditives sont-elles connectées à l'application ?,Help_Pairing
pourquoi mon aide auditive droite n'est-elle pas connectée,Help_Pairing
comment connecter mes aides auditives ?,Help_Pairing
comment reconnecter mon aide auditive gauche,Help_Pairing
paire d'aide gauche,Help_Pairing
j'ai besoin d'aide pour l'appairage avec mon téléphone,Help_Pairing
aide au jumelage des aides auditives,Help_Pairing
comment appairer mes aides auditives,Help_Pairing
j'ai besoin d'aide pour associer l'aide,Help_Pairing
j'ai besoin d'aide pour l'appairage,Help_Pairing
connecter l'aide auditive droite,Help_Pairing
pourquoi mon aide auditive droite n'est-elle pas couplée,Help_Pairing
comment puis-je vérifier si mes aides auditives sont appairées au téléphone ?,Help_Pairing
comment reconnecter mon aide auditive droite,Help_Pairing
comment puis-je vérifier si l'aide est couplée au téléphone ?,Help_Pairing
comment puis-je vérifier si les aides sont couplées à mon téléphone ?,Help_Pairing
comment savoir si les aides auditives sont couplées à mon téléphone ?,Help_Pairing
aides à l'appairage sur mon application Thrive,Help_Pairing
appairer mes aides auditives avec mon téléphone,Help_Pairing
comment puis-je coupler mon aide auditive à mon téléphone ?,Help_Pairing
mon aide auditive est-elle connectée à mon application ?,Help_Pairing
Mon aide auditive est-elle connectée à l'application ?,Help_Pairing
appairer mes aides auditives,Help_Pairing
j'ai besoin d'aide pour appairer les aides,Help_Pairing
appairer mes aides auditives au téléphone,Help_Pairing
comment puis-je appairer mon aide auditive à mon téléphone ?,Help_Pairing
comment puis-je vérifier si mes aides auditives sont connectées à l'application thrive ?,Help_Pairing
comment puis-je vérifier si les aides auditives sont appairées au téléphone ?,Help_Pairing
je dois dissocier mes aides auditives de mon téléphone,Help_Pairing
comment puis-je me connecter au Bluetooth de ma voiture ?,Help_Pairing
je dois coupler mon aide auditive à mon téléphone,Help_Pairing
comment puis-je les synchroniser ensemble,Help_Pairing
comment puis-je synchroniser mes aides auditives,Help_Pairing
mon aide auditive est-elle connectée au téléphone ?,Help_Pairing
comment déconnecter mon aide auditive ?,Help_Pairing
je dois connecter les aides auditives au téléphone,Help_Pairing
pourquoi ne puis-je pas faire passer mes aides auditives sur mon téléphone pour passer par mes aides auditives,Help_Pairing
Comment savoir si les aides auditives sont connectées à mon application Thrive ?,Help_Pairing
les aides auditives sont-elles connectées au téléphone ?,Help_Pairing
aide pour appairer mes aides auditives,Help_Pairing
aides à l'appairage sur l'application,Help_Pairing
l'aide auditive est-elle connectée à mon application ?,Help_Pairing
connecter l'aide appropriée,Help_Pairing
aide pour appairer les aides auditives sur l'application thrive,Help_Pairing
connecter l'aide gauche,Help_Pairing
j'ai besoin d'aide pour associer mon aide auditive au téléphone,Help_Pairing
l'aide est-elle connectée à l'application thrive ?,Help_Pairing
synchroniser le Bluetooth de la voiture avec l'aide auditive,Help_Pairing
comment appairer mes aides auditives ?,Help_Pairing
je dois déconnecter mon aide auditive de mon téléphone,Help_Pairing
mon aide auditive peut-elle être configurée simultanément sur un iPhone et un iPad,Help_Pairing
où puis-je appairer mes aides auditives dans l'application ?,Help_Pairing
comment savoir si les aides auditives sont couplées au téléphone ?,Help_Pairing
créer un nouveau rappel,reminders.add
rappelle-moi de boire de l'eau dans 10 minutes,reminders.add
régler une alarme pendant 15 minutes,reminders.add
régler une alarme pour un rendez-vous chez le médecin demain matin,reminders.add
fixer un rendez-vous chez le médecin pour demain à 10h,reminders.add
régler une alarme à 8 heures du matin,reminders.add
planifier un rendez-vous,reminders.add
prendre rendez-vous demain,reminders.add
prendre rendez-vous en physiothérapie demain matin 8h40,reminders.add
chaque année,reminders.add
chaque mois,reminders.add
chaque semaine,reminders.add
tous les jours,reminders.add
tous les jours,reminders.add
configurer un rappel,reminders.add
rappel,reminders.add
faire un rappel,reminders.add
n'oubliez pas de vous entraîner,reminders.add
n'oubliez pas de regarder,reminders.add
n'oubliez pas de laver la voiture dans 4 heures,reminders.add
n'oubliez pas de laver ma voiture,reminders.add
n'oubliez pas de vous réveiller demain,reminders.add
n'oubliez pas de vous réveiller à 7 heures du matin.,reminders.add
n'oubliez pas de vous réveiller à 6 heures du matin.,reminders.add
pensez à prendre de la vitamine D à 19h. tous les jours,reminders.add
n'oubliez pas de rendre visite à ma famille le jour de Thanksgiving,reminders.add
pensez à allumer les lumières à 20h.,reminders.add
n'oubliez pas d'éteindre mon téléphone tous les jours à 23h.,reminders.add
pensez à prendre mes médicaments mardi matin à 10h,reminders.add
n'oubliez pas de prendre des médicaments demain matin,reminders.add
n'oubliez pas de prendre vos médicaments aujourd'hui à 17 heures.,reminders.add
pensez à prendre vos médicaments jeudi prochain à 16h.,reminders.add
n'oubliez pas de prendre des médicaments,reminders.add
pensez à prendre vos médicaments aujourd'hui à 17h.,reminders.add
n'oubliez pas d'étudier demain,reminders.add
définir un rappel,reminders.add
ne me laisse pas oublier,reminders.add
rappelle-moi,reminders.add
je veux qu'on me le rappelle,reminders.add
créer un rappel,reminders.add
rappelle-moi d'aller courir tous les mercredis à 7 heures du matin.,reminders.add
rappelle-moi de prendre des médicaments jeudi prochain à 16h.,reminders.add
rappelle-moi de récupérer ma voiture vendredi matin,reminders.add
rappelle-moi de récupérer ma voiture vendredi matin prochain,reminders.add
rappelle-moi de prendre mes médicaments mardi matin à 10h.,reminders.add
rappelez-moi de récupérer mon ordonnance mardi à 17h.,reminders.add
rappelle-moi de récupérer mon ordonnance mercredi à 17h.,reminders.add
rappelle-moi de récupérer mon ordonnance jeudi à 17h.,reminders.add
rappelle-moi de récupérer mon ordonnance samedi à 17h.,reminders.add
rappelle-moi de récupérer mon ordonnance dimanche à 17h.,reminders.add
rappelle-moi de récupérer mon ordonnance à 17h. le dimanche,reminders.add
rappelle-moi de récupérer mon ordonnance à 17h. Samedi,reminders.add
rappelle-moi de récupérer mon ordonnance à 17h. vendredi,reminders.add
rappelle-moi de récupérer mon ordonnance à 17h. jeudi,reminders.add
rappelle-moi de récupérer mon ordonnance à 17h. le mercredi,reminders.add
rappelle-moi de récupérer mon ordonnance à 17h. mardi,reminders.add
rappelle-moi de récupérer mon ordonnance à 17h. le lundi,reminders.add
rappelle-moi de récupérer mon ordonnance lundi à 17h.,reminders.add
rappelle-moi de récupérer mon ordonnance vendredi à 17h.,reminders.add
créer un rappel pour prendre des médicaments aujourd'hui à 20h,reminders.add
rappelle-moi de prendre des médicaments aujourd'hui à 17 heures.,reminders.add
rappelle-moi de boire de l'eau tous les jours à 10 heures du matin,reminders.add
rappelle-moi de boire de l'eau plus tard dans la journée à 17 heures.,reminders.add
rappelle-moi de prendre des médicaments demain matin,reminders.add
rappelle-moi de récupérer mon ordonnance cet après-midi,reminders.add
rappelle-moi de renouveler mon ordonnance demain après-midi,reminders.add
définir un rappel pour boire de l'eau aujourd'hui,reminders.add
définir un rappel pour faire de l'exercice aujourd'hui,reminders.add
définir un rappel pour nettoyer les aides auditives dès aujourd'hui,reminders.add
définissez un rappel pour récupérer l'ordonnance aujourd'hui à 17 h.,reminders.add
définir un rappel pour renouveler l'ordonnance demain,reminders.add
définissez un rappel pour prendre vos médicaments aujourd'hui à 17 heures.,reminders.add
rappelle-moi de boire de l'eau aujourd'hui,reminders.add
rappelle-moi de faire de l'exercice aujourd'hui,reminders.add
rappelle-moi de nettoyer mes aides auditives aujourd'hui,reminders.add
rappelez-moi de récupérer l'ordonnance aujourd'hui à 17 heures.,reminders.add
rappelle-moi de renouveler l'ordonnance demain,reminders.add
rappelle-moi de prendre mes médicaments aujourd'hui à 17 heures.,reminders.add
définir un rappel pour boire de l'eau à 21 heures. tous les mardis,reminders.add
définir un rappel pendant 5 minutes,reminders.add
configurer un rappel pour prendre des médicaments à 13 heures.,reminders.add
définir un rappel pour prendre les médicaments à 13 heures.,reminders.add
rappelle-moi de faire les courses tous les mois le 15 à 13h.,reminders.add
rappelle-moi d'aller à l'épicerie tous les dimanches midi,reminders.add
rappelle-moi d'envoyer des cartes de Noël chaque année le 1er décembre à 17h.,reminders.add
créez un rappel quotidien pour prendre vos médicaments à 17 heures.,reminders.add
rappelle-moi de m'entraîner demain matin à 6 heures,reminders.add
rappelle-moi de courir à 14 heures. à Halloween,reminders.add
rappelle-moi de dîner tous les dimanches à 8 heures du matin.,reminders.add
"fixez un rappel pour 7 heures demain à propos du dîner, s'il vous plaît",reminders.add
rappelle-moi pour demain,reminders.add
rappelez-vous de courir tous les jours à 6 heures du matin.,reminders.add
rappelle-moi d'étudier demain,reminders.add
rappelle-moi mon rendez-vous chez le médecin,reminders.add
rappelle-moi de me réveiller à 6 heures du matin.,reminders.add
envoie-moi un rappel pour partir travailler dans 10 minutes,reminders.add
rappelle-moi le 27 août pour mon vol,reminders.add
rappelle-moi le dîner à 15h.,reminders.add
rappelle-moi à 19 heures. le 11 novembre pour faire ses devoirs,reminders.add
rappelle-moi d'allumer les lumières à 20 heures.,reminders.add
rappelle-moi demain d'appeler,reminders.add
définir un rappel pour demain matin,reminders.add
rappelez-moi à 14h35. demain ne pas se garer sur le parking arrière,reminders.add
rappelez-moi de livrer à l'église catholique sainte barbara le vendredi de 9h à 9h30,reminders.add
rappelle-moi d'aller me coucher dans 5 minutes,reminders.add
rappelle-moi de venir chercher Joe dans 30 minutes,reminders.add
rappelle-moi de me brosser les dents,reminders.add
rappelle-moi le dîner dans 1 minute,reminders.add
rappelle-moi d'aller travailler le 19 août,reminders.add
rappelle-moi à 13 heures. que je dois manger,reminders.add
"rappel pour 16h15 aujourd'hui, rends visite à grand-mère s'il te plaît",reminders.add
définir un rappel pour tous les jours,reminders.add
rappelle-moi à midi,reminders.add
rappelle-moi vendredi,reminders.add
rappelle-moi demain pour,reminders.add
ça me rappelle une réunion le 27 août,reminders.add
rappelle-moi de recharger mon téléphone tous les jours à 23h00.,reminders.add
rappelle-moi d'appeler quelqu'un tous les jours à 16 heures.,reminders.add
rappelle-moi d'éteindre mon téléphone tous les jours à 23h.,reminders.add
j'ai besoin d'un rappel pour aujourd'hui,reminders.add
ajouter un rappel pour demain,reminders.add
rappelle-moi de m'entraîner,reminders.add
rappelle-moi de me réveiller demain,reminders.add
rappelle-moi demain,reminders.add
rappeler le vol à 6 heures du matin,reminders.add
aide-moi à me rappeler d'appeler bébé demain à 9 heures,reminders.add
nouveau rappel mange une pomme tous les jours à 9h,reminders.add
ne me laisse pas oublier d'aller chercher du lait aujourd'hui,reminders.add
rappelle-moi tous les jours,reminders.add
rappelle-moi le rendez-vous,reminders.add
rappelle-moi d'acheter du pain à 11 heures demain,reminders.add
nouveau rappel pour tous les jours,reminders.add
ajouter un rappel nourrir un chat en 3 minutes,reminders.add
"peux-tu me rappeler de lire mon livre, de faire la vaisselle et de balayer le sol",reminders.add
rappel de jouer avec mon chat tous les jours à 19h,reminders.add
rappelle-moi de laver ma voiture,reminders.add
j'ai besoin d'un rappel demain,reminders.add
rappelle-moi à midi,reminders.add
rappelle-moi le week-end,reminders.add
rappelle-moi de prendre des médicaments,reminders.add
définir un rappel pour jeudi,reminders.add
définir un rappel pendant 1 heure,reminders.add
rappelle-moi de faire bouillir de l'eau tous les matins avant 7 heures du matin.,reminders.add
définir un rappel pour 7 heures du matin demain yoga,reminders.add
nouveau rappel sur la forme physique,reminders.add
peux-tu me fixer un rappel demain,reminders.add
ça me rappelle les frères de sang,reminders.add
rappelle-moi que j'ai un rendez-vous chez le médecin,reminders.add
fixer un rappel acheter du lait le 11 novembre à 17h,reminders.add
rappelle-moi de voir la table dans 5 minutes,reminders.add
rappelle-moi de vérifier mon ordinateur,reminders.add
rappelle-moi d'aller dormir,reminders.add
rappelle-moi de payer ma facture de carte de crédit,reminders.add
rappelle-moi que j'ai un rendez-vous,reminders.add
définir un rappel pour 5 minutes,reminders.add
rappelle-moi le dîner dans 1 heure,reminders.add
définir un rappel sur le lavage de la voiture,reminders.add
rappelle-moi dans 15 minutes d'aller au bar,reminders.add
rappelle-moi d'acheter des billets de cinéma pour vendredi soir,reminders.add
rappel pour aujourd'hui,reminders.add
"définissez un rappel pour le dîner avec Tom, s'il vous plaît",reminders.add
rappelle-moi d'appeler papa,reminders.add
rappelle-moi de regarder,reminders.add
rappelle-moi de rendre visite à ma famille le jour de Thanksgiving,reminders.add
rappelle-moi la réunion des professeurs de vendredi,reminders.add
rappelle-moi la recherche en nutrition demain à 8 heures.,reminders.add
rappeler le rendez-vous d'affaires tous les lundis à 16h,reminders.add
rappelle-moi que j'ai un rendez-vous chez le médecin,reminders.add
rappelle-moi à 11 heures du matin,reminders.add
rappelez-vous de courir à 6 heures du matin le 7 décembre,reminders.add
rappelle-moi de me réveiller à 7 heures du matin.,reminders.add
rappelle-moi aujourd'hui,reminders.add
rappelle-moi de réserver une place de parking pour ma croisière carnaval,reminders.add
rappelle-moi d'appeler José demain,reminders.add
rappelle-moi de faire mes devoirs le 11 novembre à 19h.,reminders.add
pouvez-vous s'il vous plaît me rappeler de prendre mes médicaments tous les matins à 7h00,reminders.add
rappel de la fête à 12h vendredi,reminders.add
définir un rappel pour 8 heures du matin,reminders.add
rappelle-moi d'appeler maman à Noël,reminders.add
rappelle-moi d'appeler mon frère le jour des anciens combattants,reminders.add
rappelle-moi la vidéo tous les jours à midi,reminders.add
nouveau rappel sur le lavage de la voiture,reminders.add
rappelle-moi la réunion parents/profs de vendredi,reminders.add
rappelle-moi mon rendez-vous,reminders.add
rappelle-moi les examens tous les vendredis à 19h.,reminders.add
rappelle-moi de boire de l'eau dans 5 minutes,reminders.add
définir un rappel pour demain,reminders.add
rappelle-moi d'aller courir à 6 heures du matin.,reminders.add
"définissez un rappel sur la promenade du chien, répétez-le tous les jours à 9 heures du matin.",reminders.add
rappelle-moi jeudi,reminders.add
rappel pour ce soir,reminders.add
définir un rappel à 14 heures.,reminders.add
rappelle-moi de faire de l'exercice ce soir,reminders.add
rappelle-moi une fois de courir,reminders.add
définir un rappel pour le 25 novembre,reminders.add
rappelle-moi de laver la voiture,reminders.add
rappelle-moi 22h30. fermer le restaurant,reminders.add
rappelle-moi tous les jours de lire un livre à 18 heures.,reminders.add
ne me laisse pas oublier d'arroser les fleurs à 7 heures demain,reminders.add
rappelle-moi de nourrir mon chat s'il te plaît,reminders.add
"s'il te plaît, rappelle-moi d'appeler",reminders.add
rappelle-moi d'acheter du lait mardi à 20h.,reminders.add
régler le rappel à 17h,reminders.add
envoyez-moi un rappel pour payer la facture du câble le 3 mars,reminders.add
rappelle-moi le dîner à 15h23,reminders.add
ajouter un rappel avec le titre laver la voiture,reminders.add
rappelle-moi d'acheter des chaussures à Paris,reminders.add
rappelle-moi d'aller chez le médecin,reminders.add
rappelle-moi demain à 9 heures.,reminders.add
rappelle-moi de prendre de la vitamine D à 19h. tous les jours,reminders.add
ajouter un rappel pour la réunion,reminders.add
rappelle-moi de laver la voiture dans 4 heures,reminders.add
rappel du commerçant,reminders.add
Quelles sont les différences entre l'application avancée et l'application de base ?,Help_AppSettings
où puis-je modifier les paramètres de l'application,Help_AppSettings
comment puis-je basculer entre le mode basique et avancé ?,Help_AppSettings
quelle version de l'application j'utilise ?,Help_AppSettings
comment puis-je modifier les paramètres de mon application ?,Help_AppSettings
où puis-je trouver les paramètres de l'application ?,Help_AppSettings
dois-je utiliser le mode basique ou avancé ?,Help_AppSettings
qu'est-ce qui est disponible avec l'application de base ?,Help_AppSettings
comment passer de l'application de base à l'application avancée ?,Help_AppSettings
que puis-je faire avec l'application avancée ?,Help_AppSettings
qu'est-ce qui est disponible avec l'application avancée ?,Help_AppSettings
que puis-je faire dans les paramètres de l'application ?,Help_AppSettings
qu'est-ce que le mode de base ?,Help_AppSettings
que puis-je faire avec l'application de base ?,Help_AppSettings
y a-t-il un endroit pour modifier les paramètres de mon application ?,Help_AppSettings
où sont les paramètres de l'application,Help_AppSettings
qu'est-ce que le mode avancé ?,Help_AppSettings
version de l'application,Help_AppSettings
quelle version de l'application ai-je ?,Help_AppSettings
puis-je revenir en arrière après avoir changé de mode ?,Help_AppSettings
comment puis-je envoyer une note à mon médecin,Help_RemoteProgramming
je veux me connecter à mon audiologiste,Help_RemoteProgramming
L'audioprothésiste peut-il régler l'aide auditive à distance ?,Help_RemoteProgramming
Mon audioprothésiste peut-il régler les aides à distance ?,Help_RemoteProgramming
comment demander un ajustement ?,Help_RemoteProgramming
comment saurai-je quand mon audioprothésiste a ajusté l’aide auditive ?,Help_RemoteProgramming
puis-je écouter les réglages effectués par le professionnel ?,Help_RemoteProgramming
comment saurai-je quand l’audioprothésiste a ajusté mon aide auditive ?,Help_RemoteProgramming
puis-je contacter mon audiologiste pour obtenir de l'aide ?,Help_RemoteProgramming
L'audiologiste peut-il régler mes aides auditives à distance ?,Help_RemoteProgramming
comment saurai-je quand mon audioprothésiste a ajusté mes aides auditives ?,Help_RemoteProgramming
Mon audioprothésiste peut-il régler mon aide auditive à distance ?,Help_RemoteProgramming
comment saurai-je quand mon audioprothésiste a réglé l’aide ?,Help_RemoteProgramming
comment puis-je contacter mon clinicien pour obtenir de l'aide ?,Help_RemoteProgramming
comment puis-je demander un nouveau paramètre ?,Help_RemoteProgramming
comment saurai-je quand mon audiologiste a ajusté l’aide auditive ?,Help_RemoteProgramming
j'ai besoin d'un ajustement de mes aides auditives,Help_RemoteProgramming
mon audiologiste peut-il régler les aides à distance ?,Help_RemoteProgramming
puis-je revenir à mes paramètres d'origine ?,Help_RemoteProgramming
comment saurai-je quand l’audiologiste a ajusté les aides ?,Help_RemoteProgramming
L'audioprothésiste peut-il régler l'aide à distance ?,Help_RemoteProgramming
Comment saurai-je quand mon audioprothésiste a ajusté mon aide auditive ?,Help_RemoteProgramming
comment saurai-je quand mon audiologiste a ajusté l’aide ?,Help_RemoteProgramming
comment savoir quand le professionnel a ajusté l'aide ?,Help_RemoteProgramming
comment fonctionne la programmation à distance ?,Help_RemoteProgramming
connecte-moi à mon audiologiste,Help_RemoteProgramming
comment saurai-je quand l’audioprothésiste a ajusté mes aides auditives ?,Help_RemoteProgramming
comment puis-je me connecter à mon audiologiste,Help_RemoteProgramming
mon professionnel peut-il régler mes aides auditives à distance ?,Help_RemoteProgramming
comment saurai-je quand mon audioprothésiste a ajusté mes aides auditives ?,Help_RemoteProgramming
puis-je comparer les ajustements effectués par mon audiologiste ?,Help_RemoteProgramming
Mon audioprothésiste peut-il régler mes aides auditives à distance ?,Help_RemoteProgramming
où sont mes nouveaux paramètres ?,Help_RemoteProgramming
puis-je comparer les réglages effectués par mon audioprothésiste ?,Help_RemoteProgramming
comment enregistrer les réglages effectués par mon audioprothésiste ?,Help_RemoteProgramming
comment enregistrer les réglages effectués par mon audiologiste ?,Help_RemoteProgramming
je veux parler à mon audiologiste,Help_RemoteProgramming
Comment saurai-je quand mon audioprothésiste a ajusté mes aides auditives ?,Help_RemoteProgramming
comment puis-je contacter mon professionnel pour obtenir de l'aide ?,Help_RemoteProgramming
comment saurai-je quand mon professionnel a ajusté les aides auditives ?,Help_RemoteProgramming
puis-je comparer les réglages effectués par l'audioprothésiste ?,Help_RemoteProgramming
Mon audiologiste peut-il régler mes aides auditives à distance ?,Help_RemoteProgramming
comment saurai-je quand le professionnel a ajusté les aides auditives ?,Help_RemoteProgramming
L'audioprothésiste peut-il régler mes aides auditives à distance ?,Help_RemoteProgramming
comment puis-je contacter mon professionnel en cas de problème ?,Help_RemoteProgramming
L'audiologiste peut-il régler l'aide auditive à distance ?,Help_RemoteProgramming
comment saurai-je quand l’audiologiste a ajusté mes aides auditives ?,Help_RemoteProgramming
comment utiliser la programmation à distance ?,Help_RemoteProgramming
comment saurai-je quand l’audiologiste a ajusté l’aide auditive ?,Help_RemoteProgramming
Mon audioprothésiste peut-il régler ses aides auditives à distance ?,Help_RemoteProgramming
puis-je prévisualiser les réglages effectués par le professionnel ?,Help_RemoteProgramming
que faire si les réglages effectués par mon professionnel ne me plaisent pas ?,Help_RemoteProgramming
L'audioprothésiste peut-il régler les aides auditives à distance ?,Help_RemoteProgramming
le professionnel peut-il régler les aides auditives à distance ?,Help_RemoteProgramming
L'audioprothésiste peut-il régler l'aide auditive à distance ?,Help_RemoteProgramming
comment puis-je prévisualiser les nouveaux paramètres de l'aide auditive ?,Help_RemoteProgramming
Comment saurai-je quand mon audioprothésiste a ajusté mes aides auditives ?,Help_RemoteProgramming
comment saurai-je quand l’audiologiste a ajusté l’aide ?,Help_RemoteProgramming
et si je n'aime pas les ajustements effectués par l'audiologiste ?,Help_RemoteProgramming
comment saurai-je quand mon audiologiste a ajusté mes aides auditives ?,Help_RemoteProgramming
puis-je comparer les réglages effectués par mon audioprothésiste ?,Help_RemoteProgramming
comment saurai-je quand mon audioprothésiste a ajusté mon aide auditive ?,Help_RemoteProgramming
puis-je contacter mon audioprothésiste pour des ajustements ?,Help_RemoteProgramming
puis-je revenir à mes anciens paramètres ?,Help_RemoteProgramming
Mon audioprothésiste peut-il régler mon aide auditive à distance ?,Help_RemoteProgramming
puis-je prévisualiser les réglages effectués par mon professionnel ?,Help_RemoteProgramming
comment puis-je savoir si j'ai reçu de nouveaux réglages pour mon aide auditive ?,Help_RemoteProgramming
comment puis-je envoyer une note à mon audioprothésiste,Help_RemoteProgramming
comment puis-je demander de nouveaux réglages pour mon aide auditive ?,Help_RemoteProgramming
mon professionnel peut-il régler mon aide auditive à distance ?,Help_RemoteProgramming
Mon audiologiste peut-il régler mon aide auditive à distance ?,Help_RemoteProgramming
comment accepter les réglages effectués par le professionnel ?,Help_RemoteProgramming
comment puis-je envoyer une demande d’aide à mon audiologiste ?,Help_RemoteProgramming
puis-je comparer les réglages effectués par mon professionnel ?,Help_RemoteProgramming
Mon audiologiste peut-il régler mon aide auditive à distance ?,Help_RemoteProgramming
comment puis-je accepter mes nouveaux paramètres ?,Help_RemoteProgramming
comment puis-je envoyer une note à mon fournisseur,Help_RemoteProgramming
comment saurai-je quand mon professionnel a ajusté mon aide auditive ?,Help_RemoteProgramming
comment puis-je demander de nouveaux paramètres d'aide ?,Help_RemoteProgramming
comment saurai-je si j'ai reçu de nouveaux paramètres ?,Help_RemoteProgramming
j'ai besoin d'un ajustement de mes aides auditives,Help_RemoteProgramming
puis-je écouter les réglages effectués par mon audiologiste ?,Help_RemoteProgramming
mon audiologiste peut-il régler mes aides auditives à distance ?,Help_RemoteProgramming
je dois en parler à mon audiologiste,Help_RemoteProgramming
comment puis-je envoyer une demande d'aide à mon professionnel ?,Help_RemoteProgramming
aide à la programmation à distance,Help_RemoteProgramming
puis-je prévisualiser les réglages effectués par l'audioprothésiste ?,Help_RemoteProgramming
comment enregistrer les réglages effectués par l'audioprothésiste ?,Help_RemoteProgramming
qu'est-ce que la programmation à distance ?,Help_RemoteProgramming
combien de demandes d'aide puis-je soumettre ?,Help_RemoteProgramming
comment puis-je contacter mon audiologiste pour obtenir de l'aide ?,Help_RemoteProgramming
comment puis-je prévisualiser les nouveaux paramètres ?,Help_RemoteProgramming
le professionnel peut-il régler mon aide auditive à distance ?,Help_RemoteProgramming
le professionnel peut-il régler mon aide auditive à distance ?,Help_RemoteProgramming
comment enregistrer les réglages effectués par l'audioprothésiste ?,Help_RemoteProgramming
L'audiologiste peut-il régler mes aides auditives à distance ?,Help_RemoteProgramming
mon professionnel peut-il régler l'aide à distance ?,Help_RemoteProgramming
puis-je écouter les réglages effectués par mon professionnel ?,Help_RemoteProgramming
comment puis-je contacter mon clinicien à propos d'un problème ?,Help_RemoteProgramming
comment saurai-je quand mon audiologiste a ajusté mon aide auditive ?,Help_RemoteProgramming
comment saurai-je quand l’audioprothésiste a ajusté mon aide auditive ?,Help_RemoteProgramming
quels sont les rappels,Help_Reminder
puis-je définir des rappels dans mes aides auditives,Help_Reminder
comment définir un rappel,Help_Reminder
peut prospérer définir un rappel,Help_Reminder
comment définir des rappels,Help_Reminder
montre-moi comment utiliser le rappel,Help_Reminder
comment définir un rappel quotidien,Help_Reminder
comment utiliser les rappels,Help_Reminder
comment créer un événement,Help_Reminder
amène-moi au rappel de l'aide,Help_Reminder
comment définir un événement du calendrier,Help_Reminder
"prospère, a des rappels",Help_Reminder
comment puis-je définir un rappel,Help_Reminder
puis-je utiliser Thrive pour définir des rappels,Help_Reminder
comment créer un événement,Help_Reminder
parlez-moi de la fonctionnalité de rappels,Help_Reminder
où puis-je créer un rappel,Help_Reminder
prospère les rappels de support,Help_Reminder
qu'est-ce qu'un rappel,Help_Reminder
guide d'utilisation du rappel,Help_Reminder
comment ajouter le programme de voiture ?,Help_DeviceSettings
comment puis-je diffuser des notifications via mon aide auditive ?,Help_DeviceSettings
quel est le modèle de mes aides auditives ?,Help_DeviceSettings
quelle est la version du firmware de mon aide auditive ?,Help_DeviceSettings
quelle est la version du firmware de mon aide auditive ?,Help_DeviceSettings
comment puis-je changer les bips ?,Help_DeviceSettings
quel est le numéro de série de mon aide auditive ?,Help_DeviceSettings
comment ajouter un programme téléphonique automatique ?,Help_DeviceSettings
comment puis-je activer la fonction de voiture automatique,Help_DeviceSettings
comment puis-je activer le double appui sur mon aide auditive ?,Help_DeviceSettings
puis-je activer les paramètres par défaut sur les aides auditives,Help_DeviceSettings
comment puis-je activer la sensibilité du double tapotement ?,Help_DeviceSettings
comment puis-je activer le double appui sur mon aide auditive ?,Help_DeviceSettings
comment désactiver l'augmentation du confort ?,Help_DeviceSettings
comment désactiver le double appui sur mes aides auditives ?,Help_DeviceSettings
quel est le modèle de mon aide auditive ?,Help_DeviceSettings
où est mon numéro de modèle,Help_DeviceSettings
comment désactiver la sensibilité du double tap ?,Help_DeviceSettings
comment activer la sensibilité du double tap ?,Help_DeviceSettings
comment puis-je modifier mes préférences ?,Help_DeviceSettings
aide avec les paramètres de l'appareil,Help_DeviceSettings
quelle est la version du firmware de mes aides auditives ?,Help_DeviceSettings
comment puis-je diffuser des notifications via mes aides auditives ?,Help_DeviceSettings
comment puis-je modifier mes paramètres automatiques ?,Help_DeviceSettings
comment puis-je activer le double appui sur mes aides auditives ?,Help_DeviceSettings
quelle est la version du firmware de mon aide auditive ?,Help_DeviceSettings
quel est le numéro de série de mes aides auditives ?,Help_DeviceSettings
comment puis-je modifier les options de notification sur mon aide auditive ?,Help_DeviceSettings
où est le modèle d'aide auditive,Help_DeviceSettings
quel est le numéro de série de mes aides auditives ?,Help_DeviceSettings
comment puis-je passer à une autre mémoire lors du streaming,Help_DeviceSettings
comment puis-je lire les notifications via mon aide auditive ?,Help_DeviceSettings
trouver clairement le nom du produit des aides auditives,Help_DeviceSettings
comment configurer les notifications du calendrier ?,Help_DeviceSettings
comment puis-je passer automatiquement à une mémoire différente pour les appels téléphoniques,Help_DeviceSettings
je n'aime pas la fonction de double tapotement. comment puis-je l'éteindre ?,Help_DeviceSettings
quel est le modèle de mon aide auditive ?,Help_DeviceSettings
comment puis-je rendre le double tap plus sensible ?,Help_DeviceSettings
bip,Help_DeviceSettings
comment puis-je activer la sensibilité du double tapotement ?,Help_DeviceSettings
comment configurer le streaming automatique,Help_DeviceSettings
comment activer les paramètres par défaut sur les aides auditives,Help_DeviceSettings
quand dois-je utiliser le boost de confort ?,Help_DeviceSettings
changement de bip,Help_DeviceSettings
quel est le numéro de série de mon aide auditive ?,Help_DeviceSettings
puis-je activer le réglage par défaut sur les aides auditives,Help_DeviceSettings
comment puis-je diffuser des notifications via mes aides auditives ?,Help_DeviceSettings
qu'est-ce que l'augmentation du confort ?,Help_DeviceSettings
quel est le numéro de série de mon aide auditive ?,Help_DeviceSettings
j'ai besoin d'aide avec mes paramètres,Help_DeviceSettings
comment désactiver le double appui sur mes aides auditives ?,Help_DeviceSettings
comment puis-je désactiver le double appui sur mon aide auditive ?,Help_DeviceSettings
comment désactiver la sensibilité du double tap ?,Help_DeviceSettings
comment puis-je régler la sensibilité du double tapotement ?,Help_DeviceSettings
qu'est-ce que le journal de données,Help_DeviceSettings
comment configurer le streaming automatique ?,Help_DeviceSettings
comment configurer les notifications sociales ?,Help_DeviceSettings
puis-je changer les sonneries de mon aide auditive ?,Help_DeviceSettings
changement de ton,Help_DeviceSettings
comment puis-je rendre le double tapotement moins sensible ?,Help_DeviceSettings
comment puis-je modifier les options de notification sur mes aides auditives ?,Help_DeviceSettings
comment changer de ton ?,Help_DeviceSettings
où est le numéro de série,Help_DeviceSettings
Comment fonctionne l'augmentation du confort ?,Help_DeviceSettings
comment désactiver le double appui sur mon aide auditive ?,Help_DeviceSettings
comment puis-je activer l'amélioration du confort ?,Help_DeviceSettings
comment puis-je activer le double appui sur mes aides auditives ?,Help_DeviceSettings
comment puis-je régler la sensibilité du double tap ?,Help_DeviceSettings
comment configurer les notifications par e-mail ?,Help_DeviceSettings
où sont mes préférences ?,Help_DeviceSettings
puis-je modifier mes préférences ?,Help_DeviceSettings
comment changer les sonneries ?,Help_DeviceSettings
quelle est la version du firmware de mes aides auditives ?,Help_DeviceSettings
quel est le numéro de série de mon aide auditive ?,Help_DeviceSettings
quelle est la version du firmware de mon aide auditive ?,Help_DeviceSettings
comment ajouter un programme téléphonique automatique ?,Help_DeviceSettings
comment puis-je changer les mémoires de mes aides auditives ?,Help_ChangingMemories
comment puis-je passer à une mémoire différente sur l'aide auditive ?,Help_ChangingMemories
comment puis-je changer le programme de l'aide auditive ?,Help_ChangingMemories
comment puis-je passer à un autre programme sur mes aides auditives ?,Help_ChangingMemories
comment puis-je accéder aux mémoires de mes aides auditives ?,Help_ChangingMemories
aide à changer les souvenirs sur mon aide auditive,Help_ChangingMemories
comment puis-je changer les mémoires des aides auditives ?,Help_ChangingMemories
comment puis-je passer à un autre programme sur mes aides auditives ?,Help_ChangingMemories
comment puis-je passer à un autre programme sur les aides auditives ?,Help_ChangingMemories
comment puis-je passer à une autre mémoire sur mes aides auditives ?,Help_ChangingMemories
comment puis-je changer de programme sur mon aide auditive ?,Help_ChangingMemories
comment changer de programme sur mes aides auditives ?,Help_ChangingMemories
comment puis-je changer les mémoires sur les aides ?,Help_ChangingMemories
comment puis-je passer à une autre mémoire sur les aides ?,Help_ChangingMemories
comment changer de programme ?,Help_ChangingMemories
puis-je passer à un autre programme ?,Help_ChangingMemories
ai-je un souvenir de restaurant,Help_ChangingMemories
puis-je m'adresser à un autre programme d'aide auditive ?,Help_ChangingMemories
aide pour changer de programme sur mon aide auditive,Help_ChangingMemories
comment puis-je changer les souvenirs de mon aide auditive ?,Help_ChangingMemories
comment puis-je passer à une mémoire différente sur mon aide auditive ?,Help_ChangingMemories
aide pour changer de programme au téléphone,Help_ChangingMemories
puis-je accéder à un autre souvenir ?,Help_ChangingMemories
aide à changer les souvenirs à l'aide de l'application Thrive,Help_ChangingMemories
aide à changer les souvenirs,Help_ChangingMemories
comment changer la mémoire de l'aide auditive ?,Help_ChangingMemories
dans quelle mémoire et moi sommes-nous actuellement ?,Help_ChangingMemories
comment puis-je changer les souvenirs ?,Help_ChangingMemories
comment puis-je passer à une mémoire différente sur mes aides auditives ?,Help_ChangingMemories
comment puis-je changer le programme de mon aide auditive ?,Help_ChangingMemories
où est le bouton pour la mémoire ?,Help_ChangingMemories
aide pour changer de programme à l'aide de mon application Thrive,Help_ChangingMemories
comment puis-je passer à un autre programme sur mes aides auditives ?,Help_ChangingMemories
comment puis-je passer à un autre programme sur mon aide auditive ?,Help_ChangingMemories
comment puis-je changer la mémoire de mon aide auditive ?,Help_ChangingMemories
aide pour changer de programme en utilisant mon application,Help_ChangingMemories
aide pour changer de programme à l'aide de l'application,Help_ChangingMemories
comment puis-je passer à un autre programme sur mon aide auditive ?,Help_ChangingMemories
aide à changer les souvenirs à l'aide de l'application,Help_ChangingMemories
comment puis-je passer à une mémoire différente sur mes aides auditives ?,Help_ChangingMemories
comment puis-je changer de programme sur mes aides auditives ?,Help_ChangingMemories
comment puis-je changer les mémoires de l'aide auditive ?,Help_ChangingMemories
aide à changer les souvenirs de mes aides auditives,Help_ChangingMemories
comment puis-je passer à une mémoire différente sur mon aide auditive ?,Help_ChangingMemories
comment puis-je changer de programme sur l'aide auditive ?,Help_ChangingMemories
comment puis-je changer les mémoires sur l'aide ?,Help_ChangingMemories
comment puis-je passer à un autre programme sur les aides ?,Help_ChangingMemories
puis-je accéder à une autre mémoire d’aide auditive ?,Help_ChangingMemories
aide pour changer de programme sur mon aide auditive,Help_ChangingMemories
comment puis-je passer à un autre programme d'aide ?,Help_ChangingMemories
aide pour changer de programme sur mon téléphone,Help_ChangingMemories
qu'est-ce que la mémoire,Help_ChangingMemories
où est le bouton mémoire ?,Help_ChangingMemories
aide au changement de programme,Help_ChangingMemories
aide pour changer de programme sur mes aides auditives,Help_ChangingMemories
comment puis-je passer à une mémoire différente sur les aides ?,Help_ChangingMemories
comment puis-je passer à un autre programme sur l'aide auditive ?,Help_ChangingMemories
comment puis-je passer à une autre mémoire sur mon aide auditive ?,Help_ChangingMemories
comment puis-je changer de programme d'aide ?,Help_ChangingMemories
comment puis-je changer les mémoires de mon aide auditive ?,Help_ChangingMemories
comment puis-je passer à la mémoire musicale ?,Help_ChangingMemories
aide pour changer de programme sur mes aides auditives,Help_ChangingMemories
aide à changer les souvenirs en utilisant mon application,Help_ChangingMemories
bouton mémoire,Help_ChangingMemories
comment puis-je passer à un autre programme d'aide ?,Help_ChangingMemories
comment changer la mémoire,Help_ChangingMemories
comment puis-je passer à un autre programme sur mes aides auditives ?,Help_ChangingMemories
comment puis-je passer à une mémoire différente sur les aides auditives ?,Help_ChangingMemories
comment puis-je changer de programme sur mon aide auditive ?,Help_ChangingMemories
aide pour changer les souvenirs sur mon téléphone,Help_ChangingMemories
comment changer de programme sur les aides ?,Help_ChangingMemories
comment puis-je passer à un autre programme sur les aides ?,Help_ChangingMemories
comment puis-je passer à un autre programme de mon aide auditive ?,Help_ChangingMemories
aide à changer les souvenirs à l'aide de mon application Thrive,Help_ChangingMemories
comment puis-je passer à une autre mémoire sur l'aide auditive ?,Help_ChangingMemories
comment puis-je accéder au contrôle de la balance ?,Help_WiCROS
comment puis-je ajuster la balance croisée ?,Help_WiCROS
c'est quoi le récepteur ?,Help_WiCROS
à quoi sert ce contrôle d'équilibre ?,Help_WiCROS
qu'est-ce que le contrôle de balance Cros ?,Help_WiCROS
quelle est la différence entre les cros et les wicros ?,Help_WiCROS
mes aides auditives sont-elles croisées ?,Help_WiCROS
c'est quoi l'émetteur ?,Help_WiCROS
Comment fonctionne la fonctionnalité Cros Balance ?,Help_WiCROS
quand dois-je modifier mon contrôle de balance ?,Help_WiCROS
comment puis-je changer le volume de mon émetteur ou de mon récepteur ?,Help_WiCROS
quand dois-je utiliser le contrôle de la balance ?,Help_WiCROS
comment puis-je modifier le solde des cros ?,Help_WiCROS
mon contrôle de balance reste-t-il le même si je change de programme ?,Help_WiCROS
où puis-je contrôler la balance de mon aide auditive ?,Help_WiCROS
comment puis-je couper le son de l'émetteur Cros ?,Help_WiCROS
comment puis-je régler le volume de mon émetteur ?,Help_WiCROS
comment puis-je régler la balance croisée sur l'émetteur ?,Help_WiCROS
comment puis-je modifier la balance croisée sur l'émetteur ?,Help_WiCROS
comment puis-je le faire si j'ai des aides auditives Cros ?,Help_WiCROS
comment puis-je modifier le solde croisé sur le récepteur ?,Help_WiCROS
où est le réglage pour l'émetteur et le récepteur ?,Help_WiCROS
dois-je modifier mon contrôle de balance ?,Help_WiCROS
je n'entends pas de différence lorsque je change le contrôle de ma balance,Help_WiCROS
comment accéder au solde cros ?,Help_WiCROS
émetteur,Help_WiCROS
est-ce que j'ai des cros ou des wicros ?,Help_WiCROS
c'est quoi le contrôle bi-cros ?,Help_WiCROS
récepteur,Help_WiCROS
comment personnaliser mon aide auditive ?,Help_Customize
comment puis-je augmenter les basses,Help_Customize
à quoi sert l'égaliseur,Help_Customize
comment puis-je personnaliser mes aides auditives ?,Help_Customize
où est l'égaliseur,Help_Customize
comment personnaliser l'aide ?,Help_Customize
personnaliser les paramètres de mon aide auditive,Help_Customize
comment personnaliser mes aides auditives ?,Help_Customize
comment personnaliser mon aide auditive droite ?,Help_Customize
comment puis-je personnaliser mes aides auditives gauches ?,Help_Customize
comment puis-je réduire le bruit de la machine,Help_Customize
comment puis-je augmenter le ton aigu ?,Help_Customize
comment personnaliser mes aides auditives ?,Help_Customize
comment puis-je augmenter le ton grave ?,Help_Customize
comment régler le bruit de fond,Help_Customize
comment utiliser l'égaliseur,Help_Customize
comment personnaliser les aides auditives ?,Help_Customize
comment puis-je réduire le bruit de fond ?,Help_Customize
comment puis-je augmenter les aigus,Help_Customize
comment personnaliser mon aide auditive gauche ?,Help_Customize
comment puis-je m'ajuster au vent,Help_Customize
comment personnaliser les paramètres de mon aide auditive ?,Help_Customize
comment personnaliser mon aide auditive ?,Help_Customize
comment personnaliser les aides ?,Help_Customize
comment puis-je changer le focus du discours,Help_Customize
mes aides auditives ont trop d'aigus,Help_Customize
comment réduire le bruit de fond,Help_Customize
puis-je utiliser l'égaliseur pour personnaliser ma mémoire,Help_Customize
quel est l'égaliseur,Help_Customize
comment personnaliser l'aide auditive ?,Help_Customize
comment voir mes objectifs environnementaux hebdomadaires ?,Help_Health
comment faire passer mes objectifs de pas d'hebdomadaires à quotidiens ?,Help_Health
comment puis-je voir combien j'ai marché ce mois-ci ?,Help_Health
comment puis-je voir mes objectifs de marche ?,Help_Health
comment puis-je modifier mes objectifs de marche de quotidiens à hebdomadaires ?,Help_Health
comment faire passer mon objectif de pas de quotidien à hebdomadaire ?,Help_Health
comment puis-je voir mon activité physique ?,Help_Health
quelles sont toutes les caractéristiques de la santé ?,Help_Health
comment voir mes objectifs quotidiens en matière d'aide auditive ?,Help_Health
que montre l'écran de santé ?,Help_Health
comment puis-je voir combien j'ai fait du vélo cette semaine ?,Help_Health
comment puis-je voir mes objectifs de santé ?,Help_Health
comment puis-je voir combien de pas j'ai fait aujourd'hui ?,Help_Health
comment voir mes objectifs d'interaction hebdomadaires ?,Help_Health
comment changer mes objectifs de marche de quotidiens à hebdomadaires ?,Help_Health
comment puis-je voir mes objectifs aréobiques ?,Help_Health
comment changer mes objectifs de santé ?,Help_Health
comment puis-je voir mes objectifs de vélo ?,Help_Health
comment faire passer mes objectifs de marche d'hebdomadaires à quotidiens ?,Help_Health
dis-moi combien je te dois en espagnol,Cmd.TranslationStart
dis-moi combien je te dois en espagnol,Cmd.TranslationStart
traduire combien je te dois en espagnol,Cmd.TranslationStart
traduire combien je te dois en espagnol,Cmd.TranslationStart
commencer la traduction,Cmd.TranslationStart
traduction ouverte,Cmd.TranslationStart
commencer la traduction,Cmd.TranslationStart
commencer la traduction en allemand,Cmd.TranslationStart
commencer à traduire en français,Cmd.TranslationStart
traduction ouverte en espagnol,Cmd.TranslationStart
traduire en anglais,Cmd.TranslationStart
commencer à traduire en français,Cmd.TranslationStart
"comment dire, emmène-moi à l'hôtel en espagnol",Cmd.TranslationStart
qu'est-ce que bonjour en russe,Cmd.TranslationStart
combien je te dois en allemand,Cmd.TranslationStart
traduire pour le russe,Cmd.TranslationStart
traduire l'hébreu,Cmd.TranslationStart
traduction néerlandaise,Cmd.TranslationStart
commencer la traduction pour l'allemand,Cmd.TranslationStart
commencer la traduction pour l'espagnol,Cmd.TranslationStart
volume plus silencieux,Cmd.VolumeDecrease
baisser le volume,Cmd.VolumeDecrease
rendre mes aides auditives plus douces,Cmd.VolumeDecrease
diminuer le volume de mes aides auditives,Cmd.VolumeDecrease
son minimum,Cmd.VolumeDecrease
baisser le volume de mon aide auditive,Cmd.VolumeDecrease
diminuer le volume de mes aides auditives,Cmd.VolumeDecrease
baisser le volume de l'aide auditive,Cmd.VolumeDecrease
aide pour baisser le volume à gauche,Cmd.VolumeDecrease
baisser le son,Cmd.VolumeDecrease
baisser le volume de 50%,Cmd.VolumeDecrease
baisser le niveau de mes aides auditives,Cmd.VolumeDecrease
baisse mes aides auditives,Cmd.VolumeDecrease
intensité sonore minimale,Cmd.VolumeDecrease
aide pour baisser le volume à droite,Cmd.VolumeDecrease
refuse mon aide auditive droite,Cmd.VolumeDecrease
diminuer le volume,Cmd.VolumeDecrease
baisse le volume de mes aides auditives,Cmd.VolumeDecrease
rendre le son plus silencieux,Cmd.VolumeDecrease
baisser le volume,Cmd.VolumeDecrease
diminuer le volume de mes aides auditives,Cmd.VolumeDecrease
diminution du volume,Cmd.VolumeDecrease
réduire le volume,Cmd.VolumeDecrease
minimum de son,Cmd.VolumeDecrease
diminuer le volume,Cmd.VolumeDecrease
réduire le volume de l'aide auditive,Cmd.VolumeDecrease
baisser le volume,Cmd.VolumeDecrease
baisser le volume,Cmd.VolumeDecrease
faire taire mes aides auditives,Cmd.VolumeDecrease
volume sonore minimum,Cmd.VolumeDecrease
diminuer l'aide auditive droite,Cmd.VolumeDecrease
baisser mon aide auditive gauche,Cmd.VolumeDecrease
baisser le volume de mon aide auditive droite,Cmd.VolumeDecrease
volume plus doux,Cmd.VolumeDecrease
baisse mes aides auditives,Cmd.VolumeDecrease
baisser le volume,Cmd.VolumeDecrease
baisser le volume,Cmd.VolumeDecrease
volume minimum,Cmd.VolumeDecrease
baisser le volume de l'aide auditive,Cmd.VolumeDecrease
baisser le volume de mes aides auditives,Cmd.VolumeDecrease
baisser le volume,Cmd.VolumeDecrease
baisse le,Cmd.VolumeDecrease
baisse mon appareil auditif droit,Cmd.VolumeDecrease
baisser le volume,Cmd.VolumeDecrease
pas si fort,Cmd.VolumeDecrease
diminuer l'audition,Cmd.VolumeDecrease
moins de volume s'il vous plaît,Cmd.VolumeDecrease
réduire le volume,Cmd.VolumeDecrease
"c'est trop fort, baisse le volume",Cmd.VolumeDecrease
baisser le volume,Cmd.VolumeDecrease
laisse tomber le son dans mon aide auditive,Cmd.VolumeDecrease
diminuer l'aide auditive gauche,Cmd.VolumeDecrease
baisse le son,Cmd.VolumeDecrease
diminuer le volume,Cmd.VolumeDecrease
rendre les aides auditives plus silencieuses,Cmd.VolumeDecrease
baisser l'audition,Cmd.VolumeDecrease
combien de temps faut-il pour mesurer la récupération de la fréquence cardiaque ?,Help_HeartRateRecovery
comment est calculée la récupération de la fréquence cardiaque ?,Help_HeartRateRecovery
est-ce que j'ai une bonne récupération de la fréquence cardiaque ?,Help_HeartRateRecovery
comment puis-je régler ma récupération de fréquence cardiaque ?,Help_HeartRateRecovery
guide d'utilisation de la récupération de la fréquence cardiaque,Help_HeartRateRecovery
comment puis-je mesurer ma récupération de fréquence cardiaque ?,Help_HeartRateRecovery
que signifie la récupération de la fréquence cardiaque ?,Help_HeartRateRecovery
qu'est-ce que la récupération de la fréquence cardiaque ?,Help_HeartRateRecovery
ma récupération de fréquence cardiaque est-elle bonne ?,Help_HeartRateRecovery
comment puis-je accéder à la fonction de récupération de la fréquence cardiaque ?,Help_HeartRateRecovery
aide à la récupération de la fréquence cardiaque,Help_HeartRateRecovery
puis-je améliorer ma récupération de fréquence cardiaque ?,Help_HeartRateRecovery
où est la fonction de récupération de la fréquence cardiaque ?,Help_HeartRateRecovery
où est le coeur pour aider à la récupération,Help_HeartRateRecovery
guide de récupération de la fréquence cardiaque,Help_HeartRateRecovery
qu'est-ce que l'aide cardiaque à la récupération,Help_HeartRateRecovery
comment fonctionne la récupération de la fréquence cardiaque ?,Help_HeartRateRecovery
comment puis-je trouver la récupération de la fréquence cardiaque ?,Help_HeartRateRecovery
qu'est-ce qu'un nombre normal de récupération de la fréquence cardiaque ?,Help_HeartRateRecovery
comment fonctionne la fréquence cardiaque ?,Help_HeartRate
comment puis-je surveiller ma fréquence cardiaque ?,Help_HeartRate
guide de fréquence cardiaque,Help_HeartRate
comment puis-je accéder à la fonction de fréquence cardiaque,Help_HeartRate
comment puis-je vérifier ma fréquence cardiaque ?,Help_HeartRate
quelle est ma fréquence cardiaque ?,Help_HeartRate
où est la fonction cœur dans l'application ?,Help_HeartRate
qu'est-ce que la fréquence cardiaque,Help_HeartRate
aide à la fréquence cardiaque,Help_HeartRate
"je peux prospérer, mesurer ma fréquence cardiaque",Help_HeartRate
où est la fonction cœur ?,Help_HeartRate
où est la fonction de fréquence cardiaque ?,Help_HeartRate
où est la fonction de fréquence cardiaque dans l'application ?,Help_HeartRate
comment mesurer ma fréquence cardiaque ?,Help_HeartRate
guide d'utilisation de la fréquence cardiaque,Help_HeartRate
où est ma fréquence cardiaque,Help_HeartRate
quel est mon niveau de batterie,Cmd.BatteryLevel
combien de batterie reste-t-il,Cmd.BatteryLevel
quel pourcentage de mon aide auditive est facturé,Cmd.BatteryLevel
quel est l'état de mes piles,Cmd.BatteryLevel
quelle est la puissance de ma batterie,Cmd.BatteryLevel
batterie restante,Cmd.BatteryLevel
durée de vie restante de la batterie,Cmd.BatteryLevel
que reste-t-il sur ma batterie,Cmd.BatteryLevel
quelle est la charge de ma batterie,Cmd.BatteryLevel
batterie restante,Cmd.BatteryLevel
combien de puissance ai-je,Cmd.BatteryLevel
combien de temps reste-t-il aux piles des aides auditives,Cmd.BatteryLevel
quelle est la durée de vie de ma batterie ?,Cmd.BatteryLevel
charge restante de la batterie,Cmd.BatteryLevel
niveau de batterie,Cmd.BatteryLevel
dois-je charger ma batterie,Cmd.BatteryLevel
ai-je besoin de nouvelles piles,Cmd.BatteryLevel
est-il temps de recharger mes aides auditives,Cmd.BatteryLevel
combien de batterie me reste-t-il,Cmd.BatteryLevel
combien de batterie ai-je,Cmd.BatteryLevel
aider à transcrire,Help_Transcribe
aide-moi à transcrire,Help_Transcribe
est-ce que la transcription sauvegarde mes conversations ?,Help_Transcribe
vais-je entendre ce qui est transcrit ?,Help_Transcribe
où puis-je voir les mots prononcés en temps réel ?,Help_Transcribe
comment transcrire mes mots ?,Help_Transcribe
montre-moi transcrire le guide de l'utilisateur,Help_Transcribe
aide-moi à transcrire,Help_Transcribe
où puis-je voir les mots que quelqu'un dit ?,Help_Transcribe
comment utiliser la fonction de transcription ?,Help_Transcribe
montre-moi le guide d'utilisation de la transcription,Help_Transcribe
comment fonctionne la transcription ?,Help_Transcribe
qu'est-ce que prospérer transcrire,Help_Transcribe
aide pour transcrire,Help_Transcribe
aide pour la synthèse vocale,Help_Transcribe
qu'est-ce que transcrire,Help_Transcribe
à quoi sert la transcription,Help_Transcribe
où est la transcription,Help_Transcribe
où est la fonction de transcription ?,Help_Transcribe
montre-moi le guide d'utilisation pour transcrire,Help_Transcribe
Aide à la transcription des aides auditives,Help_Transcribe
aide à la transcription,Help_Transcribe
y a-t-il une fonction de sous-titrage ?,Help_Transcribe
où est la fonction de sous-titrage ?,Help_Transcribe
aide à la synthèse vocale,Help_Transcribe
montre-moi de l'aide pour la transcription,Help_Transcribe
comment transcrire,Help_Transcribe
comment utiliser la transcription,Help_Transcribe
où puis-je trouver la fonction de transcription,Help_Transcribe
Non.,Cmd.SendMessage - no
pas d'arrêt.,Cmd.SendMessage - no
"non, ce n'est pas vrai.",Cmd.SendMessage - no
attends non.,Cmd.SendMessage - no
pas de message d'annulation.,Cmd.SendMessage - no
non merci.,Cmd.SendMessage - no
annuler l’enregistrement.,Cmd.SendMessage - no
veuillez annuler.,Cmd.SendMessage - no
"attendez, annulez.",Cmd.SendMessage - no
"non, ne le fais pas.",Cmd.SendMessage - no
j'ai changé d'avis.,Cmd.SendMessage - no
je ne veux pas envoyer.,Cmd.SendMessage - no
"non, s'il te plaît, ne le fais pas.",Cmd.SendMessage - no
"non, arrêtez-vous maintenant.",Cmd.SendMessage - no
"non, n'envoie pas de message.",Cmd.SendMessage - no
pas d'annulation.,Cmd.SendMessage - no
n'envoyez pas.,Cmd.SendMessage - no
arrêter l'envoi.,Cmd.SendMessage - no
"non, non, envoie.",Cmd.SendMessage - no
"non, c'est faux.",Cmd.SendMessage - no
"non, ce n'est pas bien.",Cmd.SendMessage - no
oublier d'envoyer.,Cmd.SendMessage - no
annuler l'envoi audio.,Cmd.SendMessage - no
comment insérer des aides auditives dans mes oreilles ?,Help_InsertDevice
dois-je mettre l'aide auditive gauche derrière mon oreille ?,Help_InsertDevice
est-il possible d'enfoncer le moule en profondeur ?,Help_InsertDevice
comment retirer l'aide auditive gauche ?,Help_InsertDevice
à quoi ressemble l’aide auditive lorsqu’elle est dans mon oreille ?,Help_InsertDevice
comment insérer mon aide auditive ?,Help_InsertDevice
montre-moi comment mettre mon appareil auditif,Help_InsertDevice
comment insérer mes aides auditives droites dans mes oreilles ?,Help_InsertDevice
comment mettre cette aide auditive ?,Help_InsertDevice
est-il possible d'enfoncer profondément l'aide auditive ?,Help_InsertDevice
Comment puis-je mettre cette bonne aide auditive ?,Help_InsertDevice
puis-je mettre la bonne aide auditive derrière mon oreille ?,Help_InsertDevice
pourquoi mon aide auditive ne ressemble-t-elle pas à celle de la vidéo ?,Help_InsertDevice
comment retirer les aides auditives ?,Help_InsertDevice
existe-t-il une vidéo montrant comment mettre mes aides auditives,Help_InsertDevice
est-ce que je mets l'embout en premier,Help_InsertDevice
je n'arrive pas à mettre mon appareil auditif,Help_InsertDevice
Comment mettre cette aide auditive gauche ?,Help_InsertDevice
dois-je mettre l'aide auditive derrière mon oreille ?,Help_InsertDevice
Mon aide auditive doit-elle ressembler à celle de la vidéo ?,Help_InsertDevice
existe-t-il une vidéo expliquant comment insérer des aides auditives dans mes oreilles ?,Help_InsertDevice
est-il possible de pousser l'aide auditive loin ?,Help_InsertDevice
je n'arrive pas à mettre mon appareil auditif,Help_InsertDevice
pourquoi mon aide auditive n’a-t-elle pas le même aspect ?,Help_InsertDevice
montre-moi comment insérer des appareils auditifs dans mes oreilles.,Help_InsertDevice
est-il possible de pousser le moule loin ?,Help_InsertDevice
aide-moi avec cet assistant,Help_VoiceAssistant
puis-je utiliser assistant Thrive sans mon téléphone ?,Help_VoiceAssistant
montre-moi l'aide de l'assistant vocal,Help_VoiceAssistant
comment puis-je utiliser ma voix pour contrôler mon épanouissement,Help_VoiceAssistant
comment accéder à l'assistant vocal ?,Help_VoiceAssistant
comment utiliser assistant Thrive,Help_VoiceAssistant
comment utiliser l'assistant vocal,Help_VoiceAssistant
qu'est-ce que assistant Thrive,Help_VoiceAssistant
Guide d'utilisation de assistant Thrive,Help_VoiceAssistant
qu'est-ce que l'assistant virtuel ?,Help_VoiceAssistant
aide-moi avec l'assistant vocal,Help_VoiceAssistant
où puis-je trouver le assistant Thrive ?,Help_VoiceAssistant
comment puis-je utiliser ma voix pour parler et m'épanouir,Help_VoiceAssistant
où est l'assistant virtuel ?,Help_VoiceAssistant
comment accéder à l'assistant virtuel ?,Help_VoiceAssistant
que puis-je demander à assistant Thrive ?,Help_VoiceAssistant
comment utiliser l'assistant vocal,Help_VoiceAssistant
montre-moi l'aide de assistant Thrive,Help_VoiceAssistant
comment fonctionne l'assistant virtuel ?,Help_VoiceAssistant
qu'est-ce que l'assistant vocal,Help_VoiceAssistant
comment fonctionne l'assistant vocal ?,Help_VoiceAssistant
peux-tu m'aider avec l'assistant vocal,Help_VoiceAssistant
puis-je contrôler mon aide auditive en parlant simplement,Help_VoiceAssistant
comment puis-je utiliser ma voix pour faire des choses,Help_VoiceAssistant
comment puis-je demander à s'épanouir pour faire des choses pour moi,Help_VoiceAssistant
Aide assistant Thrive,Help_VoiceAssistant
couper le volume de mon aide auditive droite,Cmd.VolumeMute
éteindre le volume,Cmd.VolumeMute
aide au volume à droite,Cmd.VolumeMute
volume coupé aide gauche,Cmd.VolumeMute
éteindre le volume,Cmd.VolumeMute
aides auditives muettes,Cmd.VolumeMute
volume coupé,Cmd.VolumeMute
couper les aides,Cmd.VolumeMute
couper le volume,Cmd.VolumeMute
silence,Cmd.VolumeMute
coupe le son,Cmd.VolumeMute
éteindre mon aide auditive gauche,Cmd.VolumeMute
rendre mon aide auditive silencieuse,Cmd.VolumeMute
rendre mes aides auditives silencieuses,Cmd.VolumeMute
couper le volume de mon aide auditive,Cmd.VolumeMute
couper le son sur les aides auditives,Cmd.VolumeMute
couper le son des aides auditives,Cmd.VolumeMute
éteint mon aide auditive gauche,Cmd.VolumeMute
éteindre mon aide auditive droite,Cmd.VolumeMute
éteindre le volume de mon aide auditive gauche,Cmd.VolumeMute
muet activé,Cmd.VolumeMute
le son est coupé,Cmd.VolumeMute
volume coupé,Cmd.VolumeMute
muet,Cmd.VolumeMute
désactiver mes aides auditives,Cmd.VolumeMute
couper mes aides auditives,Cmd.VolumeMute
couper mes aides auditives,Cmd.VolumeMute
couper le volume,Cmd.VolumeMute
éteindre le son,Cmd.VolumeMute
j'ai une accumulation de cire,Help_CleanCare
comment puis-je me débarrasser de la cire dans mes aides auditives,Help_CleanCare
comment puis-je me débarrasser de l'accumulation de cire,Help_CleanCare
accumulation de cire,Help_CleanCare
comment puis-je me débarrasser de la cire dans mon aide auditive,Help_CleanCare
comment enlever la cire,Help_CleanCare
comment nettoyer mes aides auditives,Help_CleanCare
Ai-je besoin d'outils spéciaux pour nettoyer mon aide auditive ?,Help_CleanCare
comment laver les aides auditives,Help_CleanCare
outils spéciaux nécessaires pour nettoyer les aides auditives,Help_CleanCare
comment nettoyer les aides auditives,Help_CleanCare
comment nettoyer mon aide auditive itc ?,Help_CleanCare
peut-on utiliser du savon pour nettoyer les aides auditives ?,Help_CleanCare
comment nettoyer mon aide auditive ric ?,Help_CleanCare
comment nettoyer mon aide auditive ?,Help_CleanCare
quoi utiliser pour nettoyer mes aides auditives ?,Help_CleanCare
de quoi ai-je besoin pour nettoyer mon aide auditive ?,Help_CleanCare
l'eau est-elle acceptable pour nettoyer mes aides auditives ?,Help_CleanCare
puis-je utiliser de l'eau pour nettoyer mon aide auditive ?,Help_CleanCare
comment nettoyer mes aides auditives ric ?,Help_CleanCare
comment nettoyer mes aides auditives itc ?,Help_CleanCare
puis-je utiliser du savon pour nettoyer mes aides auditives ?,Help_CleanCare
de quels outils ai-je besoin pour nettoyer mes aides auditives ?,Help_CleanCare
terminer mon dernier rappel,reminders.complete
dernier rappel effectué.,reminders.complete
rappel complet,reminders.complete
terminez ce rappel.,reminders.complete
rappel terminé.,reminders.complete
marquer mon dernier rappel comme terminé,reminders.complete
terminer le rappel.,reminders.complete
dernier rappel complété.,reminders.complete
terminer mon rappel.,reminders.complete
dernier rappel terminé.,reminders.complete
ce rappel est terminé,reminders.complete
rappel complet.,reminders.complete
rappel effectué.,reminders.complete
compléter mon rappel.,reminders.complete
marquer le dernier rappel comme terminé,reminders.complete
rappel terminé.,reminders.complete
complétez ce rappel.,reminders.complete
commence à écrire ça pour moi,Cmd.TranscribeStart
commencer à transcrire,Cmd.TranscribeStart
commencer l'enregistrement,Cmd.TranscribeStart
commencer la transcription,Cmd.TranscribeStart
enregistrer cette réunion,Cmd.TranscribeStart
enregistrer cette conversation,Cmd.TranscribeStart
commencer à transcrire,Cmd.TranscribeStart
commencer l'enregistrement,Cmd.TranscribeStart
transcrire cette conversation,Cmd.TranscribeStart
ouvrir la transcription,Cmd.TranscribeStart
arrêter l'enregistrement,Cmd.TranscribeStart
transcription ouverte,Cmd.TranscribeStart
commence à enregistrer pour moi,Cmd.TranscribeStart
combien de calories ai-je consommé en courant ?,Cmd.ActivityRun
combien de calories ai-je brûlé en faisant du jogging,Cmd.ActivityRun
calories en cours d'exécution,Cmd.ActivityRun
calories en faisant du jogging,Cmd.ActivityRun
calories courantes,Cmd.ActivityRun
combien de calories ai-je brûlé en courant ?,Cmd.ActivityRun
montre-moi mon objectif de jogging,Cmd.ActivityRun
ai-je atteint mon objectif de course à pied ?,Cmd.ActivityRun
combien de course ai-je fait ce mois-ci ?,Cmd.ActivityRun
combien de course ai-je fait cette semaine ?,Cmd.ActivityRun
jusqu'où ai-je couru ?,Cmd.ActivityRun
combien de temps dois-je encore courir aujourd'hui ?,Cmd.ActivityRun
ça fait longtemps que je fais du jogging ?,Cmd.ActivityRun
ai-je atteint mon objectif de jogging ?,Cmd.ActivityRun
jusqu'où ai-je couru ?,Cmd.ActivityRun
est-ce que j'ai couru pendant une heure ?,Cmd.ActivityRun
suis-je proche de mon objectif de course à pied ?,Cmd.ActivityRun
depuis combien de minutes ai-je fait du jogging ?,Cmd.ActivityRun
montre-moi mon objectif de course,Cmd.ActivityRun
jusqu'où ai-je couru ?,Cmd.ActivityRun
combien de minutes ai-je couru ?,Cmd.ActivityRun
combien de minutes ai-je fait du jogging ?,Cmd.ActivityRun
quel est mon décompte pour le mois ?,Cmd.ActivityRun
quelles sont mes minutes de course pour la semaine ?,Cmd.ActivityRun
depuis combien de temps je cours ?,Cmd.ActivityRun
qu'est-ce que le mode masque ?,Help_MaskMode
le mode masque va-t-il m'aider,Help_MaskMode
comment accéder au mode masque ?,Help_MaskMode
résoudre les problèmes de masque facial,Help_MaskMode
comment résoudre les problèmes de masque,Help_MaskMode
aider les problèmes de masques,Help_MaskMode
comment désactiver le mode masque ?,Help_MaskMode
qu'est-ce que le mode masque,Help_MaskMode
comment activer le mode masque ?,Help_MaskMode
comment désactiver le mode masque ?,Help_MaskMode
comment désactiver le mode masque,Help_MaskMode
comment activer le mode masque ?,Help_MaskMode
comment activer le mode masque,Help_MaskMode
comment activer le mode masque ?,Help_MaskMode
comment désactiver le mode masque ?,Help_MaskMode
comment puis-je baisser le volume dans une seule aide auditive ?,Help_Volume
comment puis-je diminuer le volume,Help_Volume
comment puis-je diminuer le volume sonore avec la bonne aide ?,Help_Volume
comment régler le volume de mes aides auditives ?,Help_Volume
quel est le volume de mon aide auditive descend automatiquement à zéro,Help_Volume
comment changer le volume de mes aides auditives ?,Help_Volume
comment puis-je augmenter le volume avec la bonne aide ?,Help_Volume
Comment puis-je augmenter le volume uniquement sur l'aide auditive gauche ?,Help_Volume
comment puis-je changer le volume des aides auditives ?,Help_Volume
comment puis-je modifier le volume de mes aides auditives ?,Help_Volume
comment réactiver le son ?,Help_Volume
aide avec les changements de volume dans mes aides auditives,Help_Volume
comment baisser le volume de l'aide ?,Help_Volume
aide avec les changements de volume dans mes aides auditives,Help_Volume
comment puis-je augmenter le volume uniquement sur le côté gauche ?,Help_Volume
comment puis-je augmenter le volume d'une seule aide ?,Help_Volume
Comment puis-je baisser le volume d'une seule aide auditive ?,Help_Volume
comment puis-je couper le son ?,Help_Volume
comment puis-je baisser le volume de mon aide auditive ?,Help_Volume
comment puis-je augmenter le volume,Help_Volume
aide avec les changements de volume sur mes aides auditives,Help_Volume
comment puis-je réinitialiser le volume de mon aide auditive ?,Help_Volume
comment réactiver le volume ?,Help_Volume
comment réinitialiser le volume des aides auditives ?,Help_Volume
comment réactiver le son ?,Help_Volume
comment augmenter le volume de mon aide auditive gauche ?,Help_Volume
comment puis-je changer le volume uniquement sur l'aide gauche ?,Help_Volume
comment baisser le volume des aides auditives ?,Help_Volume
comment changer le volume de l'aide ?,Help_Volume
comment régler le volume uniquement sur l'aide gauche ?,Help_Volume
comment puis-je régler le volume sur la bonne aide ?,Help_Volume
Comment puis-je augmenter le volume sonore avec la bonne aide auditive ?,Help_Volume
pourquoi ne puis-je pas facilement activer le son sur mon application pour aide auditive,Help_Volume
peux-tu m'aider à changer mon volume,Help_Volume
comment réactiver l'aide auditive gauche ?,Help_Volume
comment puis-je changer mon volume,Help_Volume
comment diminuer le volume des aides auditives ?,Help_Volume
comment augmenter le volume de l'aide auditive ?,Help_Volume
comment régler le volume de mon aide auditive,Help_Volume
comment baisser le volume de mon aide auditive ?,Help_Volume
comment puis-je couper le son ?,Help_Volume
aide avec les réglages du volume de mes aides auditives,Help_Volume
comment augmenter le volume de l'aide auditive gauche ?,Help_Volume
comment augmenter le volume dans l'aide gauche ?,Help_Volume
comment puis-je augmenter le volume de mes aides auditives ?,Help_Volume
comment puis-je diminuer le volume dans une seule aide auditive ?,Help_Volume
comment augmenter le volume,Help_Volume
comment puis-je éteindre mes aides auditives,Help_Volume
comment puis-je baisser le volume ?,Help_Volume
comment changer le volume de mes aides auditives ?,Help_Volume
comment réinitialiser le volume de l'aide auditive ?,Help_Volume
comment puis-je baisser le volume de mon aide auditive ?,Help_Volume
comment puis-je augmenter le volume dans une seule aide auditive ?,Help_Volume
comment régler le volume des aides auditives ?,Help_Volume
Comment régler le volume uniquement sur l'aide auditive gauche ?,Help_Volume
comment puis-je augmenter le volume de mon aide auditive ?,Help_Volume
comment régler le volume ?,Help_Volume
Comment puis-je augmenter le volume uniquement dans l'aide auditive gauche ?,Help_Volume
comment régler le volume de mes aides auditives ?,Help_Volume
comment puis-je baisser le volume de mon aide auditive ?,Help_Volume
comment réinitialiser le volume de l'aide ?,Help_Volume
comment puis-je diminuer le volume uniquement sur le côté gauche ?,Help_Volume
comment puis-je régler le volume de l'aide ?,Help_Volume
comment baisser le volume des aides auditives ?,Help_Volume
comment puis-je désactiver mon aide auditive droite ?,Help_Volume
comment réactiver l'aide auditive ?,Help_Volume
comment revenir à mon volume par défaut ?,Help_Volume
pourquoi le volume de mon aide auditive tombe-t-il à néant,Help_Volume
comment régler le volume sur une seule aide ?,Help_Volume
comment réactiver mes aides auditives ?,Help_Volume
comment régler le volume sur une seule aide auditive ?,Help_Volume
comment puis-je changer le volume de l'aide ?,Help_Volume
comment puis-je baisser le volume des aides auditives ?,Help_Volume
comment puis-je régler le volume sur une seule aide ?,Help_Volume
comment puis-je régler mon volume dans Thrive,Help_Volume
comment puis-je augmenter le volume de mes aides auditives ?,Help_Volume
comment éteindre mes aides auditives ?,Help_Volume
aide avec les changements de volume sur mon aide auditive,Help_Volume
comment baisser le volume,Help_Volume
comment puis-je augmenter le volume,Help_Volume
quel est mon contrôle de volume,Help_Volume
comment puis-je changer le volume ?,Help_Volume
comment diminuer le volume des aides auditives ?,Help_Volume
comment puis-je désactiver les aides auditives ?,Help_Volume
quel est le contrôle du volume,Help_Volume
pourquoi je n'entends aucun son,Help_Volume
aide avec le réglage du volume de mon aide auditive,Help_Volume
comment baisser le volume sur une seule aide ?,Help_Volume
comment puis-je désactiver l'aide ?,Help_Volume
Comment puis-je augmenter le volume de la bonne aide auditive ?,Help_Volume
puis-je utiliser le téléphone pour vérifier le volume de mes aides auditives,Help_Volume
comment puis-je augmenter le volume des aides auditives ?,Help_Volume
comment augmenter le volume de mes aides auditives ?,Help_Volume
comment baisser le volume d'un seul côté ?,Help_Volume
comment augmenter le volume de mes aides auditives ?,Help_Volume
comment régler le volume des aides auditives ?,Help_Volume
comment augmenter le volume de mes aides auditives,Help_Volume
écouter mon message vocal.,Cmd.ListenMessage
puis-je écouter mon message ?,Cmd.ListenMessage
jouer le message que j'ai reçu.,Cmd.ListenMessage
laisse-moi l'entendre.,Cmd.ListenMessage
laisse-moi écouter mon message.,Cmd.ListenMessage
jouer le dernier.,Cmd.ListenMessage
s'il vous plaît écoutez mon message.,Cmd.ListenMessage
écouter le dernier message vocal.,Cmd.ListenMessage
entendre le dernier message.,Cmd.ListenMessage
je veux entendre mon message.,Cmd.ListenMessage
jouer mon dernier enregistrement.,Cmd.ListenMessage
écoutez-le à nouveau.,Cmd.ListenMessage
écoute encore.,Cmd.ListenMessage
écoutez-le.,Cmd.ListenMessage
rejouez-le.,Cmd.ListenMessage
écouter le dernier message audio.,Cmd.ListenMessage
puis-je entendre mon dernier message ?,Cmd.ListenMessage
jouer le dernier push-to-talk.,Cmd.ListenMessage
écouter mon message audio.,Cmd.ListenMessage
rejouer mon message.,Cmd.ListenMessage
peux-tu rejouer mon message ?,Cmd.ListenMessage
écouter le dernier message,Cmd.ListenMessage
écoute mon dernier message,Cmd.ListenMessage
lire le message,Cmd.ListenMessage
écoute mon message,Cmd.ListenMessage
comment puis-je dissocier mon streamer TV ?,Help_Accessories
comment puis-je démarrer la diffusion à partir du micro distant ?,Help_Accessories
comment puis-je faire diffuser mon appareil auditif droit,Help_Accessories
comment supprimer l'accessoire ?,Help_Accessories
aide avec le flux,Help_Accessories
comment utiliser mon aide auditive avec un accessoire ?,Help_Accessories
comment puis-je démarrer le streaming depuis mon streamer TV ?,Help_Accessories
comment régler le volume de la télévision ?,Help_Accessories
comment régler le volume de mon accessoire ?,Help_Accessories
puis-je changer le nom de mon micro distant ?,Help_Accessories
montre-moi un guide d'aide pour mes accessoires,Help_Accessories
comment puis-je dissocier le micro distant ?,Help_Accessories
comment puis-je éteindre le volume de la télévision,Help_Accessories
comment changer le volume de mon micro distant ?,Help_Accessories
puis-je changer le nom du micro distant ?,Help_Accessories
comment supprimer le micro distant ?,Help_Accessories
comment utiliser mes aides auditives avec un accessoire,Help_Accessories
comment puis-je vérifier quels accessoires j'ai associés à mon aide auditive ?,Help_Accessories
comment puis-je vérifier quels accessoires j'ai associés à mes aides auditives ?,Help_Accessories
montre-moi le manuel d'utilisation de mon accessoire,Help_Accessories
aide avec le streamer TV,Help_Accessories
comment ajouter des accessoires à mon application ?,Help_Accessories
comment supprimer mon streamer TV ?,Help_Accessories
comment puis-je changer le nom du streamer TV ?,Help_Accessories
comment puis-je démarrer le streaming à partir des accessoires ?,Help_Accessories
comment puis-je arrêter de diffuser depuis mes accessoires ?,Help_Accessories
comment puis-je démarrer le streaming à partir de l'accessoire ?,Help_Accessories
comment puis-je associer mon accessoire ?,Help_Accessories
comment changer le volume des accessoires ?,Help_Accessories
flux d'aide,Help_Accessories
comment puis-je changer le volume de mon streamer TV ?,Help_Accessories
comment puis-je arrêter la diffusion depuis mon streamer TV ?,Help_Accessories
comment puis-je vérifier quels accessoires j'ai connectés à mes aides auditives ?,Help_Accessories
comment puis-je arrêter la diffusion depuis mon micro distant ?,Help_Accessories
comment puis-je dissocier le streamer TV ?,Help_Accessories
comment changer le volume de mon accessoire ?,Help_Accessories
puis-je changer le nom de l'accessoire ?,Help_Accessories
comment puis-je vérifier quels accessoires j'ai connectés à mon aide auditive ?,Help_Accessories
comment utiliser les accessoires avec mes aides auditives,Help_Accessories
comment supprimer des accessoires de mon application ?,Help_Accessories
comment changer le volume du micro distant ?,Help_Accessories
quels accessoires ai-je ?,Help_Accessories
comment puis-je démarrer la diffusion à partir du streamer TV ?,Help_Accessories
montre-moi de l'aide pour mes accessoires,Help_Accessories
comment supprimer des accessoires de mon application ?,Help_Accessories
comment changer le nom de mon streamer TV ?,Help_Accessories
puis-je changer le nom du streamer TV ?,Help_Accessories
puis-je changer le nom de mon accessoire ?,Help_Accessories
comment changer le volume de l'accessoire ?,Help_Accessories
comment régler le son de la télévision ?,Help_Accessories
comment renommer les accessoires dans l'application ?,Help_Accessories
comment régler le volume de mes accessoires ?,Help_Accessories
comment changer le volume de mes accessoires ?,Help_Accessories
comment utiliser les accessoires avec mon aide auditive,Help_Accessories
comment utiliser mon aide auditive avec un accessoire ?,Help_Accessories
comment puis-je dissocier mon micro distant ?,Help_Accessories
aide avec le micro à distance,Help_Accessories
comment supprimer le streamer TV ?,Help_Accessories
comment puis-je arrêter la diffusion depuis le micro distant ?,Help_Accessories
comment régler le volume de mon micro distant ?,Help_Accessories
comment puis-je vérifier quels accessoires j'ai couplés à mes aides auditives ?,Help_Accessories
comment puis-je arrêter la diffusion à partir de l'accessoire ?,Help_Accessories
comment augmenter le son de la télévision ?,Help_Accessories
puis-je changer le nom de mon streamer TV ?,Help_Accessories
comment renommer mes accessoires ?,Help_Accessories
comment puis-je dissocier mon accessoire ?,Help_Accessories
comment puis-je diffuser mes aides auditives en continu,Help_Accessories
comment puis-je vérifier quels accessoires j'ai connectés à mon aide auditive ?,Help_Accessories
aide avec les accessoires,Help_Accessories
comment puis-je obtenir mon aide auditive appropriée pour diffuser,Help_Accessories
comment puis-je arrêter de diffuser depuis mon accessoire ?,Help_Accessories
comment puis-je démarrer la diffusion depuis mon micro distant ?,Help_Accessories
comment utiliser mes aides auditives avec un accessoire ?,Help_Accessories
comment puis-je vérifier quels accessoires j'ai associés ?,Help_Accessories
comment puis-je démarrer le streaming depuis mon accessoire ?,Help_Accessories
comment changer le nom de l'accessoire ?,Help_Accessories
comment puis-je faire en sorte que mon appareil auditif diffuse du streaming,Help_Accessories
comment utiliser mon aide auditive avec un accessoire,Help_Accessories
comment puis-je diffuser mon aide auditive gauche,Help_Accessories
comment puis-je dissocier l'accessoire ?,Help_Accessories
comment changer le nom du micro distant ?,Help_Accessories
comment puis-je changer le volume du streamer TV ?,Help_Accessories
comment régler le volume de mon streamer TV ?,Help_Accessories
comment puis-je arrêter le streaming depuis les accessoires ?,Help_Accessories
comment changer le nom de mon accessoire ?,Help_Accessories
comment changer le nom de mon micro distant ?,Help_Accessories
comment puis-je vérifier quels accessoires j'ai couplés à mon aide auditive ?,Help_Accessories
comment puis-je arrêter la diffusion à partir du streamer TV ?,Help_Accessories
"Syracuse, une mauvaise maison",Default Fallback Intent
je dois recevoir un message texte à Boston,Default Fallback Intent
Cendres en cendres tombent toutes,Default Fallback Intent
quand commence l'automne,Default Fallback Intent
quelle est la différence entre la confiture et la gelée,Default Fallback Intent
qu'est-ce qui a causé la chute de Rome,Default Fallback Intent
pourquoi Rome est-elle tombée,Default Fallback Intent
que sont les options d'achat d'actions,Default Fallback Intent
Quelles sont les options de croisière fluviale aux États-Unis (1),Default Fallback Intent
batterie de voiture électrique,Default Fallback Intent
batterie de voiture,Default Fallback Intent
comment puis-je me débarrasser d'un corps,Default Fallback Intent
quel est l'impact sur l'environnement d'une batterie électrique pour véhicule,Default Fallback Intent
qu'en est-il de l'impact de l'extraction des matériaux pour ces batteries,Default Fallback Intent
j'aimerais connaître la vitesse moyenne d'une hirondelle sans charge,Default Fallback Intent
que pensez-vous du retrait de Joe Biden de la course,Default Fallback Intent
New Delhi,Default Fallback Intent
je suis à Butterbrodt New Delhi,Default Fallback Intent
quoi de neuf dans le monde aujourd'hui,Default Fallback Intent
où puis-je faire vérifier mon audition,Default Fallback Intent
comment faire du chili,Default Fallback Intent
comment puis-je faire,Default Fallback Intent
comment faire du poulet,Default Fallback Intent
comment puis-je,Default Fallback Intent
comment faire des œufs,Default Fallback Intent
comment faire des lasagnes,Default Fallback Intent
comment faire un sandwich au thon,Default Fallback Intent
comment faire une omelette,Default Fallback Intent
"les filles font ça, je veux aller en Italie",Default Fallback Intent
"c'est vrai, c'est la meilleure façon de commencer",Default Fallback Intent
que dois-je faire quand j'y suis,Default Fallback Intent
que dois-je voir quand j'y suis,Default Fallback Intent
à quelle fréquence quelqu'un devrait-il faire de l'exercice chaque semaine,Default Fallback Intent
IA générative,Default Fallback Intent
qu'est-ce que l'IA générative,Default Fallback Intent
et comment pensez-vous que nous pouvons résoudre ce problème,Default Fallback Intent
comment savoir si j'ai besoin d'appareils auditifs,Default Fallback Intent
chaque jour est passionnant,Default Fallback Intent
rien que je puisse partager publiquement,Default Fallback Intent
comment tu fais,Default Fallback Intent
comment attacher mes chaussures,Default Fallback Intent
peux-tu être plus précis,Default Fallback Intent
j'aimerais savoir à quelle distance se trouve la lune,Default Fallback Intent
À quelle heure ouvre le parc des chutes ?,Default Fallback Intent
"raconte-moi une blague, j'ai besoin d'être réconforté",Default Fallback Intent
devrais-je lui dire ce que je ressens,Default Fallback Intent
quelle est ma position,Default Fallback Intent
créer une démo avec vos capacités,Default Fallback Intent
écris-moi un exemple,Default Fallback Intent
écris-moi un exemple de carte de sympathie,Default Fallback Intent
tournez votre,Default Fallback Intent
je me souviens de tout ce qui a pris,Default Fallback Intent
jouer à Hank Williams Junior,Default Fallback Intent
"c'est différent, ils sont tous les deux différents",Default Fallback Intent
pourquoi mon cœur Mahira Anaise Bagri ne fonctionne-t-il pas,Default Fallback Intent
comment réparer sa télé ?,Default Fallback Intent
L’équipe de réadaptation après une commotion cérébrale travaille en collaboration à la conception et à la mise en œuvre d’un programme de traitement,Default Fallback Intent
quand est le jour du souvenir,Default Fallback Intent
suis-je assez proche de la voiture,Default Fallback Intent
je vérifie que tu es connecté,Default Fallback Intent
salut Jeannie TV Sanders. c'est l'iris. c'est tout.,Default Fallback Intent
demande à ma maison,Default Fallback Intent
comment puis-je accéder aux maillots de bain,Default Fallback Intent
"bonjour, juste une aide auditive le volume sur mes aides auditives. au revoir. au revoir.",Default Fallback Intent
148 $ ajoutés à votre chèque de sécurité sociale chaque mois,Default Fallback Intent
regarde à distance,Default Fallback Intent
le téléphone Samsung Galaxy sera-t-il bientôt disponible ?,Default Fallback Intent
emplois de professeur assistant,Default Fallback Intent
cette Jena est plus pleine. peux-tu essayer de remplir le formulaire aussi ?,Default Fallback Intent
lire le dernier message texte,Default Fallback Intent
peux-tu appeler mon contact,Default Fallback Intent
quel est le problème,Default Fallback Intent
qu'est-ce que tu fais,Default Fallback Intent
"recherchez le fil sud, ce fil ici, allez n'importe où avec cette façon pour le moment",Default Fallback Intent
ils essaient de réduire la température en ce moment,Default Fallback Intent
Alerte âme David,Default Fallback Intent
où est le simba,Default Fallback Intent
"salut Maggie, prête à téléphoner.",Default Fallback Intent
peux-tu mettre mon téléphone sur Chris à la maison,Default Fallback Intent
réinitialiser,Default Fallback Intent
microphone,Default Fallback Intent
comment puis-je transformer mon audition en une chanson.,Default Fallback Intent
fleuriste hors écran,Default Fallback Intent
l'écran d'Amazon est sombre,Default Fallback Intent
"nous avons cherché du soulagement, tu peux y aller",Default Fallback Intent
téléphone téléphone téléphone téléphone téléphone,Default Fallback Intent
aide auditive animée,Default Fallback Intent
le temps dehors aujourd'hui,Default Fallback Intent
ne fais pas de bruit pendant une minute,Default Fallback Intent
obtenir des clients exactement avec un réseau sans fil gratuit.,Default Fallback Intent
ne peut que se connecter,Default Fallback Intent
comment épeler machine,Default Fallback Intent
Mavis par des appareils auditifs stupides,Default Fallback Intent
comment empêcher Pandora de jouer avec mes aides auditives,Default Fallback Intent
est l'application du son,Default Fallback Intent
où puis-je trouver le bouton muet,Default Fallback Intent
puisque tu reviens très bientôt,Default Fallback Intent
Samedi,Default Fallback Intent
"caution alpha, encore une fois. gonfler à Rio.",Default Fallback Intent
éteindre Toshiba,Default Fallback Intent
rien de mal avec moi,Default Fallback Intent
vendredi,Default Fallback Intent
"je ne me souviens pas, je ne me souviens pas que c'était un si gros poisson",Default Fallback Intent
"pour nous, les hits numéro un",Default Fallback Intent
éteindre la lumière de la cuisine,Default Fallback Intent
"donc ça remonte, ça retourne à la mémoire ou dans",Default Fallback Intent
chaque matin,Default Fallback Intent
j'ai besoin de,Default Fallback Intent
"désolé, je ne t'ai pas embrassé",Default Fallback Intent
éteindre le câble,Default Fallback Intent
magasin emblématique,Default Fallback Intent
essentiellement,Default Fallback Intent
Saab voulait le contrôle,Default Fallback Intent
"Hé, trouve-moi un moyen d'aller au centre commercial White Oaks",Default Fallback Intent
coche-les comme une dame rose,Default Fallback Intent
ajusté avec mon téléphone,Default Fallback Intent
est mon signe,Default Fallback Intent
Comment autorisez-vous quelqu'un d'autre à accéder à la télévision normale,Default Fallback Intent
je les lave de temps en temps,Default Fallback Intent
j'entends la voix,Default Fallback Intent
alors où est Brewster,Default Fallback Intent
allume la première prise,Default Fallback Intent
assemblage lexus à neuf,Default Fallback Intent
Alexa apprend ma voix,Default Fallback Intent
hé google,Default Fallback Intent
que fais-tu pour vérifier l'aventure des enfants,Default Fallback Intent
comment puis-je le configurer pour la stéréo,Default Fallback Intent
rechercher des citoyens,Default Fallback Intent
comment puis-je avoir du céleste,Default Fallback Intent
toute aide pour vous,Default Fallback Intent
lève les yeux très vite pour,Default Fallback Intent
Fisher se branle dans la voiture donc il est dans le placard,Default Fallback Intent
je te verrai alors tu m'aides,Default Fallback Intent
moteurs de recherche,Default Fallback Intent
je veux m'assurer d'avoir également nettoyé mais les filtres Nuflex sont dedans,Default Fallback Intent
pas grave,Default Fallback Intent
rends-le extensible comme ça,Default Fallback Intent
qu'est-ce qu'il y a à la télé ce soir sur la chaîne 3,Default Fallback Intent
éteindre les lumières,Default Fallback Intent
téléphone Android pour écouter Spotify,Default Fallback Intent
je suis debout,Default Fallback Intent
"allume, c'est ma vie",Default Fallback Intent
elle va,Default Fallback Intent
Mercredi,Default Fallback Intent
Siri,Default Fallback Intent
activez la réponse en appuyant deux fois sur j'ai dormi ici.,Default Fallback Intent
faire demi-tour,Default Fallback Intent
allumer les lumières,Default Fallback Intent
téléphone,Default Fallback Intent
qu'est-ce que le plus petit État de Nouvelle-Zélande,Default Fallback Intent
les ajustements ne l'ont pas entendu au bureau mais je suis là-bas,Default Fallback Intent
ne me dis pas que c'est le problème,Default Fallback Intent
combien de temps ça fait mal pour les aides auditives dans mes oreilles,Default Fallback Intent
comment puis-je savoir quelle heure il est,Default Fallback Intent
je me souviens que je suis venu ici et,Default Fallback Intent
j'ai vu certains modèles et ils perdent,Default Fallback Intent
comment tout fonctionne pour nous,Default Fallback Intent
ce programme massif pour influencer politiquement les États-Unis,Default Fallback Intent
"en ce qui concerne le nettoyage là-bas, j'y suis allé plutôt bien",Default Fallback Intent
où puis-je trouver des petites boîtes de conserve à vendre,Default Fallback Intent
je suis là. c'est dans 7 jours. ils vont être jumelés à nouveau. au revoir.,Default Fallback Intent
qu'est-ce qui ne marche pas,Default Fallback Intent
en seulement 3 minutes pour fournir,Default Fallback Intent
où puis-je trouver l'activité cérébrale,Default Fallback Intent
l'ordinateur éteint la lampe de Dylan,Default Fallback Intent
montre-moi des bols de nourriture pour toi,Default Fallback Intent
quotidiennement,Default Fallback Intent
veuillez appeler le programme de karaté,Default Fallback Intent
allumer la lumière.,Default Fallback Intent
comment puis-je mettre la musique de ma radio,Default Fallback Intent
donc elle en avait assez quand je rentre à la maison,Default Fallback Intent
travail côté s&s,Default Fallback Intent
numéro de banque à la voiture,Default Fallback Intent
mais leurs homologues des morceaux de tissus blancs,Default Fallback Intent
c'était un contact spécialisé 800-3334.,Default Fallback Intent
je pourrais être en congé ou quelque chose à propos de partir.,Default Fallback Intent
que s'est-il passé ?,Default Fallback Intent
Salat quelqu'un est aspect,Default Fallback Intent
appuyez sur et puis vous voyez comme un restaurant où vous êtes sûr que vous pouvez le régler sur un mode différent pour que vous puissiez mieux entendre,Default Fallback Intent
le score du match des jumeaux du Minnesota,Default Fallback Intent
suicide à propos d'un autre substitut,Default Fallback Intent
Shelley mon téléphone,Default Fallback Intent
allumer la ps4,Default Fallback Intent
tout comme Siri,Default Fallback Intent
où puis-je trouver des vidéos pour les instructions sur l'aide auditive,Default Fallback Intent
pierre jésus pin ou,Default Fallback Intent
je parie que vous êtes ceux qui parlent de 7h à 11h,Default Fallback Intent
Riley est un manager connecté à Scott.,Default Fallback Intent
"l'enfant appuie très vite sur le bouton du haut et le laisse aller, le volume monte",Default Fallback Intent
"Elsa Texas, hein",Default Fallback Intent
fais-moi savoir que tu es debout,Default Fallback Intent
où est le bus rapide,Default Fallback Intent
quel est le téléphone le plus cher,Default Fallback Intent
phrases avec plus,Default Fallback Intent
je suis presque sûr que c'est le mien mais je ne peux pas le mettre maintenant,Default Fallback Intent
quand Samsung sortira-t-il le prochain téléphone Galaxy,Default Fallback Intent
jette-le par terre,Default Fallback Intent
agence de mannequins,Default Fallback Intent
je viens de trouver celui de Duncan,Default Fallback Intent
puis-je changer les piles en pêche s'il vous plaît,Default Fallback Intent
allonge-toi ici,Default Fallback Intent
quelles sont mes journées de travail,Default Fallback Intent
tu as besoin d'aide,Default Fallback Intent
"Chelsea, au moins tu essaies",Default Fallback Intent
"et j'ai vraiment hâte de ne plus avoir à porter le masque, c'est sûr",Default Fallback Intent
"J'ai eu ces gars gratuits qui balancent le trac, l'un d'entre eux",Default Fallback Intent
découvrir la révélation,Default Fallback Intent
j'aimerais pouvoir me réveiller,Default Fallback Intent
c'est celui qui a des problèmes avec,Default Fallback Intent
ils continuent à faire ça,Default Fallback Intent
quelqu'un d'un motel à Boise,Default Fallback Intent
"d'une certaine manière, c'est parce que j'enlève en quelque sorte le",Default Fallback Intent
"c'était décourageant et puis j'ai trouvé l'équilibre de la nature, c'est juste une évidence depuis que je me sens bien",Default Fallback Intent
pandore,Default Fallback Intent
il vient de le changer,Default Fallback Intent
de quel type de batterie de voiture ai-je besoin,Default Fallback Intent
c'est occupé de naître,Default Fallback Intent
mais je veux voir,Default Fallback Intent
ton permis sur mon portable,Default Fallback Intent
j'ai dit autre programme,Default Fallback Intent
rappelez-vous comment le faire,Default Fallback Intent
Alexa éteint la lumière du porche,Default Fallback Intent
bonjour reçu avec votre nouveau solde en bas et c'est tout.,Default Fallback Intent
secoue-le,Default Fallback Intent
revenir aux paramètres initiaux,Default Fallback Intent
pas de télécommande TV dans l'application Fry,Default Fallback Intent
souriez alors nous allons y aller,Default Fallback Intent
épeler le mot machine,Default Fallback Intent
quelqu'un de savoureux suce des raisons,Default Fallback Intent
le signe de la scène,Default Fallback Intent
lundi,Default Fallback Intent
annuel,Default Fallback Intent
des appareils auditifs à chaque fois que ce stupide téléphone sonne,Default Fallback Intent
maintenant ça fait du bruit,Default Fallback Intent
fais une pause et reviens,Default Fallback Intent
saucisses après avoir utilisé ma position,Default Fallback Intent
cuire des côtes de porc sur le barbecue,Default Fallback Intent
première machine à laver,Default Fallback Intent
"et si la taille est une petite rue latérale, ils ont envoyé une église d'anges",Default Fallback Intent
"il les a oubliés et tu en as besoin, fais-moi savoir si j'ai un après-midi libre, je peux y conduire",Default Fallback Intent
prothèse auditive,Default Fallback Intent
j'ai un téléphone chica si tu peux lui trouver quelque chose de bien,Default Fallback Intent
je marche et ils ne travaillent pas,Default Fallback Intent
Qu'est-ce que vous avez dit,Default Fallback Intent
il est sur le ventre,Default Fallback Intent
ça va être notre petit mec porteur d'anneaux,Default Fallback Intent
nouvel amsterdam,Default Fallback Intent
feu vendredi,Default Fallback Intent
à la maison,Default Fallback Intent
comment connecter mes espions,Default Fallback Intent
c'est plutôt ça,Default Fallback Intent
que puis-je demander ?,Default Fallback Intent
"ça adoucit, c'est forcé vers le bas",Default Fallback Intent
c'est à toi,Default Fallback Intent
je flotte sur la route,Default Fallback Intent
Google,Default Fallback Intent
quand est-ce que le roi et moi jouons,Default Fallback Intent
garde-moi juste que tu cherches,Default Fallback Intent
"change de main, chérie",Default Fallback Intent
téléphoner à un ami,Default Fallback Intent
"Je suis hors de ton téléphone, ok",Default Fallback Intent
quel temps fait-il à Las Vegas aujourd'hui,Default Fallback Intent
"souviens-toi que quand ils déchargent le camion, tu es exaspéré",Default Fallback Intent
"tournez-le pour appuyer sur le bouton des minutes, des meubles là-dedans comme Siri",Default Fallback Intent
jouer à Frank Sinatra,Default Fallback Intent
cela ressemblerait à,Default Fallback Intent
ça te dérange à propos de l'ajustement,Default Fallback Intent
éteindre le moteur,Default Fallback Intent
je parle de ma fille,Default Fallback Intent
Mardi,Default Fallback Intent
vis dans ton oreille s'il y a un fil,Default Fallback Intent
"change, regarde-la",Default Fallback Intent
comment puis-je planifier un,Default Fallback Intent
je dois programmer un nouveau tampon sur mon téléphone,Default Fallback Intent
il faisait noir dans le magasin,Default Fallback Intent
bière du verger en colère,Default Fallback Intent
il n'y a vraiment pas,Default Fallback Intent
ou mettre un ménage de 6 mois,Default Fallback Intent
quel est le score de mes amis ?,Default Fallback Intent
comment les ajuster,Default Fallback Intent
éteindre les prises de source,Default Fallback Intent
voyez comment il se déplace tout au long.,Default Fallback Intent
trouver ma chanson,Default Fallback Intent
modifier les plaques métalliques tempête de myrtle beach,Default Fallback Intent
connexion Sony Nikon,Default Fallback Intent
Wendy a appuyé deux fois dessus et n'a pas fonctionné,Default Fallback Intent
combien de temps faut-il pour s'adapter à cette sensation d'aide auditive dans mon oreille,Default Fallback Intent
le dispositif de levage ne s'enregistre pas,Default Fallback Intent
paroles,Default Fallback Intent
et c'est un signe de guerre,Default Fallback Intent
c'est un bruit de pet très décevant,Default Fallback Intent
distance du new jersey,Default Fallback Intent
que dois-je faire pour obtenir mon droit,Default Fallback Intent
juste sur,Default Fallback Intent
tu veux que je dise que je t'aime,Default Fallback Intent
"désolé pour ça, ok, j'ai compris",Default Fallback Intent
score du jeu des jumeaux,Default Fallback Intent
cote exclusive de 30 contre 1,Default Fallback Intent
merci pour mon enfant quand j'étais petite avec un grand-père qui m'a appris le cœur de mon visage,Default Fallback Intent
328 chutes de cèdres,Default Fallback Intent
peux-tu te concentrer sur ton sommeil ?,Default Fallback Intent
"s'il te plaît, montre-moi où diminuer l'arrière-plan",Default Fallback Intent
c'est juste que tu n'as pas touché le sol mais je vais le vérifier,Default Fallback Intent
"hé spec, bonjour bon cœur de statistiques. je n'ai pas eu cette couverture. mais le carton qui pendait à l'automne.",Default Fallback Intent
descendre,Default Fallback Intent
"j'ai tout oublié du look, merci de me l'avoir rappelé",Default Fallback Intent
j'ai un récepteur de jeu sur PC,Default Fallback Intent
l'exposition sur l'innovation auditive est un événement mondial organisé par Starkey Hearing Technologies,Default Fallback Intent
quel est le meilleur téléphone,Default Fallback Intent
"j'aurais aimé que tu sois avec moi, il y a tellement de monde sur leur John's Pass que tu ne trouves pas de place de parking",Default Fallback Intent
"je veux progresser, ouais, je le ferai",Default Fallback Intent
mon téléphone est-il un téléphone Android ?,Default Fallback Intent
"emmène-nous voir, oublions-le, nous sommes dans la voiture et le bruit des drones coûtera cher si je les ai dans les bruits de la route également amplifiés",Default Fallback Intent
les vents d'ouest le font exploser,Default Fallback Intent
nouvel œdème,Default Fallback Intent
peux-tu composer,Default Fallback Intent
"arrête d'écouter, pose-toi une question, s'il te plaît",Default Fallback Intent
et poussez-le vers le bas pour le drame,Default Fallback Intent
parfois c'est bien de prendre un jour de congé,Default Fallback Intent
comment éteindre mes phares,Default Fallback Intent
"je ne sais pas ce que tu fais, il me manque un autre",Default Fallback Intent
pourquoi les aides auditives ne le feront pas ?,Default Fallback Intent
"audience provinciale, j'attends de voir comment puis-je vous aider",Default Fallback Intent
activer le Wi-Fi,Default Fallback Intent
ouvre-le,Default Fallback Intent
merci d'avoir changé,Default Fallback Intent
seulement si ce n'est pas un problème pour cdl,Default Fallback Intent
fermez-la,Default Fallback Intent
"Hey Google, allume les lampes principales",Default Fallback Intent
je ne trouve pas Bose,Default Fallback Intent
je n'entends rien,Default Fallback Intent
emplacement soudainement,Default Fallback Intent
réglé trop serré,Default Fallback Intent
recherche genèse,Default Fallback Intent
quand la nouvelle garantie,Default Fallback Intent
quel était le score des indiens,Default Fallback Intent
"Au bureau nord-coréen, les connards s'en vont d'ici.",Default Fallback Intent
éteindre l'alarme,Default Fallback Intent
comment épelez-vous garder mon micro,Default Fallback Intent
j'ai reçu une tonne de recommandations entièrement sans fil,Default Fallback Intent
Va te faire foutre,Default Fallback Intent
bon pas vu beaucoup de liquide de ce côté là,Default Fallback Intent
comment nettoyer un sujet comment faire,Default Fallback Intent
comment tourner ma gauche Terry un bronzage,Default Fallback Intent
au téléphone avec pt ptt,Default Fallback Intent
machine à coudre,Default Fallback Intent
je ne crie pas assez fort,Default Fallback Intent
je ne peux pas mentir,Default Fallback Intent
rabaisser mon amie Sharon Dell un personnel vérifier ta musique des autres définitions seulement trouver,Default Fallback Intent
où es-tu allé,Default Fallback Intent
comment mapper un emplacement sur une carte,Default Fallback Intent
direction du son,Default Fallback Intent
j'avais perdu 17 000 $ plus tôt dans la journée,Default Fallback Intent
quel temps fait-il à san francisco aujourd'hui,Default Fallback Intent
quelqu'un était censé m'appeler et je ne le fais jamais,Default Fallback Intent
vidéos YouTube,Default Fallback Intent
quel est mon niveau d'appareils auditifs,Default Fallback Intent
comment brancher ma montre,Default Fallback Intent
quel est le score du jeu,Default Fallback Intent
clôture à Notre Dame Score hier,Default Fallback Intent
wow c'est un numéro intense et intense,Default Fallback Intent
"et voici mon cœur, il est plus proche de toi",Default Fallback Intent
salsa à ma gauche,Default Fallback Intent
pourquoi mon aide auditive gauche,Default Fallback Intent
récepteur onkyo,Default Fallback Intent
changement d'adresse,Default Fallback Intent
je me demande si je l'ai mis ici quelque part,Default Fallback Intent
quoi de neuf,Default Fallback Intent
Alexa,Default Fallback Intent
agresser des appareils auditifs à un cousin,Default Fallback Intent
sizzlers initié par cham appuyez ici pour les informer que vous avez reçu cette commande,Default Fallback Intent
vous savez où ils ont le chèque que nous devons déplacer pour y mettre. C'est très bien.,Default Fallback Intent
les éléments de la liste ne fonctionnent pas,Default Fallback Intent
pourquoi mon application Drive ne fonctionne-t-elle pas ?,Default Fallback Intent
peux-tu écouter de la musique,Default Fallback Intent
je vais les appeler et voir s'ils veulent que j'envoie cet énorme,Default Fallback Intent
quel temps fait-il aujourd'hui,Default Fallback Intent
applications que vous connaissez,Default Fallback Intent
appareils auditifs,Default Fallback Intent
je n'entends même pas ça,Default Fallback Intent
tourner,Default Fallback Intent
épeler le restaurant,Default Fallback Intent
j'ai dit que je vais me taire,Default Fallback Intent
je viens juste de m'enrouler dans tes oreilles,Default Fallback Intent
devez-vous d'abord faire,Default Fallback Intent
ok micro,Default Fallback Intent
douce voiture,Default Fallback Intent
"hé, Mark, d'accord.",Default Fallback Intent
comment puis-je régler,Default Fallback Intent
"ouais, j'ai été mis à jour.",Default Fallback Intent
peut se détacher,Default Fallback Intent
attendez,Default Fallback Intent
j'abandonne,Default Fallback Intent
les hommes de l'ombre sur une planète sombre,Default Fallback Intent
"flux, musique youtube.",Default Fallback Intent
combien de temps durent les aides auditives,Default Fallback Intent
moi aussi je ne peux pas César,Default Fallback Intent
parfait comment ça va avec toi,Default Fallback Intent
produit particulier que vous vouliez vérifier spécifiquement,Default Fallback Intent
"joue, je le porte",Default Fallback Intent
Alex bon Manassé. d'accord. je te reverrai au bureau ici.,Default Fallback Intent
tous les paramètres du pré-programme changent une fois modifiés,Default Fallback Intent
elle reste avec mon téléphone,Default Fallback Intent
médias trouvez-nous partout où vous obtenez votre podcast,Default Fallback Intent
restaurant près de chez moi,Default Fallback Intent
c'est un week-end. dites à tout le monde comment les jolies mutuelles personnalisent votre assurance auto.,Default Fallback Intent
comment puis-je connecter Alexa,Default Fallback Intent
comment puis-je vérifier mon radiateur pour voir s'il fonctionne,Default Fallback Intent
entrée audio du téléphone,Default Fallback Intent
l'aide auditive gauche,Default Fallback Intent
suggérez que si vous avez été vacciné,Default Fallback Intent
le micro,Default Fallback Intent
montre-moi le jury,Default Fallback Intent
à gauche à gauche,Default Fallback Intent
complètement,Default Fallback Intent
"dr. Il s'agit d'une augmentation de 74 % par rapport à février de l'année dernière. oui, les équipes cyclistes ne parlent toujours pas de crise.",Default Fallback Intent
j'ai besoin d'une batterie de voiture,Default Fallback Intent
aide-moi à trouver un papier,Default Fallback Intent
dans une bonne journée,Default Fallback Intent
ce que vous pouvez enregistrer,Default Fallback Intent
comment puis-je réparer mon,Default Fallback Intent
"et maintenant, ce qui se passe, c'est s'il est en mode streaming parce qu'il attend que vous posiez une question",Default Fallback Intent
"sur ta comptabilité, tout est de mon côté donc",Default Fallback Intent
mon aide auditive droite est à 0%,Default Fallback Intent
pourquoi l'un de vos sons est-il plus fort que l'autre,Default Fallback Intent
tu peux toujours ajouter,Default Fallback Intent
dimanche,Default Fallback Intent
je te laisserai dormir,Default Fallback Intent
pour que ton audition,Default Fallback Intent
comment puis-je utiliser,Default Fallback Intent
donc voici vos aides auditives,Default Fallback Intent
"ça n'arrête pas d'apparaître, s'il te plaît, écoute, écoute, écoute",Default Fallback Intent
quelle heure est-il à Hong Kong,Default Fallback Intent
dawsonville rapide,Default Fallback Intent
comment puis-je configurer la télévision,Default Fallback Intent
éteindre le corps,Default Fallback Intent
barre de son,Default Fallback Intent
"je me dis juste oh, c'est donc là le problème.",Default Fallback Intent
mensuel,Default Fallback Intent
aide fédérale à la hauteur de mon énergie,Default Fallback Intent
mes oreilles transpirent,Default Fallback Intent
bottes adidas femme,Default Fallback Intent
je n'entends pas le,Default Fallback Intent
est-ce que j'ai l'air bien,Default Fallback Intent
"mais ils vivent ici, je me souviens quand Jerry me l'a dit",Default Fallback Intent
qu'est-ce qui ne va pas,Default Fallback Intent
quelle est la différence entre un iPhone et un téléphone Android,Default Fallback Intent
Nombres,Default Fallback Intent
éteindre la télé,Default Fallback Intent
où puis-je acheter un téléphone,Default Fallback Intent
est-ce que vous travaillez à domicile maintenant ou êtes-vous dans un bureau,Default Fallback Intent
vos besoins sont coupés.,Default Fallback Intent
ce dont j'ai besoin pour réentendre la question,Default Fallback Intent
Comment puis-je aller à,Default Fallback Intent
"ouais, enlève juste un peu, ouais",Default Fallback Intent
score des braves,Default Fallback Intent
qui a la meilleure cuisine chinoise à Sioux Falls,Default Fallback Intent
comment puis-je retirer un éclat,Default Fallback Intent
je suis intéressé par ma localisation,Default Fallback Intent
quand commencent les jeux olympiques,Default Fallback Intent
Debony se connecte,Default Fallback Intent
les frais d'électricité ne sont-ils pas similaires à ceux de l'essence,Default Fallback Intent
pourquoi devrais-je m'inquiéter des directives sanitaires,Default Fallback Intent
qui est le ministère de l'Intérieur de l'Inde,Default Fallback Intent
message de tonnerre,Default Fallback Intent
quel genre de choses amusantes y a-t-il à faire au Minnesota,Default Fallback Intent
qui est le ministre de l'Intérieur de l'Inde,Default Fallback Intent
prendre du lipitor,Default Fallback Intent
texte lévitar,Default Fallback Intent
quelles autres choses amusantes à faire à Baltimore,Default Fallback Intent
au moment où le silence de l'académie Khan,Default Fallback Intent
"ajoutez-en un de plus à cela, à quoi cela équivaut-il",Default Fallback Intent
pourquoi devrais-je manger,Default Fallback Intent
pourquoi devrais-je visiter caca,Default Fallback Intent
retourner à un niveau élevé,Default Fallback Intent
parle-moi de la langue anglaise,Default Fallback Intent
parle-moi de la langue amharique,Default Fallback Intent
quel est le cycle de vie d'une aide auditive rechargeable,Default Fallback Intent
comment installer une porte de garage,Default Fallback Intent
et je pense que c'est censé fonctionner,Default Fallback Intent
va en enfer,Default Fallback Intent
rédiger un programme d'institut de recherche,Default Fallback Intent
Suite de programmation informatique Raichu sur la recherche binaire,Default Fallback Intent
bon code rapide de recherche binaire,Default Fallback Intent
droite,Default Fallback Intent
écrire un programme dans switch,Default Fallback Intent
"salut, je ne le sais pas",Default Fallback Intent
où se trouve l'Italie,Default Fallback Intent
quelles sont les options de restauration au club-house,Default Fallback Intent
comment démarre un créateur de tornade,Default Fallback Intent
localiser le terrain de golf le plus proche,Default Fallback Intent
localiser le parc le plus proche,Default Fallback Intent
localiser ma femme,Default Fallback Intent
localiser un restaurant,Default Fallback Intent
situer,Default Fallback Intent
trouver un bowling à proximité,Default Fallback Intent
qu'est-ce que le aides auditives,Default Fallback Intent
comment puis-je me détendre à la maison,Default Fallback Intent
qu'est-ce que les aides auditives Starkey,Default Fallback Intent
où est le courant,Default Fallback Intent
comment puis-je y aller,Default Fallback Intent
ek divas jam pour envoyer de l'argent,Default Fallback Intent
puis-je visiter Taiwan,Default Fallback Intent
combien de calories à vélo,Cmd.ActivityCycle
combien de calories ai-je brûlé en faisant du vélo,Cmd.ActivityCycle
combien de calories ai-je consommé en faisant du vélo,Cmd.ActivityCycle
calories vélo,Cmd.ActivityCycle
quel est mon objectif à vélo ?,Cmd.ActivityCycle
ai-je atteint mon objectif de vélo ?,Cmd.ActivityCycle
depuis combien de temps je fais du vélo,Cmd.ActivityCycle
combien de minutes ai-je fait du vélo,Cmd.ActivityCycle
combien de minutes ai-je fait du vélo ?,Cmd.ActivityCycle
depuis combien de temps je fais du vélo.,Cmd.ActivityCycle
combien de vélo ai-je fait ce mois-ci ?,Cmd.ActivityCycle
quelles sont mes minutes de vélo pour la semaine ?,Cmd.ActivityCycle
quel est mon objectif à vélo ?,Cmd.ActivityCycle
ai-je fait du vélo pendant une heure ?,Cmd.ActivityCycle
quel est mon nombre de vélos pour le mois ?,Cmd.ActivityCycle
depuis combien de temps je roule ?,Cmd.ActivityCycle
montre-moi mon objectif à vélo,Cmd.ActivityCycle
quelle distance dois-je parcourir pour atteindre mon objectif ?,Cmd.ActivityCycle
jusqu'où ai-je parcouru du vélo ?,Cmd.ActivityCycle
depuis combien de temps je fais du vélo,Cmd.ActivityCycle
combien de vélo ai-je fait cette semaine ?,Cmd.ActivityCycle
suis-je proche de mon objectif cycliste ?,Cmd.ActivityCycle
activer mon programme pour le restaurant,Cmd.MemoryChange
activer le programme de restaurant,Cmd.MemoryChange
changer pour en tester un,Cmd.MemoryChange
changer de mémoire pour en tester une,Cmd.MemoryChange
changer les aides auditives pour la voiture,Cmd.MemoryChange
mettre des appareils auditifs dans un auditorium,Cmd.MemoryChange
aller dehors,Cmd.MemoryChange
aller au perso,Cmd.MemoryChange
aller au restaurant,Cmd.MemoryChange
aller à la réunion,Cmd.MemoryChange
mémoire de masque,Cmd.MemoryChange
mode masque,Cmd.MemoryChange
passer au masque,Cmd.MemoryChange
changer de masque,Cmd.MemoryChange
réglage du masque,Cmd.MemoryChange
programme de masques,Cmd.MemoryChange
définir le programme sur masque,Cmd.MemoryChange
définir la mémoire sur masque,Cmd.MemoryChange
passer du programme au masque,Cmd.MemoryChange
changer la mémoire en masque,Cmd.MemoryChange
changer de programme en masque,Cmd.MemoryChange
réglé sur le programme de masque,Cmd.MemoryChange
passer au programme de masque,Cmd.MemoryChange
passer à la mémoire de masque,Cmd.MemoryChange
passer à la mémoire du mode masque,Cmd.MemoryChange
passer en mode masque,Cmd.MemoryChange
changer la mémoire en masque,Cmd.MemoryChange
changement dans la mémoire personnelle,Cmd.MemoryChange
changement dans la mémoire du restaurant,Cmd.MemoryChange
passer à la mémoire extérieure,Cmd.MemoryChange
passer à la mémoire de la réunion,Cmd.MemoryChange
passer à la mémoire de la foule,Cmd.MemoryChange
changer la mémoire de la voiture,Cmd.MemoryChange
modification de la mémoire de l'auditorium,Cmd.MemoryChange
passer à la mémoire musicale,Cmd.MemoryChange
changement dans la mémoire du téléviseur,Cmd.MemoryChange
passer à la mémoire muette,Cmd.MemoryChange
modifier la mémoire du téléphone,Cmd.MemoryChange
passer à la mémoire automatique,Cmd.MemoryChange
changement dans la mémoire quotidienne,Cmd.MemoryChange
changer la mémoire du golf,Cmd.MemoryChange
changer la mémoire du gymnase,Cmd.MemoryChange
passer à la mémoire personnelle,Cmd.MemoryChange
passer à la mémoire de la cuisine,Cmd.MemoryChange
passer à la mémoire principale,Cmd.MemoryChange
passer à la mémoire de bruit,Cmd.MemoryChange
changement dans la mémoire du bureau,Cmd.MemoryChange
passer à la mémoire du pub,Cmd.MemoryChange
passer à la mémoire silencieuse,Cmd.MemoryChange
changement dans la mémoire de l'école,Cmd.MemoryChange
modification de la mémoire vocale,Cmd.MemoryChange
passer à la mémoire du théâtre,Cmd.MemoryChange
passer à la mémoire des acouphènes,Cmd.MemoryChange
changer pour entraîner la mémoire,Cmd.MemoryChange
passer à la mémoire de travail,Cmd.MemoryChange
changer pour adorer la mémoire,Cmd.MemoryChange
passer au programme personnel,Cmd.MemoryChange
changement de programme de restauration,Cmd.MemoryChange
changement au programme extérieur,Cmd.MemoryChange
changement de programme de réunion,Cmd.MemoryChange
changement au programme de foule,Cmd.MemoryChange
changement de programme de voiture,Cmd.MemoryChange
changement au programme de l'auditorium,Cmd.MemoryChange
changement de programme musical,Cmd.MemoryChange
changement de programme de télévision,Cmd.MemoryChange
passer au programme muet,Cmd.MemoryChange
changement de programme téléphonique,Cmd.MemoryChange
passer au programme automatique,Cmd.MemoryChange
changement au programme quotidien,Cmd.MemoryChange
changement de programme de golf,Cmd.MemoryChange
changement de programme de gym,Cmd.MemoryChange
changement de programme à domicile,Cmd.MemoryChange
changement de programme de cuisine,Cmd.MemoryChange
passer au programme maître,Cmd.MemoryChange
changement au programme de bruit,Cmd.MemoryChange
changement de programme bureautique,Cmd.MemoryChange
changement de programme de pub,Cmd.MemoryChange
passer au programme silencieux,Cmd.MemoryChange
changement de programme scolaire,Cmd.MemoryChange
changement de programme vocal,Cmd.MemoryChange
changement de programme de théâtre,Cmd.MemoryChange
passer au programme d'acouphènes,Cmd.MemoryChange
changement de programme de formation,Cmd.MemoryChange
changement de programme de travail,Cmd.MemoryChange
changement de programme de culte,Cmd.MemoryChange
passer à la mémoire personnelle,Cmd.MemoryChange
passer à la mémoire du restaurant,Cmd.MemoryChange
passer à la mémoire extérieure,Cmd.MemoryChange
passer à la mémoire de réunion,Cmd.MemoryChange
passer à la mémoire de la foule,Cmd.MemoryChange
passer à la mémoire de la voiture,Cmd.MemoryChange
passer à la mémoire de l'auditorium,Cmd.MemoryChange
passer à la mémoire musicale,Cmd.MemoryChange
passer à la mémoire du téléviseur,Cmd.MemoryChange
passer à la mémoire muette,Cmd.MemoryChange
passer à la mémoire du téléphone,Cmd.MemoryChange
passer à la mémoire automatique,Cmd.MemoryChange
passer à la mémoire quotidienne,Cmd.MemoryChange
passer à la mémoire de golf,Cmd.MemoryChange
passer à la mémoire du gymnase,Cmd.MemoryChange
passer à la mémoire d'accueil,Cmd.MemoryChange
passer à la mémoire de la cuisine,Cmd.MemoryChange
passer à la mémoire principale,Cmd.MemoryChange
passer à la mémoire de bruit,Cmd.MemoryChange
passer à la mémoire de bureau,Cmd.MemoryChange
passer à la mémoire du pub,Cmd.MemoryChange
passer à la mémoire silencieuse,Cmd.MemoryChange
passer à la mémoire scolaire,Cmd.MemoryChange
passer à la mémoire vocale,Cmd.MemoryChange
passer à la mémoire du cinéma,Cmd.MemoryChange
passer à la mémoire des acouphènes,Cmd.MemoryChange
passer à la mémoire d'entraînement,Cmd.MemoryChange
passer à la mémoire de travail,Cmd.MemoryChange
passer à la mémoire d'adoration,Cmd.MemoryChange
passer au programme personnel,Cmd.MemoryChange
passer au programme de restauration,Cmd.MemoryChange
passer au programme extérieur,Cmd.MemoryChange
passer au programme de réunion,Cmd.MemoryChange
passer au programme de foule,Cmd.MemoryChange
passer au programme automobile,Cmd.MemoryChange
passer au programme de l'auditorium,Cmd.MemoryChange
passer au programme musical,Cmd.MemoryChange
passer au programme de télévision,Cmd.MemoryChange
passer au programme muet,Cmd.MemoryChange
passer au programme téléphonique,Cmd.MemoryChange
passer au programme automatique,Cmd.MemoryChange
passer au programme quotidien,Cmd.MemoryChange
passer au programme de golf,Cmd.MemoryChange
passer au programme de gym,Cmd.MemoryChange
passer au programme maison,Cmd.MemoryChange
passer au programme cuisine,Cmd.MemoryChange
passer au programme maître,Cmd.MemoryChange
passer au programme de bruit,Cmd.MemoryChange
passer au programme bureautique,Cmd.MemoryChange
passer au programme de pub,Cmd.MemoryChange
passer au programme silencieux,Cmd.MemoryChange
passer au programme scolaire,Cmd.MemoryChange
passer au programme vocal,Cmd.MemoryChange
passer au programme de théâtre,Cmd.MemoryChange
passer au programme acouphènes,Cmd.MemoryChange
passer au programme de formation,Cmd.MemoryChange
passer au programme de travail,Cmd.MemoryChange
passer au programme de culte,Cmd.MemoryChange
réglé sur la mémoire personnelle,Cmd.MemoryChange
réglé sur la mémoire du restaurant,Cmd.MemoryChange
réglé sur la mémoire extérieure,Cmd.MemoryChange
défini sur la mémoire de la réunion,Cmd.MemoryChange
réglé sur la mémoire collective,Cmd.MemoryChange
réglé sur la mémoire de la voiture,Cmd.MemoryChange
réglé sur la mémoire de l'auditorium,Cmd.MemoryChange
réglé sur la mémoire musicale,Cmd.MemoryChange
réglé sur la mémoire du téléviseur,Cmd.MemoryChange
réglé pour désactiver la mémoire,Cmd.MemoryChange
mis dans la mémoire du téléphone,Cmd.MemoryChange
mis en mémoire automatique,Cmd.MemoryChange
réglé sur la mémoire quotidienne,Cmd.MemoryChange
réglé sur la mémoire de golf,Cmd.MemoryChange
réglé sur la mémoire du gymnase,Cmd.MemoryChange
réglé sur la mémoire principale,Cmd.MemoryChange
réglé sur la mémoire de la cuisine,Cmd.MemoryChange
réglé sur la mémoire principale,Cmd.MemoryChange
réglé sur la mémoire de bruit,Cmd.MemoryChange
réglé sur la mémoire du bureau,Cmd.MemoryChange
réglé sur la mémoire du pub,Cmd.MemoryChange
réglé sur mémoire silencieuse,Cmd.MemoryChange
réglé sur la mémoire de l'école,Cmd.MemoryChange
réglé sur la mémoire vocale,Cmd.MemoryChange
réglé sur la mémoire du théâtre,Cmd.MemoryChange
réglé sur la mémoire des acouphènes,Cmd.MemoryChange
configuré pour entraîner la mémoire,Cmd.MemoryChange
réglé sur la mémoire de travail,Cmd.MemoryChange
prêt à adorer la mémoire,Cmd.MemoryChange
réglé sur programme personnel,Cmd.MemoryChange
réglé sur le programme du restaurant,Cmd.MemoryChange
réglé sur le programme extérieur,Cmd.MemoryChange
réglé sur le programme de la réunion,Cmd.MemoryChange
réglé sur le programme de foule,Cmd.MemoryChange
réglé sur le programme de voiture,Cmd.MemoryChange
réglé sur le programme de l'auditorium,Cmd.MemoryChange
réglé sur un programme musical,Cmd.MemoryChange
réglé sur un programme de télévision,Cmd.MemoryChange
réglé pour désactiver le programme,Cmd.MemoryChange
réglé sur le programme téléphonique,Cmd.MemoryChange
réglé sur programme automatique,Cmd.MemoryChange
réglé sur le programme quotidien,Cmd.MemoryChange
réglé sur le programme de golf,Cmd.MemoryChange
réglé sur le programme de gym,Cmd.MemoryChange
réglé sur le programme domestique,Cmd.MemoryChange
réglé sur le programme de cuisine,Cmd.MemoryChange
réglé sur programme maître,Cmd.MemoryChange
réglé sur le programme de bruit,Cmd.MemoryChange
réglé sur le programme bureautique,Cmd.MemoryChange
réglé sur le programme de pub,Cmd.MemoryChange
réglé sur programme silencieux,Cmd.MemoryChange
réglé sur le programme scolaire,Cmd.MemoryChange
réglé sur le programme vocal,Cmd.MemoryChange
réglé sur le programme de théâtre,Cmd.MemoryChange
réglé sur le programme d'acouphènes,Cmd.MemoryChange
programme d'entraînement,Cmd.MemoryChange
se mettre au programme de travail,Cmd.MemoryChange
mis au programme de culte,Cmd.MemoryChange
changer la mémoire en personnelle,Cmd.MemoryChange
changer la mémoire en restaurant,Cmd.MemoryChange
changer la mémoire en extérieur,Cmd.MemoryChange
changer de mémoire en réunion,Cmd.MemoryChange
changer la mémoire en foule,Cmd.MemoryChange
changer la mémoire en voiture,Cmd.MemoryChange
changer la mémoire en auditorium,Cmd.MemoryChange
changer la mémoire en musique,Cmd.MemoryChange
changer de mémoire pour la télévision,Cmd.MemoryChange
changer la mémoire pour couper le son,Cmd.MemoryChange
changer la mémoire pour le téléphone,Cmd.MemoryChange
changer la mémoire en automatique,Cmd.MemoryChange
changer la mémoire en tous les jours,Cmd.MemoryChange
changer de mémoire en golf,Cmd.MemoryChange
changer la mémoire en salle de sport,Cmd.MemoryChange
changer la mémoire en maison,Cmd.MemoryChange
changer la mémoire en cuisine,Cmd.MemoryChange
changer la mémoire en maître,Cmd.MemoryChange
changer la mémoire en bruit,Cmd.MemoryChange
changer la mémoire au bureau,Cmd.MemoryChange
changer la mémoire en pub,Cmd.MemoryChange
changer la mémoire en mode silencieux,Cmd.MemoryChange
changer la mémoire à l'école,Cmd.MemoryChange
changer la mémoire en parole,Cmd.MemoryChange
changer la mémoire en théâtre,Cmd.MemoryChange
changer la mémoire en acouphènes,Cmd.MemoryChange
changer de mémoire pour s'entraîner,Cmd.MemoryChange
changer la mémoire pour travailler,Cmd.MemoryChange
changer la mémoire en adoration,Cmd.MemoryChange
changer le programme en personnel,Cmd.MemoryChange
changer de programme en restaurant,Cmd.MemoryChange
changer de programme pour l'extérieur,Cmd.MemoryChange
changer de programme en réunion,Cmd.MemoryChange
changer de programme pour foule,Cmd.MemoryChange
changer de programme pour voiture,Cmd.MemoryChange
changer de programme en auditorium,Cmd.MemoryChange
changer de programme en musique,Cmd.MemoryChange
changer de programme pour la télévision,Cmd.MemoryChange
changer de programme pour mettre en sourdine,Cmd.MemoryChange
changer de programme pour téléphoner,Cmd.MemoryChange
changer le programme en automatique,Cmd.MemoryChange
changer le programme pour tous les jours,Cmd.MemoryChange
changer de programme pour le golf,Cmd.MemoryChange
changer de programme en salle de sport,Cmd.MemoryChange
changer de programme pour aller à la maison,Cmd.MemoryChange
changer le programme en cuisine,Cmd.MemoryChange
changer de programme en master,Cmd.MemoryChange
changer de programme en bruit,Cmd.MemoryChange
changer de programme en bureau,Cmd.MemoryChange
changer de programme en pub,Cmd.MemoryChange
changer le programme en mode silencieux,Cmd.MemoryChange
changer de programme pour l'école,Cmd.MemoryChange
changer le programme en discours,Cmd.MemoryChange
changer de programme en théâtre,Cmd.MemoryChange
changer de programme pour acouphènes,Cmd.MemoryChange
changer de programme pour s'entraîner,Cmd.MemoryChange
changer de programme pour travailler,Cmd.MemoryChange
changer de programme pour adorer,Cmd.MemoryChange
passer la mémoire à personnelle,Cmd.MemoryChange
passer la mémoire au restaurant,Cmd.MemoryChange
passer la mémoire à l'extérieur,Cmd.MemoryChange
passer de la mémoire à la réunion,Cmd.MemoryChange
passer la mémoire à la foule,Cmd.MemoryChange
passer la mémoire à la voiture,Cmd.MemoryChange
basculer la mémoire vers l'auditorium,Cmd.MemoryChange
passer la mémoire à la musique,Cmd.MemoryChange
passer la mémoire à la télévision,Cmd.MemoryChange
mettre la mémoire en sourdine,Cmd.MemoryChange
passer la mémoire au téléphone,Cmd.MemoryChange
passer la mémoire en automatique,Cmd.MemoryChange
passer la mémoire à tous les jours,Cmd.MemoryChange
passer la mémoire au golf,Cmd.MemoryChange
passer la mémoire à la salle de sport,Cmd.MemoryChange
basculer la mémoire vers la maison,Cmd.MemoryChange
passer la mémoire à la cuisine,Cmd.MemoryChange
passer la mémoire au maître,Cmd.MemoryChange
passer la mémoire au bruit,Cmd.MemoryChange
passer la mémoire au bureau,Cmd.MemoryChange
passer la mémoire au pub,Cmd.MemoryChange
mettre la mémoire en mode silencieux,Cmd.MemoryChange
transférer la mémoire vers l'école,Cmd.MemoryChange
passer de la mémoire à la parole,Cmd.MemoryChange
passer la mémoire au théâtre,Cmd.MemoryChange
passer la mémoire aux acouphènes,Cmd.MemoryChange
changer de mémoire pour s'entraîner,Cmd.MemoryChange
mettre la mémoire au travail,Cmd.MemoryChange
passer de la mémoire à l'adoration,Cmd.MemoryChange
passer du programme au programme personnel,Cmd.MemoryChange
passer du programme au restaurant,Cmd.MemoryChange
passer le programme à l'extérieur,Cmd.MemoryChange
passer du programme à la réunion,Cmd.MemoryChange
changer de programme en foule,Cmd.MemoryChange
passer du programme à la voiture,Cmd.MemoryChange
passer le programme à l'auditorium,Cmd.MemoryChange
passer le programme à la musique,Cmd.MemoryChange
passer le programme à la télévision,Cmd.MemoryChange
mettre le programme en sourdine,Cmd.MemoryChange
passer du programme au téléphone,Cmd.MemoryChange
passer le programme en automatique,Cmd.MemoryChange
passer le programme à tous les jours,Cmd.MemoryChange
passer au golf,Cmd.MemoryChange
changer de programme en salle de sport,Cmd.MemoryChange
passer le programme à la maison,Cmd.MemoryChange
passer le programme à la cuisine,Cmd.MemoryChange
passer le programme au maître,Cmd.MemoryChange
passer le programme au bruit,Cmd.MemoryChange
passer du programme au bureau,Cmd.MemoryChange
passer le programme à Pub,Cmd.MemoryChange
passer le programme en mode silencieux,Cmd.MemoryChange
changer de programme pour l'école,Cmd.MemoryChange
passer le programme à la parole,Cmd.MemoryChange
passer le programme au théâtre,Cmd.MemoryChange
changer de programme pour les acouphènes,Cmd.MemoryChange
changer de programme pour s'entraîner,Cmd.MemoryChange
changer de programme pour fonctionner,Cmd.MemoryChange
changer de programme pour adorer,Cmd.MemoryChange
définir la mémoire sur personnelle,Cmd.MemoryChange
définir la mémoire sur le restaurant,Cmd.MemoryChange
régler la mémoire sur l'extérieur,Cmd.MemoryChange
définir la mémoire sur la réunion,Cmd.MemoryChange
définir la mémoire sur foule,Cmd.MemoryChange
définir la mémoire sur la voiture,Cmd.MemoryChange
définir la mémoire sur l'auditorium,Cmd.MemoryChange
mettre la mémoire en musique,Cmd.MemoryChange
régler la mémoire sur la télévision,Cmd.MemoryChange
mettre la mémoire en sourdine,Cmd.MemoryChange
régler la mémoire sur le téléphone,Cmd.MemoryChange
régler la mémoire sur automatique,Cmd.MemoryChange
régler la mémoire sur tous les jours,Cmd.MemoryChange
mettre la mémoire sur le golf,Cmd.MemoryChange
régler la mémoire sur la salle de sport,Cmd.MemoryChange
définir la mémoire sur la maison,Cmd.MemoryChange
mettre la mémoire sur la cuisine,Cmd.MemoryChange
définir la mémoire sur maître,Cmd.MemoryChange
régler la mémoire sur le bruit,Cmd.MemoryChange
définir la mémoire sur le bureau,Cmd.MemoryChange
définir la mémoire sur pub,Cmd.MemoryChange
régler la mémoire sur silencieux,Cmd.MemoryChange
mettre la mémoire sur l'école,Cmd.MemoryChange
mettre la mémoire sur la parole,Cmd.MemoryChange
régler la mémoire sur le théâtre,Cmd.MemoryChange
régler la mémoire sur les acouphènes,Cmd.MemoryChange
régler la mémoire pour s'entraîner,Cmd.MemoryChange
faire fonctionner la mémoire,Cmd.MemoryChange
mettre la mémoire à adorer,Cmd.MemoryChange
définir le programme sur personnel,Cmd.MemoryChange
définir le programme sur le restaurant,Cmd.MemoryChange
régler le programme sur l'extérieur,Cmd.MemoryChange
définir le programme de la réunion,Cmd.MemoryChange
définir le programme sur foule,Cmd.MemoryChange
définir le programme sur la voiture,Cmd.MemoryChange
définir le programme de l'auditorium,Cmd.MemoryChange
mettre le programme en musique,Cmd.MemoryChange
régler le programme sur la télévision,Cmd.MemoryChange
mettre le programme en sourdine,Cmd.MemoryChange
régler le programme sur téléphone,Cmd.MemoryChange
régler le programme sur automatique,Cmd.MemoryChange
régler le programme sur tous les jours,Cmd.MemoryChange
définir un programme pour le golf,Cmd.MemoryChange
définir le programme sur la salle de sport,Cmd.MemoryChange
définir le programme sur la maison,Cmd.MemoryChange
régler le programme sur la cuisine,Cmd.MemoryChange
définir le programme sur maître,Cmd.MemoryChange
régler le programme sur bruit,Cmd.MemoryChange
définir le programme sur Office,Cmd.MemoryChange
définir le programme sur Pub,Cmd.MemoryChange
régler le programme sur silencieux,Cmd.MemoryChange
définir le programme de l'école,Cmd.MemoryChange
régler le programme sur la parole,Cmd.MemoryChange
régler le programme au théâtre,Cmd.MemoryChange
régler le programme sur les acouphènes,Cmd.MemoryChange
définir un programme pour s'entraîner,Cmd.MemoryChange
faire fonctionner le programme,Cmd.MemoryChange
établir un programme pour adorer,Cmd.MemoryChange
mémoire personnelle,Cmd.MemoryChange
souvenir du restaurant,Cmd.MemoryChange
mémoire en plein air,Cmd.MemoryChange
mémoire de réunion,Cmd.MemoryChange
mémoire de la foule,Cmd.MemoryChange
mémoire de voiture,Cmd.MemoryChange
mémoire de l'auditoire,Cmd.MemoryChange
mémoire musicale,Cmd.MemoryChange
mémoire de télévision,Cmd.MemoryChange
mémoire muette,Cmd.MemoryChange
mémoire du téléphone,Cmd.MemoryChange
mémoire automatique,Cmd.MemoryChange
mémoire quotidienne,Cmd.MemoryChange
mémoire de golf,Cmd.MemoryChange
mémoire de gym,Cmd.MemoryChange
mémoire de la maison,Cmd.MemoryChange
mémoire de cuisine,Cmd.MemoryChange
mémoire principale,Cmd.MemoryChange
mémoire de bruit,Cmd.MemoryChange
mémoire de bureau,Cmd.MemoryChange
mémoire de pub,Cmd.MemoryChange
mémoire tranquille,Cmd.MemoryChange
mémoire d'école,Cmd.MemoryChange
mémoire de la parole,Cmd.MemoryChange
mémoire de théâtre,Cmd.MemoryChange
mémoire des acouphènes,Cmd.MemoryChange
mémoire d'entraînement,Cmd.MemoryChange
mémoire de travail,Cmd.MemoryChange
culte de la mémoire,Cmd.MemoryChange
programme personnel,Cmd.MemoryChange
programme de restauration,Cmd.MemoryChange
programme extérieur,Cmd.MemoryChange
programme de la réunion,Cmd.MemoryChange
programme de foule,Cmd.MemoryChange
programme de voiture,Cmd.MemoryChange
programme de l'auditorium,Cmd.MemoryChange
programme musical,Cmd.MemoryChange
programme de télévision,Cmd.MemoryChange
programme muet,Cmd.MemoryChange
programme téléphonique,Cmd.MemoryChange
programme automatique,Cmd.MemoryChange
programme quotidien,Cmd.MemoryChange
programme de golf,Cmd.MemoryChange
programme de gym,Cmd.MemoryChange
programme à domicile,Cmd.MemoryChange
programme de cuisine,Cmd.MemoryChange
programme de maîtrise,Cmd.MemoryChange
programme de bruit,Cmd.MemoryChange
programme de bureau,Cmd.MemoryChange
programme de pub,Cmd.MemoryChange
programme silencieux,Cmd.MemoryChange
programme scolaire,Cmd.MemoryChange
programme de discours,Cmd.MemoryChange
programme de théâtre,Cmd.MemoryChange
programme acouphènes,Cmd.MemoryChange
programme de formation,Cmd.MemoryChange
programme de travail,Cmd.MemoryChange
programme de culte,Cmd.MemoryChange
cadre personnel,Cmd.MemoryChange
cadre de restaurant,Cmd.MemoryChange
cadre extérieur,Cmd.MemoryChange
cadre de réunion,Cmd.MemoryChange
réglage de la foule,Cmd.MemoryChange
réglage de la voiture,Cmd.MemoryChange
décor d'auditorium,Cmd.MemoryChange
réglage de la musique,Cmd.MemoryChange
réglage de la télévision,Cmd.MemoryChange
réglage muet,Cmd.MemoryChange
réglage du téléphone,Cmd.MemoryChange
réglage automatique,Cmd.MemoryChange
cadre quotidien,Cmd.MemoryChange
cadre de golf,Cmd.MemoryChange
cadre de gym,Cmd.MemoryChange
cadre familial,Cmd.MemoryChange
cadre de cuisine,Cmd.MemoryChange
réglage principal,Cmd.MemoryChange
réglage du bruit,Cmd.MemoryChange
cadre de bureau,Cmd.MemoryChange
cadre de pub,Cmd.MemoryChange
cadre calme,Cmd.MemoryChange
cadre scolaire,Cmd.MemoryChange
réglage de la parole,Cmd.MemoryChange
décor de théâtre,Cmd.MemoryChange
réglage des acouphènes,Cmd.MemoryChange
réglage du train,Cmd.MemoryChange
milieu de travail,Cmd.MemoryChange
cadre de culte,Cmd.MemoryChange
changer en personnel,Cmd.MemoryChange
changer de restaurant,Cmd.MemoryChange
passer à l'extérieur,Cmd.MemoryChange
passer à la réunion,Cmd.MemoryChange
changer en foule,Cmd.MemoryChange
changer de voiture,Cmd.MemoryChange
changement d'auditorium,Cmd.MemoryChange
passer à la musique,Cmd.MemoryChange
passer à la télévision,Cmd.MemoryChange
passer en mode muet,Cmd.MemoryChange
changer de téléphone,Cmd.MemoryChange
passer en automatique,Cmd.MemoryChange
changer pour tous les jours,Cmd.MemoryChange
passer au golf,Cmd.MemoryChange
changer de salle de sport,Cmd.MemoryChange
changer de maison,Cmd.MemoryChange
changer de cuisine,Cmd.MemoryChange
passer au maître,Cmd.MemoryChange
passer au bruit,Cmd.MemoryChange
changement de bureau,Cmd.MemoryChange
changer de pub,Cmd.MemoryChange
passer au silence,Cmd.MemoryChange
changer d'école,Cmd.MemoryChange
changement de discours,Cmd.MemoryChange
passer au théâtre,Cmd.MemoryChange
changement en acouphènes,Cmd.MemoryChange
changer pour s'entraîner,Cmd.MemoryChange
changer pour travailler,Cmd.MemoryChange
changer pour adorer,Cmd.MemoryChange
passer au personnel,Cmd.MemoryChange
passer au restaurant,Cmd.MemoryChange
passer à l'extérieur,Cmd.MemoryChange
passer à la réunion,Cmd.MemoryChange
passer à la foule,Cmd.MemoryChange
passer à la voiture,Cmd.MemoryChange
passer à l'auditorium,Cmd.MemoryChange
passer à la musique,Cmd.MemoryChange
passer à la télévision,Cmd.MemoryChange
passer en sourdine,Cmd.MemoryChange
passer au téléphone,Cmd.MemoryChange
passer en automatique,Cmd.MemoryChange
passer au quotidien,Cmd.MemoryChange
passer au golf,Cmd.MemoryChange
passer à la salle de sport,Cmd.MemoryChange
passer à la maison,Cmd.MemoryChange
passer à la cuisine,Cmd.MemoryChange
passer en maître,Cmd.MemoryChange
passer au bruit,Cmd.MemoryChange
passer au bureau,Cmd.MemoryChange
passer au pub,Cmd.MemoryChange
passer au silence,Cmd.MemoryChange
passer à l'école,Cmd.MemoryChange
passer à la parole,Cmd.MemoryChange
passer au théâtre,Cmd.MemoryChange
passer aux acouphènes,Cmd.MemoryChange
passer au train,Cmd.MemoryChange
passer au travail,Cmd.MemoryChange
passer au culte,Cmd.MemoryChange
passer au programme deux,Cmd.MemoryChange
passer à la mémoire un,Cmd.MemoryChange
passer au programme un,Cmd.MemoryChange
passer à la mémoire deux,Cmd.MemoryChange
modifier les paramètres à trois,Cmd.MemoryChange
passer le programme à quatre,Cmd.MemoryChange
changer la mémoire à trois,Cmd.MemoryChange
changer la mémoire en une,Cmd.MemoryChange
changer le programme en un,Cmd.MemoryChange
changer le paramètre en un,Cmd.MemoryChange
passer la mémoire à une,Cmd.MemoryChange
changer de programme en un,Cmd.MemoryChange
passer le réglage à un,Cmd.MemoryChange
définir la mémoire sur un,Cmd.MemoryChange
régler le programme sur un,Cmd.MemoryChange
définir le paramètre sur un,Cmd.MemoryChange
programme un,Cmd.MemoryChange
mémoire un,Cmd.MemoryChange
en définir un,Cmd.MemoryChange
changer la mémoire en deux,Cmd.MemoryChange
changer le programme en deux,Cmd.MemoryChange
changer le réglage à deux,Cmd.MemoryChange
passer la mémoire à deux,Cmd.MemoryChange
passer le programme à deux,Cmd.MemoryChange
passer le réglage à deux,Cmd.MemoryChange
régler la mémoire sur deux,Cmd.MemoryChange
régler le programme sur deux,Cmd.MemoryChange
régler le paramètre sur deux,Cmd.MemoryChange
programme deux,Cmd.MemoryChange
mémoire deux,Cmd.MemoryChange
réglage de deux,Cmd.MemoryChange
changer le programme en trois,Cmd.MemoryChange
changer le réglage à trois,Cmd.MemoryChange
passer la mémoire à trois,Cmd.MemoryChange
passer le programme à trois,Cmd.MemoryChange
passer le réglage à trois,Cmd.MemoryChange
régler la mémoire sur trois,Cmd.MemoryChange
régler le programme sur trois,Cmd.MemoryChange
régler le paramètre sur trois,Cmd.MemoryChange
programme trois,Cmd.MemoryChange
mémoire trois,Cmd.MemoryChange
réglage trois,Cmd.MemoryChange
changer la mémoire à quatre,Cmd.MemoryChange
changer le programme en quatre,Cmd.MemoryChange
changer le réglage à quatre,Cmd.MemoryChange
passer la mémoire à quatre,Cmd.MemoryChange
passer le réglage à quatre,Cmd.MemoryChange
régler la mémoire sur quatre,Cmd.MemoryChange
régler le programme sur quatre,Cmd.MemoryChange
régler le paramètre sur quatre,Cmd.MemoryChange
programme quatre,Cmd.MemoryChange
mémoire quatre,Cmd.MemoryChange
réglage quatre,Cmd.MemoryChange
passer au programme numéro deux,Cmd.MemoryChange
passer à la mémoire numéro un,Cmd.MemoryChange
passer au programme numéro un,Cmd.MemoryChange
passer à la mémoire numéro deux,Cmd.MemoryChange
modifier les paramètres au numéro trois,Cmd.MemoryChange
passer le programme au numéro quatre,Cmd.MemoryChange
changer la mémoire au numéro trois,Cmd.MemoryChange
changer la mémoire en numéro un,Cmd.MemoryChange
changer de programme pour le numéro un,Cmd.MemoryChange
changer le paramètre en numéro un,Cmd.MemoryChange
passer la mémoire au numéro un,Cmd.MemoryChange
passer le programme au numéro un,Cmd.MemoryChange
passer le réglage au numéro un,Cmd.MemoryChange
mettre la mémoire au numéro un,Cmd.MemoryChange
définir le programme sur le numéro un,Cmd.MemoryChange
définir le paramètre sur le numéro un,Cmd.MemoryChange
programme numéro un,Cmd.MemoryChange
mémoire numéro un,Cmd.MemoryChange
réglage numéro un,Cmd.MemoryChange
changer la mémoire en numéro deux,Cmd.MemoryChange
changer le programme pour le numéro deux,Cmd.MemoryChange
changer le paramètre en numéro deux,Cmd.MemoryChange
passer la mémoire au numéro deux,Cmd.MemoryChange
passer le programme au numéro deux,Cmd.MemoryChange
passer le réglage au numéro deux,Cmd.MemoryChange
régler la mémoire sur le numéro deux,Cmd.MemoryChange
régler le programme sur le numéro deux,Cmd.MemoryChange
régler le paramètre sur le numéro deux,Cmd.MemoryChange
programme numéro deux,Cmd.MemoryChange
mémoire numéro deux,Cmd.MemoryChange
réglage numéro deux,Cmd.MemoryChange
changer le programme pour le numéro trois,Cmd.MemoryChange
changer le paramètre au numéro trois,Cmd.MemoryChange
passer la mémoire au numéro trois,Cmd.MemoryChange
passer le programme au numéro trois,Cmd.MemoryChange
passer le réglage au numéro trois,Cmd.MemoryChange
régler la mémoire sur le numéro trois,Cmd.MemoryChange
régler le programme sur le numéro trois,Cmd.MemoryChange
régler le paramètre sur le numéro trois,Cmd.MemoryChange
programme numéro trois,Cmd.MemoryChange
mémoire numéro trois,Cmd.MemoryChange
réglage numéro trois,Cmd.MemoryChange
changer la mémoire au numéro quatre,Cmd.MemoryChange
changer le programme pour le numéro quatre,Cmd.MemoryChange
changer le paramètre au numéro quatre,Cmd.MemoryChange
passer la mémoire au numéro quatre,Cmd.MemoryChange
passer le réglage au numéro quatre,Cmd.MemoryChange
régler la mémoire sur le numéro quatre,Cmd.MemoryChange
régler le programme sur le numéro quatre,Cmd.MemoryChange
régler le paramètre sur le numéro quatre,Cmd.MemoryChange
programme numéro quatre,Cmd.MemoryChange
mémoire numéro quatre,Cmd.MemoryChange
réglage numéro quatre,Cmd.MemoryChange
"s'il vous plaît, l'alerte de chute ne fonctionne pas",Help_FallAlert
peux-tu tomber en alerte ne fonctionne pas,Help_FallAlert
"s'il vous plaît, aidez-moi à intercepter une alerte de chute",Help_FallAlert
peux-tu m'aider à intercepter une alerte de chute,Help_FallAlert
"s'il vous plaît, aidez-moi, je suis tombé et je ne peux pas me relever",Help_FallAlert
"peux-tu m'aider, je suis tombé et je ne peux pas me relever",Help_FallAlert
peux-tu égarer ton téléphone,Cmd.FindMyPhone
peux-tu perdre ton iPhone,Cmd.FindMyPhone
peux-tu chercher sur iPhone,Cmd.FindMyPhone
s'il te plaît recherche mon téléphone,Cmd.FindMyPhone
peux-tu chercher mon téléphone,Cmd.FindMyPhone
peux-tu récupérer l'iphone,Cmd.FindMyPhone
peux-tu détecter le téléphone,Cmd.FindMyPhone
"s'il te plaît, où est mon téléphone Google",Cmd.FindMyPhone
peux-tu rechercher Android,Cmd.FindMyPhone
"s'il te plaît, trouve mon appareil auditif",Cmd.FindMyPhone
peux-tu trouver mon appareil auditif,Cmd.FindMyPhone
veuillez trouver un téléphone Android,Cmd.FindMyPhone
peux-tu trouver un téléphone Android,Cmd.FindMyPhone
peux-tu chercher le téléphone,Cmd.FindMyPhone
peux-tu trouver un téléphone,Cmd.FindMyPhone
peux-tu téléphoner manquant,Cmd.FindMyPhone
veuillez localiser le téléphone Android,Cmd.FindMyPhone
peux-tu localiser un téléphone Android,Cmd.FindMyPhone
veuillez détecter le téléphone Android,Cmd.FindMyPhone
peux-tu détecter un téléphone Android,Cmd.FindMyPhone
peux-tu détecter l'iphone,Cmd.FindMyPhone
"s'il te plaît, où est mon téléphone",Cmd.FindMyPhone
peux-tu manquer ton iPhone,Cmd.FindMyPhone
"s'il te plaît, où est mon iphone",Cmd.FindMyPhone
peux-tu découvrir le téléphone,Cmd.FindMyPhone
peux-tu trouver un iPhone,Cmd.FindMyPhone
peux-tu localiser le téléphone,Cmd.FindMyPhone
peux-tu localiser l'iphone,Cmd.FindMyPhone
peux-tu perdre ton téléphone,Cmd.FindMyPhone
peux-tu découvrir le téléphone,Cmd.FindMyPhone
"s'il vous plaît, aidez-moi à trouver mon iPhone",Cmd.FindMyPhone
peux-tu m'aider à retrouver mon iphone,Cmd.FindMyPhone
s'il te plaît trouve mon Android,Cmd.FindMyPhone
peux-tu trouver mon Android,Cmd.FindMyPhone
peux-tu détecter le téléphone,Cmd.FindMyPhone
"s'il te plaît, montre-moi où se trouve mon téléphone",Cmd.FindMyPhone
peux-tu me montrer où est mon téléphone,Cmd.FindMyPhone
veuillez découvrir le téléphone Android,Cmd.FindMyPhone
peux-tu découvrir un téléphone Android,Cmd.FindMyPhone
peux-tu découvrir l'iPhone,Cmd.FindMyPhone
peux-tu récupérer le téléphone,Cmd.FindMyPhone
"s'il vous plaît, j'ai perdu mon téléphone Android",Cmd.FindMyPhone
peux-tu perdre ton téléphone Android,Cmd.FindMyPhone
"s'il te plaît, je ne trouve pas mon téléphone Android",Cmd.FindMyPhone
"peux-tu, je ne trouve pas mon téléphone Android",Cmd.FindMyPhone
"s'il te plait, calcul des calories",Cmd.ActivityExercise
peux-tu faire du calcul de calories,Cmd.ActivityExercise
peux-tu calories faire de l'exercice,Cmd.ActivityExercise
peux-tu exercer ton objectif,Cmd.ActivityExercise
"s'il te plaît, montre-moi mon objectif d'exercice",Cmd.ActivityExercise
peux-tu me montrer mon objectif d'exercice,Cmd.ActivityExercise
"s'il vous plaît, ai-je atteint mon objectif d'exercice",Cmd.ActivityExercise
peux-tu avoir atteint mon objectif d'exercice,Cmd.ActivityExercise
"s'il te plaît, détermine ton objectif",Cmd.ActivityExercise
peux-tu établir un objectif,Cmd.ActivityExercise
"s'il vous plaît, augmentez le volume de l'aide auditive",Cmd.VolumeIncrease
peux-tu augmenter le volume de ton aide auditive,Cmd.VolumeIncrease
veuillez augmenter l'aide auditive droite,Cmd.VolumeIncrease
pouvez-vous augmenter la bonne aide auditive,Cmd.VolumeIncrease
"s'il te plaît, fais-le plus fort",Cmd.VolumeIncrease
peux-tu le rendre plus fort,Cmd.VolumeIncrease
"s'il te plaît, augmente le volume",Cmd.VolumeIncrease
peux-tu augmenter le volume,Cmd.VolumeIncrease
"s'il te plaît, augmente le volume",Cmd.VolumeIncrease
peux-tu augmenter le volume,Cmd.VolumeIncrease
"s'il te plaît, augmente le volume de mes aides auditives",Cmd.VolumeIncrease
peux-tu augmenter le volume de mes aides auditives,Cmd.VolumeIncrease
"s'il te plaît, augmente le volume",Cmd.VolumeIncrease
peux-tu augmenter le volume,Cmd.VolumeIncrease
"s'il te plaît, je veux plus de volume",Cmd.VolumeIncrease
"peux-tu, je veux plus de volume",Cmd.VolumeIncrease
"s'il te plaît, augmente le volume de mes aides auditives",Cmd.VolumeIncrease
peux-tu augmenter le volume de mes aides auditives,Cmd.VolumeIncrease
peux-tu maximiser le volume,Cmd.VolumeIncrease
"s'il vous plaît, plus de volume sur les aides auditives",Cmd.VolumeIncrease
pouvez-vous augmenter le volume avec votre aide auditive,Cmd.VolumeIncrease
pouvez-vous maximiser le volume sonore,Cmd.VolumeIncrease
pouvez-vous maximiser le volume,Cmd.VolumeIncrease
"s'il te plaît, j'ai besoin de plus de volume",Cmd.VolumeIncrease
"peux-tu, j'ai besoin de plus de volume",Cmd.VolumeIncrease
"s'il te plaît, augmente le volume de mes aides auditives",Cmd.VolumeIncrease
peux-tu augmenter le volume de mes aides auditives,Cmd.VolumeIncrease
peux-tu augmenter le volume,Cmd.VolumeIncrease
"s'il vous plaît, augmentez le volume, aide droite",Cmd.VolumeIncrease
peux-tu augmenter le volume de l'aide appropriée,Cmd.VolumeIncrease
veuillez régler à 80 % du volume,Cmd.VolumeIncrease
pouvez-vous régler le volume à 80 %,Cmd.VolumeIncrease
veuillez augmenter l'aide auditive gauche,Cmd.VolumeIncrease
peux-tu augmenter l'aide auditive gauche,Cmd.VolumeIncrease
peux-tu maximiser le son,Cmd.VolumeIncrease
veuillez ajuster l'oreille droite pour un son plus élevé,Cmd.VolumeIncrease
pouvez-vous ajuster l'oreille droite pour un son plus élevé,Cmd.VolumeIncrease
"s'il vous plaît, augmentez le volume de l'aide gauche",Cmd.VolumeIncrease
peux-tu augmenter le volume de l'aide gauche,Cmd.VolumeIncrease
"s'il te plaît, augmente le volume",Cmd.VolumeIncrease
peux-tu augmenter le volume,Cmd.VolumeIncrease
veuillez régler à 100 % du volume,Cmd.VolumeIncrease
pouvez-vous régler le volume à 100 %,Cmd.VolumeIncrease
"s'il te plaît, c'est trop calme, monte le volume",Cmd.VolumeIncrease
"peux-tu, c'est trop silencieux, monte le volume",Cmd.VolumeIncrease
veuillez augmenter le volume de l'aide auditive,Cmd.VolumeIncrease
peux-tu augmenter le volume de l'aide auditive,Cmd.VolumeIncrease
"s'il te plaît, augmente le volume",Cmd.VolumeIncrease
peux-tu augmenter le volume,Cmd.VolumeIncrease
"s'il te plaît, augmente le volume",Cmd.VolumeIncrease
peux-tu augmenter le volume,Cmd.VolumeIncrease
"s'il te plaît, augmente le volume",Cmd.VolumeIncrease
peux-tu augmenter le volume,Cmd.VolumeIncrease
"s'il te plaît, monte mon aide auditive gauche",Cmd.VolumeIncrease
peux-tu monter mon aide auditive gauche,Cmd.VolumeIncrease
peux-tu augmenter le volume,Cmd.VolumeIncrease
veuillez régler à 90 % du volume,Cmd.VolumeIncrease
pouvez-vous régler le volume à 90 %,Cmd.VolumeIncrease
"s'il te plaît, augmente le volume",Cmd.VolumeIncrease
peux-tu augmenter le volume,Cmd.VolumeIncrease
"s'il te plaît, augmente le volume de mon aide auditive droite",Cmd.VolumeIncrease
peux-tu augmenter le volume de mon aide auditive droite,Cmd.VolumeIncrease
veuillez augmenter le volume sur les aides auditives,Cmd.VolumeIncrease
pouvez-vous augmenter le volume sur les aides auditives,Cmd.VolumeIncrease
peux-tu augmenter le volume,Cmd.VolumeIncrease
"s'il te plaît, c'est trop bas, monte le volume",Cmd.VolumeIncrease
"peux-tu, c'est trop bas, monte le volume",Cmd.VolumeIncrease
"s'il te plaît, augmente le volume de mes aides auditives",Cmd.VolumeIncrease
peux-tu augmenter le volume de mes aides auditives,Cmd.VolumeIncrease
"s'il te plaît, monte mon aide auditive droite",Cmd.VolumeIncrease
peux-tu activer mon aide auditive droite,Cmd.VolumeIncrease
"s'il te plaît, monte mes aides auditives",Cmd.VolumeIncrease
peux-tu monter mes appareils auditifs,Cmd.VolumeIncrease
peux-tu augmenter le volume,Cmd.VolumeIncrease
"s'il te plaît, monte mes aides auditives",Cmd.VolumeIncrease
peux-tu augmenter le volume de mes aides auditives,Cmd.VolumeIncrease
"s'il te plaît, monte le son",Cmd.VolumeIncrease
peux-tu monter le son,Cmd.VolumeIncrease
"s'il te plaît, mon volume est trop faible",Cmd.VolumeIncrease
"peux-tu, mon volume est trop faible",Cmd.VolumeIncrease
veuillez augmenter le volume de l'aide auditive,Cmd.VolumeIncrease
peux-tu augmenter le volume de l'aide auditive,Cmd.VolumeIncrease
"s'il te plaît, augmente le son",Cmd.VolumeIncrease
peux-tu augmenter le son,Cmd.VolumeIncrease
"s'il vous plaît, plus de volume s'il vous plaît",Cmd.VolumeIncrease
pouvez-vous plus de volume s'il vous plaît,Cmd.VolumeIncrease
s'il te plaît augmente le volume,Cmd.VolumeIncrease
peux-tu augmenter le volume,Cmd.VolumeIncrease
"s'il te plaît, monte mon aide auditive droite",Cmd.VolumeIncrease
peux-tu monter mon appareil auditif droit,Cmd.VolumeIncrease
"s'il te plaît, augmente le volume",Cmd.VolumeIncrease
peux-tu augmenter le volume,Cmd.VolumeIncrease
"s'il te plaît, augmente le volume de mon aide auditive",Cmd.VolumeIncrease
peux-tu augmenter le volume de mon aide auditive,Cmd.VolumeIncrease
"s'il vous plaît, plus de volume",Cmd.VolumeIncrease
peux-tu s'il te plaît plus de volume,Cmd.VolumeIncrease
"s'il te plaît, augmente le volume de mes aides auditives",Cmd.VolumeIncrease
peux-tu augmenter le volume de mes aides auditives,Cmd.VolumeIncrease
peux-tu augmenter le volume,Cmd.VolumeIncrease
"s'il te plaît, augmente le volume de mes aides auditives",Cmd.VolumeIncrease
peux-tu augmenter le volume de mes aides auditives,Cmd.VolumeIncrease
"s'il te plaît, augmente le volume",Cmd.VolumeIncrease
peux-tu augmenter le volume,Cmd.VolumeIncrease
peux-tu augmenter le volume,Cmd.VolumeIncrease
"s'il vous plaît oui, appuyez sur envoyer.",Cmd.SendMessage - yes
pouvez-vous oui appuyer sur envoyer.,Cmd.SendMessage - yes
"s'il te plaît, oui, c'est ce que je veux.",Cmd.SendMessage - yes
"peux-tu oui, c'est ce que je veux.",Cmd.SendMessage - yes
"s'il te plaît, d'accord, oui, envoie.",Cmd.SendMessage - yes
peux-tu ok oui envoyer.,Cmd.SendMessage - yes
"peux-tu, ça va.",Cmd.SendMessage - yes
peux-tu bien.,Cmd.SendMessage - yes
"s'il vous plaît oui, d'accord, envoyez.",Cmd.SendMessage - yes
"peux-tu oui, d'accord, envoyer.",Cmd.SendMessage - yes
pouvez-vous approuver l'envoi.,Cmd.SendMessage - yes
"s'il vous plaît, oui, envoyez-le.",Cmd.SendMessage - yes
pouvez-vous oui l'envoyer.,Cmd.SendMessage - yes
s'il vous plaît oui s'il vous plaît envoyez.,Cmd.SendMessage - yes
pouvez-vous oui s'il vous plaît envoyer.,Cmd.SendMessage - yes
"s'il te plaît, oui, ça va.",Cmd.SendMessage - yes
"peux-tu oui, ça va.",Cmd.SendMessage - yes
pouvez-vous s'il vous plaît envoyer.,Cmd.SendMessage - yes
pouvez-vous oui s'il vous plaît.,Cmd.SendMessage - yes
pouvez-vous envoyer maintenant.,Cmd.SendMessage - yes
"s'il vous plaît, oui, s'il vous plaît, partez.",Cmd.SendMessage - yes
"peux-tu oui, s'il te plaît, y aller.",Cmd.SendMessage - yes
s'il vous plaît assurez-vous de l'envoyer.,Cmd.SendMessage - yes
pouvez-vous certainement l'envoyer.,Cmd.SendMessage - yes
"s'il vous plaît, oui, poussez-le.",Cmd.SendMessage - yes
pouvez-vous oui le pousser.,Cmd.SendMessage - yes
"s'il vous plaît, assurez-vous d'envoyer.",Cmd.SendMessage - yes
pouvez-vous bien sûr envoyer.,Cmd.SendMessage - yes
"s'il te plaît, oui, c'est bien.",Cmd.SendMessage - yes
"peux-tu oui, c'est bien.",Cmd.SendMessage - yes
"s'il vous plaît, très bien, envoyez-le.",Cmd.SendMessage - yes
pouvez-vous bien s'il vous plaît envoyer.,Cmd.SendMessage - yes
peux-tu ok.,Cmd.SendMessage - yes
peux-tu continuer.,Cmd.SendMessage - yes
"s'il vous plaît, oui, allez-y.",Cmd.SendMessage - yes
"pouvez-vous oui, allez-y.",Cmd.SendMessage - yes
"s'il te plaît, montre-moi mon objectif de pas",Cmd.ActivityStep
peux-tu me montrer mon objectif de pas,Cmd.ActivityStep
peux-tu atteindre l'objectif,Cmd.ActivityStep
"s'il te plaît, dis-moi quel est mon objectif de pas",Cmd.ActivityStep
peux-tu me dire quel est mon objectif de pas,Cmd.ActivityStep
"s'il te plaît, montre-moi mon nombre de pas",Cmd.ActivityStep
peux-tu me montrer mon nombre de pas,Cmd.ActivityStep
peux-tu calories étapes,Cmd.ActivityStep
pouvez-vous prendre des mesures,Cmd.ActivityStep
peux-tu augmenter les calories,Cmd.ActivityStep
"s'il vous plaît, j'ai égaré mon autre aide",Help_FindMyHearingAids
"peux-tu, j'ai égaré mon autre aide",Help_FindMyHearingAids
"s'il te plaît, je ne me souviens plus où se trouve mon autre aide",Help_FindMyHearingAids
"peux-tu, je ne me souviens pas où se trouve mon autre aide",Help_FindMyHearingAids
"s'il te plaît, j'ai perdu mon autre aide auditive",Help_FindMyHearingAids
"peux-tu, j'ai perdu mon autre aide auditive",Help_FindMyHearingAids
"s'il te plaît, je ne trouve pas mon aide auditive gauche",Help_FindMyHearingAids
"peux-tu, je ne trouve pas mon aide auditive gauche",Help_FindMyHearingAids
"s'il vous plaît, mes aides auditives ont disparu",Help_FindMyHearingAids
pouvez-vous me faire perdre mes aides auditives,Help_FindMyHearingAids
"s'il vous plaît, mon autre aide a disparu",Help_FindMyHearingAids
"peux-tu, mon autre aide manque",Help_FindMyHearingAids
"s'il te plaît, trouve ma bonne aide",Help_FindMyHearingAids
peux-tu trouver ma bonne aide,Help_FindMyHearingAids
veuillez localiser mon aide auditive,Help_FindMyHearingAids
pouvez-vous localiser mon aide auditive,Help_FindMyHearingAids
"s'il vous plaît, mon aide auditive gauche a disparu",Help_FindMyHearingAids
peux-tu que mon aide auditive gauche manque,Help_FindMyHearingAids
"s'il te plaît, je ne trouve pas mon aide auditive",Help_FindMyHearingAids
"peux-tu, je ne trouve pas mon aide auditive",Help_FindMyHearingAids
"s'il vous plaît, aidez-moi à trouver mon aide auditive gauche",Help_FindMyHearingAids
pouvez-vous m'aider à trouver mon aide auditive gauche,Help_FindMyHearingAids
"s'il vous plaît, je ne me souviens plus où se trouvent mes aides auditives",Help_FindMyHearingAids
"peux-tu, je ne me souviens plus où se trouvent mes aides auditives",Help_FindMyHearingAids
veuillez localiser mon autre aide auditive,Help_FindMyHearingAids
pouvez-vous localiser mon autre aide auditive,Help_FindMyHearingAids
"s'il vous plaît, j'ai égaré mon aide auditive droite",Help_FindMyHearingAids
"peux-tu, j'ai égaré mon aide auditive droite",Help_FindMyHearingAids
"s'il vous plaît, aidez-moi à trouver mes aides auditives",Help_FindMyHearingAids
peux-tu m'aider à trouver mes aides auditives,Help_FindMyHearingAids
"s'il vous plaît, je ne trouve pas mon autre aide auditive",Help_FindMyHearingAids
"peux-tu, je ne trouve pas mon autre aide auditive",Help_FindMyHearingAids
"s'il vous plaît, je ne trouve pas ma bonne aide auditive",Help_FindMyHearingAids
"peux-tu, je ne trouve pas ma bonne aide auditive",Help_FindMyHearingAids
"s'il te plaît, trouve ma bonne aide auditive",Help_FindMyHearingAids
peux-tu trouver ma bonne aide auditive,Help_FindMyHearingAids
"s'il vous plaît, j'ai perdu mes appareils auditifs. pouvez-vous m'aider à les trouver ?",Help_FindMyHearingAids
"peux-tu, j'ai perdu mes appareils auditifs. pouvez-vous m'aider à les trouver ?",Help_FindMyHearingAids
"s'il te plaît, je ne trouve pas mes aides auditives",Help_FindMyHearingAids
"peux-tu, je ne trouve pas mes aides auditives",Help_FindMyHearingAids
"s'il vous plaît, aidez-moi à trouver mes aides auditives",Help_FindMyHearingAids
pouvez-vous m'aider à trouver mes appareils auditifs,Help_FindMyHearingAids
"s'il vous plaît, mon appareil auditif a disparu",Help_FindMyHearingAids
peux-tu que mon appareil auditif ait disparu,Help_FindMyHearingAids
veuillez trouver mon aide auditive gauche,Help_FindMyHearingAids
peux-tu trouver mon aide auditive gauche,Help_FindMyHearingAids
"s'il te plaît, cherche mes aides auditives",Help_FindMyHearingAids
peux-tu chercher mes appareils auditifs,Help_FindMyHearingAids
veuillez localiser mon aide auditive droite,Help_FindMyHearingAids
pouvez-vous localiser mon aide auditive droite,Help_FindMyHearingAids
"s'il vous plaît, je ne trouve pas ma bonne aide auditive",Help_FindMyHearingAids
"peux-tu, je ne trouve pas ma bonne aide auditive",Help_FindMyHearingAids
"s'il te plait, je ne me souviens plus où se trouvent mes aides auditives",Help_FindMyHearingAids
"peux-tu, je ne me souviens pas où sont mes aides auditives",Help_FindMyHearingAids
veuillez localiser mon aide auditive,Help_FindMyHearingAids
pouvez-vous localiser mon aide auditive,Help_FindMyHearingAids
"s'il te plaît, je ne trouve pas l'aide qui me convient",Help_FindMyHearingAids
"peux-tu, je ne trouve pas mon aide auditive appropriée",Help_FindMyHearingAids
veuillez trouver mon autre aide auditive,Help_FindMyHearingAids
peux-tu trouver mon autre aide auditive,Help_FindMyHearingAids
"s'il te plaît, j'ai perdu mes appareils auditifs",Help_FindMyHearingAids
"peux-tu, j'ai perdu mes appareils auditifs",Help_FindMyHearingAids
"s'il vous plaît, je ne me souviens plus où se trouvent mes aides auditives",Help_FindMyHearingAids
"peux-tu, je ne me souviens plus où se trouvent mes aides auditives",Help_FindMyHearingAids
"s'il te plaît, je ne me souviens plus où se trouve mon aide auditive",Help_FindMyHearingAids
"peux-tu, je ne me souviens pas où se trouve mon aide auditive",Help_FindMyHearingAids
veuillez rechercher mes aides auditives,Help_FindMyHearingAids
peux-tu chercher mes aides auditives,Help_FindMyHearingAids
"s'il te plaît, trouve mes aides auditives",Help_FindMyHearingAids
peux-tu trouver mes aides auditives,Help_FindMyHearingAids
"s'il te plaît, je ne trouve pas mon autre aide",Help_FindMyHearingAids
"peux-tu, je ne trouve pas mon autre aide",Help_FindMyHearingAids
"s'il te plaît, je ne me souviens plus où se trouve mon aide auditive gauche",Help_FindMyHearingAids
"peux-tu, je ne me souviens pas où se trouve mon aide auditive gauche",Help_FindMyHearingAids
"s'il te plaît, aide-moi à trouver mon aide auditive",Help_FindMyHearingAids
peux-tu m'aider à trouver mon aide auditive,Help_FindMyHearingAids
"s'il te plaît, je ne trouve pas mon aide auditive",Help_FindMyHearingAids
"peux-tu, je ne trouve pas mon aide auditive",Help_FindMyHearingAids
"s'il vous plaît, je ne me souviens plus où se trouve mon aide auditive gauche",Help_FindMyHearingAids
"peux-tu, je ne me souviens plus où se trouve mon aide auditive gauche",Help_FindMyHearingAids
"s'il te plaît, j'ai égaré mon aide auditive",Help_FindMyHearingAids
"peux-tu, j'ai égaré mon aide auditive",Help_FindMyHearingAids
veuillez localiser mon autre aide,Help_FindMyHearingAids
pouvez-vous localiser mon autre aide,Help_FindMyHearingAids
veuillez localiser mon aide auditive droite,Help_FindMyHearingAids
pouvez-vous localiser mon aide auditive droite,Help_FindMyHearingAids
"s'il vous plaît, je ne trouve pas mes aides auditives",Help_FindMyHearingAids
"peux-tu, je ne trouve pas mes aides auditives",Help_FindMyHearingAids
"s'il te plaît, j'ai égaré mes aides auditives",Help_FindMyHearingAids
"peux-tu, j'ai égaré mes aides auditives",Help_FindMyHearingAids
"s'il vous plaît, je ne me souviens plus où se trouve mon autre aide auditive",Help_FindMyHearingAids
"peux-tu, je ne me souviens pas où se trouve mon autre aide auditive",Help_FindMyHearingAids
"s'il vous plaît, j'ai égaré mon aide auditive gauche",Help_FindMyHearingAids
"peux-tu, j'ai égaré mon aide auditive gauche",Help_FindMyHearingAids
"s'il vous plaît, j'ai égaré mes aides auditives",Help_FindMyHearingAids
"peux-tu, j'ai égaré mes aides auditives",Help_FindMyHearingAids
"s'il te plaît, j'ai perdu mon appareil auditif",Help_FindMyHearingAids
"peux-tu, j'ai perdu mon appareil auditif",Help_FindMyHearingAids
"s'il te plaît, je ne trouve pas mon aide auditive appropriée",Help_FindMyHearingAids
"peux-tu, je ne trouve pas mon aide auditive appropriée",Help_FindMyHearingAids
"s'il vous plaît, j'ai perdu mon aide auditive. pouvez-vous m'aider à le trouver ?",Help_FindMyHearingAids
"peux-tu, j'ai perdu mon aide auditive. pouvez-vous m'aider à le trouver ?",Help_FindMyHearingAids
peux-tu calories aérobies,Cmd.ActivityAerobics
peux-tu atteindre un objectif d'aérobic,Cmd.ActivityAerobics
pouvez-vous atteindre un objectif d'activité,Cmd.ActivityAerobics
"s'il vous plaît, ai-je atteint mon objectif d'activité ?",Cmd.ActivityAerobics
peux-tu avoir atteint mon objectif d'activité ?,Cmd.ActivityAerobics
"s'il vous plaît, ai-je atteint mon objectif d'aérobic ?",Cmd.ActivityAerobics
peux-tu avoir atteint mon objectif d'aérobic ?,Cmd.ActivityAerobics
"s'il te plaît, montre-moi mon objectif d'activité ?",Cmd.ActivityAerobics
peux-tu me montrer mon objectif d'activité ?,Cmd.ActivityAerobics
"s'il vous plaît, aidez-moi à améliorer la parole",Help_IntelliVoice
pouvez-vous m'aider à améliorer la parole,Help_IntelliVoice
"s'il vous plaît, guide de l'utilisateur de la voix intelligente",Help_IntelliVoice
pouvez-vous guider l'utilisateur de la voix intelligente,Help_IntelliVoice
"s'il vous plaît, où est la voix ai ?",Help_IntelliVoice
"s'il vous plaît, envoyez de l'aide par IA",Help_IntelliVoice
peux-tu exprimer mon aide auditive,Help_IntelliVoice
"s'il vous plaît, aidez-moi avec IntelliVoice",Help_IntelliVoice
pouvez-vous m'aider avec IntelliVoice,Help_IntelliVoice
peux-tu exprimer ma voix,Help_IntelliVoice
"s'il vous plaît, dnn, guide d'utilisation de l'amélioration de la parole",Help_IntelliVoice
pouvez-vous dnn guide d'utilisation de l'amélioration de la parole,Help_IntelliVoice
"s'il vous plaît, aide vocale intelligente",Help_IntelliVoice
pouvez-vous bénéficier d'une aide vocale intelligente,Help_IntelliVoice
pouvez-vous IntelliVoice aider,Help_IntelliVoice
"s'il vous plaît, aidez-moi avec une voix intelligente",Help_IntelliVoice
pouvez-vous m'aider avec une voix intelligente,Help_IntelliVoice
"s'il vous plaît, où est l'amélioration de la parole ?",Help_IntelliVoice
"s'il vous plaît, où est la voix intelligente ?",Help_IntelliVoice
s'il vous plaît IntelliVoice guide de l'utilisateur,Help_IntelliVoice
pouvez-vous IntelliVoice guide d'utilisation,Help_IntelliVoice
"s'il vous plaît, mon fils a-t-il accepté mon invitation HearShare ?",Help_HearShare
pouvez-vous que mon fils ait accepté mon invitation HearShare ?,Help_HearShare
"s'il vous plaît, ont-ils accepté mon invitation HearShare ?",Help_HearShare
pouvez-vous ont-ils accepté mon invitation HearShare ?,Help_HearShare
s'il vous plaît dites-moi quel est mon objectif de stand,Cmd.ActivityStand
peux-tu me dire quel est mon objectif de stand,Cmd.ActivityStand
"s'il vous plaît, ai-je atteint mon objectif de stand",Cmd.ActivityStand
peux-tu avoir atteint mon objectif de stand,Cmd.ActivityStand
"s'il te plaît, montre-moi mon objectif permanent",Cmd.ActivityStand
peux-tu me montrer mon objectif permanent,Cmd.ActivityStand
peux-tu supporter des calories,Cmd.ActivityStand
peux-tu calories debout,Cmd.ActivityStand
"s'il vous plaît, montrez-moi mon objectif de stand",Cmd.ActivityStand
peux-tu me montrer mon objectif de stand,Cmd.ActivityStand
"s'il te plaît, montre-moi combien de temps je suis resté debout",Cmd.ActivityStand
peux-tu me montrer combien de temps je suis resté debout,Cmd.ActivityStand
"s'il te plaît, montre-moi mon historique",Cmd.ActivityStand
peux-tu me montrer mon historique,Cmd.ActivityStand
"s'il te plaît, est-ce que je suis resté debout une heure",Cmd.ActivityStand
peux-tu rester debout une heure,Cmd.ActivityStand
peux-tu supporter l'objectif,Cmd.ActivityStand
veuillez diffuser à partir du microphone distant,Cmd.StreamingStart
pouvez-vous diffuser à partir du microphone distant,Cmd.StreamingStart
peux-tu commencer à diffuser,Cmd.StreamingStart
"s'il te plaît, joue du micro",Cmd.StreamingStart
peux-tu jouer du micro,Cmd.StreamingStart
"s'il te plaît, écoute ma télé",Cmd.StreamingStart
peux-tu écouter ma télé,Cmd.StreamingStart
veuillez vous connecter à la télécommande,Cmd.StreamingStart
peux-tu te connecter à distance,Cmd.StreamingStart
s'il te plaît laisse-moi entendre la télé,Cmd.StreamingStart
peux-tu me laisser entendre la télé,Cmd.StreamingStart
peux-tu diffuser sur,Cmd.StreamingStart
"s'il te plaît, j'aimerais diffuser maintenant",Cmd.StreamingStart
"peux-tu, j'aimerais diffuser maintenant",Cmd.StreamingStart
peux-tu diffuser à distance,Cmd.StreamingStart
veuillez démarrer le flux à distance,Cmd.StreamingStart
peux-tu démarrer le streaming à distance,Cmd.StreamingStart
"s'il te plaît, écoute le micro",Cmd.StreamingStart
peux-tu écouter le microphone,Cmd.StreamingStart
"s'il te plaît, laisse-moi entendre le microphone",Cmd.StreamingStart
peux-tu me laisser entendre le microphone,Cmd.StreamingStart
"s'il te plaît, je veux écouter le présentateur",Cmd.StreamingStart
"peux-tu, je veux écouter le présentateur",Cmd.StreamingStart
"s'il te plaît, commence à diffuser la télévision sur mes aides auditives",Cmd.StreamingStart
peux-tu commencer à diffuser la télévision sur mes aides auditives,Cmd.StreamingStart
peux-tu diffuser,Cmd.StreamingStart
"s'il te plaît, écoute la télé",Cmd.StreamingStart
peux-tu écouter la télé,Cmd.StreamingStart
"s'il vous plaît, faites en sorte que mes aides auditives écoutent le microphone à distance",Cmd.StreamingStart
peux-tu faire en sorte que mes aides auditives écoutent le microphone distant,Cmd.StreamingStart
"s'il te plaît, joue le flux TV",Cmd.StreamingStart
peux-tu jouer au flux TV,Cmd.StreamingStart
"s'il te plaît, laisse-moi entendre le micro à distance",Cmd.StreamingStart
peux-tu me laisser entendre le micro à distance,Cmd.StreamingStart
"s'il te plaît, commence à diffuser à distance vers mes aides auditives",Cmd.StreamingStart
peux-tu commencer à diffuser à distance vers mes aides auditives,Cmd.StreamingStart
"s'il vous plaît, écoutez le présentateur",Cmd.StreamingStart
peux-tu écouter le présentateur,Cmd.StreamingStart
s'il vous plaît laissez-moi entendre le présentateur,Cmd.StreamingStart
peux-tu me laisser entendre le présentateur,Cmd.StreamingStart
peux-tu regarder la télévision sur Steam,Cmd.StreamingStart
s'il te plaît commence à diffuser la télévision,Cmd.StreamingStart
peux-tu commencer à diffuser la télévision,Cmd.StreamingStart
veuillez diffuser depuis le microphone,Cmd.StreamingStart
peux-tu diffuser depuis le microphone,Cmd.StreamingStart
veuillez capter le signal du flux TV,Cmd.StreamingStart
peux-tu capter le signal du flux TV,Cmd.StreamingStart
peux-tu commencer à diffuser,Cmd.StreamingStart
"s'il te plaît, je veux écouter ma télé",Cmd.StreamingStart
"peux-tu, je veux écouter ma télé",Cmd.StreamingStart
"s'il te plaît, fais-moi jouer le micro",Cmd.StreamingStart
peux-tu me passer le micro,Cmd.StreamingStart
veuillez démarrer la diffusion à distance,Cmd.StreamingStart
peux-tu démarrer le streaming à distance,Cmd.StreamingStart
veuillez activer le streaming,Cmd.StreamingStart
peux-tu activer le streaming,Cmd.StreamingStart
peux-tu diffuser,Cmd.StreamingStart
peux-tu jouer à la télé,Cmd.StreamingStart
"s'il te plaît, laisse-moi entendre ma télé",Cmd.StreamingStart
peux-tu me laisser entendre ma télé,Cmd.StreamingStart
veuillez vous connecter à la télévision,Cmd.StreamingStart
peux-tu te connecter à la télévision,Cmd.StreamingStart
peux-tu diffuser la télévision,Cmd.StreamingStart
veuillez activer le streaming,Cmd.StreamingStart
peux-tu activer le streaming,Cmd.StreamingStart
veuillez diffuser depuis le micro distant,Cmd.StreamingStart
peux-tu diffuser depuis le micro distant,Cmd.StreamingStart
"s'il te plaît, démarre le flux TV",Cmd.StreamingStart
peux-tu démarrer le flux TV,Cmd.StreamingStart
peux-tu calories en marchant,Cmd.ActivityWalk
"s'il te plaît, montre-moi mon historique de marche ?",Cmd.ActivityWalk
peux-tu me montrer mon historique de marche ?,Cmd.ActivityWalk
"s'il te plaît, montre-moi combien de temps j'ai marché ?",Cmd.ActivityWalk
peux-tu me montrer combien de temps j'ai marché ?,Cmd.ActivityWalk
"s'il vous plaît, mon temps de marche est ?",Cmd.ActivityWalk
peux-tu connaître mon temps de marche ?,Cmd.ActivityWalk
"s'il te plaît, montre-moi mon objectif de marche ?",Cmd.ActivityWalk
peux-tu me montrer mon objectif de marche ?,Cmd.ActivityWalk
veuillez me montrer un aperçu de cette application prospère,Help_WhatsNew
pouvez-vous me montrer un aperçu de cette application Thrive,Help_WhatsNew
"s'il te plaît, montre-moi le guide rapide",Help_WhatsNew
peux-tu me montrer le guide rapide,Help_WhatsNew
"s'il vous plaît, montrez-moi un aperçu de thrive",Help_WhatsNew
peux-tu me montrer un aperçu de Thrive,Help_WhatsNew
"s'il te plaît, montre-moi un guide de démarrage rapide",Help_WhatsNew
peux-tu me montrer un guide de démarrage rapide,Help_WhatsNew
"s'il vous plaît, montrez-moi un aperçu d'ipro",Help_WhatsNew
pouvez-vous me montrer un aperçu d'ipro,Help_WhatsNew
veuillez me montrer un aperçu de l'application,Help_WhatsNew
peux-tu me montrer un aperçu de l'application,Help_WhatsNew
s'il vous plaît montrez-moi un aperçu de cette application,Help_WhatsNew
pouvez-vous me montrer un aperçu de cette application,Help_WhatsNew
"s'il te plaît, emmène-moi pour un démarrage rapide",Help_WhatsNew
peux-tu m'emmener pour un démarrage rapide,Help_WhatsNew
veuillez me montrer un aperçu de l'application Thrive,Help_WhatsNew
pouvez-vous me montrer un aperçu de l'application Thrive,Help_WhatsNew
veuillez me montrer un résumé de la nouvelle application,Help_WhatsNew
peux-tu me montrer un résumé de la nouvelle application,Help_WhatsNew
peux-tu démarrer rapidement,Help_WhatsNew
veuillez ajouter un masque comme mémoire personnalisée,Help_MemoryOptions
pouvez-vous ajouter un masque comme mémoire personnalisée,Help_MemoryOptions
"s'il vous plaît, j'ai perdu la mémoire pour les restaurants et les réunions",Help_MemoryOptions
"peux-tu, j'ai perdu la mémoire pour les restaurants et les réunions",Help_MemoryOptions
"s'il vous plaît, je veux créer un nouveau programme ?",Help_MemoryOptions
"peux-tu, je veux créer un nouveau programme ?",Help_MemoryOptions
"s'il vous plaît, je veux créer un nouveau souvenir ?",Help_MemoryOptions
"peux-tu, je veux créer un nouveau souvenir ?",Help_MemoryOptions
"s'il vous plaît, je n'aime pas les réglages actuels de mon aide auditive",Help_MemoryOptions
"peux-tu, je n'aime pas les réglages actuels de mon aide auditive",Help_MemoryOptions
"s'il te plaît, je n'ai pas une mémoire normale",Help_MemoryOptions
"peux-tu, je n'ai pas une mémoire normale",Help_MemoryOptions
veuillez personnaliser les paramètres de mon aide auditive,Help_MemoryOptions
pouvez-vous personnaliser les paramètres de mon aide auditive,Help_MemoryOptions
pouvez-vous régler les paramètres de mémoire,Help_MemoryOptions
s'il vous plaît Self Check aidez-moi,Help_SelfCheck
pouvez-vous Self Check aider,Help_SelfCheck
"s'il vous plaît, aidez-moi avec Self Check",Help_SelfCheck
pouvez-vous m'aider avec Self Check,Help_SelfCheck
veuillez tester les aides auditives,Help_SelfCheck
peux-tu tester les aides auditives,Help_SelfCheck
"s'il vous plaît, une aide auditive n'est pas trouvée",Help_SelfCheck
pouvez-vous qu'une aide auditive ne soit pas trouvée,Help_SelfCheck
"s'il vous plaît, l'aide auditive ne fonctionne pas",Help_SelfCheck
peux-tu que ton aide auditive ne fonctionne pas,Help_SelfCheck
"s'il vous plaît, Self Check a échoué.",Help_SelfCheck
pouvez-vous Self Check échoué.,Help_SelfCheck
"s'il vous plaît, c'est vrai, l'aide auditive ne fonctionne pas",Help_SelfCheck
"peux-tu avoir raison, l'aide auditive ne fonctionne pas",Help_SelfCheck
"s'il vous plaît, où est Self Check ?",Help_SelfCheck
"s'il te plaît, mon oreille gauche ne fonctionne pas bien",Help_SelfCheck
"peux-tu, mon oreille gauche ne fonctionne pas bien",Help_SelfCheck
"s'il vous plaît, mon aide auditive gauche ne répond pas",Help_SelfCheck
"peux-tu, mon aide auditive gauche ne répond pas",Help_SelfCheck
"s'il vous plaît, il y a un problème avec mes aides auditives",Help_SelfCheck
"pouvez-vous, il y a un problème avec mes aides auditives",Help_SelfCheck
"s'il vous plaît, essayez de faire fonctionner mon âge auditif",Help_SelfCheck
peux-tu essayer de faire fonctionner mon âge auditif,Help_SelfCheck
"s'il vous plaît, diagnostiquez mes aides auditives",Help_SelfCheck
pouvez-vous s'il vous plaît diagnostiquer mes aides auditives,Help_SelfCheck
"s'il vous plaît, ici, ça ne marche pas",Help_SelfCheck
"peux-tu ici, ça ne marche pas",Help_SelfCheck
s'il vous plaît Self Check guide de l'utilisateur,Help_SelfCheck
pouvez-vous Self Check guide de l'utilisateur,Help_SelfCheck
"s'il vous plaît, il y a un problème avec mon aide auditive droite",Help_SelfCheck
"pouvez-vous, il y a un problème avec mon aide auditive droite",Help_SelfCheck
Pouvez-vous si mes aides auditives sont toutes cochées lors de l'auto-vérification ?,Help_SelfCheck
"s'il vous plaît, il y a un problème avec mon aide auditive",Help_SelfCheck
"peux-tu, il y a un problème avec mon aide auditive",Help_SelfCheck
s'il vous plaît calories utilisées aujourd'hui,Cmd.ActivityCalories
pouvez-vous consommer les calories aujourd'hui,Cmd.ActivityCalories
"s'il te plaît, utilise des calories aujourd'hui",Cmd.ActivityCalories
peux-tu utiliser des calories aujourd'hui,Cmd.ActivityCalories
"s'il te plaît, calories brûlées aujourd'hui",Cmd.ActivityCalories
peux-tu brûler des calories aujourd'hui,Cmd.ActivityCalories
"s'il te plaît, compte les calories aujourd'hui",Cmd.ActivityCalories
peux-tu compter les calories aujourd'hui,Cmd.ActivityCalories
"s'il vous plaît, le nombre de calories d'aujourd'hui",Cmd.ActivityCalories
peux-tu compter les calories d'aujourd'hui,Cmd.ActivityCalories
"s'il te plaît, brûle des calories aujourd'hui",Cmd.ActivityCalories
peux-tu brûler des calories aujourd'hui,Cmd.ActivityCalories
"s'il vous plaît, aidez-moi avec l'écran d'accueil",Help_Home
pouvez-vous m'aider avec l'écran d'accueil,Help_Home
"s'il vous plaît, aidez-moi avec l'écran principal",Help_Home
pouvez-vous m'aider avec l'écran principal,Help_Home
"s'il te plaît, augmente le volume",Cmd.VolumeUnmute
peux-tu augmenter le volume,Cmd.VolumeUnmute
"s'il te plaît, fais du son",Cmd.VolumeUnmute
peux-tu faire du son,Cmd.VolumeUnmute
peux-tu réactiver le son,Cmd.VolumeUnmute
peux-tu couper le son,Cmd.VolumeUnmute
"s'il te plaît, allume mon aide auditive droite",Cmd.VolumeUnmute
peux-tu allumer mon aide auditive droite,Cmd.VolumeUnmute
veuillez réactiver le son des aides auditives,Cmd.VolumeUnmute
pouvez-vous réactiver le son des aides auditives,Cmd.VolumeUnmute
peux-tu sonner,Cmd.VolumeUnmute
veuillez régler le volume à la normale,Cmd.VolumeUnmute
peux-tu remettre le volume à la normale,Cmd.VolumeUnmute
"s'il te plaît, désactive le mode muet",Cmd.VolumeUnmute
peux-tu désactiver le mode muet,Cmd.VolumeUnmute
"s'il te plaît, allume le son",Cmd.VolumeUnmute
peux-tu allumer le son,Cmd.VolumeUnmute
"s'il te plaît, allume le volume",Cmd.VolumeUnmute
peux-tu allumer le volume,Cmd.VolumeUnmute
"s'il vous plaît, activez le volume de l'aide auditive",Cmd.VolumeUnmute
pouvez-vous activer le volume de votre aide auditive,Cmd.VolumeUnmute
"s'il te plaît, allume mon aide auditive gauche",Cmd.VolumeUnmute
peux-tu allumer mon aide auditive gauche,Cmd.VolumeUnmute
"s'il te plaît, allume le volume",Cmd.VolumeUnmute
peux-tu allumer le volume,Cmd.VolumeUnmute
"s'il te plaît, allume le son",Cmd.VolumeUnmute
peux-tu allumer le son,Cmd.VolumeUnmute
"s'il te plaît, désactive le mode sourdine",Cmd.VolumeUnmute
peux-tu désactiver le mode sourdine,Cmd.VolumeUnmute
veuillez allumer vos appareils auditifs,Cmd.VolumeUnmute
peux-tu allumer les appareils auditifs,Cmd.VolumeUnmute
"s'il te plaît, allume mon aide auditive droite",Cmd.VolumeUnmute
peux-tu allumer mon aide auditive droite,Cmd.VolumeUnmute
veuillez activer l'aide auditive droite,Cmd.VolumeUnmute
pouvez-vous activer la bonne aide auditive,Cmd.VolumeUnmute
peux-tu sur le volume,Cmd.VolumeUnmute
"s'il te plaît, allume mon aide auditive gauche",Cmd.VolumeUnmute
peux-tu allumer mon aide auditive gauche,Cmd.VolumeUnmute
"s'il vous plaît, mettez le volume sur l'aide droite",Cmd.VolumeUnmute
peux-tu volumer sur l'aide droite,Cmd.VolumeUnmute
veuillez réactiver les aides auditives,Cmd.VolumeUnmute
peux-tu réactiver le son des aides auditives,Cmd.VolumeUnmute
veuillez réactiver les aides,Cmd.VolumeUnmute
peux-tu réactiver les aides,Cmd.VolumeUnmute
"s'il vous plaît, mettez le volume sur l'aide gauche",Cmd.VolumeUnmute
peux-tu volumer sur l'aide gauche,Cmd.VolumeUnmute
"s'il te plaît, allume le volume",Cmd.VolumeUnmute
peux-tu allumer le volume,Cmd.VolumeUnmute
"s'il vous plaît, réactivez mes aides auditives",Cmd.VolumeUnmute
peux-tu réactiver mes aides auditives,Cmd.VolumeUnmute
"s'il te plaît, remets le volume de mon aide auditive",Cmd.VolumeUnmute
peux-tu réactiver le volume de mon aide auditive,Cmd.VolumeUnmute
peux-tu réactiver le son,Cmd.VolumeUnmute
"s'il vous plaît, aidez-moi à ajuster le stimulus des acouphènes sur mes aides auditives",Help_Tinnitus
pouvez-vous m'aider à ajuster le stimulus des acouphènes sur mes aides auditives,Help_Tinnitus
"s'il vous plaît, aidez-moi avec les ajustements du masque d'acouphènes dans mes aides auditives",Help_Tinnitus
pouvez-vous m'aider avec les ajustements du masque d'acouphènes dans mes aides auditives,Help_Tinnitus
"s'il vous plaît, aidez-moi avec le réglage du bruit blanc",Help_Tinnitus
pouvez-vous m'aider avec le réglage du bruit blanc,Help_Tinnitus
"S'il vous plaît, aidez-moi à régler le volume des acouphènes sur mes aides auditives.",Help_Tinnitus
pouvez-vous m'aider à régler le volume des acouphènes sur mes aides auditives,Help_Tinnitus
"S'il vous plaît, aidez-moi avec les ajustements du masque d'acouphènes",Help_Tinnitus
pouvez-vous nous aider avec les ajustements du masque d'acouphènes,Help_Tinnitus
"s'il vous plaît, aidez-moi à ajuster le stimulus sonore dans mes aides auditives",Help_Tinnitus
pouvez-vous m'aider à ajuster le stimulus sonore dans mes aides auditives,Help_Tinnitus
"s'il vous plaît, aidez-moi à ajuster le stimulus sonore sur mes aides auditives",Help_Tinnitus
pouvez-vous m'aider à ajuster le stimulus sonore sur mes aides auditives,Help_Tinnitus
"s'il vous plaît, aidez-moi avec les ajustements du bruit blanc pour mon aide auditive",Help_Tinnitus
pouvez-vous m'aider avec les ajustements du bruit blanc,Help_Tinnitus
"S'il vous plaît, aidez-moi à ajuster le masque d'acouphènes sur mes aides auditives.",Help_Tinnitus
pouvez-vous m'aider à ajuster le masque d'acouphènes sur mes aides auditives,Help_Tinnitus
"s'il vous plaît, aidez-moi à changer de programme d'acouphène",Help_Tinnitus
pouvez-vous m'aider à changer de programme d'acouphène,Help_Tinnitus
"s'il vous plaît, aidez-moi à régler le volume des acouphènes dans mon aide auditive",Help_Tinnitus
pouvez-vous m'aider à régler le volume des acouphènes dans mon aide auditive,Help_Tinnitus
"s'il vous plaît, aidez-moi avec les ajustements du bruit blanc",Help_Tinnitus
pouvez-vous m'aider avec les ajustements du bruit blanc,Help_Tinnitus
"s'il vous plaît, aidez-moi avec le réglage du bruit blanc sur mon aide auditive",Help_Tinnitus
pouvez-vous m'aider avec le réglage du bruit blanc sur mon aide auditive,Help_Tinnitus
"s'il vous plaît, aidez-moi à ajuster le stimulus des acouphènes sur mes aides auditives",Help_Tinnitus
pouvez-vous m'aider à ajuster le stimulus des acouphènes sur mes aides auditives,Help_Tinnitus
"s'il vous plaît, aidez-moi avec les ajustements du bruit des acouphènes dans mes aides auditives",Help_Tinnitus
pouvez-vous m'aider avec les ajustements du bruit des acouphènes dans mes aides auditives,Help_Tinnitus
"s'il vous plaît, aidez-moi à ajuster le stimulus sonore sur mes aides auditives",Help_Tinnitus
pouvez-vous m'aider à ajuster le stimulus sonore sur mes aides auditives,Help_Tinnitus
"s'il vous plaît, aidez-moi à régler le bruit des acouphènes dans mon aide auditive",Help_Tinnitus
pouvez-vous m'aider à régler le bruit des acouphènes dans mon aide auditive,Help_Tinnitus
"s'il vous plaît, aidez-moi à ajuster le stimulus des acouphènes dans mes aides auditives",Help_Tinnitus
pouvez-vous m'aider à ajuster le stimulus des acouphènes dans mes aides auditives,Help_Tinnitus
veuillez me montrer les paramètres des acouphènes,Help_Tinnitus
pouvez-vous me montrer les paramètres des acouphènes,Help_Tinnitus
"s'il vous plaît, aidez-moi à ajuster le stimulus sonore pour mon aide auditive",Help_Tinnitus
pouvez-vous m'aider à ajuster les stimuli sonores,Help_Tinnitus
"s'il vous plaît, aidez-moi avec les ajustements sonores des acouphènes dans mon aide auditive",Help_Tinnitus
pouvez-vous m'aider avec les ajustements sonores des acouphènes dans mon aide auditive,Help_Tinnitus
"s'il vous plaît, aidez-moi avec les ajustements du bruit blanc dans mes aides auditives",Help_Tinnitus
pouvez-vous m'aider avec les ajustements du bruit blanc dans mes aides auditives,Help_Tinnitus
"s'il vous plaît, aidez-moi à régler le volume des acouphènes",Help_Tinnitus
pouvez-vous m'aider à régler le volume des acouphènes,Help_Tinnitus
"s'il vous plaît, aidez-moi avec les ajustements sonores des acouphènes dans mes aides auditives",Help_Tinnitus
pouvez-vous m'aider avec les ajustements sonores des acouphènes dans mes aides auditives,Help_Tinnitus
"s'il vous plaît, aidez-moi avec les ajustements du masque d'acouphènes dans mon aide auditive",Help_Tinnitus
pouvez-vous m'aider avec les ajustements du masque d'acouphènes dans mon aide auditive,Help_Tinnitus
"s'il vous plaît, aidez-moi avec les ajustements du masque d'acouphènes sur mon aide auditive",Help_Tinnitus
pouvez-vous m'aider avec les ajustements du masque d'acouphènes sur mon aide auditive,Help_Tinnitus
"s'il vous plaît, aidez-moi avec les ajustements du stimulus des acouphènes sur mon aide auditive",Help_Tinnitus
pouvez-vous m'aider à ajuster le stimulus des acouphènes sur mon aide auditive,Help_Tinnitus
"s'il vous plaît, aidez-moi avec le réglage du volume des acouphènes sur mes aides auditives",Help_Tinnitus
pouvez-vous m'aider à régler le volume des acouphènes sur mes aides auditives,Help_Tinnitus
"s'il vous plaît, aidez-moi avec les ajustements du volume des acouphènes sur mes aides auditives",Help_Tinnitus
pouvez-vous m'aider avec les ajustements du volume des acouphènes sur mes aides auditives,Help_Tinnitus
"s'il vous plaît, aidez-moi avec les ajustements du masque d'acouphènes sur mes aides auditives",Help_Tinnitus
pouvez-vous m'aider avec les ajustements du masque d'acouphènes sur mes aides auditives,Help_Tinnitus
"s'il vous plaît, aidez-moi à ajuster le stimulus des acouphènes sur mon aide auditive",Help_Tinnitus
pouvez-vous m'aider à ajuster le stimulus des acouphènes sur mon aide auditive,Help_Tinnitus
peux-tu téléentendre,Help_HearingCareAnywhereConnect
"s'il vous plaît, aidez-moi pour l'écoute téléphonique",Help_HearingCareAnywhereConnect
pouvez-vous m'aider pour la télé-écoute,Help_HearingCareAnywhereConnect
"s'il vous plaît, aidez-moi pour la télé ici",Help_HearingCareAnywhereConnect
pouvez-vous m'aider pour la télé ici,Help_HearingCareAnywhereConnect
"s'il vous plaît, aidez-moi avec les appareils de couplage",Help_Pairing
pouvez-vous m'aider à coupler des appareils auditifs,Help_Pairing
"s'il vous plaît, je dois coupler les aides auditives avec le téléphone",Help_Pairing
"peux-tu, j'ai besoin de coupler les aides auditives avec le téléphone",Help_Pairing
veuillez associer les aides à mon téléphone,Help_Pairing
peux-tu associer des aides auditives à mon téléphone,Help_Pairing
veuillez associer mes aides auditives à l'application Thrive,Help_Pairing
pouvez-vous associer mes aides auditives à l'application Thrive,Help_Pairing
"s'il vous plaît, aidez-moi à coupler mes aides auditives avec le téléphone",Help_Pairing
pouvez-vous m'aider à coupler mes aides auditives avec le téléphone,Help_Pairing
"s'il vous plaît, associez les aides sur mon application",Help_Pairing
pouvez-vous jumeler des aides auditives sur mon application,Help_Pairing
veuillez associer des appareils auditifs à mon application Thrive,Help_Pairing
pouvez-vous associer des appareils auditifs avec mon application Thrive,Help_Pairing
"s'il vous plaît, aidez-nous à coupler les aides avec le téléphone",Help_Pairing
pouvez-vous nous aider à coupler les aides avec le téléphone,Help_Pairing
veuillez associer l'aide appropriée,Help_Pairing
peux-tu associer la bonne aide,Help_Pairing
"S'il vous plaît, aidez-nous à appairer les aides auditives au téléphone",Help_Pairing
pouvez-vous m'aider à appairer les aides auditives au téléphone,Help_Pairing
"s'il vous plaît, je dois déconnecter les aides auditives du téléphone",Help_Pairing
"peux-tu, je dois déconnecter les aides auditives du téléphone",Help_Pairing
veuillez connecter l'aide auditive gauche,Help_Pairing
pouvez-vous connecter l'aide auditive gauche,Help_Pairing
"s'il vous plaît, j'ai besoin d'aide pour l'appairage au téléphone",Help_Pairing
"peux-tu, j'ai besoin d'aide pour l'appairage au téléphone",Help_Pairing
"s'il vous plaît, j'ai besoin d'aide pour associer mon aide auditive",Help_Pairing
"peux-tu, j'ai besoin d'aide pour associer mon aide auditive",Help_Pairing
veuillez relier le lecteur à l'aide auditive,Help_Pairing
pouvez-vous relier le lecteur à une aide auditive,Help_Pairing
veuillez nous aider à coupler des appareils auditifs avec l'application Thrive,Help_Pairing
pouvez-vous nous aider à coupler des appareils auditifs avec l'application Thrive,Help_Pairing
"s'il vous plaît, j'ai besoin d'aide pour coupler mon aide auditive au téléphone",Help_Pairing
"peux-tu, j'ai besoin d'aide pour associer mon aide auditive au téléphone",Help_Pairing
veuillez coupler mon aide auditive droite,Help_Pairing
peux-tu appairer mon aide auditive droite,Help_Pairing
"s'il vous plaît, je dois associer l'aide auditive à mon téléphone",Help_Pairing
"peux-tu, je dois associer l'aide auditive à mon téléphone",Help_Pairing
"s'il vous plaît, je dois associer mes aides auditives à mon téléphone",Help_Pairing
"peux-tu, je dois associer mes aides auditives à mon téléphone",Help_Pairing
veuillez synchroniser l'aide auditive avec la télévision,Help_Pairing
peux-tu synchroniser l'aide auditive avec la télévision,Help_Pairing
"s'il vous plaît, je dois déconnecter mes aides auditives de mon téléphone",Help_Pairing
"peux-tu, je dois déconnecter mes aides auditives de mon téléphone",Help_Pairing
"s'il vous plaît, j'ai besoin d'aide pour coupler les aides auditives à mon téléphone",Help_Pairing
"peux-tu, j'ai besoin d'aide pour coupler les aides auditives à mon téléphone",Help_Pairing
veuillez associer les aides auditives sur l'application Thrive,Help_Pairing
pouvez-vous coupler des aides auditives sur l'application Thrive,Help_Pairing
"s'il vous plaît, j'ai besoin d'aide pour associer mon aide auditive à mon téléphone",Help_Pairing
"peux-tu, j'ai besoin d'aide pour associer mon aide auditive à mon téléphone",Help_Pairing
"S'il vous plaît, aidez-nous à coupler les aides auditives avec le téléphone.",Help_Pairing
pouvez-vous nous aider à coupler les aides auditives avec le téléphone,Help_Pairing
veuillez associer l'aide gauche,Help_Pairing
peux-tu associer l'aide gauche,Help_Pairing
"s'il vous plaît, j'ai besoin d'aide pour l'appairage avec mon téléphone",Help_Pairing
"peux-tu, j'ai besoin d'aide pour l'appairage avec mon téléphone",Help_Pairing
"s'il vous plaît, aidez-nous à appairer les aides",Help_Pairing
pouvez-vous m'aider à associer les aides,Help_Pairing
"s'il vous plaît, j'ai besoin d'aide pour associer l'aide",Help_Pairing
"peux-tu, j'ai besoin d'aide pour associer l'aide",Help_Pairing
"s'il vous plaît, j'ai besoin d'aide pour l'appairage",Help_Pairing
"peux-tu, j'ai besoin d'aide pour l'appairage",Help_Pairing
veuillez connecter l'aide auditive droite,Help_Pairing
pouvez-vous connecter la bonne aide auditive,Help_Pairing
veuillez associer les aides sur mon application Thrive,Help_Pairing
pouvez-vous associer des aides auditives sur mon application Thrive,Help_Pairing
"s'il vous plaît, associez mes aides auditives à mon téléphone",Help_Pairing
peux-tu associer mes aides auditives à mon téléphone,Help_Pairing
"s'il vous plaît, associez mes aides auditives",Help_Pairing
peux-tu associer mes aides auditives,Help_Pairing
"s'il vous plaît, j'ai besoin d'aide pour appairer les aides",Help_Pairing
"peux-tu, j'ai besoin d'aide pour associer les aides",Help_Pairing
veuillez coupler mes aides auditives au téléphone,Help_Pairing
peux-tu coupler mes aides auditives au téléphone,Help_Pairing
"s'il vous plaît, je dois dissocier mes aides auditives de mon téléphone",Help_Pairing
"peux-tu, je dois dissocier mes aides auditives de mon téléphone",Help_Pairing
"s'il vous plaît, je dois associer mon aide auditive à mon téléphone",Help_Pairing
"peux-tu, je dois associer mon aide auditive à mon téléphone",Help_Pairing
"s'il vous plaît, je dois connecter les aides auditives au téléphone",Help_Pairing
"peux-tu, je dois connecter les aides auditives au téléphone",Help_Pairing
"s'il vous plaît, aidez-moi à appairer mes aides auditives",Help_Pairing
pouvez-vous m'aider à associer mes aides auditives,Help_Pairing
veuillez associer les aides sur l'application,Help_Pairing
pouvez-vous jumeler des aides auditives sur l'application,Help_Pairing
veuillez connecter l'aide appropriée,Help_Pairing
peux-tu connecter la bonne aide,Help_Pairing
veuillez nous aider à appairer les aides auditives sur l'application Thrive,Help_Pairing
pouvez-vous nous aider à appairer les aides auditives sur l'application Thrive,Help_Pairing
veuillez connecter l'aide gauche,Help_Pairing
peux-tu connecter l'aide gauche,Help_Pairing
"s'il vous plaît, j'ai besoin d'aide pour associer mon aide auditive au téléphone",Help_Pairing
"peux-tu, j'ai besoin d'aide pour associer mon aide auditive au téléphone",Help_Pairing
veuillez synchroniser le Bluetooth de la voiture avec l'aide auditive,Help_Pairing
pouvez-vous synchroniser le Bluetooth de la voiture avec une aide auditive,Help_Pairing
"s'il vous plaît, je dois déconnecter mon aide auditive de mon téléphone",Help_Pairing
"peux-tu, je dois déconnecter mon aide auditive de mon téléphone",Help_Pairing
veuillez créer un nouveau rappel,reminders.add
peux-tu créer un nouveau rappel,reminders.add
"s'il te plaît, rappelle-moi de boire de l'eau dans 10 minutes",reminders.add
peux-tu me rappeler de boire de l'eau dans 10 minutes,reminders.add
veuillez régler une alarme pendant 15 minutes,reminders.add
peux-tu régler une alarme pendant 15 minutes,reminders.add
veuillez régler une alarme pour un rendez-vous chez le médecin demain matin,reminders.add
pouvez-vous régler une alarme pour un rendez-vous chez le médecin demain matin,reminders.add
merci de fixer un rendez-vous chez le médecin pour demain à 10h,reminders.add
pouvez-vous fixer un rendez-vous chez le médecin pour demain à 10 heures,reminders.add
veuillez régler une alarme à 8 heures du matin.,reminders.add
peux-tu régler une alarme à 8 heures du matin ?,reminders.add
pouvez-vous prendre rendez-vous,reminders.add
veuillez prendre rendez-vous demain,reminders.add
peux-tu prendre rendez-vous demain,reminders.add
veuillez prendre rendez-vous en physiothérapie demain matin à 8h40.,reminders.add
pouvez-vous planifier un rendez-vous de physiothérapie demain matin à 8h40 ?,reminders.add
peux-tu chaque année,reminders.add
peux-tu chaque mois,reminders.add
peux-tu chaque semaine,reminders.add
peux-tu tous les jours,reminders.add
peux-tu tous les jours,reminders.add
veuillez créer un rappel,reminders.add
peux-tu configurer un rappel,reminders.add
peux-tu rappeler,reminders.add
s'il te plaît fais un rappel,reminders.add
peux-tu faire un rappel,reminders.add
n'oubliez pas de vous entraîner,reminders.add
peux-tu te rappeler de t'entraîner,reminders.add
n'oubliez pas de regarder,reminders.add
peux-tu te rappeler de regarder,reminders.add
n'oubliez pas de laver la voiture dans 4 heures,reminders.add
peux-tu te rappeler de laver la voiture dans 4 heures,reminders.add
n'oubliez pas de laver ma voiture,reminders.add
peux-tu te rappeler de laver ma voiture,reminders.add
n'oubliez pas de vous réveiller demain,reminders.add
peux-tu te rappeler de te réveiller demain,reminders.add
n'oubliez pas de vous réveiller à 7 heures du matin.,reminders.add
peux-tu te rappeler de te réveiller à 7 heures du matin ?,reminders.add
n'oubliez pas de vous réveiller à 6 heures du matin.,reminders.add
peux-tu te rappeler de te réveiller à 6 heures du matin ?,reminders.add
n'oubliez pas de prendre de la vitamine D à 19 heures. tous les jours,reminders.add
peux-tu te rappeler de prendre de la vitamine D à 19h ? tous les jours,reminders.add
n'oubliez pas de rendre visite à ma famille le jour de Thanksgiving,reminders.add
peux-tu te rappeler de rendre visite à ma famille le jour de Thanksgiving,reminders.add
n'oubliez pas d'allumer les lumières à 20 heures.,reminders.add
peux-tu te rappeler d'allumer les lumières à 20 heures ?,reminders.add
n'oubliez pas d'éteindre mon téléphone tous les jours à 23 heures.,reminders.add
peux-tu te rappeler d'éteindre mon téléphone tous les jours à 23 heures.,reminders.add
n'oubliez pas de prendre mes médicaments mardi matin à 10h.,reminders.add
peux-tu te rappeler de prendre mes médicaments mardi matin à 10h,reminders.add
n'oubliez pas de prendre des médicaments demain matin,reminders.add
peux-tu te rappeler de prendre des médicaments demain matin,reminders.add
n'oubliez pas de prendre vos médicaments aujourd'hui à 17 heures.,reminders.add
peux-tu te rappeler de prendre des médicaments aujourd'hui à 17 heures ?,reminders.add
n'oubliez pas de prendre vos médicaments jeudi prochain à 16h.,reminders.add
peux-tu penser à prendre des médicaments jeudi prochain à 16h ?,reminders.add
n'oubliez pas de prendre des médicaments,reminders.add
peux-tu te rappeler de prendre des médicaments,reminders.add
n'oubliez pas de prendre vos médicaments aujourd'hui à 17 heures.,reminders.add
pouvez-vous vous rappeler de prendre vos médicaments aujourd'hui à 17 heures.,reminders.add
n'oubliez pas d'étudier demain,reminders.add
peux-tu te rappeler d'étudier demain,reminders.add
veuillez définir un rappel,reminders.add
peux-tu définir un rappel,reminders.add
"s'il te plaît, ne me laisse pas oublier",reminders.add
peux-tu ne pas me laisser oublier,reminders.add
peux-tu me rappeler,reminders.add
"s'il te plaît, je veux qu'on me le rappelle",reminders.add
"peux-tu, je veux qu'on me le rappelle",reminders.add
veuillez créer un rappel,reminders.add
peux-tu créer un rappel,reminders.add
"s'il te plaît, rappelle-moi d'aller courir tous les mercredis à 7 heures du matin.",reminders.add
peux-tu me rappeler d'aller courir tous les mercredis à 7 heures du matin,reminders.add
merci de me rappeler de prendre mes médicaments jeudi prochain à 16h.,reminders.add
peux-tu me rappeler de prendre des médicaments jeudi prochain à 16h.,reminders.add
"s'il te plaît, rappelle-moi de récupérer ma voiture vendredi matin",reminders.add
peux-tu me rappeler de récupérer ma voiture vendredi matin,reminders.add
"s'il te plaît, rappelle-moi de récupérer ma voiture vendredi matin prochain",reminders.add
peux-tu me rappeler de récupérer ma voiture vendredi matin prochain,reminders.add
merci de me rappeler de prendre mes médicaments mardi matin à 10h.,reminders.add
peux-tu me rappeler de prendre mes médicaments mardi matin à 10h,reminders.add
rappelez-moi de récupérer mon ordonnance mardi à 17h.,reminders.add
peux-tu me rappeler de récupérer mon ordonnance mardi à 17h.,reminders.add
merci de me rappeler de récupérer mon ordonnance mercredi à 17h.,reminders.add
peux-tu me rappeler de récupérer mon ordonnance mercredi à 17h.,reminders.add
rappelez-moi de récupérer mon ordonnance jeudi à 17h.,reminders.add
peux-tu me rappeler de récupérer mon ordonnance jeudi à 17h.,reminders.add
rappelez-moi de récupérer mon ordonnance samedi à 17h.,reminders.add
peux-tu me rappeler de récupérer mon ordonnance samedi à 17h.,reminders.add
rappelez-moi de récupérer mon ordonnance dimanche à 17h.,reminders.add
peux-tu me rappeler de récupérer mon ordonnance dimanche à 17h.,reminders.add
merci de me rappeler de récupérer mon ordonnance à 17h. le dimanche,reminders.add
pouvez-vous me rappeler de récupérer mon ordonnance à 17h. le dimanche,reminders.add
merci de me rappeler de récupérer mon ordonnance à 17h. Samedi,reminders.add
pouvez-vous me rappeler de récupérer mon ordonnance à 17h. Samedi,reminders.add
merci de me rappeler de récupérer mon ordonnance à 17h. vendredi,reminders.add
pouvez-vous me rappeler de récupérer mon ordonnance à 17h. vendredi,reminders.add
merci de me rappeler de récupérer mon ordonnance à 17h. jeudi,reminders.add
pouvez-vous me rappeler de récupérer mon ordonnance à 17h. jeudi,reminders.add
merci de me rappeler de récupérer mon ordonnance à 17h. le mercredi,reminders.add
pouvez-vous me rappeler de récupérer mon ordonnance à 17h. le mercredi,reminders.add
merci de me rappeler de récupérer mon ordonnance à 17h. mardi,reminders.add
pouvez-vous me rappeler de récupérer mon ordonnance à 17h. mardi,reminders.add
merci de me rappeler de récupérer mon ordonnance à 17h. le lundi,reminders.add
pouvez-vous me rappeler de récupérer mon ordonnance à 17h. le lundi,reminders.add
rappelez-moi de récupérer mon ordonnance lundi à 17h.,reminders.add
pouvez-vous me rappeler de récupérer mon ordonnance lundi à 17h.,reminders.add
rappelez-moi de récupérer mon ordonnance vendredi à 17h.,reminders.add
pouvez-vous me rappeler de récupérer mon ordonnance vendredi à 17h.,reminders.add
veuillez créer un rappel pour prendre vos médicaments aujourd'hui à 20 h.,reminders.add
pouvez-vous créer un rappel pour prendre vos médicaments aujourd'hui à 20 heures.,reminders.add
"s'il te plaît, rappelle-moi de prendre mes médicaments aujourd'hui à 17 heures.",reminders.add
pouvez-vous me rappeler de prendre des médicaments aujourd'hui à 17 heures.,reminders.add
"s'il te plaît, rappelle-moi de boire de l'eau tous les jours à 10 heures du matin",reminders.add
peux-tu me rappeler de boire de l'eau tous les jours à 10 heures du matin,reminders.add
"s'il vous plaît, rappelez-moi de boire de l'eau plus tard dans la journée à 17 heures.",reminders.add
pouvez-vous me rappeler de boire de l'eau plus tard dans la journée à 17 heures.,reminders.add
"s'il te plaît, rappelle-moi de prendre des médicaments demain matin",reminders.add
peux-tu me rappeler de prendre des médicaments demain matin,reminders.add
"s'il te plaît, rappelle-moi de récupérer mon ordonnance cet après-midi",reminders.add
peux-tu me rappeler de récupérer mon ordonnance cet après-midi,reminders.add
"s'il te plaît, rappelle-moi de renouveler mon ordonnance demain après-midi",reminders.add
peux-tu me rappeler de renouveler mon ordonnance demain après-midi,reminders.add
veuillez définir un rappel pour boire de l'eau aujourd'hui,reminders.add
pouvez-vous définir un rappel pour boire de l'eau aujourd'hui,reminders.add
veuillez définir un rappel pour faire de l'exercice aujourd'hui,reminders.add
pouvez-vous définir un rappel pour faire de l'exercice aujourd'hui,reminders.add
veuillez définir un rappel pour nettoyer les aides auditives dès aujourd'hui,reminders.add
pouvez-vous définir un rappel pour nettoyer les aides auditives aujourd'hui,reminders.add
veuillez définir un rappel pour récupérer votre ordonnance aujourd'hui à 17 h.,reminders.add
pouvez-vous définir un rappel pour récupérer votre ordonnance aujourd'hui à 17 heures.,reminders.add
veuillez définir un rappel pour renouveler l'ordonnance demain,reminders.add
pouvez-vous définir un rappel pour renouveler votre ordonnance demain,reminders.add
veuillez définir un rappel pour prendre vos médicaments aujourd'hui à 17 heures.,reminders.add
pouvez-vous définir un rappel pour prendre vos médicaments aujourd'hui à 17 heures.,reminders.add
"s'il te plaît, rappelle-moi de boire de l'eau aujourd'hui",reminders.add
peux-tu me rappeler de boire de l'eau aujourd'hui,reminders.add
"s'il te plaît, rappelle-moi de faire de l'exercice aujourd'hui",reminders.add
peux-tu me rappeler de faire de l'exercice aujourd'hui,reminders.add
"s'il te plaît, rappelle-moi de nettoyer les aides auditives aujourd'hui",reminders.add
peux-tu me rappeler de nettoyer mes aides auditives aujourd'hui,reminders.add
s'il vous plaît rappelez-moi de récupérer l'ordonnance aujourd'hui à 17 heures.,reminders.add
pouvez-vous me rappeler de récupérer mon ordonnance aujourd'hui à 17 heures.,reminders.add
"s'il te plaît, rappelle-moi de renouveler l'ordonnance demain",reminders.add
peux-tu me rappeler de renouveler l'ordonnance demain,reminders.add
"s'il vous plaît, rappelez-moi de prendre mes médicaments aujourd'hui à 17 heures.",reminders.add
pouvez-vous me rappeler de prendre mes médicaments aujourd'hui à 17 heures.,reminders.add
veuillez définir un rappel pour boire de l'eau à 21 heures. tous les mardis,reminders.add
pouvez-vous définir un rappel pour boire de l'eau à 21 heures ? tous les mardis,reminders.add
veuillez définir un rappel pendant 5 minutes,reminders.add
peux-tu définir un rappel pendant 5 minutes,reminders.add
veuillez configurer un rappel pour prendre vos médicaments à 13 heures.,reminders.add
pouvez-vous configurer un rappel pour prendre des médicaments à 13 heures ?,reminders.add
veuillez définir un rappel pour prendre les médicaments à 13 heures.,reminders.add
pouvez-vous définir un rappel pour prendre des médicaments à 13 heures ?,reminders.add
"s'il vous plaît, rappelez-moi de faire les courses tous les mois le 15 à 13 heures.",reminders.add
peux-tu me rappeler de faire les courses tous les mois le 15 à 13h ?,reminders.add
"s'il te plaît, rappelle-moi d'aller à l'épicerie tous les dimanches midi",reminders.add
peux-tu me rappeler d'aller à l'épicerie tous les dimanches midi,reminders.add
rappelez-moi d'envoyer des cartes de Noël chaque année le 1er décembre à 17h.,reminders.add
peux-tu me rappeler d'envoyer des cartes de Noël chaque année le 1er décembre à 17h.,reminders.add
veuillez créer un rappel quotidien pour prendre vos médicaments à 17 heures.,reminders.add
pouvez-vous créer un rappel quotidien pour prendre vos médicaments à 17 heures ?,reminders.add
"s'il te plaît, rappelle-moi de m'entraîner demain matin à 6 heures",reminders.add
peux-tu me rappeler de m'entraîner demain matin à 6 heures,reminders.add
"s'il te plaît, rappelle-moi de courir à 14 heures. à Halloween",reminders.add
peux-tu me rappeler de courir à 14 heures. à Halloween,reminders.add
"s'il te plaît, rappelle-moi de dîner tous les dimanches à 8 heures du matin.",reminders.add
peux-tu me rappeler de dîner tous les dimanches à 8 heures du matin,reminders.add
"veuillez définir un rappel pour 7 heures demain concernant le dîner, s'il vous plaît",reminders.add
"pouvez-vous définir un rappel pour 7 heures demain concernant le dîner, s'il vous plaît",reminders.add
"s'il te plaît, rappelle-moi pour demain",reminders.add
peux-tu me rappeler pour demain,reminders.add
n'oubliez pas de courir tous les jours à 6 heures du matin.,reminders.add
pouvez-vous vous rappeler de courir tous les jours à 6 heures du matin,reminders.add
"s'il te plaît, rappelle-moi d'étudier demain",reminders.add
peux-tu me rappeler d'étudier demain,reminders.add
"s'il te plaît, rappelle-moi mon rendez-vous chez le médecin",reminders.add
peux-tu me rappeler mon rendez-vous chez le médecin,reminders.add
"s'il te plaît, rappelle-moi de me réveiller à 6 heures du matin.",reminders.add
peux-tu me rappeler de me réveiller à 6 heures du matin,reminders.add
s'il vous plaît envoyez-moi un rappel pour partir au travail dans 10 minutes,reminders.add
peux-tu m'envoyer un rappel pour partir travailler dans 10 minutes,reminders.add
"s'il te plaît, rappelle-moi le 27 août pour mon vol",reminders.add
peux-tu me rappeler le 27 août mon vol,reminders.add
"s'il te plaît, rappelle-moi le dîner à 15h.",reminders.add
peux-tu me rappeler le dîner à 15h.,reminders.add
"s'il te plaît, rappelle-moi à 19 heures. le 11 novembre pour faire ses devoirs",reminders.add
peux-tu me rappeler à 19 heures le 11 novembre pour faire ses devoirs,reminders.add
"s'il te plaît, rappelle-moi d'allumer les lumières à 20 heures.",reminders.add
peux-tu me rappeler d'allumer les lumières à 20 heures.,reminders.add
"s'il te plaît, rappelle-moi d'appeler demain",reminders.add
peux-tu me rappeler d'appeler demain,reminders.add
veuillez définir un rappel pour demain matin,reminders.add
peux-tu définir un rappel pour demain matin,reminders.add
merci de me le rappeler à 14h35. demain ne pas se garer sur le parking arrière,reminders.add
peux-tu me rappeler à 14h35 demain ne pas se garer sur le parking arrière,reminders.add
merci de me rappeler de livrer à l'église catholique sainte barbara le vendredi de 9h à 9h30,reminders.add
pouvez-vous me rappeler de livrer à l'église catholique Sainte-Barbara le vendredi de 9h à 9h30,reminders.add
"s'il te plaît, rappelle-moi d'aller me coucher dans 5 minutes",reminders.add
peux-tu me rappeler d'aller me coucher dans 5 minutes,reminders.add
"s'il te plaît, rappelle-moi de venir chercher Joe dans 30 minutes",reminders.add
peux-tu me rappeler de venir chercher Joe dans 30 minutes,reminders.add
"s'il te plaît, rappelle-moi de me brosser les dents",reminders.add
peux-tu me rappeler de me brosser les dents,reminders.add
"s'il te plaît, rappelle-moi le dîner dans 1 minute",reminders.add
peux-tu me rappeler le dîner dans 1 minute,reminders.add
"s'il te plaît, rappelle-moi d'aller travailler le 19 août",reminders.add
peux-tu me rappeler d'aller travailler le 19 août,reminders.add
"s'il te plaît, rappelle-moi à 13 heures. que je dois manger",reminders.add
peux-tu me rappeler à 13 heures. que je dois manger,reminders.add
"merci de rappeler pour 16h15. aujourd'hui, rends visite à grand-mère s'il te plaît",reminders.add
"peux-tu rappeler pour 16h15 ? aujourd'hui, rends visite à grand-mère s'il te plaît",reminders.add
veuillez définir un rappel pour tous les jours,reminders.add
peux-tu définir un rappel pour tous les jours,reminders.add
"s'il te plaît, rappelle-moi à midi",reminders.add
peux-tu me rappeler à midi,reminders.add
"s'il te plaît, rappelle-moi vendredi",reminders.add
peux-tu me rappeler vendredi,reminders.add
"s'il te plaît, rappelle-moi demain pour",reminders.add
peux-tu me rappeler demain,reminders.add
"s'il te plaît, rappelle-moi une réunion le 27 août",reminders.add
peux-tu me rappeler une réunion du 27 août,reminders.add
rappelez-moi s'il vous plaît de recharger mon téléphone tous les jours à 23h00.,reminders.add
pouvez-vous me rappeler de recharger mon téléphone tous les jours à 23h00 ?,reminders.add
"s'il te plaît, rappelle-moi d'appeler quelqu'un tous les jours à 16 heures.",reminders.add
peux-tu me rappeler d'appeler quelqu'un tous les jours à 16 heures.,reminders.add
rappelez-moi d'éteindre mon téléphone tous les jours à 23 heures.,reminders.add
peux-tu me rappeler d'éteindre mon téléphone tous les jours à 23 heures.,reminders.add
"s'il te plaît, j'ai besoin d'un rappel pour aujourd'hui",reminders.add
"peux-tu, j'ai besoin d'un rappel pour aujourd'hui",reminders.add
veuillez ajouter un rappel pour demain,reminders.add
peux-tu ajouter un rappel pour demain,reminders.add
"s'il te plaît, rappelle-moi de m'entraîner",reminders.add
peux-tu me rappeler de m'entraîner,reminders.add
"s'il te plaît, rappelle-moi de me réveiller demain",reminders.add
peux-tu me rappeler de me réveiller demain,reminders.add
"s'il te plaît, rappelle-moi demain",reminders.add
peux-tu me le rappeler demain,reminders.add
veuillez rappeler le vol à 6 heures du matin.,reminders.add
pouvez-vous rappeler votre vol à 6 heures du matin ?,reminders.add
"s'il te plaît, aide-moi à me rappeler d'appeler bébé demain à 9 heures",reminders.add
peux-tu m'aider à me rappeler d'appeler bébé demain à 9 heures,reminders.add
"s'il vous plaît, nouveau rappel, mangez une pomme tous les jours à 9 heures du matin.",reminders.add
"peux-tu, nouveau rappel, manger une pomme tous les jours à 9 heures du matin ?",reminders.add
"s'il te plaît, ne me laisse pas oublier d'aller chercher du lait aujourd'hui",reminders.add
peux-tu ne pas me laisser oublier d'aller chercher du lait aujourd'hui,reminders.add
"s'il te plaît, rappelle-moi tous les jours",reminders.add
peux-tu me le rappeler tous les jours,reminders.add
"s'il te plaît, rappelle-moi le rendez-vous",reminders.add
peux-tu me rappeler le rendez-vous,reminders.add
"s'il te plaît, rappelle-moi d'acheter du pain à 11 heures demain",reminders.add
peux-tu me rappeler d'acheter du pain à 11 heures demain,reminders.add
"s'il vous plaît, un nouveau rappel pour tous les jours",reminders.add
peux-tu un nouveau rappel pour tous les jours,reminders.add
veuillez ajouter un rappel pour nourrir un chat en 3 minutes,reminders.add
pouvez-vous ajouter un rappel pour nourrir un chat en 3 minutes,reminders.add
s'il vous plaît rappelez-vous de jouer avec mon chat tous les jours à 19h.,reminders.add
peux-tu me rappeler de jouer avec mon chat tous les jours à 19h ?,reminders.add
"s'il te plaît, rappelle-moi de laver ma voiture",reminders.add
peux-tu me rappeler de laver ma voiture,reminders.add
"s'il te plaît, j'ai besoin d'un rappel demain",reminders.add
"peux-tu, j'ai besoin d'un rappel demain",reminders.add
"s'il te plaît, rappelle-moi à midi",reminders.add
peux-tu me le rappeler à midi,reminders.add
"s'il te plaît, rappelle-moi le week-end",reminders.add
peux-tu me le rappeler le week-end,reminders.add
"s'il te plaît, rappelle-moi de prendre des médicaments",reminders.add
peux-tu me rappeler de prendre des médicaments,reminders.add
veuillez définir un rappel pour jeudi,reminders.add
peux-tu définir un rappel pour jeudi,reminders.add
veuillez définir un rappel pendant 1 heure,reminders.add
peux-tu définir un rappel pendant 1 heure,reminders.add
"s'il vous plaît, rappelez-moi de faire bouillir de l'eau tous les matins avant 7 heures du matin.",reminders.add
peux-tu me rappeler de faire bouillir de l'eau tous les matins avant 7 heures du matin,reminders.add
"veuillez définir un rappel pour 7h00 demain, yoga",reminders.add
"pouvez-vous définir un rappel pour 7 heures demain, yoga",reminders.add
"s'il vous plaît, nouveau rappel sur la forme physique",reminders.add
pouvez-vous un nouveau rappel sur la forme physique,reminders.add
"s'il te plaît, rappelle-moi les frères de sang",reminders.add
peux-tu me rappeler les frères de sang,reminders.add
"s'il te plaît, rappelle-moi que j'ai un rendez-vous chez le médecin",reminders.add
peux-tu me rappeler que j'ai un rendez-vous chez le médecin,reminders.add
veuillez définir un rappel pour acheter du lait le 11 novembre à 17h.,reminders.add
pouvez-vous définir un rappel d'achat de lait le 11 novembre à 17h ?,reminders.add
"s'il te plaît, rappelle-moi de voir le tableau dans 5 minutes",reminders.add
peux-tu me rappeler de voir la table dans 5 minutes,reminders.add
"s'il te plaît, rappelle-moi de vérifier mon ordinateur",reminders.add
peux-tu me rappeler de vérifier mon ordinateur,reminders.add
"s'il te plaît, rappelle-moi d'aller dormir",reminders.add
peux-tu me rappeler d'aller dormir,reminders.add
"s'il te plaît, rappelle-moi de payer ma facture de carte de crédit",reminders.add
peux-tu me rappeler de payer ma facture de carte de crédit,reminders.add
"s'il te plaît, rappelle-moi que j'ai un rendez-vous",reminders.add
peux-tu me rappeler que j'ai un rendez-vous,reminders.add
veuillez définir un rappel pendant 5 minutes,reminders.add
pouvez-vous définir un rappel pendant 5 minutes,reminders.add
"s'il te plaît, rappelle-moi le dîner dans 1 heure",reminders.add
peux-tu me rappeler le dîner dans 1 heure,reminders.add
veuillez définir un rappel concernant le lavage de la voiture,reminders.add
pouvez-vous définir un rappel concernant le lavage de la voiture,reminders.add
"s'il te plaît, rappelle-moi dans 15 minutes d'aller au bar",reminders.add
peux-tu me rappeler dans 15 minutes d'aller au bar,reminders.add
"s'il te plaît, rappelle-moi d'acheter des billets de cinéma pour vendredi soir",reminders.add
peux-tu me rappeler d'acheter des billets de cinéma pour vendredi soir,reminders.add
s'il vous plaît rappelez-vous pour aujourd'hui,reminders.add
peux-tu me rappeler pour aujourd'hui,reminders.add
"veuillez définir un rappel pour le dîner avec Tom, s'il vous plaît",reminders.add
"pouvez-vous définir un rappel pour le dîner avec Tom, s'il vous plaît",reminders.add
"s'il te plaît, rappelle-moi d'appeler papa",reminders.add
peux-tu me rappeler d'appeler papa,reminders.add
"s'il te plaît, rappelle-moi de regarder",reminders.add
peux-tu me rappeler de regarder,reminders.add
"s'il te plaît, rappelle-moi de rendre visite à ma famille le jour de Thanksgiving",reminders.add
peux-tu me rappeler de rendre visite à ma famille le jour de Thanksgiving,reminders.add
"s'il te plaît, rappelle-moi la réunion des professeurs de vendredi",reminders.add
peux-tu me rappeler la réunion des professeurs de vendredi,reminders.add
"s'il vous plaît, rappelez-moi la recherche en nutrition demain à 8 heures.",reminders.add
peux-tu me rappeler la recherche en nutrition demain à 8 heures.,reminders.add
merci de rappeler les rendez-vous d'affaires tous les lundis à 16h.,reminders.add
pouvez-vous rappeler votre réunion d'affaires tous les lundis à 16 heures ?,reminders.add
"s'il te plaît, rappelle-moi que j'ai un rendez-vous chez le médecin",reminders.add
peux-tu me rappeler que j'ai un rendez-vous chez le médecin,reminders.add
"s'il te plaît, rappelle-moi à 11 heures du matin",reminders.add
peux-tu me rappeler à 11 heures du matin,reminders.add
n'oubliez pas de courir à 6 heures du matin le 7 décembre,reminders.add
pouvez-vous vous rappeler de courir à 6 heures du matin le 7 décembre,reminders.add
"s'il te plaît, rappelle-moi de me réveiller à 7 heures du matin.",reminders.add
peux-tu me rappeler de me réveiller à 7 heures du matin,reminders.add
"s'il te plaît, rappelle-moi aujourd'hui",reminders.add
peux-tu me le rappeler aujourd'hui,reminders.add
rappelez-moi s'il vous plaît de réserver une place de parking pour ma croisière de carnaval,reminders.add
peux-tu me rappeler de réserver une place de parking pour ma croisière de carnaval,reminders.add
"s'il te plaît, rappelle-moi d'appeler José demain",reminders.add
peux-tu me rappeler d'appeler José demain,reminders.add
"s'il te plaît, rappelle-moi de faire mes devoirs le 11 novembre à 19h.",reminders.add
peux-tu me rappeler de faire mes devoirs le 11 novembre à 19h ?,reminders.add
veuillez rappeler la fête à 12h. vendredi,reminders.add
pouvez-vous rappeler la fête à 12 heures ? vendredi,reminders.add
veuillez définir un rappel pour 8 heures du matin.,reminders.add
pouvez-vous définir un rappel pour 8 heures du matin ?,reminders.add
"s'il te plaît, rappelle-moi d'appeler maman à Noël",reminders.add
peux-tu me rappeler d'appeler maman à Noël,reminders.add
"s'il te plaît, rappelle-moi d'appeler mon frère le jour des anciens combattants",reminders.add
peux-tu me rappeler d'appeler mon frère le jour des anciens combattants,reminders.add
"s'il te plaît, rappelle-moi la vidéo tous les jours à midi",reminders.add
peux-tu me rappeler la vidéo tous les jours à midi,reminders.add
"s'il vous plaît, nouveau rappel sur le lavage de la voiture",reminders.add
pouvez-vous un nouveau rappel sur le lavage de la voiture,reminders.add
"s'il te plaît, rappelle-moi la réunion parents/profs de vendredi",reminders.add
peux-tu me rappeler la réunion parents/profs de vendredi,reminders.add
"s'il te plaît, rappelle-moi mon rendez-vous",reminders.add
peux-tu me rappeler mon rendez-vous,reminders.add
merci de me rappeler les examens tous les vendredis à 19h.,reminders.add
peux-tu me rappeler les examens tous les vendredis à 19h ?,reminders.add
"s'il te plaît, rappelle-moi de boire de l'eau dans 5 minutes",reminders.add
peux-tu me rappeler de boire de l'eau dans 5 minutes,reminders.add
veuillez définir un rappel pour demain,reminders.add
peux-tu définir un rappel pour demain,reminders.add
"s'il te plaît, rappelle-moi d'aller courir à 6 heures du matin.",reminders.add
peux-tu me rappeler d'aller courir à 6 heures du matin,reminders.add
"veuillez définir un rappel concernant la promenade du chien, répétez-le tous les jours à 9 heures du matin.",reminders.add
"pouvez-vous définir un rappel concernant la promenade du chien, répétez-le tous les jours à 9 heures du matin",reminders.add
"s'il te plaît, rappelle-moi jeudi",reminders.add
peux-tu me le rappeler jeudi,reminders.add
s'il vous plaît rappelez-vous pour ce soir,reminders.add
peux-tu un rappel pour ce soir,reminders.add
veuillez définir un rappel à 14 heures.,reminders.add
pouvez-vous définir un rappel pour 14 heures ?,reminders.add
"s'il te plaît, rappelle-moi de faire de l'exercice ce soir",reminders.add
peux-tu me rappeler de faire de l'exercice ce soir,reminders.add
"s'il te plaît, rappelle-moi une fois de courir",reminders.add
peux-tu me rappeler une fois de courir,reminders.add
veuillez définir un rappel pour le 25 novembre,reminders.add
pouvez-vous définir un rappel pour le 25 novembre,reminders.add
"s'il te plaît, rappelle-moi de laver la voiture",reminders.add
peux-tu me rappeler de laver la voiture,reminders.add
"s'il te plaît, rappelle-moi 22h30. fermer le restaurant",reminders.add
peux-tu me rappeler 22h30 ? fermer le restaurant,reminders.add
"s'il te plaît, rappelle-moi tous les jours de lire un livre à 18 heures.",reminders.add
peux-tu me rappeler tous les jours de lire un livre à 18 heures.,reminders.add
"s'il te plaît, rappelle-moi de nourrir mon chat s'il te plaît",reminders.add
peux-tu me rappeler de nourrir mon chat s'il te plaît,reminders.add
"s'il te plaît, rappelle-moi d'appeler",reminders.add
peux-tu s'il te plaît me rappeler d'appeler,reminders.add
"s'il te plaît, rappelle-moi d'acheter du lait mardi à 20h.",reminders.add
peux-tu me rappeler d'acheter du lait mardi à 20h.,reminders.add
veuillez régler le rappel à 17 heures.,reminders.add
pouvez-vous régler le rappel à 17 heures ?,reminders.add
veuillez m'envoyer un rappel pour payer la facture du câble le 3 mars,reminders.add
pouvez-vous m'envoyer un rappel pour payer la facture du câble le 3 mars,reminders.add
"s'il te plaît, rappelle-moi le dîner à 15h23",reminders.add
peux-tu me rappeler le dîner à 15h23,reminders.add
veuillez ajouter un rappel avec le titre de lavage de voiture,reminders.add
pouvez-vous ajouter un rappel avec le titre de lavage de voiture,reminders.add
"s'il te plaît, rappelle-moi d'acheter des chaussures à Paris",reminders.add
peux-tu me rappeler d'acheter des chaussures à Paris,reminders.add
"s'il te plaît, rappelle-moi d'aller chez le médecin",reminders.add
peux-tu me rappeler d'aller chez le médecin,reminders.add
"s'il te plaît, rappelle-moi demain à 9 heures.",reminders.add
peux-tu me le rappeler demain à 9 heures.,reminders.add
"s'il te plaît, rappelle-moi de prendre de la vitamine D à 19 heures. tous les jours",reminders.add
peux-tu me rappeler de prendre de la vitamine D à 19h. tous les jours,reminders.add
veuillez ajouter un rappel pour la réunion,reminders.add
pouvez-vous ajouter un rappel pour une réunion,reminders.add
"s'il te plaît, rappelle-moi de laver la voiture dans 4 heures",reminders.add
peux-tu me rappeler de laver la voiture dans 4 heures,reminders.add
pouvez-vous rappeler le commerçant,reminders.add
pouvez-vous quelle version de l'application j'utilise ?,Help_AppSettings
puis-je utiliser le mode basique ou avancé ?,Help_AppSettings
pouvez-vous version de l'application,Help_AppSettings
pouvez-vous quelle version de l'application ai-je ?,Help_AppSettings
"s'il vous plaît, je veux me connecter à mon audiologiste",Help_RemoteProgramming
"peux-tu, je veux me connecter à mon audiologiste",Help_RemoteProgramming
"s'il vous plaît, j'ai besoin d'un ajustement de mes aides auditives",Help_RemoteProgramming
"peux-tu, j'ai besoin d'un ajustement de mes aides auditives",Help_RemoteProgramming
veuillez me connecter à mon audiologiste,Help_RemoteProgramming
peux-tu me mettre en contact avec mon audiologiste,Help_RemoteProgramming
"s'il vous plaît, je veux parler à mon audiologiste",Help_RemoteProgramming
"peux-tu, je veux parler à mon audiologiste",Help_RemoteProgramming
"s'il vous plaît, j'ai besoin d'un ajustement de mes aides auditives",Help_RemoteProgramming
"peux-tu, j'ai besoin d'un ajustement de mes aides auditives",Help_RemoteProgramming
"s'il vous plaît, je dois en parler à mon audiologiste",Help_RemoteProgramming
"peux-tu, je dois en parler à mon audiologiste",Help_RemoteProgramming
"s'il vous plaît, aidez-moi avec la programmation à distance",Help_RemoteProgramming
pouvez-vous m'aider avec la programmation à distance,Help_RemoteProgramming
"s'il te plaît, montre-moi comment utiliser le rappel",Help_Reminder
peux-tu me montrer comment utiliser le rappel,Help_Reminder
"s'il te plaît, amène-moi à l'aide de rappel",Help_Reminder
peux-tu m'emmener au rappel d'aide,Help_Reminder
"s'il vous plaît, parlez-moi de la fonction de rappels",Help_Reminder
pouvez-vous me parler de la fonctionnalité de rappels,Help_Reminder
merci de rappeler le mode d'emploi,Help_Reminder
pouvez-vous rappeler le guide d'utilisation,Help_Reminder
"s'il vous plaît, aidez-moi avec les paramètres de l'appareil",Help_DeviceSettings
pouvez-vous m'aider avec les paramètres de l'appareil,Help_DeviceSettings
veuillez trouver clairement le nom du produit des aides auditives,Help_DeviceSettings
pouvez-vous trouver clairement le nom du produit des aides auditives,Help_DeviceSettings
"s'il vous plaît, je n'aime pas la fonction de double tapotement. comment puis-je l'éteindre ?",Help_DeviceSettings
"pouvez-vous, je n'aime pas la fonction de double pression. comment puis-je l'éteindre ?",Help_DeviceSettings
peux-tu biper,Help_DeviceSettings
peux-tu émettre un bip pour changer,Help_DeviceSettings
"s'il vous plaît, j'ai besoin d'aide avec mes paramètres",Help_DeviceSettings
"peux-tu, j'ai besoin d'aide avec mes paramètres",Help_DeviceSettings
peux-tu changer de ton,Help_DeviceSettings
"s'il vous plaît, aidez-moi à changer les souvenirs de mon aide auditive",Help_ChangingMemories
pouvez-vous m'aider à changer les souvenirs avec mon aide auditive,Help_ChangingMemories
"s'il vous plaît, aidez-moi à changer les programmes de mon aide auditive",Help_ChangingMemories
pouvez-vous m'aider à changer les programmes de mon aide auditive,Help_ChangingMemories
"s'il vous plaît, aidez-nous à changer de programme par téléphone",Help_ChangingMemories
pouvez-vous m'aider à changer de programme par téléphone,Help_ChangingMemories
"S'il vous plaît, aidez-nous à changer de souvenirs à l'aide de l'application Thrive.",Help_ChangingMemories
pouvez-vous nous aider à changer de souvenirs à l'aide de l'application Thrive,Help_ChangingMemories
"s'il vous plaît, aidez-moi à changer de souvenirs",Help_ChangingMemories
peux-tu m'aider à changer les souvenirs,Help_ChangingMemories
"s'il vous plaît, où est le bouton pour la mémoire ?",Help_ChangingMemories
"s'il vous plaît, aidez-nous à changer de programme en utilisant mon application Thrive",Help_ChangingMemories
pouvez-vous m'aider à changer de programme en utilisant mon application Thrive,Help_ChangingMemories
"s'il vous plaît, aidez-moi à changer de programme en utilisant mon application",Help_ChangingMemories
pouvez-vous m'aider à changer de programme en utilisant mon application,Help_ChangingMemories
"s'il vous plaît, aidez-nous à changer de programme à l'aide de l'application",Help_ChangingMemories
pouvez-vous nous aider à changer de programme à l'aide de l'application,Help_ChangingMemories
"s'il vous plaît, aidez-nous à changer de souvenirs à l'aide de l'application",Help_ChangingMemories
pouvez-vous nous aider à changer de souvenirs à l'aide de l'application,Help_ChangingMemories
"s'il vous plaît, aidez-moi à changer les souvenirs de mes aides auditives",Help_ChangingMemories
pouvez-vous m'aider à changer les souvenirs de mes aides auditives,Help_ChangingMemories
"s'il vous plaît, aidez-moi à changer de programme sur mon aide auditive",Help_ChangingMemories
pouvez-vous m'aider à changer de programme sur mon aide auditive,Help_ChangingMemories
"s'il vous plaît, aidez-moi à changer de programme sur mon téléphone",Help_ChangingMemories
pouvez-vous m'aider à changer de programme sur mon téléphone,Help_ChangingMemories
"s'il vous plaît, où est le bouton mémoire ?",Help_ChangingMemories
"s'il vous plaît, aidez-nous à changer de programme",Help_ChangingMemories
pouvez-vous m'aider à changer de programme,Help_ChangingMemories
"s'il vous plaît, aidez-moi à changer de programme sur mes aides auditives",Help_ChangingMemories
pouvez-vous m'aider à changer de programme sur mes aides auditives,Help_ChangingMemories
"s'il vous plaît, aidez-moi à changer de programme sur mes aides auditives",Help_ChangingMemories
pouvez-vous m'aider à changer de programme sur mes aides auditives,Help_ChangingMemories
"s'il vous plaît, aidez-moi à changer de souvenirs en utilisant mon application",Help_ChangingMemories
pouvez-vous m'aider à changer de souvenirs en utilisant mon application,Help_ChangingMemories
peux-tu bouton mémoire,Help_ChangingMemories
"s'il vous plaît, aidez-moi à changer les souvenirs sur mon téléphone",Help_ChangingMemories
peux-tu m'aider à changer les souvenirs sur mon téléphone,Help_ChangingMemories
"s'il vous plaît, aidez-moi à changer de souvenirs en utilisant mon application Thrive",Help_ChangingMemories
pouvez-vous m'aider à changer mes souvenirs en utilisant mon application Thrive,Help_ChangingMemories
"s'il vous plaît, je n'entends pas de différence lorsque je change le contrôle de ma balance",Help_WiCROS
"peux-tu, je n'entends pas de différence lorsque je change le contrôle de ma balance",Help_WiCROS
peux-tu émettre,Help_WiCROS
peux-tu recevoir,Help_WiCROS
veuillez personnaliser les paramètres de mon aide auditive,Help_Customize
pouvez-vous personnaliser les paramètres de mon aide auditive,Help_Customize
"s'il te plaît, mes aides auditives ont trop d'aigus",Help_Customize
est-ce que mes aides auditives peuvent avoir trop d'aigus,Help_Customize
"s'il te plaît, dis-moi combien je te dois, tu serais en espagnol",Cmd.TranslationStart
peux-tu me dire combien je te dois en espagnol,Cmd.TranslationStart
"s'il te plaît, dis-moi combien je te dois en espagnol",Cmd.TranslationStart
peux-tu me dire combien je te dois en espagnol,Cmd.TranslationStart
"s'il vous plaît, traduisez combien je vous dois en espagnol",Cmd.TranslationStart
peux-tu traduire combien je te dois en espagnol,Cmd.TranslationStart
"s'il vous plaît, traduisez combien je vous dois en espagnol",Cmd.TranslationStart
peux-tu traduire combien je te dois en espagnol,Cmd.TranslationStart
peux-tu commencer la traduction,Cmd.TranslationStart
peux-tu ouvrir la traduction,Cmd.TranslationStart
peux-tu commencer la traduction,Cmd.TranslationStart
s'il te plaît commence la traduction en allemand,Cmd.TranslationStart
peux-tu commencer la traduction en allemand,Cmd.TranslationStart
s'il te plaît commence à traduire en français,Cmd.TranslationStart
peux-tu commencer à traduire en français,Cmd.TranslationStart
veuillez ouvrir la traduction en espagnol,Cmd.TranslationStart
peux-tu ouvrir la traduction en espagnol,Cmd.TranslationStart
veuillez traduire en anglais,Cmd.TranslationStart
peux-tu traduire en anglais,Cmd.TranslationStart
"s'il te plaît, commence à traduire pour le français",Cmd.TranslationStart
peux-tu commencer à traduire en français,Cmd.TranslationStart
veuillez traduire pour le russe,Cmd.TranslationStart
peux-tu traduire pour le russe,Cmd.TranslationStart
peux-tu traduire l'hébreu,Cmd.TranslationStart
peux-tu traduire en néerlandais,Cmd.TranslationStart
veuillez commencer la traduction pour l'allemand,Cmd.TranslationStart
peux-tu commencer la traduction pour l'allemand,Cmd.TranslationStart
veuillez commencer la traduction pour l'espagnol,Cmd.TranslationStart
peux-tu commencer la traduction pour l'espagnol,Cmd.TranslationStart
peux-tu baisser le volume,Cmd.VolumeDecrease
"s'il te plaît, baisse le volume",Cmd.VolumeDecrease
peux-tu baisser le volume,Cmd.VolumeDecrease
"s'il te plaît, rends mes aides auditives plus douces",Cmd.VolumeDecrease
peux-tu rendre mes aides auditives plus douces,Cmd.VolumeDecrease
s'il vous plaît baissez le volume de mes aides auditives,Cmd.VolumeDecrease
peux-tu diminuer le volume de mes aides auditives,Cmd.VolumeDecrease
peux-tu avoir un minimum de son,Cmd.VolumeDecrease
"s'il te plaît, baisse le volume de mon aide auditive",Cmd.VolumeDecrease
peux-tu baisser le volume de mon aide auditive,Cmd.VolumeDecrease
"s'il te plaît, diminue le volume de mes aides auditives",Cmd.VolumeDecrease
peux-tu diminuer le volume de mes aides auditives,Cmd.VolumeDecrease
veuillez baisser le volume de l'aide auditive,Cmd.VolumeDecrease
peux-tu baisser le volume de l'aide auditive,Cmd.VolumeDecrease
"s'il vous plaît, baissez le volume à gauche",Cmd.VolumeDecrease
peux-tu baisser le volume à gauche,Cmd.VolumeDecrease
"s'il te plaît, baisse le son",Cmd.VolumeDecrease
peux-tu baisser le son,Cmd.VolumeDecrease
veuillez baisser le volume de 50 %,Cmd.VolumeDecrease
peux-tu baisser le volume de 50 %,Cmd.VolumeDecrease
s'il vous plaît baissez le niveau de mes aides auditives,Cmd.VolumeDecrease
peux-tu baisser le niveau de mes aides auditives,Cmd.VolumeDecrease
"s'il te plaît, baisse mes aides auditives",Cmd.VolumeDecrease
peux-tu refuser mes aides auditives,Cmd.VolumeDecrease
peux-tu minimiser le volume,Cmd.VolumeDecrease
"s'il vous plaît, baissez le volume à droite, aide",Cmd.VolumeDecrease
peux-tu baisser le volume à droite,Cmd.VolumeDecrease
"s'il te plaît, refuse mon aide auditive droite",Cmd.VolumeDecrease
peux-tu refuser mon aide auditive droite,Cmd.VolumeDecrease
"s'il te plaît, réduis le volume",Cmd.VolumeDecrease
peux-tu réduire le volume,Cmd.VolumeDecrease
"s'il te plaît, baisse le volume de mes aides auditives",Cmd.VolumeDecrease
peux-tu baisser le volume de mes aides auditives,Cmd.VolumeDecrease
"s'il te plaît, rends le son plus silencieux",Cmd.VolumeDecrease
peux-tu rendre le son plus silencieux,Cmd.VolumeDecrease
peux-tu baisser le volume,Cmd.VolumeDecrease
"s'il vous plaît, diminuez le volume de mes aides auditives",Cmd.VolumeDecrease
pouvez-vous diminuer le volume de mes aides auditives,Cmd.VolumeDecrease
peux-tu diminuer le volume,Cmd.VolumeDecrease
peux-tu réduire le volume,Cmd.VolumeDecrease
peux-tu faire du son,Cmd.VolumeDecrease
peux-tu diminuer le volume,Cmd.VolumeDecrease
veuillez réduire le volume de l'aide auditive,Cmd.VolumeDecrease
pouvez-vous réduire le volume de l'aide auditive,Cmd.VolumeDecrease
peux-tu baisser le volume,Cmd.VolumeDecrease
"s'il te plaît, baisse le volume",Cmd.VolumeDecrease
peux-tu baisser le volume,Cmd.VolumeDecrease
"s'il te plaît, fais taire mes aides auditives",Cmd.VolumeDecrease
peux-tu faire taire mes aides auditives,Cmd.VolumeDecrease
pouvez-vous minimiser le volume sonore,Cmd.VolumeDecrease
veuillez diminuer l'aide auditive droite,Cmd.VolumeDecrease
pouvez-vous diminuer l'aide auditive droite,Cmd.VolumeDecrease
"s'il te plaît, baisse mon appareil auditif gauche",Cmd.VolumeDecrease
peux-tu baisser mon appareil auditif gauche,Cmd.VolumeDecrease
"s'il te plaît, baisse le volume de mon aide auditive droite",Cmd.VolumeDecrease
peux-tu baisser le volume de mon aide auditive droite,Cmd.VolumeDecrease
peux-tu baisser le volume,Cmd.VolumeDecrease
"s'il te plaît, baisse mes aides auditives",Cmd.VolumeDecrease
peux-tu baisser mes aides auditives,Cmd.VolumeDecrease
"s'il te plaît, baisse le volume",Cmd.VolumeDecrease
peux-tu baisser le volume,Cmd.VolumeDecrease
"s'il te plaît, baisse le volume",Cmd.VolumeDecrease
peux-tu baisser le volume,Cmd.VolumeDecrease
pouvez-vous volume minimum,Cmd.VolumeDecrease
"s'il vous plaît, baissez le volume de l'aide auditive",Cmd.VolumeDecrease
pouvez-vous baisser le volume de votre aide auditive,Cmd.VolumeDecrease
"s'il te plaît, baisse le volume de mes aides auditives",Cmd.VolumeDecrease
peux-tu baisser le volume de mes aides auditives,Cmd.VolumeDecrease
"s'il te plaît, baisse le volume",Cmd.VolumeDecrease
peux-tu baisser le volume,Cmd.VolumeDecrease
"s'il te plaît, baisse le ton",Cmd.VolumeDecrease
peux-tu le baisser,Cmd.VolumeDecrease
"s'il te plaît, baisse mon appareil auditif droit",Cmd.VolumeDecrease
peux-tu baisser mon appareil auditif droit,Cmd.VolumeDecrease
"s'il te plaît, baisse le volume",Cmd.VolumeDecrease
peux-tu baisser le volume,Cmd.VolumeDecrease
"s'il te plaît, pas si fort",Cmd.VolumeDecrease
ne peux-tu pas si fort,Cmd.VolumeDecrease
peux-tu diminuer l'audition,Cmd.VolumeDecrease
"s'il vous plaît, moins de volume s'il vous plaît",Cmd.VolumeDecrease
pouvez-vous réduire le volume s'il vous plaît,Cmd.VolumeDecrease
veuillez réduire le volume,Cmd.VolumeDecrease
peux-tu réduire le volume,Cmd.VolumeDecrease
"s'il te plaît, c'est trop fort, baisse le volume",Cmd.VolumeDecrease
"peux-tu, c'est trop fort, baisse le son",Cmd.VolumeDecrease
peux-tu baisser le volume,Cmd.VolumeDecrease
"s'il te plaît, laisse tomber le son dans mon aide auditive",Cmd.VolumeDecrease
peux-tu laisser tomber le son dans mon aide auditive,Cmd.VolumeDecrease
veuillez diminuer l'aide auditive gauche,Cmd.VolumeDecrease
peux-tu diminuer l'aide auditive gauche,Cmd.VolumeDecrease
"s'il te plaît, baisse le son",Cmd.VolumeDecrease
peux-tu baisser le son,Cmd.VolumeDecrease
veuillez baisser le volume,Cmd.VolumeDecrease
peux-tu diminuer le volume,Cmd.VolumeDecrease
veuillez rendre les aides auditives plus silencieuses,Cmd.VolumeDecrease
pouvez-vous rendre les aides auditives plus silencieuses,Cmd.VolumeDecrease
"s'il vous plaît, baissez votre audition",Cmd.VolumeDecrease
peux-tu baisser l'audition,Cmd.VolumeDecrease
s'il vous plaît guide d'utilisateur de récupération de fréquence cardiaque,Help_HeartRateRecovery
pouvez-vous guider l'utilisateur de la récupération de la fréquence cardiaque,Help_HeartRateRecovery
"s'il vous plaît, aidez-moi à récupérer votre fréquence cardiaque",Help_HeartRateRecovery
pouvez-vous aider à récupérer la fréquence cardiaque,Help_HeartRateRecovery
"s'il vous plaît, guide de récupération de la fréquence cardiaque",Help_HeartRateRecovery
pouvez-vous guider la récupération de la fréquence cardiaque,Help_HeartRateRecovery
"s'il vous plaît, guide de fréquence cardiaque",Help_HeartRate
peux-tu me guider sur la fréquence cardiaque,Help_HeartRate
"s'il vous plaît, aidez-moi en matière de fréquence cardiaque",Help_HeartRate
peux-tu m'aider en matière de fréquence cardiaque,Help_HeartRate
"s'il vous plaît, guide de l'utilisateur de la fréquence cardiaque",Help_HeartRate
pouvez-vous guider l'utilisateur de la fréquence cardiaque,Help_HeartRate
peux-tu rester la batterie,Cmd.BatteryLevel
"s'il vous plaît, il reste la durée de vie de la batterie",Cmd.BatteryLevel
peut-il rester la durée de vie de la batterie,Cmd.BatteryLevel
peux-tu quelle est la charge de ma batterie,Cmd.BatteryLevel
pouvez-vous batterie restante,Cmd.BatteryLevel
s'il vous plaît charge restante de la batterie,Cmd.BatteryLevel
pouvez-vous charger la batterie restante,Cmd.BatteryLevel
pouvez-vous niveau de batterie,Cmd.BatteryLevel
pouvez-vous m'aider à transcrire,Help_Transcribe
"s'il vous plaît, aidez-moi à transcrire",Help_Transcribe
peux-tu m'aider à transcrire,Help_Transcribe
Puis-je entendre ce qui est transcrit ?,Help_Transcribe
"s'il vous plaît, montrez-moi la transcription du guide d'utilisation",Help_Transcribe
pouvez-vous me montrer transcrire le guide de l'utilisateur,Help_Transcribe
"s'il vous plaît, aidez-moi à transcrire",Help_Transcribe
peux-tu m'aider à transcrire,Help_Transcribe
"s'il vous plaît, montrez-moi le guide d'utilisation de la transcription",Help_Transcribe
pouvez-vous me montrer le guide d'utilisation de la transcription,Help_Transcribe
"s'il vous plaît, aidez-moi pour la transcription",Help_Transcribe
pouvez-vous m'aider pour la transcription,Help_Transcribe
"s'il vous plaît, aidez-moi pour la synthèse vocale",Help_Transcribe
pouvez-vous m'aider pour la synthèse vocale,Help_Transcribe
"s'il vous plaît, montrez-moi le guide d'utilisation pour transcrire",Help_Transcribe
pouvez-vous me montrer le guide d'utilisation pour transcrire,Help_Transcribe
"s'il vous plaît, les aides auditives transcrivent l'aide",Help_Transcribe
pouvez-vous utiliser des aides auditives pour transcrire de l'aide,Help_Transcribe
peux-tu transcrire de l'aide,Help_Transcribe
"s'il vous plaît, aidez-moi par parole en texte",Help_Transcribe
peux-tu parler à l'aide par SMS,Help_Transcribe
"s'il te plaît, montre-moi de l'aide pour la transcription",Help_Transcribe
peux-tu me montrer de l'aide pour la transcription,Help_Transcribe
peux-tu non.,Cmd.SendMessage - no
"s'il vous plaît, ne vous arrêtez pas.",Cmd.SendMessage - no
tu ne peux pas t'arrêter.,Cmd.SendMessage - no
"s'il vous plaît non, ce n'est pas bien.",Cmd.SendMessage - no
"peux-tu non, ce n'est pas bien.",Cmd.SendMessage - no
peux-tu attendre non.,Cmd.SendMessage - no
"s'il vous plaît, pas de message d'annulation.",Cmd.SendMessage - no
ne pouvez-vous pas annuler le message.,Cmd.SendMessage - no
s'il vous plaît non merci.,Cmd.SendMessage - no
peux-tu non merci.,Cmd.SendMessage - no
pouvez-vous annuler l'enregistrement.,Cmd.SendMessage - no
pouvez-vous s'il vous plaît annuler.,Cmd.SendMessage - no
veuillez patienter pour annuler.,Cmd.SendMessage - no
pouvez-vous attendre pour annuler.,Cmd.SendMessage - no
"s'il te plaît, non, ne le fais pas.",Cmd.SendMessage - no
"peux-tu non, ne le fais pas.",Cmd.SendMessage - no
"s'il vous plaît, j'ai changé d'avis.",Cmd.SendMessage - no
"peux-tu, j'ai changé d'avis.",Cmd.SendMessage - no
"s'il vous plaît, je ne veux pas envoyer.",Cmd.SendMessage - no
"peux-tu, je ne veux pas envoyer.",Cmd.SendMessage - no
"s'il vous plaît non, s'il vous plaît, ne le faites pas.",Cmd.SendMessage - no
"peux-tu non, s'il te plaît, ne le fais pas.",Cmd.SendMessage - no
"s'il vous plaît, ne vous arrêtez pas maintenant.",Cmd.SendMessage - no
tu ne peux pas t'arrêter maintenant.,Cmd.SendMessage - no
"s'il vous plaît non, n'envoyez pas de message.",Cmd.SendMessage - no
"peux-tu non, ne pas envoyer de message.",Cmd.SendMessage - no
tu ne peux pas annuler.,Cmd.SendMessage - no
peux-tu ne pas envoyer.,Cmd.SendMessage - no
pouvez-vous arrêter d'envoyer.,Cmd.SendMessage - no
"s'il vous plaît non, non, envoyez.",Cmd.SendMessage - no
"pouvez-vous non, non, envoyer.",Cmd.SendMessage - no
"s'il te plaît, non, c'est faux.",Cmd.SendMessage - no
"peux-tu non, c'est faux.",Cmd.SendMessage - no
"s'il te plaît, non, ce n'est pas bien.",Cmd.SendMessage - no
"peux-tu non, ce n'est pas bien.",Cmd.SendMessage - no
peux-tu oublier d'envoyer.,Cmd.SendMessage - no
veuillez annuler l'envoi audio.,Cmd.SendMessage - no
pouvez-vous annuler l'envoi audio.,Cmd.SendMessage - no
"s'il te plaît, montre-moi comment mettre mon aide auditive",Help_InsertDevice
peux-tu me montrer comment mettre mon appareil auditif,Help_InsertDevice
"s'il te plait, je n'arrive pas à mettre mon appareil auditif",Help_InsertDevice
"peux-tu, je ne peux pas mettre mon appareil auditif",Help_InsertDevice
pouvez-vous que mon aide auditive ressemble à celle de la vidéo ?,Help_InsertDevice
"s'il te plait, je n'arrive pas à mettre mon appareil auditif",Help_InsertDevice
"peux-tu, je n'arrive pas à mettre mon appareil auditif",Help_InsertDevice
"s'il vous plaît, montrez-moi comment insérer des appareils auditifs dans mes oreilles.",Help_InsertDevice
pouvez-vous me montrer comment insérer des appareils auditifs dans mes oreilles.,Help_InsertDevice
"s'il vous plaît, aidez-moi avec cet assistant",Help_VoiceAssistant
peux-tu m'aider avec ton assistant,Help_VoiceAssistant
"s'il te plaît, montre-moi l'aide de l'assistant vocal",Help_VoiceAssistant
peux-tu me montrer l'aide de l'assistant vocal,Help_VoiceAssistant
s'il vous plaît assistant Thrive guide de l'utilisateur,Help_VoiceAssistant
pouvez-vous assistant Thrive guide de l'utilisateur,Help_VoiceAssistant
"s'il vous plaît, aidez-moi avec l'assistant vocal",Help_VoiceAssistant
peux-tu m'aider avec l'assistant vocal,Help_VoiceAssistant
"s'il vous plaît, montrez-moi l'aide de assistant Thrive",Help_VoiceAssistant
pouvez-vous me montrer l'aide de assistant Thrive,Help_VoiceAssistant
"s'il vous plaît, aidez assistant Thrive",Help_VoiceAssistant
pouvez-vous assistant Thrive aider,Help_VoiceAssistant
"s'il te plaît, coupe le volume de mon aide auditive droite",Cmd.VolumeMute
peux-tu couper le volume de mon aide auditive droite,Cmd.VolumeMute
"s'il te plaît, coupe le volume",Cmd.VolumeMute
peux-tu éteindre le volume,Cmd.VolumeMute
"s'il vous plaît, coupez le volume de l'aide droite",Cmd.VolumeMute
pouvez-vous réduire le volume de l'aide droite,Cmd.VolumeMute
"s'il vous plaît, coupez le volume de l'aide gauche",Cmd.VolumeMute
peux-tu baisser le volume de l'aide gauche,Cmd.VolumeMute
"s'il te plaît, coupe le volume",Cmd.VolumeMute
peux-tu éteindre le volume,Cmd.VolumeMute
"s'il vous plaît, coupez le son des aides auditives",Cmd.VolumeMute
peux-tu désactiver les aides auditives,Cmd.VolumeMute
peux-tu baisser le volume,Cmd.VolumeMute
"s'il te plaît, coupe les aides",Cmd.VolumeMute
peux-tu désactiver les aides,Cmd.VolumeMute
"s'il te plaît, baisse le volume",Cmd.VolumeMute
peux-tu baisser le volume,Cmd.VolumeMute
peux-tu faire taire,Cmd.VolumeMute
"s'il te plaît, coupe le son",Cmd.VolumeMute
peux-tu éteindre le son,Cmd.VolumeMute
"s'il te plaît, éteint mon aide auditive gauche",Cmd.VolumeMute
peux-tu éteindre mon aide auditive gauche,Cmd.VolumeMute
"s'il te plaît, rends mon aide auditive silencieuse",Cmd.VolumeMute
peux-tu rendre mon aide auditive silencieuse,Cmd.VolumeMute
"s'il te plaît, rends mes aides auditives silencieuses",Cmd.VolumeMute
peux-tu rendre mes aides auditives silencieuses,Cmd.VolumeMute
"s'il te plaît, coupe le volume de mon aide auditive",Cmd.VolumeMute
peux-tu couper le volume de mon aide auditive,Cmd.VolumeMute
veuillez couper le son des aides auditives,Cmd.VolumeMute
pouvez-vous couper le son sur les aides auditives,Cmd.VolumeMute
"s'il vous plaît, coupez le son des aides auditives",Cmd.VolumeMute
peux-tu désactiver les aides auditives,Cmd.VolumeMute
"s'il te plaît, éteins mon aide auditive gauche",Cmd.VolumeMute
peux-tu éteindre mon aide auditive gauche,Cmd.VolumeMute
"s'il te plaît, éteint mon aide auditive droite",Cmd.VolumeMute
peux-tu éteindre mon aide auditive droite,Cmd.VolumeMute
"s'il te plaît, coupe le volume de mon aide auditive gauche",Cmd.VolumeMute
peux-tu couper le volume de mon aide auditive gauche,Cmd.VolumeMute
peux-tu couper le son,Cmd.VolumeMute
peux-tu avoir le son,Cmd.VolumeMute
peux-tu baisser le volume,Cmd.VolumeMute
peux-tu couper le son,Cmd.VolumeMute
"s'il te plaît, désactive mes aides auditives",Cmd.VolumeMute
peux-tu désactiver mes aides auditives,Cmd.VolumeMute
"s'il te plaît, coupe mes aides auditives",Cmd.VolumeMute
peux-tu désactiver mes aides auditives,Cmd.VolumeMute
"s'il te plaît, coupe mes aides auditives",Cmd.VolumeMute
peux-tu couper mes aides auditives,Cmd.VolumeMute
"s'il te plaît, coupe le volume",Cmd.VolumeMute
peux-tu couper le volume,Cmd.VolumeMute
"s'il te plaît, coupe le son",Cmd.VolumeMute
peux-tu éteindre le son,Cmd.VolumeMute
"s'il te plaît, j'ai une accumulation de cire",Help_CleanCare
"peux-tu, j'ai une accumulation de cire",Help_CleanCare
"s'il vous plaît, la cire s'accumule",Help_CleanCare
peux-tu accumuler de la cire,Help_CleanCare
veuillez utiliser les outils spéciaux nécessaires pour nettoyer les aides auditives,Help_CleanCare
pouvez-vous utiliser les outils spéciaux nécessaires pour nettoyer les aides auditives,Help_CleanCare
veuillez compléter mon dernier rappel,reminders.complete
peux-tu compléter mon dernier rappel,reminders.complete
"s'il vous plaît, dernier rappel effectué.",reminders.complete
pouvez-vous faire le dernier rappel.,reminders.complete
peux-tu compléter le rappel,reminders.complete
veuillez terminer ce rappel.,reminders.complete
pouvez-vous terminer ce rappel.,reminders.complete
pouvez-vous rappeler terminé.,reminders.complete
veuillez marquer mon dernier rappel comme terminé,reminders.complete
peux-tu marquer mon dernier rappel comme terminé,reminders.complete
pouvez-vous terminer le rappel.,reminders.complete
s'il vous plaît dernier rappel complété.,reminders.complete
pouvez-vous avoir terminé le dernier rappel.,reminders.complete
"s'il vous plaît, terminez mon rappel.",reminders.complete
peux-tu terminer mon rappel.,reminders.complete
"s'il vous plaît, le dernier rappel est terminé.",reminders.complete
pouvez-vous terminer le dernier rappel.,reminders.complete
"s'il vous plait, ce rappel est complet",reminders.complete
"peux-tu, ce rappel est complet",reminders.complete
pouvez-vous compléter le rappel.,reminders.complete
pouvez-vous faire un rappel.,reminders.complete
veuillez compléter mon rappel.,reminders.complete
pouvez-vous compléter mon rappel.,reminders.complete
veuillez marquer le dernier rappel comme terminé,reminders.complete
pouvez-vous marquer le dernier rappel comme terminé,reminders.complete
pouvez-vous rappeler terminé.,reminders.complete
veuillez compléter ce rappel.,reminders.complete
pouvez-vous compléter ce rappel.,reminders.complete
s'il te plaît commence à écrire ça pour moi,Cmd.TranscribeStart
peux-tu commencer à écrire ça pour moi,Cmd.TranscribeStart
peux-tu commencer à transcrire,Cmd.TranscribeStart
peux-tu commencer à enregistrer,Cmd.TranscribeStart
peux-tu commencer la transcription,Cmd.TranscribeStart
veuillez enregistrer cette réunion,Cmd.TranscribeStart
peux-tu enregistrer cette réunion,Cmd.TranscribeStart
"s'il te plaît, enregistre cette conversation",Cmd.TranscribeStart
peux-tu enregistrer cette conversation,Cmd.TranscribeStart
peux-tu commencer à transcrire,Cmd.TranscribeStart
peux-tu commencer à enregistrer,Cmd.TranscribeStart
merci de transcrire cette conversation,Cmd.TranscribeStart
peux-tu transcrire cette conversation,Cmd.TranscribeStart
peux-tu ouvrir la transcription,Cmd.TranscribeStart
peux-tu arrêter l'enregistrement,Cmd.TranscribeStart
peux-tu ouvrir la transcription,Cmd.TranscribeStart
"s'il te plaît, commence à enregistrer pour moi",Cmd.TranscribeStart
peux-tu commencer à enregistrer pour moi,Cmd.TranscribeStart
peux-tu courir des calories,Cmd.ActivityRun
peux-tu calories faire du jogging,Cmd.ActivityRun
peux-tu courir des calories,Cmd.ActivityRun
"s'il te plaît, montre-moi mon objectif de jogging",Cmd.ActivityRun
peux-tu me montrer mon objectif de jogging,Cmd.ActivityRun
"s'il vous plaît, ai-je atteint mon objectif de course à pied ?",Cmd.ActivityRun
peux-tu avoir atteint mon objectif de course à pied ?,Cmd.ActivityRun
"s'il te plaît, est-ce que je fais du jogging depuis longtemps ?",Cmd.ActivityRun
est-ce que tu peux faire du jogging depuis longtemps ?,Cmd.ActivityRun
"s'il vous plaît, ai-je atteint mon objectif de jogging ?",Cmd.ActivityRun
peux-tu avoir atteint mon objectif de jogging ?,Cmd.ActivityRun
"s'il te plaît, est-ce que je cours pendant une heure ?",Cmd.ActivityRun
peux-tu me faire courir pendant une heure ?,Cmd.ActivityRun
"s'il vous plaît, suis-je proche de mon objectif de course à pied ?",Cmd.ActivityRun
est-ce que je peux être proche de mon objectif de course à pied ?,Cmd.ActivityRun
"s'il te plaît, montre-moi mon objectif de course",Cmd.ActivityRun
peux-tu me montrer mon objectif de course,Cmd.ActivityRun
peux-tu m'aider en mode masque,Help_MaskMode
veuillez résoudre les problèmes de masque facial,Help_MaskMode
pouvez-vous résoudre les problèmes de masques faciaux,Help_MaskMode
"s'il vous plaît, aidez-moi pour les problèmes de masque facial",Help_MaskMode
pouvez-vous aider à résoudre les problèmes de masques,Help_MaskMode
"s'il vous plaît, aidez-moi avec les changements de volume dans mes aides auditives",Help_Volume
pouvez-vous m'aider avec les changements de volume dans mes aides auditives,Help_Volume
"s'il vous plaît, aidez-moi avec les changements de volume dans mes aides auditives",Help_Volume
pouvez-vous m'aider avec les changements de volume dans mes aides auditives,Help_Volume
"s'il vous plaît, aidez-moi avec les changements de volume sur mes aides auditives",Help_Volume
pouvez-vous m'aider avec les changements de volume sur mes aides auditives,Help_Volume
"s'il vous plaît, aidez-moi avec les réglages du volume de mes aides auditives",Help_Volume
pouvez-vous m'aider avec les réglages du volume de mes aides auditives,Help_Volume
"s'il vous plaît, aidez-moi avec les changements de volume sur mon aide auditive",Help_Volume
pouvez-vous m'aider avec les changements de volume sur mon aide auditive,Help_Volume
"s'il vous plaît, aidez-moi avec le réglage du volume de mon aide auditive",Help_Volume
pouvez-vous m'aider avec le réglage du volume de mon aide auditive,Help_Volume
s'il vous plaît écoutez mon message vocal.,Cmd.ListenMessage
peux-tu écouter mon message vocal.,Cmd.ListenMessage
"s'il vous plaît, écoutez le message que j'ai reçu.",Cmd.ListenMessage
peux-tu écouter le message que j'ai reçu.,Cmd.ListenMessage
s'il vous plaît laissez-moi l'entendre.,Cmd.ListenMessage
peux-tu me laisser l'entendre.,Cmd.ListenMessage
s'il vous plaît laissez-moi écouter mon message.,Cmd.ListenMessage
peux-tu me laisser écouter mon message.,Cmd.ListenMessage
"s'il vous plaît, jouez le dernier.",Cmd.ListenMessage
peux-tu jouer le dernier.,Cmd.ListenMessage
"s'il vous plaît, écoutez mon message.",Cmd.ListenMessage
pouvez-vous s'il vous plaît écouter mon message.,Cmd.ListenMessage
veuillez écouter le dernier message vocal.,Cmd.ListenMessage
pouvez-vous écouter le dernier message vocal.,Cmd.ListenMessage
veuillez écouter le dernier message.,Cmd.ListenMessage
pouvez-vous entendre le dernier message.,Cmd.ListenMessage
"s'il vous plaît, je veux entendre mon message.",Cmd.ListenMessage
"peux-tu, je veux entendre mon message.",Cmd.ListenMessage
"s'il vous plaît, écoutez mon dernier enregistrement.",Cmd.ListenMessage
peux-tu écouter mon dernier enregistrement.,Cmd.ListenMessage
"s'il vous plaît, écoutez-le à nouveau.",Cmd.ListenMessage
pouvez-vous l'entendre à nouveau.,Cmd.ListenMessage
peux-tu réécouter.,Cmd.ListenMessage
"s'il vous plaît, écoutez-le.",Cmd.ListenMessage
peux-tu l'écouter.,Cmd.ListenMessage
"s'il vous plaît, rejouez-le.",Cmd.ListenMessage
peux-tu y rejouer.,Cmd.ListenMessage
veuillez écouter le dernier message audio.,Cmd.ListenMessage
pouvez-vous écouter le dernier message audio.,Cmd.ListenMessage
veuillez jouer le dernier push-to-talk.,Cmd.ListenMessage
pouvez-vous jouer le dernier push-to-talk.,Cmd.ListenMessage
"s'il vous plaît, écoutez mon message audio.",Cmd.ListenMessage
peux-tu écouter mon message audio.,Cmd.ListenMessage
s'il vous plaît rejouez mon message.,Cmd.ListenMessage
peux-tu rejouer mon message.,Cmd.ListenMessage
"s'il te plaît, écoute le dernier message",Cmd.ListenMessage
peux-tu écouter le dernier message,Cmd.ListenMessage
"s'il te plaît, écoute mon dernier message",Cmd.ListenMessage
peux-tu écouter mon dernier message,Cmd.ListenMessage
peux-tu écouter le message,Cmd.ListenMessage
s'il te plaît écoute mon message,Cmd.ListenMessage
peux-tu écouter mon message,Cmd.ListenMessage
"s'il vous plaît, aidez-moi avec le flux",Help_Accessories
pouvez-vous m'aider avec le flux,Help_Accessories
veuillez me montrer un guide d'aide pour mes accessoires,Help_Accessories
peux-tu me montrer un guide d'aide pour mes accessoires,Help_Accessories
veuillez me montrer le manuel d'utilisation de mon accessoire,Help_Accessories
peux-tu me montrer le manuel d'utilisation de mon accessoire,Help_Accessories
"s'il vous plaît, aidez-moi avec le streamer TV",Help_Accessories
pouvez-vous m'aider avec le streamer TV,Help_Accessories
pouvez-vous aider à diffuser,Help_Accessories
s'il vous plaît montrez-moi de l'aide pour mes accessoires,Help_Accessories
peux-tu me montrer de l'aide pour mes accessoires,Help_Accessories
"s'il vous plaît, aidez-moi avec le micro à distance",Help_Accessories
pouvez-vous m'aider avec le micro à distance,Help_Accessories
"s'il vous plaît, aidez-moi avec les accessoires",Help_Accessories
pouvez-vous m'aider avec les accessoires,Help_Accessories
"s'il te plaît, Syracuse est une mauvaise maison",Default Fallback Intent
peux-tu syracuse une mauvaise maison,Default Fallback Intent
"s'il te plaît, je dois recevoir un message texte à Boston",Default Fallback Intent
peux-tu recevoir un SMS à Boston,Default Fallback Intent
"s'il te plaît, les cendres tombent toutes en cendres",Default Fallback Intent
peux-tu tomber en cendres en cendres,Default Fallback Intent
s'il vous plaît batterie de voiture électrique,Default Fallback Intent
pouvez-vous batterie de voiture électrique,Default Fallback Intent
peux-tu batterie de voiture,Default Fallback Intent
"s'il vous plaît, j'aimerais connaître la vitesse moyenne d'une hirondelle sans charge",Default Fallback Intent
"peux-tu, j'aimerais connaître la vitesse moyenne d'une hirondelle sans charge",Default Fallback Intent
peux-tu New Delhi,Default Fallback Intent
"s'il te plaît, je suis à Butterbrodt New Delhi",Default Fallback Intent
"peux-tu, je suis à Butterbrodt New Delhi",Default Fallback Intent
"s'il vous plaît les filles, faites ça, je veux aller en Italie",Default Fallback Intent
"pouvez-vous faire ça les filles, je veux aller en Italie",Default Fallback Intent
"s'il te plaît, c'est vrai, c'est la meilleure façon de commencer",Default Fallback Intent
"peux-tu, c'est vrai, c'est la meilleure façon de commencer",Default Fallback Intent
peux-tu générer une IA,Default Fallback Intent
s'il vous plaît et comment pensez-vous que nous pouvons résoudre ce problème,Default Fallback Intent
pouvez-vous et comment pensez-vous que nous pouvons résoudre ce problème,Default Fallback Intent
"s'il te plaît, chaque jour est excitant",Default Fallback Intent
"peux-tu, tous les jours, c'est excitant",Default Fallback Intent
"s'il te plaît, je ne peux rien partager publiquement",Default Fallback Intent
peux-tu rien que je puisse partager publiquement,Default Fallback Intent
"s'il te plaît, j'aimerais savoir à quelle distance se trouve la lune",Default Fallback Intent
"peux-tu, j'aimerais savoir jusqu'où se trouve la lune",Default Fallback Intent
"s'il te plaît, raconte-moi une blague, j'ai besoin d'être réconforté",Default Fallback Intent
"peux-tu me raconter une blague, j'ai besoin d'être réconforté",Default Fallback Intent
peux-tu devrais-je lui dire ce que je ressens,Default Fallback Intent
veuillez créer une démo avec vos capacités,Default Fallback Intent
pouvez-vous créer une démo avec vos capacités,Default Fallback Intent
"s'il te plaît, écris-moi un exemple",Default Fallback Intent
peux-tu m'écrire un exemple,Default Fallback Intent
s'il te plaît écris-moi un exemple de carte de sympathie,Default Fallback Intent
peux-tu m'écrire un exemple de carte de sympathie,Default Fallback Intent
peux-tu tourner ton,Default Fallback Intent
"s'il te plaît, je me souviens de tout ce qu'il a fallu",Default Fallback Intent
"peux-tu, je me souviens de tout ce qui a pris",Default Fallback Intent
"s'il te plaît, joue à Hank Williams Junior",Default Fallback Intent
peux-tu jouer à Hank Williams Junior,Default Fallback Intent
"s'il te plaît, c'est différent, ils sont tous les deux différents",Default Fallback Intent
"peux-tu, c'est différent, ils sont tous les deux différents",Default Fallback Intent
"s'il vous plaît, l'équipe de réadaptation en cas de commotion cérébrale travaille en collaboration à la conception et à la mise en œuvre d'un programme de traitement.",Default Fallback Intent
L'équipe de réadaptation après une commotion cérébrale travaille en collaboration à la conception et à la mise en œuvre d'un programme de traitement.,Default Fallback Intent
"s'il te plaît, suis-je assez près de la voiture",Default Fallback Intent
"peux-tu, suis-je assez près de la voiture",Default Fallback Intent
"s'il te plaît, vérifie que tu es connecté",Default Fallback Intent
peux-tu vérifier que tu es connecté,Default Fallback Intent
"s'il te plaît, salut Jeannie TV Sanders. c'est l'iris. c'est tout.",Default Fallback Intent
peux-tu salut Jeannie TV Sanders. c'est l'iris. c'est tout.,Default Fallback Intent
"s'il te plaît, demande à ma maison",Default Fallback Intent
peux-tu demander à ma maison,Default Fallback Intent
"s'il vous plaît bonjour, juste une aide auditive, le volume de mes aides auditives. au revoir. au revoir.",Default Fallback Intent
"pouvez-vous bonjour, juste une aide auditive, le volume de mes aides auditives. au revoir. au revoir.",Default Fallback Intent
"s'il vous plaît, 148 $ ajoutés à votre chèque de sécurité sociale chaque mois",Default Fallback Intent
pouvez-vous ajouter 148 $ à votre chèque de sécurité sociale chaque mois,Default Fallback Intent
"s'il te plaît, regarde à distance",Default Fallback Intent
peux-tu jeter un oeil à distance,Default Fallback Intent
"s'il vous plaît, emplois de professeur assistant",Default Fallback Intent
pouvez-vous des emplois de professeur adjoint,Default Fallback Intent
"s'il te plaît, cette Jena est plus complète. peux-tu essayer de remplir le formulaire aussi ?",Default Fallback Intent
peux-tu cette Jena plus complète. peux-tu essayer de remplir le formulaire aussi ?,Default Fallback Intent
veuillez lire le dernier message texte,Default Fallback Intent
peux-tu lire le dernier message texte,Default Fallback Intent
"s'il vous plaît, recherchez le fil sud, ce fil ici, allez n'importe où avec cette façon pour le moment",Default Fallback Intent
"pouvez-vous rechercher le fil sud, ce fil ici, aller n'importe où avec cette façon pour le moment",Default Fallback Intent
"s'il vous plaît, ils essaient de réduire la température en ce moment",Default Fallback Intent
"peux-tu, ils essaient de réduire la température en ce moment",Default Fallback Intent
"s'il te plaît, David, alerte l'âme",Default Fallback Intent
peux-tu David Soul Alert,Default Fallback Intent
"s'il te plaît, salut Maggie, prête à téléphoner.",Default Fallback Intent
"peux-tu hé Maggie, prête à téléphoner.",Default Fallback Intent
peux-tu réinitialiser,Default Fallback Intent
peux-tu mettre un microphone,Default Fallback Intent
"s'il vous plaît, fleuriste hors écran",Default Fallback Intent
peux-tu fleurir hors écran,Default Fallback Intent
"s'il vous plaît, l'écran d'Amazon est sombre",Default Fallback Intent
pouvez-vous que l'écran d'Amazon soit sombre,Default Fallback Intent
"s'il te plaît, nous avons cherché du soulagement, tu peux y aller",Default Fallback Intent
"peux-tu, nous avons cherché du soulagement, tu peux y aller",Default Fallback Intent
s'il te plaît téléphone téléphone téléphone téléphone téléphone,Default Fallback Intent
peux-tu téléphoner téléphone téléphone téléphone téléphone,Default Fallback Intent
"s'il vous plaît, aide auditive animée",Default Fallback Intent
peux-tu utiliser une aide auditive animée,Default Fallback Intent
"s'il vous plaît, le temps qu'il fait dehors aujourd'hui",Default Fallback Intent
peux-tu connaître la météo dehors aujourd'hui,Default Fallback Intent
"s'il te plaît, ne fais pas de bruit pendant une minute",Default Fallback Intent
peux-tu ne pas faire de bruit pendant une minute,Default Fallback Intent
"s'il vous plaît, obtenez des clients exactement avec un réseau sans fil gratuit.",Default Fallback Intent
pouvez-vous obtenir des clients exactement avec une connexion sans fil gratuite.,Default Fallback Intent
"s'il te plaît, Mavis avec des appareils auditifs stupides",Default Fallback Intent
peux-tu mavis avec des appareils auditifs stupides,Default Fallback Intent
s'il te plaît puisque tu reviens très bientôt,Default Fallback Intent
peux-tu puisque tu arriveras très bientôt,Default Fallback Intent
peux-tu samedi,Default Fallback Intent
"s'il vous plaît, alphabazez, encore une fois. gonfler à Rio.",Default Fallback Intent
peux-tu encore une fois alpha-liberté. gonfler à Rio.,Default Fallback Intent
"s'il te plaît, éteint Toshiba",Default Fallback Intent
peux-tu éteindre Toshiba,Default Fallback Intent
"s'il te plaît, rien de mal avec moi",Default Fallback Intent
peux-tu rien de mal avec moi,Default Fallback Intent
peux-tu vendredi,Default Fallback Intent
"s'il te plaît, je ne me souviens pas, je ne me souviens pas que c'était un si gros poisson",Default Fallback Intent
"peux-tu, je ne me souviens pas, je ne me souviens pas que c'était un si gros poisson",Default Fallback Intent
"s'il vous plaît, faites-nous les hits numéro un",Default Fallback Intent
peux-tu nous donner les hits numéro un,Default Fallback Intent
"s'il te plaît, éteint la lumière de la cuisine",Default Fallback Intent
peux-tu éteindre la lumière de la cuisine,Default Fallback Intent
"s'il te plaît, alors ça remonte, ça retourne à la mémoire ou dans",Default Fallback Intent
"peux-tu faire en sorte qu'il revienne en arrière, il revienne à la mémoire ou dans",Default Fallback Intent
peux-tu chaque matin,Default Fallback Intent
"s'il te plaît, j'ai besoin de",Default Fallback Intent
"peux-tu, j'ai besoin de",Default Fallback Intent
"s'il te plaît, désolé, je ne t'ai pas embrassé",Default Fallback Intent
peux-tu être désolé de ne pas t'avoir embrassé,Default Fallback Intent
veuillez éteindre le câble,Default Fallback Intent
peux-tu éteindre le câble,Default Fallback Intent
pouvez-vous magasiner emblématique,Default Fallback Intent
peux-tu en gros,Default Fallback Intent
"s'il te plaît, Saab voulait le contrôle",Default Fallback Intent
peux-tu Saab voulait contrôler,Default Fallback Intent
"s'il te plaît, trouve-moi un moyen d'aller au centre commercial White Oaks",Default Fallback Intent
peux-tu me trouver un moyen d'aller au centre commercial White Oaks,Default Fallback Intent
"s'il te plaît, coche-les comme une dame rose",Default Fallback Intent
peux-tu les cocher comme une dame rose,Default Fallback Intent
s'il vous plaît ajusté avec mon téléphone,Default Fallback Intent
peux-tu régler avec mon téléphone,Default Fallback Intent
"s'il te plaît, je les lave de temps en temps",Default Fallback Intent
"peux-tu, je les lave de temps en temps",Default Fallback Intent
"s'il te plaît, j'entends la voix",Default Fallback Intent
"peux-tu, j'entends la voix",Default Fallback Intent
"s'il te plaît, alors où est Brewster",Default Fallback Intent
peux-tu alors où est Brewster,Default Fallback Intent
veuillez allumer la première prise,Default Fallback Intent
peux-tu allumer la première prise,Default Fallback Intent
"s'il vous plaît, assemblage Lexus à neuf",Default Fallback Intent
pouvez-vous assembler une Lexus à une nouvelle,Default Fallback Intent
"s'il te plaît, Alexa apprend ma voix",Default Fallback Intent
peux-tu Alexa apprendre ma voix,Default Fallback Intent
peux-tu hé google,Default Fallback Intent
peux-tu rechercher des citoyens,Default Fallback Intent
"s'il vous plaît, aidez-vous",Default Fallback Intent
pouvez-vous vous aider,Default Fallback Intent
"s'il te plaît, regarde ton nez très vite pour",Default Fallback Intent
peux-tu lever le nez très vite pour,Default Fallback Intent
"s'il te plaît, Fisher se branle dans la voiture donc il est dans le placard",Default Fallback Intent
peux-tu que Fisher se branle dans la voiture donc il est dans le placard,Default Fallback Intent
"s'il te plaît, je te verrai, alors aide-moi",Default Fallback Intent
"peux-tu, je te verrai, alors tu m'aideras",Default Fallback Intent
pouvez-vous rechercher des moteurs,Default Fallback Intent
"s'il vous plaît, je veux m'assurer que j'ai également nettoyé les filtres Nuflex dedans",Default Fallback Intent
"peux-tu, je veux m'assurer que j'ai également nettoyé mais qu'il y a des filtres Nuflex dedans",Default Fallback Intent
peux-tu peu importe,Default Fallback Intent
"s'il te plaît, rends-le extensible comme ça",Default Fallback Intent
peux-tu le rendre extensible comme ça,Default Fallback Intent
"s'il te plaît, éteint les lumières",Default Fallback Intent
peux-tu éteindre les lumières,Default Fallback Intent
s'il vous plaît téléphone Android pour écouter Spotify,Default Fallback Intent
peux-tu utiliser un téléphone Android pour écouter Spotify,Default Fallback Intent
"peux-tu, je suis debout",Default Fallback Intent
"s'il te plaît, allume-toi, c'est ma vie",Default Fallback Intent
"peux-tu allumer, c'est ma vie",Default Fallback Intent
"peux-tu, elle s'en va",Default Fallback Intent
peux-tu mercredi,Default Fallback Intent
peux-tu Siri,Default Fallback Intent
veuillez activer la réponse en appuyant deux fois sur j'ai dormi ici.,Default Fallback Intent
pouvez-vous activer la réponse en appuyant deux fois sur dormir ici.,Default Fallback Intent
"s'il te plaît, fais demi-tour",Default Fallback Intent
peux-tu faire demi-tour,Default Fallback Intent
"s'il te plaît, allume les lumières",Default Fallback Intent
peux-tu allumer les lumières,Default Fallback Intent
peux-tu téléphoner,Default Fallback Intent
"s'il vous plaît, les ajustements ne l'ont pas entendu au bureau mais je suis là-bas",Default Fallback Intent
"pouvez-vous faire des ajustements, je ne l'ai pas entendu au bureau, mais je suis là-bas",Default Fallback Intent
"s'il te plaît, ne me dis pas que c'est le problème",Default Fallback Intent
peux-tu ne pas me dire que c'est le problème,Default Fallback Intent
"s'il te plaît, souviens-toi que je suis venu ici et",Default Fallback Intent
peux-tu te rappeler que je suis venu ici et,Default Fallback Intent
"s'il vous plaît, j'ai vu certains modèles et ils ont perdu",Default Fallback Intent
"peux-tu, j'ai vu certains des modèles et ils perdent",Default Fallback Intent
"s'il vous plaît, ce programme massif visant à influencer politiquement les États-Unis",Default Fallback Intent
pouvez-vous ce programme massif pour influencer politiquement les États-Unis,Default Fallback Intent
"s'il vous plaît, en ce qui concerne le nettoyage là-bas, je suis allé plutôt bien",Default Fallback Intent
"peux-tu faire le ménage là-bas, je suis allé assez bien",Default Fallback Intent
"s'il te plaît, je suis là. c'est dans 7 jours. ils vont être jumelés à nouveau. au revoir.",Default Fallback Intent
"peux-tu, je suis là. c'est dans 7 jours. ils vont être jumelés à nouveau. au revoir.",Default Fallback Intent
s'il vous plaît en seulement 3 minutes pour fournir,Default Fallback Intent
pouvez-vous en seulement 3 minutes fournir,Default Fallback Intent
"s'il te plaît, l'ordinateur éteint la lampe de Dylan",Default Fallback Intent
est-ce que ton ordinateur peut éteindre la lampe de Dylan,Default Fallback Intent
"s'il te plaît, montre-moi des bols de nourriture pour toi",Default Fallback Intent
peux-tu me montrer des bols de nourriture pour toi,Default Fallback Intent
peux-tu quotidiennement,Default Fallback Intent
"s'il vous plaît, appelez le programme de karaté",Default Fallback Intent
peux-tu s'il te plaît appeler le programme de karaté,Default Fallback Intent
veuillez allumer la lumière.,Default Fallback Intent
peux-tu allumer la lumière.,Default Fallback Intent
"s'il te plaît, pour qu'elle s'en occupe quand je rentre à la maison",Default Fallback Intent
peux-tu qu'elle s'en occupe quand je rentre à la maison,Default Fallback Intent
"s'il vous plaît, travaillez à côté de S&S",Default Fallback Intent
peux-tu travailler côté s&s,Default Fallback Intent
s'il vous plaît numéro bancaire à la voiture,Default Fallback Intent
peux-tu mettre le numéro en banque sur la voiture,Default Fallback Intent
s'il vous plait mais leurs homologues des morceaux de tissus blancs,Default Fallback Intent
peux-tu mais leurs homologues des morceaux de tissu blanc,Default Fallback Intent
"s'il vous plaît, c'était un contact spécialisé au 800-3334.",Default Fallback Intent
pouvez-vous que c'était un contact spécialisé au 800-3334.,Default Fallback Intent
"s'il vous plaît, je pourrais partir ou quelque chose à propos de partir.",Default Fallback Intent
"peux-tu, je pourrais partir ou quelque chose à propos de partir.",Default Fallback Intent
"s'il vous plaît, salat, quelqu'un est un aspect",Default Fallback Intent
peux-tu saluer quelqu'un est un aspect,Default Fallback Intent
"veuillez appuyer sur, puis vous voyez comme un restaurant où vous, en tant que question, êtes sûr que vous pouvez le régler sur un mode différent afin que vous puissiez mieux entendre",Default Fallback Intent
pouvez-vous appuyer sur et ensuite vous voyez comme un restaurant où vous êtes sûr que vous pouvez le régler sur un mode différent pour que vous puissiez mieux entendre,Default Fallback Intent
"s'il vous plaît, le score du jeu des jumeaux du Minnesota",Default Fallback Intent
peux-tu connaître le score du jeu des jumeaux du Minnesota,Default Fallback Intent
"s'il vous plaît, suicidez-vous à propos d'un autre substitut",Default Fallback Intent
peux-tu te suicider à propos d'un autre substitut,Default Fallback Intent
"s'il te plaît, Shelley, mon téléphone",Default Fallback Intent
peux-tu shelley mon téléphone,Default Fallback Intent
veuillez allumer la PS4,Default Fallback Intent
peux-tu allumer la PS4,Default Fallback Intent
"s'il te plaît, aime Siri",Default Fallback Intent
peux-tu juste aimer Siri,Default Fallback Intent
"s'il te plaît, lapide le pin de Jésus ou",Default Fallback Intent
peux-tu lapider Jesus Pine ou,Default Fallback Intent
"s'il vous plaît, je parie que vous êtes ceux qui parlent de 7h à 11h",Default Fallback Intent
"peux-tu, je parie que c'est toi qui parles de 7h à 11h",Default Fallback Intent
"s'il vous plaît, Riley est un manager connecté à Scott.",Default Fallback Intent
pouvez-vous Riley est un manager connecté à Scott.,Default Fallback Intent
"s'il te plaît, mon enfant, appuie très vite sur le bouton du haut et laisse tomber, le volume augmente",Default Fallback Intent
"peux-tu, mon enfant, appuyer très rapidement sur le bouton du haut et le laisser aller, le volume augmente",Default Fallback Intent
"s'il te plaît, Elsa Texas s'en va, hein",Default Fallback Intent
peux-tu Elsa Texas hors hein,Default Fallback Intent
"s'il te plaît, fais-moi savoir que tu es debout",Default Fallback Intent
peux-tu me faire savoir que tu es debout,Default Fallback Intent
"s'il te plaît, où est le bus rapide",Default Fallback Intent
"s'il vous plaît, des phrases avec plus",Default Fallback Intent
peux-tu faire des phrases avec plus,Default Fallback Intent
"s'il te plaît, je suis presque sûr que c'est le mien mais je ne peux pas le mettre maintenant",Default Fallback Intent
peux-tu être sûr que c'est le mien mais je ne peux pas le mettre maintenant,Default Fallback Intent
"s'il te plaît, jette-le par terre",Default Fallback Intent
peux-tu le jeter par terre,Default Fallback Intent
pouvez-vous agence de mannequins,Default Fallback Intent
"s'il te plaît, trouve juste celui de Duncan",Default Fallback Intent
peux-tu juste trouver celui de Duncan,Default Fallback Intent
"s'il te plaît, allonge-toi ici",Default Fallback Intent
peux-tu t'allonger ici,Default Fallback Intent
"s'il te plaît, tu as besoin d'aide",Default Fallback Intent
peux-tu as-tu besoin d'aide,Default Fallback Intent
"s'il te plaît, Chelsea Down, au moins tu essaies",Default Fallback Intent
"peux-tu Chelsea Down, au moins tu essaies",Default Fallback Intent
"s'il vous plaît et j'ai vraiment hâte de ne plus avoir à porter le masque, c'est sûr",Default Fallback Intent
"peux-tu et j'ai vraiment hâte de ne plus avoir à porter le masque, c'est sûr",Default Fallback Intent
"s'il vous plaît, j'ai eu ces gars gratuits qui balancent le trac, l'un d'entre eux",Default Fallback Intent
"peux-tu, j'ai ces gars gratuits qui balancent le trac, l'un d'entre eux",Default Fallback Intent
peux-tu découvrir la révélation,Default Fallback Intent
"s'il te plaît, j'aimerais pouvoir me réveiller",Default Fallback Intent
"peux-tu, j'aimerais pouvoir me réveiller",Default Fallback Intent
"s'il te plaît, c'est celui qui a des problèmes avec",Default Fallback Intent
"peux-tu, c'est celui qui a des problèmes avec",Default Fallback Intent
"s'il te plait, ils continuent à faire ça",Default Fallback Intent
peux-tu continuer à faire ça,Default Fallback Intent
"s'il vous plaît, quelqu'un du motel à Boise",Default Fallback Intent
pouvez-vous quelqu'un du motel à Boise,Default Fallback Intent
"s'il te plaît, d'une certaine manière, parce que j'enlève juste le",Default Fallback Intent
"peux-tu, d'une certaine manière, parce que j'enlève juste le",Default Fallback Intent
"s'il vous plaît, c'était décourageant et puis j'ai trouvé l'équilibre de la nature, c'est juste une évidence depuis que je me sens bien",Default Fallback Intent
"peux-tu, c'était décourageant et ensuite j'ai trouvé l'équilibre de la nature, c'est juste une évidence depuis que je me sens bien",Default Fallback Intent
peux-tu pandora,Default Fallback Intent
"s'il te plaît, il vient de le changer",Default Fallback Intent
"peux-tu, il vient de le changer",Default Fallback Intent
"s'il te plaît, c'est occupé de naître",Default Fallback Intent
"peux-tu, c'est occupé à naître",Default Fallback Intent
s'il te plaît mais je veux voir,Default Fallback Intent
peux-tu mais je veux voir,Default Fallback Intent
"s'il vous plaît, votre permis sur mon téléphone portable",Default Fallback Intent
pouvez-vous votre permis sur mon téléphone portable,Default Fallback Intent
"s'il vous plaît, j'ai dit un autre programme",Default Fallback Intent
"peux-tu, j'ai dit un autre programme",Default Fallback Intent
"s'il te plaît, rappelle-toi comment faire",Default Fallback Intent
peux-tu te rappeler comment faire,Default Fallback Intent
"s'il te plaît, Alexa éteint la lumière du porche",Default Fallback Intent
peux-tu Alexa éteindre la lumière du porche,Default Fallback Intent
"s'il vous plaît, bonjour, reçu avec votre nouveau solde en bas et c'est tout.",Default Fallback Intent
pouvez-vous saluer le reçu avec votre nouveau solde en bas et c'est tout.,Default Fallback Intent
"s'il te plaît, secoue-le",Default Fallback Intent
peux-tu t'en débarrasser,Default Fallback Intent
veuillez revenir aux paramètres initiaux,Default Fallback Intent
peux-tu revenir aux paramètres initiaux,Default Fallback Intent
"s'il vous plaît, pas de télécommande TV dans l'application Fry",Default Fallback Intent
peux-tu pas de télécommande TV dans l'application Fry,Default Fallback Intent
"s'il te plaît, souris, alors nous allons y aller",Default Fallback Intent
peux-tu sourire alors nous allons y aller,Default Fallback Intent
"s'il te plaît, épelle le mot machine",Default Fallback Intent
peux-tu épeler le mot machine,Default Fallback Intent
"s'il te plaît, savoure quelqu'un pour des raisons de succion",Default Fallback Intent
peux-tu savourer quelqu'un pour de mauvaises raisons,Default Fallback Intent
"s'il te plaît, le panneau de scène",Default Fallback Intent
peux-tu le signe de la scène,Default Fallback Intent
peux-tu lundi,Default Fallback Intent
peux-tu chaque année,Default Fallback Intent
"s'il vous plaît, portez des appareils auditifs à chaque fois que ce stupide téléphone sonne",Default Fallback Intent
peux-tu utiliser des appareils auditifs à chaque fois que ce stupide téléphone sonne,Default Fallback Intent
"s'il te plaît, maintenant, il fait du bruit",Default Fallback Intent
"peux-tu maintenant, il fait du bruit",Default Fallback Intent
"s'il te plaît, fais une pause et reviens",Default Fallback Intent
peux-tu faire une pause et revenir,Default Fallback Intent
"s'il vous plaît, des saucisses après avoir utilisé ma position",Default Fallback Intent
pouvez-vous des saucisses après avoir utilisé ma position,Default Fallback Intent
"s'il vous plaît, faites cuire des côtes de porc sur le barbecue",Default Fallback Intent
peux-tu cuisiner des côtes de porc sur le barbecue,Default Fallback Intent
s'il vous plaît d'abord laver la machine,Default Fallback Intent
peux-tu d'abord laver la machine à laver,Default Fallback Intent
"s'il vous plaît et si la taille est une petite rue latérale, ils ont envoyé une église d'anges",Default Fallback Intent
"pouvez-vous et si la taille est une petite rue latérale, ils ont envoyé une église d'anges",Default Fallback Intent
"s'il vous plaît, il les a oubliés et vous en avez besoin, faites-moi savoir si j'ai un après-midi libre, je peux y conduire",Default Fallback Intent
"peux-tu les avoir oubliés et tu en as besoin, fais-moi savoir si j'ai un après-midi libre, je peux y conduire",Default Fallback Intent
peux-tu avoir une aide auditive,Default Fallback Intent
"s'il te plaît, j'ai un téléphone chica si tu peux lui trouver quelque chose de bien",Default Fallback Intent
"peux-tu, j'ai un téléphone chica si tu peux lui trouver quelque chose de bien",Default Fallback Intent
"s'il te plaît, je marche et ils n'ont pas travaillé",Default Fallback Intent
"peux-tu, je marche et ils ne travaillent pas",Default Fallback Intent
"s'il te plaît, il est sur le ventre",Default Fallback Intent
"peux-tu, il est sur le ventre",Default Fallback Intent
"s'il te plaît, ce sera notre petit mec porteur d'anneaux",Default Fallback Intent
"peux-tu, ça va être notre petit mec porteur d'anneaux",Default Fallback Intent
peux-tu être à New Amsterdam,Default Fallback Intent
"s'il te plaît, tire vendredi",Default Fallback Intent
peux-tu tirer vendredi,Default Fallback Intent
peux-tu à la maison,Default Fallback Intent
"s'il te plait, c'est plus comme ça",Default Fallback Intent
peux-tu être plus comme ça,Default Fallback Intent
"s'il te plaît, ça se lisse, c'est forcé",Default Fallback Intent
"peux-tu, ça adoucit, c'est forcé",Default Fallback Intent
"s'il te plaît, c'est à toi",Default Fallback Intent
"peux-tu, c'est à toi",Default Fallback Intent
"s'il te plaît, je flotte sur la route",Default Fallback Intent
"peux-tu, je flotte sur la route",Default Fallback Intent
peux-tu chercher sur Google,Default Fallback Intent
"s'il te plaît, continue-moi de chercher",Default Fallback Intent
peux-tu juste me garder que tu cherches,Default Fallback Intent
"s'il te plaît, change de main, chérie",Default Fallback Intent
"peux-tu changer de main, chérie",Default Fallback Intent
"s'il te plaît, appelle un ami",Default Fallback Intent
peux-tu téléphoner à un ami,Default Fallback Intent
"s'il te plaît, sors de ton téléphone, d'accord",Default Fallback Intent
"peux-tu sortir de ton téléphone, ok",Default Fallback Intent
"s'il te plaît, souviens-toi que quand ils déchargent le camion, tu es exaspéré",Default Fallback Intent
