text,intent,source,rejected_intent,family,held_out,symptom,axis,role
"i wanted it started, not stopped",Cmd.StreamingStart,F1_negation_corrective,,,,,,
do not unmute the aids,Default Fallback Intent,F1_negation_bare,,,,,,
"i did not ask you to make it muted, make it unmuted",Cmd.VolumeUnmute,F1_negation_corrective,,,,,,
stop trying to play my messages,Default Fallback Intent,F1_negation_bare,,,,,,
no need to mute the aids,Default Fallback Intent,F1_negation_bare,,,,,,
there is no need to unmute the aids,Default Fallback Intent,F1_negation_bare,,,,,,
i do not want you to mute the aids,Default Fallback Intent,F1_negation_bare,,,,,,
"started please, not stopped",Cmd.StreamingStart,F1_negation_corrective,,,,,,
"don't make it up, make it down",Cmd.VolumeDecrease,F1_negation_corrective,,,,,,
there is no need to make it quieter,Default Fallback Intent,F1_negation_bare,,,,,,
i never asked you to start streaming,Default Fallback Intent,F1_negation_bare,,,,,,
"please do not make it quieter, make it louder",Cmd.VolumeIncrease,F1_negation_corrective,,,,,,
"stopped please, not started",Cmd.StreamingStop,F1_negation_corrective,,,,,,
no need to raise the volume,Default Fallback Intent,F1_negation_bare,,,,,,
"i wanted it down, not up",Cmd.VolumeDecrease,F1_negation_corrective,,,,,,
i did not ask you to turn it down,Default Fallback Intent,F1_negation_bare,,,,,,
i did not ask you to start streaming,Default Fallback Intent,F1_negation_bare,,,,,,
don't find my phone,Default Fallback Intent,F1_negation_bare,,,,,,
i do not want you to set a reminder,Default Fallback Intent,F1_negation_bare,,,,,,
"i wanted it louder, not quieter",Cmd.VolumeIncrease,F1_negation_corrective,,,,,,
there is no need to change my memory,Default Fallback Intent,F1_negation_bare,,,,,,
there is no need to mute the aids,Default Fallback Intent,F1_negation_bare,,,,,,
stop trying to find my phone,Default Fallback Intent,F1_negation_bare,,,,,,
stop trying to turn it down,Default Fallback Intent,F1_negation_bare,,,,,,
there is no need to play my messages,Default Fallback Intent,F1_negation_bare,,,,,,
i did not ask you to turn it up,Default Fallback Intent,F1_negation_bare,,,,,,
do not make it quieter,Default Fallback Intent,F1_negation_bare,,,,,,
i never asked you to lower the volume,Default Fallback Intent,F1_negation_bare,,,,,,
i do not want you to start transcribing,Default Fallback Intent,F1_negation_bare,,,,,,
there is no need to raise the volume,Default Fallback Intent,F1_negation_bare,,,,,,
stop trying to start translating,Default Fallback Intent,F1_negation_bare,,,,,,
i do not want you to send a message,Default Fallback Intent,F1_negation_bare,,,,,,
"i did not ask you to make it down, make it up",Cmd.VolumeIncrease,F1_negation_corrective,,,,,,
"not muted, unmuted",Cmd.VolumeUnmute,F1_negation_corrective,,,,,,
i do not want you to make it quieter,Default Fallback Intent,F1_negation_bare,,,,,,
"don't make it muted, make it unmuted",Cmd.VolumeUnmute,F1_negation_corrective,,,,,,
no need to make it quieter,Default Fallback Intent,F1_negation_bare,,,,,,
i never asked you to start transcribing,Default Fallback Intent,F1_negation_bare,,,,,,
"down please, not up",Cmd.VolumeDecrease,F1_negation_corrective,,,,,,
"don't make it unmuted, make it muted",Cmd.VolumeMute,F1_negation_corrective,,,,,,
i did not ask you to raise the volume,Default Fallback Intent,F1_negation_bare,,,,,,
i did not ask you to start translating,Default Fallback Intent,F1_negation_bare,,,,,,
stop trying to lower the volume,Default Fallback Intent,F1_negation_bare,,,,,,
i do not want you to switch my program,Default Fallback Intent,F1_negation_bare,,,,,,
i do not want you to lower the volume,Default Fallback Intent,F1_negation_bare,,,,,,
i never asked you to make it louder,Default Fallback Intent,F1_negation_bare,,,,,,
i never asked you to make it quieter,Default Fallback Intent,F1_negation_bare,,,,,,
"do not make it down, make it up",Cmd.VolumeIncrease,F1_negation_corrective,,,,,,
"i do not want you to make it muted, make it unmuted",Cmd.VolumeUnmute,F1_negation_corrective,,,,,,
i did not ask you to lower the volume,Default Fallback Intent,F1_negation_bare,,,,,,
i did not ask you to send a message,Default Fallback Intent,F1_negation_bare,,,,,,
"please do not make it muted, make it unmuted",Cmd.VolumeUnmute,F1_negation_corrective,,,,,,
i do not want you to start translating,Default Fallback Intent,F1_negation_bare,,,,,,
"i said muted, not unmuted",Cmd.VolumeMute,F1_negation_corrective,,,,,,
i do not want you to find my phone,Default Fallback Intent,F1_negation_bare,,,,,,
"i wanted it up, not down",Cmd.VolumeIncrease,F1_negation_corrective,,,,,,
there is no need to make it louder,Default Fallback Intent,F1_negation_bare,,,,,,
do not start transcribing,Default Fallback Intent,F1_negation_bare,,,,,,
stop trying to turn it up,Default Fallback Intent,F1_negation_bare,,,,,,
i do not want you to unmute the aids,Default Fallback Intent,F1_negation_bare,,,,,,
"i do not want you to make it louder, make it quieter",Cmd.VolumeDecrease,F1_negation_corrective,,,,,,
i never asked you to play my messages,Default Fallback Intent,F1_negation_bare,,,,,,
i never asked you to raise the volume,Default Fallback Intent,F1_negation_bare,,,,,,
"i wanted it muted, not unmuted",Cmd.VolumeMute,F1_negation_corrective,,,,,,
no need to start streaming,Default Fallback Intent,F1_negation_bare,,,,,,
i did not ask you to mute the aids,Default Fallback Intent,F1_negation_bare,,,,,,
"i said started, not stopped",Cmd.StreamingStart,F1_negation_corrective,,,,,,
stop trying to make it quieter,Default Fallback Intent,F1_negation_bare,,,,,,
no need to stop streaming,Default Fallback Intent,F1_negation_bare,,,,,,
"please do not make it started, make it stopped",Cmd.StreamingStop,F1_negation_corrective,,,,,,
there is no need to stop streaming,Default Fallback Intent,F1_negation_bare,,,,,,
please do not raise the volume,Default Fallback Intent,F1_negation_bare,,,,,,
"i do not want you to make it quieter, make it louder",Cmd.VolumeIncrease,F1_negation_corrective,,,,,,
i did not ask you to find my phone,Default Fallback Intent,F1_negation_bare,,,,,,
i did not ask you to start transcribing,Default Fallback Intent,F1_negation_bare,,,,,,
i did not ask you to stop streaming,Default Fallback Intent,F1_negation_bare,,,,,,
please do not make it quieter,Default Fallback Intent,F1_negation_bare,,,,,,
there is no need to start translating,Default Fallback Intent,F1_negation_bare,,,,,,
i do not want you to make it louder,Default Fallback Intent,F1_negation_bare,,,,,,
there is no need to start transcribing,Default Fallback Intent,F1_negation_bare,,,,,,
"not unmuted, muted",Cmd.VolumeMute,F1_negation_corrective,,,,,,
"don't make it louder, make it quieter",Cmd.VolumeDecrease,F1_negation_corrective,,,,,,
do not raise the volume,Default Fallback Intent,F1_negation_bare,,,,,,
there is no need to switch my program,Default Fallback Intent,F1_negation_bare,,,,,,
do not stop streaming,Default Fallback Intent,F1_negation_bare,,,,,,
"not stopped, started",Cmd.StreamingStart,F1_negation_corrective,,,,,,
please do not stop streaming,Default Fallback Intent,F1_negation_bare,,,,,,
"i wanted it quieter, not louder",Cmd.VolumeDecrease,F1_negation_corrective,,,,,,
stop trying to raise the volume,Default Fallback Intent,F1_negation_bare,,,,,,
"i said louder, not quieter",Cmd.VolumeIncrease,F1_negation_corrective,,,,,,
i never asked you to unmute the aids,Default Fallback Intent,F1_negation_bare,,,,,,
don't change my memory,Default Fallback Intent,F1_negation_bare,,,,,,
no need to start transcribing,Default Fallback Intent,F1_negation_bare,,,,,,
i did not ask you to make it louder,Default Fallback Intent,F1_negation_bare,,,,,,
i never asked you to send a message,Default Fallback Intent,F1_negation_bare,,,,,,
stop trying to switch my program,Default Fallback Intent,F1_negation_bare,,,,,,
"i do not want you to make it unmuted, make it muted",Cmd.VolumeMute,F1_negation_corrective,,,,,,
"i said quieter, not louder",Cmd.VolumeDecrease,F1_negation_corrective,,,,,,
don't lower the volume,Default Fallback Intent,F1_negation_bare,,,,,,
no need to start translating,Default Fallback Intent,F1_negation_bare,,,,,,
there is no need to turn it down,Default Fallback Intent,F1_negation_bare,,,,,,
do not start translating,Default Fallback Intent,F1_negation_bare,,,,,,
i never asked you to turn it up,Default Fallback Intent,F1_negation_bare,,,,,,
i never asked you to find my phone,Default Fallback Intent,F1_negation_bare,,,,,,
no need to set a reminder,Default Fallback Intent,F1_negation_bare,,,,,,
"i did not ask you to make it louder, make it quieter",Cmd.VolumeDecrease,F1_negation_corrective,,,,,,
"i do not want you to make it up, make it down",Cmd.VolumeDecrease,F1_negation_corrective,,,,,,
i did not ask you to change my memory,Default Fallback Intent,F1_negation_bare,,,,,,
please do not find my phone,Default Fallback Intent,F1_negation_bare,,,,,,
stop trying to set a reminder,Default Fallback Intent,F1_negation_bare,,,,,,
i did not ask you to make it quieter,Default Fallback Intent,F1_negation_bare,,,,,,
"please do not make it unmuted, make it muted",Cmd.VolumeMute,F1_negation_corrective,,,,,,
no need to play my messages,Default Fallback Intent,F1_negation_bare,,,,,,
"do not make it stopped, make it started",Cmd.StreamingStart,F1_negation_corrective,,,,,,
"not up, down",Cmd.VolumeDecrease,F1_negation_corrective,,,,,,
"don't make it started, make it stopped",Cmd.StreamingStop,F1_negation_corrective,,,,,,
"no, louder not quieter",Cmd.VolumeIncrease,F1_negation_corrective,,,,,,
no need to turn it up,Default Fallback Intent,F1_negation_bare,,,,,,
don't play my messages,Default Fallback Intent,F1_negation_bare,,,,,,
"no, stopped not started",Cmd.StreamingStop,F1_negation_corrective,,,,,,
stop trying to send a message,Default Fallback Intent,F1_negation_bare,,,,,,
i do not want you to stop streaming,Default Fallback Intent,F1_negation_bare,,,,,,
"please do not make it up, make it down",Cmd.VolumeDecrease,F1_negation_corrective,,,,,,
"i do not want you to make it started, make it stopped",Cmd.StreamingStop,F1_negation_corrective,,,,,,
stop trying to unmute the aids,Default Fallback Intent,F1_negation_bare,,,,,,
"i did not ask you to make it quieter, make it louder",Cmd.VolumeIncrease,F1_negation_corrective,,,,,,
i did not ask you to set a reminder,Default Fallback Intent,F1_negation_bare,,,,,,
"i did not ask you to make it stopped, make it started",Cmd.StreamingStart,F1_negation_corrective,,,,,,
"muted please, not unmuted",Cmd.VolumeMute,F1_negation_corrective,,,,,,
i did not ask you to unmute the aids,Default Fallback Intent,F1_negation_bare,,,,,,
"not started, stopped",Cmd.StreamingStop,F1_negation_corrective,,,,,,
"no, muted not unmuted",Cmd.VolumeMute,F1_negation_corrective,,,,,,
"unmuted please, not muted",Cmd.VolumeUnmute,F1_negation_corrective,,,,,,
"please do not make it down, make it up",Cmd.VolumeIncrease,F1_negation_corrective,,,,,,
there is no need to send a message,Default Fallback Intent,F1_negation_bare,,,,,,
please do not unmute the aids,Default Fallback Intent,F1_negation_bare,,,,,,
"not down, up",Cmd.VolumeIncrease,F1_negation_corrective,,,,,,
stop trying to make it louder,Default Fallback Intent,F1_negation_bare,,,,,,
i never asked you to switch my program,Default Fallback Intent,F1_negation_bare,,,,,,
there is no need to lower the volume,Default Fallback Intent,F1_negation_bare,,,,,,
please do not lower the volume,Default Fallback Intent,F1_negation_bare,,,,,,
no need to turn it down,Default Fallback Intent,F1_negation_bare,,,,,,
"please do not make it louder, make it quieter",Cmd.VolumeDecrease,F1_negation_corrective,,,,,,
i never asked you to stop streaming,Default Fallback Intent,F1_negation_bare,,,,,,
please do not play my messages,Default Fallback Intent,F1_negation_bare,,,,,,
stop trying to mute the aids,Default Fallback Intent,F1_negation_bare,,,,,,
stop trying to start streaming,Default Fallback Intent,F1_negation_bare,,,,,,
no need to make it louder,Default Fallback Intent,F1_negation_bare,,,,,,
please do not start transcribing,Default Fallback Intent,F1_negation_bare,,,,,,
there is no need to turn it up,Default Fallback Intent,F1_negation_bare,,,,,,
stop trying to start transcribing,Default Fallback Intent,F1_negation_bare,,,,,,
i do not want you to play my messages,Default Fallback Intent,F1_negation_bare,,,,,,
"i did not ask you to make it started, make it stopped",Cmd.StreamingStop,F1_negation_corrective,,,,,,
i did not ask you to switch my program,Default Fallback Intent,F1_negation_bare,,,,,,
there is no need to set a reminder,Default Fallback Intent,F1_negation_bare,,,,,,
"please do not make it stopped, make it started",Cmd.StreamingStart,F1_negation_corrective,,,,,,
"i said stopped, not started",Cmd.StreamingStop,F1_negation_corrective,,,,,,
"i do not want you to make it down, make it up",Cmd.VolumeIncrease,F1_negation_corrective,,,,,,
"i said unmuted, not muted",Cmd.VolumeUnmute,F1_negation_corrective,,,,,,
i did not ask you to play my messages,Default Fallback Intent,F1_negation_bare,,,,,,
i never asked you to turn it down,Default Fallback Intent,F1_negation_bare,,,,,,
"i did not ask you to make it up, make it down",Cmd.VolumeDecrease,F1_negation_corrective,,,,,,
"no, quieter not louder",Cmd.VolumeDecrease,F1_negation_corrective,,,,,,
there is no need to start streaming,Default Fallback Intent,F1_negation_bare,,,,,,
i do not want you to turn it up,Default Fallback Intent,F1_negation_bare,,,,,,
"no, up not down",Cmd.VolumeIncrease,F1_negation_corrective,,,,,,
no need to change my memory,Default Fallback Intent,F1_negation_bare,,,,,,
"don't make it quieter, make it louder",Cmd.VolumeIncrease,F1_negation_corrective,,,,,,
no need to lower the volume,Default Fallback Intent,F1_negation_bare,,,,,,
"i wanted it stopped, not started",Cmd.StreamingStop,F1_negation_corrective,,,,,,
i do not want you to turn it down,Default Fallback Intent,F1_negation_bare,,,,,,
i never asked you to mute the aids,Default Fallback Intent,F1_negation_bare,,,,,,
i never asked you to set a reminder,Default Fallback Intent,F1_negation_bare,,,,,,
"no, unmuted not muted",Cmd.VolumeUnmute,F1_negation_corrective,,,,,,
no need to find my phone,Default Fallback Intent,F1_negation_bare,,,,,,
"i did not ask you to make it unmuted, make it muted",Cmd.VolumeMute,F1_negation_corrective,,,,,,
there is no need to find my phone,Default Fallback Intent,F1_negation_bare,,,,,,
i never asked you to start translating,Default Fallback Intent,F1_negation_bare,,,,,,
"i do not want you to make it stopped, make it started",Cmd.StreamingStart,F1_negation_corrective,,,,,,
stop trying to stop streaming,Default Fallback Intent,F1_negation_bare,,,,,,
"no, down not up",Cmd.VolumeDecrease,F1_negation_corrective,,,,,,
"up please, not down",Cmd.VolumeIncrease,F1_negation_corrective,,,,,,
stop trying to change my memory,Default Fallback Intent,F1_negation_bare,,,,,,
no need to switch my program,Default Fallback Intent,F1_negation_bare,,,,,,
"i wanted it unmuted, not muted",Cmd.VolumeUnmute,F1_negation_corrective,,,,,,
i do not want you to start streaming,Default Fallback Intent,F1_negation_bare,,,,,,
"no, started not stopped",Cmd.StreamingStart,F1_negation_corrective,,,,,,
i do not want you to change my memory,Default Fallback Intent,F1_negation_bare,,,,,,
i do not want you to raise the volume,Default Fallback Intent,F1_negation_bare,,,,,,
please do not change my memory,Default Fallback Intent,F1_negation_bare,,,,,,
i never asked you to change my memory,Default Fallback Intent,F1_negation_bare,,,,,,
please do not start translating,Default Fallback Intent,F1_negation_bare,,,,,,
no need to unmute the aids,Default Fallback Intent,F1_negation_bare,,,,,,
no need to send a message,Default Fallback Intent,F1_negation_bare,,,,,,
can you pump up the sound,Cmd.VolumeIncrease,F2_direction,,,,,,
would you crank up the volume for me,Cmd.VolumeIncrease,F2_direction,,,,,,
can you lower the volume,Cmd.VolumeDecrease,F2_direction,,,,,,
pump up the audio please,Cmd.VolumeIncrease,F2_direction,,,,,,
dial down the audio please,Cmd.VolumeDecrease,F2_direction,,,,,,
would you step down the volume for me,Cmd.VolumeDecrease,F2_direction,,,,,,
crank up the volume,Cmd.VolumeIncrease,F2_direction,,,,,,
please soften the level,Cmd.VolumeDecrease,F2_direction,,,,,,
decrease it a little,Cmd.VolumeDecrease,F2_direction,,,,,,
please decrease the level,Cmd.VolumeDecrease,F2_direction,,,,,,
turn up the sound a bit,Cmd.VolumeIncrease,F2_direction,,,,,,
damp down the audio please,Cmd.VolumeDecrease,F2_direction,,,,,,
bring up my aids,Cmd.VolumeIncrease,F2_direction,,,,,,
can you push down the sound,Cmd.VolumeDecrease,F2_direction,,,,,,
step up it a little,Cmd.VolumeIncrease,F2_direction,,,,,,
damp down my hearing aids,Cmd.VolumeDecrease,F2_direction,,,,,,
sounds are coming through very thin,Cmd.VolumeIncrease,F2_direction,,,,,,
please crank up the level,Cmd.VolumeIncrease,F2_direction,,,,,,
turn up the audio please,Cmd.VolumeIncrease,F2_direction,,,,,,
cut back it a little,Cmd.VolumeDecrease,F2_direction,,,,,,
push up my aids,Cmd.VolumeIncrease,F2_direction,,,,,,
decrease my aids,Cmd.VolumeDecrease,F2_direction,,,,,,
soften it a little,Cmd.VolumeDecrease,F2_direction,,,,,,
please reduce the level,Cmd.VolumeDecrease,F2_direction,,,,,,
cut back my hearing aids,Cmd.VolumeDecrease,F2_direction,,,,,,
can you dial down the sound,Cmd.VolumeDecrease,F2_direction,,,,,,
lift my aids,Cmd.VolumeIncrease,F2_direction,,,,,,
bring down it a little,Cmd.VolumeDecrease,F2_direction,,,,,,
can you damp down the volume,Cmd.VolumeDecrease,F2_direction,,,,,,
please turn down the level,Cmd.VolumeDecrease,F2_direction,,,,,,
would you push down the volume for me,Cmd.VolumeDecrease,F2_direction,,,,,,
can you decrease the sound,Cmd.VolumeDecrease,F2_direction,,,,,,
lower the sound a bit,Cmd.VolumeDecrease,F2_direction,,,,,,
amplify the volume,Cmd.VolumeIncrease,F2_direction,,,,,,
cut back the audio please,Cmd.VolumeDecrease,F2_direction,,,,,,
amplify my aids,Cmd.VolumeIncrease,F2_direction,,,,,,
dial down the sound a bit,Cmd.VolumeDecrease,F2_direction,,,,,,
pump up it a little,Cmd.VolumeIncrease,F2_direction,,,,,,
step up the sound,Cmd.VolumeIncrease,F2_direction,,,,,,
can you lift the sound,Cmd.VolumeIncrease,F2_direction,,,,,,
can you step down the sound,Cmd.VolumeDecrease,F2_direction,,,,,,
please bring up the level,Cmd.VolumeIncrease,F2_direction,,,,,,
push up it a little,Cmd.VolumeIncrease,F2_direction,,,,,,
can you boost the sound,Cmd.VolumeIncrease,F2_direction,,,,,,
amplify the sound,Cmd.VolumeIncrease,F2_direction,,,,,,
step up the sound a bit,Cmd.VolumeIncrease,F2_direction,,,,,,
step down the sound,Cmd.VolumeDecrease,F2_direction,,,,,,
can you soften the sound,Cmd.VolumeDecrease,F2_direction,,,,,,
can you bring down the volume,Cmd.VolumeDecrease,F2_direction,,,,,,
push down the sound,Cmd.VolumeDecrease,F2_direction,,,,,,
would you boost the sound for me,Cmd.VolumeIncrease,F2_direction,,,,,,
would you amplify the volume for me,Cmd.VolumeIncrease,F2_direction,,,,,,
boost the audio please,Cmd.VolumeIncrease,F2_direction,,,,,,
crank up the audio please,Cmd.VolumeIncrease,F2_direction,,,,,,
push down my hearing aids,Cmd.VolumeDecrease,F2_direction,,,,,,
put the audio through to my aids,Cmd.StreamingStart,F2_direction,,,,,,
would you lift the volume for me,Cmd.VolumeIncrease,F2_direction,,,,,,
sounds are coming through very heavy,Cmd.VolumeDecrease,F2_direction,,,,,,
would you step up the volume for me,Cmd.VolumeIncrease,F2_direction,,,,,,
would you bring down the volume for me,Cmd.VolumeDecrease,F2_direction,,,,,,
reduce my hearing aids,Cmd.VolumeDecrease,F2_direction,,,,,,
push down my aids,Cmd.VolumeDecrease,F2_direction,,,,,,
can you step down the volume,Cmd.VolumeDecrease,F2_direction,,,,,,
crank up it a little,Cmd.VolumeIncrease,F2_direction,,,,,,
can you cut back the sound,Cmd.VolumeDecrease,F2_direction,,,,,,
lower my aids,Cmd.VolumeDecrease,F2_direction,,,,,,
this is far too faint,Cmd.VolumeIncrease,F2_direction,,,,,,
step down it a little,Cmd.VolumeDecrease,F2_direction,,,,,,
please raise the level,Cmd.VolumeIncrease,F2_direction,,,,,,
step down the sound a bit,Cmd.VolumeDecrease,F2_direction,,,,,,
can you reduce the sound,Cmd.VolumeDecrease,F2_direction,,,,,,
lift the audio please,Cmd.VolumeIncrease,F2_direction,,,,,,
lift my hearing aids,Cmd.VolumeIncrease,F2_direction,,,,,,
increase the sound,Cmd.VolumeIncrease,F2_direction,,,,,,
soften the sound,Cmd.VolumeDecrease,F2_direction,,,,,,
open the audio link,Cmd.StreamingStart,F2_direction,,,,,,
raise the volume,Cmd.VolumeIncrease,F2_direction,,,,,,
please step up the level,Cmd.VolumeIncrease,F2_direction,,,,,,
turn down the audio please,Cmd.VolumeDecrease,F2_direction,,,,,,
bring up the volume,Cmd.VolumeIncrease,F2_direction,,,,,,
would you lower the volume for me,Cmd.VolumeDecrease,F2_direction,,,,,,
increase the sound a bit,Cmd.VolumeIncrease,F2_direction,,,,,,
can you increase the sound,Cmd.VolumeIncrease,F2_direction,,,,,,
raise the sound a bit,Cmd.VolumeIncrease,F2_direction,,,,,,
step up my hearing aids,Cmd.VolumeIncrease,F2_direction,,,,,,
please pump up the level,Cmd.VolumeIncrease,F2_direction,,,,,,
this is far too harsh,Cmd.VolumeDecrease,F2_direction,,,,,,
would you crank up the sound for me,Cmd.VolumeIncrease,F2_direction,,,,,,
the speech is too weak,Cmd.VolumeIncrease,F2_direction,,,,,,
switch the sound on again,Cmd.VolumeUnmute,F2_direction,,,,,,
step up my aids,Cmd.VolumeIncrease,F2_direction,,,,,,
can you step up the sound,Cmd.VolumeIncrease,F2_direction,,,,,,
would you cut back the volume for me,Cmd.VolumeDecrease,F2_direction,,,,,,
boost the volume,Cmd.VolumeIncrease,F2_direction,,,,,,
can you crank up the volume,Cmd.VolumeIncrease,F2_direction,,,,,,
step down the volume,Cmd.VolumeDecrease,F2_direction,,,,,,
cut back the sound a bit,Cmd.VolumeDecrease,F2_direction,,,,,,
take the audio off my aids,Cmd.StreamingStop,F2_direction,,,,,,
please lift the level,Cmd.VolumeIncrease,F2_direction,,,,,,
push down it a little,Cmd.VolumeDecrease,F2_direction,,,,,,
bring down the volume,Cmd.VolumeDecrease,F2_direction,,,,,,
would you decrease the sound for me,Cmd.VolumeDecrease,F2_direction,,,,,,
dial down my hearing aids,Cmd.VolumeDecrease,F2_direction,,,,,,
turn up it a little,Cmd.VolumeIncrease,F2_direction,,,,,,
would you cut back the sound for me,Cmd.VolumeDecrease,F2_direction,,,,,,
raise my hearing aids,Cmd.VolumeIncrease,F2_direction,,,,,,
can you amplify the sound,Cmd.VolumeIncrease,F2_direction,,,,,,
please turn up the level,Cmd.VolumeIncrease,F2_direction,,,,,,
bring up the audio please,Cmd.VolumeIncrease,F2_direction,,,,,,
please damp down the level,Cmd.VolumeDecrease,F2_direction,,,,,,
dial down it a little,Cmd.VolumeDecrease,F2_direction,,,,,,
reduce it a little,Cmd.VolumeDecrease,F2_direction,,,,,,
would you raise the sound for me,Cmd.VolumeIncrease,F2_direction,,,,,,
would you damp down the sound for me,Cmd.VolumeDecrease,F2_direction,,,,,,
crank up the sound,Cmd.VolumeIncrease,F2_direction,,,,,,
would you damp down the volume for me,Cmd.VolumeDecrease,F2_direction,,,,,,
please increase the level,Cmd.VolumeIncrease,F2_direction,,,,,,
can you raise the volume,Cmd.VolumeIncrease,F2_direction,,,,,,
would you increase the volume for me,Cmd.VolumeIncrease,F2_direction,,,,,,
bring up my hearing aids,Cmd.VolumeIncrease,F2_direction,,,,,,
raise my aids,Cmd.VolumeIncrease,F2_direction,,,,,,
dial down the sound,Cmd.VolumeDecrease,F2_direction,,,,,,
raise the audio please,Cmd.VolumeIncrease,F2_direction,,,,,,
bring up it a little,Cmd.VolumeIncrease,F2_direction,,,,,,
pump up my hearing aids,Cmd.VolumeIncrease,F2_direction,,,,,,
push up the audio please,Cmd.VolumeIncrease,F2_direction,,,,,,
would you reduce the sound for me,Cmd.VolumeDecrease,F2_direction,,,,,,
bring down my aids,Cmd.VolumeDecrease,F2_direction,,,,,,
step down the audio please,Cmd.VolumeDecrease,F2_direction,,,,,,
turn down the sound a bit,Cmd.VolumeDecrease,F2_direction,,,,,,
crank up my aids,Cmd.VolumeIncrease,F2_direction,,,,,,
please cut back the level,Cmd.VolumeDecrease,F2_direction,,,,,,
would you dial down the sound for me,Cmd.VolumeDecrease,F2_direction,,,,,,
can you cut back the volume,Cmd.VolumeDecrease,F2_direction,,,,,,
please amplify the level,Cmd.VolumeIncrease,F2_direction,,,,,,
boost the sound,Cmd.VolumeIncrease,F2_direction,,,,,,
increase my hearing aids,Cmd.VolumeIncrease,F2_direction,,,,,,
would you boost the volume for me,Cmd.VolumeIncrease,F2_direction,,,,,,
bring up the sound a bit,Cmd.VolumeIncrease,F2_direction,,,,,,
please push down the level,Cmd.VolumeDecrease,F2_direction,,,,,,
can you crank up the sound,Cmd.VolumeIncrease,F2_direction,,,,,,
decrease my hearing aids,Cmd.VolumeDecrease,F2_direction,,,,,,
soften my hearing aids,Cmd.VolumeDecrease,F2_direction,,,,,,
lift the sound,Cmd.VolumeIncrease,F2_direction,,,,,,
boost my aids,Cmd.VolumeIncrease,F2_direction,,,,,,
reduce the audio please,Cmd.VolumeDecrease,F2_direction,,,,,,
decrease the sound,Cmd.VolumeDecrease,F2_direction,,,,,,
step up the audio please,Cmd.VolumeIncrease,F2_direction,,,,,,
bring down my hearing aids,Cmd.VolumeDecrease,F2_direction,,,,,,
dial down my aids,Cmd.VolumeDecrease,F2_direction,,,,,,
would you decrease the volume for me,Cmd.VolumeDecrease,F2_direction,,,,,,
amplify the audio please,Cmd.VolumeIncrease,F2_direction,,,,,,
raise it a little,Cmd.VolumeIncrease,F2_direction,,,,,,
would you lift the sound for me,Cmd.VolumeIncrease,F2_direction,,,,,,
cut back my aids,Cmd.VolumeDecrease,F2_direction,,,,,,
increase the audio please,Cmd.VolumeIncrease,F2_direction,,,,,,
increase it a little,Cmd.VolumeIncrease,F2_direction,,,,,,
step down my aids,Cmd.VolumeDecrease,F2_direction,,,,,,
push down the sound a bit,Cmd.VolumeDecrease,F2_direction,,,,,,
soften my aids,Cmd.VolumeDecrease,F2_direction,,,,,,
would you step down the sound for me,Cmd.VolumeDecrease,F2_direction,,,,,,
lift it a little,Cmd.VolumeIncrease,F2_direction,,,,,,
damp down the sound,Cmd.VolumeDecrease,F2_direction,,,,,,
damp down the sound a bit,Cmd.VolumeDecrease,F2_direction,,,,,,
push up the sound a bit,Cmd.VolumeIncrease,F2_direction,,,,,,
soften the audio please,Cmd.VolumeDecrease,F2_direction,,,,,,
boost it a little,Cmd.VolumeIncrease,F2_direction,,,,,,
close the audio link,Cmd.StreamingStop,F2_direction,,,,,,
push down the audio please,Cmd.VolumeDecrease,F2_direction,,,,,,
can you step up the volume,Cmd.VolumeIncrease,F2_direction,,,,,,
lower the audio please,Cmd.VolumeDecrease,F2_direction,,,,,,
damp down it a little,Cmd.VolumeDecrease,F2_direction,,,,,,
would you push up the volume for me,Cmd.VolumeIncrease,F2_direction,,,,,,
damp down the volume,Cmd.VolumeDecrease,F2_direction,,,,,,
would you pump up the volume for me,Cmd.VolumeIncrease,F2_direction,,,,,,
please boost the level,Cmd.VolumeIncrease,F2_direction,,,,,,
amplify my hearing aids,Cmd.VolumeIncrease,F2_direction,,,,,,
cut back the volume,Cmd.VolumeDecrease,F2_direction,,,,,,
step up the volume,Cmd.VolumeIncrease,F2_direction,,,,,,
can you push down the volume,Cmd.VolumeDecrease,F2_direction,,,,,,
turn down it a little,Cmd.VolumeDecrease,F2_direction,,,,,,
everything is deafening,Cmd.VolumeDecrease,F2_direction,,,,,,
bring down the sound a bit,Cmd.VolumeDecrease,F2_direction,,,,,,
would you soften the sound for me,Cmd.VolumeDecrease,F2_direction,,,,,,
can you lift the volume,Cmd.VolumeIncrease,F2_direction,,,,,,
crank up my hearing aids,Cmd.VolumeIncrease,F2_direction,,,,,,
the speech is too strong,Cmd.VolumeDecrease,F2_direction,,,,,,
boost my hearing aids,Cmd.VolumeIncrease,F2_direction,,,,,,
can you bring up the volume,Cmd.VolumeIncrease,F2_direction,,,,,,
bring down the sound,Cmd.VolumeDecrease,F2_direction,,,,,,
would you lower the sound for me,Cmd.VolumeDecrease,F2_direction,,,,,,
would you step up the sound for me,Cmd.VolumeIncrease,F2_direction,,,,,,
would you amplify the sound for me,Cmd.VolumeIncrease,F2_direction,,,,,,
can you push up the sound,Cmd.VolumeIncrease,F2_direction,,,,,,
can you dial down the volume,Cmd.VolumeDecrease,F2_direction,,,,,,
would you raise the volume for me,Cmd.VolumeIncrease,F2_direction,,,,,,
turn up my aids,Cmd.VolumeIncrease,F2_direction,,,,,,
lift the volume,Cmd.VolumeIncrease,F2_direction,,,,,,
reduce the sound a bit,Cmd.VolumeDecrease,F2_direction,,,,,,
would you increase the sound for me,Cmd.VolumeIncrease,F2_direction,,,,,,
boost the sound a bit,Cmd.VolumeIncrease,F2_direction,,,,,,
switch the sound off for now,Cmd.VolumeMute,F2_direction,,,,,,
would you bring up the volume for me,Cmd.VolumeIncrease,F2_direction,,,,,,
reduce my aids,Cmd.VolumeDecrease,F2_direction,,,,,,
cut back the sound,Cmd.VolumeDecrease,F2_direction,,,,,,
decrease the sound a bit,Cmd.VolumeDecrease,F2_direction,,,,,,
would you pump up the sound for me,Cmd.VolumeIncrease,F2_direction,,,,,,
lower my hearing aids,Cmd.VolumeDecrease,F2_direction,,,,,,
soften the sound a bit,Cmd.VolumeDecrease,F2_direction,,,,,,
raise the sound,Cmd.VolumeIncrease,F2_direction,,,,,,
please step down the level,Cmd.VolumeDecrease,F2_direction,,,,,,
decrease the audio please,Cmd.VolumeDecrease,F2_direction,,,,,,
push up the sound,Cmd.VolumeIncrease,F2_direction,,,,,,
lift the sound a bit,Cmd.VolumeIncrease,F2_direction,,,,,,
bring down the audio please,Cmd.VolumeDecrease,F2_direction,,,,,,
push up the volume,Cmd.VolumeIncrease,F2_direction,,,,,,
increase my aids,Cmd.VolumeIncrease,F2_direction,,,,,,
can you raise the sound,Cmd.VolumeIncrease,F2_direction,,,,,,
lower the sound,Cmd.VolumeDecrease,F2_direction,,,,,,
give me sound again please,Cmd.VolumeUnmute,F2_direction,,,,,,
can you amplify the volume,Cmd.VolumeIncrease,F2_direction,,,,,,
can you boost the volume,Cmd.VolumeIncrease,F2_direction,,,,,,
can you push up the volume,Cmd.VolumeIncrease,F2_direction,,,,,,
can you damp down the sound,Cmd.VolumeDecrease,F2_direction,,,,,,
damp down my aids,Cmd.VolumeDecrease,F2_direction,,,,,,
would you push up the sound for me,Cmd.VolumeIncrease,F2_direction,,,,,,
can you bring down the sound,Cmd.VolumeDecrease,F2_direction,,,,,,
would you dial down the volume for me,Cmd.VolumeDecrease,F2_direction,,,,,,
lower it a little,Cmd.VolumeDecrease,F2_direction,,,,,,
amplify it a little,Cmd.VolumeIncrease,F2_direction,,,,,,
step down my hearing aids,Cmd.VolumeDecrease,F2_direction,,,,,,
please push up the level,Cmd.VolumeIncrease,F2_direction,,,,,,
would you push down the sound for me,Cmd.VolumeDecrease,F2_direction,,,,,,
please bring down the level,Cmd.VolumeDecrease,F2_direction,,,,,,
pump up the sound a bit,Cmd.VolumeIncrease,F2_direction,,,,,,
pump up my aids,Cmd.VolumeIncrease,F2_direction,,,,,,
please dial down the level,Cmd.VolumeDecrease,F2_direction,,,,,,
can you lower the sound,Cmd.VolumeDecrease,F2_direction,,,,,,
push up my hearing aids,Cmd.VolumeIncrease,F2_direction,,,,,,
push down the volume,Cmd.VolumeDecrease,F2_direction,,,,,,
would you bring down the sound for me,Cmd.VolumeDecrease,F2_direction,,,,,,
can you show me how to amplify the volume,Help_Volume,F3_cmd_vs_help,,,,,,
how do i switch to the windy program,Help_ChangingMemories,F3_cmd_vs_help,,,,,,
use the church program,Cmd.MemoryChange,F3_cmd_vs_help,,,,,,
what is the way to push up the volume,Help_Volume,F3_cmd_vs_help,,,,,,
use the tv program,Cmd.MemoryChange,F3_cmd_vs_help,,,,,,
go to my car memory,Cmd.MemoryChange,F3_cmd_vs_help,,,,,,
can you show me how to dial down the volume,Help_Volume,F3_cmd_vs_help,,,,,,
where do i bring down the volume,Help_Volume,F3_cmd_vs_help,,,,,,
where do i dial down the volume,Help_Volume,F3_cmd_vs_help,,,,,,
how do i get to the church setting,Help_ChangingMemories,F3_cmd_vs_help,,,,,,
can you show me how to soften the volume,Help_Volume,F3_cmd_vs_help,,,,,,
what is the way to damp down the volume,Help_Volume,F3_cmd_vs_help,,,,,,
how do i get to the party setting,Help_ChangingMemories,F3_cmd_vs_help,,,,,,
how do i get to the meeting setting,Help_ChangingMemories,F3_cmd_vs_help,,,,,,
where do i step down the volume,Help_Volume,F3_cmd_vs_help,,,,,,
where do i cut back the volume,Help_Volume,F3_cmd_vs_help,,,,,,
put me on the church setting,Cmd.MemoryChange,F3_cmd_vs_help,,,,,,
where do i find the car program,Help_ChangingMemories,F3_cmd_vs_help,,,,,,
switch to the tv program,Cmd.MemoryChange,F3_cmd_vs_help,,,,,,
how do i switch to the office program,Help_ChangingMemories,F3_cmd_vs_help,,,,,,
explain how to use the office memory,Help_ChangingMemories,F3_cmd_vs_help,,,,,,
where do i push up the volume,Help_Volume,F3_cmd_vs_help,,,,,,
explain how to use the windy memory,Help_ChangingMemories,F3_cmd_vs_help,,,,,,
how do i boost the volume,Help_Volume,F3_cmd_vs_help,,,,,,
where do i find the office program,Help_ChangingMemories,F3_cmd_vs_help,,,,,,
where do i crank up the volume,Help_Volume,F3_cmd_vs_help,,,,,,
go to my tv memory,Cmd.MemoryChange,F3_cmd_vs_help,,,,,,
how do i get to the car setting,Help_ChangingMemories,F3_cmd_vs_help,,,,,,
put me on the party setting,Cmd.MemoryChange,F3_cmd_vs_help,,,,,,
switch to the office program,Cmd.MemoryChange,F3_cmd_vs_help,,,,,,
explain how to use the quiet memory,Help_ChangingMemories,F3_cmd_vs_help,,,,,,
how do i pump up the volume,Help_Volume,F3_cmd_vs_help,,,,,,
how do i switch to the quiet program,Help_ChangingMemories,F3_cmd_vs_help,,,,,,
where do i step up the volume,Help_Volume,F3_cmd_vs_help,,,,,,
how do i switch to the music program,Help_ChangingMemories,F3_cmd_vs_help,,,,,,
how do i reduce the volume,Help_Volume,F3_cmd_vs_help,,,,,,
how do i lower the volume,Help_Volume,F3_cmd_vs_help,,,,,,
put me on the office setting,Cmd.MemoryChange,F3_cmd_vs_help,,,,,,
how do i get to the outdoor setting,Help_ChangingMemories,F3_cmd_vs_help,,,,,,
can you show me how to cut back the volume,Help_Volume,F3_cmd_vs_help,,,,,,
use the office program,Cmd.MemoryChange,F3_cmd_vs_help,,,,,,
where do i soften the volume,Help_Volume,F3_cmd_vs_help,,,,,,
where do i find the windy program,Help_ChangingMemories,F3_cmd_vs_help,,,,,,
where do i reduce the volume,Help_Volume,F3_cmd_vs_help,,,,,,
how do i switch to the party program,Help_ChangingMemories,F3_cmd_vs_help,,,,,,
where do i lift the volume,Help_Volume,F3_cmd_vs_help,,,,,,
go to my quiet memory,Cmd.MemoryChange,F3_cmd_vs_help,,,,,,
how do i raise the volume,Help_Volume,F3_cmd_vs_help,,,,,,
where do i bring up the volume,Help_Volume,F3_cmd_vs_help,,,,,,
where do i pump up the volume,Help_Volume,F3_cmd_vs_help,,,,,,
explain how to use the tv memory,Help_ChangingMemories,F3_cmd_vs_help,,,,,,
can you show me how to push down the volume,Help_Volume,F3_cmd_vs_help,,,,,,
put me on the music setting,Cmd.MemoryChange,F3_cmd_vs_help,,,,,,
can you show me how to turn down the volume,Help_Volume,F3_cmd_vs_help,,,,,,
how do i cut back the volume,Help_Volume,F3_cmd_vs_help,,,,,,
where do i lower the volume,Help_Volume,F3_cmd_vs_help,,,,,,
put me on the windy setting,Cmd.MemoryChange,F3_cmd_vs_help,,,,,,
switch to the church program,Cmd.MemoryChange,F3_cmd_vs_help,,,,,,
go to my party memory,Cmd.MemoryChange,F3_cmd_vs_help,,,,,,
what is the way to reduce the volume,Help_Volume,F3_cmd_vs_help,,,,,,
how do i switch to the tv program,Help_ChangingMemories,F3_cmd_vs_help,,,,,,
go to my music memory,Cmd.MemoryChange,F3_cmd_vs_help,,,,,,
put me on the car setting,Cmd.MemoryChange,F3_cmd_vs_help,,,,,,
explain how to use the meeting memory,Help_ChangingMemories,F3_cmd_vs_help,,,,,,
what is the way to increase the volume,Help_Volume,F3_cmd_vs_help,,,,,,
where do i find the meeting program,Help_ChangingMemories,F3_cmd_vs_help,,,,,,
what is the way to soften the volume,Help_Volume,F3_cmd_vs_help,,,,,,
how do i push up the volume,Help_Volume,F3_cmd_vs_help,,,,,,
how do i step down the volume,Help_Volume,F3_cmd_vs_help,,,,,,
use the quiet program,Cmd.MemoryChange,F3_cmd_vs_help,,,,,,
how do i bring down the volume,Help_Volume,F3_cmd_vs_help,,,,,,
go to my meeting memory,Cmd.MemoryChange,F3_cmd_vs_help,,,,,,
where do i turn down the volume,Help_Volume,F3_cmd_vs_help,,,,,,
can you show me how to push up the volume,Help_Volume,F3_cmd_vs_help,,,,,,
can you show me how to step up the volume,Help_Volume,F3_cmd_vs_help,,,,,,
switch to the windy program,Cmd.MemoryChange,F3_cmd_vs_help,,,,,,
explain how to use the church memory,Help_ChangingMemories,F3_cmd_vs_help,,,,,,
go to my restaurant memory,Cmd.MemoryChange,F3_cmd_vs_help,,,,,,
where do i find the church program,Help_ChangingMemories,F3_cmd_vs_help,,,,,,
where do i push down the volume,Help_Volume,F3_cmd_vs_help,,,,,,
explain how to use the restaurant memory,Help_ChangingMemories,F3_cmd_vs_help,,,,,,
what is the way to lower the volume,Help_Volume,F3_cmd_vs_help,,,,,,
how do i dial down the volume,Help_Volume,F3_cmd_vs_help,,,,,,
what is the way to lift the volume,Help_Volume,F3_cmd_vs_help,,,,,,
can you show me how to lower the volume,Help_Volume,F3_cmd_vs_help,,,,,,
go to my windy memory,Cmd.MemoryChange,F3_cmd_vs_help,,,,,,
can you show me how to crank up the volume,Help_Volume,F3_cmd_vs_help,,,,,,
how do i switch to the church program,Help_ChangingMemories,F3_cmd_vs_help,,,,,,
where do i find the quiet program,Help_ChangingMemories,F3_cmd_vs_help,,,,,,
use the outdoor program,Cmd.MemoryChange,F3_cmd_vs_help,,,,,,
where do i decrease the volume,Help_Volume,F3_cmd_vs_help,,,,,,
what is the way to pump up the volume,Help_Volume,F3_cmd_vs_help,,,,,,
what is the way to crank up the volume,Help_Volume,F3_cmd_vs_help,,,,,,
change to church mode,Cmd.MemoryChange,F3_cmd_vs_help,,,,,,
explain how to use the music memory,Help_ChangingMemories,F3_cmd_vs_help,,,,,,
how do i damp down the volume,Help_Volume,F3_cmd_vs_help,,,,,,
where do i raise the volume,Help_Volume,F3_cmd_vs_help,,,,,,
what is the way to cut back the volume,Help_Volume,F3_cmd_vs_help,,,,,,
what is the way to bring up the volume,Help_Volume,F3_cmd_vs_help,,,,,,
how do i get to the windy setting,Help_ChangingMemories,F3_cmd_vs_help,,,,,,
go to my outdoor memory,Cmd.MemoryChange,F3_cmd_vs_help,,,,,,
where do i damp down the volume,Help_Volume,F3_cmd_vs_help,,,,,,
change to outdoor mode,Cmd.MemoryChange,F3_cmd_vs_help,,,,,,
how do i get to the office setting,Help_ChangingMemories,F3_cmd_vs_help,,,,,,
how do i bring up the volume,Help_Volume,F3_cmd_vs_help,,,,,,
how do i step up the volume,Help_Volume,F3_cmd_vs_help,,,,,,
put me on the quiet setting,Cmd.MemoryChange,F3_cmd_vs_help,,,,,,
can you show me how to increase the volume,Help_Volume,F3_cmd_vs_help,,,,,,
can you show me how to step down the volume,Help_Volume,F3_cmd_vs_help,,,,,,
what is the way to turn up the volume,Help_Volume,F3_cmd_vs_help,,,,,,
what is the way to turn down the volume,Help_Volume,F3_cmd_vs_help,,,,,,
can you show me how to bring up the volume,Help_Volume,F3_cmd_vs_help,,,,,,
put me on the meeting setting,Cmd.MemoryChange,F3_cmd_vs_help,,,,,,
how do i crank up the volume,Help_Volume,F3_cmd_vs_help,,,,,,
where do i boost the volume,Help_Volume,F3_cmd_vs_help,,,,,,
change to tv mode,Cmd.MemoryChange,F3_cmd_vs_help,,,,,,
explain how to use the outdoor memory,Help_ChangingMemories,F3_cmd_vs_help,,,,,,
can you show me how to decrease the volume,Help_Volume,F3_cmd_vs_help,,,,,,
change to office mode,Cmd.MemoryChange,F3_cmd_vs_help,,,,,,
use the restaurant program,Cmd.MemoryChange,F3_cmd_vs_help,,,,,,
use the windy program,Cmd.MemoryChange,F3_cmd_vs_help,,,,,,
change to music mode,Cmd.MemoryChange,F3_cmd_vs_help,,,,,,
what is the way to boost the volume,Help_Volume,F3_cmd_vs_help,,,,,,
where do i increase the volume,Help_Volume,F3_cmd_vs_help,,,,,,
explain how to use the party memory,Help_ChangingMemories,F3_cmd_vs_help,,,,,,
how do i switch to the outdoor program,Help_ChangingMemories,F3_cmd_vs_help,,,,,,
change to meeting mode,Cmd.MemoryChange,F3_cmd_vs_help,,,,,,
use the car program,Cmd.MemoryChange,F3_cmd_vs_help,,,,,,
how do i soften the volume,Help_Volume,F3_cmd_vs_help,,,,,,
where do i find the music program,Help_ChangingMemories,F3_cmd_vs_help,,,,,,
switch to the party program,Cmd.MemoryChange,F3_cmd_vs_help,,,,,,
explain how to use the car memory,Help_ChangingMemories,F3_cmd_vs_help,,,,,,
what is the way to dial down the volume,Help_Volume,F3_cmd_vs_help,,,,,,
change to party mode,Cmd.MemoryChange,F3_cmd_vs_help,,,,,,
use the music program,Cmd.MemoryChange,F3_cmd_vs_help,,,,,,
where do i find the party program,Help_ChangingMemories,F3_cmd_vs_help,,,,,,
how do i get to the music setting,Help_ChangingMemories,F3_cmd_vs_help,,,,,,
how do i get to the quiet setting,Help_ChangingMemories,F3_cmd_vs_help,,,,,,
what is the way to bring down the volume,Help_Volume,F3_cmd_vs_help,,,,,,
can you show me how to turn up the volume,Help_Volume,F3_cmd_vs_help,,,,,,
how do i get to the tv setting,Help_ChangingMemories,F3_cmd_vs_help,,,,,,
go to my church memory,Cmd.MemoryChange,F3_cmd_vs_help,,,,,,
how do i get to the restaurant setting,Help_ChangingMemories,F3_cmd_vs_help,,,,,,
where do i amplify the volume,Help_Volume,F3_cmd_vs_help,,,,,,
where do i turn up the volume,Help_Volume,F3_cmd_vs_help,,,,,,
switch to the music program,Cmd.MemoryChange,F3_cmd_vs_help,,,,,,
what is the way to push down the volume,Help_Volume,F3_cmd_vs_help,,,,,,
change to car mode,Cmd.MemoryChange,F3_cmd_vs_help,,,,,,
go to my office memory,Cmd.MemoryChange,F3_cmd_vs_help,,,,,,
what is the way to step down the volume,Help_Volume,F3_cmd_vs_help,,,,,,
put me on the outdoor setting,Cmd.MemoryChange,F3_cmd_vs_help,,,,,,
use the party program,Cmd.MemoryChange,F3_cmd_vs_help,,,,,,
put me on the restaurant setting,Cmd.MemoryChange,F3_cmd_vs_help,,,,,,
where do i find the tv program,Help_ChangingMemories,F3_cmd_vs_help,,,,,,
can you show me how to boost the volume,Help_Volume,F3_cmd_vs_help,,,,,,
what is the way to decrease the volume,Help_Volume,F3_cmd_vs_help,,,,,,
can you show me how to damp down the volume,Help_Volume,F3_cmd_vs_help,,,,,,
change to quiet mode,Cmd.MemoryChange,F3_cmd_vs_help,,,,,,
change to windy mode,Cmd.MemoryChange,F3_cmd_vs_help,,,,,,
what is the way to amplify the volume,Help_Volume,F3_cmd_vs_help,,,,,,
can you show me how to pump up the volume,Help_Volume,F3_cmd_vs_help,,,,,,
what is the way to raise the volume,Help_Volume,F3_cmd_vs_help,,,,,,
can you show me how to raise the volume,Help_Volume,F3_cmd_vs_help,,,,,,
how do i switch to the meeting program,Help_ChangingMemories,F3_cmd_vs_help,,,,,,
what is the way to step up the volume,Help_Volume,F3_cmd_vs_help,,,,,,
how do i push down the volume,Help_Volume,F3_cmd_vs_help,,,,,,
where do i find the outdoor program,Help_ChangingMemories,F3_cmd_vs_help,,,,,,
where do i find the restaurant program,Help_ChangingMemories,F3_cmd_vs_help,,,,,,
how do i lift the volume,Help_Volume,F3_cmd_vs_help,,,,,,
switch to the car program,Cmd.MemoryChange,F3_cmd_vs_help,,,,,,
use the meeting program,Cmd.MemoryChange,F3_cmd_vs_help,,,,,,
how do i switch to the restaurant program,Help_ChangingMemories,F3_cmd_vs_help,,,,,,
can you show me how to lift the volume,Help_Volume,F3_cmd_vs_help,,,,,,
put me on the tv setting,Cmd.MemoryChange,F3_cmd_vs_help,,,,,,
can you show me how to reduce the volume,Help_Volume,F3_cmd_vs_help,,,,,,
can you show me how to bring down the volume,Help_Volume,F3_cmd_vs_help,,,,,,
how do i switch to the car program,Help_ChangingMemories,F3_cmd_vs_help,,,,,,
how do i amplify the volume,Help_Volume,F3_cmd_vs_help,,,,,,
increase the tablet brightness,Default Fallback Intent,F4_near_ood,,,,,,
make the laptop louder,Default Fallback Intent,F4_near_ood,,,,,,
make the tv set louder,Default Fallback Intent,F4_near_ood,,,,,,
make the television louder,Default Fallback Intent,F4_near_ood,,,,,,
make the laptop quieter,Default Fallback Intent,F4_near_ood,,,,,,
mute the doorbell,Default Fallback Intent,F4_near_ood,,,,,,
turn the laptop volume down,Default Fallback Intent,F4_near_ood,,,,,,
turn the television volume down,Default Fallback Intent,F4_near_ood,,,,,,
make the tablet louder,Default Fallback Intent,F4_near_ood,,,,,,
make the doorbell louder,Default Fallback Intent,F4_near_ood,,,,,,
make the tv set quieter,Default Fallback Intent,F4_near_ood,,,,,,
increase the phone brightness,Default Fallback Intent,F4_near_ood,,,,,,
mute the television,Default Fallback Intent,F4_near_ood,,,,,,
turn the phone volume up,Default Fallback Intent,F4_near_ood,,,,,,
turn the tablet volume down,Default Fallback Intent,F4_near_ood,,,,,,
increase the speaker brightness,Default Fallback Intent,F4_near_ood,,,,,,
turn the laptop volume up,Default Fallback Intent,F4_near_ood,,,,,,
mute the tablet,Default Fallback Intent,F4_near_ood,,,,,,
make the radio louder,Default Fallback Intent,F4_near_ood,,,,,,
pause the tablet,Default Fallback Intent,F4_near_ood,,,,,,
increase the alarm clock brightness,Default Fallback Intent,F4_near_ood,,,,,,
increase the radio brightness,Default Fallback Intent,F4_near_ood,,,,,,
mute the car stereo,Default Fallback Intent,F4_near_ood,,,,,,
turn the radio volume down,Default Fallback Intent,F4_near_ood,,,,,,
pause the doorbell,Default Fallback Intent,F4_near_ood,,,,,,
mute the tv set,Default Fallback Intent,F4_near_ood,,,,,,
make the tablet quieter,Default Fallback Intent,F4_near_ood,,,,,,
make the radio quieter,Default Fallback Intent,F4_near_ood,,,,,,
turn the radio volume up,Default Fallback Intent,F4_near_ood,,,,,,
turn the mobile volume up,Default Fallback Intent,F4_near_ood,,,,,,
mute the speaker,Default Fallback Intent,F4_near_ood,,,,,,
make the speaker louder,Default Fallback Intent,F4_near_ood,,,,,,
increase the mobile brightness,Default Fallback Intent,F4_near_ood,,,,,,
make the phone quieter,Default Fallback Intent,F4_near_ood,,,,,,
turn the tv set volume up,Default Fallback Intent,F4_near_ood,,,,,,
turn the phone volume down,Default Fallback Intent,F4_near_ood,,,,,,
make the car stereo louder,Default Fallback Intent,F4_near_ood,,,,,,
mute the alarm clock,Default Fallback Intent,F4_near_ood,,,,,,
turn the car stereo volume down,Default Fallback Intent,F4_near_ood,,,,,,
make the car stereo quieter,Default Fallback Intent,F4_near_ood,,,,,,
turn the television volume up,Default Fallback Intent,F4_near_ood,,,,,,
pause the speaker,Default Fallback Intent,F4_near_ood,,,,,,
turn the car stereo volume up,Default Fallback Intent,F4_near_ood,,,,,,
pause the alarm clock,Default Fallback Intent,F4_near_ood,,,,,,
turn the tv set volume down,Default Fallback Intent,F4_near_ood,,,,,,
turn the alarm clock volume up,Default Fallback Intent,F4_near_ood,,,,,,
pause the tv set,Default Fallback Intent,F4_near_ood,,,,,,
pause the television,Default Fallback Intent,F4_near_ood,,,,,,
mute the phone,Default Fallback Intent,F4_near_ood,,,,,,
make the alarm clock quieter,Default Fallback Intent,F4_near_ood,,,,,,
pause the laptop,Default Fallback Intent,F4_near_ood,,,,,,
turn the doorbell volume down,Default Fallback Intent,F4_near_ood,,,,,,
mute the mobile,Default Fallback Intent,F4_near_ood,,,,,,
make the mobile louder,Default Fallback Intent,F4_near_ood,,,,,,
turn the tablet volume up,Default Fallback Intent,F4_near_ood,,,,,,
pause the radio,Default Fallback Intent,F4_near_ood,,,,,,
pause the car stereo,Default Fallback Intent,F4_near_ood,,,,,,
pause the mobile,Default Fallback Intent,F4_near_ood,,,,,,
make the alarm clock louder,Default Fallback Intent,F4_near_ood,,,,,,
mute the radio,Default Fallback Intent,F4_near_ood,,,,,,
turn the alarm clock volume down,Default Fallback Intent,F4_near_ood,,,,,,
increase the laptop brightness,Default Fallback Intent,F4_near_ood,,,,,,
increase the doorbell brightness,Default Fallback Intent,F4_near_ood,,,,,,
increase the television brightness,Default Fallback Intent,F4_near_ood,,,,,,
pause the phone,Default Fallback Intent,F4_near_ood,,,,,,
make the mobile quieter,Default Fallback Intent,F4_near_ood,,,,,,
increase the car stereo brightness,Default Fallback Intent,F4_near_ood,,,,,,
turn the speaker volume down,Default Fallback Intent,F4_near_ood,,,,,,
make the television quieter,Default Fallback Intent,F4_near_ood,,,,,,
mute the laptop,Default Fallback Intent,F4_near_ood,,,,,,
make the doorbell quieter,Default Fallback Intent,F4_near_ood,,,,,,
increase the tv set brightness,Default Fallback Intent,F4_near_ood,,,,,,
turn the speaker volume up,Default Fallback Intent,F4_near_ood,,,,,,
turn the doorbell volume up,Default Fallback Intent,F4_near_ood,,,,,,
turn the mobile volume down,Default Fallback Intent,F4_near_ood,,,,,,
make the speaker quieter,Default Fallback Intent,F4_near_ood,,,,,,
did i hit my activity goal for today,Cmd.ActivityAerobics,F6_activity_goal,,,,,,
what is my activity target,Cmd.ActivityAerobics,F6_activity_goal,,,,,,
am i close to my activity summary,Help_Health,F6_activity_goal,,,,,,
show me my activity goal for today,Cmd.ActivityAerobics,F6_activity_goal,,,,,,
check my activity goal,Cmd.ActivityAerobics,F6_activity_goal,,,,,,
what about my activity target,Cmd.ActivityAerobics,F6_activity_goal,,,,,,
display my activity goal,Cmd.ActivityAerobics,F6_activity_goal,,,,,,
how far off is my activity target,Cmd.ActivityAerobics,F6_activity_goal,,,,,,
read out my activity goal today,Cmd.ActivityAerobics,F6_activity_goal,,,,,,
tell me my activity history,Help_Health,F6_activity_goal,,,,,,
check my activity target,Cmd.ActivityAerobics,F6_activity_goal,,,,,,
check my activity history,Help_Health,F6_activity_goal,,,,,,
tell me my activity summary,Help_Health,F6_activity_goal,,,,,,
tell me my activity goal for today,Cmd.ActivityAerobics,F6_activity_goal,,,,,,
check my activity goal today,Cmd.ActivityAerobics,F6_activity_goal,,,,,,
read out my activity goal,Cmd.ActivityAerobics,F6_activity_goal,,,,,,
display my activity goal for today,Cmd.ActivityAerobics,F6_activity_goal,,,,,,
what is my activity history,Help_Health,F6_activity_goal,,,,,,
please show me my activity summary,Help_Health,F6_activity_goal,,,,,,
what about my overall activity,Help_Health,F6_activity_goal,,,,,,
how far off is my activity goal,Cmd.ActivityAerobics,F6_activity_goal,,,,,,
please show me my activity stats,Help_Health,F6_activity_goal,,,,,,
please show me my activity target,Cmd.ActivityAerobics,F6_activity_goal,,,,,,
have i reached my daily activity goal,Cmd.ActivityAerobics,F6_activity_goal,,,,,,
please show me my activity goal for today,Cmd.ActivityAerobics,F6_activity_goal,,,,,,
have i reached my activity history,Help_Health,F6_activity_goal,,,,,,
what about my daily activity goal,Cmd.ActivityAerobics,F6_activity_goal,,,,,,
can you show me my overall activity,Help_Health,F6_activity_goal,,,,,,
can you show me my activity target,Cmd.ActivityAerobics,F6_activity_goal,,,,,,
how far off is my activity history,Help_Health,F6_activity_goal,,,,,,
what is my daily activity goal,Cmd.ActivityAerobics,F6_activity_goal,,,,,,
am i close to my daily activity goal,Cmd.ActivityAerobics,F6_activity_goal,,,,,,
tell me my activity goal,Cmd.ActivityAerobics,F6_activity_goal,,,,,,
am i close to my activity goal today,Cmd.ActivityAerobics,F6_activity_goal,,,,,,
can you show me my daily activity goal,Cmd.ActivityAerobics,F6_activity_goal,,,,,,
tell me my daily activity goal,Cmd.ActivityAerobics,F6_activity_goal,,,,,,
show me my activity overview,Help_Health,F6_activity_goal,,,,,,
am i close to my activity stats,Help_Health,F6_activity_goal,,,,,,
read out my activity target,Cmd.ActivityAerobics,F6_activity_goal,,,,,,
am i close to my activity goal,Cmd.ActivityAerobics,F6_activity_goal,,,,,,
am i close to my overall activity,Help_Health,F6_activity_goal,,,,,,
please show me my daily activity goal,Cmd.ActivityAerobics,F6_activity_goal,,,,,,
show me my activity summary,Help_Health,F6_activity_goal,,,,,,
tell me my activity overview,Help_Health,F6_activity_goal,,,,,,
can you show me my activity overview,Help_Health,F6_activity_goal,,,,,,
check my activity summary,Help_Health,F6_activity_goal,,,,,,
please show me my activity history,Help_Health,F6_activity_goal,,,,,,
check my daily activity goal,Cmd.ActivityAerobics,F6_activity_goal,,,,,,
have i reached my activity summary,Help_Health,F6_activity_goal,,,,,,
read out my activity overview,Help_Health,F6_activity_goal,,,,,,
check my activity overview,Help_Health,F6_activity_goal,,,,,,
did i hit my activity goal today,Cmd.ActivityAerobics,F6_activity_goal,,,,,,
tell me my activity target,Cmd.ActivityAerobics,F6_activity_goal,,,,,,
display my activity history,Help_Health,F6_activity_goal,,,,,,
how far off is my activity goal for today,Cmd.ActivityAerobics,F6_activity_goal,,,,,,
have i reached my activity target,Cmd.ActivityAerobics,F6_activity_goal,,,,,,
show me my overall activity,Help_Health,F6_activity_goal,,,,,,
tell me my activity goal today,Cmd.ActivityAerobics,F6_activity_goal,,,,,,
can you show me my activity goal for today,Cmd.ActivityAerobics,F6_activity_goal,,,,,,
did i hit my daily activity goal,Cmd.ActivityAerobics,F6_activity_goal,,,,,,
display my overall activity,Help_Health,F6_activity_goal,,,,,,
can you show me my activity goal today,Cmd.ActivityAerobics,F6_activity_goal,,,,,,
did i hit my activity history,Help_Health,F6_activity_goal,,,,,,
how far off is my activity goal today,Cmd.ActivityAerobics,F6_activity_goal,,,,,,
what is my overall activity,Help_Health,F6_activity_goal,,,,,,
check my activity stats,Help_Health,F6_activity_goal,,,,,,
how far off is my daily activity goal,Cmd.ActivityAerobics,F6_activity_goal,,,,,,
display my activity summary,Help_Health,F6_activity_goal,,,,,,
display my activity goal today,Cmd.ActivityAerobics,F6_activity_goal,,,,,,
did i hit my activity summary,Help_Health,F6_activity_goal,,,,,,
please show me my activity goal today,Cmd.ActivityAerobics,F6_activity_goal,,,,,,
what is my activity stats,Help_Health,F6_activity_goal,,,,,,
did i hit my activity target,Cmd.ActivityAerobics,F6_activity_goal,,,,,,
tell me my overall activity,Help_Health,F6_activity_goal,,,,,,
what is my activity goal today,Cmd.ActivityAerobics,F6_activity_goal,,,,,,
am i close to my activity goal for today,Cmd.ActivityAerobics,F6_activity_goal,,,,,,
what about my activity history,Help_Health,F6_activity_goal,,,,,,
show me my activity goal today,Cmd.ActivityAerobics,F6_activity_goal,,,,,,
check my overall activity,Help_Health,F6_activity_goal,,,,,,
am i close to my activity target,Cmd.ActivityAerobics,F6_activity_goal,,,,,,
did i hit my activity overview,Help_Health,F6_activity_goal,,,,,,
what is my activity summary,Help_Health,F6_activity_goal,,,,,,
can you show me my activity summary,Help_Health,F6_activity_goal,,,,,,
check my activity goal for today,Cmd.ActivityAerobics,F6_activity_goal,,,,,,
what about my activity goal,Cmd.ActivityAerobics,F6_activity_goal,,,,,,
what about my activity summary,Help_Health,F6_activity_goal,,,,,,
display my daily activity goal,Cmd.ActivityAerobics,F6_activity_goal,,,,,,
have i reached my activity goal for today,Cmd.ActivityAerobics,F6_activity_goal,,,,,,
read out my activity history,Help_Health,F6_activity_goal,,,,,,
how far off is my overall activity,Help_Health,F6_activity_goal,,,,,,
how far off is my activity summary,Help_Health,F6_activity_goal,,,,,,
have i reached my activity overview,Help_Health,F6_activity_goal,,,,,,
display my activity overview,Help_Health,F6_activity_goal,,,,,,
read out my activity goal for today,Cmd.ActivityAerobics,F6_activity_goal,,,,,,
what about my activity overview,Help_Health,F6_activity_goal,,,,,,
did i hit my activity stats,Help_Health,F6_activity_goal,,,,,,
show me my activity stats,Help_Health,F6_activity_goal,,,,,,
please show me my overall activity,Help_Health,F6_activity_goal,,,,,,
what about my activity goal today,Cmd.ActivityAerobics,F6_activity_goal,,,,,,
how far off is my activity stats,Help_Health,F6_activity_goal,,,,,,
please show me my activity overview,Help_Health,F6_activity_goal,,,,,,
have i reached my activity stats,Help_Health,F6_activity_goal,,,,,,
have i reached my activity goal today,Cmd.ActivityAerobics,F6_activity_goal,,,,,,
how far off is my activity overview,Help_Health,F6_activity_goal,,,,,,
show me my activity target,Cmd.ActivityAerobics,F6_activity_goal,,,,,,
can you show me my activity history,Help_Health,F6_activity_goal,,,,,,
what is my activity goal,Cmd.ActivityAerobics,F6_activity_goal,,,,,,
show me my activity history,Help_Health,F6_activity_goal,,,,,,
have i reached my overall activity,Help_Health,F6_activity_goal,,,,,,
read out my activity summary,Help_Health,F6_activity_goal,,,,,,
can you show me my activity stats,Help_Health,F6_activity_goal,,,,,,
display my activity stats,Help_Health,F6_activity_goal,,,,,,
what about my activity stats,Help_Health,F6_activity_goal,,,,,,
what is my activity overview,Help_Health,F6_activity_goal,,,,,,
what is my activity goal for today,Cmd.ActivityAerobics,F6_activity_goal,,,,,,
am i close to my activity overview,Help_Health,F6_activity_goal,,,,,,
am i close to my activity history,Help_Health,F6_activity_goal,,,,,,
what about my activity goal for today,Cmd.ActivityAerobics,F6_activity_goal,,,,,,
read out my overall activity,Help_Health,F6_activity_goal,,,,,,
show me my daily activity goal,Cmd.ActivityAerobics,F6_activity_goal,,,,,,
read out my daily activity goal,Cmd.ActivityAerobics,F6_activity_goal,,,,,,
did i hit my overall activity,Help_Health,F6_activity_goal,,,,,,
did i hit my activity goal,Cmd.ActivityAerobics,F6_activity_goal,,,,,,
tell me my activity stats,Help_Health,F6_activity_goal,,,,,,
read out my activity stats,Help_Health,F6_activity_goal,,,,,,
display my activity target,Cmd.ActivityAerobics,F6_activity_goal,,,,,,
kill the sound on my aids,Cmd.VolumeMute,F7_mute_direction,,,,,,
sound on for the left aid,Cmd.VolumeUnmute,F7_mute_direction,,,,,,
please turn the sound back on for them,Cmd.VolumeUnmute,F7_mute_direction,,,,,,
turn the sound off on my aids,Cmd.VolumeMute,F7_mute_direction,,,,,,
mute everything,Cmd.VolumeMute,F7_mute_direction,,,,,,
please turn the sound off on everything,Cmd.VolumeMute,F7_mute_direction,,,,,,
please unmute the right aid,Cmd.VolumeUnmute,F7_mute_direction,,,,,,
please quiet completely the left aid,Cmd.VolumeMute,F7_mute_direction,,,,,,
silence both aids,Cmd.VolumeMute,F7_mute_direction,,,,,,
please shut off the sound on everything,Cmd.VolumeMute,F7_mute_direction,,,,,,
turn the sound off on everything,Cmd.VolumeMute,F7_mute_direction,,,,,,
please shut off the sound on my aids,Cmd.VolumeMute,F7_mute_direction,,,,,,
please no sound from my aids,Cmd.VolumeMute,F7_mute_direction,,,,,,
please shut off the sound on the left aid,Cmd.VolumeMute,F7_mute_direction,,,,,,
no sound from the right aid,Cmd.VolumeMute,F7_mute_direction,,,,,,
please kill the sound on both aids,Cmd.VolumeMute,F7_mute_direction,,,,,,
please quiet completely both aids,Cmd.VolumeMute,F7_mute_direction,,,,,,
quiet completely the right aid,Cmd.VolumeMute,F7_mute_direction,,,,,,
please turn the sound back on for the left aid,Cmd.VolumeUnmute,F7_mute_direction,,,,,,
please quiet completely my aids,Cmd.VolumeMute,F7_mute_direction,,,,,,
please no sound from my hearing aids,Cmd.VolumeMute,F7_mute_direction,,,,,,
give sound back to my aids,Cmd.VolumeUnmute,F7_mute_direction,,,,,,
please mute the right aid,Cmd.VolumeMute,F7_mute_direction,,,,,,
please kill the sound on the right aid,Cmd.VolumeMute,F7_mute_direction,,,,,,
quiet completely everything,Cmd.VolumeMute,F7_mute_direction,,,,,,
sound on for both aids,Cmd.VolumeUnmute,F7_mute_direction,,,,,,
no sound from my hearing aids,Cmd.VolumeMute,F7_mute_direction,,,,,,
please sound on for the left aid,Cmd.VolumeUnmute,F7_mute_direction,,,,,,
mute them,Cmd.VolumeMute,F7_mute_direction,,,,,,
please turn the sound back on for my aids,Cmd.VolumeUnmute,F7_mute_direction,,,,,,
please sound on for my hearing aids,Cmd.VolumeUnmute,F7_mute_direction,,,,,,
unmute both aids,Cmd.VolumeUnmute,F7_mute_direction,,,,,,
please wake the sound on everything,Cmd.VolumeUnmute,F7_mute_direction,,,,,,
no sound from both aids,Cmd.VolumeMute,F7_mute_direction,,,,,,
please give sound back to them,Cmd.VolumeUnmute,F7_mute_direction,,,,,,
unsilence everything,Cmd.VolumeUnmute,F7_mute_direction,,,,,,
please mute everything,Cmd.VolumeMute,F7_mute_direction,,,,,,
give sound back to the right aid,Cmd.VolumeUnmute,F7_mute_direction,,,,,,
sound on for everything,Cmd.VolumeUnmute,F7_mute_direction,,,,,,
kill the sound on them,Cmd.VolumeMute,F7_mute_direction,,,,,,
turn the sound back on for both aids,Cmd.VolumeUnmute,F7_mute_direction,,,,,,
mute the left aid,Cmd.VolumeMute,F7_mute_direction,,,,,,
no sound from them,Cmd.VolumeMute,F7_mute_direction,,,,,,
unmute them,Cmd.VolumeUnmute,F7_mute_direction,,,,,,
shut off the sound on everything,Cmd.VolumeMute,F7_mute_direction,,,,,,
please bring the sound back to the left aid,Cmd.VolumeUnmute,F7_mute_direction,,,,,,
please give sound back to everything,Cmd.VolumeUnmute,F7_mute_direction,,,,,,
turn the sound back on for my aids,Cmd.VolumeUnmute,F7_mute_direction,,,,,,
please bring the sound back to them,Cmd.VolumeUnmute,F7_mute_direction,,,,,,
please wake the sound on my hearing aids,Cmd.VolumeUnmute,F7_mute_direction,,,,,,
please unmute the left aid,Cmd.VolumeUnmute,F7_mute_direction,,,,,,
turn the sound back on for them,Cmd.VolumeUnmute,F7_mute_direction,,,,,,
wake the sound on both aids,Cmd.VolumeUnmute,F7_mute_direction,,,,,,
please sound on for both aids,Cmd.VolumeUnmute,F7_mute_direction,,,,,,
turn the sound off on the right aid,Cmd.VolumeMute,F7_mute_direction,,,,,,
please silence both aids,Cmd.VolumeMute,F7_mute_direction,,,,,,
please shut off the sound on them,Cmd.VolumeMute,F7_mute_direction,,,,,,
please unsilence my hearing aids,Cmd.VolumeUnmute,F7_mute_direction,,,,,,
wake the sound on everything,Cmd.VolumeUnmute,F7_mute_direction,,,,,,
kill the sound on the right aid,Cmd.VolumeMute,F7_mute_direction,,,,,,
please no sound from the right aid,Cmd.VolumeMute,F7_mute_direction,,,,,,
please no sound from them,Cmd.VolumeMute,F7_mute_direction,,,,,,
please turn the sound back on for everything,Cmd.VolumeUnmute,F7_mute_direction,,,,,,
sound on for my hearing aids,Cmd.VolumeUnmute,F7_mute_direction,,,,,,
please bring the sound back to the right aid,Cmd.VolumeUnmute,F7_mute_direction,,,,,,
please turn the sound off on the right aid,Cmd.VolumeMute,F7_mute_direction,,,,,,
please sound on for everything,Cmd.VolumeUnmute,F7_mute_direction,,,,,,
please turn the sound back on for the right aid,Cmd.VolumeUnmute,F7_mute_direction,,,,,,
please silence the left aid,Cmd.VolumeMute,F7_mute_direction,,,,,,
please mute them,Cmd.VolumeMute,F7_mute_direction,,,,,,
please wake the sound on my aids,Cmd.VolumeUnmute,F7_mute_direction,,,,,,
give sound back to everything,Cmd.VolumeUnmute,F7_mute_direction,,,,,,
please shut off the sound on the right aid,Cmd.VolumeMute,F7_mute_direction,,,,,,
please give sound back to both aids,Cmd.VolumeUnmute,F7_mute_direction,,,,,,
bring the sound back to everything,Cmd.VolumeUnmute,F7_mute_direction,,,,,,
please give sound back to my aids,Cmd.VolumeUnmute,F7_mute_direction,,,,,,
please bring the sound back to my aids,Cmd.VolumeUnmute,F7_mute_direction,,,,,,
please turn the sound off on my hearing aids,Cmd.VolumeMute,F7_mute_direction,,,,,,
kill the sound on both aids,Cmd.VolumeMute,F7_mute_direction,,,,,,
please shut off the sound on both aids,Cmd.VolumeMute,F7_mute_direction,,,,,,
please kill the sound on my hearing aids,Cmd.VolumeMute,F7_mute_direction,,,,,,
please silence the right aid,Cmd.VolumeMute,F7_mute_direction,,,,,,
wake the sound on the left aid,Cmd.VolumeUnmute,F7_mute_direction,,,,,,
kill the sound on everything,Cmd.VolumeMute,F7_mute_direction,,,,,,
please silence them,Cmd.VolumeMute,F7_mute_direction,,,,,,
silence them,Cmd.VolumeMute,F7_mute_direction,,,,,,
please no sound from the left aid,Cmd.VolumeMute,F7_mute_direction,,,,,,
wake the sound on the right aid,Cmd.VolumeUnmute,F7_mute_direction,,,,,,
please unmute both aids,Cmd.VolumeUnmute,F7_mute_direction,,,,,,
mute both aids,Cmd.VolumeMute,F7_mute_direction,,,,,,
please unsilence both aids,Cmd.VolumeUnmute,F7_mute_direction,,,,,,
please mute both aids,Cmd.VolumeMute,F7_mute_direction,,,,,,
please wake the sound on them,Cmd.VolumeUnmute,F7_mute_direction,,,,,,
quiet completely the left aid,Cmd.VolumeMute,F7_mute_direction,,,,,,
turn the sound off on my hearing aids,Cmd.VolumeMute,F7_mute_direction,,,,,,
shut off the sound on both aids,Cmd.VolumeMute,F7_mute_direction,,,,,,
please wake the sound on both aids,Cmd.VolumeUnmute,F7_mute_direction,,,,,,
please sound on for the right aid,Cmd.VolumeUnmute,F7_mute_direction,,,,,,
shut off the sound on my aids,Cmd.VolumeMute,F7_mute_direction,,,,,,
please silence my hearing aids,Cmd.VolumeMute,F7_mute_direction,,,,,,
bring the sound back to the left aid,Cmd.VolumeUnmute,F7_mute_direction,,,,,,
please no sound from both aids,Cmd.VolumeMute,F7_mute_direction,,,,,,
please turn the sound back on for both aids,Cmd.VolumeUnmute,F7_mute_direction,,,,,,
sound on for my aids,Cmd.VolumeUnmute,F7_mute_direction,,,,,,
quiet completely them,Cmd.VolumeMute,F7_mute_direction,,,,,,
please kill the sound on them,Cmd.VolumeMute,F7_mute_direction,,,,,,
wake the sound on them,Cmd.VolumeUnmute,F7_mute_direction,,,,,,
please bring the sound back to everything,Cmd.VolumeUnmute,F7_mute_direction,,,,,,
please sound on for my aids,Cmd.VolumeUnmute,F7_mute_direction,,,,,,
give sound back to them,Cmd.VolumeUnmute,F7_mute_direction,,,,,,
wake the sound on my aids,Cmd.VolumeUnmute,F7_mute_direction,,,,,,
turn the sound back on for the right aid,Cmd.VolumeUnmute,F7_mute_direction,,,,,,
please quiet completely the right aid,Cmd.VolumeMute,F7_mute_direction,,,,,,
please mute the left aid,Cmd.VolumeMute,F7_mute_direction,,,,,,
unmute the right aid,Cmd.VolumeUnmute,F7_mute_direction,,,,,,
please wake the sound on the right aid,Cmd.VolumeUnmute,F7_mute_direction,,,,,,
please unsilence the right aid,Cmd.VolumeUnmute,F7_mute_direction,,,,,,
please bring the sound back to my hearing aids,Cmd.VolumeUnmute,F7_mute_direction,,,,,,
please give sound back to the right aid,Cmd.VolumeUnmute,F7_mute_direction,,,,,,
turn the sound off on the left aid,Cmd.VolumeMute,F7_mute_direction,,,,,,
give sound back to both aids,Cmd.VolumeUnmute,F7_mute_direction,,,,,,
please unsilence them,Cmd.VolumeUnmute,F7_mute_direction,,,,,,
quiet completely both aids,Cmd.VolumeMute,F7_mute_direction,,,,,,
please shut off the sound on my hearing aids,Cmd.VolumeMute,F7_mute_direction,,,,,,
please turn the sound off on the left aid,Cmd.VolumeMute,F7_mute_direction,,,,,,
bring the sound back to my aids,Cmd.VolumeUnmute,F7_mute_direction,,,,,,
mute the right aid,Cmd.VolumeMute,F7_mute_direction,,,,,,
bring the sound back to both aids,Cmd.VolumeUnmute,F7_mute_direction,,,,,,
please silence everything,Cmd.VolumeMute,F7_mute_direction,,,,,,
give sound back to my hearing aids,Cmd.VolumeUnmute,F7_mute_direction,,,,,,
unsilence my hearing aids,Cmd.VolumeUnmute,F7_mute_direction,,,,,,
no sound from the left aid,Cmd.VolumeMute,F7_mute_direction,,,,,,
unsilence them,Cmd.VolumeUnmute,F7_mute_direction,,,,,,
turn the sound back on for the left aid,Cmd.VolumeUnmute,F7_mute_direction,,,,,,
unsilence both aids,Cmd.VolumeUnmute,F7_mute_direction,,,,,,
please give sound back to my hearing aids,Cmd.VolumeUnmute,F7_mute_direction,,,,,,
unsilence the left aid,Cmd.VolumeUnmute,F7_mute_direction,,,,,,
bring the sound back to the right aid,Cmd.VolumeUnmute,F7_mute_direction,,,,,,
shut off the sound on the left aid,Cmd.VolumeMute,F7_mute_direction,,,,,,
please quiet completely everything,Cmd.VolumeMute,F7_mute_direction,,,,,,
please bring the sound back to both aids,Cmd.VolumeUnmute,F7_mute_direction,,,,,,
please unsilence everything,Cmd.VolumeUnmute,F7_mute_direction,,,,,,
shut off the sound on the right aid,Cmd.VolumeMute,F7_mute_direction,,,,,,
please turn the sound off on my aids,Cmd.VolumeMute,F7_mute_direction,,,,,,
no sound from my aids,Cmd.VolumeMute,F7_mute_direction,,,,,,
please no sound from everything,Cmd.VolumeMute,F7_mute_direction,,,,,,
please unmute them,Cmd.VolumeUnmute,F7_mute_direction,,,,,,
bring the sound back to them,Cmd.VolumeUnmute,F7_mute_direction,,,,,,
please unmute everything,Cmd.VolumeUnmute,F7_mute_direction,,,,,,
bring the sound back to my hearing aids,Cmd.VolumeUnmute,F7_mute_direction,,,,,,
turn the sound off on both aids,Cmd.VolumeMute,F7_mute_direction,,,,,,
please turn the sound back on for my hearing aids,Cmd.VolumeUnmute,F7_mute_direction,,,,,,
quiet completely my hearing aids,Cmd.VolumeMute,F7_mute_direction,,,,,,
please kill the sound on everything,Cmd.VolumeMute,F7_mute_direction,,,,,,
wake the sound on my hearing aids,Cmd.VolumeUnmute,F7_mute_direction,,,,,,
please quiet completely them,Cmd.VolumeMute,F7_mute_direction,,,,,,
unsilence the right aid,Cmd.VolumeUnmute,F7_mute_direction,,,,,,
please give sound back to the left aid,Cmd.VolumeUnmute,F7_mute_direction,,,,,,
please sound on for them,Cmd.VolumeUnmute,F7_mute_direction,,,,,,
please turn the sound off on both aids,Cmd.VolumeMute,F7_mute_direction,,,,,,
silence the left aid,Cmd.VolumeMute,F7_mute_direction,,,,,,
please quiet completely my hearing aids,Cmd.VolumeMute,F7_mute_direction,,,,,,
kill the sound on my hearing aids,Cmd.VolumeMute,F7_mute_direction,,,,,,
unmute the left aid,Cmd.VolumeUnmute,F7_mute_direction,,,,,,
kill the sound on the left aid,Cmd.VolumeMute,F7_mute_direction,,,,,,
shut off the sound on them,Cmd.VolumeMute,F7_mute_direction,,,,,,
please kill the sound on the left aid,Cmd.VolumeMute,F7_mute_direction,,,,,,
give sound back to the left aid,Cmd.VolumeUnmute,F7_mute_direction,,,,,,
please kill the sound on my aids,Cmd.VolumeMute,F7_mute_direction,,,,,,
silence the right aid,Cmd.VolumeMute,F7_mute_direction,,,,,,
sound on for them,Cmd.VolumeUnmute,F7_mute_direction,,,,,,
please turn the sound off on them,Cmd.VolumeMute,F7_mute_direction,,,,,,
please wake the sound on the left aid,Cmd.VolumeUnmute,F7_mute_direction,,,,,,
no sound from everything,Cmd.VolumeMute,F7_mute_direction,,,,,,
turn the sound back on for everything,Cmd.VolumeUnmute,F7_mute_direction,,,,,,
quiet completely my aids,Cmd.VolumeMute,F7_mute_direction,,,,,,
sound on for the right aid,Cmd.VolumeUnmute,F7_mute_direction,,,,,,
shut off the sound on my hearing aids,Cmd.VolumeMute,F7_mute_direction,,,,,,
turn the sound back on for my hearing aids,Cmd.VolumeUnmute,F7_mute_direction,,,,,,
turn the sound off on them,Cmd.VolumeMute,F7_mute_direction,,,,,,
please unsilence the left aid,Cmd.VolumeUnmute,F7_mute_direction,,,,,,
put the right aid louder,Cmd.VolumeIncrease,F8_result_vs_howto,,,,,,
put the left aid louder,Cmd.VolumeIncrease,F8_result_vs_howto,,,,,,
turn down the volume on my hearing aids,Cmd.VolumeDecrease,F8_result_vs_howto,,,,,,
explain how volume works on both aids,Help_Volume,F8_result_vs_howto,,,,,,
how long have i been exercising this week,Cmd.ActivityExercise,F8_result_vs_howto,,,,,,
is there enough battery left on the right aid,Cmd.BatteryLevel,F8_result_vs_howto,,,,,,
how much energy did i burn this week,Cmd.ActivityCalories,F8_result_vs_howto,,,,,,
make both aids quieter,Cmd.VolumeDecrease,F8_result_vs_howto,,,,,,
turn down the volume on both aids,Cmd.VolumeDecrease,F8_result_vs_howto,,,,,,
where do i adjust the volume for the left aid,Help_Volume,F8_result_vs_howto,,,,,,
explain the battery on my hearing aids,Help_Battery,F8_result_vs_howto,,,,,,
how many steps have i taken so far,Cmd.ActivityStep,F8_result_vs_howto,,,,,,
how do i change my calorie goal,Help_Health,F8_result_vs_howto,,,,,,
how much energy did i burn so far,Cmd.ActivityCalories,F8_result_vs_howto,,,,,,
how do i log a workout,Help_Health,F8_result_vs_howto,,,,,,
put the left aid quieter,Cmd.VolumeDecrease,F8_result_vs_howto,,,,,,
how do i check the battery on my hearing aids,Help_Battery,F8_result_vs_howto,,,,,,
have i hit my step goal so far,Cmd.ActivityStep,F8_result_vs_howto,,,,,,
how do i change the volume on both aids,Help_Volume,F8_result_vs_howto,,,,,,
how long have i been exercising so far,Cmd.ActivityExercise,F8_result_vs_howto,,,,,,
read out my calories yesterday,Cmd.ActivityCalories,F8_result_vs_howto,,,,,,
how much battery is left on the right aid,Cmd.BatteryLevel,F8_result_vs_howto,,,,,,
is there enough battery left on both aids,Cmd.BatteryLevel,F8_result_vs_howto,,,,,,
make my hearing aids quieter,Cmd.VolumeDecrease,F8_result_vs_howto,,,,,,
what is my recovery rate so far,Help_HeartRateRecovery,F8_result_vs_howto,,,,,,
what is the battery level on the left aid,Cmd.BatteryLevel,F8_result_vs_howto,,,,,,
what is my heart rate yesterday,Help_HeartRate,F8_result_vs_howto,,,,,,
i lost one of my hearing aids,Help_FindMyHearingAids,F8_result_vs_howto,,,,,,
what percent battery does both aids have,Cmd.BatteryLevel,F8_result_vs_howto,,,,,,
how do i charge the left aid,Help_Battery,F8_result_vs_howto,,,,,,
how much energy did i burn today,Cmd.ActivityCalories,F8_result_vs_howto,,,,,,
how long did i work out today,Cmd.ActivityExercise,F8_result_vs_howto,,,,,,
put my aids louder,Cmd.VolumeIncrease,F8_result_vs_howto,,,,,,
where do i put the battery in the left aid,Help_Battery,F8_result_vs_howto,,,,,,
how long did i work out this month,Cmd.ActivityExercise,F8_result_vs_howto,,,,,,
what is my step count this week,Cmd.ActivityStep,F8_result_vs_howto,,,,,,
what battery size does my hearing aids take,Help_Battery,F8_result_vs_howto,,,,,,
is there enough battery left on the left aid,Cmd.BatteryLevel,F8_result_vs_howto,,,,,,
where do i put the battery in both aids,Help_Battery,F8_result_vs_howto,,,,,,
how do i check the battery on both aids,Help_Battery,F8_result_vs_howto,,,,,,
what battery size does the right aid take,Help_Battery,F8_result_vs_howto,,,,,,
explain how volume works on the left aid,Help_Volume,F8_result_vs_howto,,,,,,
what is my calorie total this month,Cmd.ActivityCalories,F8_result_vs_howto,,,,,,
what is my score yesterday,Help_ThriveScore,F8_result_vs_howto,,,,,,
turn up the volume on my aids,Cmd.VolumeIncrease,F8_result_vs_howto,,,,,,
how do i charge the right aid,Help_Battery,F8_result_vs_howto,,,,,,
how much charge is left on the right aid,Cmd.BatteryLevel,F8_result_vs_howto,,,,,,
how do i reset the volume on my aids,Help_Volume,F8_result_vs_howto,,,,,,
how many calories have i burned this month,Cmd.ActivityCalories,F8_result_vs_howto,,,,,,
is there enough battery left on my hearing aids,Cmd.BatteryLevel,F8_result_vs_howto,,,,,,
what is my heart rate today,Help_HeartRate,F8_result_vs_howto,,,,,,
read out my steps yesterday,Cmd.ActivityStep,F8_result_vs_howto,,,,,,
i cannot find my left aid,Help_FindMyHearingAids,F8_result_vs_howto,,,,,,
how long have i been exercising this month,Cmd.ActivityExercise,F8_result_vs_howto,,,,,,
put my hearing aids quieter,Cmd.VolumeDecrease,F8_result_vs_howto,,,,,,
how much charge is left on the left aid,Cmd.BatteryLevel,F8_result_vs_howto,,,,,,
put the right aid quieter,Cmd.VolumeDecrease,F8_result_vs_howto,,,,,,
where did my right aid go,Help_FindMyHearingAids,F8_result_vs_howto,,,,,,
put my hearing aids louder,Cmd.VolumeIncrease,F8_result_vs_howto,,,,,,
read out my steps so far,Cmd.ActivityStep,F8_result_vs_howto,,,,,,
how do i reset the volume on the left aid,Help_Volume,F8_result_vs_howto,,,,,,
what percent battery does my aids have,Cmd.BatteryLevel,F8_result_vs_howto,,,,,,
turn up the volume on the right aid,Cmd.VolumeIncrease,F8_result_vs_howto,,,,,,
turn up the volume on my hearing aids,Cmd.VolumeIncrease,F8_result_vs_howto,,,,,,
what is my calorie total today,Cmd.ActivityCalories,F8_result_vs_howto,,,,,,
what is my step count this month,Cmd.ActivityStep,F8_result_vs_howto,,,,,,
how long have i been exercising today,Cmd.ActivityExercise,F8_result_vs_howto,,,,,,
how much charge is left on both aids,Cmd.BatteryLevel,F8_result_vs_howto,,,,,,
how much energy did i burn yesterday,Cmd.ActivityCalories,F8_result_vs_howto,,,,,,
how do i charge my aids,Help_Battery,F8_result_vs_howto,,,,,,
where do i put the battery in my aids,Help_Battery,F8_result_vs_howto,,,,,,
make my aids quieter,Cmd.VolumeDecrease,F8_result_vs_howto,,,,,,
read out my calories today,Cmd.ActivityCalories,F8_result_vs_howto,,,,,,
how do i reset the volume on the right aid,Help_Volume,F8_result_vs_howto,,,,,,
how do i check the battery on the left aid,Help_Battery,F8_result_vs_howto,,,,,,
what is my score today,Help_ThriveScore,F8_result_vs_howto,,,,,,
where do i see calories burned,Help_Health,F8_result_vs_howto,,,,,,
what is my calorie total yesterday,Cmd.ActivityCalories,F8_result_vs_howto,,,,,,
what is my recovery rate yesterday,Help_HeartRateRecovery,F8_result_vs_howto,,,,,,
how do i change the volume on the left aid,Help_Volume,F8_result_vs_howto,,,,,,
explain how volume works on my hearing aids,Help_Volume,F8_result_vs_howto,,,,,,
what is my workout total today,Cmd.ActivityExercise,F8_result_vs_howto,,,,,,
where do i put the battery in my hearing aids,Help_Battery,F8_result_vs_howto,,,,,,
put both aids quieter,Cmd.VolumeDecrease,F8_result_vs_howto,,,,,,
read out my steps today,Cmd.ActivityStep,F8_result_vs_howto,,,,,,
what is my recovery rate today,Help_HeartRateRecovery,F8_result_vs_howto,,,,,,
have i hit my step goal today,Cmd.ActivityStep,F8_result_vs_howto,,,,,,
what percent battery does the right aid have,Cmd.BatteryLevel,F8_result_vs_howto,,,,,,
where do i adjust the volume for both aids,Help_Volume,F8_result_vs_howto,,,,,,
what is the battery level on my hearing aids,Cmd.BatteryLevel,F8_result_vs_howto,,,,,,
how many calories have i burned so far,Cmd.ActivityCalories,F8_result_vs_howto,,,,,,
where do i adjust the volume for my aids,Help_Volume,F8_result_vs_howto,,,,,,
turn down the volume on the right aid,Cmd.VolumeDecrease,F8_result_vs_howto,,,,,,
how long did i work out yesterday,Cmd.ActivityExercise,F8_result_vs_howto,,,,,,
how long did i work out so far,Cmd.ActivityExercise,F8_result_vs_howto,,,,,,
explain the battery on the left aid,Help_Battery,F8_result_vs_howto,,,,,,
make the left aid louder,Cmd.VolumeIncrease,F8_result_vs_howto,,,,,,
what is my workout total yesterday,Cmd.ActivityExercise,F8_result_vs_howto,,,,,,
how much charge is left on my aids,Cmd.BatteryLevel,F8_result_vs_howto,,,,,,
what is my recovery rate this month,Help_HeartRateRecovery,F8_result_vs_howto,,,,,,
put my aids quieter,Cmd.VolumeDecrease,F8_result_vs_howto,,,,,,
how do i reset the volume on my hearing aids,Help_Volume,F8_result_vs_howto,,,,,,
where do i see my workout history,Help_Health,F8_result_vs_howto,,,,,,
how do i charge my hearing aids,Help_Battery,F8_result_vs_howto,,,,,,
how much battery is left on the left aid,Cmd.BatteryLevel,F8_result_vs_howto,,,,,,
explain how volume works on my aids,Help_Volume,F8_result_vs_howto,,,,,,
how much charge is left on my hearing aids,Cmd.BatteryLevel,F8_result_vs_howto,,,,,,
make both aids louder,Cmd.VolumeIncrease,F8_result_vs_howto,,,,,,
how much battery is left on my hearing aids,Cmd.BatteryLevel,F8_result_vs_howto,,,,,,
make the right aid louder,Cmd.VolumeIncrease,F8_result_vs_howto,,,,,,
what is my workout total this week,Cmd.ActivityExercise,F8_result_vs_howto,,,,,,
explain how volume works on the right aid,Help_Volume,F8_result_vs_howto,,,,,,
how do i charge both aids,Help_Battery,F8_result_vs_howto,,,,,,
explain what the score measures,Help_ThriveScore,F8_result_vs_howto,,,,,,
turn up the volume on both aids,Cmd.VolumeIncrease,F8_result_vs_howto,,,,,,
what percent battery does the left aid have,Cmd.BatteryLevel,F8_result_vs_howto,,,,,,
how much battery is left on both aids,Cmd.BatteryLevel,F8_result_vs_howto,,,,,,
read out my calories so far,Cmd.ActivityCalories,F8_result_vs_howto,,,,,,
what is my heart rate so far,Help_HeartRate,F8_result_vs_howto,,,,,,
how do i change my step goal,Help_Health,F8_result_vs_howto,,,,,,
how do i check the battery on my aids,Help_Battery,F8_result_vs_howto,,,,,,
what is my step count so far,Cmd.ActivityStep,F8_result_vs_howto,,,,,,
turn up the volume on the left aid,Cmd.VolumeIncrease,F8_result_vs_howto,,,,,,
help me locate my missing aid,Help_FindMyHearingAids,F8_result_vs_howto,,,,,,
what is the battery level on both aids,Cmd.BatteryLevel,F8_result_vs_howto,,,,,,
make the right aid quieter,Cmd.VolumeDecrease,F8_result_vs_howto,,,,,,
explain how step tracking works,Help_Health,F8_result_vs_howto,,,,,,
explain the exercise tracking feature,Help_Health,F8_result_vs_howto,,,,,,
how long have i been exercising yesterday,Cmd.ActivityExercise,F8_result_vs_howto,,,,,,
where do i see my step count,Help_Health,F8_result_vs_howto,,,,,,
turn down the volume on my aids,Cmd.VolumeDecrease,F8_result_vs_howto,,,,,,
make the left aid quieter,Cmd.VolumeDecrease,F8_result_vs_howto,,,,,,
what is my workout total so far,Cmd.ActivityExercise,F8_result_vs_howto,,,,,,
what is my step count yesterday,Cmd.ActivityStep,F8_result_vs_howto,,,,,,
how many steps have i taken yesterday,Cmd.ActivityStep,F8_result_vs_howto,,,,,,
read out my heart rate,Help_HeartRate,F8_result_vs_howto,,,,,,
read out my calories this month,Cmd.ActivityCalories,F8_result_vs_howto,,,,,,
how long did i work out this week,Cmd.ActivityExercise,F8_result_vs_howto,,,,,,
what is my calorie total so far,Cmd.ActivityCalories,F8_result_vs_howto,,,,,,
explain the battery on both aids,Help_Battery,F8_result_vs_howto,,,,,,
where do i adjust the volume for my hearing aids,Help_Volume,F8_result_vs_howto,,,,,,
how much battery is left on my aids,Cmd.BatteryLevel,F8_result_vs_howto,,,,,,
how do i improve my score,Help_ThriveScore,F8_result_vs_howto,,,,,,
put both aids louder,Cmd.VolumeIncrease,F8_result_vs_howto,,,,,,
what percent battery does my hearing aids have,Cmd.BatteryLevel,F8_result_vs_howto,,,,,,
where do i adjust the volume for the right aid,Help_Volume,F8_result_vs_howto,,,,,,
how do i check the battery on the right aid,Help_Battery,F8_result_vs_howto,,,,,,
what is my workout total this month,Cmd.ActivityExercise,F8_result_vs_howto,,,,,,
have i hit my step goal yesterday,Cmd.ActivityStep,F8_result_vs_howto,,,,,,
how do i reset the volume on both aids,Help_Volume,F8_result_vs_howto,,,,,,
what is my score this month,Help_ThriveScore,F8_result_vs_howto,,,,,,
have i hit my step goal this week,Cmd.ActivityStep,F8_result_vs_howto,,,,,,
how do i search for a lost aid,Help_FindMyHearingAids,F8_result_vs_howto,,,,,,
have i hit my step goal this month,Cmd.ActivityStep,F8_result_vs_howto,,,,,,
read out my steps this week,Cmd.ActivityStep,F8_result_vs_howto,,,,,,
what is my score so far,Help_ThriveScore,F8_result_vs_howto,,,,,,
what is my recovery rate this week,Help_HeartRateRecovery,F8_result_vs_howto,,,,,,
what is my heart rate this week,Help_HeartRate,F8_result_vs_howto,,,,,,
how do i set my daily step target,Help_Health,F8_result_vs_howto,,,,,,
what battery size does my aids take,Help_Battery,F8_result_vs_howto,,,,,,
what battery size does the left aid take,Help_Battery,F8_result_vs_howto,,,,,,
turn down the volume on the left aid,Cmd.VolumeDecrease,F8_result_vs_howto,,,,,,
read out my calories this week,Cmd.ActivityCalories,F8_result_vs_howto,,,,,,
how many calories have i burned yesterday,Cmd.ActivityCalories,F8_result_vs_howto,,,,,,
what is the battery level on the right aid,Cmd.BatteryLevel,F8_result_vs_howto,,,,,,
what battery size does both aids take,Help_Battery,F8_result_vs_howto,,,,,,
is there enough battery left on my aids,Cmd.BatteryLevel,F8_result_vs_howto,,,,,,
what is my heart rate this month,Help_HeartRate,F8_result_vs_howto,,,,,,
what is the battery level on my aids,Cmd.BatteryLevel,F8_result_vs_howto,,,,,,
how does the heart rate feature work,Help_HeartRate,F8_result_vs_howto,,,,,,
how do i change the volume on the right aid,Help_Volume,F8_result_vs_howto,,,,,,
what is my score this week,Help_ThriveScore,F8_result_vs_howto,,,,,,
where do i put the battery in the right aid,Help_Battery,F8_result_vs_howto,,,,,,
explain the battery on my aids,Help_Battery,F8_result_vs_howto,,,,,,
read out my steps this month,Cmd.ActivityStep,F8_result_vs_howto,,,,,,
explain how calories are counted,Help_Health,F8_result_vs_howto,,,,,,
explain the battery on the right aid,Help_Battery,F8_result_vs_howto,,,,,,
what is my calorie total this week,Cmd.ActivityCalories,F8_result_vs_howto,,,,,,
how much energy did i burn this month,Cmd.ActivityCalories,F8_result_vs_howto,,,,,,
put through the presenter to my aids,Cmd.StreamingStart,F9_named_content,,,,,,
queue up a comedy special,Default Fallback Intent,F9_named_content,,,,,,
pipe whatever is playing to my aids,Cmd.StreamingStart,F9_named_content,,,,,,
put on an audiobook,Default Fallback Intent,F9_named_content,,,,,,
stream the radio station,Default Fallback Intent,F9_named_content,,,,,,
send the remote mic to my aids,Cmd.StreamingStart,F9_named_content,,,,,,
queue up spotify,Default Fallback Intent,F9_named_content,,,,,,
pipe the media to my aids,Cmd.StreamingStart,F9_named_content,,,,,,
play the beatles,Default Fallback Intent,F9_named_content,,,,,,
pipe the tv audio to my aids,Cmd.StreamingStart,F9_named_content,,,,,,
stream frank sinatra,Default Fallback Intent,F9_named_content,,,,,,
play the radio station,Default Fallback Intent,F9_named_content,,,,,,
queue up the football match,Default Fallback Intent,F9_named_content,,,,,,
queue up netflix,Default Fallback Intent,F9_named_content,,,,,,
queue up pandora,Default Fallback Intent,F9_named_content,,,,,,
stream netflix,Default Fallback Intent,F9_named_content,,,,,,
shuffle spotify,Default Fallback Intent,F9_named_content,,,,,,
start amazon music,Default Fallback Intent,F9_named_content,,,,,,
put through the tv audio to my aids,Cmd.StreamingStart,F9_named_content,,,,,,
start spotify,Default Fallback Intent,F9_named_content,,,,,,
start apple music,Default Fallback Intent,F9_named_content,,,,,,
shuffle an audiobook,Default Fallback Intent,F9_named_content,,,,,,
send the media to my aids,Cmd.StreamingStart,F9_named_content,,,,,,
stream whatever is playing to my aids,Cmd.StreamingStart,F9_named_content,,,,,,
shuffle the top forty,Default Fallback Intent,F9_named_content,,,,,,
queue up an audiobook,Default Fallback Intent,F9_named_content,,,,,,
queue up the radio station,Default Fallback Intent,F9_named_content,,,,,,
play netflix,Default Fallback Intent,F9_named_content,,,,,,
start the radio station,Default Fallback Intent,F9_named_content,,,,,,
stream the tv stream to my aids,Cmd.StreamingStart,F9_named_content,,,,,,
stream the audio source to my aids,Cmd.StreamingStart,F9_named_content,,,,,,
put on apple music,Default Fallback Intent,F9_named_content,,,,,,
start an audiobook,Default Fallback Intent,F9_named_content,,,,,,
shuffle the football match,Default Fallback Intent,F9_named_content,,,,,,
play amazon music,Default Fallback Intent,F9_named_content,,,,,,
put on the radio station,Default Fallback Intent,F9_named_content,,,,,,
shuffle amazon music,Default Fallback Intent,F9_named_content,,,,,,
shuffle frank sinatra,Default Fallback Intent,F9_named_content,,,,,,
put through the media to my aids,Cmd.StreamingStart,F9_named_content,,,,,,
stream the beatles,Default Fallback Intent,F9_named_content,,,,,,
queue up my playlist,Default Fallback Intent,F9_named_content,,,,,,
shuffle the beatles,Default Fallback Intent,F9_named_content,,,,,,
queue up the beatles,Default Fallback Intent,F9_named_content,,,,,,
shuffle a comedy special,Default Fallback Intent,F9_named_content,,,,,,
stream my playlist,Default Fallback Intent,F9_named_content,,,,,,
shuffle apple music,Default Fallback Intent,F9_named_content,,,,,,
play the top forty,Default Fallback Intent,F9_named_content,,,,,,
pipe the remote mic to my aids,Cmd.StreamingStart,F9_named_content,,,,,,
put on pandora,Default Fallback Intent,F9_named_content,,,,,,
stream spotify,Default Fallback Intent,F9_named_content,,,,,,
put on some jazz,Default Fallback Intent,F9_named_content,,,,,,
play a comedy special,Default Fallback Intent,F9_named_content,,,,,,
route the tv stream to my aids,Cmd.StreamingStart,F9_named_content,,,,,,
start the football match,Default Fallback Intent,F9_named_content,,,,,,
put on the football match,Default Fallback Intent,F9_named_content,,,,,,
play a podcast,Default Fallback Intent,F9_named_content,,,,,,
put on a podcast,Default Fallback Intent,F9_named_content,,,,,,
shuffle my playlist,Default Fallback Intent,F9_named_content,,,,,,
put through the tv stream to my aids,Cmd.StreamingStart,F9_named_content,,,,,,
start the beatles,Default Fallback Intent,F9_named_content,,,,,,
play an audiobook,Default Fallback Intent,F9_named_content,,,,,,
stream apple music,Default Fallback Intent,F9_named_content,,,,,,
put on hank williams junior,Default Fallback Intent,F9_named_content,,,,,,
stream the top forty,Default Fallback Intent,F9_named_content,,,,,,
send the presenter to my aids,Cmd.StreamingStart,F9_named_content,,,,,,
stream the tv audio to my aids,Cmd.StreamingStart,F9_named_content,,,,,,
play youtube music,Default Fallback Intent,F9_named_content,,,,,,
pipe the tv stream to my aids,Cmd.StreamingStart,F9_named_content,,,,,,
route the remote mic to my aids,Cmd.StreamingStart,F9_named_content,,,,,,
start youtube music,Default Fallback Intent,F9_named_content,,,,,,
route the audio source to my aids,Cmd.StreamingStart,F9_named_content,,,,,,
pipe the presenter to my aids,Cmd.StreamingStart,F9_named_content,,,,,,
start netflix,Default Fallback Intent,F9_named_content,,,,,,
shuffle youtube music,Default Fallback Intent,F9_named_content,,,,,,
route the television sound to my aids,Cmd.StreamingStart,F9_named_content,,,,,,
route whatever is playing to my aids,Cmd.StreamingStart,F9_named_content,,,,,,
put through the audio source to my aids,Cmd.StreamingStart,F9_named_content,,,,,,
stream the remote mic to my aids,Cmd.StreamingStart,F9_named_content,,,,,,
stream pandora,Default Fallback Intent,F9_named_content,,,,,,
stream a podcast,Default Fallback Intent,F9_named_content,,,,,,
put on my playlist,Default Fallback Intent,F9_named_content,,,,,,
route the presenter to my aids,Cmd.StreamingStart,F9_named_content,,,,,,
stream an audiobook,Default Fallback Intent,F9_named_content,,,,,,
queue up frank sinatra,Default Fallback Intent,F9_named_content,,,,,,
send the tv stream to my aids,Cmd.StreamingStart,F9_named_content,,,,,,
start the top forty,Default Fallback Intent,F9_named_content,,,,,,
put on a comedy special,Default Fallback Intent,F9_named_content,,,,,,
play some jazz,Default Fallback Intent,F9_named_content,,,,,,
put through the television sound to my aids,Cmd.StreamingStart,F9_named_content,,,,,,
put on youtube music,Default Fallback Intent,F9_named_content,,,,,,
queue up youtube music,Default Fallback Intent,F9_named_content,,,,,,
stream the media to my aids,Cmd.StreamingStart,F9_named_content,,,,,,
send the audio source to my aids,Cmd.StreamingStart,F9_named_content,,,,,,
stream the presenter to my aids,Cmd.StreamingStart,F9_named_content,,,,,,
put on the top forty,Default Fallback Intent,F9_named_content,,,,,,
play spotify,Default Fallback Intent,F9_named_content,,,,,,
put on the beatles,Default Fallback Intent,F9_named_content,,,,,,
play pandora,Default Fallback Intent,F9_named_content,,,,,,
send whatever is playing to my aids,Cmd.StreamingStart,F9_named_content,,,,,,
send the television sound to my aids,Cmd.StreamingStart,F9_named_content,,,,,,
start a comedy special,Default Fallback Intent,F9_named_content,,,,,,
play apple music,Default Fallback Intent,F9_named_content,,,,,,
shuffle some jazz,Default Fallback Intent,F9_named_content,,,,,,
put on netflix,Default Fallback Intent,F9_named_content,,,,,,
queue up some jazz,Default Fallback Intent,F9_named_content,,,,,,
stream hank williams junior,Default Fallback Intent,F9_named_content,,,,,,
stream amazon music,Default Fallback Intent,F9_named_content,,,,,,
start a podcast,Default Fallback Intent,F9_named_content,,,,,,
stream a comedy special,Default Fallback Intent,F9_named_content,,,,,,
queue up the top forty,Default Fallback Intent,F9_named_content,,,,,,
put on spotify,Default Fallback Intent,F9_named_content,,,,,,
start frank sinatra,Default Fallback Intent,F9_named_content,,,,,,
play the football match,Default Fallback Intent,F9_named_content,,,,,,
queue up amazon music,Default Fallback Intent,F9_named_content,,,,,,
pipe the television sound to my aids,Cmd.StreamingStart,F9_named_content,,,,,,
start hank williams junior,Default Fallback Intent,F9_named_content,,,,,,
stream the television sound to my aids,Cmd.StreamingStart,F9_named_content,,,,,,
shuffle the radio station,Default Fallback Intent,F9_named_content,,,,,,
play my playlist,Default Fallback Intent,F9_named_content,,,,,,
queue up a podcast,Default Fallback Intent,F9_named_content,,,,,,
pipe the audio source to my aids,Cmd.StreamingStart,F9_named_content,,,,,,
queue up hank williams junior,Default Fallback Intent,F9_named_content,,,,,,
stream some jazz,Default Fallback Intent,F9_named_content,,,,,,
put through the remote mic to my aids,Cmd.StreamingStart,F9_named_content,,,,,,
queue up apple music,Default Fallback Intent,F9_named_content,,,,,,
start pandora,Default Fallback Intent,F9_named_content,,,,,,
start some jazz,Default Fallback Intent,F9_named_content,,,,,,
shuffle hank williams junior,Default Fallback Intent,F9_named_content,,,,,,
shuffle pandora,Default Fallback Intent,F9_named_content,,,,,,
put on frank sinatra,Default Fallback Intent,F9_named_content,,,,,,
route the tv audio to my aids,Cmd.StreamingStart,F9_named_content,,,,,,
shuffle netflix,Default Fallback Intent,F9_named_content,,,,,,
route the media to my aids,Cmd.StreamingStart,F9_named_content,,,,,,
put on amazon music,Default Fallback Intent,F9_named_content,,,,,,
stream the football match,Default Fallback Intent,F9_named_content,,,,,,
shuffle a podcast,Default Fallback Intent,F9_named_content,,,,,,
start my playlist,Default Fallback Intent,F9_named_content,,,,,,
put through whatever is playing to my aids,Cmd.StreamingStart,F9_named_content,,,,,,
sync my aids to the streamer,Help_Pairing,F10_pair_vs_route,,,,,,
pair the audio to my aids,Cmd.StreamingStart,F10_pair_vs_route,,,,,,
connect the media audio to my aids,Cmd.StreamingStart,F10_pair_vs_route,,,,,,
hook up my aid to bluetooth,Help_Pairing,F10_pair_vs_route,,,,,,
connect my aids to the streamer,Help_Pairing,F10_pair_vs_route,,,,,,
hook up my aids to the television,Help_Pairing,F10_pair_vs_route,,,,,,
pair my hearing aid to the tv,Help_Pairing,F10_pair_vs_route,,,,,,
link my aids to the television,Help_Pairing,F10_pair_vs_route,,,,,,
link the media audio to my aids,Cmd.StreamingStart,F10_pair_vs_route,,,,,,
pair the tv audio to my ears,Cmd.StreamingStart,F10_pair_vs_route,,,,,,
pair the media audio to my aids,Cmd.StreamingStart,F10_pair_vs_route,,,,,,
connect my hearing aids to my laptop,Help_Pairing,F10_pair_vs_route,,,,,,
hook up the tv audio to my ears,Cmd.StreamingStart,F10_pair_vs_route,,,,,,
sync my aid to bluetooth,Help_Pairing,F10_pair_vs_route,,,,,,
link the tv audio to my ears,Cmd.StreamingStart,F10_pair_vs_route,,,,,,
connect my aids to the television,Help_Pairing,F10_pair_vs_route,,,,,,
pair the sound to my hearing aids,Cmd.StreamingStart,F10_pair_vs_route,,,,,,
pair my aid to bluetooth,Help_Pairing,F10_pair_vs_route,,,,,,
link the sound to my hearing aids,Cmd.StreamingStart,F10_pair_vs_route,,,,,,
link my hearing aids to the phone,Help_Pairing,F10_pair_vs_route,,,,,,
link my hearing aid to the tv,Help_Pairing,F10_pair_vs_route,,,,,,
hook up the audio to my aids,Cmd.StreamingStart,F10_pair_vs_route,,,,,,
connect my hearing aid to the tv,Help_Pairing,F10_pair_vs_route,,,,,,
link the audio to my aids,Cmd.StreamingStart,F10_pair_vs_route,,,,,,
connect the tv audio to my ears,Cmd.StreamingStart,F10_pair_vs_route,,,,,,
pair my aids to the streamer,Help_Pairing,F10_pair_vs_route,,,,,,
connect the audio to my aids,Cmd.StreamingStart,F10_pair_vs_route,,,,,,
sync the media audio to my aids,Cmd.StreamingStart,F10_pair_vs_route,,,,,,
link my aid to bluetooth,Help_Pairing,F10_pair_vs_route,,,,,,
hook up the media audio to my aids,Cmd.StreamingStart,F10_pair_vs_route,,,,,,
sync my aids to the television,Help_Pairing,F10_pair_vs_route,,,,,,
sync the sound to my hearing aids,Cmd.StreamingStart,F10_pair_vs_route,,,,,,
pair my aids to the television,Help_Pairing,F10_pair_vs_route,,,,,,
sync my hearing aids to the phone,Help_Pairing,F10_pair_vs_route,,,,,,
sync the tv audio to my ears,Cmd.StreamingStart,F10_pair_vs_route,,,,,,
sync my hearing aids to my laptop,Help_Pairing,F10_pair_vs_route,,,,,,
link my hearing aids to my laptop,Help_Pairing,F10_pair_vs_route,,,,,,
hook up my hearing aid to the tv,Help_Pairing,F10_pair_vs_route,,,,,,
link my aids to the streamer,Help_Pairing,F10_pair_vs_route,,,,,,
pair my hearing aids to my laptop,Help_Pairing,F10_pair_vs_route,,,,,,
hook up my aids to the streamer,Help_Pairing,F10_pair_vs_route,,,,,,
hook up my hearing aids to the phone,Help_Pairing,F10_pair_vs_route,,,,,,
connect my aid to bluetooth,Help_Pairing,F10_pair_vs_route,,,,,,
pair my hearing aids to the phone,Help_Pairing,F10_pair_vs_route,,,,,,
hook up the sound to my hearing aids,Cmd.StreamingStart,F10_pair_vs_route,,,,,,
connect my hearing aids to the phone,Help_Pairing,F10_pair_vs_route,,,,,,
hook up my hearing aids to my laptop,Help_Pairing,F10_pair_vs_route,,,,,,
"not my standing time, my cycling",Cmd.ActivityCycle,F11_corrective_all_families,Cmd.ActivityStand,activity,False,,,
"do not give me my workout, give me my walking",Cmd.ActivityWalk,F11_corrective_all_families,Cmd.ActivityExercise,activity,False,,,
"i said my cycling, not my calories",Cmd.ActivityCycle,F11_corrective_all_families,Cmd.ActivityCalories,activity,False,,,
"forget my workout, i need my calories",Cmd.ActivityCalories,F11_corrective_all_families,Cmd.ActivityExercise,activity,False,,,
"do not give me the voice assistant, give me what is new",Help_WhatsNew,F11_corrective_all_families,Help_VoiceAssistant,app,False,,,
"i do not want how to put them in, i want the device settings",Help_DeviceSettings,F11_corrective_all_families,Help_InsertDevice,care,False,,,
"do not give me to pair them, give me what is new",Help_WhatsNew,F11_corrective_all_families,Help_Pairing,app,False,,,
"i do not want how to make a new program, i want a different program",Cmd.MemoryChange,F11_corrective_all_families,Help_MemoryOptions,memory,False,,,
i asked for my step count not my walking,Cmd.ActivityStep,F11_corrective_all_families,Cmd.ActivityWalk,activity,False,,,
i asked for my calories not my step count,Cmd.ActivityCalories,F11_corrective_all_families,Cmd.ActivityStep,activity,False,,,
"i do not want the basics, i want the app settings",Help_AppSettings,F11_corrective_all_families,Help_Home,app,False,,,
"i said to pair them, not the app settings",Help_Pairing,F11_corrective_all_families,Help_AppSettings,app,False,,,
"a self check please, not the device settings",Help_SelfCheck,F11_corrective_all_families,Help_DeviceSettings,care,False,,,
"i do not want my step count, i want my aerobics",Cmd.ActivityAerobics,F11_corrective_all_families,Cmd.ActivityStep,activity,False,,,
"i said my walking, not my aerobics",Cmd.ActivityWalk,F11_corrective_all_families,Cmd.ActivityAerobics,activity,False,,,
"quieter please, not unmuted",Cmd.VolumeDecrease,F11_corrective_all_families,Cmd.VolumeUnmute,volume,False,,,
i asked for a different program not how to make a new program,Cmd.MemoryChange,F11_corrective_all_families,Help_MemoryOptions,memory,False,,,
"not what is new, the app settings",Help_AppSettings,F11_corrective_all_families,Help_WhatsNew,app,False,,,
"not how translate works, to translate",Cmd.TranslationStart,F11_corrective_all_families,Help_Translate,translate,False,,,
"do not give me my step count, give me my walking",Cmd.ActivityWalk,F11_corrective_all_families,Cmd.ActivityStep,activity,False,,,
"forget how to make a new program, i need a different program",Cmd.MemoryChange,F11_corrective_all_families,Help_MemoryOptions,memory,False,,,
"not how to personalise the sound, how to make a new program",Help_MemoryOptions,F11_corrective_all_families,Help_Customize,memory,False,,,
"not my calories, my standing time",Cmd.ActivityStand,F11_corrective_all_families,Cmd.ActivityCalories,activity,False,,,
i asked for how to clean them not how to put them in,Help_CleanCare,F11_corrective_all_families,Help_InsertDevice,care,False,,,
i asked for my cycling not my running,Cmd.ActivityCycle,F11_corrective_all_families,Cmd.ActivityRun,activity,False,,,
"i do not want unmuted, i want louder",Cmd.VolumeIncrease,F11_corrective_all_families,Cmd.VolumeUnmute,volume,False,,,
"forget how reminders work, i need that reminder marked done",reminders.complete,F11_corrective_all_families,Help_Reminder,reminders,False,,,
"i do not want my workout, i want my running",Cmd.ActivityRun,F11_corrective_all_families,Cmd.ActivityExercise,activity,False,,,
"my workout please, not my cycling",Cmd.ActivityExercise,F11_corrective_all_families,Cmd.ActivityCycle,activity,False,,,
"do not give me my cycling, give me my walking",Cmd.ActivityWalk,F11_corrective_all_families,Cmd.ActivityCycle,activity,False,,,
"how to make a new program please, not how to change programs",Help_MemoryOptions,F11_corrective_all_families,Help_ChangingMemories,memory,False,,,
i asked for my walking not my step count,Cmd.ActivityWalk,F11_corrective_all_families,Cmd.ActivityStep,activity,False,,,
"i do not want my step count, i want my cycling",Cmd.ActivityCycle,F11_corrective_all_families,Cmd.ActivityStep,activity,False,,,
"do not give me my running, give me my step count",Cmd.ActivityStep,F11_corrective_all_families,Cmd.ActivityRun,activity,False,,,
"i do not want how to clean them, i want how to put them in",Help_InsertDevice,F11_corrective_all_families,Help_CleanCare,care,False,,,
"i said my hearing aid found, not my phone found",Help_FindMyHearingAids,F11_corrective_all_families,Cmd.FindMyPhone,find,False,,,
i asked for my workout not my walking,Cmd.ActivityExercise,F11_corrective_all_families,Cmd.ActivityWalk,activity,False,,,
"i do not want streaming stopped, i want help with my tv streamer",Help_Accessories,F11_corrective_all_families,Cmd.StreamingStop,streaming,False,,,
"streaming started please, not streaming stopped",Cmd.StreamingStart,F11_corrective_all_families,Cmd.StreamingStop,streaming,False,,,
"not to pair them, the voice assistant",Help_VoiceAssistant,F11_corrective_all_families,Help_Pairing,app,False,,,
i asked for my walking not my calories,Cmd.ActivityWalk,F11_corrective_all_families,Cmd.ActivityCalories,activity,False,,,
"not my step count, my aerobics",Cmd.ActivityAerobics,F11_corrective_all_families,Cmd.ActivityStep,activity,False,,,
"a remote adjustment please, not to share my data",Help_RemoteProgramming,F11_corrective_all_families,Help_HearShare,remote,False,,,
"i said my aerobics, not my calories",Cmd.ActivityAerobics,F11_corrective_all_families,Cmd.ActivityCalories,activity,False,,,
"forget my running, i need my calories",Cmd.ActivityCalories,F11_corrective_all_families,Cmd.ActivityRun,activity,False,,,
i asked for the basics not what is new,Help_Home,F11_corrective_all_families,Help_WhatsNew,app,False,,,
"i said a self check, not how to put them in",Help_SelfCheck,F11_corrective_all_families,Help_InsertDevice,care,False,,,
i asked for how the volume works not muted,Help_Volume,F11_corrective_all_families,Cmd.VolumeMute,volume,False,,,
"i do not want how translate works, i want to translate",Cmd.TranslationStart,F11_corrective_all_families,Help_Translate,translate,False,,,
"do not give me my workout, give me my step count",Cmd.ActivityStep,F11_corrective_all_families,Cmd.ActivityExercise,activity,False,,,
"do not give me streaming started, give me streaming stopped",Cmd.StreamingStop,F11_corrective_all_families,Cmd.StreamingStart,streaming,False,,,
"forget a different program, i need how to make a new program",Help_MemoryOptions,F11_corrective_all_families,Cmd.MemoryChange,memory,False,,,
"forget how to put them in, i need a self check",Help_SelfCheck,F11_corrective_all_families,Help_InsertDevice,care,False,,,
"do not give me to pair them, give me the basics",Help_Home,F11_corrective_all_families,Help_Pairing,app,False,,,
"i said how to make a new program, not how to change programs",Help_MemoryOptions,F11_corrective_all_families,Help_ChangingMemories,memory,False,,,
"unmuted please, not how the volume works",Cmd.VolumeUnmute,F11_corrective_all_families,Help_Volume,volume,False,,,
"i said streaming started, not streaming stopped",Cmd.StreamingStart,F11_corrective_all_families,Cmd.StreamingStop,streaming,False,,,
"my cycling please, not my walking",Cmd.ActivityCycle,F11_corrective_all_families,Cmd.ActivityWalk,activity,False,,,
"forget my cycling, i need my calories",Cmd.ActivityCalories,F11_corrective_all_families,Cmd.ActivityCycle,activity,False,,,
"forget streaming started, i need help with my tv streamer",Help_Accessories,F11_corrective_all_families,Cmd.StreamingStart,streaming,False,,,
"not to pair them, what is new",Help_WhatsNew,F11_corrective_all_families,Help_Pairing,app,False,,,
"to translate please, not how translate works",Cmd.TranslationStart,F11_corrective_all_families,Help_Translate,translate,False,,,
i asked for my running not my standing time,Cmd.ActivityRun,F11_corrective_all_families,Cmd.ActivityStand,activity,False,,,
"forget my cycling, i need my step count",Cmd.ActivityStep,F11_corrective_all_families,Cmd.ActivityCycle,activity,False,,,
"my running please, not my walking",Cmd.ActivityRun,F11_corrective_all_families,Cmd.ActivityWalk,activity,False,,,
"what is new please, not the app settings",Help_WhatsNew,F11_corrective_all_families,Help_AppSettings,app,False,,,
"forget the voice assistant, i need what is new",Help_WhatsNew,F11_corrective_all_families,Help_VoiceAssistant,app,False,,,
"not the device settings, how to clean them",Help_CleanCare,F11_corrective_all_families,Help_DeviceSettings,care,False,,,
"i said to pair them, not the voice assistant",Help_Pairing,F11_corrective_all_families,Help_VoiceAssistant,app,False,,,
"not how the volume works, unmuted",Cmd.VolumeUnmute,F11_corrective_all_families,Help_Volume,volume,False,,,
"i said my walking, not my cycling",Cmd.ActivityWalk,F11_corrective_all_families,Cmd.ActivityCycle,activity,False,,,
"my calories please, not my workout",Cmd.ActivityCalories,F11_corrective_all_families,Cmd.ActivityExercise,activity,False,,,
i asked for how to change programs not how to make a new program,Help_ChangingMemories,F11_corrective_all_families,Help_MemoryOptions,memory,False,,,
"i said the charge level, not what battery size i need",Cmd.BatteryLevel,F11_corrective_all_families,Help_Battery,battery,False,,,
"not how the volume works, quieter",Cmd.VolumeDecrease,F11_corrective_all_families,Help_Volume,volume,False,,,
"i said my step count, not my walking",Cmd.ActivityStep,F11_corrective_all_families,Cmd.ActivityWalk,activity,False,,,
"forget my aerobics, i need my running",Cmd.ActivityRun,F11_corrective_all_families,Cmd.ActivityAerobics,activity,False,,,
i asked for my calories not my aerobics,Cmd.ActivityCalories,F11_corrective_all_families,Cmd.ActivityAerobics,activity,False,,,
i asked for my walking not my cycling,Cmd.ActivityWalk,F11_corrective_all_families,Cmd.ActivityCycle,activity,False,,,
"i said my running, not my walking",Cmd.ActivityRun,F11_corrective_all_families,Cmd.ActivityWalk,activity,False,,,
"do not give me my walking, give me my workout",Cmd.ActivityExercise,F11_corrective_all_families,Cmd.ActivityWalk,activity,False,,,
"my running please, not my standing time",Cmd.ActivityRun,F11_corrective_all_families,Cmd.ActivityStand,activity,False,,,
"not my aerobics, my running",Cmd.ActivityRun,F11_corrective_all_families,Cmd.ActivityAerobics,activity,False,,,
"do not give me my cycling, give me my step count",Cmd.ActivityStep,F11_corrective_all_families,Cmd.ActivityCycle,activity,False,,,
"forget a self check, i need the device settings",Help_DeviceSettings,F11_corrective_all_families,Help_SelfCheck,care,False,,,
"forget how to make a new program, i need how to change programs",Help_ChangingMemories,F11_corrective_all_families,Help_MemoryOptions,memory,False,,,
"not streaming started, streaming stopped",Cmd.StreamingStop,F11_corrective_all_families,Cmd.StreamingStart,streaming,False,,,
"forget my running, i need my step count",Cmd.ActivityStep,F11_corrective_all_families,Cmd.ActivityRun,activity,False,,,
"forget the voice assistant, i need the basics",Help_Home,F11_corrective_all_families,Help_VoiceAssistant,app,False,,,
"forget a self check, i need how to clean them",Help_CleanCare,F11_corrective_all_families,Help_SelfCheck,care,False,,,
"do not give me my running, give me my standing time",Cmd.ActivityStand,F11_corrective_all_families,Cmd.ActivityRun,activity,False,,,
"not unmuted, quieter",Cmd.VolumeDecrease,F11_corrective_all_families,Cmd.VolumeUnmute,volume,False,,,
"i do not want to share my data, i want a remote appointment",Help_HearingCareAnywhereConnect,F11_corrective_all_families,Help_HearShare,remote,False,,,
i asked for to pair them not the app settings,Help_Pairing,F11_corrective_all_families,Help_AppSettings,app,False,,,
i asked for streaming started not streaming stopped,Cmd.StreamingStart,F11_corrective_all_families,Cmd.StreamingStop,streaming,False,,,
"i said how the volume works, not louder",Help_Volume,F11_corrective_all_families,Cmd.VolumeIncrease,volume,False,,,
"do not give me the device settings, give me how to clean them",Help_CleanCare,F11_corrective_all_families,Help_DeviceSettings,care,False,,,
"not my running, my step count",Cmd.ActivityStep,F11_corrective_all_families,Cmd.ActivityRun,activity,False,,,
"do not give me the basics, give me the app settings",Help_AppSettings,F11_corrective_all_families,Help_Home,app,False,,,
"not my standing time, my walking",Cmd.ActivityWalk,F11_corrective_all_families,Cmd.ActivityStand,activity,False,,,
"not streaming stopped, streaming started",Cmd.StreamingStart,F11_corrective_all_families,Cmd.StreamingStop,streaming,False,,,
"do not give me my aerobics, give me my running",Cmd.ActivityRun,F11_corrective_all_families,Cmd.ActivityAerobics,activity,False,,,
"i do not want louder, i want unmuted",Cmd.VolumeUnmute,F11_corrective_all_families,Cmd.VolumeIncrease,volume,False,,,
"i do not want a remote appointment, i want a remote adjustment",Help_RemoteProgramming,F11_corrective_all_families,Help_HearingCareAnywhereConnect,remote,False,,,
i asked for the device settings not a self check,Help_DeviceSettings,F11_corrective_all_families,Help_SelfCheck,care,False,,,
"i said to transcribe, not how transcribe works",Cmd.TranscribeStart,F11_corrective_all_families,Help_Transcribe,transcribe,False,,,
"not to pair them, the app settings",Help_AppSettings,F11_corrective_all_families,Help_Pairing,app,False,,,
i asked for my workout not my calories,Cmd.ActivityExercise,F11_corrective_all_families,Cmd.ActivityCalories,activity,False,,,
"i do not want muted, i want quieter",Cmd.VolumeDecrease,F11_corrective_all_families,Cmd.VolumeMute,volume,False,,,
"muted please, not how the volume works",Cmd.VolumeMute,F11_corrective_all_families,Help_Volume,volume,False,,,
i asked for a different program not how to personalise the sound,Cmd.MemoryChange,F11_corrective_all_families,Help_Customize,memory,False,,,
"how transcribe works please, not to transcribe",Help_Transcribe,F11_corrective_all_families,Cmd.TranscribeStart,transcribe,False,,,
"forget how to personalise the sound, i need how to change programs",Help_ChangingMemories,F11_corrective_all_families,Help_Customize,memory,False,,,
"i said how the volume works, not muted",Help_Volume,F11_corrective_all_families,Cmd.VolumeMute,volume,False,,,
"do not give me a self check, give me how to clean them",Help_CleanCare,F11_corrective_all_families,Help_SelfCheck,care,False,,,
"how to put them in please, not a self check",Help_InsertDevice,F11_corrective_all_families,Help_SelfCheck,care,False,,,
"i do not want louder, i want how the volume works",Help_Volume,F11_corrective_all_families,Cmd.VolumeIncrease,volume,False,,,
i asked for how to personalise the sound not how to change programs,Help_Customize,F11_corrective_all_families,Help_ChangingMemories,memory,False,,,
"do not give me my aerobics, give me my calories",Cmd.ActivityCalories,F11_corrective_all_families,Cmd.ActivityAerobics,activity,False,,,
i asked for how to make a new program not how to change programs,Help_MemoryOptions,F11_corrective_all_families,Help_ChangingMemories,memory,False,,,
i asked for my step count not my standing time,Cmd.ActivityStep,F11_corrective_all_families,Cmd.ActivityStand,activity,False,,,
"i do not want how the volume works, i want louder",Cmd.VolumeIncrease,F11_corrective_all_families,Help_Volume,volume,False,,,
"not my running, my aerobics",Cmd.ActivityAerobics,F11_corrective_all_families,Cmd.ActivityRun,activity,False,,,
"forget louder, i need unmuted",Cmd.VolumeUnmute,F11_corrective_all_families,Cmd.VolumeIncrease,volume,False,,,
"do not give me a remote appointment, give me to share my data",Help_HearShare,F11_corrective_all_families,Help_HearingCareAnywhereConnect,remote,False,,,
"i said my running, not my step count",Cmd.ActivityRun,F11_corrective_all_families,Cmd.ActivityStep,activity,False,,,
"i do not want my standing time, i want my walking",Cmd.ActivityWalk,F11_corrective_all_families,Cmd.ActivityStand,activity,False,,,
"i said louder, not muted",Cmd.VolumeIncrease,F11_corrective_all_families,Cmd.VolumeMute,volume,False,,,
"my cycling please, not my running",Cmd.ActivityCycle,F11_corrective_all_families,Cmd.ActivityRun,activity,False,,,
"not my calories, my walking",Cmd.ActivityWalk,F11_corrective_all_families,Cmd.ActivityCalories,activity,False,,,
"my workout please, not my walking",Cmd.ActivityExercise,F11_corrective_all_families,Cmd.ActivityWalk,activity,False,,,
"i do not want my calories, i want my aerobics",Cmd.ActivityAerobics,F11_corrective_all_families,Cmd.ActivityCalories,activity,False,,,
"forget my cycling, i need my standing time",Cmd.ActivityStand,F11_corrective_all_families,Cmd.ActivityCycle,activity,False,,,
"i said the app settings, not the basics",Help_AppSettings,F11_corrective_all_families,Help_Home,app,False,,,
"forget how to clean them, i need the device settings",Help_DeviceSettings,F11_corrective_all_families,Help_CleanCare,care,False,,,
"forget how to put them in, i need the device settings",Help_DeviceSettings,F11_corrective_all_families,Help_InsertDevice,care,False,,,
"how translate works please, not to translate",Help_Translate,F11_corrective_all_families,Cmd.TranslationStart,translate,False,,,
"my cycling please, not my workout",Cmd.ActivityCycle,F11_corrective_all_families,Cmd.ActivityExercise,activity,False,,,
"my step count please, not my workout",Cmd.ActivityStep,F11_corrective_all_families,Cmd.ActivityExercise,activity,False,,,
i asked for how to clean them not the device settings,Help_CleanCare,F11_corrective_all_families,Help_DeviceSettings,care,False,,,
"i do not want the basics, i want the voice assistant",Help_VoiceAssistant,F11_corrective_all_families,Help_Home,app,False,,,
"not my calories, my running",Cmd.ActivityRun,F11_corrective_all_families,Cmd.ActivityCalories,activity,False,,,
"do not give me help with my tv streamer, give me streaming started",Cmd.StreamingStart,F11_corrective_all_families,Help_Accessories,streaming,False,,,
"do not give me how to change programs, give me how to make a new program",Help_MemoryOptions,F11_corrective_all_families,Help_ChangingMemories,memory,False,,,
"i said my walking, not my step count",Cmd.ActivityWalk,F11_corrective_all_families,Cmd.ActivityStep,activity,False,,,
i asked for how to put them in not how to clean them,Help_InsertDevice,F11_corrective_all_families,Help_CleanCare,care,False,,,
"do not give me my workout, give me my aerobics",Cmd.ActivityAerobics,F11_corrective_all_families,Cmd.ActivityExercise,activity,False,,,
i asked for my cycling not my walking,Cmd.ActivityCycle,F11_corrective_all_families,Cmd.ActivityWalk,activity,False,,,
"forget my running, i need my walking",Cmd.ActivityWalk,F11_corrective_all_families,Cmd.ActivityRun,activity,False,,,
"forget that reminder marked done, i need a new reminder",reminders.add,F11_corrective_all_families,reminders.complete,reminders,False,,,
"to pair them please, not the basics",Help_Pairing,F11_corrective_all_families,Help_Home,app,False,,,
"not my walking, my cycling",Cmd.ActivityCycle,F11_corrective_all_families,Cmd.ActivityWalk,activity,False,,,
"do not give me my calories, give me my cycling",Cmd.ActivityCycle,F11_corrective_all_families,Cmd.ActivityCalories,activity,False,,,
i asked for my step count not my running,Cmd.ActivityStep,F11_corrective_all_families,Cmd.ActivityRun,activity,False,,,
"not how transcribe works, to transcribe",Cmd.TranscribeStart,F11_corrective_all_families,Help_Transcribe,transcribe,False,,,
"louder please, not how the volume works",Cmd.VolumeIncrease,F11_corrective_all_families,Help_Volume,volume,False,,,
i asked for how reminders work not a new reminder,Help_Reminder,F11_corrective_all_families,reminders.add,reminders,False,,,
"forget the charge level, i need what battery size i need",Help_Battery,F11_corrective_all_families,Cmd.BatteryLevel,battery,False,,,
"do not give me a remote adjustment, give me a remote appointment",Help_HearingCareAnywhereConnect,F11_corrective_all_families,Help_RemoteProgramming,remote,False,,,
"my workout please, not my aerobics",Cmd.ActivityExercise,F11_corrective_all_families,Cmd.ActivityAerobics,activity,False,,,
i asked for what is new not the voice assistant,Help_WhatsNew,F11_corrective_all_families,Help_VoiceAssistant,app,False,,,
"i said my walking, not my calories",Cmd.ActivityWalk,F11_corrective_all_families,Cmd.ActivityCalories,activity,False,,,
"not what is new, the voice assistant",Help_VoiceAssistant,F11_corrective_all_families,Help_WhatsNew,app,False,,,
"not what is new, the basics",Help_Home,F11_corrective_all_families,Help_WhatsNew,app,False,,,
"forget help with my tv streamer, i need streaming started",Cmd.StreamingStart,F11_corrective_all_families,Help_Accessories,streaming,False,,,
"how the volume works please, not louder",Help_Volume,F11_corrective_all_families,Cmd.VolumeIncrease,volume,False,,,
"forget my walking, i need my aerobics",Cmd.ActivityAerobics,F11_corrective_all_families,Cmd.ActivityWalk,activity,False,,,
"do not give me louder, give me how the volume works",Help_Volume,F11_corrective_all_families,Cmd.VolumeIncrease,volume,False,,,
"i said my calories, not my cycling",Cmd.ActivityCalories,F11_corrective_all_families,Cmd.ActivityCycle,activity,False,,,
"a different program please, not how to change programs",Cmd.MemoryChange,F11_corrective_all_families,Help_ChangingMemories,memory,False,,,
"i do not want muted, i want unmuted",Cmd.VolumeUnmute,F11_corrective_all_families,Cmd.VolumeMute,volume,False,,,
"do not give me my standing time, give me my workout",Cmd.ActivityExercise,F11_corrective_all_families,Cmd.ActivityStand,activity,False,,,
"do not give me the voice assistant, give me the basics",Help_Home,F11_corrective_all_families,Help_VoiceAssistant,app,False,,,
"how to put them in please, not how to clean them",Help_InsertDevice,F11_corrective_all_families,Help_CleanCare,care,False,,,
"my aerobics please, not my workout",Cmd.ActivityAerobics,F11_corrective_all_families,Cmd.ActivityExercise,activity,False,,,
"not my workout, my step count",Cmd.ActivityStep,F11_corrective_all_families,Cmd.ActivityExercise,activity,False,,,
"forget my running, i need my cycling",Cmd.ActivityCycle,F11_corrective_all_families,Cmd.ActivityRun,activity,False,,,
"not muted, quieter",Cmd.VolumeDecrease,F11_corrective_all_families,Cmd.VolumeMute,volume,False,,,
"forget the voice assistant, i need to pair them",Help_Pairing,F11_corrective_all_families,Help_VoiceAssistant,app,False,,,
i asked for muted not quieter,Cmd.VolumeMute,F11_corrective_all_families,Cmd.VolumeDecrease,volume,False,,,
"not my aerobics, my walking",Cmd.ActivityWalk,F11_corrective_all_families,Cmd.ActivityAerobics,activity,False,,,
"i do not want my walking, i want my standing time",Cmd.ActivityStand,F11_corrective_all_families,Cmd.ActivityWalk,activity,False,,,
"not my aerobics, my calories",Cmd.ActivityCalories,F11_corrective_all_families,Cmd.ActivityAerobics,activity,False,,,
"do not give me my walking, give me my standing time",Cmd.ActivityStand,F11_corrective_all_families,Cmd.ActivityWalk,activity,False,,,
"do not give me my cycling, give me my standing time",Cmd.ActivityStand,F11_corrective_all_families,Cmd.ActivityCycle,activity,False,,,
"i said what is new, not the voice assistant",Help_WhatsNew,F11_corrective_all_families,Help_VoiceAssistant,app,False,,,
"forget my workout, i need my cycling",Cmd.ActivityCycle,F11_corrective_all_families,Cmd.ActivityExercise,activity,False,,,
"forget how the volume works, i need unmuted",Cmd.VolumeUnmute,F11_corrective_all_families,Help_Volume,volume,False,,,
"not my step count, my workout",Cmd.ActivityExercise,F11_corrective_all_families,Cmd.ActivityStep,activity,False,,,
"forget my workout, i need my aerobics",Cmd.ActivityAerobics,F11_corrective_all_families,Cmd.ActivityExercise,activity,False,,,
"forget my step count, i need my cycling",Cmd.ActivityCycle,F11_corrective_all_families,Cmd.ActivityStep,activity,False,,,
"do not give me a different program, give me how to personalise the sound",Help_Customize,F11_corrective_all_families,Cmd.MemoryChange,memory,False,,,
i asked for my running not my cycling,Cmd.ActivityRun,F11_corrective_all_families,Cmd.ActivityCycle,activity,False,,,
"do not give me how the volume works, give me louder",Cmd.VolumeIncrease,F11_corrective_all_families,Help_Volume,volume,False,,,
"i said my standing time, not my calories",Cmd.ActivityStand,F11_corrective_all_families,Cmd.ActivityCalories,activity,False,,,
"not my walking, my aerobics",Cmd.ActivityAerobics,F11_corrective_all_families,Cmd.ActivityWalk,activity,False,,,
"forget what is new, i need the app settings",Help_AppSettings,F11_corrective_all_families,Help_WhatsNew,app,False,,,
"forget a different program, i need how to personalise the sound",Help_Customize,F11_corrective_all_families,Cmd.MemoryChange,memory,False,,,
i asked for a remote adjustment not to share my data,Help_RemoteProgramming,F11_corrective_all_families,Help_HearShare,remote,False,,,
i asked for how transcribe works not to transcribe,Help_Transcribe,F11_corrective_all_families,Cmd.TranscribeStart,transcribe,False,,,
i asked for to pair them not the voice assistant,Help_Pairing,F11_corrective_all_families,Help_VoiceAssistant,app,False,,,
"not my aerobics, my standing time",Cmd.ActivityStand,F11_corrective_all_families,Cmd.ActivityAerobics,activity,False,,,
i asked for the app settings not the basics,Help_AppSettings,F11_corrective_all_families,Help_Home,app,False,,,
"my hearing aid found please, not my phone found",Help_FindMyHearingAids,F11_corrective_all_families,Cmd.FindMyPhone,find,False,,,
i asked for louder not unmuted,Cmd.VolumeIncrease,F11_corrective_all_families,Cmd.VolumeUnmute,volume,False,,,
"i said unmuted, not louder",Cmd.VolumeUnmute,F11_corrective_all_families,Cmd.VolumeIncrease,volume,False,,,
"i said help with my tv streamer, not streaming stopped",Help_Accessories,F11_corrective_all_families,Cmd.StreamingStop,streaming,False,,,
"i do not want how to personalise the sound, i want a different program",Cmd.MemoryChange,F11_corrective_all_families,Help_Customize,memory,False,,,
"not the app settings, to pair them",Help_Pairing,F11_corrective_all_families,Help_AppSettings,app,False,,,
"forget unmuted, i need muted",Cmd.VolumeMute,F11_corrective_all_families,Cmd.VolumeUnmute,volume,False,,,
"do not give me my cycling, give me my calories",Cmd.ActivityCalories,F11_corrective_all_families,Cmd.ActivityCycle,activity,False,,,
"do not give me a remote adjustment, give me to share my data",Help_HearShare,F11_corrective_all_families,Help_RemoteProgramming,remote,False,,,
"forget muted, i need how the volume works",Help_Volume,F11_corrective_all_families,Cmd.VolumeMute,volume,False,,,
"forget that reminder marked done, i need how reminders work",Help_Reminder,F11_corrective_all_families,reminders.complete,reminders,False,,,
"i said the basics, not the app settings",Help_Home,F11_corrective_all_families,Help_AppSettings,app,False,,,
"i do not want how to change programs, i want how to make a new program",Help_MemoryOptions,F11_corrective_all_families,Help_ChangingMemories,memory,False,,,
"my calories please, not my walking",Cmd.ActivityCalories,F11_corrective_all_families,Cmd.ActivityWalk,activity,False,,,
i asked for my cycling not my step count,Cmd.ActivityCycle,F11_corrective_all_families,Cmd.ActivityStep,activity,False,,,
"not to share my data, a remote adjustment",Help_RemoteProgramming,F11_corrective_all_families,Help_HearShare,remote,False,,,
"do not give me how to make a new program, give me a different program",Cmd.MemoryChange,F11_corrective_all_families,Help_MemoryOptions,memory,False,,,
i asked for help with my tv streamer not streaming stopped,Help_Accessories,F11_corrective_all_families,Cmd.StreamingStop,streaming,False,,,
"forget the app settings, i need to pair them",Help_Pairing,F11_corrective_all_families,Help_AppSettings,app,False,,,
"do not give me my step count, give me my running",Cmd.ActivityRun,F11_corrective_all_families,Cmd.ActivityStep,activity,False,,,
"i do not want my running, i want my cycling",Cmd.ActivityCycle,F11_corrective_all_families,Cmd.ActivityRun,activity,False,,,
"i do not want that reminder marked done, i want a new reminder",reminders.add,F11_corrective_all_families,reminders.complete,reminders,False,,,
"i do not want quieter, i want unmuted",Cmd.VolumeUnmute,F11_corrective_all_families,Cmd.VolumeDecrease,volume,False,,,
"forget my hearing aid found, i need my phone found",Cmd.FindMyPhone,F11_corrective_all_families,Help_FindMyHearingAids,find,False,,,
i asked for the voice assistant not the app settings,Help_VoiceAssistant,F11_corrective_all_families,Help_AppSettings,app,False,,,
"not my aerobics, my workout",Cmd.ActivityExercise,F11_corrective_all_families,Cmd.ActivityAerobics,activity,False,,,
"forget what battery size i need, i need the charge level",Cmd.BatteryLevel,F11_corrective_all_families,Help_Battery,battery,False,,,
i asked for how the volume works not unmuted,Help_Volume,F11_corrective_all_families,Cmd.VolumeUnmute,volume,False,,,
"how the volume works please, not muted",Help_Volume,F11_corrective_all_families,Cmd.VolumeMute,volume,False,,,
"do not give me louder, give me unmuted",Cmd.VolumeUnmute,F11_corrective_all_families,Cmd.VolumeIncrease,volume,False,,,
i asked for a new reminder not that reminder marked done,reminders.add,F11_corrective_all_families,reminders.complete,reminders,False,,,
"do not give me my aerobics, give me my standing time",Cmd.ActivityStand,F11_corrective_all_families,Cmd.ActivityAerobics,activity,False,,,
i asked for the charge level not what battery size i need,Cmd.BatteryLevel,F11_corrective_all_families,Help_Battery,battery,False,,,
"forget my walking, i need my calories",Cmd.ActivityCalories,F11_corrective_all_families,Cmd.ActivityWalk,activity,False,,,
"forget my step count, i need my standing time",Cmd.ActivityStand,F11_corrective_all_families,Cmd.ActivityStep,activity,False,,,
"do not give me what is new, give me the app settings",Help_AppSettings,F11_corrective_all_families,Help_WhatsNew,app,False,,,
i asked for what is new not to pair them,Help_WhatsNew,F11_corrective_all_families,Help_Pairing,app,False,,,
"i do not want my workout, i want my aerobics",Cmd.ActivityAerobics,F11_corrective_all_families,Cmd.ActivityExercise,activity,False,,,
"i said the device settings, not a self check",Help_DeviceSettings,F11_corrective_all_families,Help_SelfCheck,care,False,,,
"my walking please, not my standing time",Cmd.ActivityWalk,F11_corrective_all_families,Cmd.ActivityStand,activity,False,,,
"i said quieter, not unmuted",Cmd.VolumeDecrease,F11_corrective_all_families,Cmd.VolumeUnmute,volume,False,,,
i asked for streaming stopped not streaming started,Cmd.StreamingStop,F11_corrective_all_families,Cmd.StreamingStart,streaming,False,,,
"do not give me my calories, give me my step count",Cmd.ActivityStep,F11_corrective_all_families,Cmd.ActivityCalories,activity,False,,,
i asked for what is new not the basics,Help_WhatsNew,F11_corrective_all_families,Help_Home,app,False,,,
"forget the voice assistant, i need the app settings",Help_AppSettings,F11_corrective_all_families,Help_VoiceAssistant,app,False,,,
i asked for my standing time not my calories,Cmd.ActivityStand,F11_corrective_all_families,Cmd.ActivityCalories,activity,False,,,
"forget how transcribe works, i need to transcribe",Cmd.TranscribeStart,F11_corrective_all_families,Help_Transcribe,transcribe,False,,,
"do not give me to pair them, give me the voice assistant",Help_VoiceAssistant,F11_corrective_all_families,Help_Pairing,app,False,,,
"a remote appointment please, not to share my data",Help_HearingCareAnywhereConnect,F11_corrective_all_families,Help_HearShare,remote,False,,,
"i do not want my walking, i want my running",Cmd.ActivityRun,F11_corrective_all_families,Cmd.ActivityWalk,activity,False,,,
"do not give me my standing time, give me my step count",Cmd.ActivityStep,F11_corrective_all_families,Cmd.ActivityStand,activity,False,,,
"not my cycling, my running",Cmd.ActivityRun,F11_corrective_all_families,Cmd.ActivityCycle,activity,False,,,
"my aerobics please, not my running",Cmd.ActivityAerobics,F11_corrective_all_families,Cmd.ActivityRun,activity,False,,,
"my walking please, not my step count",Cmd.ActivityWalk,F11_corrective_all_families,Cmd.ActivityStep,activity,False,,,
"forget louder, i need muted",Cmd.VolumeMute,F11_corrective_all_families,Cmd.VolumeIncrease,volume,False,,,
"do not give me the app settings, give me the voice assistant",Help_VoiceAssistant,F11_corrective_all_families,Help_AppSettings,app,False,,,
"forget my calories, i need my step count",Cmd.ActivityStep,F11_corrective_all_families,Cmd.ActivityCalories,activity,False,,,
"forget to pair them, i need what is new",Help_WhatsNew,F11_corrective_all_families,Help_Pairing,app,False,,,
"do not give me the voice assistant, give me to pair them",Help_Pairing,F11_corrective_all_families,Help_VoiceAssistant,app,False,,,
i asked for the app settings not what is new,Help_AppSettings,F11_corrective_all_families,Help_WhatsNew,app,False,,,
"streaming stopped please, not streaming started",Cmd.StreamingStop,F11_corrective_all_families,Cmd.StreamingStart,streaming,False,,,
"my standing time please, not my workout",Cmd.ActivityStand,F11_corrective_all_families,Cmd.ActivityExercise,activity,False,,,
"i do not want quieter, i want how the volume works",Help_Volume,F11_corrective_all_families,Cmd.VolumeDecrease,volume,False,,,
"i said my aerobics, not my cycling",Cmd.ActivityAerobics,F11_corrective_all_families,Cmd.ActivityCycle,activity,False,,,
"i said a remote appointment, not a remote adjustment",Help_HearingCareAnywhereConnect,F11_corrective_all_families,Help_RemoteProgramming,remote,False,,,
"not a different program, how to make a new program",Help_MemoryOptions,F11_corrective_all_families,Cmd.MemoryChange,memory,False,,,
"not my running, my calories",Cmd.ActivityCalories,F11_corrective_all_families,Cmd.ActivityRun,activity,False,,,
"i do not want the device settings, i want how to clean them",Help_CleanCare,F11_corrective_all_families,Help_DeviceSettings,care,False,,,
"do not give me streaming stopped, give me streaming started",Cmd.StreamingStart,F11_corrective_all_families,Cmd.StreamingStop,streaming,False,,,
i asked for how to change programs not how to personalise the sound,Help_ChangingMemories,F11_corrective_all_families,Help_Customize,memory,False,,,
"not a remote appointment, a remote adjustment",Help_RemoteProgramming,F11_corrective_all_families,Help_HearingCareAnywhereConnect,remote,False,,,
"not how to personalise the sound, how to change programs",Help_ChangingMemories,F11_corrective_all_families,Help_Customize,memory,False,,,
"forget a remote adjustment, i need a remote appointment",Help_HearingCareAnywhereConnect,F11_corrective_all_families,Help_RemoteProgramming,remote,False,,,
"do not give me my cycling, give me my aerobics",Cmd.ActivityAerobics,F11_corrective_all_families,Cmd.ActivityCycle,activity,False,,,
i asked for to pair them not the basics,Help_Pairing,F11_corrective_all_families,Help_Home,app,False,,,
"to share my data please, not a remote adjustment",Help_HearShare,F11_corrective_all_families,Help_RemoteProgramming,remote,False,,,
"forget my running, i need my workout",Cmd.ActivityExercise,F11_corrective_all_families,Cmd.ActivityRun,activity,False,,,
"i do not want how reminders work, i want that reminder marked done",reminders.complete,F11_corrective_all_families,Help_Reminder,reminders,False,,,
i asked for to share my data not a remote appointment,Help_HearShare,F11_corrective_all_families,Help_HearingCareAnywhereConnect,remote,False,,,
"do not give me my running, give me my calories",Cmd.ActivityCalories,F11_corrective_all_families,Cmd.ActivityRun,activity,False,,,
i asked for my step count not my workout,Cmd.ActivityStep,F11_corrective_all_families,Cmd.ActivityExercise,activity,False,,,
"forget a remote adjustment, i need to share my data",Help_HearShare,F11_corrective_all_families,Help_RemoteProgramming,remote,False,,,
"my standing time please, not my aerobics",Cmd.ActivityStand,F11_corrective_all_families,Cmd.ActivityAerobics,activity,False,,,
"do not give me how to change programs, give me a different program",Cmd.MemoryChange,F11_corrective_all_families,Help_ChangingMemories,memory,False,,,
"not my aerobics, my step count",Cmd.ActivityStep,F11_corrective_all_families,Cmd.ActivityAerobics,activity,False,,,
"not how to clean them, how to put them in",Help_InsertDevice,F11_corrective_all_families,Help_CleanCare,care,False,,,
"forget quieter, i need louder",Cmd.VolumeIncrease,F11_corrective_all_families,Cmd.VolumeDecrease,volume,False,,,
"not a remote adjustment, to share my data",Help_HearShare,F11_corrective_all_families,Help_RemoteProgramming,remote,False,,,
i asked for my running not my step count,Cmd.ActivityRun,F11_corrective_all_families,Cmd.ActivityStep,activity,False,,,
"not the app settings, the voice assistant",Help_VoiceAssistant,F11_corrective_all_families,Help_AppSettings,app,False,,,
"not the voice assistant, what is new",Help_WhatsNew,F11_corrective_all_families,Help_VoiceAssistant,app,False,,,
"i said the voice assistant, not the basics",Help_VoiceAssistant,F11_corrective_all_families,Help_Home,app,False,,,
"forget a new reminder, i need that reminder marked done",reminders.complete,F11_corrective_all_families,reminders.add,reminders,False,,,
"do not give me my calories, give me my running",Cmd.ActivityRun,F11_corrective_all_families,Cmd.ActivityCalories,activity,False,,,
"i said my standing time, not my walking",Cmd.ActivityStand,F11_corrective_all_families,Cmd.ActivityWalk,activity,False,,,
"do not give me a new reminder, give me that reminder marked done",reminders.complete,F11_corrective_all_families,reminders.add,reminders,False,,,
"my step count please, not my cycling",Cmd.ActivityStep,F11_corrective_all_families,Cmd.ActivityCycle,activity,False,,,
"i said my walking, not my workout",Cmd.ActivityWalk,F11_corrective_all_families,Cmd.ActivityExercise,activity,False,,,
i asked for louder not how the volume works,Cmd.VolumeIncrease,F11_corrective_all_families,Help_Volume,volume,False,,,
"not how to change programs, how to personalise the sound",Help_Customize,F11_corrective_all_families,Help_ChangingMemories,memory,False,,,
"i do not want my workout, i want my cycling",Cmd.ActivityCycle,F11_corrective_all_families,Cmd.ActivityExercise,activity,False,,,
i asked for the device settings not how to clean them,Help_DeviceSettings,F11_corrective_all_families,Help_CleanCare,care,False,,,
"to pair them please, not the app settings",Help_Pairing,F11_corrective_all_families,Help_AppSettings,app,False,,,
"the device settings please, not how to put them in",Help_DeviceSettings,F11_corrective_all_families,Help_InsertDevice,care,False,,,
"a remote adjustment please, not a remote appointment",Help_RemoteProgramming,F11_corrective_all_families,Help_HearingCareAnywhereConnect,remote,False,,,
"louder please, not unmuted",Cmd.VolumeIncrease,F11_corrective_all_families,Cmd.VolumeUnmute,volume,False,,,
"do not give me quieter, give me unmuted",Cmd.VolumeUnmute,F11_corrective_all_families,Cmd.VolumeDecrease,volume,False,,,
"forget my aerobics, i need my standing time",Cmd.ActivityStand,F11_corrective_all_families,Cmd.ActivityAerobics,activity,False,,,
"not my calories, my aerobics",Cmd.ActivityAerobics,F11_corrective_all_families,Cmd.ActivityCalories,activity,False,,,
"not how to make a new program, a different program",Cmd.MemoryChange,F11_corrective_all_families,Help_MemoryOptions,memory,False,,,
"not the voice assistant, the basics",Help_Home,F11_corrective_all_families,Help_VoiceAssistant,app,False,,,
"do not give me how translate works, give me to translate",Cmd.TranslationStart,F11_corrective_all_families,Help_Translate,translate,False,,,
i asked for my aerobics not my standing time,Cmd.ActivityAerobics,F11_corrective_all_families,Cmd.ActivityStand,activity,False,,,
i asked for my walking not my running,Cmd.ActivityWalk,F11_corrective_all_families,Cmd.ActivityRun,activity,False,,,
"i said my standing time, not my workout",Cmd.ActivityStand,F11_corrective_all_families,Cmd.ActivityExercise,activity,False,,,
"i said the voice assistant, not what is new",Help_VoiceAssistant,F11_corrective_all_families,Help_WhatsNew,app,False,,,
"i said the basics, not to pair them",Help_Home,F11_corrective_all_families,Help_Pairing,app,False,,,
"my calories please, not my standing time",Cmd.ActivityCalories,F11_corrective_all_families,Cmd.ActivityStand,activity,False,,,
"not muted, louder",Cmd.VolumeIncrease,F11_corrective_all_families,Cmd.VolumeMute,volume,False,,,
"the voice assistant please, not the basics",Help_VoiceAssistant,F11_corrective_all_families,Help_Home,app,False,,,
"forget my workout, i need my step count",Cmd.ActivityStep,F11_corrective_all_families,Cmd.ActivityExercise,activity,False,,,
"my walking please, not my cycling",Cmd.ActivityWalk,F11_corrective_all_families,Cmd.ActivityCycle,activity,False,,,
"do not give me to share my data, give me a remote appointment",Help_HearingCareAnywhereConnect,F11_corrective_all_families,Help_HearShare,remote,False,,,
i asked for my standing time not my cycling,Cmd.ActivityStand,F11_corrective_all_families,Cmd.ActivityCycle,activity,False,,,
"my walking please, not my calories",Cmd.ActivityWalk,F11_corrective_all_families,Cmd.ActivityCalories,activity,False,,,
"not my standing time, my calories",Cmd.ActivityCalories,F11_corrective_all_families,Cmd.ActivityStand,activity,False,,,
"not the basics, to pair them",Help_Pairing,F11_corrective_all_families,Help_Home,app,False,,,
"i said my calories, not my step count",Cmd.ActivityCalories,F11_corrective_all_families,Cmd.ActivityStep,activity,False,,,
"i said the app settings, not what is new",Help_AppSettings,F11_corrective_all_families,Help_WhatsNew,app,False,,,
"i do not want a remote appointment, i want to share my data",Help_HearShare,F11_corrective_all_families,Help_HearingCareAnywhereConnect,remote,False,,,
"not a new reminder, how reminders work",Help_Reminder,F11_corrective_all_families,reminders.add,reminders,False,,,
"i said my standing time, not my step count",Cmd.ActivityStand,F11_corrective_all_families,Cmd.ActivityStep,activity,False,,,
"i said a new reminder, not that reminder marked done",reminders.add,F11_corrective_all_families,reminders.complete,reminders,False,,,
"not my step count, my running",Cmd.ActivityRun,F11_corrective_all_families,Cmd.ActivityStep,activity,False,,,
"forget my phone found, i need my hearing aid found",Help_FindMyHearingAids,F11_corrective_all_families,Cmd.FindMyPhone,find,False,,,
"not my workout, my standing time",Cmd.ActivityStand,F11_corrective_all_families,Cmd.ActivityExercise,activity,False,,,
"i said muted, not how the volume works",Cmd.VolumeMute,F11_corrective_all_families,Help_Volume,volume,False,,,
"do not give me that reminder marked done, give me how reminders work",Help_Reminder,F11_corrective_all_families,reminders.complete,reminders,False,,,
"do not give me the voice assistant, give me the app settings",Help_AppSettings,F11_corrective_all_families,Help_VoiceAssistant,app,False,,,
"forget a different program, i need how to change programs",Help_ChangingMemories,F11_corrective_all_families,Cmd.MemoryChange,memory,False,,,
"not the basics, the app settings",Help_AppSettings,F11_corrective_all_families,Help_Home,app,False,,,
"i do not want my running, i want my walking",Cmd.ActivityWalk,F11_corrective_all_families,Cmd.ActivityRun,activity,False,,,
"forget my calories, i need my running",Cmd.ActivityRun,F11_corrective_all_families,Cmd.ActivityCalories,activity,False,,,
"do not give me how the volume works, give me quieter",Cmd.VolumeDecrease,F11_corrective_all_families,Help_Volume,volume,False,,,
"how to change programs please, not how to personalise the sound",Help_ChangingMemories,F11_corrective_all_families,Help_Customize,memory,False,,,
"i said streaming started, not help with my tv streamer",Cmd.StreamingStart,F11_corrective_all_families,Help_Accessories,streaming,False,,,
"forget my calories, i need my walking",Cmd.ActivityWalk,F11_corrective_all_families,Cmd.ActivityCalories,activity,False,,,
"i do not want the app settings, i want the voice assistant",Help_VoiceAssistant,F11_corrective_all_families,Help_AppSettings,app,False,,,
"do not give me my workout, give me my calories",Cmd.ActivityCalories,F11_corrective_all_families,Cmd.ActivityExercise,activity,False,,,
"do not give me how to change programs, give me how to personalise the sound",Help_Customize,F11_corrective_all_families,Help_ChangingMemories,memory,False,,,
"my standing time please, not my running",Cmd.ActivityStand,F11_corrective_all_families,Cmd.ActivityRun,activity,False,,,
"my walking please, not my running",Cmd.ActivityWalk,F11_corrective_all_families,Cmd.ActivityRun,activity,False,,,
"not my walking, my calories",Cmd.ActivityCalories,F11_corrective_all_families,Cmd.ActivityWalk,activity,False,,,
"do not give me how to personalise the sound, give me how to make a new program",Help_MemoryOptions,F11_corrective_all_families,Help_Customize,memory,False,,,
i asked for my step count not my calories,Cmd.ActivityStep,F11_corrective_all_families,Cmd.ActivityCalories,activity,False,,,
"forget my calories, i need my standing time",Cmd.ActivityStand,F11_corrective_all_families,Cmd.ActivityCalories,activity,False,,,
"do not give me what is new, give me to pair them",Help_Pairing,F11_corrective_all_families,Help_WhatsNew,app,False,,,
i asked for to share my data not a remote adjustment,Help_HearShare,F11_corrective_all_families,Help_RemoteProgramming,remote,False,,,
"do not give me my standing time, give me my walking",Cmd.ActivityWalk,F11_corrective_all_families,Cmd.ActivityStand,activity,False,,,
"i said my standing time, not my cycling",Cmd.ActivityStand,F11_corrective_all_families,Cmd.ActivityCycle,activity,False,,,
i asked for my running not my workout,Cmd.ActivityRun,F11_corrective_all_families,Cmd.ActivityExercise,activity,False,,,
"i do not want my aerobics, i want my calories",Cmd.ActivityCalories,F11_corrective_all_families,Cmd.ActivityAerobics,activity,False,,,
"not unmuted, how the volume works",Help_Volume,F11_corrective_all_families,Cmd.VolumeUnmute,volume,False,,,
"do not give me to pair them, give me the app settings",Help_AppSettings,F11_corrective_all_families,Help_Pairing,app,False,,,
"forget my walking, i need my cycling",Cmd.ActivityCycle,F11_corrective_all_families,Cmd.ActivityWalk,activity,False,,,
"i do not want how to change programs, i want a different program",Cmd.MemoryChange,F11_corrective_all_families,Help_ChangingMemories,memory,False,,,
"forget my walking, i need my standing time",Cmd.ActivityStand,F11_corrective_all_families,Cmd.ActivityWalk,activity,False,,,
"i do not want the basics, i want to pair them",Help_Pairing,F11_corrective_all_families,Help_Home,app,False,,,
"do not give me unmuted, give me quieter",Cmd.VolumeDecrease,F11_corrective_all_families,Cmd.VolumeUnmute,volume,False,,,
"not the basics, what is new",Help_WhatsNew,F11_corrective_all_families,Help_Home,app,False,,,
"i said how to clean them, not a self check",Help_CleanCare,F11_corrective_all_families,Help_SelfCheck,care,False,,,
"i said my workout, not my aerobics",Cmd.ActivityExercise,F11_corrective_all_families,Cmd.ActivityAerobics,activity,False,,,
"do not give me how reminders work, give me that reminder marked done",reminders.complete,F11_corrective_all_families,Help_Reminder,reminders,False,,,
"i do not want unmuted, i want how the volume works",Help_Volume,F11_corrective_all_families,Cmd.VolumeUnmute,volume,False,,,
"do not give me what is new, give me the basics",Help_Home,F11_corrective_all_families,Help_WhatsNew,app,False,,,
"do not give me to transcribe, give me how transcribe works",Help_Transcribe,F11_corrective_all_families,Cmd.TranscribeStart,transcribe,False,,,
"not my running, my standing time",Cmd.ActivityStand,F11_corrective_all_families,Cmd.ActivityRun,activity,False,,,
"do not give me louder, give me muted",Cmd.VolumeMute,F11_corrective_all_families,Cmd.VolumeIncrease,volume,False,,,
"my workout please, not my calories",Cmd.ActivityExercise,F11_corrective_all_families,Cmd.ActivityCalories,activity,False,,,
"do not give me how to clean them, give me a self check",Help_SelfCheck,F11_corrective_all_families,Help_CleanCare,care,False,,,
"i said what is new, not to pair them",Help_WhatsNew,F11_corrective_all_families,Help_Pairing,app,False,,,
"forget the device settings, i need a self check",Help_SelfCheck,F11_corrective_all_families,Help_DeviceSettings,care,False,,,
"i said my cycling, not my running",Cmd.ActivityCycle,F11_corrective_all_families,Cmd.ActivityRun,activity,False,,,
"i do not want my aerobics, i want my cycling",Cmd.ActivityCycle,F11_corrective_all_families,Cmd.ActivityAerobics,activity,False,,,
"i said my cycling, not my workout",Cmd.ActivityCycle,F11_corrective_all_families,Cmd.ActivityExercise,activity,False,,,
"the voice assistant please, not to pair them",Help_VoiceAssistant,F11_corrective_all_families,Help_Pairing,app,False,,,
"i do not want to share my data, i want a remote adjustment",Help_RemoteProgramming,F11_corrective_all_families,Help_HearShare,remote,False,,,
"i said louder, not how the volume works",Cmd.VolumeIncrease,F11_corrective_all_families,Help_Volume,volume,False,,,
"the basics please, not what is new",Help_Home,F11_corrective_all_families,Help_WhatsNew,app,False,,,
"i do not want my calories, i want my cycling",Cmd.ActivityCycle,F11_corrective_all_families,Cmd.ActivityCalories,activity,False,,,
"do not give me louder, give me quieter",Cmd.VolumeDecrease,F11_corrective_all_families,Cmd.VolumeIncrease,volume,False,,,
"do not give me how to personalise the sound, give me a different program",Cmd.MemoryChange,F11_corrective_all_families,Help_Customize,memory,False,,,
"do not give me my step count, give me my cycling",Cmd.ActivityCycle,F11_corrective_all_families,Cmd.ActivityStep,activity,False,,,
i asked for the device settings not how to put them in,Help_DeviceSettings,F11_corrective_all_families,Help_InsertDevice,care,False,,,
"forget how to clean them, i need a self check",Help_SelfCheck,F11_corrective_all_families,Help_CleanCare,care,False,,,
"i do not want how reminders work, i want a new reminder",reminders.add,F11_corrective_all_families,Help_Reminder,reminders,False,,,
"forget how translate works, i need to translate",Cmd.TranslationStart,F11_corrective_all_families,Help_Translate,translate,False,,,
"do not give me a remote appointment, give me a remote adjustment",Help_RemoteProgramming,F11_corrective_all_families,Help_HearingCareAnywhereConnect,remote,False,,,
"i do not want how to personalise the sound, i want how to change programs",Help_ChangingMemories,F11_corrective_all_families,Help_Customize,memory,False,,,
"forget my aerobics, i need my cycling",Cmd.ActivityCycle,F11_corrective_all_families,Cmd.ActivityAerobics,activity,False,,,
"forget my workout, i need my standing time",Cmd.ActivityStand,F11_corrective_all_families,Cmd.ActivityExercise,activity,False,,,
"how to make a new program please, not a different program",Help_MemoryOptions,F11_corrective_all_families,Cmd.MemoryChange,memory,False,,,
"forget my step count, i need my aerobics",Cmd.ActivityAerobics,F11_corrective_all_families,Cmd.ActivityStep,activity,False,,,
"my running please, not my calories",Cmd.ActivityRun,F11_corrective_all_families,Cmd.ActivityCalories,activity,False,,,
"i do not want my standing time, i want my workout",Cmd.ActivityExercise,F11_corrective_all_families,Cmd.ActivityStand,activity,False,,,
"not my cycling, my step count",Cmd.ActivityStep,F11_corrective_all_families,Cmd.ActivityCycle,activity,False,,,
"not how to put them in, how to clean them",Help_CleanCare,F11_corrective_all_families,Help_InsertDevice,care,False,,,
"i said a remote adjustment, not to share my data",Help_RemoteProgramming,F11_corrective_all_families,Help_HearShare,remote,False,,,
"i do not want how transcribe works, i want to transcribe",Cmd.TranscribeStart,F11_corrective_all_families,Help_Transcribe,transcribe,False,,,
"forget the basics, i need the voice assistant",Help_VoiceAssistant,F11_corrective_all_families,Help_Home,app,False,,,
"my calories please, not my cycling",Cmd.ActivityCalories,F11_corrective_all_families,Cmd.ActivityCycle,activity,False,,,
"i said to pair them, not the basics",Help_Pairing,F11_corrective_all_families,Help_Home,app,False,,,
"forget how to make a new program, i need how to personalise the sound",Help_Customize,F11_corrective_all_families,Help_MemoryOptions,memory,False,,,
i asked for my step count not my cycling,Cmd.ActivityStep,F11_corrective_all_families,Cmd.ActivityCycle,activity,False,,,
"i do not want the voice assistant, i want the basics",Help_Home,F11_corrective_all_families,Help_VoiceAssistant,app,False,,,
"my workout please, not my running",Cmd.ActivityExercise,F11_corrective_all_families,Cmd.ActivityRun,activity,False,,,
"i do not want a different program, i want how to personalise the sound",Help_Customize,F11_corrective_all_families,Cmd.MemoryChange,memory,False,,,
"do not give me how to personalise the sound, give me how to change programs",Help_ChangingMemories,F11_corrective_all_families,Help_Customize,memory,False,,,
"not a remote adjustment, a remote appointment",Help_HearingCareAnywhereConnect,F11_corrective_all_families,Help_RemoteProgramming,remote,False,,,
i asked for how translate works not to translate,Help_Translate,F11_corrective_all_families,Cmd.TranslationStart,translate,False,,,
"do not give me muted, give me quieter",Cmd.VolumeDecrease,F11_corrective_all_families,Cmd.VolumeMute,volume,False,,,
"my aerobics please, not my calories",Cmd.ActivityAerobics,F11_corrective_all_families,Cmd.ActivityCalories,activity,False,,,
i asked for streaming started not help with my tv streamer,Cmd.StreamingStart,F11_corrective_all_families,Help_Accessories,streaming,False,,,
i asked for my running not my walking,Cmd.ActivityRun,F11_corrective_all_families,Cmd.ActivityWalk,activity,False,,,
"i said to share my data, not a remote appointment",Help_HearShare,F11_corrective_all_families,Help_HearingCareAnywhereConnect,remote,False,,,
"help with my tv streamer please, not streaming stopped",Help_Accessories,F11_corrective_all_families,Cmd.StreamingStop,streaming,False,,,
"how to change programs please, not a different program",Help_ChangingMemories,F11_corrective_all_families,Cmd.MemoryChange,memory,False,,,
"i do not want to translate, i want how translate works",Help_Translate,F11_corrective_all_families,Cmd.TranslationStart,translate,False,,,
i asked for how reminders work not that reminder marked done,Help_Reminder,F11_corrective_all_families,reminders.complete,reminders,False,,,
"not a different program, how to change programs",Help_ChangingMemories,F11_corrective_all_families,Cmd.MemoryChange,memory,False,,,
"i said that reminder marked done, not how reminders work",reminders.complete,F11_corrective_all_families,Help_Reminder,reminders,False,,,
"i do not want my standing time, i want my running",Cmd.ActivityRun,F11_corrective_all_families,Cmd.ActivityStand,activity,False,,,
"not what is new, to pair them",Help_Pairing,F11_corrective_all_families,Help_WhatsNew,app,False,,,
"i said a new reminder, not how reminders work",reminders.add,F11_corrective_all_families,Help_Reminder,reminders,False,,,
i asked for quieter not muted,Cmd.VolumeDecrease,F11_corrective_all_families,Cmd.VolumeMute,volume,False,,,
i asked for my walking not my aerobics,Cmd.ActivityWalk,F11_corrective_all_families,Cmd.ActivityAerobics,activity,False,,,
"i do not want quieter, i want muted",Cmd.VolumeMute,F11_corrective_all_families,Cmd.VolumeDecrease,volume,False,,,
"do not give me how to put them in, give me how to clean them",Help_CleanCare,F11_corrective_all_families,Help_InsertDevice,care,False,,,
i asked for the voice assistant not the basics,Help_VoiceAssistant,F11_corrective_all_families,Help_Home,app,False,,,
"i do not want my aerobics, i want my step count",Cmd.ActivityStep,F11_corrective_all_families,Cmd.ActivityAerobics,activity,False,,,
"not the app settings, the basics",Help_Home,F11_corrective_all_families,Help_AppSettings,app,False,,,
"do not give me the basics, give me to pair them",Help_Pairing,F11_corrective_all_families,Help_Home,app,False,,,
"do not give me a self check, give me how to put them in",Help_InsertDevice,F11_corrective_all_families,Help_SelfCheck,care,False,,,
"i do not want muted, i want how the volume works",Help_Volume,F11_corrective_all_families,Cmd.VolumeMute,volume,False,,,
i asked for unmuted not louder,Cmd.VolumeUnmute,F11_corrective_all_families,Cmd.VolumeIncrease,volume,False,,,
"my running please, not my workout",Cmd.ActivityRun,F11_corrective_all_families,Cmd.ActivityExercise,activity,False,,,
"forget my aerobics, i need my walking",Cmd.ActivityWalk,F11_corrective_all_families,Cmd.ActivityAerobics,activity,False,,,
"i said my phone found, not my hearing aid found",Cmd.FindMyPhone,F11_corrective_all_families,Help_FindMyHearingAids,find,False,,,
"i said the app settings, not the voice assistant",Help_AppSettings,F11_corrective_all_families,Help_VoiceAssistant,app,False,,,
i asked for to pair them not what is new,Help_Pairing,F11_corrective_all_families,Help_WhatsNew,app,False,,,
"the charge level please, not what battery size i need",Cmd.BatteryLevel,F11_corrective_all_families,Help_Battery,battery,False,,,
"i said my calories, not my standing time",Cmd.ActivityCalories,F11_corrective_all_families,Cmd.ActivityStand,activity,False,,,
"i said my step count, not my running",Cmd.ActivityStep,F11_corrective_all_families,Cmd.ActivityRun,activity,False,,,
"do not give me muted, give me louder",Cmd.VolumeIncrease,F11_corrective_all_families,Cmd.VolumeMute,volume,False,,,
"forget my standing time, i need my cycling",Cmd.ActivityCycle,F11_corrective_all_families,Cmd.ActivityStand,activity,False,,,
"do not give me to translate, give me how translate works",Help_Translate,F11_corrective_all_families,Cmd.TranslationStart,translate,False,,,
"not my running, my cycling",Cmd.ActivityCycle,F11_corrective_all_families,Cmd.ActivityRun,activity,False,,,
"do not give me the charge level, give me what battery size i need",Help_Battery,F11_corrective_all_families,Cmd.BatteryLevel,battery,False,,,
"the app settings please, not what is new",Help_AppSettings,F11_corrective_all_families,Help_WhatsNew,app,False,,,
"not the voice assistant, the app settings",Help_AppSettings,F11_corrective_all_families,Help_VoiceAssistant,app,False,,,
"i do not want quieter, i want louder",Cmd.VolumeIncrease,F11_corrective_all_families,Cmd.VolumeDecrease,volume,False,,,
"i do not want my cycling, i want my workout",Cmd.ActivityExercise,F11_corrective_all_families,Cmd.ActivityCycle,activity,False,,,
"do not give me my calories, give me my aerobics",Cmd.ActivityAerobics,F11_corrective_all_families,Cmd.ActivityCalories,activity,False,,,
"do not give me my calories, give me my walking",Cmd.ActivityWalk,F11_corrective_all_families,Cmd.ActivityCalories,activity,False,,,
"i said to translate, not how translate works",Cmd.TranslationStart,F11_corrective_all_families,Help_Translate,translate,False,,,
"i do not want my step count, i want my workout",Cmd.ActivityExercise,F11_corrective_all_families,Cmd.ActivityStep,activity,False,,,
"not a different program, how to personalise the sound",Help_Customize,F11_corrective_all_families,Cmd.MemoryChange,memory,False,,,
"not my cycling, my aerobics",Cmd.ActivityAerobics,F11_corrective_all_families,Cmd.ActivityCycle,activity,False,,,
i asked for muted not louder,Cmd.VolumeMute,F11_corrective_all_families,Cmd.VolumeIncrease,volume,False,,,
"forget how to change programs, i need a different program",Cmd.MemoryChange,F11_corrective_all_families,Help_ChangingMemories,memory,False,,,
"my running please, not my aerobics",Cmd.ActivityRun,F11_corrective_all_families,Cmd.ActivityAerobics,activity,False,,,
"forget my walking, i need my step count",Cmd.ActivityStep,F11_corrective_all_families,Cmd.ActivityWalk,activity,False,,,
i asked for quieter not unmuted,Cmd.VolumeDecrease,F11_corrective_all_families,Cmd.VolumeUnmute,volume,False,,,
"my aerobics please, not my cycling",Cmd.ActivityAerobics,F11_corrective_all_families,Cmd.ActivityCycle,activity,False,,,
"i said help with my tv streamer, not streaming started",Help_Accessories,F11_corrective_all_families,Cmd.StreamingStart,streaming,False,,,
"do not give me my step count, give me my aerobics",Cmd.ActivityAerobics,F11_corrective_all_families,Cmd.ActivityStep,activity,False,,,
i asked for my step count not my aerobics,Cmd.ActivityStep,F11_corrective_all_families,Cmd.ActivityAerobics,activity,False,,,
"i do not want my aerobics, i want my walking",Cmd.ActivityWalk,F11_corrective_all_families,Cmd.ActivityAerobics,activity,False,,,
"forget my walking, i need my workout",Cmd.ActivityExercise,F11_corrective_all_families,Cmd.ActivityWalk,activity,False,,,
"i do not want my running, i want my aerobics",Cmd.ActivityAerobics,F11_corrective_all_families,Cmd.ActivityRun,activity,False,,,
"i said to share my data, not a remote adjustment",Help_HearShare,F11_corrective_all_families,Help_RemoteProgramming,remote,False,,,
"my step count please, not my aerobics",Cmd.ActivityStep,F11_corrective_all_families,Cmd.ActivityAerobics,activity,False,,,
"not the device settings, a self check",Help_SelfCheck,F11_corrective_all_families,Help_DeviceSettings,care,False,,,
i asked for my workout not my aerobics,Cmd.ActivityExercise,F11_corrective_all_families,Cmd.ActivityAerobics,activity,False,,,
"what is new please, not to pair them",Help_WhatsNew,F11_corrective_all_families,Help_Pairing,app,False,,,
"i said how to personalise the sound, not how to make a new program",Help_Customize,F11_corrective_all_families,Help_MemoryOptions,memory,False,,,
i asked for how the volume works not louder,Help_Volume,F11_corrective_all_families,Cmd.VolumeIncrease,volume,False,,,
"i said my cycling, not my step count",Cmd.ActivityCycle,F11_corrective_all_families,Cmd.ActivityStep,activity,False,,,
"do not give me streaming started, give me help with my tv streamer",Help_Accessories,F11_corrective_all_families,Cmd.StreamingStart,streaming,False,,,
"how to clean them please, not the device settings",Help_CleanCare,F11_corrective_all_families,Help_DeviceSettings,care,False,,,
i asked for to transcribe not how transcribe works,Cmd.TranscribeStart,F11_corrective_all_families,Help_Transcribe,transcribe,False,,,
"i said my step count, not my workout",Cmd.ActivityStep,F11_corrective_all_families,Cmd.ActivityExercise,activity,False,,,
"forget my standing time, i need my aerobics",Cmd.ActivityAerobics,F11_corrective_all_families,Cmd.ActivityStand,activity,False,,,
"forget streaming stopped, i need streaming started",Cmd.StreamingStart,F11_corrective_all_families,Cmd.StreamingStop,streaming,False,,,
"forget the device settings, i need how to clean them",Help_CleanCare,F11_corrective_all_families,Help_DeviceSettings,care,False,,,
"not louder, muted",Cmd.VolumeMute,F11_corrective_all_families,Cmd.VolumeIncrease,volume,False,,,
i asked for my running not my aerobics,Cmd.ActivityRun,F11_corrective_all_families,Cmd.ActivityAerobics,activity,False,,,
"i do not want a different program, i want how to change programs",Help_ChangingMemories,F11_corrective_all_families,Cmd.MemoryChange,memory,False,,,
"not my standing time, my workout",Cmd.ActivityExercise,F11_corrective_all_families,Cmd.ActivityStand,activity,False,,,
i asked for louder not muted,Cmd.VolumeIncrease,F11_corrective_all_families,Cmd.VolumeMute,volume,False,,,
"unmuted please, not louder",Cmd.VolumeUnmute,F11_corrective_all_families,Cmd.VolumeIncrease,volume,False,,,
"do not give me help with my tv streamer, give me streaming stopped",Cmd.StreamingStop,F11_corrective_all_families,Help_Accessories,streaming,False,,,
"forget my aerobics, i need my step count",Cmd.ActivityStep,F11_corrective_all_families,Cmd.ActivityAerobics,activity,False,,,
"i said how translate works, not to translate",Help_Translate,F11_corrective_all_families,Cmd.TranslationStart,translate,False,,,
"not my walking, my running",Cmd.ActivityRun,F11_corrective_all_families,Cmd.ActivityWalk,activity,False,,,
"forget the app settings, i need the basics",Help_Home,F11_corrective_all_families,Help_AppSettings,app,False,,,
i asked for how to make a new program not how to personalise the sound,Help_MemoryOptions,F11_corrective_all_families,Help_Customize,memory,False,,,
"i do not want a new reminder, i want how reminders work",Help_Reminder,F11_corrective_all_families,reminders.add,reminders,False,,,
"my cycling please, not my standing time",Cmd.ActivityCycle,F11_corrective_all_families,Cmd.ActivityStand,activity,False,,,
"do not give me my standing time, give me my cycling",Cmd.ActivityCycle,F11_corrective_all_families,Cmd.ActivityStand,activity,False,,,
i asked for the voice assistant not to pair them,Help_VoiceAssistant,F11_corrective_all_families,Help_Pairing,app,False,,,
"i said how to personalise the sound, not how to change programs",Help_Customize,F11_corrective_all_families,Help_ChangingMemories,memory,False,,,
"a self check please, not how to clean them",Help_SelfCheck,F11_corrective_all_families,Help_CleanCare,care,False,,,
"i do not want my calories, i want my running",Cmd.ActivityRun,F11_corrective_all_families,Cmd.ActivityCalories,activity,False,,,
i asked for unmuted not muted,Cmd.VolumeUnmute,F11_corrective_all_families,Cmd.VolumeMute,volume,False,,,
"muted please, not quieter",Cmd.VolumeMute,F11_corrective_all_families,Cmd.VolumeDecrease,volume,False,,,
i asked for my walking not my standing time,Cmd.ActivityWalk,F11_corrective_all_families,Cmd.ActivityStand,activity,False,,,
i asked for my aerobics not my step count,Cmd.ActivityAerobics,F11_corrective_all_families,Cmd.ActivityStep,activity,False,,,
"forget my cycling, i need my workout",Cmd.ActivityExercise,F11_corrective_all_families,Cmd.ActivityCycle,activity,False,,,
"forget muted, i need louder",Cmd.VolumeIncrease,F11_corrective_all_families,Cmd.VolumeMute,volume,False,,,
"i do not want how the volume works, i want unmuted",Cmd.VolumeUnmute,F11_corrective_all_families,Help_Volume,volume,False,,,
"not a self check, the device settings",Help_DeviceSettings,F11_corrective_all_families,Help_SelfCheck,care,False,,,
"i do not want my cycling, i want my walking",Cmd.ActivityWalk,F11_corrective_all_families,Cmd.ActivityCycle,activity,False,,,
"forget my running, i need my standing time",Cmd.ActivityStand,F11_corrective_all_families,Cmd.ActivityRun,activity,False,,,
"i do not want how the volume works, i want muted",Cmd.VolumeMute,F11_corrective_all_families,Help_Volume,volume,False,,,
"i said my cycling, not my aerobics",Cmd.ActivityCycle,F11_corrective_all_families,Cmd.ActivityAerobics,activity,False,,,
i asked for what is new not the app settings,Help_WhatsNew,F11_corrective_all_families,Help_AppSettings,app,False,,,
"not how the volume works, muted",Cmd.VolumeMute,F11_corrective_all_families,Help_Volume,volume,False,,,
i asked for how to put them in not the device settings,Help_InsertDevice,F11_corrective_all_families,Help_DeviceSettings,care,False,,,
"the basics please, not the voice assistant",Help_Home,F11_corrective_all_families,Help_VoiceAssistant,app,False,,,
"i do not want my step count, i want my calories",Cmd.ActivityCalories,F11_corrective_all_families,Cmd.ActivityStep,activity,False,,,
"i do not want my running, i want my standing time",Cmd.ActivityStand,F11_corrective_all_families,Cmd.ActivityRun,activity,False,,,
i asked for quieter not louder,Cmd.VolumeDecrease,F11_corrective_all_families,Cmd.VolumeIncrease,volume,False,,,
"not how to put them in, the device settings",Help_DeviceSettings,F11_corrective_all_families,Help_InsertDevice,care,False,,,
"not how to clean them, the device settings",Help_DeviceSettings,F11_corrective_all_families,Help_CleanCare,care,False,,,
"not quieter, unmuted",Cmd.VolumeUnmute,F11_corrective_all_families,Cmd.VolumeDecrease,volume,False,,,
"the device settings please, not how to clean them",Help_DeviceSettings,F11_corrective_all_families,Help_CleanCare,care,False,,,
"i said the device settings, not how to put them in",Help_DeviceSettings,F11_corrective_all_families,Help_InsertDevice,care,False,,,
"forget my standing time, i need my walking",Cmd.ActivityWalk,F11_corrective_all_families,Cmd.ActivityStand,activity,False,,,
"i said my workout, not my walking",Cmd.ActivityExercise,F11_corrective_all_families,Cmd.ActivityWalk,activity,False,,,
"i said my aerobics, not my step count",Cmd.ActivityAerobics,F11_corrective_all_families,Cmd.ActivityStep,activity,False,,,
i asked for my aerobics not my running,Cmd.ActivityAerobics,F11_corrective_all_families,Cmd.ActivityRun,activity,False,,,
"forget how to change programs, i need how to make a new program",Help_MemoryOptions,F11_corrective_all_families,Help_ChangingMemories,memory,False,,,
"do not give me my aerobics, give me my cycling",Cmd.ActivityCycle,F11_corrective_all_families,Cmd.ActivityAerobics,activity,False,,,
"not my cycling, my calories",Cmd.ActivityCalories,F11_corrective_all_families,Cmd.ActivityCycle,activity,False,,,
"i said how to clean them, not the device settings",Help_CleanCare,F11_corrective_all_families,Help_DeviceSettings,care,False,,,
"do not give me my workout, give me my cycling",Cmd.ActivityCycle,F11_corrective_all_families,Cmd.ActivityExercise,activity,False,,,
"do not give me the app settings, give me to pair them",Help_Pairing,F11_corrective_all_families,Help_AppSettings,app,False,,,
"i said my running, not my aerobics",Cmd.ActivityRun,F11_corrective_all_families,Cmd.ActivityAerobics,activity,False,,,
"i said my workout, not my cycling",Cmd.ActivityExercise,F11_corrective_all_families,Cmd.ActivityCycle,activity,False,,,
"how to change programs please, not how to make a new program",Help_ChangingMemories,F11_corrective_all_families,Help_MemoryOptions,memory,False,,,
"the app settings please, not the basics",Help_AppSettings,F11_corrective_all_families,Help_Home,app,False,,,
i asked for my calories not my running,Cmd.ActivityCalories,F11_corrective_all_families,Cmd.ActivityRun,activity,False,,,
"forget to pair them, i need the app settings",Help_AppSettings,F11_corrective_all_families,Help_Pairing,app,False,,,
"do not give me my aerobics, give me my workout",Cmd.ActivityExercise,F11_corrective_all_families,Cmd.ActivityAerobics,activity,False,,,
"i do not want the app settings, i want to pair them",Help_Pairing,F11_corrective_all_families,Help_AppSettings,app,False,,,
"do not give me my cycling, give me my workout",Cmd.ActivityExercise,F11_corrective_all_families,Cmd.ActivityCycle,activity,False,,,
"do not give me my walking, give me my calories",Cmd.ActivityCalories,F11_corrective_all_families,Cmd.ActivityWalk,activity,False,,,
"i said quieter, not muted",Cmd.VolumeDecrease,F11_corrective_all_families,Cmd.VolumeMute,volume,False,,,
i asked for a new reminder not how reminders work,reminders.add,F11_corrective_all_families,Help_Reminder,reminders,False,,,
"i do not want my cycling, i want my step count",Cmd.ActivityStep,F11_corrective_all_families,Cmd.ActivityCycle,activity,False,,,
"do not give me my running, give me my workout",Cmd.ActivityExercise,F11_corrective_all_families,Cmd.ActivityRun,activity,False,,,
"i do not want my workout, i want my walking",Cmd.ActivityWalk,F11_corrective_all_families,Cmd.ActivityExercise,activity,False,,,
"forget my calories, i need my cycling",Cmd.ActivityCycle,F11_corrective_all_families,Cmd.ActivityCalories,activity,False,,,
i asked for that reminder marked done not how reminders work,reminders.complete,F11_corrective_all_families,Help_Reminder,reminders,False,,,
"do not give me unmuted, give me how the volume works",Help_Volume,F11_corrective_all_families,Cmd.VolumeUnmute,volume,False,,,
"i said my running, not my standing time",Cmd.ActivityRun,F11_corrective_all_families,Cmd.ActivityStand,activity,False,,,
"forget the basics, i need what is new",Help_WhatsNew,F11_corrective_all_families,Help_Home,app,False,,,
"not my calories, my cycling",Cmd.ActivityCycle,F11_corrective_all_families,Cmd.ActivityCalories,activity,False,,,
"not that reminder marked done, how reminders work",Help_Reminder,F11_corrective_all_families,reminders.complete,reminders,False,,,
"forget unmuted, i need quieter",Cmd.VolumeDecrease,F11_corrective_all_families,Cmd.VolumeUnmute,volume,False,,,
"i do not want to pair them, i want the voice assistant",Help_VoiceAssistant,F11_corrective_all_families,Help_Pairing,app,False,,,
"forget my standing time, i need my step count",Cmd.ActivityStep,F11_corrective_all_families,Cmd.ActivityStand,activity,False,,,
"i said louder, not unmuted",Cmd.VolumeIncrease,F11_corrective_all_families,Cmd.VolumeUnmute,volume,False,,,
i asked for the basics not the app settings,Help_Home,F11_corrective_all_families,Help_AppSettings,app,False,,,
"the app settings please, not to pair them",Help_AppSettings,F11_corrective_all_families,Help_Pairing,app,False,,,
"i do not want my walking, i want my workout",Cmd.ActivityExercise,F11_corrective_all_families,Cmd.ActivityWalk,activity,False,,,
"i do not want my phone found, i want my hearing aid found",Help_FindMyHearingAids,F11_corrective_all_families,Cmd.FindMyPhone,find,False,,,
"do not give me a new reminder, give me how reminders work",Help_Reminder,F11_corrective_all_families,reminders.add,reminders,False,,,
"i said how to change programs, not how to make a new program",Help_ChangingMemories,F11_corrective_all_families,Help_MemoryOptions,memory,False,,,
"do not give me my running, give me my walking",Cmd.ActivityWalk,F11_corrective_all_families,Cmd.ActivityRun,activity,False,,,
i asked for my hearing aid found not my phone found,Help_FindMyHearingAids,F11_corrective_all_families,Cmd.FindMyPhone,find,False,,,
"i do not want my walking, i want my cycling",Cmd.ActivityCycle,F11_corrective_all_families,Cmd.ActivityWalk,activity,False,,,
"i said my workout, not my step count",Cmd.ActivityExercise,F11_corrective_all_families,Cmd.ActivityStep,activity,False,,,
"do not give me my aerobics, give me my walking",Cmd.ActivityWalk,F11_corrective_all_families,Cmd.ActivityAerobics,activity,False,,,
"quieter please, not muted",Cmd.VolumeDecrease,F11_corrective_all_families,Cmd.VolumeMute,volume,False,,,
"forget how the volume works, i need louder",Cmd.VolumeIncrease,F11_corrective_all_families,Help_Volume,volume,False,,,
"forget to transcribe, i need how transcribe works",Help_Transcribe,F11_corrective_all_families,Cmd.TranscribeStart,transcribe,False,,,
"how reminders work please, not that reminder marked done",Help_Reminder,F11_corrective_all_families,reminders.complete,reminders,False,,,
"i said my cycling, not my walking",Cmd.ActivityCycle,F11_corrective_all_families,Cmd.ActivityWalk,activity,False,,,
"forget louder, i need how the volume works",Help_Volume,F11_corrective_all_families,Cmd.VolumeIncrease,volume,False,,,
"not how to make a new program, how to change programs",Help_ChangingMemories,F11_corrective_all_families,Help_MemoryOptions,memory,False,,,
"do not give me my hearing aid found, give me my phone found",Cmd.FindMyPhone,F11_corrective_all_families,Help_FindMyHearingAids,find,False,,,
i asked for how to make a new program not a different program,Help_MemoryOptions,F11_corrective_all_families,Cmd.MemoryChange,memory,False,,,
i asked for a remote adjustment not a remote appointment,Help_RemoteProgramming,F11_corrective_all_families,Help_HearingCareAnywhereConnect,remote,False,,,
"do not give me my aerobics, give me my step count",Cmd.ActivityStep,F11_corrective_all_families,Cmd.ActivityAerobics,activity,False,,,
"i do not want my step count, i want my running",Cmd.ActivityRun,F11_corrective_all_families,Cmd.ActivityStep,activity,False,,,
i asked for my workout not my step count,Cmd.ActivityExercise,F11_corrective_all_families,Cmd.ActivityStep,activity,False,,,
i asked for my standing time not my workout,Cmd.ActivityStand,F11_corrective_all_families,Cmd.ActivityExercise,activity,False,,,
"do not give me a different program, give me how to make a new program",Help_MemoryOptions,F11_corrective_all_families,Cmd.MemoryChange,memory,False,,,
"forget louder, i need quieter",Cmd.VolumeDecrease,F11_corrective_all_families,Cmd.VolumeIncrease,volume,False,,,
"not how to make a new program, how to personalise the sound",Help_Customize,F11_corrective_all_families,Help_MemoryOptions,memory,False,,,
"not my standing time, my running",Cmd.ActivityRun,F11_corrective_all_families,Cmd.ActivityStand,activity,False,,,
"forget how to personalise the sound, i need a different program",Cmd.MemoryChange,F11_corrective_all_families,Help_Customize,memory,False,,,
"i said my workout, not my calories",Cmd.ActivityExercise,F11_corrective_all_families,Cmd.ActivityCalories,activity,False,,,
"not my workout, my calories",Cmd.ActivityCalories,F11_corrective_all_families,Cmd.ActivityExercise,activity,False,,,
"i said quieter, not how the volume works",Cmd.VolumeDecrease,F11_corrective_all_families,Help_Volume,volume,False,,,
"do not give me the device settings, give me a self check",Help_SelfCheck,F11_corrective_all_families,Help_DeviceSettings,care,False,,,
"quieter please, not how the volume works",Cmd.VolumeDecrease,F11_corrective_all_families,Help_Volume,volume,False,,,
"my aerobics please, not my walking",Cmd.ActivityAerobics,F11_corrective_all_families,Cmd.ActivityWalk,activity,False,,,
"to pair them please, not the voice assistant",Help_Pairing,F11_corrective_all_families,Help_VoiceAssistant,app,False,,,
"a new reminder please, not that reminder marked done",reminders.add,F11_corrective_all_families,reminders.complete,reminders,False,,,
"the device settings please, not a self check",Help_DeviceSettings,F11_corrective_all_families,Help_SelfCheck,care,False,,,
"do not give me streaming stopped, give me help with my tv streamer",Help_Accessories,F11_corrective_all_families,Cmd.StreamingStop,streaming,False,,,
i asked for what battery size i need not the charge level,Help_Battery,F11_corrective_all_families,Cmd.BatteryLevel,battery,False,,,
"forget my standing time, i need my calories",Cmd.ActivityCalories,F11_corrective_all_families,Cmd.ActivityStand,activity,False,,,
i asked for my aerobics not my workout,Cmd.ActivityAerobics,F11_corrective_all_families,Cmd.ActivityExercise,activity,False,,,
"my cycling please, not my aerobics",Cmd.ActivityCycle,F11_corrective_all_families,Cmd.ActivityAerobics,activity,False,,,
i asked for my aerobics not my cycling,Cmd.ActivityAerobics,F11_corrective_all_families,Cmd.ActivityCycle,activity,False,,,
"i do not want a new reminder, i want that reminder marked done",reminders.complete,F11_corrective_all_families,reminders.add,reminders,False,,,
"forget the app settings, i need what is new",Help_WhatsNew,F11_corrective_all_families,Help_AppSettings,app,False,,,
"my cycling please, not my calories",Cmd.ActivityCycle,F11_corrective_all_families,Cmd.ActivityCalories,activity,False,,,
"not quieter, muted",Cmd.VolumeMute,F11_corrective_all_families,Cmd.VolumeDecrease,volume,False,,,
"i do not want how to put them in, i want a self check",Help_SelfCheck,F11_corrective_all_families,Help_InsertDevice,care,False,,,
"forget my workout, i need my running",Cmd.ActivityRun,F11_corrective_all_families,Cmd.ActivityExercise,activity,False,,,
"my calories please, not my step count",Cmd.ActivityCalories,F11_corrective_all_families,Cmd.ActivityStep,activity,False,,,
"do not give me my standing time, give me my aerobics",Cmd.ActivityAerobics,F11_corrective_all_families,Cmd.ActivityStand,activity,False,,,
"i do not want my cycling, i want my calories",Cmd.ActivityCalories,F11_corrective_all_families,Cmd.ActivityCycle,activity,False,,,
"i do not want my standing time, i want my cycling",Cmd.ActivityCycle,F11_corrective_all_families,Cmd.ActivityStand,activity,False,,,
"not the voice assistant, to pair them",Help_Pairing,F11_corrective_all_families,Help_VoiceAssistant,app,False,,,
"forget quieter, i need how the volume works",Help_Volume,F11_corrective_all_families,Cmd.VolumeDecrease,volume,False,,,
i asked for help with my tv streamer not streaming started,Help_Accessories,F11_corrective_all_families,Cmd.StreamingStart,streaming,False,,,
"do not give me my cycling, give me my running",Cmd.ActivityRun,F11_corrective_all_families,Cmd.ActivityCycle,activity,False,,,
i asked for my calories not my standing time,Cmd.ActivityCalories,F11_corrective_all_families,Cmd.ActivityStand,activity,False,,,
"my running please, not my cycling",Cmd.ActivityRun,F11_corrective_all_families,Cmd.ActivityCycle,activity,False,,,
"i do not want my aerobics, i want my running",Cmd.ActivityRun,F11_corrective_all_families,Cmd.ActivityAerobics,activity,False,,,
"not to pair them, the basics",Help_Home,F11_corrective_all_families,Help_Pairing,app,False,,,
"i do not want how to put them in, i want how to clean them",Help_CleanCare,F11_corrective_all_families,Help_InsertDevice,care,False,,,
"i do not want a remote adjustment, i want to share my data",Help_HearShare,F11_corrective_all_families,Help_RemoteProgramming,remote,False,,,
"i do not want how to clean them, i want the device settings",Help_DeviceSettings,F11_corrective_all_families,Help_CleanCare,care,False,,,
"forget to pair them, i need the voice assistant",Help_VoiceAssistant,F11_corrective_all_families,Help_Pairing,app,False,,,
"do not give me how to make a new program, give me how to personalise the sound",Help_Customize,F11_corrective_all_families,Help_MemoryOptions,memory,False,,,
"i do not want a remote adjustment, i want a remote appointment",Help_HearingCareAnywhereConnect,F11_corrective_all_families,Help_RemoteProgramming,remote,False,,,
"i said my standing time, not my running",Cmd.ActivityStand,F11_corrective_all_families,Cmd.ActivityRun,activity,False,,,
"forget to pair them, i need the basics",Help_Home,F11_corrective_all_families,Help_Pairing,app,False,,,
"do not give me quieter, give me how the volume works",Help_Volume,F11_corrective_all_families,Cmd.VolumeDecrease,volume,False,,,
"my phone found please, not my hearing aid found",Cmd.FindMyPhone,F11_corrective_all_families,Help_FindMyHearingAids,find,False,,,
"not the basics, the voice assistant",Help_VoiceAssistant,F11_corrective_all_families,Help_Home,app,False,,,
"i said to pair them, not what is new",Help_Pairing,F11_corrective_all_families,Help_WhatsNew,app,False,,,
"how to personalise the sound please, not how to change programs",Help_Customize,F11_corrective_all_families,Help_ChangingMemories,memory,False,,,
"not to transcribe, how transcribe works",Help_Transcribe,F11_corrective_all_families,Cmd.TranscribeStart,transcribe,False,,,
"forget my aerobics, i need my workout",Cmd.ActivityExercise,F11_corrective_all_families,Cmd.ActivityAerobics,activity,False,,,
"do not give me my walking, give me my running",Cmd.ActivityRun,F11_corrective_all_families,Cmd.ActivityWalk,activity,False,,,
"i said what battery size i need, not the charge level",Help_Battery,F11_corrective_all_families,Cmd.BatteryLevel,battery,False,,,
"forget how to put them in, i need how to clean them",Help_CleanCare,F11_corrective_all_families,Help_InsertDevice,care,False,,,
"not my hearing aid found, my phone found",Cmd.FindMyPhone,F11_corrective_all_families,Help_FindMyHearingAids,find,False,,,
"i said how to put them in, not the device settings",Help_InsertDevice,F11_corrective_all_families,Help_DeviceSettings,care,False,,,
"do not give me my running, give me my aerobics",Cmd.ActivityAerobics,F11_corrective_all_families,Cmd.ActivityRun,activity,False,,,
"i said how transcribe works, not to transcribe",Help_Transcribe,F11_corrective_all_families,Cmd.TranscribeStart,transcribe,False,,,
"i do not want my running, i want my step count",Cmd.ActivityStep,F11_corrective_all_families,Cmd.ActivityRun,activity,False,,,
"forget my standing time, i need my running",Cmd.ActivityRun,F11_corrective_all_families,Cmd.ActivityStand,activity,False,,,
"i said my workout, not my standing time",Cmd.ActivityExercise,F11_corrective_all_families,Cmd.ActivityStand,activity,False,,,
"how to make a new program please, not how to personalise the sound",Help_MemoryOptions,F11_corrective_all_families,Help_Customize,memory,False,,,
"my step count please, not my walking",Cmd.ActivityStep,F11_corrective_all_families,Cmd.ActivityWalk,activity,False,,,
"do not give me a different program, give me how to change programs",Help_ChangingMemories,F11_corrective_all_families,Cmd.MemoryChange,memory,False,,,
"i said my walking, not my standing time",Cmd.ActivityWalk,F11_corrective_all_families,Cmd.ActivityStand,activity,False,,,
"i do not want the app settings, i want the basics",Help_Home,F11_corrective_all_families,Help_AppSettings,app,False,,,
"i do not want my cycling, i want my aerobics",Cmd.ActivityAerobics,F11_corrective_all_families,Cmd.ActivityCycle,activity,False,,,
"i do not want streaming started, i want streaming stopped",Cmd.StreamingStop,F11_corrective_all_families,Cmd.StreamingStart,streaming,False,,,
"i said my running, not my calories",Cmd.ActivityRun,F11_corrective_all_families,Cmd.ActivityCalories,activity,False,,,
"not my workout, my running",Cmd.ActivityRun,F11_corrective_all_families,Cmd.ActivityExercise,activity,False,,,
"i said how to put them in, not a self check",Help_InsertDevice,F11_corrective_all_families,Help_SelfCheck,care,False,,,
"i said a remote appointment, not to share my data",Help_HearingCareAnywhereConnect,F11_corrective_all_families,Help_HearShare,remote,False,,,
"i do not want to transcribe, i want how transcribe works",Help_Transcribe,F11_corrective_all_families,Cmd.TranscribeStart,transcribe,False,,,
"forget my cycling, i need my walking",Cmd.ActivityWalk,F11_corrective_all_families,Cmd.ActivityCycle,activity,False,,,
"forget a self check, i need how to put them in",Help_InsertDevice,F11_corrective_all_families,Help_SelfCheck,care,False,,,
"not what battery size i need, the charge level",Cmd.BatteryLevel,F11_corrective_all_families,Help_Battery,battery,False,,,
"do not give me my calories, give me my standing time",Cmd.ActivityStand,F11_corrective_all_families,Cmd.ActivityCalories,activity,False,,,
"i said a different program, not how to personalise the sound",Cmd.MemoryChange,F11_corrective_all_families,Help_Customize,memory,False,,,
i asked for my calories not my walking,Cmd.ActivityCalories,F11_corrective_all_families,Cmd.ActivityWalk,activity,False,,,
"streaming stopped please, not help with my tv streamer",Cmd.StreamingStop,F11_corrective_all_families,Help_Accessories,streaming,False,,,
"do not give me how the volume works, give me muted",Cmd.VolumeMute,F11_corrective_all_families,Help_Volume,volume,False,,,
"i said my walking, not my running",Cmd.ActivityWalk,F11_corrective_all_families,Cmd.ActivityRun,activity,False,,,
"not my calories, my step count",Cmd.ActivityStep,F11_corrective_all_families,Cmd.ActivityCalories,activity,False,,,
"i said my aerobics, not my running",Cmd.ActivityAerobics,F11_corrective_all_families,Cmd.ActivityRun,activity,False,,,
"not how reminders work, that reminder marked done",reminders.complete,F11_corrective_all_families,Help_Reminder,reminders,False,,,
"streaming started please, not help with my tv streamer",Cmd.StreamingStart,F11_corrective_all_families,Help_Accessories,streaming,False,,,
"not my workout, my walking",Cmd.ActivityWalk,F11_corrective_all_families,Cmd.ActivityExercise,activity,False,,,
"forget what is new, i need the basics",Help_Home,F11_corrective_all_families,Help_WhatsNew,app,False,,,
"i said my cycling, not my standing time",Cmd.ActivityCycle,F11_corrective_all_families,Cmd.ActivityStand,activity,False,,,
"not my step count, my calories",Cmd.ActivityCalories,F11_corrective_all_families,Cmd.ActivityStep,activity,False,,,
"my step count please, not my calories",Cmd.ActivityStep,F11_corrective_all_families,Cmd.ActivityCalories,activity,False,,,
"i said a different program, not how to make a new program",Cmd.MemoryChange,F11_corrective_all_families,Help_MemoryOptions,memory,False,,,
"i do not want my walking, i want my calories",Cmd.ActivityCalories,F11_corrective_all_families,Cmd.ActivityWalk,activity,False,,,
i asked for my cycling not my aerobics,Cmd.ActivityCycle,F11_corrective_all_families,Cmd.ActivityAerobics,activity,False,,,
"do not give me my calories, give me my workout",Cmd.ActivityExercise,F11_corrective_all_families,Cmd.ActivityCalories,activity,False,,,
"do not give me how to put them in, give me the device settings",Help_DeviceSettings,F11_corrective_all_families,Help_InsertDevice,care,False,,,
"i do not want my aerobics, i want my workout",Cmd.ActivityExercise,F11_corrective_all_families,Cmd.ActivityAerobics,activity,False,,,
"not my workout, my cycling",Cmd.ActivityCycle,F11_corrective_all_families,Cmd.ActivityExercise,activity,False,,,
"not muted, how the volume works",Help_Volume,F11_corrective_all_families,Cmd.VolumeMute,volume,False,,,
"not unmuted, louder",Cmd.VolumeIncrease,F11_corrective_all_families,Cmd.VolumeUnmute,volume,False,,,
"i do not want louder, i want quieter",Cmd.VolumeDecrease,F11_corrective_all_families,Cmd.VolumeIncrease,volume,False,,,
"i said a self check, not the device settings",Help_SelfCheck,F11_corrective_all_families,Help_DeviceSettings,care,False,,,
"i said the device settings, not how to clean them",Help_DeviceSettings,F11_corrective_all_families,Help_CleanCare,care,False,,,
"i said how the volume works, not unmuted",Help_Volume,F11_corrective_all_families,Cmd.VolumeUnmute,volume,False,,,
"i do not want streaming stopped, i want streaming started",Cmd.StreamingStart,F11_corrective_all_families,Cmd.StreamingStop,streaming,False,,,
"i said my step count, not my aerobics",Cmd.ActivityStep,F11_corrective_all_families,Cmd.ActivityAerobics,activity,False,,,
"not to translate, how translate works",Help_Translate,F11_corrective_all_families,Cmd.TranslationStart,translate,False,,,
i asked for my workout not my standing time,Cmd.ActivityExercise,F11_corrective_all_families,Cmd.ActivityStand,activity,False,,,
"i do not want help with my tv streamer, i want streaming started",Cmd.StreamingStart,F11_corrective_all_families,Help_Accessories,streaming,False,,,
"my step count please, not my running",Cmd.ActivityStep,F11_corrective_all_families,Cmd.ActivityRun,activity,False,,,
"forget streaming started, i need streaming stopped",Cmd.StreamingStop,F11_corrective_all_families,Cmd.StreamingStart,streaming,False,,,
i asked for the app settings not to pair them,Help_AppSettings,F11_corrective_all_families,Help_Pairing,app,False,,,
"forget what is new, i need the voice assistant",Help_VoiceAssistant,F11_corrective_all_families,Help_WhatsNew,app,False,,,
"i do not want my walking, i want my step count",Cmd.ActivityStep,F11_corrective_all_families,Cmd.ActivityWalk,activity,False,,,
i asked for how to clean them not a self check,Help_CleanCare,F11_corrective_all_families,Help_SelfCheck,care,False,,,
"forget help with my tv streamer, i need streaming stopped",Cmd.StreamingStop,F11_corrective_all_families,Help_Accessories,streaming,False,,,
"a self check please, not how to put them in",Help_SelfCheck,F11_corrective_all_families,Help_InsertDevice,care,False,,,
"not my running, my workout",Cmd.ActivityExercise,F11_corrective_all_families,Cmd.ActivityRun,activity,False,,,
"do not give me quieter, give me louder",Cmd.VolumeIncrease,F11_corrective_all_families,Cmd.VolumeDecrease,volume,False,,,
"how reminders work please, not a new reminder",Help_Reminder,F11_corrective_all_families,reminders.add,reminders,False,,,
"forget quieter, i need unmuted",Cmd.VolumeUnmute,F11_corrective_all_families,Cmd.VolumeDecrease,volume,False,,,
"my aerobics please, not my standing time",Cmd.ActivityAerobics,F11_corrective_all_families,Cmd.ActivityStand,activity,False,,,
"not quieter, how the volume works",Help_Volume,F11_corrective_all_families,Cmd.VolumeDecrease,volume,False,,,
"i said how to change programs, not how to personalise the sound",Help_ChangingMemories,F11_corrective_all_families,Help_Customize,memory,False,,,
"i do not want how to change programs, i want how to personalise the sound",Help_Customize,F11_corrective_all_families,Help_ChangingMemories,memory,False,,,
"do not give me a self check, give me the device settings",Help_DeviceSettings,F11_corrective_all_families,Help_SelfCheck,care,False,,,
i asked for the app settings not the voice assistant,Help_AppSettings,F11_corrective_all_families,Help_VoiceAssistant,app,False,,,
"forget the basics, i need the app settings",Help_AppSettings,F11_corrective_all_families,Help_Home,app,False,,,
"a different program please, not how to make a new program",Cmd.MemoryChange,F11_corrective_all_families,Help_MemoryOptions,memory,False,,,
"i said the app settings, not to pair them",Help_AppSettings,F11_corrective_all_families,Help_Pairing,app,False,,,
"forget a remote appointment, i need a remote adjustment",Help_RemoteProgramming,F11_corrective_all_families,Help_HearingCareAnywhereConnect,remote,False,,,
"i said a self check, not how to clean them",Help_SelfCheck,F11_corrective_all_families,Help_CleanCare,care,False,,,
"do not give me what is new, give me the voice assistant",Help_VoiceAssistant,F11_corrective_all_families,Help_WhatsNew,app,False,,,
i asked for a remote appointment not a remote adjustment,Help_HearingCareAnywhereConnect,F11_corrective_all_families,Help_RemoteProgramming,remote,False,,,
"do not give me muted, give me unmuted",Cmd.VolumeUnmute,F11_corrective_all_families,Cmd.VolumeMute,volume,False,,,
"how the volume works please, not quieter",Help_Volume,F11_corrective_all_families,Cmd.VolumeDecrease,volume,False,,,
"not my standing time, my aerobics",Cmd.ActivityAerobics,F11_corrective_all_families,Cmd.ActivityStand,activity,False,,,
i asked for muted not how the volume works,Cmd.VolumeMute,F11_corrective_all_families,Help_Volume,volume,False,,,
"i do not want unmuted, i want quieter",Cmd.VolumeDecrease,F11_corrective_all_families,Cmd.VolumeUnmute,volume,False,,,
"not my calories, my workout",Cmd.ActivityExercise,F11_corrective_all_families,Cmd.ActivityCalories,activity,False,,,
"what battery size i need please, not the charge level",Help_Battery,F11_corrective_all_families,Cmd.BatteryLevel,battery,False,,,
i asked for my phone found not my hearing aid found,Cmd.FindMyPhone,F11_corrective_all_families,Help_FindMyHearingAids,find,False,,,
"not streaming stopped, help with my tv streamer",Help_Accessories,F11_corrective_all_families,Cmd.StreamingStop,streaming,False,,,
"not help with my tv streamer, streaming stopped",Cmd.StreamingStop,F11_corrective_all_families,Help_Accessories,streaming,False,,,
"i said my aerobics, not my walking",Cmd.ActivityAerobics,F11_corrective_all_families,Cmd.ActivityWalk,activity,False,,,
"i said how reminders work, not that reminder marked done",Help_Reminder,F11_corrective_all_families,reminders.complete,reminders,False,,,
i asked for unmuted not quieter,Cmd.VolumeUnmute,F11_corrective_all_families,Cmd.VolumeDecrease,volume,False,,,
"not how to put them in, a self check",Help_SelfCheck,F11_corrective_all_families,Help_InsertDevice,care,False,,,
"forget what is new, i need to pair them",Help_Pairing,F11_corrective_all_families,Help_WhatsNew,app,False,,,
"i do not want to pair them, i want the app settings",Help_AppSettings,F11_corrective_all_families,Help_Pairing,app,False,,,
"i said my calories, not my running",Cmd.ActivityCalories,F11_corrective_all_families,Cmd.ActivityRun,activity,False,,,
"i do not want that reminder marked done, i want how reminders work",Help_Reminder,F11_corrective_all_families,reminders.complete,reminders,False,,,
"do not give me my workout, give me my running",Cmd.ActivityRun,F11_corrective_all_families,Cmd.ActivityExercise,activity,False,,,
"to pair them please, not what is new",Help_Pairing,F11_corrective_all_families,Help_WhatsNew,app,False,,,
"i said the voice assistant, not to pair them",Help_VoiceAssistant,F11_corrective_all_families,Help_Pairing,app,False,,,
"forget how to change programs, i need how to personalise the sound",Help_Customize,F11_corrective_all_families,Help_ChangingMemories,memory,False,,,
"i do not want my running, i want my calories",Cmd.ActivityCalories,F11_corrective_all_families,Cmd.ActivityRun,activity,False,,,
i asked for my running not my calories,Cmd.ActivityRun,F11_corrective_all_families,Cmd.ActivityCalories,activity,False,,,
"not my walking, my workout",Cmd.ActivityExercise,F11_corrective_all_families,Cmd.ActivityWalk,activity,False,,,
"not how to clean them, a self check",Help_SelfCheck,F11_corrective_all_families,Help_CleanCare,care,False,,,
"i said what is new, not the basics",Help_WhatsNew,F11_corrective_all_families,Help_Home,app,False,,,
i asked for how to put them in not a self check,Help_InsertDevice,F11_corrective_all_families,Help_SelfCheck,care,False,,,
"forget how to personalise the sound, i need how to make a new program",Help_MemoryOptions,F11_corrective_all_families,Help_Customize,memory,False,,,
i asked for my standing time not my step count,Cmd.ActivityStand,F11_corrective_all_families,Cmd.ActivityStep,activity,False,,,
"my calories please, not my running",Cmd.ActivityCalories,F11_corrective_all_families,Cmd.ActivityRun,activity,False,,,
"forget my step count, i need my running",Cmd.ActivityRun,F11_corrective_all_families,Cmd.ActivityStep,activity,False,,,
"i do not want to pair them, i want the basics",Help_Home,F11_corrective_all_families,Help_Pairing,app,False,,,
"forget a remote appointment, i need to share my data",Help_HearShare,F11_corrective_all_families,Help_HearingCareAnywhereConnect,remote,False,,,
"not a remote appointment, to share my data",Help_HearShare,F11_corrective_all_families,Help_HearingCareAnywhereConnect,remote,False,,,
"forget quieter, i need muted",Cmd.VolumeMute,F11_corrective_all_families,Cmd.VolumeDecrease,volume,False,,,
"i said my running, not my workout",Cmd.ActivityRun,F11_corrective_all_families,Cmd.ActivityExercise,activity,False,,,
"i said a different program, not how to change programs",Cmd.MemoryChange,F11_corrective_all_families,Help_ChangingMemories,memory,False,,,
"not louder, unmuted",Cmd.VolumeUnmute,F11_corrective_all_families,Cmd.VolumeIncrease,volume,False,,,
i asked for my walking not my workout,Cmd.ActivityWalk,F11_corrective_all_families,Cmd.ActivityExercise,activity,False,,,
"forget how the volume works, i need quieter",Cmd.VolumeDecrease,F11_corrective_all_families,Help_Volume,volume,False,,,
"not my workout, my aerobics",Cmd.ActivityAerobics,F11_corrective_all_families,Cmd.ActivityExercise,activity,False,,,
i asked for my workout not my cycling,Cmd.ActivityExercise,F11_corrective_all_families,Cmd.ActivityCycle,activity,False,,,
i asked for a self check not how to put them in,Help_SelfCheck,F11_corrective_all_families,Help_InsertDevice,care,False,,,
"i do not want the voice assistant, i want to pair them",Help_Pairing,F11_corrective_all_families,Help_VoiceAssistant,app,False,,,
"i said my aerobics, not my standing time",Cmd.ActivityAerobics,F11_corrective_all_families,Cmd.ActivityStand,activity,False,,,
"do not give me my step count, give me my calories",Cmd.ActivityCalories,F11_corrective_all_families,Cmd.ActivityStep,activity,False,,,
"i said a remote adjustment, not a remote appointment",Help_RemoteProgramming,F11_corrective_all_families,Help_HearingCareAnywhereConnect,remote,False,,,
i asked for my calories not my workout,Cmd.ActivityCalories,F11_corrective_all_families,Cmd.ActivityExercise,activity,False,,,
"do not give me how reminders work, give me a new reminder",reminders.add,F11_corrective_all_families,Help_Reminder,reminders,False,,,
"do not give me how to make a new program, give me how to change programs",Help_ChangingMemories,F11_corrective_all_families,Help_MemoryOptions,memory,False,,,
"i do not want my calories, i want my walking",Cmd.ActivityWalk,F11_corrective_all_families,Cmd.ActivityCalories,activity,False,,,
"forget my cycling, i need my aerobics",Cmd.ActivityAerobics,F11_corrective_all_families,Cmd.ActivityCycle,activity,False,,,
"i said how to clean them, not how to put them in",Help_CleanCare,F11_corrective_all_families,Help_InsertDevice,care,False,,,
"i do not want my standing time, i want my calories",Cmd.ActivityCalories,F11_corrective_all_families,Cmd.ActivityStand,activity,False,,,
"i do not want how to personalise the sound, i want how to make a new program",Help_MemoryOptions,F11_corrective_all_families,Help_Customize,memory,False,,,
i asked for my standing time not my running,Cmd.ActivityStand,F11_corrective_all_families,Cmd.ActivityRun,activity,False,,,
i asked for streaming stopped not help with my tv streamer,Cmd.StreamingStop,F11_corrective_all_families,Help_Accessories,streaming,False,,,
"my running please, not my step count",Cmd.ActivityRun,F11_corrective_all_families,Cmd.ActivityStep,activity,False,,,
"i said how reminders work, not a new reminder",Help_Reminder,F11_corrective_all_families,reminders.add,reminders,False,,,
i asked for muted not unmuted,Cmd.VolumeMute,F11_corrective_all_families,Cmd.VolumeUnmute,volume,False,,,
"my calories please, not my aerobics",Cmd.ActivityCalories,F11_corrective_all_families,Cmd.ActivityAerobics,activity,False,,,
"forget my walking, i need my running",Cmd.ActivityRun,F11_corrective_all_families,Cmd.ActivityWalk,activity,False,,,
"do not give me the app settings, give me the basics",Help_Home,F11_corrective_all_families,Help_AppSettings,app,False,,,
"i said how to put them in, not how to clean them",Help_InsertDevice,F11_corrective_all_families,Help_CleanCare,care,False,,,
"do not give me the app settings, give me what is new",Help_WhatsNew,F11_corrective_all_families,Help_AppSettings,app,False,,,
"i said streaming stopped, not streaming started",Cmd.StreamingStop,F11_corrective_all_families,Cmd.StreamingStart,streaming,False,,,
"i said my running, not my cycling",Cmd.ActivityRun,F11_corrective_all_families,Cmd.ActivityCycle,activity,False,,,
"do not give me unmuted, give me muted",Cmd.VolumeMute,F11_corrective_all_families,Cmd.VolumeUnmute,volume,False,,,
"forget my step count, i need my walking",Cmd.ActivityWalk,F11_corrective_all_families,Cmd.ActivityStep,activity,False,,,
"not the charge level, what battery size i need",Help_Battery,F11_corrective_all_families,Cmd.BatteryLevel,battery,False,,,
"how the volume works please, not unmuted",Help_Volume,F11_corrective_all_families,Cmd.VolumeUnmute,volume,False,,,
"do not give me my step count, give me my standing time",Cmd.ActivityStand,F11_corrective_all_families,Cmd.ActivityStep,activity,False,,,
i asked for my workout not my running,Cmd.ActivityExercise,F11_corrective_all_families,Cmd.ActivityRun,activity,False,,,
i asked for my cycling not my workout,Cmd.ActivityCycle,F11_corrective_all_families,Cmd.ActivityExercise,activity,False,,,
"do not give me unmuted, give me louder",Cmd.VolumeIncrease,F11_corrective_all_families,Cmd.VolumeUnmute,volume,False,,,
"forget my step count, i need my workout",Cmd.ActivityExercise,F11_corrective_all_families,Cmd.ActivityStep,activity,False,,,
"i do not want unmuted, i want muted",Cmd.VolumeMute,F11_corrective_all_families,Cmd.VolumeUnmute,volume,False,,,
i asked for to translate not how translate works,Cmd.TranslationStart,F11_corrective_all_families,Help_Translate,translate,False,,,
i asked for how the volume works not quieter,Help_Volume,F11_corrective_all_families,Cmd.VolumeDecrease,volume,False,,,
"not my aerobics, my cycling",Cmd.ActivityCycle,F11_corrective_all_families,Cmd.ActivityAerobics,activity,False,,,
"forget streaming stopped, i need help with my tv streamer",Help_Accessories,F11_corrective_all_families,Cmd.StreamingStop,streaming,False,,,
"do not give me muted, give me how the volume works",Help_Volume,F11_corrective_all_families,Cmd.VolumeMute,volume,False,,,
"i do not want my calories, i want my workout",Cmd.ActivityExercise,F11_corrective_all_families,Cmd.ActivityCalories,activity,False,,,
"i said how to make a new program, not a different program",Help_MemoryOptions,F11_corrective_all_families,Cmd.MemoryChange,memory,False,,,
"forget the basics, i need to pair them",Help_Pairing,F11_corrective_all_families,Help_Home,app,False,,,
"i do not want the voice assistant, i want the app settings",Help_AppSettings,F11_corrective_all_families,Help_VoiceAssistant,app,False,,,
"i said my calories, not my aerobics",Cmd.ActivityCalories,F11_corrective_all_families,Cmd.ActivityAerobics,activity,False,,,
"forget a new reminder, i need how reminders work",Help_Reminder,F11_corrective_all_families,reminders.add,reminders,False,,,
i asked for the voice assistant not what is new,Help_VoiceAssistant,F11_corrective_all_families,Help_WhatsNew,app,False,,,
"i said my calories, not my walking",Cmd.ActivityCalories,F11_corrective_all_families,Cmd.ActivityWalk,activity,False,,,
"that reminder marked done please, not how reminders work",reminders.complete,F11_corrective_all_families,Help_Reminder,reminders,False,,,
"forget my step count, i need my calories",Cmd.ActivityCalories,F11_corrective_all_families,Cmd.ActivityStep,activity,False,,,
"i said muted, not quieter",Cmd.VolumeMute,F11_corrective_all_families,Cmd.VolumeDecrease,volume,False,,,
"do not give me the device settings, give me how to put them in",Help_InsertDevice,F11_corrective_all_families,Help_DeviceSettings,care,False,,,
"forget unmuted, i need how the volume works",Help_Volume,F11_corrective_all_families,Cmd.VolumeUnmute,volume,False,,,
"how to clean them please, not how to put them in",Help_CleanCare,F11_corrective_all_families,Help_InsertDevice,care,False,,,
"i said how to change programs, not a different program",Help_ChangingMemories,F11_corrective_all_families,Cmd.MemoryChange,memory,False,,,
"i do not want my workout, i want my step count",Cmd.ActivityStep,F11_corrective_all_families,Cmd.ActivityExercise,activity,False,,,
"not how to change programs, how to make a new program",Help_MemoryOptions,F11_corrective_all_families,Help_ChangingMemories,memory,False,,,
i asked for my cycling not my calories,Cmd.ActivityCycle,F11_corrective_all_families,Cmd.ActivityCalories,activity,False,,,
"my workout please, not my standing time",Cmd.ActivityExercise,F11_corrective_all_families,Cmd.ActivityStand,activity,False,,,
"a new reminder please, not how reminders work",reminders.add,F11_corrective_all_families,Help_Reminder,reminders,False,,,
"forget muted, i need quieter",Cmd.VolumeDecrease,F11_corrective_all_families,Cmd.VolumeMute,volume,False,,,
"what is new please, not the basics",Help_WhatsNew,F11_corrective_all_families,Help_Home,app,False,,,
"do not give me how to put them in, give me a self check",Help_SelfCheck,F11_corrective_all_families,Help_InsertDevice,care,False,,,
"do not give me my walking, give me my step count",Cmd.ActivityStep,F11_corrective_all_families,Cmd.ActivityWalk,activity,False,,,
"do not give me to share my data, give me a remote adjustment",Help_RemoteProgramming,F11_corrective_all_families,Help_HearShare,remote,False,,,
"i do not want my calories, i want my standing time",Cmd.ActivityStand,F11_corrective_all_families,Cmd.ActivityCalories,activity,False,,,
"my standing time please, not my walking",Cmd.ActivityStand,F11_corrective_all_families,Cmd.ActivityWalk,activity,False,,,
"i do not want a self check, i want how to clean them",Help_CleanCare,F11_corrective_all_families,Help_SelfCheck,care,False,,,
"to share my data please, not a remote appointment",Help_HearShare,F11_corrective_all_families,Help_HearingCareAnywhereConnect,remote,False,,,
"how to clean them please, not a self check",Help_CleanCare,F11_corrective_all_families,Help_SelfCheck,care,False,,,
"i said my workout, not my running",Cmd.ActivityExercise,F11_corrective_all_families,Cmd.ActivityRun,activity,False,,,
"i do not want my step count, i want my standing time",Cmd.ActivityStand,F11_corrective_all_families,Cmd.ActivityStep,activity,False,,,
"not how reminders work, a new reminder",reminders.add,F11_corrective_all_families,Help_Reminder,reminders,False,,,
"what is new please, not the voice assistant",Help_WhatsNew,F11_corrective_all_families,Help_VoiceAssistant,app,False,,,
"i do not want my running, i want my workout",Cmd.ActivityExercise,F11_corrective_all_families,Cmd.ActivityRun,activity,False,,,
"do not give me how the volume works, give me unmuted",Cmd.VolumeUnmute,F11_corrective_all_families,Help_Volume,volume,False,,,
"forget my aerobics, i need my calories",Cmd.ActivityCalories,F11_corrective_all_families,Cmd.ActivityAerobics,activity,False,,,
"i do not want a self check, i want the device settings",Help_DeviceSettings,F11_corrective_all_families,Help_SelfCheck,care,False,,,
"i said muted, not louder",Cmd.VolumeMute,F11_corrective_all_families,Cmd.VolumeIncrease,volume,False,,,
"i said that reminder marked done, not a new reminder",reminders.complete,F11_corrective_all_families,reminders.add,reminders,False,,,
"forget how the volume works, i need muted",Cmd.VolumeMute,F11_corrective_all_families,Help_Volume,volume,False,,,
"forget the device settings, i need how to put them in",Help_InsertDevice,F11_corrective_all_families,Help_DeviceSettings,care,False,,,
"my walking please, not my aerobics",Cmd.ActivityWalk,F11_corrective_all_families,Cmd.ActivityAerobics,activity,False,,,
"i do not want streaming started, i want help with my tv streamer",Help_Accessories,F11_corrective_all_families,Cmd.StreamingStart,streaming,False,,,
"the basics please, not to pair them",Help_Home,F11_corrective_all_families,Help_Pairing,app,False,,,
"i said my standing time, not my aerobics",Cmd.ActivityStand,F11_corrective_all_families,Cmd.ActivityAerobics,activity,False,,,
"i said how the volume works, not quieter",Help_Volume,F11_corrective_all_families,Cmd.VolumeDecrease,volume,False,,,
"how to put them in please, not the device settings",Help_InsertDevice,F11_corrective_all_families,Help_DeviceSettings,care,False,,,
"the basics please, not the app settings",Help_Home,F11_corrective_all_families,Help_AppSettings,app,False,,,
"i do not want my workout, i want my calories",Cmd.ActivityCalories,F11_corrective_all_families,Cmd.ActivityExercise,activity,False,,,
"not my step count, my walking",Cmd.ActivityWalk,F11_corrective_all_families,Cmd.ActivityStep,activity,False,,,
"my cycling please, not my step count",Cmd.ActivityCycle,F11_corrective_all_families,Cmd.ActivityStep,activity,False,,,
"do not give me what battery size i need, give me the charge level",Cmd.BatteryLevel,F11_corrective_all_families,Help_Battery,battery,False,,,
"not to share my data, a remote appointment",Help_HearingCareAnywhereConnect,F11_corrective_all_families,Help_HearShare,remote,False,,,
"forget to share my data, i need a remote appointment",Help_HearingCareAnywhereConnect,F11_corrective_all_families,Help_HearShare,remote,False,,,
i asked for my cycling not my standing time,Cmd.ActivityCycle,F11_corrective_all_families,Cmd.ActivityStand,activity,False,,,
"forget my running, i need my aerobics",Cmd.ActivityAerobics,F11_corrective_all_families,Cmd.ActivityRun,activity,False,,,
i asked for my standing time not my walking,Cmd.ActivityStand,F11_corrective_all_families,Cmd.ActivityWalk,activity,False,,,
"not how to personalise the sound, a different program",Cmd.MemoryChange,F11_corrective_all_families,Help_Customize,memory,False,,,
"i said the basics, not the voice assistant",Help_Home,F11_corrective_all_families,Help_VoiceAssistant,app,False,,,
"i said my step count, not my cycling",Cmd.ActivityStep,F11_corrective_all_families,Cmd.ActivityCycle,activity,False,,,
"forget how reminders work, i need a new reminder",reminders.add,F11_corrective_all_families,Help_Reminder,reminders,False,,,
"forget to translate, i need how translate works",Help_Translate,F11_corrective_all_families,Cmd.TranslationStart,translate,False,,,
"i said streaming stopped, not help with my tv streamer",Cmd.StreamingStop,F11_corrective_all_families,Help_Accessories,streaming,False,,,
"not louder, how the volume works",Help_Volume,F11_corrective_all_families,Cmd.VolumeIncrease,volume,False,,,
i asked for how to change programs not a different program,Help_ChangingMemories,F11_corrective_all_families,Cmd.MemoryChange,memory,False,,,
"i said my calories, not my workout",Cmd.ActivityCalories,F11_corrective_all_families,Cmd.ActivityExercise,activity,False,,,
i asked for unmuted not how the volume works,Cmd.VolumeUnmute,F11_corrective_all_families,Help_Volume,volume,False,,,
"my standing time please, not my calories",Cmd.ActivityStand,F11_corrective_all_families,Cmd.ActivityCalories,activity,False,,,
"i do not want help with my tv streamer, i want streaming stopped",Cmd.StreamingStop,F11_corrective_all_families,Help_Accessories,streaming,False,,,
"not streaming started, help with my tv streamer",Help_Accessories,F11_corrective_all_families,Cmd.StreamingStart,streaming,False,,,
"i do not want the device settings, i want a self check",Help_SelfCheck,F11_corrective_all_families,Help_DeviceSettings,care,False,,,
"help with my tv streamer please, not streaming started",Help_Accessories,F11_corrective_all_families,Cmd.StreamingStart,streaming,False,,,
"do not give me my walking, give me my aerobics",Cmd.ActivityAerobics,F11_corrective_all_families,Cmd.ActivityWalk,activity,False,,,
"i said how to personalise the sound, not a different program",Help_Customize,F11_corrective_all_families,Cmd.MemoryChange,memory,False,,,
"do not give me my step count, give me my workout",Cmd.ActivityExercise,F11_corrective_all_families,Cmd.ActivityStep,activity,False,,,
i asked for a self check not how to clean them,Help_SelfCheck,F11_corrective_all_families,Help_CleanCare,care,False,,,
"louder please, not muted",Cmd.VolumeIncrease,F11_corrective_all_families,Cmd.VolumeMute,volume,False,,,
"i do not want a different program, i want how to make a new program",Help_MemoryOptions,F11_corrective_all_families,Cmd.MemoryChange,memory,False,,,
"i do not want my workout, i want my standing time",Cmd.ActivityStand,F11_corrective_all_families,Cmd.ActivityExercise,activity,False,,,
"forget my calories, i need my aerobics",Cmd.ActivityAerobics,F11_corrective_all_families,Cmd.ActivityCalories,activity,False,,,
"i said what is new, not the app settings",Help_WhatsNew,F11_corrective_all_families,Help_AppSettings,app,False,,,
"forget my workout, i need my walking",Cmd.ActivityWalk,F11_corrective_all_families,Cmd.ActivityExercise,activity,False,,,
"i do not want my calories, i want my step count",Cmd.ActivityStep,F11_corrective_all_families,Cmd.ActivityCalories,activity,False,,,
"not my cycling, my walking",Cmd.ActivityWalk,F11_corrective_all_families,Cmd.ActivityCycle,activity,False,,,
"not how the volume works, louder",Cmd.VolumeIncrease,F11_corrective_all_families,Help_Volume,volume,False,,,
"the app settings please, not the voice assistant",Help_AppSettings,F11_corrective_all_families,Help_VoiceAssistant,app,False,,,
"i do not want my cycling, i want my standing time",Cmd.ActivityStand,F11_corrective_all_families,Cmd.ActivityCycle,activity,False,,,
"i do not want how the volume works, i want quieter",Cmd.VolumeDecrease,F11_corrective_all_families,Help_Volume,volume,False,,,
"do not give me that reminder marked done, give me a new reminder",reminders.add,F11_corrective_all_families,reminders.complete,reminders,False,,,
"my standing time please, not my cycling",Cmd.ActivityStand,F11_corrective_all_families,Cmd.ActivityCycle,activity,False,,,
"not a self check, how to clean them",Help_CleanCare,F11_corrective_all_families,Help_SelfCheck,care,False,,,
"i said my step count, not my calories",Cmd.ActivityStep,F11_corrective_all_families,Cmd.ActivityCalories,activity,False,,,
i asked for a different program not how to change programs,Cmd.MemoryChange,F11_corrective_all_families,Help_ChangingMemories,memory,False,,,
"i said how to make a new program, not how to personalise the sound",Help_MemoryOptions,F11_corrective_all_families,Help_Customize,memory,False,,,
"how to personalise the sound please, not a different program",Help_Customize,F11_corrective_all_families,Cmd.MemoryChange,memory,False,,,
"my workout please, not my step count",Cmd.ActivityExercise,F11_corrective_all_families,Cmd.ActivityStep,activity,False,,,
i asked for my calories not my cycling,Cmd.ActivityCalories,F11_corrective_all_families,Cmd.ActivityCycle,activity,False,,,
"forget unmuted, i need louder",Cmd.VolumeIncrease,F11_corrective_all_families,Cmd.VolumeUnmute,volume,False,,,
"do not give me the basics, give me what is new",Help_WhatsNew,F11_corrective_all_families,Help_Home,app,False,,,
"my walking please, not my workout",Cmd.ActivityWalk,F11_corrective_all_families,Cmd.ActivityExercise,activity,False,,,
"a different program please, not how to personalise the sound",Cmd.MemoryChange,F11_corrective_all_families,Help_Customize,memory,False,,,
i asked for louder not quieter,Cmd.VolumeIncrease,F11_corrective_all_families,Cmd.VolumeDecrease,volume,False,,,
i asked for my aerobics not my walking,Cmd.ActivityAerobics,F11_corrective_all_families,Cmd.ActivityWalk,activity,False,,,
"forget my calories, i need my workout",Cmd.ActivityExercise,F11_corrective_all_families,Cmd.ActivityCalories,activity,False,,,
"do not give me my standing time, give me my calories",Cmd.ActivityCalories,F11_corrective_all_families,Cmd.ActivityStand,activity,False,,,
"forget my standing time, i need my workout",Cmd.ActivityExercise,F11_corrective_all_families,Cmd.ActivityStand,activity,False,,,
"i do not want my standing time, i want my step count",Cmd.ActivityStep,F11_corrective_all_families,Cmd.ActivityStand,activity,False,,,
"not my cycling, my workout",Cmd.ActivityExercise,F11_corrective_all_families,Cmd.ActivityCycle,activity,False,,,
"i said my step count, not my standing time",Cmd.ActivityStep,F11_corrective_all_families,Cmd.ActivityStand,activity,False,,,
"do not give me how transcribe works, give me to transcribe",Cmd.TranscribeStart,F11_corrective_all_families,Help_Transcribe,transcribe,False,,,
"i do not want my aerobics, i want my standing time",Cmd.ActivityStand,F11_corrective_all_families,Cmd.ActivityAerobics,activity,False,,,
"i do not want how to make a new program, i want how to personalise the sound",Help_Customize,F11_corrective_all_families,Help_MemoryOptions,memory,False,,,
i asked for the basics not the voice assistant,Help_Home,F11_corrective_all_families,Help_VoiceAssistant,app,False,,,
"not that reminder marked done, a new reminder",reminders.add,F11_corrective_all_families,reminders.complete,reminders,False,,,
"not my walking, my standing time",Cmd.ActivityStand,F11_corrective_all_families,Cmd.ActivityWalk,activity,False,,,
"i said my aerobics, not my workout",Cmd.ActivityAerobics,F11_corrective_all_families,Cmd.ActivityExercise,activity,False,,,
"i said the basics, not what is new",Help_Home,F11_corrective_all_families,Help_WhatsNew,app,False,,,
"not my phone found, my hearing aid found",Help_FindMyHearingAids,F11_corrective_all_families,Cmd.FindMyPhone,find,False,,,
i asked for a remote appointment not to share my data,Help_HearingCareAnywhereConnect,F11_corrective_all_families,Help_HearShare,remote,False,,,
i asked for how to personalise the sound not a different program,Help_Customize,F11_corrective_all_families,Cmd.MemoryChange,memory,False,,,
"i do not want how to make a new program, i want how to change programs",Help_ChangingMemories,F11_corrective_all_families,Help_MemoryOptions,memory,False,,,
i asked for the basics not to pair them,Help_Home,F11_corrective_all_families,Help_Pairing,app,False,,,
"i said unmuted, not quieter",Cmd.VolumeUnmute,F11_corrective_all_families,Cmd.VolumeDecrease,volume,False,,,
i asked for my aerobics not my calories,Cmd.ActivityAerobics,F11_corrective_all_families,Cmd.ActivityCalories,activity,False,,,
"i do not want the device settings, i want how to put them in",Help_InsertDevice,F11_corrective_all_families,Help_DeviceSettings,care,False,,,
"forget to share my data, i need a remote adjustment",Help_RemoteProgramming,F11_corrective_all_families,Help_HearShare,remote,False,,,
"do not give me quieter, give me muted",Cmd.VolumeMute,F11_corrective_all_families,Cmd.VolumeDecrease,volume,False,,,
"forget my cycling, i need my running",Cmd.ActivityRun,F11_corrective_all_families,Cmd.ActivityCycle,activity,False,,,
"do not give me my phone found, give me my hearing aid found",Help_FindMyHearingAids,F11_corrective_all_families,Cmd.FindMyPhone,find,False,,,
i asked for a self check not the device settings,Help_SelfCheck,F11_corrective_all_families,Help_DeviceSettings,care,False,,,
"i do not want my step count, i want my walking",Cmd.ActivityWalk,F11_corrective_all_families,Cmd.ActivityStep,activity,False,,,
"that reminder marked done please, not a new reminder",reminders.complete,F11_corrective_all_families,reminders.add,reminders,False,,,
"forget how to clean them, i need how to put them in",Help_InsertDevice,F11_corrective_all_families,Help_CleanCare,care,False,,,
"i said the voice assistant, not the app settings",Help_VoiceAssistant,F11_corrective_all_families,Help_AppSettings,app,False,,,
"forget the app settings, i need the voice assistant",Help_VoiceAssistant,F11_corrective_all_families,Help_AppSettings,app,False,,,
"unmuted please, not quieter",Cmd.VolumeUnmute,F11_corrective_all_families,Cmd.VolumeDecrease,volume,False,,,
"not my step count, my cycling",Cmd.ActivityCycle,F11_corrective_all_families,Cmd.ActivityStep,activity,False,,,
"i do not want my standing time, i want my aerobics",Cmd.ActivityAerobics,F11_corrective_all_families,Cmd.ActivityStand,activity,False,,,
"a remote appointment please, not a remote adjustment",Help_HearingCareAnywhereConnect,F11_corrective_all_families,Help_RemoteProgramming,remote,False,,,
"forget muted, i need unmuted",Cmd.VolumeUnmute,F11_corrective_all_families,Cmd.VolumeMute,volume,False,,,
"the voice assistant please, not what is new",Help_VoiceAssistant,F11_corrective_all_families,Help_WhatsNew,app,False,,,
"not how to change programs, a different program",Cmd.MemoryChange,F11_corrective_all_families,Help_ChangingMemories,memory,False,,,
"do not give me how to clean them, give me how to put them in",Help_InsertDevice,F11_corrective_all_families,Help_CleanCare,care,False,,,
i asked for my standing time not my aerobics,Cmd.ActivityStand,F11_corrective_all_families,Cmd.ActivityAerobics,activity,False,,,
"not a self check, how to put them in",Help_InsertDevice,F11_corrective_all_families,Help_SelfCheck,care,False,,,
"i do not want my walking, i want my aerobics",Cmd.ActivityAerobics,F11_corrective_all_families,Cmd.ActivityWalk,activity,False,,,
"i do not want a self check, i want how to put them in",Help_InsertDevice,F11_corrective_all_families,Help_SelfCheck,care,False,,,
"do not give me my workout, give me my standing time",Cmd.ActivityStand,F11_corrective_all_families,Cmd.ActivityExercise,activity,False,,,
"not my walking, my step count",Cmd.ActivityStep,F11_corrective_all_families,Cmd.ActivityWalk,activity,False,,,
"i do not want my cycling, i want my running",Cmd.ActivityRun,F11_corrective_all_families,Cmd.ActivityCycle,activity,False,,,
"i do not want my hearing aid found, i want my phone found",Cmd.FindMyPhone,F11_corrective_all_families,Help_FindMyHearingAids,find,False,,,
"not my cycling, my standing time",Cmd.ActivityStand,F11_corrective_all_families,Cmd.ActivityCycle,activity,False,,,
"not help with my tv streamer, streaming started",Cmd.StreamingStart,F11_corrective_all_families,Help_Accessories,streaming,False,,,
i asked for quieter not how the volume works,Cmd.VolumeDecrease,F11_corrective_all_families,Help_Volume,volume,False,,,
"do not give me my walking, give me my cycling",Cmd.ActivityCycle,F11_corrective_all_families,Cmd.ActivityWalk,activity,False,,,
"to transcribe please, not how transcribe works",Cmd.TranscribeStart,F11_corrective_all_families,Help_Transcribe,transcribe,False,,,
"how to personalise the sound please, not how to make a new program",Help_Customize,F11_corrective_all_families,Help_MemoryOptions,memory,False,,,
i asked for that reminder marked done not a new reminder,reminders.complete,F11_corrective_all_families,reminders.add,reminders,False,,,
"my aerobics please, not my step count",Cmd.ActivityAerobics,F11_corrective_all_families,Cmd.ActivityStep,activity,False,,,
"not a new reminder, that reminder marked done",reminders.complete,F11_corrective_all_families,reminders.add,reminders,False,,,
"not the app settings, what is new",Help_WhatsNew,F11_corrective_all_families,Help_AppSettings,app,False,,,
"muted please, not louder",Cmd.VolumeMute,F11_corrective_all_families,Cmd.VolumeIncrease,volume,False,,,
"i said unmuted, not how the volume works",Cmd.VolumeUnmute,F11_corrective_all_families,Help_Volume,volume,False,,,
"i do not want how to clean them, i want a self check",Help_SelfCheck,F11_corrective_all_families,Help_CleanCare,care,False,,,
"do not give me the basics, give me the voice assistant",Help_VoiceAssistant,F11_corrective_all_families,Help_Home,app,False,,,
"not the device settings, how to put them in",Help_InsertDevice,F11_corrective_all_families,Help_DeviceSettings,care,False,,,
"the voice assistant please, not the app settings",Help_VoiceAssistant,F11_corrective_all_families,Help_AppSettings,app,False,,,
"not my running, my walking",Cmd.ActivityWalk,F11_corrective_all_families,Cmd.ActivityRun,activity,False,,,
"do not give me my standing time, give me my running",Cmd.ActivityRun,F11_corrective_all_families,Cmd.ActivityStand,activity,False,,,
"do not give me my running, give me my cycling",Cmd.ActivityCycle,F11_corrective_all_families,Cmd.ActivityRun,activity,False,,,
i asked for how to personalise the sound not how to make a new program,Help_Customize,F11_corrective_all_families,Help_MemoryOptions,memory,False,,,
"do not give me how to clean them, give me the device settings",Help_DeviceSettings,F11_corrective_all_families,Help_CleanCare,care,False,,,
this is much too faint at the moment,Cmd.VolumeIncrease,F12_symptom_shortcut_only,,,,faint,,
my aids are too booming today,Cmd.VolumeDecrease,F12_symptom_shortcut_only,,,,booming,,
"my aids are too deafening at the moment, make it quieter",Cmd.VolumeDecrease,F12_symptom_shortcut,,,,deafening,,
the sound is too loud at the moment so turn it down,Cmd.VolumeDecrease,F12_symptom_shortcut,,,,loud,,
this is much too harsh in here,Cmd.VolumeDecrease,F12_symptom_shortcut_only,,,,harsh,,
"soften it, it is too harsh in here",Cmd.VolumeDecrease,F12_symptom_shortcut,,,,harsh,,
"my aids are too quiet right now, bring it up",Cmd.VolumeIncrease,F12_symptom_shortcut,,,,quiet,,
"my aids are too faint in here, turn it up",Cmd.VolumeIncrease,F12_symptom_shortcut,,,,faint,,
my aids are too faint on this setting,Cmd.VolumeIncrease,F12_symptom_shortcut_only,,,,faint,,
"it is too muffled at the moment, make it louder",Cmd.VolumeIncrease,F12_symptom_shortcut,,,,muffled,,
the sound is too deafening on this setting so bring it down,Cmd.VolumeDecrease,F12_symptom_shortcut,,,,deafening,,
my aids are too low today,Cmd.VolumeIncrease,F12_symptom_shortcut_only,,,,low,,
the sound is far too faint in here,Cmd.VolumeIncrease,F12_symptom_shortcut_only,,,,faint,,
"everything is too deafening, please turn it down",Cmd.VolumeDecrease,F12_symptom_shortcut,,,,deafening,,
the sound is too low at the moment so make it louder,Cmd.VolumeIncrease,F12_symptom_shortcut,,,,low,,
"my aids are too booming at the moment, make it quieter",Cmd.VolumeDecrease,F12_symptom_shortcut,,,,booming,,
"everything is too low today, please boost it",Cmd.VolumeIncrease,F12_symptom_shortcut,,,,low,,
the sound is too loud so soften it,Cmd.VolumeDecrease,F12_symptom_shortcut,,,,loud,,
"it is too faint at the moment, turn it up",Cmd.VolumeIncrease,F12_symptom_shortcut,,,,faint,,
"make it louder, it is too low today",Cmd.VolumeIncrease,F12_symptom_shortcut,,,,low,,
"make it quieter, it is too loud on this setting",Cmd.VolumeDecrease,F12_symptom_shortcut,,,,loud,,
"it is too blaring in this room, turn it down",Cmd.VolumeDecrease,F12_symptom_shortcut,,,,blaring,,
"everything is too quiet, please turn it up",Cmd.VolumeIncrease,F12_symptom_shortcut,,,,quiet,,
the sound is far too quiet right now,Cmd.VolumeIncrease,F12_symptom_shortcut_only,,,,quiet,,
the sound is too deafening in here so turn it down,Cmd.VolumeDecrease,F12_symptom_shortcut,,,,deafening,,
"my aids are too faint on this setting, turn it up",Cmd.VolumeIncrease,F12_symptom_shortcut,,,,faint,,
"raise it, it is too soft on this setting",Cmd.VolumeIncrease,F12_symptom_shortcut,,,,soft,,
"it is too soft in here, make it louder",Cmd.VolumeIncrease,F12_symptom_shortcut,,,,soft,,
"it is too muffled today, turn it up",Cmd.VolumeIncrease,F12_symptom_shortcut,,,,muffled,,
the sound is too harsh in here so soften it,Cmd.VolumeDecrease,F12_symptom_shortcut,,,,harsh,,
my aids are too blaring in this room,Cmd.VolumeDecrease,F12_symptom_shortcut_only,,,,blaring,,
"my aids are too deafening in this room, make it quieter",Cmd.VolumeDecrease,F12_symptom_shortcut,,,,deafening,,
"it is too deafening, bring it down",Cmd.VolumeDecrease,F12_symptom_shortcut,,,,deafening,,
the sound is too blaring in here so bring it down,Cmd.VolumeDecrease,F12_symptom_shortcut,,,,blaring,,
"make it quieter, it is too deafening",Cmd.VolumeDecrease,F12_symptom_shortcut,,,,deafening,,
the sound is too harsh in this room so soften it,Cmd.VolumeDecrease,F12_symptom_shortcut,,,,harsh,,
"it is too deafening in here, make it quieter",Cmd.VolumeDecrease,F12_symptom_shortcut,,,,deafening,,
it is too low,Cmd.VolumeIncrease,F12_symptom_shortcut_only,,,,low,,
the sound is too quiet in this room so turn it up,Cmd.VolumeIncrease,F12_symptom_shortcut,,,,quiet,,
"make it louder, it is too faint",Cmd.VolumeIncrease,F12_symptom_shortcut,,,,faint,,
"my aids are too quiet, raise it",Cmd.VolumeIncrease,F12_symptom_shortcut,,,,quiet,,
the sound is too harsh on this setting so soften it,Cmd.VolumeDecrease,F12_symptom_shortcut,,,,harsh,,
"it is too soft at the moment, boost it",Cmd.VolumeIncrease,F12_symptom_shortcut,,,,soft,,
my aids are too deafening in here,Cmd.VolumeDecrease,F12_symptom_shortcut_only,,,,deafening,,
the sound is too loud right now so turn it down,Cmd.VolumeDecrease,F12_symptom_shortcut,,,,loud,,
the sound is too harsh in here so make it quieter,Cmd.VolumeDecrease,F12_symptom_shortcut,,,,harsh,,
"bring it up, it is too soft on this setting",Cmd.VolumeIncrease,F12_symptom_shortcut,,,,soft,,
"it is too blaring, turn it down",Cmd.VolumeDecrease,F12_symptom_shortcut,,,,blaring,,
the sound is too loud in this room so lower it,Cmd.VolumeDecrease,F12_symptom_shortcut,,,,loud,,
it is too booming in this room,Cmd.VolumeDecrease,F12_symptom_shortcut_only,,,,booming,,
"everything is too harsh, please make it quieter",Cmd.VolumeDecrease,F12_symptom_shortcut,,,,harsh,,
the sound is too faint today so raise it,Cmd.VolumeIncrease,F12_symptom_shortcut,,,,faint,,
the sound is too quiet today so bring it up,Cmd.VolumeIncrease,F12_symptom_shortcut,,,,quiet,,
"boost it, it is too low on this setting",Cmd.VolumeIncrease,F12_symptom_shortcut,,,,low,,
"everything is too deafening on this setting, please bring it down",Cmd.VolumeDecrease,F12_symptom_shortcut,,,,deafening,,
"soften it, it is too booming",Cmd.VolumeDecrease,F12_symptom_shortcut,,,,booming,,
the sound is too harsh today so bring it down,Cmd.VolumeDecrease,F12_symptom_shortcut,,,,harsh,,
the sound is far too quiet today,Cmd.VolumeIncrease,F12_symptom_shortcut_only,,,,quiet,,
"my aids are too muffled, make it louder",Cmd.VolumeIncrease,F12_symptom_shortcut,,,,muffled,,
"it is too soft right now, boost it",Cmd.VolumeIncrease,F12_symptom_shortcut,,,,soft,,
"turn it up, it is too soft",Cmd.VolumeIncrease,F12_symptom_shortcut,,,,soft,,
"my aids are too loud in here, bring it down",Cmd.VolumeDecrease,F12_symptom_shortcut,,,,loud,,
"it is too loud at the moment, bring it down",Cmd.VolumeDecrease,F12_symptom_shortcut,,,,loud,,
the sound is too deafening on this setting so lower it,Cmd.VolumeDecrease,F12_symptom_shortcut,,,,deafening,,
it is too harsh at the moment,Cmd.VolumeDecrease,F12_symptom_shortcut_only,,,,harsh,,
"my aids are too quiet, boost it",Cmd.VolumeIncrease,F12_symptom_shortcut,,,,quiet,,
the sound is too muffled so make it louder,Cmd.VolumeIncrease,F12_symptom_shortcut,,,,muffled,,
"my aids are too blaring in here, lower it",Cmd.VolumeDecrease,F12_symptom_shortcut,,,,blaring,,
"everything is too booming in this room, please turn it down",Cmd.VolumeDecrease,F12_symptom_shortcut,,,,booming,,
it is too harsh on this setting,Cmd.VolumeDecrease,F12_symptom_shortcut_only,,,,harsh,,
the sound is too deafening right now so lower it,Cmd.VolumeDecrease,F12_symptom_shortcut,,,,deafening,,
my aids are too faint in here,Cmd.VolumeIncrease,F12_symptom_shortcut_only,,,,faint,,
"turn it up, it is too low",Cmd.VolumeIncrease,F12_symptom_shortcut,,,,low,,
the sound is far too faint,Cmd.VolumeIncrease,F12_symptom_shortcut_only,,,,faint,,
"it is too loud, bring it down",Cmd.VolumeDecrease,F12_symptom_shortcut,,,,loud,,
"my aids are too blaring on this setting, turn it down",Cmd.VolumeDecrease,F12_symptom_shortcut,,,,blaring,,
"my aids are too low at the moment, raise it",Cmd.VolumeIncrease,F12_symptom_shortcut,,,,low,,
"soften it, it is too harsh at the moment",Cmd.VolumeDecrease,F12_symptom_shortcut,,,,harsh,,
"my aids are too quiet right now, make it louder",Cmd.VolumeIncrease,F12_symptom_shortcut,,,,quiet,,
everything is too blaring at the moment,Cmd.VolumeDecrease,F12_symptom_shortcut_only,,,,blaring,,
"it is too harsh in here, soften it",Cmd.VolumeDecrease,F12_symptom_shortcut,,,,harsh,,
it is too muffled right now,Cmd.VolumeIncrease,F12_symptom_shortcut_only,,,,muffled,,
"my aids are too quiet today, raise it",Cmd.VolumeIncrease,F12_symptom_shortcut,,,,quiet,,
"everything is too faint at the moment, please raise it",Cmd.VolumeIncrease,F12_symptom_shortcut,,,,faint,,
"turn it up, it is too low today",Cmd.VolumeIncrease,F12_symptom_shortcut,,,,low,,
the sound is far too quiet in here,Cmd.VolumeIncrease,F12_symptom_shortcut_only,,,,quiet,,
"my aids are too loud, soften it",Cmd.VolumeDecrease,F12_symptom_shortcut,,,,loud,,
the sound is far too loud in here,Cmd.VolumeDecrease,F12_symptom_shortcut_only,,,,loud,,
"it is too loud today, make it quieter",Cmd.VolumeDecrease,F12_symptom_shortcut,,,,loud,,
my aids are too harsh at the moment,Cmd.VolumeDecrease,F12_symptom_shortcut_only,,,,harsh,,
the sound is far too booming in this room,Cmd.VolumeDecrease,F12_symptom_shortcut_only,,,,booming,,
"my aids are too booming in this room, bring it down",Cmd.VolumeDecrease,F12_symptom_shortcut,,,,booming,,
it is too low on this setting,Cmd.VolumeIncrease,F12_symptom_shortcut_only,,,,low,,
"turn it up, it is too faint right now",Cmd.VolumeIncrease,F12_symptom_shortcut,,,,faint,,
"lower it, it is too booming on this setting",Cmd.VolumeDecrease,F12_symptom_shortcut,,,,booming,,
the sound is far too booming right now,Cmd.VolumeDecrease,F12_symptom_shortcut_only,,,,booming,,
the sound is far too low in here,Cmd.VolumeIncrease,F12_symptom_shortcut_only,,,,low,,
"it is too low in here, boost it",Cmd.VolumeIncrease,F12_symptom_shortcut,,,,low,,
my aids are too soft in this room,Cmd.VolumeIncrease,F12_symptom_shortcut_only,,,,soft,,
"everything is too blaring today, please lower it",Cmd.VolumeDecrease,F12_symptom_shortcut,,,,blaring,,
my aids are too loud,Cmd.VolumeDecrease,F12_symptom_shortcut_only,,,,loud,,
the sound is too soft so make it louder,Cmd.VolumeIncrease,F12_symptom_shortcut,,,,soft,,
this is much too low on this setting,Cmd.VolumeIncrease,F12_symptom_shortcut_only,,,,low,,
"bring it up, it is too soft today",Cmd.VolumeIncrease,F12_symptom_shortcut,,,,soft,,
"my aids are too soft on this setting, bring it up",Cmd.VolumeIncrease,F12_symptom_shortcut,,,,soft,,
"soften it, it is too harsh today",Cmd.VolumeDecrease,F12_symptom_shortcut,,,,harsh,,
the sound is too low at the moment so boost it,Cmd.VolumeIncrease,F12_symptom_shortcut,,,,low,,
the sound is far too loud,Cmd.VolumeDecrease,F12_symptom_shortcut_only,,,,loud,,
"lower it, it is too harsh",Cmd.VolumeDecrease,F12_symptom_shortcut,,,,harsh,,
everything is too low on this setting,Cmd.VolumeIncrease,F12_symptom_shortcut_only,,,,low,,
"everything is too quiet at the moment, please raise it",Cmd.VolumeIncrease,F12_symptom_shortcut,,,,quiet,,
everything is too deafening,Cmd.VolumeDecrease,F12_symptom_shortcut_only,,,,deafening,,
"soften it, it is too booming in here",Cmd.VolumeDecrease,F12_symptom_shortcut,,,,booming,,
"everything is too harsh today, please turn it down",Cmd.VolumeDecrease,F12_symptom_shortcut,,,,harsh,,
"everything is too harsh on this setting, please lower it",Cmd.VolumeDecrease,F12_symptom_shortcut,,,,harsh,,
"it is too quiet at the moment, turn it up",Cmd.VolumeIncrease,F12_symptom_shortcut,,,,quiet,,
the sound is too faint so make it louder,Cmd.VolumeIncrease,F12_symptom_shortcut,,,,faint,,
"it is too booming right now, lower it",Cmd.VolumeDecrease,F12_symptom_shortcut,,,,booming,,
it is too blaring at the moment,Cmd.VolumeDecrease,F12_symptom_shortcut_only,,,,blaring,,
the sound is too booming in this room so turn it down,Cmd.VolumeDecrease,F12_symptom_shortcut,,,,booming,,
"it is too faint in this room, raise it",Cmd.VolumeIncrease,F12_symptom_shortcut,,,,faint,,
"my aids are too low right now, boost it",Cmd.VolumeIncrease,F12_symptom_shortcut,,,,low,,
"everything is too booming, please bring it down",Cmd.VolumeDecrease,F12_symptom_shortcut,,,,booming,,
it is too blaring today,Cmd.VolumeDecrease,F12_symptom_shortcut_only,,,,blaring,,
"soften it, it is too deafening in here",Cmd.VolumeDecrease,F12_symptom_shortcut,,,,deafening,,
"my aids are too low right now, raise it",Cmd.VolumeIncrease,F12_symptom_shortcut,,,,low,,
the sound is too soft right now so turn it up,Cmd.VolumeIncrease,F12_symptom_shortcut,,,,soft,,
the sound is far too deafening in here,Cmd.VolumeDecrease,F12_symptom_shortcut_only,,,,deafening,,
this is much too soft today,Cmd.VolumeIncrease,F12_symptom_shortcut_only,,,,soft,,
this is much too muffled today,Cmd.VolumeIncrease,F12_symptom_shortcut_only,,,,muffled,,
"my aids are too muffled right now, make it louder",Cmd.VolumeIncrease,F12_symptom_shortcut,,,,muffled,,
"my aids are too muffled at the moment, make it louder",Cmd.VolumeIncrease,F12_symptom_shortcut,,,,muffled,,
the sound is far too muffled on this setting,Cmd.VolumeIncrease,F12_symptom_shortcut_only,,,,muffled,,
"lower it, it is too harsh in this room",Cmd.VolumeDecrease,F12_symptom_shortcut,,,,harsh,,
"make it louder, it is too muffled in here",Cmd.VolumeIncrease,F12_symptom_shortcut,,,,muffled,,
"everything is too low right now, please turn it up",Cmd.VolumeIncrease,F12_symptom_shortcut,,,,low,,
the sound is too loud at the moment so make it quieter,Cmd.VolumeDecrease,F12_symptom_shortcut,,,,loud,,
"everything is too loud at the moment, please lower it",Cmd.VolumeDecrease,F12_symptom_shortcut,,,,loud,,
my aids are too deafening today,Cmd.VolumeDecrease,F12_symptom_shortcut_only,,,,deafening,,
this is much too soft in this room,Cmd.VolumeIncrease,F12_symptom_shortcut_only,,,,soft,,
"everything is too harsh today, please make it quieter",Cmd.VolumeDecrease,F12_symptom_shortcut,,,,harsh,,
it is too low right now,Cmd.VolumeIncrease,F12_symptom_shortcut_only,,,,low,,
my aids are too muffled in here,Cmd.VolumeIncrease,F12_symptom_shortcut_only,,,,muffled,,
this is much too low today,Cmd.VolumeIncrease,F12_symptom_shortcut_only,,,,low,,
"everything is too deafening in this room, please make it quieter",Cmd.VolumeDecrease,F12_symptom_shortcut,,,,deafening,,
"raise it, it is too quiet at the moment",Cmd.VolumeIncrease,F12_symptom_shortcut,,,,quiet,,
the sound is too blaring in this room so turn it down,Cmd.VolumeDecrease,F12_symptom_shortcut,,,,blaring,,
the sound is too quiet at the moment so make it louder,Cmd.VolumeIncrease,F12_symptom_shortcut,,,,quiet,,
it is too soft on this setting,Cmd.VolumeIncrease,F12_symptom_shortcut_only,,,,soft,,
my aids are too deafening,Cmd.VolumeDecrease,F12_symptom_shortcut_only,,,,deafening,,
"my aids are too deafening today, make it quieter",Cmd.VolumeDecrease,F12_symptom_shortcut,,,,deafening,,
"my aids are too blaring right now, lower it",Cmd.VolumeDecrease,F12_symptom_shortcut,,,,blaring,,
"my aids are too muffled in here, raise it",Cmd.VolumeIncrease,F12_symptom_shortcut,,,,muffled,,
everything is too harsh at the moment,Cmd.VolumeDecrease,F12_symptom_shortcut_only,,,,harsh,,
"it is too soft right now, turn it up",Cmd.VolumeIncrease,F12_symptom_shortcut,,,,soft,,
the sound is too booming at the moment so turn it down,Cmd.VolumeDecrease,F12_symptom_shortcut,,,,booming,,
"it is too faint, turn it up",Cmd.VolumeIncrease,F12_symptom_shortcut,,,,faint,,
my aids are too loud in this room,Cmd.VolumeDecrease,F12_symptom_shortcut_only,,,,loud,,
this is much too faint in this room,Cmd.VolumeIncrease,F12_symptom_shortcut_only,,,,faint,,
"it is too booming today, lower it",Cmd.VolumeDecrease,F12_symptom_shortcut,,,,booming,,
"everything is too harsh right now, please soften it",Cmd.VolumeDecrease,F12_symptom_shortcut,,,,harsh,,
"my aids are too low in here, raise it",Cmd.VolumeIncrease,F12_symptom_shortcut,,,,low,,
"my aids are too blaring on this setting, lower it",Cmd.VolumeDecrease,F12_symptom_shortcut,,,,blaring,,
the sound is too quiet so boost it,Cmd.VolumeIncrease,F12_symptom_shortcut,,,,quiet,,
the sound is too faint at the moment so bring it up,Cmd.VolumeIncrease,F12_symptom_shortcut,,,,faint,,
"it is too blaring on this setting, soften it",Cmd.VolumeDecrease,F12_symptom_shortcut,,,,blaring,,
the sound is too faint at the moment so make it louder,Cmd.VolumeIncrease,F12_symptom_shortcut,,,,faint,,
everything is too blaring,Cmd.VolumeDecrease,F12_symptom_shortcut_only,,,,blaring,,
the sound is too loud on this setting so turn it down,Cmd.VolumeDecrease,F12_symptom_shortcut,,,,loud,,
"my aids are too loud in here, make it quieter",Cmd.VolumeDecrease,F12_symptom_shortcut,,,,loud,,
"it is too faint at the moment, make it louder",Cmd.VolumeIncrease,F12_symptom_shortcut,,,,faint,,
"it is too booming on this setting, make it quieter",Cmd.VolumeDecrease,F12_symptom_shortcut,,,,booming,,
"make it louder, it is too muffled in this room",Cmd.VolumeIncrease,F12_symptom_shortcut,,,,muffled,,
"it is too low, boost it",Cmd.VolumeIncrease,F12_symptom_shortcut,,,,low,,
"my aids are too faint in here, make it louder",Cmd.VolumeIncrease,F12_symptom_shortcut,,,,faint,,
"boost it, it is too soft today",Cmd.VolumeIncrease,F12_symptom_shortcut,,,,soft,,
"it is too low today, bring it up",Cmd.VolumeIncrease,F12_symptom_shortcut,,,,low,,
"it is too blaring right now, lower it",Cmd.VolumeDecrease,F12_symptom_shortcut,,,,blaring,,
"my aids are too blaring, lower it",Cmd.VolumeDecrease,F12_symptom_shortcut,,,,blaring,,
"make it quieter, it is too blaring today",Cmd.VolumeDecrease,F12_symptom_shortcut,,,,blaring,,
"it is too blaring today, turn it down",Cmd.VolumeDecrease,F12_symptom_shortcut,,,,blaring,,
"it is too low right now, bring it up",Cmd.VolumeIncrease,F12_symptom_shortcut,,,,low,,
"everything is too loud right now, please bring it down",Cmd.VolumeDecrease,F12_symptom_shortcut,,,,loud,,
the sound is too booming so turn it down,Cmd.VolumeDecrease,F12_symptom_shortcut,,,,booming,,
everything is too quiet,Cmd.VolumeIncrease,F12_symptom_shortcut_only,,,,quiet,,
"bring it down, it is too booming today",Cmd.VolumeDecrease,F12_symptom_shortcut,,,,booming,,
"my aids are too faint, boost it",Cmd.VolumeIncrease,F12_symptom_shortcut,,,,faint,,
"it is too soft on this setting, turn it up",Cmd.VolumeIncrease,F12_symptom_shortcut,,,,soft,,
"everything is too muffled in here, please raise it",Cmd.VolumeIncrease,F12_symptom_shortcut,,,,muffled,,
"everything is too booming, please make it quieter",Cmd.VolumeDecrease,F12_symptom_shortcut,,,,booming,,
"my aids are too low on this setting, turn it up",Cmd.VolumeIncrease,F12_symptom_shortcut,,,,low,,
my aids are too muffled right now,Cmd.VolumeIncrease,F12_symptom_shortcut_only,,,,muffled,,
everything is too deafening in here,Cmd.VolumeDecrease,F12_symptom_shortcut_only,,,,deafening,,
"bring it up, it is too soft",Cmd.VolumeIncrease,F12_symptom_shortcut,,,,soft,,
"it is too quiet right now, bring it up",Cmd.VolumeIncrease,F12_symptom_shortcut,,,,quiet,,
the sound is far too blaring,Cmd.VolumeDecrease,F12_symptom_shortcut_only,,,,blaring,,
everything is too booming,Cmd.VolumeDecrease,F12_symptom_shortcut_only,,,,booming,,
"everything is too quiet in this room, please turn it up",Cmd.VolumeIncrease,F12_symptom_shortcut,,,,quiet,,
"everything is too low right now, please boost it",Cmd.VolumeIncrease,F12_symptom_shortcut,,,,low,,
the sound is far too muffled right now,Cmd.VolumeIncrease,F12_symptom_shortcut_only,,,,muffled,,
"it is too quiet on this setting, bring it up",Cmd.VolumeIncrease,F12_symptom_shortcut,,,,quiet,,
"everything is too faint on this setting, please raise it",Cmd.VolumeIncrease,F12_symptom_shortcut,,,,faint,,
the sound is far too soft today,Cmd.VolumeIncrease,F12_symptom_shortcut_only,,,,soft,,
"soften it, it is too loud on this setting",Cmd.VolumeDecrease,F12_symptom_shortcut,,,,loud,,
"my aids are too blaring at the moment, turn it down",Cmd.VolumeDecrease,F12_symptom_shortcut,,,,blaring,,
"everything is too soft today, please raise it",Cmd.VolumeIncrease,F12_symptom_shortcut,,,,soft,,
"it is too muffled on this setting, make it louder",Cmd.VolumeIncrease,F12_symptom_shortcut,,,,muffled,,
"my aids are too booming right now, make it quieter",Cmd.VolumeDecrease,F12_symptom_shortcut,,,,booming,,
"make it quieter, it is too booming in here",Cmd.VolumeDecrease,F12_symptom_shortcut,,,,booming,,
"it is too blaring right now, turn it down",Cmd.VolumeDecrease,F12_symptom_shortcut,,,,blaring,,
"everything is too booming on this setting, please soften it",Cmd.VolumeDecrease,F12_symptom_shortcut,,,,booming,,
"turn it up, it is too faint",Cmd.VolumeIncrease,F12_symptom_shortcut,,,,faint,,
"my aids are too low in this room, raise it",Cmd.VolumeIncrease,F12_symptom_shortcut,,,,low,,
it is too faint,Cmd.VolumeIncrease,F12_symptom_shortcut_only,,,,faint,,
"my aids are too loud right now, bring it down",Cmd.VolumeDecrease,F12_symptom_shortcut,,,,loud,,
the sound is too muffled in here so turn it up,Cmd.VolumeIncrease,F12_symptom_shortcut,,,,muffled,,
"everything is too harsh today, please soften it",Cmd.VolumeDecrease,F12_symptom_shortcut,,,,harsh,,
"everything is too muffled in here, please bring it up",Cmd.VolumeIncrease,F12_symptom_shortcut,,,,muffled,,
it is too booming in here,Cmd.VolumeDecrease,F12_symptom_shortcut_only,,,,booming,,
"it is too blaring today, make it quieter",Cmd.VolumeDecrease,F12_symptom_shortcut,,,,blaring,,
"it is too harsh today, make it quieter",Cmd.VolumeDecrease,F12_symptom_shortcut,,,,harsh,,
"my aids are too blaring right now, turn it down",Cmd.VolumeDecrease,F12_symptom_shortcut,,,,blaring,,
"everything is too booming, please lower it",Cmd.VolumeDecrease,F12_symptom_shortcut,,,,booming,,
"it is too booming on this setting, bring it down",Cmd.VolumeDecrease,F12_symptom_shortcut,,,,booming,,
"soften it, it is too loud in here",Cmd.VolumeDecrease,F12_symptom_shortcut,,,,loud,,
the sound is too blaring right now so make it quieter,Cmd.VolumeDecrease,F12_symptom_shortcut,,,,blaring,,
"everything is too booming right now, please make it quieter",Cmd.VolumeDecrease,F12_symptom_shortcut,,,,booming,,
"my aids are too muffled on this setting, make it louder",Cmd.VolumeIncrease,F12_symptom_shortcut,,,,muffled,,
the sound is too blaring in here so lower it,Cmd.VolumeDecrease,F12_symptom_shortcut,,,,blaring,,
it is too harsh,Cmd.VolumeDecrease,F12_symptom_shortcut_only,,,,harsh,,
"my aids are too low today, boost it",Cmd.VolumeIncrease,F12_symptom_shortcut,,,,low,,
"it is too booming at the moment, turn it down",Cmd.VolumeDecrease,F12_symptom_shortcut,,,,booming,,
the sound is too deafening at the moment so turn it down,Cmd.VolumeDecrease,F12_symptom_shortcut,,,,deafening,,
"my aids are too harsh at the moment, soften it",Cmd.VolumeDecrease,F12_symptom_shortcut,,,,harsh,,
"it is too quiet at the moment, boost it",Cmd.VolumeIncrease,F12_symptom_shortcut,,,,quiet,,
the sound is too deafening today so turn it down,Cmd.VolumeDecrease,F12_symptom_shortcut,,,,deafening,,
"my aids are too faint today, turn it up",Cmd.VolumeIncrease,F12_symptom_shortcut,,,,faint,,
my aids are too muffled in this room,Cmd.VolumeIncrease,F12_symptom_shortcut_only,,,,muffled,,
"boost it, it is too faint on this setting",Cmd.VolumeIncrease,F12_symptom_shortcut,,,,faint,,
my aids are too low right now,Cmd.VolumeIncrease,F12_symptom_shortcut_only,,,,low,,
everything is too booming right now,Cmd.VolumeDecrease,F12_symptom_shortcut_only,,,,booming,,
"my aids are too quiet today, bring it up",Cmd.VolumeIncrease,F12_symptom_shortcut,,,,quiet,,
it is too deafening in here,Cmd.VolumeDecrease,F12_symptom_shortcut_only,,,,deafening,,
"it is too blaring, soften it",Cmd.VolumeDecrease,F12_symptom_shortcut,,,,blaring,,
"everything is too soft on this setting, please turn it up",Cmd.VolumeIncrease,F12_symptom_shortcut,,,,soft,,
"my aids are too low at the moment, bring it up",Cmd.VolumeIncrease,F12_symptom_shortcut,,,,low,,
"my aids are too low right now, make it louder",Cmd.VolumeIncrease,F12_symptom_shortcut,,,,low,,
everything is too harsh in this room,Cmd.VolumeDecrease,F12_symptom_shortcut_only,,,,harsh,,
the sound is too harsh in this room so lower it,Cmd.VolumeDecrease,F12_symptom_shortcut,,,,harsh,,
"my aids are too faint right now, turn it up",Cmd.VolumeIncrease,F12_symptom_shortcut,,,,faint,,
the sound is too low today so make it louder,Cmd.VolumeIncrease,F12_symptom_shortcut,,,,low,,
"it is too muffled on this setting, bring it up",Cmd.VolumeIncrease,F12_symptom_shortcut,,,,muffled,,
everything is too harsh on this setting,Cmd.VolumeDecrease,F12_symptom_shortcut_only,,,,harsh,,
"everything is too muffled, please bring it up",Cmd.VolumeIncrease,F12_symptom_shortcut,,,,muffled,,
the sound is too quiet in here so raise it,Cmd.VolumeIncrease,F12_symptom_shortcut,,,,quiet,,
"it is too faint in here, boost it",Cmd.VolumeIncrease,F12_symptom_shortcut,,,,faint,,
"so, the washing machine is on its spin cycle and be a dear and tell me how pairing works",Help_Pairing,F13_long_form,,,,,,
"um, i am at the garden centre and there is music playing everywhere, so go ahead and show me my step total",Cmd.ActivityStep,F13_long_form,,,,,,
the kettle and the extractor fan are both going and do me a favour and switch the sound off entirely,Cmd.VolumeMute,F13_long_form,,,,,,
"so, the kettle and the extractor fan are both going and i need you to show me the calories i used",Cmd.ActivityCalories,F13_long_form,,,,,,
"well, i am at the garden centre and there is music playing everywhere, so would you check how much power is left",Cmd.BatteryLevel,F13_long_form,,,,,,
"right, i have just come in from the garden and before i sit down i need you to tell me about sharing my data",Help_HearShare,F13_long_form,,,,,,
"right, i am at the garden centre and there is music playing everywhere, so be a dear and show me my step total",Cmd.ActivityStep,F13_long_form,,,,,,
"right, the kettle and the extractor fan are both going and be a dear and show me my walking distance",Cmd.ActivityWalk,F13_long_form,,,,,,
"um, i am in the waiting room at the surgery and it is quiet in here, so be a dear and show me my walking distance",Cmd.ActivityWalk,F13_long_form,,,,,,
"um, the washing machine is on its spin cycle and when you get a moment, tell me about the tinnitus feature",Help_Tinnitus,F13_long_form,,,,,,
"well, i have been reading for an hour and it is very still in the house, so go ahead and tell me about remote adjustments",Help_RemoteProgramming,F13_long_form,,,,,,
"so, i am at my grandson's football match and it is chaos here, so go ahead and begin the live captions",Cmd.TranscribeStart,F13_long_form,,,,,,
"er, i am at my grandson's football match and it is chaos here, so do me a favour and tell me how to adjust the volume",Help_Volume,F13_long_form,,,,,,
"the washing machine is on its spin cycle and when you get a moment, tell me how cleaning works",Help_CleanCare,F13_long_form,,,,,,
"er, i have been reading for an hour and it is very still in the house, so i need you to tell me about remote adjustments",Help_RemoteProgramming,F13_long_form,,,,,,
"so, the kettle and the extractor fan are both going and do me a favour and switch the sound back on",Cmd.VolumeUnmute,F13_long_form,,,,,,
"so, i am in the waiting room at the surgery and it is quiet in here, so be a dear and put me on the outdoor program",Cmd.MemoryChange,F13_long_form,,,,,,
"so, there is a lot of traffic noise where i am standing so go ahead and push the volume up a bit",Cmd.VolumeIncrease,F13_long_form,,,,,,
"right, i am in the waiting room at the surgery and it is quiet in here, so would you start the tv audio coming through",Cmd.StreamingStart,F13_long_form,,,,,,
"i am at the garden centre and there is music playing everywhere, so when you get a moment, show me my step total",Cmd.ActivityStep,F13_long_form,,,,,,
"er, the washing machine is on its spin cycle and be a dear and show me my walking distance",Cmd.ActivityWalk,F13_long_form,,,,,,
"well, there is a lot of traffic noise where i am standing so when you get a moment, tell me how to change programs",Help_ChangingMemories,F13_long_form,,,,,,
"er, my neighbour has the radio on very loud again and when you get a moment, tell me about the edge feature",Help_EdgeMode,F13_long_form,,,,,,
"so, i have got the family round for lunch and it is very lively, so do me a favour and tell me how pairing works",Help_Pairing,F13_long_form,,,,,,
"um, i am in the waiting room at the surgery and it is quiet in here, so when you get a moment, find where my phone is",Cmd.FindMyPhone,F13_long_form,,,,,,
"well, the washing machine is on its spin cycle and be a dear and tell me about sharing my data",Help_HearShare,F13_long_form,,,,,,
"well, i am at the garden centre and there is music playing everywhere, so would you tell me what is new in the app",Help_WhatsNew,F13_long_form,,,,,,
"um, we are driving and the road noise is quite bad, so be a dear and tell me how pairing works",Help_Pairing,F13_long_form,,,,,,
"i am at my grandson's football match and it is chaos here, so do me a favour and play back the messages i have",Cmd.ListenMessage,F13_long_form,,,,,,
my neighbour has the radio on very loud again and i need you to tell me about remote adjustments,Help_RemoteProgramming,F13_long_form,,,,,,
"er, i have been reading for an hour and it is very still in the house, so be a dear and tell me what is new in the app",Help_WhatsNew,F13_long_form,,,,,,
"um, i have got the family round for lunch and it is very lively, so i need you to put me on the outdoor program",Cmd.MemoryChange,F13_long_form,,,,,,
"well, i am in the waiting room at the surgery and it is quiet in here, so i need you to stop the tv audio coming through",Cmd.StreamingStop,F13_long_form,,,,,,
"so, the kettle and the extractor fan are both going and go ahead and tell me about the tinnitus feature",Help_Tinnitus,F13_long_form,,,,,,
"so, my neighbour has the radio on very loud again and when you get a moment, pull the volume down a bit",Cmd.VolumeDecrease,F13_long_form,,,,,,
"right, i am in the waiting room at the surgery and it is quiet in here, so would you pull the volume down a bit",Cmd.VolumeDecrease,F13_long_form,,,,,,
"well, there is a lot of traffic noise where i am standing so i need you to tell me about sharing my data",Help_HearShare,F13_long_form,,,,,,
before i take the dog out this evening i need you to switch the sound off entirely,Cmd.VolumeMute,F13_long_form,,,,,,
"er, i am at the garden centre and there is music playing everywhere, so do me a favour and put me on the outdoor program",Cmd.MemoryChange,F13_long_form,,,,,,
"well, before i take the dog out this evening go ahead and stop the tv audio coming through",Cmd.StreamingStop,F13_long_form,,,,,,
"well, i have got the family round for lunch and it is very lively, so when you get a moment, tell me what the score means",Help_ThriveScore,F13_long_form,,,,,,
"right, there is a lot of traffic noise where i am standing so when you get a moment, check how much power is left",Cmd.BatteryLevel,F13_long_form,,,,,,
"so, there is a lot of traffic noise where i am standing so would you tick off the reminder i had",reminders.complete,F13_long_form,,,,,,
"er, i have been reading for an hour and it is very still in the house, so when you get a moment, switch the sound off entirely",Cmd.VolumeMute,F13_long_form,,,,,,
"i have got the family round for lunch and it is very lively, so would you pull the volume down a bit",Cmd.VolumeDecrease,F13_long_form,,,,,,
i have just come in from the garden and before i sit down would you show me the calories i used,Cmd.ActivityCalories,F13_long_form,,,,,,
"um, i am at the garden centre and there is music playing everywhere, so be a dear and tell me how pairing works",Help_Pairing,F13_long_form,,,,,,
"er, my neighbour has the radio on very loud again and when you get a moment, stop the tv audio coming through",Cmd.StreamingStop,F13_long_form,,,,,,
"er, my neighbour has the radio on very loud again and when you get a moment, record a message for my son",Cmd.SendMessage,F13_long_form,,,,,,
"um, i have just come in from the garden and before i sit down when you get a moment, pull the volume down a bit",Cmd.VolumeDecrease,F13_long_form,,,,,,
"well, my neighbour has the radio on very loud again and be a dear and tell me how to fit them in",Help_InsertDevice,F13_long_form,,,,,,
"well, the kettle and the extractor fan are both going and would you find where my phone is",Cmd.FindMyPhone,F13_long_form,,,,,,
"right, i have got the family round for lunch and it is very lively, so when you get a moment, pull the volume down a bit",Cmd.VolumeDecrease,F13_long_form,,,,,,
"um, the washing machine is on its spin cycle and go ahead and tell me about remote adjustments",Help_RemoteProgramming,F13_long_form,,,,,,
"well, i am in the waiting room at the surgery and it is quiet in here, so i need you to start the tv audio coming through",Cmd.StreamingStart,F13_long_form,,,,,,
"well, the kettle and the extractor fan are both going and would you tell me what the score means",Help_ThriveScore,F13_long_form,,,,,,
"right, the kettle and the extractor fan are both going and when you get a moment, tell me how to fit them in",Help_InsertDevice,F13_long_form,,,,,,
"um, i am at the garden centre and there is music playing everywhere, so go ahead and tell me what the score means",Help_ThriveScore,F13_long_form,,,,,,
"um, we are driving and the road noise is quite bad, so do me a favour and tell me about the tinnitus feature",Help_Tinnitus,F13_long_form,,,,,,
"er, i have been reading for an hour and it is very still in the house, so would you tick off the reminder i had",reminders.complete,F13_long_form,,,,,,
"so, before i take the dog out this evening do me a favour and tell me how pairing works",Help_Pairing,F13_long_form,,,,,,
"so, i have been reading for an hour and it is very still in the house, so i need you to record a message for my son",Cmd.SendMessage,F13_long_form,,,,,,
"um, i have got the family round for lunch and it is very lively, so be a dear and tell me how cleaning works",Help_CleanCare,F13_long_form,,,,,,
"er, i have got the family round for lunch and it is very lively, so would you stop the tv audio coming through",Cmd.StreamingStop,F13_long_form,,,,,,
the washing machine is on its spin cycle and i need you to tell me about the tinnitus feature,Help_Tinnitus,F13_long_form,,,,,,
"well, i am in the waiting room at the surgery and it is quiet in here, so i need you to push the volume up a bit",Cmd.VolumeIncrease,F13_long_form,,,,,,
"right, my neighbour has the radio on very loud again and i need you to tell me what is new in the app",Help_WhatsNew,F13_long_form,,,,,,
"right, i am at the garden centre and there is music playing everywhere, so i need you to switch the sound back on",Cmd.VolumeUnmute,F13_long_form,,,,,,
"er, i am at my grandson's football match and it is chaos here, so when you get a moment, tell me about the edge feature",Help_EdgeMode,F13_long_form,,,,,,
"well, i am at my grandson's football match and it is chaos here, so when you get a moment, tell me about the edge feature",Help_EdgeMode,F13_long_form,,,,,,
"i have got the family round for lunch and it is very lively, so i need you to find where my phone is",Cmd.FindMyPhone,F13_long_form,,,,,,
"um, i am at the garden centre and there is music playing everywhere, so would you tell me about fall detection",Help_FallAlert,F13_long_form,,,,,,
"well, i am at the garden centre and there is music playing everywhere, so be a dear and show me my step total",Cmd.ActivityStep,F13_long_form,,,,,,
"well, i am at the garden centre and there is music playing everywhere, so would you set a reminder for my medication",reminders.add,F13_long_form,,,,,,
"there is a lot of traffic noise where i am standing so when you get a moment, switch the sound back on",Cmd.VolumeUnmute,F13_long_form,,,,,,
"er, the washing machine is on its spin cycle and be a dear and push the volume up a bit",Cmd.VolumeIncrease,F13_long_form,,,,,,
"so, there is a lot of traffic noise where i am standing so would you check how much power is left",Cmd.BatteryLevel,F13_long_form,,,,,,
"er, i am in the waiting room at the surgery and it is quiet in here, so do me a favour and tell me what the score means",Help_ThriveScore,F13_long_form,,,,,,
"right, my neighbour has the radio on very loud again and go ahead and tell me how to change programs",Help_ChangingMemories,F13_long_form,,,,,,
"um, the kettle and the extractor fan are both going and do me a favour and begin the live captions",Cmd.TranscribeStart,F13_long_form,,,,,,
"so, there is a lot of traffic noise where i am standing so do me a favour and check how much power is left",Cmd.BatteryLevel,F13_long_form,,,,,,
"right, i am in the waiting room at the surgery and it is quiet in here, so go ahead and show me my walking distance",Cmd.ActivityWalk,F13_long_form,,,,,,
"um, my neighbour has the radio on very loud again and would you show me the calories i used",Cmd.ActivityCalories,F13_long_form,,,,,,
"right, i have just come in from the garden and before i sit down do me a favour and tell me what is new in the app",Help_WhatsNew,F13_long_form,,,,,,
"so, i am at my grandson's football match and it is chaos here, so when you get a moment, switch the sound off entirely",Cmd.VolumeMute,F13_long_form,,,,,,
there is a lot of traffic noise where i am standing so would you push the volume up a bit,Cmd.VolumeIncrease,F13_long_form,,,,,,
"so, i am at my grandson's football match and it is chaos here, so go ahead and begin translating for me",Cmd.TranslationStart,F13_long_form,,,,,,
"er, the washing machine is on its spin cycle and when you get a moment, find where my phone is",Cmd.FindMyPhone,F13_long_form,,,,,,
"er, i have got the family round for lunch and it is very lively, so i need you to switch the sound back on",Cmd.VolumeUnmute,F13_long_form,,,,,,
"well, i have got the family round for lunch and it is very lively, so when you get a moment, set a reminder for my medication",reminders.add,F13_long_form,,,,,,
"i am at the garden centre and there is music playing everywhere, so do me a favour and record a message for my son",Cmd.SendMessage,F13_long_form,,,,,,
"well, i have got the family round for lunch and it is very lively, so when you get a moment, push the volume up a bit",Cmd.VolumeIncrease,F13_long_form,,,,,,
"well, i have been reading for an hour and it is very still in the house, so do me a favour and start the tv audio coming through",Cmd.StreamingStart,F13_long_form,,,,,,
"um, my neighbour has the radio on very loud again and be a dear and begin translating for me",Cmd.TranslationStart,F13_long_form,,,,,,
"so, i am at the garden centre and there is music playing everywhere, so do me a favour and tick off the reminder i had",reminders.complete,F13_long_form,,,,,,
"um, before i take the dog out this evening do me a favour and switch the sound off entirely",Cmd.VolumeMute,F13_long_form,,,,,,
"er, there is a lot of traffic noise where i am standing so go ahead and begin translating for me",Cmd.TranslationStart,F13_long_form,,,,,,
before i take the dog out this evening go ahead and begin translating for me,Cmd.TranslationStart,F13_long_form,,,,,,
"um, i have got the family round for lunch and it is very lively, so be a dear and check how much power is left",Cmd.BatteryLevel,F13_long_form,,,,,,
"we are driving and the road noise is quite bad, so when you get a moment, tell me how to adjust the volume",Help_Volume,F13_long_form,,,,,,
"um, there is a lot of traffic noise where i am standing so i need you to find where my phone is",Cmd.FindMyPhone,F13_long_form,,,,,,
"er, i am at my grandson's football match and it is chaos here, so when you get a moment, tell me how to fit them in",Help_InsertDevice,F13_long_form,,,,,,
"er, the washing machine is on its spin cycle and when you get a moment, show me my walking distance",Cmd.ActivityWalk,F13_long_form,,,,,,
"er, i am at my grandson's football match and it is chaos here, so i need you to set a reminder for my medication",reminders.add,F13_long_form,,,,,,
"so, my neighbour has the radio on very loud again and i need you to tell me how to fit them in",Help_InsertDevice,F13_long_form,,,,,,
"er, we are driving and the road noise is quite bad, so when you get a moment, start the tv audio coming through",Cmd.StreamingStart,F13_long_form,,,,,,
"well, i have been reading for an hour and it is very still in the house, so do me a favour and tell me how to adjust the volume",Help_Volume,F13_long_form,,,,,,
"um, i have got the family round for lunch and it is very lively, so go ahead and begin the live captions",Cmd.TranscribeStart,F13_long_form,,,,,,
"right, there is a lot of traffic noise where i am standing so do me a favour and tell me how to change programs",Help_ChangingMemories,F13_long_form,,,,,,
"well, before i take the dog out this evening be a dear and start the tv audio coming through",Cmd.StreamingStart,F13_long_form,,,,,,
"we are driving and the road noise is quite bad, so when you get a moment, show me my step total",Cmd.ActivityStep,F13_long_form,,,,,,
"right, i am in the waiting room at the surgery and it is quiet in here, so when you get a moment, record a message for my son",Cmd.SendMessage,F13_long_form,,,,,,
"um, before i take the dog out this evening be a dear and tick off the reminder i had",reminders.complete,F13_long_form,,,,,,
"um, i have just come in from the garden and before i sit down when you get a moment, show me the calories i used",Cmd.ActivityCalories,F13_long_form,,,,,,
"er, i am at my grandson's football match and it is chaos here, so do me a favour and tell me what the score means",Help_ThriveScore,F13_long_form,,,,,,
"right, there is a lot of traffic noise where i am standing so go ahead and tell me about the edge feature",Help_EdgeMode,F13_long_form,,,,,,
"um, we are driving and the road noise is quite bad, so go ahead and play back the messages i have",Cmd.ListenMessage,F13_long_form,,,,,,
"um, we are driving and the road noise is quite bad, so do me a favour and play back the messages i have",Cmd.ListenMessage,F13_long_form,,,,,,
"er, we are driving and the road noise is quite bad, so be a dear and tell me how to change programs",Help_ChangingMemories,F13_long_form,,,,,,
"er, i have just come in from the garden and before i sit down i need you to tell me about the tinnitus feature",Help_Tinnitus,F13_long_form,,,,,,
"um, i am in the waiting room at the surgery and it is quiet in here, so go ahead and begin translating for me",Cmd.TranslationStart,F13_long_form,,,,,,
"right, i have got the family round for lunch and it is very lively, so i need you to tell me what is new in the app",Help_WhatsNew,F13_long_form,,,,,,
"um, i have got the family round for lunch and it is very lively, so go ahead and set a reminder for my medication",reminders.add,F13_long_form,,,,,,
"well, the kettle and the extractor fan are both going and when you get a moment, start the tv audio coming through",Cmd.StreamingStart,F13_long_form,,,,,,
"um, i am in the waiting room at the surgery and it is quiet in here, so go ahead and play back the messages i have",Cmd.ListenMessage,F13_long_form,,,,,,
"there is a lot of traffic noise where i am standing so when you get a moment, tick off the reminder i had",reminders.complete,F13_long_form,,,,,,
"i have been reading for an hour and it is very still in the house, so i need you to switch the sound back on",Cmd.VolumeUnmute,F13_long_form,,,,,,
"so, my neighbour has the radio on very loud again and do me a favour and tell me about fall detection",Help_FallAlert,F13_long_form,,,,,,
"um, i have been reading for an hour and it is very still in the house, so do me a favour and tell me about fall detection",Help_FallAlert,F13_long_form,,,,,,
"well, the washing machine is on its spin cycle and when you get a moment, play back the messages i have",Cmd.ListenMessage,F13_long_form,,,,,,
there is a lot of traffic noise where i am standing so go ahead and tell me how to adjust the volume,Help_Volume,F13_long_form,,,,,,
"so, i am at my grandson's football match and it is chaos here, so be a dear and tell me how to change programs",Help_ChangingMemories,F13_long_form,,,,,,
"right, i am at the garden centre and there is music playing everywhere, so be a dear and tell me how to fit them in",Help_InsertDevice,F13_long_form,,,,,,
"i have been reading for an hour and it is very still in the house, so be a dear and tell me about the edge feature",Help_EdgeMode,F13_long_form,,,,,,
"well, the kettle and the extractor fan are both going and do me a favour and show me my step total",Cmd.ActivityStep,F13_long_form,,,,,,
"so, i have been reading for an hour and it is very still in the house, so go ahead and tell me about sharing my data",Help_HearShare,F13_long_form,,,,,,
"er, there is a lot of traffic noise where i am standing so be a dear and pull the volume down a bit",Cmd.VolumeDecrease,F13_long_form,,,,,,
"er, before i take the dog out this evening when you get a moment, begin translating for me",Cmd.TranslationStart,F13_long_form,,,,,,
"er, i have been reading for an hour and it is very still in the house, so would you record a message for my son",Cmd.SendMessage,F13_long_form,,,,,,
"um, the kettle and the extractor fan are both going and i need you to tell me about sharing my data",Help_HearShare,F13_long_form,,,,,,
"well, we are driving and the road noise is quite bad, so be a dear and tell me how pairing works",Help_Pairing,F13_long_form,,,,,,
"well, i have got the family round for lunch and it is very lively, so i need you to switch the sound back on",Cmd.VolumeUnmute,F13_long_form,,,,,,
"so, before i take the dog out this evening do me a favour and show me the calories i used",Cmd.ActivityCalories,F13_long_form,,,,,,
the kettle and the extractor fan are both going and i need you to tell me how to adjust the volume,Help_Volume,F13_long_form,,,,,,
the washing machine is on its spin cycle and would you play back the messages i have,Cmd.ListenMessage,F13_long_form,,,,,,
there is a lot of traffic noise where i am standing so would you put me on the outdoor program,Cmd.MemoryChange,F13_long_form,,,,,,
"right, we are driving and the road noise is quite bad, so be a dear and check how much power is left",Cmd.BatteryLevel,F13_long_form,,,,,,
"well, i have just come in from the garden and before i sit down i need you to begin the live captions",Cmd.TranscribeStart,F13_long_form,,,,,,
"right, the washing machine is on its spin cycle and do me a favour and push the volume up a bit",Cmd.VolumeIncrease,F13_long_form,,,,,,
"right, i am in the waiting room at the surgery and it is quiet in here, so do me a favour and tell me about fall detection",Help_FallAlert,F13_long_form,,,,,,
"so, the washing machine is on its spin cycle and i need you to stop the tv audio coming through",Cmd.StreamingStop,F13_long_form,,,,,,
"so, the washing machine is on its spin cycle and go ahead and tell me what the score means",Help_ThriveScore,F13_long_form,,,,,,
"so, i have just come in from the garden and before i sit down when you get a moment, tell me about fall detection",Help_FallAlert,F13_long_form,,,,,,
"um, i am in the waiting room at the surgery and it is quiet in here, so would you tell me how to change programs",Help_ChangingMemories,F13_long_form,,,,,,
"right, i am in the waiting room at the surgery and it is quiet in here, so go ahead and tell me how cleaning works",Help_CleanCare,F13_long_form,,,,,,
"right, i am at the garden centre and there is music playing everywhere, so would you switch the sound off entirely",Cmd.VolumeMute,F13_long_form,,,,,,
"er, i am at my grandson's football match and it is chaos here, so would you show me the calories i used",Cmd.ActivityCalories,F13_long_form,,,,,,
"um, i am in the waiting room at the surgery and it is quiet in here, so i need you to tell me about the tinnitus feature",Help_Tinnitus,F13_long_form,,,,,,
"so, i have been reading for an hour and it is very still in the house, so when you get a moment, show me my walking distance",Cmd.ActivityWalk,F13_long_form,,,,,,
"right, i am in the waiting room at the surgery and it is quiet in here, so do me a favour and tell me about the edge feature",Help_EdgeMode,F13_long_form,,,,,,
"er, my neighbour has the radio on very loud again and go ahead and find where my phone is",Cmd.FindMyPhone,F13_long_form,,,,,,
"right, i am at my grandson's football match and it is chaos here, so go ahead and tell me what is new in the app",Help_WhatsNew,F13_long_form,,,,,,
"well, my neighbour has the radio on very loud again and i need you to tick off the reminder i had",reminders.complete,F13_long_form,,,,,,
"um, i have got the family round for lunch and it is very lively, so when you get a moment, tell me about fall detection",Help_FallAlert,F13_long_form,,,,,,
"um, my neighbour has the radio on very loud again and when you get a moment, stop the tv audio coming through",Cmd.StreamingStop,F13_long_form,,,,,,
"er, before i take the dog out this evening be a dear and set a reminder for my medication",reminders.add,F13_long_form,,,,,,
"right, the kettle and the extractor fan are both going and do me a favour and tell me how cleaning works",Help_CleanCare,F13_long_form,,,,,,
"right, we are driving and the road noise is quite bad, so i need you to tell me how to adjust the volume",Help_Volume,F13_long_form,,,,,,
"um, i am at the garden centre and there is music playing everywhere, so when you get a moment, begin the live captions",Cmd.TranscribeStart,F13_long_form,,,,,,
"i have got the family round for lunch and it is very lively, so would you put me on the outdoor program",Cmd.MemoryChange,F13_long_form,,,,,,
my neighbour has the radio on very loud again and i need you to tell me how cleaning works,Help_CleanCare,F13_long_form,,,,,,
"so, i am at the garden centre and there is music playing everywhere, so i need you to tell me how to fit them in",Help_InsertDevice,F13_long_form,,,,,,
"um, i have just come in from the garden and before i sit down go ahead and tell me about sharing my data",Help_HearShare,F13_long_form,,,,,,
"right, i am in the waiting room at the surgery and it is quiet in here, so when you get a moment, begin the live captions",Cmd.TranscribeStart,F13_long_form,,,,,,
"um, the kettle and the extractor fan are both going and would you record a message for my son",Cmd.SendMessage,F13_long_form,,,,,,
"well, we are driving and the road noise is quite bad, so i need you to tell me about remote adjustments",Help_RemoteProgramming,F13_long_form,,,,,,
"right, i am in the waiting room at the surgery and it is quiet in here, so when you get a moment, set a reminder for my medication",reminders.add,F13_long_form,,,,,,
"right, we are driving and the road noise is quite bad, so do me a favour and tell me about remote adjustments",Help_RemoteProgramming,F13_long_form,,,,,,
"right, before i take the dog out this evening be a dear and tell me how cleaning works",Help_CleanCare,F13_long_form,,,,,,
"er, my neighbour has the radio on very loud again and would you put me on the outdoor program",Cmd.MemoryChange,F13_long_form,,,,,,
shut the coffee machine off,Default Fallback Intent,F14_foreign_object,,,,,,
ease the sound down a bit,Cmd.VolumeDecrease,F14_foreign_object,,,,,,
bring my right aid up,Cmd.VolumeIncrease,F14_foreign_object,,,,,,
my left aid needs to come down,Cmd.VolumeDecrease,F14_foreign_object,,,,,,
leave the ceiling light running,Default Fallback Intent,F14_foreign_object,,,,,,
stop the vacuum cleaner buzzing,Default Fallback Intent,F14_foreign_object,,,,,,
set the toaster to a darker setting,Default Fallback Intent,F14_foreign_object,,,,,,
bring my aids up,Cmd.VolumeIncrease,F14_foreign_object,,,,,,
put the car alarm on,Default Fallback Intent,F14_foreign_object,,,,,,
quieten the freezer,Default Fallback Intent,F14_foreign_object,,,,,,
quieten my aids,Cmd.VolumeDecrease,F14_foreign_object,,,,,,
stop the shower pump buzzing,Default Fallback Intent,F14_foreign_object,,,,,,
turn down the pressure washer,Default Fallback Intent,F14_foreign_object,,,,,,
my left aid needs to come up,Cmd.VolumeIncrease,F14_foreign_object,,,,,,
pull up my kidney test,Default Fallback Intent,F14_foreign_object,,,,,,
leave the boiler running,Default Fallback Intent,F14_foreign_object,,,,,,
quieten the sound,Cmd.VolumeDecrease,F14_foreign_object,,,,,,
put the vacuum cleaner on,Default Fallback Intent,F14_foreign_object,,,,,,
my aids are far too quiet,Cmd.VolumeIncrease,F14_foreign_object,,,,,,
put the immersion heater on,Default Fallback Intent,F14_foreign_object,,,,,,
the air fryer is far too loud,Default Fallback Intent,F14_foreign_object,,,,,,
my left aid is far too loud,Cmd.VolumeDecrease,F14_foreign_object,,,,,,
my right aid needs to come up,Cmd.VolumeIncrease,F14_foreign_object,,,,,,
the strimmer is far too loud,Default Fallback Intent,F14_foreign_object,,,,,,
shut the hairdryer off,Default Fallback Intent,F14_foreign_object,,,,,,
put the hairdryer on,Default Fallback Intent,F14_foreign_object,,,,,,
ease my right aid down a bit,Cmd.VolumeDecrease,F14_foreign_object,,,,,,
bring my aids down,Cmd.VolumeDecrease,F14_foreign_object,,,,,,
bring my left aid down,Cmd.VolumeDecrease,F14_foreign_object,,,,,,
shut the vacuum cleaner off,Default Fallback Intent,F14_foreign_object,,,,,,
have you got my b12 result,Default Fallback Intent,F14_foreign_object,,,,,,
have you got my bone density,Default Fallback Intent,F14_foreign_object,,,,,,
leave the electric blanket running,Default Fallback Intent,F14_foreign_object,,,,,,
quieten the burglar alarm,Default Fallback Intent,F14_foreign_object,,,,,,
what does my kidney test say,Default Fallback Intent,F14_foreign_object,,,,,,
shut the strimmer off,Default Fallback Intent,F14_foreign_object,,,,,,
my aids needs to come down,Cmd.VolumeDecrease,F14_foreign_object,,,,,,
the boiler is far too loud,Default Fallback Intent,F14_foreign_object,,,,,,
ease the volume down a bit,Cmd.VolumeDecrease,F14_foreign_object,,,,,,
bring the sound down,Cmd.VolumeDecrease,F14_foreign_object,,,,,,
shut the bedside lamp off,Default Fallback Intent,F14_foreign_object,,,,,,
leave the fridge running,Default Fallback Intent,F14_foreign_object,,,,,,
put the strimmer on,Default Fallback Intent,F14_foreign_object,,,,,,
quieten my right aid,Cmd.VolumeDecrease,F14_foreign_object,,,,,,
my aids needs to come up,Cmd.VolumeIncrease,F14_foreign_object,,,,,,
set the freezer to fast freeze,Default Fallback Intent,F14_foreign_object,,,,,,
pull up my blood count,Default Fallback Intent,F14_foreign_object,,,,,,
nudge my right aid up a bit,Cmd.VolumeIncrease,F14_foreign_object,,,,,,
the sound is far too quiet,Cmd.VolumeIncrease,F14_foreign_object,,,,,,
bring the volume up,Cmd.VolumeIncrease,F14_foreign_object,,,,,,
quieten my left aid,Cmd.VolumeDecrease,F14_foreign_object,,,,,,
my left aid is far too quiet,Cmd.VolumeIncrease,F14_foreign_object,,,,,,
the coffee machine keeps humming,Default Fallback Intent,F14_foreign_object,,,,,,
quieten the sewing machine,Default Fallback Intent,F14_foreign_object,,,,,,
set the boiler to twenty degrees,Default Fallback Intent,F14_foreign_object,,,,,,
the volume is far too loud,Cmd.VolumeDecrease,F14_foreign_object,,,,,,
leave the printer running,Default Fallback Intent,F14_foreign_object,,,,,,
the volume needs to come down,Cmd.VolumeDecrease,F14_foreign_object,,,,,,
put the pressure washer on,Default Fallback Intent,F14_foreign_object,,,,,,
bring my right aid down,Cmd.VolumeDecrease,F14_foreign_object,,,,,,
quieten the volume,Cmd.VolumeDecrease,F14_foreign_object,,,,,,
set the radiator to the low setting,Default Fallback Intent,F14_foreign_object,,,,,,
nudge the volume up a bit,Cmd.VolumeIncrease,F14_foreign_object,,,,,,
shut the boiler off,Default Fallback Intent,F14_foreign_object,,,,,,
bring my left aid up,Cmd.VolumeIncrease,F14_foreign_object,,,,,,
leave the air fryer running,Default Fallback Intent,F14_foreign_object,,,,,,
the sound needs to come up,Cmd.VolumeIncrease,F14_foreign_object,,,,,,
ease my aids down a bit,Cmd.VolumeDecrease,F14_foreign_object,,,,,,
stop the boiler buzzing,Default Fallback Intent,F14_foreign_object,,,,,,
the volume needs to come up,Cmd.VolumeIncrease,F14_foreign_object,,,,,,
turn down the vacuum cleaner,Default Fallback Intent,F14_foreign_object,,,,,,
stop the pressure washer buzzing,Default Fallback Intent,F14_foreign_object,,,,,,
the volume is far too quiet,Cmd.VolumeIncrease,F14_foreign_object,,,,,,
nudge the sound up a bit,Cmd.VolumeIncrease,F14_foreign_object,,,,,,
the sound needs to come down,Cmd.VolumeDecrease,F14_foreign_object,,,,,,
what is that noise from the vacuum cleaner,Default Fallback Intent,F14_foreign_object,,,,,,
my aids are far too loud,Cmd.VolumeDecrease,F14_foreign_object,,,,,,
stop the hairdryer buzzing,Default Fallback Intent,F14_foreign_object,,,,,,
pull up my bone density,Default Fallback Intent,F14_foreign_object,,,,,,
ease my left aid down a bit,Cmd.VolumeDecrease,F14_foreign_object,,,,,,
nudge my left aid up a bit,Cmd.VolumeIncrease,F14_foreign_object,,,,,,
put the printer on,Default Fallback Intent,F14_foreign_object,,,,,,
what is that noise from the air fryer,Default Fallback Intent,F14_foreign_object,,,,,,
my right aid is far too quiet,Cmd.VolumeIncrease,F14_foreign_object,,,,,,
turn down the air fryer,Default Fallback Intent,F14_foreign_object,,,,,,
what is that noise from the coffee machine,Default Fallback Intent,F14_foreign_object,,,,,,
set the coffee machine to start at seven,Default Fallback Intent,F14_foreign_object,,,,,,
what is that noise from the car alarm,Default Fallback Intent,F14_foreign_object,,,,,,
nudge my aids up a bit,Cmd.VolumeIncrease,F14_foreign_object,,,,,,
what does my lung function say,Default Fallback Intent,F14_foreign_object,,,,,,
my right aid is far too loud,Cmd.VolumeDecrease,F14_foreign_object,,,,,,
quieten the pressure washer,Default Fallback Intent,F14_foreign_object,,,,,,
put the coffee machine on,Default Fallback Intent,F14_foreign_object,,,,,,
put the radiator on,Default Fallback Intent,F14_foreign_object,,,,,,
shut the food mixer off,Default Fallback Intent,F14_foreign_object,,,,,,
shut the burglar alarm off,Default Fallback Intent,F14_foreign_object,,,,,,
quieten the cooker hood,Default Fallback Intent,F14_foreign_object,,,,,,
put the juicer on,Default Fallback Intent,F14_foreign_object,,,,,,
my right aid needs to come down,Cmd.VolumeDecrease,F14_foreign_object,,,,,,
quieten the printer,Default Fallback Intent,F14_foreign_object,,,,,,
turn down the strimmer,Default Fallback Intent,F14_foreign_object,,,,,,
leave the strimmer running,Default Fallback Intent,F14_foreign_object,,,,,,
start the auracast stream,Cmd.StreamingStart,F15_accessories,,,,,auracast,
how do i check what app is connected,Help_Pairing,F15_accessories,,,,,object,
leave the auracast broadcast,Cmd.StreamingStop,F15_accessories,,,,,auracast,
how do i rename my partner mic,Help_Accessories,F15_accessories,,,,,object,
how do i find an auracast broadcast,Help_Accessories,F15_accessories,,,,,auracast,
how do i remove my partner mic,Help_Accessories,F15_accessories,,,,,object,
how do i check what table mic is connected,Help_Accessories,F15_accessories,,,,,object,
how do i remove my phone,Help_Pairing,F15_accessories,,,,,object,
how do i rename my remote mic,Help_Accessories,F15_accessories,,,,,object,
how do i check what partner mic is connected,Help_Accessories,F15_accessories,,,,,object,
join the auracast channel,Cmd.StreamingStart,F15_accessories,,,,,auracast,
what is auracast for,Help_Accessories,F15_accessories,,,,,auracast,
what do i do if my remote mic keeps dropping out,Help_Accessories,F15_accessories,,,,,object,
how do i check what remote mic is connected,Help_Accessories,F15_accessories,,,,,object,
how do i check what tv streamer is connected,Help_Accessories,F15_accessories,,,,,object,
what do i do if my remote microphone keeps dropping out,Help_Accessories,F15_accessories,,,,,object,
how do i rename my app,Help_Pairing,F15_accessories,,,,,object,
put the tv through to my aids,Cmd.StreamingStart,F15_accessories,,,,,direction,
finished with the stream,Cmd.StreamingStop,F15_accessories,,,,,direction,
how do i remove my remote microphone,Help_Accessories,F15_accessories,,,,,object,
bring the tv audio in,Cmd.StreamingStart,F15_accessories,,,,,direction,
release the connection to the tv,Cmd.StreamingStop,F15_accessories,,,,,direction,
how do i rename my tv streamer,Help_Accessories,F15_accessories,,,,,object,
how do i use auracast,Help_Accessories,F15_accessories,,,,,auracast,
how do i check what phone is connected,Help_Pairing,F15_accessories,,,,,object,
take the tv audio away,Cmd.StreamingStop,F15_accessories,,,,,direction,
how do i remove my app,Help_Pairing,F15_accessories,,,,,object,
how do i remove my tv connector,Help_Accessories,F15_accessories,,,,,object,
how do i remove my tv streamer,Help_Accessories,F15_accessories,,,,,object,
what do i do if my phone keeps dropping out,Help_Pairing,F15_accessories,,,,,object,
how do i remove my table mic,Help_Accessories,F15_accessories,,,,,object,
tune into auracast,Cmd.StreamingStart,F15_accessories,,,,,auracast,
how do i remove my remote mic,Help_Accessories,F15_accessories,,,,,object,
disconnect from auracast,Cmd.StreamingStop,F15_accessories,,,,,auracast,
that is enough tv sound,Cmd.StreamingStop,F15_accessories,,,,,direction,
how do i rename my table mic,Help_Accessories,F15_accessories,,,,,object,
how do i rename my remote microphone,Help_Accessories,F15_accessories,,,,,object,
send the television sound over,Cmd.StreamingStart,F15_accessories,,,,,direction,
what do i do if my mobile keeps dropping out,Help_Pairing,F15_accessories,,,,,object,
hook me up to the television audio,Cmd.StreamingStart,F15_accessories,,,,,direction,
how do i remove my mobile,Help_Pairing,F15_accessories,,,,,object,
how do i rename my mobile,Help_Pairing,F15_accessories,,,,,object,
what do i do if my tv connector keeps dropping out,Help_Accessories,F15_accessories,,,,,object,
no more streaming for now,Cmd.StreamingStop,F15_accessories,,,,,direction,
how do i check what tv connector is connected,Help_Accessories,F15_accessories,,,,,object,
connect to the auracast broadcast,Cmd.StreamingStart,F15_accessories,,,,,auracast,
i have finished watching,Cmd.StreamingStop,F15_accessories,,,,,direction,
how do i check what remote microphone is connected,Help_Accessories,F15_accessories,,,,,object,
what do i do if my app keeps dropping out,Help_Pairing,F15_accessories,,,,,object,
how do i rename my tv connector,Help_Accessories,F15_accessories,,,,,object,
i want the tv in my ears,Cmd.StreamingStart,F15_accessories,,,,,direction,
how do i rename my phone,Help_Pairing,F15_accessories,,,,,object,
what do i do if my table mic keeps dropping out,Help_Accessories,F15_accessories,,,,,object,
how do i check what mobile is connected,Help_Pairing,F15_accessories,,,,,object,
stop the auracast stream,Cmd.StreamingStop,F15_accessories,,,,,auracast,
what do i do if my tv streamer keeps dropping out,Help_Accessories,F15_accessories,,,,,object,
i am done with the tv audio,Cmd.StreamingStop,F15_accessories,,,,,direction,
what do i do if my partner mic keeps dropping out,Help_Accessories,F15_accessories,,,,,object,
route the tv sound to me,Cmd.StreamingStart,F15_accessories,,,,,direction,
"set it sharper, i keep missing words in here",Cmd.VolumeIncrease,F16_role_balance,,,,,,request
"since my ears are getting tired, i need it quieter",Cmd.VolumeDecrease,F16_role_balance,,,,,,request
the room is a good deal sharper at the moment so pull the volume down,Cmd.VolumeDecrease,F16_role_balance,,,,,,description
i need it higher — i can barely follow the conversation,Cmd.VolumeIncrease,F16_role_balance,,,,,,request
the room is somewhat quieter at the moment so crank it up a bit,Cmd.VolumeIncrease,F16_role_balance,,,,,,description
give me less volume — the room is a touch louder,Cmd.VolumeDecrease,F16_role_balance,,,,,,description
"since the room is somewhat higher, cut the level back",Cmd.VolumeDecrease,F16_role_balance,,,,,,description
"the room is a touch sharper, damp it down a bit",Cmd.VolumeDecrease,F16_role_balance,,,,,,description
"since the speech is hard to make out, i need it louder",Cmd.VolumeIncrease,F16_role_balance,,,,,,request
"since the room is noticeably higher, cut the level back",Cmd.VolumeDecrease,F16_role_balance,,,,,,description
"make it louder, i can barely follow the conversation",Cmd.VolumeIncrease,F16_role_balance,,,,,,request
"since the room is a good deal lower, push the volume up",Cmd.VolumeIncrease,F16_role_balance,,,,,,description
"the room is a touch higher, step the sound down",Cmd.VolumeDecrease,F16_role_balance,,,,,,description
"since the room is noticeably louder, cut the level back",Cmd.VolumeDecrease,F16_role_balance,,,,,,description
cut the level back because the room is noticeably sharper,Cmd.VolumeDecrease,F16_role_balance,,,,,,description
"the room is a shade softer, push the volume up",Cmd.VolumeIncrease,F16_role_balance,,,,,,description
the room is a touch quieter at the moment so give me more volume,Cmd.VolumeIncrease,F16_role_balance,,,,,,description
the speech is hard to make out at the moment so make it louder,Cmd.VolumeIncrease,F16_role_balance,,,,,,request
i need it sharper — i can barely follow the conversation,Cmd.VolumeIncrease,F16_role_balance,,,,,,request
i need it sharper — i am struggling to catch what people say,Cmd.VolumeIncrease,F16_role_balance,,,,,,request
"since the room is a touch quieter, step the sound up",Cmd.VolumeIncrease,F16_role_balance,,,,,,description
i need it lower — there is a lot going on in here,Cmd.VolumeDecrease,F16_role_balance,,,,,,request
"i keep missing words in here, make it sharper",Cmd.VolumeIncrease,F16_role_balance,,,,,,request
step the sound down because the room is a touch sharper,Cmd.VolumeDecrease,F16_role_balance,,,,,,description
make it higher because the speech is hard to make out,Cmd.VolumeIncrease,F16_role_balance,,,,,,request
"since i can barely follow the conversation, set it louder",Cmd.VolumeIncrease,F16_role_balance,,,,,,request
"step the sound up, the room is a touch softer",Cmd.VolumeIncrease,F16_role_balance,,,,,,description
pull the volume down because the room is a touch louder,Cmd.VolumeDecrease,F16_role_balance,,,,,,description
"pull the volume down, the room is a good deal sharper",Cmd.VolumeDecrease,F16_role_balance,,,,,,description
i need it louder — i keep missing words in here,Cmd.VolumeIncrease,F16_role_balance,,,,,,request
the room is a touch quieter at the moment so step the sound up,Cmd.VolumeIncrease,F16_role_balance,,,,,,description
my ears are getting tired at the moment so set it softer,Cmd.VolumeDecrease,F16_role_balance,,,,,,request
make it louder — the speech is hard to make out,Cmd.VolumeIncrease,F16_role_balance,,,,,,request
"i am struggling to catch what people say, set it louder",Cmd.VolumeIncrease,F16_role_balance,,,,,,request
"make it softer, it is very busy in this room",Cmd.VolumeDecrease,F16_role_balance,,,,,,request
the room is somewhat higher at the moment so pull the volume down,Cmd.VolumeDecrease,F16_role_balance,,,,,,description
the room is noticeably sharper at the moment so pull the volume down,Cmd.VolumeDecrease,F16_role_balance,,,,,,description
make it louder because i am struggling to catch what people say,Cmd.VolumeIncrease,F16_role_balance,,,,,,request
"since the room is somewhat higher, damp it down a bit",Cmd.VolumeDecrease,F16_role_balance,,,,,,description
give me less volume because the room is noticeably higher,Cmd.VolumeDecrease,F16_role_balance,,,,,,description
"since it is very busy in this room, make it lower",Cmd.VolumeDecrease,F16_role_balance,,,,,,request
i need it sharper — the speech is hard to make out,Cmd.VolumeIncrease,F16_role_balance,,,,,,request
"since the room is noticeably louder, damp it down a bit",Cmd.VolumeDecrease,F16_role_balance,,,,,,description
"the room is somewhat quieter, crank it up a bit",Cmd.VolumeIncrease,F16_role_balance,,,,,,description
"i need it louder, i am struggling to catch what people say",Cmd.VolumeIncrease,F16_role_balance,,,,,,request
i am struggling to catch what people say at the moment so set it louder,Cmd.VolumeIncrease,F16_role_balance,,,,,,request
crank it up a bit because the room is somewhat lower,Cmd.VolumeIncrease,F16_role_balance,,,,,,description
"since my ears are getting tired, make it lower",Cmd.VolumeDecrease,F16_role_balance,,,,,,request
"since the room is a touch quieter, boost the level",Cmd.VolumeIncrease,F16_role_balance,,,,,,description
"pull the volume down, the room is somewhat higher",Cmd.VolumeDecrease,F16_role_balance,,,,,,description
"i need it louder, the speech is hard to make out",Cmd.VolumeIncrease,F16_role_balance,,,,,,request
"the room is noticeably sharper, damp it down a bit",Cmd.VolumeDecrease,F16_role_balance,,,,,,description
make it higher — i can barely follow the conversation,Cmd.VolumeIncrease,F16_role_balance,,,,,,request
i am struggling to catch what people say at the moment so set it sharper,Cmd.VolumeIncrease,F16_role_balance,,,,,,request
"i need it sharper, i keep missing words in here",Cmd.VolumeIncrease,F16_role_balance,,,,,,request
the room is a shade sharper at the moment so cut the level back,Cmd.VolumeDecrease,F16_role_balance,,,,,,description
i need it higher — the speech is hard to make out,Cmd.VolumeIncrease,F16_role_balance,,,,,,request
"since the room is a touch softer, crank it up a bit",Cmd.VolumeIncrease,F16_role_balance,,,,,,description
"since the room is noticeably sharper, damp it down a bit",Cmd.VolumeDecrease,F16_role_balance,,,,,,description
i need it softer because there is a lot going on in here,Cmd.VolumeDecrease,F16_role_balance,,,,,,request
"the room is a touch sharper, pull the volume down",Cmd.VolumeDecrease,F16_role_balance,,,,,,description
make it sharper — i am struggling to catch what people say,Cmd.VolumeIncrease,F16_role_balance,,,,,,request
"since the room is somewhat louder, step the sound down",Cmd.VolumeDecrease,F16_role_balance,,,,,,description
it is very busy in this room at the moment so set it quieter,Cmd.VolumeDecrease,F16_role_balance,,,,,,request
"since the room is a good deal softer, crank it up a bit",Cmd.VolumeIncrease,F16_role_balance,,,,,,description
"the room is a good deal louder, pull the volume down",Cmd.VolumeDecrease,F16_role_balance,,,,,,description
"since the room is a shade quieter, boost the level",Cmd.VolumeIncrease,F16_role_balance,,,,,,description
give me less volume because the room is somewhat sharper,Cmd.VolumeDecrease,F16_role_balance,,,,,,description
"i keep missing words in here, i need it sharper",Cmd.VolumeIncrease,F16_role_balance,,,,,,request
"since i can barely follow the conversation, i need it sharper",Cmd.VolumeIncrease,F16_role_balance,,,,,,request
"make it higher, i am struggling to catch what people say",Cmd.VolumeIncrease,F16_role_balance,,,,,,request
"since the room is somewhat lower, step the sound up",Cmd.VolumeIncrease,F16_role_balance,,,,,,description
set it lower — there is a lot going on in here,Cmd.VolumeDecrease,F16_role_balance,,,,,,request
push the volume up because the room is a shade lower,Cmd.VolumeIncrease,F16_role_balance,,,,,,description
my ears are getting tired at the moment so make it lower,Cmd.VolumeDecrease,F16_role_balance,,,,,,request
i need it lower — my ears are getting tired,Cmd.VolumeDecrease,F16_role_balance,,,,,,request
the room is a shade lower at the moment so crank it up a bit,Cmd.VolumeIncrease,F16_role_balance,,,,,,description
crank it up a bit because the room is a good deal quieter,Cmd.VolumeIncrease,F16_role_balance,,,,,,description
"the room is noticeably quieter, give me more volume",Cmd.VolumeIncrease,F16_role_balance,,,,,,description
"cut the level back, the room is noticeably louder",Cmd.VolumeDecrease,F16_role_balance,,,,,,description
"push the volume up, the room is a touch quieter",Cmd.VolumeIncrease,F16_role_balance,,,,,,description
i need it lower because the room is noisy today,Cmd.VolumeDecrease,F16_role_balance,,,,,,request
"damp it down a bit, the room is a good deal higher",Cmd.VolumeDecrease,F16_role_balance,,,,,,description
make it softer — there is a lot going on in here,Cmd.VolumeDecrease,F16_role_balance,,,,,,request
"since the room is a touch lower, push the volume up",Cmd.VolumeIncrease,F16_role_balance,,,,,,description
"there is a lot going on in here, set it softer",Cmd.VolumeDecrease,F16_role_balance,,,,,,request
it is very busy in this room at the moment so i need it softer,Cmd.VolumeDecrease,F16_role_balance,,,,,,request
"since my ears are getting tired, make it quieter",Cmd.VolumeDecrease,F16_role_balance,,,,,,request
the room is a shade sharper at the moment so damp it down a bit,Cmd.VolumeDecrease,F16_role_balance,,,,,,description
cut the level back because the room is a good deal sharper,Cmd.VolumeDecrease,F16_role_balance,,,,,,description
"since the room is noticeably higher, give me less volume",Cmd.VolumeDecrease,F16_role_balance,,,,,,description
make it softer — the room is noisy today,Cmd.VolumeDecrease,F16_role_balance,,,,,,request
"it is very busy in this room, set it lower",Cmd.VolumeDecrease,F16_role_balance,,,,,,request
"the room is noticeably lower, step the sound up",Cmd.VolumeIncrease,F16_role_balance,,,,,,description
"set it sharper, the speech is hard to make out",Cmd.VolumeIncrease,F16_role_balance,,,,,,request
i am struggling to catch what people say at the moment so i need it higher,Cmd.VolumeIncrease,F16_role_balance,,,,,,request
"since the room is somewhat louder, cut the level back",Cmd.VolumeDecrease,F16_role_balance,,,,,,description
the room is somewhat louder at the moment so pull the volume down,Cmd.VolumeDecrease,F16_role_balance,,,,,,description
give me less volume — the room is a shade sharper,Cmd.VolumeDecrease,F16_role_balance,,,,,,description
"the room is a shade lower, boost the level",Cmd.VolumeIncrease,F16_role_balance,,,,,,description
"the room is a good deal lower, step the sound up",Cmd.VolumeIncrease,F16_role_balance,,,,,,description
i need it lower because it is very busy in this room,Cmd.VolumeDecrease,F16_role_balance,,,,,,request
"the room is somewhat lower, give me more volume",Cmd.VolumeIncrease,F16_role_balance,,,,,,description
"boost the level, the room is somewhat softer",Cmd.VolumeIncrease,F16_role_balance,,,,,,description
"i keep missing words in here, set it louder",Cmd.VolumeIncrease,F16_role_balance,,,,,,request
"the room is noisy today, i need it softer",Cmd.VolumeDecrease,F16_role_balance,,,,,,request
"there is a lot going on in here, make it softer",Cmd.VolumeDecrease,F16_role_balance,,,,,,request
the room is a shade louder at the moment so give me less volume,Cmd.VolumeDecrease,F16_role_balance,,,,,,description
"set it louder, i can barely follow the conversation",Cmd.VolumeIncrease,F16_role_balance,,,,,,request
set it sharper because i can barely follow the conversation,Cmd.VolumeIncrease,F16_role_balance,,,,,,request
make it louder because i can barely follow the conversation,Cmd.VolumeIncrease,F16_role_balance,,,,,,request
damp it down a bit because the room is a shade louder,Cmd.VolumeDecrease,F16_role_balance,,,,,,description
"my ears are getting tired, make it lower",Cmd.VolumeDecrease,F16_role_balance,,,,,,request
crank it up a bit because the room is noticeably softer,Cmd.VolumeIncrease,F16_role_balance,,,,,,description
pull the volume down because the room is noticeably sharper,Cmd.VolumeDecrease,F16_role_balance,,,,,,description
the room is somewhat higher at the moment so give me less volume,Cmd.VolumeDecrease,F16_role_balance,,,,,,description
the room is noisy today at the moment so make it quieter,Cmd.VolumeDecrease,F16_role_balance,,,,,,request
i need it softer because it is very busy in this room,Cmd.VolumeDecrease,F16_role_balance,,,,,,request
"the room is a shade louder, damp it down a bit",Cmd.VolumeDecrease,F16_role_balance,,,,,,description
"set it softer, my ears are getting tired",Cmd.VolumeDecrease,F16_role_balance,,,,,,request
step the sound down because the room is somewhat louder,Cmd.VolumeDecrease,F16_role_balance,,,,,,description
"make it louder, i keep missing words in here",Cmd.VolumeIncrease,F16_role_balance,,,,,,request
i need it softer — it is very busy in this room,Cmd.VolumeDecrease,F16_role_balance,,,,,,request
"since there is a lot going on in here, set it quieter",Cmd.VolumeDecrease,F16_role_balance,,,,,,request
push the volume up — the room is somewhat lower,Cmd.VolumeIncrease,F16_role_balance,,,,,,description
boost the level — the room is a good deal lower,Cmd.VolumeIncrease,F16_role_balance,,,,,,description
"give me more volume, the room is somewhat quieter",Cmd.VolumeIncrease,F16_role_balance,,,,,,description
step the sound down — the room is noticeably louder,Cmd.VolumeDecrease,F16_role_balance,,,,,,description
"since the room is a touch louder, damp it down a bit",Cmd.VolumeDecrease,F16_role_balance,,,,,,description
"set it quieter, my ears are getting tired",Cmd.VolumeDecrease,F16_role_balance,,,,,,request
pull the volume down because the room is a shade sharper,Cmd.VolumeDecrease,F16_role_balance,,,,,,description
push the volume up — the room is a shade lower,Cmd.VolumeIncrease,F16_role_balance,,,,,,description
cut the level back because the room is somewhat louder,Cmd.VolumeDecrease,F16_role_balance,,,,,,description
"give me more volume, the room is a good deal softer",Cmd.VolumeIncrease,F16_role_balance,,,,,,description
the room is a touch higher at the moment so give me less volume,Cmd.VolumeDecrease,F16_role_balance,,,,,,description
"my ears are getting tired, set it softer",Cmd.VolumeDecrease,F16_role_balance,,,,,,request
make it lower — there is a lot going on in here,Cmd.VolumeDecrease,F16_role_balance,,,,,,request
"the room is noisy today, make it lower",Cmd.VolumeDecrease,F16_role_balance,,,,,,request
"the room is a good deal sharper, give me less volume",Cmd.VolumeDecrease,F16_role_balance,,,,,,description
make it lower — my ears are getting tired,Cmd.VolumeDecrease,F16_role_balance,,,,,,request
"give me more volume, the room is somewhat softer",Cmd.VolumeIncrease,F16_role_balance,,,,,,description
"crank it up a bit, the room is a shade softer",Cmd.VolumeIncrease,F16_role_balance,,,,,,description
the room is somewhat lower at the moment so step the sound up,Cmd.VolumeIncrease,F16_role_balance,,,,,,description
"since the room is noisy today, i need it lower",Cmd.VolumeDecrease,F16_role_balance,,,,,,request
"the room is somewhat sharper, pull the volume down",Cmd.VolumeDecrease,F16_role_balance,,,,,,description
"since the room is a good deal quieter, push the volume up",Cmd.VolumeIncrease,F16_role_balance,,,,,,description
"since the room is noticeably higher, step the sound down",Cmd.VolumeDecrease,F16_role_balance,,,,,,description
"set it softer, the room is noisy today",Cmd.VolumeDecrease,F16_role_balance,,,,,,request
step the sound up because the room is a touch softer,Cmd.VolumeIncrease,F16_role_balance,,,,,,description
cut the level back — the room is somewhat sharper,Cmd.VolumeDecrease,F16_role_balance,,,,,,description
i keep missing words in here at the moment so i need it sharper,Cmd.VolumeIncrease,F16_role_balance,,,,,,request
"i need it quieter, there is a lot going on in here",Cmd.VolumeDecrease,F16_role_balance,,,,,,request
step the sound down because the room is noticeably sharper,Cmd.VolumeDecrease,F16_role_balance,,,,,,description
"the room is noticeably sharper, step the sound down",Cmd.VolumeDecrease,F16_role_balance,,,,,,description
"crank it up a bit, the room is noticeably lower",Cmd.VolumeIncrease,F16_role_balance,,,,,,description
"boost the level, the room is a shade lower",Cmd.VolumeIncrease,F16_role_balance,,,,,,description
give me less volume because the room is somewhat higher,Cmd.VolumeDecrease,F16_role_balance,,,,,,description
"the room is a good deal softer, boost the level",Cmd.VolumeIncrease,F16_role_balance,,,,,,description
"the room is a shade softer, boost the level",Cmd.VolumeIncrease,F16_role_balance,,,,,,description
"i am struggling to catch what people say, set it sharper",Cmd.VolumeIncrease,F16_role_balance,,,,,,request
set it sharper because i keep missing words in here,Cmd.VolumeIncrease,F16_role_balance,,,,,,request
"since the speech is hard to make out, set it higher",Cmd.VolumeIncrease,F16_role_balance,,,,,,request
set it louder because i am struggling to catch what people say,Cmd.VolumeIncrease,F16_role_balance,,,,,,request
give me more volume — the room is a touch softer,Cmd.VolumeIncrease,F16_role_balance,,,,,,description
crank it up a bit — the room is a shade quieter,Cmd.VolumeIncrease,F16_role_balance,,,,,,description
the speech is hard to make out at the moment so set it higher,Cmd.VolumeIncrease,F16_role_balance,,,,,,request
"my ears are getting tired, make it quieter",Cmd.VolumeDecrease,F16_role_balance,,,,,,request
set it lower — the room is noisy today,Cmd.VolumeDecrease,F16_role_balance,,,,,,request
there is a lot going on in here at the moment so set it quieter,Cmd.VolumeDecrease,F16_role_balance,,,,,,request
my ears are getting tired at the moment so i need it lower,Cmd.VolumeDecrease,F16_role_balance,,,,,,request
step the sound up — the room is a touch lower,Cmd.VolumeIncrease,F16_role_balance,,,,,,description
damp it down a bit because the room is noticeably higher,Cmd.VolumeDecrease,F16_role_balance,,,,,,description
the room is noticeably lower at the moment so step the sound up,Cmd.VolumeIncrease,F16_role_balance,,,,,,description
"since i am struggling to catch what people say, i need it higher",Cmd.VolumeIncrease,F16_role_balance,,,,,,request
i keep missing words in here at the moment so make it louder,Cmd.VolumeIncrease,F16_role_balance,,,,,,request
"i am struggling to catch what people say, set it higher",Cmd.VolumeIncrease,F16_role_balance,,,,,,request
the room is noisy today at the moment so set it softer,Cmd.VolumeDecrease,F16_role_balance,,,,,,request
the room is a good deal softer at the moment so give me more volume,Cmd.VolumeIncrease,F16_role_balance,,,,,,description
"since there is a lot going on in here, i need it softer",Cmd.VolumeDecrease,F16_role_balance,,,,,,request
give me more volume — the room is a touch lower,Cmd.VolumeIncrease,F16_role_balance,,,,,,description
my ears are getting tired at the moment so set it quieter,Cmd.VolumeDecrease,F16_role_balance,,,,,,request
"boost the level, the room is somewhat lower",Cmd.VolumeIncrease,F16_role_balance,,,,,,description
"my ears are getting tired, set it lower",Cmd.VolumeDecrease,F16_role_balance,,,,,,request
"since i am struggling to catch what people say, set it sharper",Cmd.VolumeIncrease,F16_role_balance,,,,,,request
step the sound down because the room is a shade sharper,Cmd.VolumeDecrease,F16_role_balance,,,,,,description
step the sound up — the room is somewhat lower,Cmd.VolumeIncrease,F16_role_balance,,,,,,description
make it sharper — the speech is hard to make out,Cmd.VolumeIncrease,F16_role_balance,,,,,,request
"since the room is a touch sharper, step the sound down",Cmd.VolumeDecrease,F16_role_balance,,,,,,description
make it lower — it is very busy in this room,Cmd.VolumeDecrease,F16_role_balance,,,,,,request
the room is somewhat sharper at the moment so pull the volume down,Cmd.VolumeDecrease,F16_role_balance,,,,,,description
set it louder because i can barely follow the conversation,Cmd.VolumeIncrease,F16_role_balance,,,,,,request
i can barely follow the conversation at the moment so i need it louder,Cmd.VolumeIncrease,F16_role_balance,,,,,,request
"i can barely follow the conversation, make it higher",Cmd.VolumeIncrease,F16_role_balance,,,,,,request
set it lower — it is very busy in this room,Cmd.VolumeDecrease,F16_role_balance,,,,,,request
the room is noisy today at the moment so i need it quieter,Cmd.VolumeDecrease,F16_role_balance,,,,,,request
"the speech is hard to make out, i need it higher",Cmd.VolumeIncrease,F16_role_balance,,,,,,request
step the sound down because the room is noticeably louder,Cmd.VolumeDecrease,F16_role_balance,,,,,,description
i can barely follow the conversation at the moment so set it louder,Cmd.VolumeIncrease,F16_role_balance,,,,,,request
"step the sound up, the room is noticeably softer",Cmd.VolumeIncrease,F16_role_balance,,,,,,description
the room is noisy today at the moment so i need it softer,Cmd.VolumeDecrease,F16_role_balance,,,,,,request
make it quieter — it is very busy in this room,Cmd.VolumeDecrease,F16_role_balance,,,,,,request
"the room is a shade quieter, step the sound up",Cmd.VolumeIncrease,F16_role_balance,,,,,,description
"since i am struggling to catch what people say, set it louder",Cmd.VolumeIncrease,F16_role_balance,,,,,,request
"since i can barely follow the conversation, set it higher",Cmd.VolumeIncrease,F16_role_balance,,,,,,request
"damp it down a bit, the room is a touch higher",Cmd.VolumeDecrease,F16_role_balance,,,,,,description
"the room is a touch quieter, push the volume up",Cmd.VolumeIncrease,F16_role_balance,,,,,,description
"since i can barely follow the conversation, make it sharper",Cmd.VolumeIncrease,F16_role_balance,,,,,,request
cut the level back — the room is a good deal sharper,Cmd.VolumeDecrease,F16_role_balance,,,,,,description
"step the sound down, the room is a shade louder",Cmd.VolumeDecrease,F16_role_balance,,,,,,description
"the room is a touch higher, damp it down a bit",Cmd.VolumeDecrease,F16_role_balance,,,,,,description
"i need it higher, i keep missing words in here",Cmd.VolumeIncrease,F16_role_balance,,,,,,request
the room is a touch sharper at the moment so pull the volume down,Cmd.VolumeDecrease,F16_role_balance,,,,,,description
"since the room is a shade softer, give me more volume",Cmd.VolumeIncrease,F16_role_balance,,,,,,description
it is very busy in this room at the moment so make it lower,Cmd.VolumeDecrease,F16_role_balance,,,,,,request
the room is somewhat lower at the moment so give me more volume,Cmd.VolumeIncrease,F16_role_balance,,,,,,description
cut the level back because the room is a touch higher,Cmd.VolumeDecrease,F16_role_balance,,,,,,description
push the volume up because the room is a good deal softer,Cmd.VolumeIncrease,F16_role_balance,,,,,,description
"step the sound up, the room is a good deal quieter",Cmd.VolumeIncrease,F16_role_balance,,,,,,description
"step the sound down, the room is a touch louder",Cmd.VolumeDecrease,F16_role_balance,,,,,,description
"i am struggling to catch what people say, make it sharper",Cmd.VolumeIncrease,F16_role_balance,,,,,,request
"i can barely follow the conversation, make it sharper",Cmd.VolumeIncrease,F16_role_balance,,,,,,request
the room is noticeably quieter at the moment so push the volume up,Cmd.VolumeIncrease,F16_role_balance,,,,,,description
"since i keep missing words in here, make it louder",Cmd.VolumeIncrease,F16_role_balance,,,,,,request
"since the room is noisy today, i need it quieter",Cmd.VolumeDecrease,F16_role_balance,,,,,,request
step the sound up because the room is somewhat quieter,Cmd.VolumeIncrease,F16_role_balance,,,,,,description
make it higher — i keep missing words in here,Cmd.VolumeIncrease,F16_role_balance,,,,,,request
"the room is a touch quieter, step the sound up",Cmd.VolumeIncrease,F16_role_balance,,,,,,description
"since i keep missing words in here, i need it sharper",Cmd.VolumeIncrease,F16_role_balance,,,,,,request
the room is somewhat sharper at the moment so step the sound down,Cmd.VolumeDecrease,F16_role_balance,,,,,,description
step the sound down — the room is a touch sharper,Cmd.VolumeDecrease,F16_role_balance,,,,,,description
"the room is noticeably lower, crank it up a bit",Cmd.VolumeIncrease,F16_role_balance,,,,,,description
"make it sharper, i can barely follow the conversation",Cmd.VolumeIncrease,F16_role_balance,,,,,,request
"since the room is noisy today, make it lower",Cmd.VolumeDecrease,F16_role_balance,,,,,,request
the room is a touch lower at the moment so push the volume up,Cmd.VolumeIncrease,F16_role_balance,,,,,,description
"step the sound down, the room is a shade sharper",Cmd.VolumeDecrease,F16_role_balance,,,,,,description
"there is a lot going on in here, i need it softer",Cmd.VolumeDecrease,F16_role_balance,,,,,,request
"since the room is noticeably sharper, step the sound down",Cmd.VolumeDecrease,F16_role_balance,,,,,,description
pull the volume down because the room is a shade louder,Cmd.VolumeDecrease,F16_role_balance,,,,,,description
the room is a shade softer at the moment so crank it up a bit,Cmd.VolumeIncrease,F16_role_balance,,,,,,description
crank it up a bit — the room is a good deal quieter,Cmd.VolumeIncrease,F16_role_balance,,,,,,description
crank it up a bit because the room is a shade softer,Cmd.VolumeIncrease,F16_role_balance,,,,,,description
"since the speech is hard to make out, set it sharper",Cmd.VolumeIncrease,F16_role_balance,,,,,,request
set it quieter because it is very busy in this room,Cmd.VolumeDecrease,F16_role_balance,,,,,,request
"set it quieter, there is a lot going on in here",Cmd.VolumeDecrease,F16_role_balance,,,,,,request
"make it quieter, the room is noisy today",Cmd.VolumeDecrease,F16_role_balance,,,,,,request
set it higher — i am struggling to catch what people say,Cmd.VolumeIncrease,F16_role_balance,,,,,,request
"since it is very busy in this room, make it softer",Cmd.VolumeDecrease,F16_role_balance,,,,,,request
i keep missing words in here at the moment so i need it louder,Cmd.VolumeIncrease,F16_role_balance,,,,,,request
damp it down a bit because the room is a shade higher,Cmd.VolumeDecrease,F16_role_balance,,,,,,description
"the room is noisy today, i need it quieter",Cmd.VolumeDecrease,F16_role_balance,,,,,,request
the room is noticeably higher at the moment so step the sound down,Cmd.VolumeDecrease,F16_role_balance,,,,,,description
"since i can barely follow the conversation, i need it higher",Cmd.VolumeIncrease,F16_role_balance,,,,,,request
the room is a good deal quieter at the moment so give me more volume,Cmd.VolumeIncrease,F16_role_balance,,,,,,description
"boost the level, the room is noticeably lower",Cmd.VolumeIncrease,F16_role_balance,,,,,,description
step the sound up — the room is a touch quieter,Cmd.VolumeIncrease,F16_role_balance,,,,,,description
"pull the volume down, the room is a touch higher",Cmd.VolumeDecrease,F16_role_balance,,,,,,description
"since the room is a shade louder, step the sound down",Cmd.VolumeDecrease,F16_role_balance,,,,,,description
boost the level because the room is noticeably lower,Cmd.VolumeIncrease,F16_role_balance,,,,,,description
"the room is a touch softer, boost the level",Cmd.VolumeIncrease,F16_role_balance,,,,,,description
"since the room is a shade softer, push the volume up",Cmd.VolumeIncrease,F16_role_balance,,,,,,description
set it softer — it is very busy in this room,Cmd.VolumeDecrease,F16_role_balance,,,,,,request
boost the level because the room is noticeably softer,Cmd.VolumeIncrease,F16_role_balance,,,,,,description
"since the room is noisy today, make it softer",Cmd.VolumeDecrease,F16_role_balance,,,,,,request
"cut the level back, the room is a good deal louder",Cmd.VolumeDecrease,F16_role_balance,,,,,,description
"the room is a shade quieter, boost the level",Cmd.VolumeIncrease,F16_role_balance,,,,,,description
set it lower because my ears are getting tired,Cmd.VolumeDecrease,F16_role_balance,,,,,,request
"since the room is a shade sharper, pull the volume down",Cmd.VolumeDecrease,F16_role_balance,,,,,,description
make it quieter because it is very busy in this room,Cmd.VolumeDecrease,F16_role_balance,,,,,,request
"i am struggling to catch what people say, i need it louder",Cmd.VolumeIncrease,F16_role_balance,,,,,,request
"since my ears are getting tired, i need it softer",Cmd.VolumeDecrease,F16_role_balance,,,,,,request
cut the level back because the room is a touch louder,Cmd.VolumeDecrease,F16_role_balance,,,,,,description
"it is very busy in this room, i need it quieter",Cmd.VolumeDecrease,F16_role_balance,,,,,,request
"since the speech is hard to make out, make it sharper",Cmd.VolumeIncrease,F16_role_balance,,,,,,request
"the room is a shade louder, pull the volume down",Cmd.VolumeDecrease,F16_role_balance,,,,,,description
"set it sharper, i am struggling to catch what people say",Cmd.VolumeIncrease,F16_role_balance,,,,,,request
"the room is a good deal lower, push the volume up",Cmd.VolumeIncrease,F16_role_balance,,,,,,description
the room is noisy today at the moment so make it lower,Cmd.VolumeDecrease,F16_role_balance,,,,,,request
"since the room is a good deal quieter, give me more volume",Cmd.VolumeIncrease,F16_role_balance,,,,,,description
"i need it lower, it is very busy in this room",Cmd.VolumeDecrease,F16_role_balance,,,,,,request
"the room is a good deal higher, cut the level back",Cmd.VolumeDecrease,F16_role_balance,,,,,,description
i can barely follow the conversation at the moment so set it higher,Cmd.VolumeIncrease,F16_role_balance,,,,,,request
"since the room is noticeably softer, boost the level",Cmd.VolumeIncrease,F16_role_balance,,,,,,description
"push the volume up, the room is a shade quieter",Cmd.VolumeIncrease,F16_role_balance,,,,,,description
my ears are getting tired at the moment so set it lower,Cmd.VolumeDecrease,F16_role_balance,,,,,,request
it is very busy in this room at the moment so set it lower,Cmd.VolumeDecrease,F16_role_balance,,,,,,request
make it lower because the room is noisy today,Cmd.VolumeDecrease,F16_role_balance,,,,,,request
the room is a touch lower at the moment so give me more volume,Cmd.VolumeIncrease,F16_role_balance,,,,,,description
make it quieter — my ears are getting tired,Cmd.VolumeDecrease,F16_role_balance,,,,,,request
give me more volume — the room is a good deal lower,Cmd.VolumeIncrease,F16_role_balance,,,,,,description
"the room is a touch quieter, give me more volume",Cmd.VolumeIncrease,F16_role_balance,,,,,,description
"since there is a lot going on in here, set it lower",Cmd.VolumeDecrease,F16_role_balance,,,,,,request
"since the room is a shade quieter, crank it up a bit",Cmd.VolumeIncrease,F16_role_balance,,,,,,description
step the sound up — the room is a shade lower,Cmd.VolumeIncrease,F16_role_balance,,,,,,description
"the room is a shade sharper, damp it down a bit",Cmd.VolumeDecrease,F16_role_balance,,,,,,description
the room is noticeably higher at the moment so give me less volume,Cmd.VolumeDecrease,F16_role_balance,,,,,,description
"the room is somewhat louder, pull the volume down",Cmd.VolumeDecrease,F16_role_balance,,,,,,description
crank it up a bit because the room is a shade lower,Cmd.VolumeIncrease,F16_role_balance,,,,,,description
set it quieter — the room is noisy today,Cmd.VolumeDecrease,F16_role_balance,,,,,,request
give me less volume because the room is a touch sharper,Cmd.VolumeDecrease,F16_role_balance,,,,,,description
make it higher because i can barely follow the conversation,Cmd.VolumeIncrease,F16_role_balance,,,,,,request
"step the sound up, the room is a good deal lower",Cmd.VolumeIncrease,F16_role_balance,,,,,,description
i need it quieter — my ears are getting tired,Cmd.VolumeDecrease,F16_role_balance,,,,,,request
make it quieter because my ears are getting tired,Cmd.VolumeDecrease,F16_role_balance,,,,,,request
"it is very busy in this room, i need it softer",Cmd.VolumeDecrease,F16_role_balance,,,,,,request
the room is noticeably sharper at the moment so damp it down a bit,Cmd.VolumeDecrease,F16_role_balance,,,,,,description
the speech is hard to make out at the moment so i need it higher,Cmd.VolumeIncrease,F16_role_balance,,,,,,request
the room is noisy today at the moment so i need it lower,Cmd.VolumeDecrease,F16_role_balance,,,,,,request
"damp it down a bit, the room is a shade higher",Cmd.VolumeDecrease,F16_role_balance,,,,,,description
"the speech is hard to make out, i need it sharper",Cmd.VolumeIncrease,F16_role_balance,,,,,,request
"the room is a touch quieter, crank it up a bit",Cmd.VolumeIncrease,F16_role_balance,,,,,,description
damp it down a bit because the room is a good deal sharper,Cmd.VolumeDecrease,F16_role_balance,,,,,,description
give me less volume — the room is somewhat louder,Cmd.VolumeDecrease,F16_role_balance,,,,,,description
give me less volume because the room is a good deal higher,Cmd.VolumeDecrease,F16_role_balance,,,,,,description
"since my ears are getting tired, set it quieter",Cmd.VolumeDecrease,F16_role_balance,,,,,,request
give me more volume — the room is noticeably quieter,Cmd.VolumeIncrease,F16_role_balance,,,,,,description
"the room is somewhat quieter, push the volume up",Cmd.VolumeIncrease,F16_role_balance,,,,,,description
"the speech is hard to make out, make it louder",Cmd.VolumeIncrease,F16_role_balance,,,,,,request
the speech is hard to make out at the moment so i need it louder,Cmd.VolumeIncrease,F16_role_balance,,,,,,request
"give me more volume, the room is a touch quieter",Cmd.VolumeIncrease,F16_role_balance,,,,,,description
"the room is somewhat softer, give me more volume",Cmd.VolumeIncrease,F16_role_balance,,,,,,description
"i can barely follow the conversation, set it sharper",Cmd.VolumeIncrease,F16_role_balance,,,,,,request
i keep missing words in here at the moment so make it higher,Cmd.VolumeIncrease,F16_role_balance,,,,,,request
the room is noticeably louder at the moment so give me less volume,Cmd.VolumeDecrease,F16_role_balance,,,,,,description
i can barely follow the conversation at the moment so make it louder,Cmd.VolumeIncrease,F16_role_balance,,,,,,request
"the room is a touch softer, step the sound up",Cmd.VolumeIncrease,F16_role_balance,,,,,,description
there is a lot going on in here at the moment so make it softer,Cmd.VolumeDecrease,F16_role_balance,,,,,,request
"crank it up a bit, the room is a touch lower",Cmd.VolumeIncrease,F16_role_balance,,,,,,description
"cut the level back, the room is somewhat higher",Cmd.VolumeDecrease,F16_role_balance,,,,,,description
"since the room is a shade higher, cut the level back",Cmd.VolumeDecrease,F16_role_balance,,,,,,description
"since i can barely follow the conversation, i need it louder",Cmd.VolumeIncrease,F16_role_balance,,,,,,request
"since there is a lot going on in here, make it quieter",Cmd.VolumeDecrease,F16_role_balance,,,,,,request
"the room is noisy today, set it softer",Cmd.VolumeDecrease,F16_role_balance,,,,,,request
"since my ears are getting tired, make it softer",Cmd.VolumeDecrease,F16_role_balance,,,,,,request
"since the room is a touch higher, give me less volume",Cmd.VolumeDecrease,F16_role_balance,,,,,,description
crank it up a bit because the room is a touch softer,Cmd.VolumeIncrease,F16_role_balance,,,,,,description
i need it softer because the room is noisy today,Cmd.VolumeDecrease,F16_role_balance,,,,,,request
"since there is a lot going on in here, make it softer",Cmd.VolumeDecrease,F16_role_balance,,,,,,request
"step the sound down, the room is noticeably higher",Cmd.VolumeDecrease,F16_role_balance,,,,,,description
"the room is a shade higher, step the sound down",Cmd.VolumeDecrease,F16_role_balance,,,,,,description
make it lower because there is a lot going on in here,Cmd.VolumeDecrease,F16_role_balance,,,,,,request
push the volume up because the room is a touch lower,Cmd.VolumeIncrease,F16_role_balance,,,,,,description
"since the speech is hard to make out, make it louder",Cmd.VolumeIncrease,F16_role_balance,,,,,,request
"since my ears are getting tired, set it lower",Cmd.VolumeDecrease,F16_role_balance,,,,,,request
"since the speech is hard to make out, i need it higher",Cmd.VolumeIncrease,F16_role_balance,,,,,,request
pull the volume down — the room is somewhat louder,Cmd.VolumeDecrease,F16_role_balance,,,,,,description
the room is noisy today at the moment so set it lower,Cmd.VolumeDecrease,F16_role_balance,,,,,,request
i keep missing words in here at the moment so set it higher,Cmd.VolumeIncrease,F16_role_balance,,,,,,request
"since the room is a shade lower, crank it up a bit",Cmd.VolumeIncrease,F16_role_balance,,,,,,description
make it softer because my ears are getting tired,Cmd.VolumeDecrease,F16_role_balance,,,,,,request
make it sharper because i can barely follow the conversation,Cmd.VolumeIncrease,F16_role_balance,,,,,,request
"the room is somewhat sharper, cut the level back",Cmd.VolumeDecrease,F16_role_balance,,,,,,description
step the sound down — the room is a good deal higher,Cmd.VolumeDecrease,F16_role_balance,,,,,,description
the room is a good deal sharper at the moment so damp it down a bit,Cmd.VolumeDecrease,F16_role_balance,,,,,,description
push the volume up — the room is noticeably softer,Cmd.VolumeIncrease,F16_role_balance,,,,,,description
"since the room is a shade lower, push the volume up",Cmd.VolumeIncrease,F16_role_balance,,,,,,description
i need it quieter — the room is noisy today,Cmd.VolumeDecrease,F16_role_balance,,,,,,request
the speech is hard to make out at the moment so make it sharper,Cmd.VolumeIncrease,F16_role_balance,,,,,,request
"there is a lot going on in here, set it quieter",Cmd.VolumeDecrease,F16_role_balance,,,,,,request
"the room is noisy today, set it quieter",Cmd.VolumeDecrease,F16_role_balance,,,,,,request
crank it up a bit — the room is a touch quieter,Cmd.VolumeIncrease,F16_role_balance,,,,,,description
"make it softer, my ears are getting tired",Cmd.VolumeDecrease,F16_role_balance,,,,,,request
the room is a touch softer at the moment so crank it up a bit,Cmd.VolumeIncrease,F16_role_balance,,,,,,description
the room is a shade sharper at the moment so pull the volume down,Cmd.VolumeDecrease,F16_role_balance,,,,,,description
"since it is very busy in this room, make it quieter",Cmd.VolumeDecrease,F16_role_balance,,,,,,request
the room is a good deal quieter at the moment so boost the level,Cmd.VolumeIncrease,F16_role_balance,,,,,,description
i can barely follow the conversation at the moment so set it sharper,Cmd.VolumeIncrease,F16_role_balance,,,,,,request
"the room is noticeably lower, give me more volume",Cmd.VolumeIncrease,F16_role_balance,,,,,,description
step the sound up — the room is noticeably lower,Cmd.VolumeIncrease,F16_role_balance,,,,,,description
"since i keep missing words in here, set it louder",Cmd.VolumeIncrease,F16_role_balance,,,,,,request
set it higher because i keep missing words in here,Cmd.VolumeIncrease,F16_role_balance,,,,,,request
set it higher — i can barely follow the conversation,Cmd.VolumeIncrease,F16_role_balance,,,,,,request
"damp it down a bit, the room is a good deal louder",Cmd.VolumeDecrease,F16_role_balance,,,,,,description
"since the room is noticeably quieter, push the volume up",Cmd.VolumeIncrease,F16_role_balance,,,,,,description
"since the room is somewhat softer, crank it up a bit",Cmd.VolumeIncrease,F16_role_balance,,,,,,description
"boost the level, the room is noticeably quieter",Cmd.VolumeIncrease,F16_role_balance,,,,,,description
there is a lot going on in here at the moment so set it softer,Cmd.VolumeDecrease,F16_role_balance,,,,,,request
the room is a shade higher at the moment so cut the level back,Cmd.VolumeDecrease,F16_role_balance,,,,,,description
i need it softer — there is a lot going on in here,Cmd.VolumeDecrease,F16_role_balance,,,,,,request
"since the room is noticeably lower, crank it up a bit",Cmd.VolumeIncrease,F16_role_balance,,,,,,description
the room is noticeably louder at the moment so cut the level back,Cmd.VolumeDecrease,F16_role_balance,,,,,,description
set it louder — i am struggling to catch what people say,Cmd.VolumeIncrease,F16_role_balance,,,,,,request
"the room is noisy today, set it lower",Cmd.VolumeDecrease,F16_role_balance,,,,,,request
"the room is a shade higher, cut the level back",Cmd.VolumeDecrease,F16_role_balance,,,,,,description
"since the room is a good deal quieter, boost the level",Cmd.VolumeIncrease,F16_role_balance,,,,,,description
set it higher — i keep missing words in here,Cmd.VolumeIncrease,F16_role_balance,,,,,,request
"since the room is noisy today, set it lower",Cmd.VolumeDecrease,F16_role_balance,,,,,,request
i need it quieter because the room is noisy today,Cmd.VolumeDecrease,F16_role_balance,,,,,,request
"since the room is a shade quieter, give me more volume",Cmd.VolumeIncrease,F16_role_balance,,,,,,description
make it sharper because i am struggling to catch what people say,Cmd.VolumeIncrease,F16_role_balance,,,,,,request
make it quieter — there is a lot going on in here,Cmd.VolumeDecrease,F16_role_balance,,,,,,request
"i am struggling to catch what people say, i need it sharper",Cmd.VolumeIncrease,F16_role_balance,,,,,,request
damp it down a bit — the room is somewhat higher,Cmd.VolumeDecrease,F16_role_balance,,,,,,description
"the speech is hard to make out, make it higher",Cmd.VolumeIncrease,F16_role_balance,,,,,,request
pull the volume down because the room is a good deal sharper,Cmd.VolumeDecrease,F16_role_balance,,,,,,description
"pull the volume down, the room is a shade sharper",Cmd.VolumeDecrease,F16_role_balance,,,,,,description
"the room is a good deal louder, step the sound down",Cmd.VolumeDecrease,F16_role_balance,,,,,,description
i keep missing words in here at the moment so set it louder,Cmd.VolumeIncrease,F16_role_balance,,,,,,request
"it is very busy in this room, set it softer",Cmd.VolumeDecrease,F16_role_balance,,,,,,request
"i can barely follow the conversation, i need it sharper",Cmd.VolumeIncrease,F16_role_balance,,,,,,request
"the room is somewhat sharper, give me less volume",Cmd.VolumeDecrease,F16_role_balance,,,,,,description
"since the room is a shade lower, give me more volume",Cmd.VolumeIncrease,F16_role_balance,,,,,,description
"the room is a good deal quieter, crank it up a bit",Cmd.VolumeIncrease,F16_role_balance,,,,,,description
"since there is a lot going on in here, i need it lower",Cmd.VolumeDecrease,F16_role_balance,,,,,,request
"since it is very busy in this room, set it softer",Cmd.VolumeDecrease,F16_role_balance,,,,,,request
i need it louder — i can barely follow the conversation,Cmd.VolumeIncrease,F16_role_balance,,,,,,request
the room is a touch higher at the moment so step the sound down,Cmd.VolumeDecrease,F16_role_balance,,,,,,description
"since the room is a touch sharper, pull the volume down",Cmd.VolumeDecrease,F16_role_balance,,,,,,description
there is a lot going on in here at the moment so make it lower,Cmd.VolumeDecrease,F16_role_balance,,,,,,request
give me less volume — the room is a good deal higher,Cmd.VolumeDecrease,F16_role_balance,,,,,,description
"the room is a shade louder, cut the level back",Cmd.VolumeDecrease,F16_role_balance,,,,,,description
"my ears are getting tired, i need it quieter",Cmd.VolumeDecrease,F16_role_balance,,,,,,request
"since the room is noisy today, set it quieter",Cmd.VolumeDecrease,F16_role_balance,,,,,,request
"since the room is a good deal softer, step the sound up",Cmd.VolumeIncrease,F16_role_balance,,,,,,description
make it louder because the speech is hard to make out,Cmd.VolumeIncrease,F16_role_balance,,,,,,request
the room is a shade lower at the moment so push the volume up,Cmd.VolumeIncrease,F16_role_balance,,,,,,description
make it quieter because there is a lot going on in here,Cmd.VolumeDecrease,F16_role_balance,,,,,,request
"since i am struggling to catch what people say, i need it sharper",Cmd.VolumeIncrease,F16_role_balance,,,,,,request
"step the sound up, the room is a shade softer",Cmd.VolumeIncrease,F16_role_balance,,,,,,description
"i am struggling to catch what people say, make it louder",Cmd.VolumeIncrease,F16_role_balance,,,,,,request
"i keep missing words in here, i need it higher",Cmd.VolumeIncrease,F16_role_balance,,,,,,request
make it lower — the room is noisy today,Cmd.VolumeDecrease,F16_role_balance,,,,,,request
"since the room is a good deal softer, push the volume up",Cmd.VolumeIncrease,F16_role_balance,,,,,,description
"since there is a lot going on in here, make it lower",Cmd.VolumeDecrease,F16_role_balance,,,,,,request
boost the level — the room is a shade softer,Cmd.VolumeIncrease,F16_role_balance,,,,,,description
the room is noticeably softer at the moment so boost the level,Cmd.VolumeIncrease,F16_role_balance,,,,,,description
pull the volume down — the room is noticeably sharper,Cmd.VolumeDecrease,F16_role_balance,,,,,,description
it is very busy in this room at the moment so i need it lower,Cmd.VolumeDecrease,F16_role_balance,,,,,,request
give me less volume — the room is somewhat higher,Cmd.VolumeDecrease,F16_role_balance,,,,,,description
"the room is a touch lower, boost the level",Cmd.VolumeIncrease,F16_role_balance,,,,,,description
"since the speech is hard to make out, i need it sharper",Cmd.VolumeIncrease,F16_role_balance,,,,,,request
"since the room is noisy today, i need it softer",Cmd.VolumeDecrease,F16_role_balance,,,,,,request
"the room is a good deal softer, give me more volume",Cmd.VolumeIncrease,F16_role_balance,,,,,,description
step the sound up because the room is a shade quieter,Cmd.VolumeIncrease,F16_role_balance,,,,,,description
pull the volume down because the room is a good deal louder,Cmd.VolumeDecrease,F16_role_balance,,,,,,description
"since the room is a good deal lower, step the sound up",Cmd.VolumeIncrease,F16_role_balance,,,,,,description
step the sound down because the room is a good deal louder,Cmd.VolumeDecrease,F16_role_balance,,,,,,description
"there is a lot going on in here, make it quieter",Cmd.VolumeDecrease,F16_role_balance,,,,,,request
"the speech is hard to make out, set it louder",Cmd.VolumeIncrease,F16_role_balance,,,,,,request
"the speech is hard to make out, set it higher",Cmd.VolumeIncrease,F16_role_balance,,,,,,request
set it quieter because there is a lot going on in here,Cmd.VolumeDecrease,F16_role_balance,,,,,,request
pull the volume down because the room is noticeably louder,Cmd.VolumeDecrease,F16_role_balance,,,,,,description
"step the sound up, the room is somewhat softer",Cmd.VolumeIncrease,F16_role_balance,,,,,,description
"set it higher, the speech is hard to make out",Cmd.VolumeIncrease,F16_role_balance,,,,,,request
"since the room is a good deal louder, step the sound down",Cmd.VolumeDecrease,F16_role_balance,,,,,,description
the room is a shade louder at the moment so step the sound down,Cmd.VolumeDecrease,F16_role_balance,,,,,,description
the room is a touch quieter at the moment so push the volume up,Cmd.VolumeIncrease,F16_role_balance,,,,,,description
push the volume up because the room is somewhat lower,Cmd.VolumeIncrease,F16_role_balance,,,,,,description
the room is a good deal softer at the moment so crank it up a bit,Cmd.VolumeIncrease,F16_role_balance,,,,,,description
set it higher because i am struggling to catch what people say,Cmd.VolumeIncrease,F16_role_balance,,,,,,request
"step the sound down, the room is somewhat sharper",Cmd.VolumeDecrease,F16_role_balance,,,,,,description
"since the room is noisy today, make it quieter",Cmd.VolumeDecrease,F16_role_balance,,,,,,request
set it higher because the speech is hard to make out,Cmd.VolumeIncrease,F16_role_balance,,,,,,request
make it sharper because i keep missing words in here,Cmd.VolumeIncrease,F16_role_balance,,,,,,request
give me more volume because the room is noticeably lower,Cmd.VolumeIncrease,F16_role_balance,,,,,,description
"since the room is somewhat sharper, step the sound down",Cmd.VolumeDecrease,F16_role_balance,,,,,,description
the room is a shade softer at the moment so give me more volume,Cmd.VolumeIncrease,F16_role_balance,,,,,,description
set it sharper because i am struggling to catch what people say,Cmd.VolumeIncrease,F16_role_balance,,,,,,request
"the room is a touch higher, give me less volume",Cmd.VolumeDecrease,F16_role_balance,,,,,,description
i need it softer — the room is noisy today,Cmd.VolumeDecrease,F16_role_balance,,,,,,request
i need it lower because there is a lot going on in here,Cmd.VolumeDecrease,F16_role_balance,,,,,,request
"since the room is a shade louder, give me less volume",Cmd.VolumeDecrease,F16_role_balance,,,,,,description
there is a lot going on in here at the moment so set it lower,Cmd.VolumeDecrease,F16_role_balance,,,,,,request
"the room is a good deal quieter, boost the level",Cmd.VolumeIncrease,F16_role_balance,,,,,,description
the room is noticeably louder at the moment so step the sound down,Cmd.VolumeDecrease,F16_role_balance,,,,,,description
the room is noticeably higher at the moment so cut the level back,Cmd.VolumeDecrease,F16_role_balance,,,,,,description
"the room is somewhat lower, crank it up a bit",Cmd.VolumeIncrease,F16_role_balance,,,,,,description
"since the room is noticeably quieter, crank it up a bit",Cmd.VolumeIncrease,F16_role_balance,,,,,,description
"i am struggling to catch what people say, make it higher",Cmd.VolumeIncrease,F16_role_balance,,,,,,request
step the sound down because the room is a touch louder,Cmd.VolumeDecrease,F16_role_balance,,,,,,description
i am struggling to catch what people say at the moment so make it higher,Cmd.VolumeIncrease,F16_role_balance,,,,,,request
"since i am struggling to catch what people say, make it higher",Cmd.VolumeIncrease,F16_role_balance,,,,,,request
the room is somewhat quieter at the moment so give me more volume,Cmd.VolumeIncrease,F16_role_balance,,,,,,description
i can barely follow the conversation at the moment so i need it sharper,Cmd.VolumeIncrease,F16_role_balance,,,,,,request
my ears are getting tired at the moment so make it quieter,Cmd.VolumeDecrease,F16_role_balance,,,,,,request
"the room is noticeably higher, cut the level back",Cmd.VolumeDecrease,F16_role_balance,,,,,,description
"since the room is a touch higher, cut the level back",Cmd.VolumeDecrease,F16_role_balance,,,,,,description
cut the level back because the room is noticeably higher,Cmd.VolumeDecrease,F16_role_balance,,,,,,description
"there is a lot going on in here, i need it quieter",Cmd.VolumeDecrease,F16_role_balance,,,,,,request
set it softer because the room is noisy today,Cmd.VolumeDecrease,F16_role_balance,,,,,,request
make it higher because i keep missing words in here,Cmd.VolumeIncrease,F16_role_balance,,,,,,request
damp it down a bit because the room is noticeably louder,Cmd.VolumeDecrease,F16_role_balance,,,,,,description
"the room is somewhat louder, give me less volume",Cmd.VolumeDecrease,F16_role_balance,,,,,,description
set it quieter because my ears are getting tired,Cmd.VolumeDecrease,F16_role_balance,,,,,,request
crank it up a bit — the room is noticeably quieter,Cmd.VolumeIncrease,F16_role_balance,,,,,,description
the room is noticeably sharper at the moment so give me less volume,Cmd.VolumeDecrease,F16_role_balance,,,,,,description
i need it higher because the speech is hard to make out,Cmd.VolumeIncrease,F16_role_balance,,,,,,request
"set it louder, i keep missing words in here",Cmd.VolumeIncrease,F16_role_balance,,,,,,request
i need it louder because the speech is hard to make out,Cmd.VolumeIncrease,F16_role_balance,,,,,,request
make it sharper — i keep missing words in here,Cmd.VolumeIncrease,F16_role_balance,,,,,,request
"since i keep missing words in here, set it sharper",Cmd.VolumeIncrease,F16_role_balance,,,,,,request
"set it quieter, it is very busy in this room",Cmd.VolumeDecrease,F16_role_balance,,,,,,request
"it is very busy in this room, i need it lower",Cmd.VolumeDecrease,F16_role_balance,,,,,,request
make it quieter because the room is noisy today,Cmd.VolumeDecrease,F16_role_balance,,,,,,request
i keep missing words in here at the moment so i need it higher,Cmd.VolumeIncrease,F16_role_balance,,,,,,request
it is very busy in this room at the moment so make it quieter,Cmd.VolumeDecrease,F16_role_balance,,,,,,request
my ears are getting tired at the moment so i need it softer,Cmd.VolumeDecrease,F16_role_balance,,,,,,request
"since the room is noticeably lower, step the sound up",Cmd.VolumeIncrease,F16_role_balance,,,,,,description
"since it is very busy in this room, i need it lower",Cmd.VolumeDecrease,F16_role_balance,,,,,,request
there is a lot going on in here at the moment so i need it quieter,Cmd.VolumeDecrease,F16_role_balance,,,,,,request
make it lower because it is very busy in this room,Cmd.VolumeDecrease,F16_role_balance,,,,,,request
i am struggling to catch what people say at the moment so make it sharper,Cmd.VolumeIncrease,F16_role_balance,,,,,,request
"i can barely follow the conversation, make it louder",Cmd.VolumeIncrease,F16_role_balance,,,,,,request
i need it higher because i keep missing words in here,Cmd.VolumeIncrease,F16_role_balance,,,,,,request
"i keep missing words in here, set it higher",Cmd.VolumeIncrease,F16_role_balance,,,,,,request
"make it higher, the speech is hard to make out",Cmd.VolumeIncrease,F16_role_balance,,,,,,request
crank it up a bit because the room is somewhat quieter,Cmd.VolumeIncrease,F16_role_balance,,,,,,description
"i can barely follow the conversation, set it higher",Cmd.VolumeIncrease,F16_role_balance,,,,,,request
"since the room is a good deal quieter, crank it up a bit",Cmd.VolumeIncrease,F16_role_balance,,,,,,description
"the room is a touch higher, pull the volume down",Cmd.VolumeDecrease,F16_role_balance,,,,,,description
i need it quieter because there is a lot going on in here,Cmd.VolumeDecrease,F16_role_balance,,,,,,request
"since it is very busy in this room, i need it softer",Cmd.VolumeDecrease,F16_role_balance,,,,,,request
i can barely follow the conversation at the moment so make it sharper,Cmd.VolumeIncrease,F16_role_balance,,,,,,request
the room is somewhat lower at the moment so boost the level,Cmd.VolumeIncrease,F16_role_balance,,,,,,description
there is a lot going on in here at the moment so i need it softer,Cmd.VolumeDecrease,F16_role_balance,,,,,,request
"since the room is somewhat softer, give me more volume",Cmd.VolumeIncrease,F16_role_balance,,,,,,description
set it lower because there is a lot going on in here,Cmd.VolumeDecrease,F16_role_balance,,,,,,request
"pull the volume down, the room is noticeably higher",Cmd.VolumeDecrease,F16_role_balance,,,,,,description
set it higher because i can barely follow the conversation,Cmd.VolumeIncrease,F16_role_balance,,,,,,request
give me more volume — the room is noticeably softer,Cmd.VolumeIncrease,F16_role_balance,,,,,,description
the room is somewhat louder at the moment so cut the level back,Cmd.VolumeDecrease,F16_role_balance,,,,,,description
"the room is somewhat louder, damp it down a bit",Cmd.VolumeDecrease,F16_role_balance,,,,,,description
"i need it softer, my ears are getting tired",Cmd.VolumeDecrease,F16_role_balance,,,,,,request
"since there is a lot going on in here, set it softer",Cmd.VolumeDecrease,F16_role_balance,,,,,,request
cut the level back because the room is a shade higher,Cmd.VolumeDecrease,F16_role_balance,,,,,,description
"crank it up a bit, the room is a touch softer",Cmd.VolumeIncrease,F16_role_balance,,,,,,description
"crank it up a bit, the room is somewhat lower",Cmd.VolumeIncrease,F16_role_balance,,,,,,description
"i can barely follow the conversation, i need it louder",Cmd.VolumeIncrease,F16_role_balance,,,,,,request
"set it sharper, i can barely follow the conversation",Cmd.VolumeIncrease,F16_role_balance,,,,,,request
"the speech is hard to make out, i need it louder",Cmd.VolumeIncrease,F16_role_balance,,,,,,request
the speech is hard to make out at the moment so make it higher,Cmd.VolumeIncrease,F16_role_balance,,,,,,request
"since the room is somewhat quieter, step the sound up",Cmd.VolumeIncrease,F16_role_balance,,,,,,description
push the volume up because the room is a touch softer,Cmd.VolumeIncrease,F16_role_balance,,,,,,description
the room is a good deal louder at the moment so pull the volume down,Cmd.VolumeDecrease,F16_role_balance,,,,,,description
push the volume up because the room is noticeably softer,Cmd.VolumeIncrease,F16_role_balance,,,,,,description
pull the volume down because the room is somewhat sharper,Cmd.VolumeDecrease,F16_role_balance,,,,,,description
"crank it up a bit, the room is noticeably softer",Cmd.VolumeIncrease,F16_role_balance,,,,,,description
"the room is noisy today, i need it lower",Cmd.VolumeDecrease,F16_role_balance,,,,,,request
make it softer because the room is noisy today,Cmd.VolumeDecrease,F16_role_balance,,,,,,request
give me less volume because the room is a shade sharper,Cmd.VolumeDecrease,F16_role_balance,,,,,,description
there is a lot going on in here at the moment so i need it lower,Cmd.VolumeDecrease,F16_role_balance,,,,,,request
the room is a good deal louder at the moment so damp it down a bit,Cmd.VolumeDecrease,F16_role_balance,,,,,,description
"since i am struggling to catch what people say, make it sharper",Cmd.VolumeIncrease,F16_role_balance,,,,,,request
"since i keep missing words in here, i need it louder",Cmd.VolumeIncrease,F16_role_balance,,,,,,request
"the room is noticeably sharper, cut the level back",Cmd.VolumeDecrease,F16_role_balance,,,,,,description
step the sound down — the room is a shade higher,Cmd.VolumeDecrease,F16_role_balance,,,,,,description
"since the room is a good deal sharper, give me less volume",Cmd.VolumeDecrease,F16_role_balance,,,,,,description
set it softer because my ears are getting tired,Cmd.VolumeDecrease,F16_role_balance,,,,,,request
give me less volume — the room is a touch sharper,Cmd.VolumeDecrease,F16_role_balance,,,,,,description
"the room is noticeably softer, step the sound up",Cmd.VolumeIncrease,F16_role_balance,,,,,,description
make it louder — i am struggling to catch what people say,Cmd.VolumeIncrease,F16_role_balance,,,,,,request
i am struggling to catch what people say at the moment so make it louder,Cmd.VolumeIncrease,F16_role_balance,,,,,,request
pull the volume down — the room is a shade higher,Cmd.VolumeDecrease,F16_role_balance,,,,,,description
step the sound down because the room is somewhat higher,Cmd.VolumeDecrease,F16_role_balance,,,,,,description
"since the room is a shade quieter, step the sound up",Cmd.VolumeIncrease,F16_role_balance,,,,,,description
"since the room is a good deal louder, damp it down a bit",Cmd.VolumeDecrease,F16_role_balance,,,,,,description
"step the sound down, the room is somewhat louder",Cmd.VolumeDecrease,F16_role_balance,,,,,,description
set it louder because the speech is hard to make out,Cmd.VolumeIncrease,F16_role_balance,,,,,,request
"since the speech is hard to make out, make it higher",Cmd.VolumeIncrease,F16_role_balance,,,,,,request
"the room is noticeably lower, push the volume up",Cmd.VolumeIncrease,F16_role_balance,,,,,,description
there is a lot going on in here at the moment so make it quieter,Cmd.VolumeDecrease,F16_role_balance,,,,,,request
"set it louder, the speech is hard to make out",Cmd.VolumeIncrease,F16_role_balance,,,,,,request
"the room is somewhat lower, push the volume up",Cmd.VolumeIncrease,F16_role_balance,,,,,,description
"damp it down a bit, the room is a touch louder",Cmd.VolumeDecrease,F16_role_balance,,,,,,description
push the volume up — the room is a good deal softer,Cmd.VolumeIncrease,F16_role_balance,,,,,,description
"my ears are getting tired, i need it softer",Cmd.VolumeDecrease,F16_role_balance,,,,,,request
"damp it down a bit, the room is noticeably louder",Cmd.VolumeDecrease,F16_role_balance,,,,,,description
"the room is a shade sharper, give me less volume",Cmd.VolumeDecrease,F16_role_balance,,,,,,description
pull the volume down because the room is somewhat louder,Cmd.VolumeDecrease,F16_role_balance,,,,,,description
"since the room is noticeably louder, give me less volume",Cmd.VolumeDecrease,F16_role_balance,,,,,,description
"since there is a lot going on in here, i need it quieter",Cmd.VolumeDecrease,F16_role_balance,,,,,,request
the room is a good deal higher at the moment so step the sound down,Cmd.VolumeDecrease,F16_role_balance,,,,,,description
"the room is a good deal quieter, step the sound up",Cmd.VolumeIncrease,F16_role_balance,,,,,,description
"give me more volume, the room is a shade softer",Cmd.VolumeIncrease,F16_role_balance,,,,,,description
"cut the level back, the room is a touch louder",Cmd.VolumeDecrease,F16_role_balance,,,,,,description
the room is a shade quieter at the moment so step the sound up,Cmd.VolumeIncrease,F16_role_balance,,,,,,description
the room is a shade quieter at the moment so crank it up a bit,Cmd.VolumeIncrease,F16_role_balance,,,,,,description
"i need it quieter, it is very busy in this room",Cmd.VolumeDecrease,F16_role_balance,,,,,,request
"it is very busy in this room, make it softer",Cmd.VolumeDecrease,F16_role_balance,,,,,,request
"since i am struggling to catch what people say, set it higher",Cmd.VolumeIncrease,F16_role_balance,,,,,,request
"since the room is a shade sharper, damp it down a bit",Cmd.VolumeDecrease,F16_role_balance,,,,,,description
"since the room is somewhat quieter, crank it up a bit",Cmd.VolumeIncrease,F16_role_balance,,,,,,description
"i am struggling to catch what people say, i need it higher",Cmd.VolumeIncrease,F16_role_balance,,,,,,request
damp it down a bit — the room is a shade sharper,Cmd.VolumeDecrease,F16_role_balance,,,,,,description
set it quieter because the room is noisy today,Cmd.VolumeDecrease,F16_role_balance,,,,,,request
i need it softer because my ears are getting tired,Cmd.VolumeDecrease,F16_role_balance,,,,,,request
the room is a shade louder at the moment so pull the volume down,Cmd.VolumeDecrease,F16_role_balance,,,,,,description
"the room is noticeably softer, give me more volume",Cmd.VolumeIncrease,F16_role_balance,,,,,,description
"the room is a good deal higher, step the sound down",Cmd.VolumeDecrease,F16_role_balance,,,,,,description
boost the level because the room is noticeably quieter,Cmd.VolumeIncrease,F16_role_balance,,,,,,description
"it is very busy in this room, make it lower",Cmd.VolumeDecrease,F16_role_balance,,,,,,request
make it louder because i keep missing words in here,Cmd.VolumeIncrease,F16_role_balance,,,,,,request
give me more volume because the room is a touch quieter,Cmd.VolumeIncrease,F16_role_balance,,,,,,description
make it softer because there is a lot going on in here,Cmd.VolumeDecrease,F16_role_balance,,,,,,request
"since i can barely follow the conversation, set it sharper",Cmd.VolumeIncrease,F16_role_balance,,,,,,request
i need it sharper because i can barely follow the conversation,Cmd.VolumeIncrease,F16_role_balance,,,,,,request
the room is noticeably softer at the moment so crank it up a bit,Cmd.VolumeIncrease,F16_role_balance,,,,,,description
push the volume up because the room is somewhat softer,Cmd.VolumeIncrease,F16_role_balance,,,,,,description
make it softer because it is very busy in this room,Cmd.VolumeDecrease,F16_role_balance,,,,,,request
"the room is noticeably softer, push the volume up",Cmd.VolumeIncrease,F16_role_balance,,,,,,description
uh can i need help with pairing my aid,Help_Pairing,F5_stt:drop_function_word+filler,,,,,,
er can you change programme to number two,Cmd.MemoryChange,F5_stt:filler+homophone,,,,,,
please change programme to outdoor,Cmd.MemoryChange,F5_stt:homophone+drop_plural,,,,,,
er log myride,Cmd.ActivityCycle,F5_stt:merge_boundary+filler,,,,,,
how do i locate right hearing,Help_FindMyHearingAids,F5_stt:drop_function_word+truncate_tail,,,,,,
er pleaseremind me to,reminders.add,F5_stt:merge_boundary+filler,,,,,,
could youraise the value,Cmd.VolumeIncrease,F5_stt:merge_boundary+homophone,,,,,,
um please set pro gram to car,Cmd.MemoryChange,F5_stt:filler+homophone,,,,,,
er set reminder for 25th,reminders.add,F5_stt:filler+truncate_tail,,,,,,
switch programto telephone,Cmd.MemoryChange,F5_stt:drop_function_word+merge_boundary,,,,,,
um right swift code of binary,Default Fallback Intent,F5_stt:filler+truncate_tail,,,,,,
er please hi there i do,Default Fallback Intent,F5_stt:filler+truncate_tail,,,,,,
er tinnitu setting,Cmd.MemoryChange,F5_stt:drop_plural+filler,,,,,,
uh guide meon using transcribe,Help_Transcribe,F5_stt:merge_boundary+filler,,,,,,
er canyou change the memory,Cmd.MemoryChange,F5_stt:merge_boundary+filler,,,,,,
uh when would i start a manual,Help_FallAlert,F5_stt:filler+truncate_tail,,,,,,
um theater setting,Cmd.MemoryChange,F5_stt:filler,,,,,,
uh can a friend listen alongwith me,Help_HearShare,F5_stt:merge_boundary+filler,,,,,,
please i cannot find myother 8,Help_FindMyHearingAids,F5_stt:homophone+merge_boundary,,,,,,
can youset reminder buy milk on november 11 at 5 p,reminders.add,F5_stt:truncate_tail+merge_boundary,,,,,,
um what to use to clean my hearing,Help_CleanCare,F5_stt:filler+truncate_tail,,,,,,
starttranslating in french,Cmd.TranslationStart,F5_stt:drop_function_word+merge_boundary,,,,,,
uh giveme sound again,Cmd.VolumeUnmute,F5_stt:filler+merge_boundary,,,,,,
er how do i assign a location to a mammary,Help_MemoryOptions,F5_stt:filler+homophone,,,,,,
uh this hammering my ears,Cmd.VolumeDecrease,F5_stt:filler+drop_function_word,,,,,,
er change programto golf,Cmd.MemoryChange,F5_stt:filler+merge_boundary,,,,,,
um how depleted is thebattery,Cmd.BatteryLevel,F5_stt:filler+merge_boundary,,,,,,
howdo i activate the default settings on the hearing 8s,Default Fallback Intent,F5_stt:homophone+merge_boundary,,,,,,
can you it is tooloud turn it,Cmd.VolumeDecrease,F5_stt:truncate_tail+merge_boundary,,,,,,
uh find myright hearing aid,Help_FindMyHearingAids,F5_stt:merge_boundary+filler,,,,,,
er addres change,Default Fallback Intent,F5_stt:drop_plural+filler,,,,,,
um showmy daily wellness rating,Help_ThriveScore,F5_stt:merge_boundary+filler,,,,,,
uh switch music,Cmd.MemoryChange,F5_stt:filler+drop_function_word,,,,,,
uh can youbattery level,Cmd.BatteryLevel,F5_stt:merge_boundary+filler,,,,,,
um show me my standinggoal,Cmd.ActivityStand,F5_stt:merge_boundary+filler,,,,,,
need tosend a messege,Cmd.SendMessage,F5_stt:homophone+merge_boundary,,,,,,
uh where' the current,Default Fallback Intent,F5_stt:drop_plural+filler,,,,,,
uh switch program telephone,Cmd.MemoryChange,F5_stt:filler+drop_function_word,,,,,,
uh pleaseremind me today,reminders.add,F5_stt:merge_boundary+filler,,,,,,
how do i change volume of the tv,Help_Accessories,F5_stt:truncate_tail+drop_function_word,,,,,,
um how do i disable double tap on my hearing,Help_DeviceSettings,F5_stt:filler+truncate_tail,,,,,,
um set reminder set reminda,reminders.add,F5_stt:homophone+filler,,,,,,
um turned speech into text now,Cmd.TranscribeStart,F5_stt:homophone+filler,,,,,,
how do i unpair tvstreamer,Help_Accessories,F5_stt:drop_function_word+merge_boundary,,,,,,
er switch programto noise,Cmd.MemoryChange,F5_stt:merge_boundary+filler,,,,,,
selfcheck user guide,Help_SelfCheck,F5_stt:drop_function_word+merge_boundary,,,,,,
can reminder to play with my cat everyday at 7 p,reminders.add,F5_stt:drop_function_word+truncate_tail,,,,,,
can you set pro gram to,Cmd.MemoryChange,F5_stt:homophone+truncate_tail,,,,,,
howoften should i use intelligent,Help_IntelliVoice,F5_stt:merge_boundary+truncate_tail,,,,,,
how do i adjust tinnitu noise in the hearing aids,Help_Tinnitus,F5_stt:drop_plural+drop_function_word,,,,,,
cangolf memory,Cmd.MemoryChange,F5_stt:drop_function_word+merge_boundary,,,,,,
show me where myiphone,Cmd.FindMyPhone,F5_stt:merge_boundary+drop_function_word,,,,,,
um ismy language offered for translation,Help_Translate,F5_stt:merge_boundary+filler,,,,,,
um how much longer do i need to exercise,Cmd.ActivityExercise,F5_stt:filler+truncate_tail,,,,,,
please remind me to brush my,reminders.add,F5_stt:truncate_tail+homophone,,,,,,
uh your needscut off,Default Fallback Intent,F5_stt:merge_boundary+filler,,,,,,
how do i disable double tap on,Help_DeviceSettings,F5_stt:truncate_tail+drop_function_word,,,,,,
um home memery,Cmd.MemoryChange,F5_stt:filler+homophone,,,,,,
er help me remember do that,reminders.add,F5_stt:drop_function_word+filler,,,,,,
tell me what stand goal,Cmd.ActivityStand,F5_stt:drop_function_word+truncate_tail,,,,,,
um how do i unpair my remote,Help_Accessories,F5_stt:filler+truncate_tail,,,,,,
uh set areminder for,reminders.add,F5_stt:filler+merge_boundary,,,,,,
can you set tinitis memory,Cmd.MemoryChange,F5_stt:homophone+drop_function_word,,,,,,
help me remember take medication at 9,reminders.add,F5_stt:drop_function_word+truncate_tail,,,,,,
er can you change pro gram to train,Cmd.MemoryChange,F5_stt:homophone+filler,,,,,,
um record mycycling,Cmd.ActivityCycle,F5_stt:merge_boundary+filler,,,,,,
uh what is my walking count for the,Cmd.ActivityWalk,F5_stt:filler+truncate_tail,,,,,,
uh can you showme my walking history,Cmd.ActivityWalk,F5_stt:filler+merge_boundary,,,,,,
um when would i stop a text,Help_FallAlert,F5_stt:filler+truncate_tail,,,,,,
um how do i open the data,Default Fallback Intent,F5_stt:truncate_tail+filler,,,,,,
er how do i enableauto alert,Help_FallAlert,F5_stt:merge_boundary+filler,,,,,,
where do i pair hearing aids in the,Help_Pairing,F5_stt:truncate_tail+drop_function_word,,,,,,
you set toautomatic memory,Cmd.MemoryChange,F5_stt:merge_boundary+drop_function_word,,,,,,
where is myfitnes overview,Help_Health,F5_stt:drop_plural+merge_boundary,,,,,,
set reminda take medicine at 1 p m,reminders.add,F5_stt:drop_function_word+homophone,,,,,,
i forgot all about looks thank for reminding,Default Fallback Intent,F5_stt:truncate_tail+drop_function_word,,,,,,
help with bad audio from my aide,Help_DeviceSettings,F5_stt:homophone+drop_plural,,,,,,
um what intelligent voice for,Help_IntelliVoice,F5_stt:drop_function_word+filler,,,,,,
stream this to 8s,Cmd.StreamingStart,F5_stt:homophone+drop_function_word,,,,,,
uh please i cannot remember where my other aid,Help_FindMyHearingAids,F5_stt:filler+truncate_tail,,,,,,
write outthi meeting,Cmd.TranscribeStart,F5_stt:merge_boundary+drop_plural,,,,,,
er please he did just change,Default Fallback Intent,F5_stt:truncate_tail+filler,,,,,,
er showme my stand goal,Cmd.ActivityStand,F5_stt:filler+merge_boundary,,,,,,
switch pro gram car,Cmd.MemoryChange,F5_stt:homophone+drop_function_word,,,,,,
er how do custom program work,Help_MemoryOptions,F5_stt:filler+drop_plural,,,,,,
um write mean example,Default Fallback Intent,F5_stt:merge_boundary+filler,,,,,,
er can i preview the adjustments made by hearing specialist,Help_RemoteProgramming,F5_stt:drop_function_word+filler,,,,,,
um i am about toexercise,Cmd.ActivityExercise,F5_stt:merge_boundary+filler,,,,,,
how much more aerobic do i needtoday,Cmd.ActivityAerobics,F5_stt:drop_plural+merge_boundary,,,,,,
uh where what is home,Help_Home,F5_stt:drop_function_word+filler,,,,,,
calorieburned this month,Cmd.ActivityCalories,F5_stt:drop_plural+merge_boundary,,,,,,
how do i switch from basic app to the advanced,Help_AppSettings,F5_stt:drop_function_word+truncate_tail,,,,,,
uh can you exercisegoal,Cmd.ActivityExercise,F5_stt:merge_boundary+filler,,,,,,
um can i usethrive assistant without my phone,Help_VoiceAssistant,F5_stt:merge_boundary+filler,,,,,,
please switch memery everyday,Cmd.MemoryChange,F5_stt:drop_function_word+homophone,,,,,,
uh please switch program theater,Cmd.MemoryChange,F5_stt:filler+drop_function_word,,,,,,
showmy aerobic progress,Cmd.ActivityAerobics,F5_stt:merge_boundary+drop_plural,,,,,,
please set memeryto worship,Cmd.MemoryChange,F5_stt:homophone+merge_boundary,,,,,,
is it safe to get myaides wet,Help_CleanCare,F5_stt:homophone+merge_boundary,,,,,,
youmaximum sound,Cmd.VolumeIncrease,F5_stt:drop_function_word+merge_boundary,,,,,,
er change toworship,Cmd.MemoryChange,F5_stt:merge_boundary+filler,,,,,,
makethe volume less,Cmd.VolumeDecrease,F5_stt:drop_function_word+merge_boundary,,,,,,
er how does the masking sound help tinnitu,Help_Tinnitus,F5_stt:drop_plural+filler,,,,,,
please lower thevolum,Cmd.VolumeDecrease,F5_stt:homophone+merge_boundary,,,,,,
how isthe engagement score,Help_ThriveScore,F5_stt:truncate_tail+merge_boundary,,,,,,
umtext levitar,Default Fallback Intent,F5_stt:filler+merge_boundary,,,,,,
er i am in a loud cafeteria,Cmd.MemoryChange,F5_stt:truncate_tail+filler,,,,,,
er how do i sharemy activity data,Help_HearShare,F5_stt:filler+merge_boundary,,,,,,
uh please show me thrive assistant,Help_VoiceAssistant,F5_stt:filler+truncate_tail,,,,,,
how do i rename accessories in,Help_Accessories,F5_stt:merge_boundary+truncate_tail,,,,,,
uh i want to make sure i also cleaned but nuflex filters in them,Default Fallback Intent,F5_stt:filler+drop_function_word,,,,,,
um like to send a massage,Cmd.SendMessage,F5_stt:homophone+filler,,,,,,
um change to officeprogram,Cmd.MemoryChange,F5_stt:merge_boundary+filler,,,,,,
cani switch back after i change the,Help_AppSettings,F5_stt:truncate_tail+merge_boundary,,,,,,
um nudge meabout this later,reminders.add,F5_stt:filler+merge_boundary,,,,,,
how do i customize my righthearing aid setting,Help_Customize,F5_stt:drop_plural+merge_boundary,,,,,,
er yes remind me,reminders.add,F5_stt:filler+drop_function_word,,,,,,
er can you change memory number two,Cmd.MemoryChange,F5_stt:drop_function_word+filler,,,,,,
can switch to office programme,Cmd.MemoryChange,F5_stt:drop_function_word+homophone,,,,,,
er helpwith remote mic,Help_Accessories,F5_stt:merge_boundary+filler,,,,,,
er what battery size do aids use,Help_Battery,F5_stt:drop_function_word+filler,,,,,,
can rightswift code of binary search,Default Fallback Intent,F5_stt:merge_boundary+drop_function_word,,,,,,
pleasechange memery to auditorium,Cmd.MemoryChange,F5_stt:homophone+merge_boundary,,,,,,
er can you setan alarm for doctors appointment tomorrow morning,reminders.add,F5_stt:merge_boundary+filler,,,,,,
you lowerthe level of my hearing aids,Cmd.VolumeDecrease,F5_stt:merge_boundary+drop_function_word,,,,,,
can you i need help with pairing myaid to the,Help_Pairing,F5_stt:truncate_tail+merge_boundary,,,,,,
whatare reminder,Help_Reminder,F5_stt:merge_boundary+drop_plural,,,,,,
can youshow me tinnitus setting,Help_Tinnitus,F5_stt:homophone+merge_boundary,,,,,,
what is new in thrived app,Help_WhatsNew,F5_stt:homophone+drop_function_word,,,,,,
you since you are coming ep pretty soon,Default Fallback Intent,F5_stt:drop_function_word+homophone,,,,,,
um can you my left herring aid does not respond,Help_SelfCheck,F5_stt:homophone+filler,,,,,,
uh how do i perform self check,Help_SelfCheck,F5_stt:drop_function_word+filler,,,,,,
can i forgot all aboutlooks thank you for reminding me,Default Fallback Intent,F5_stt:merge_boundary+drop_function_word,,,,,,
uh guideme on remote fine tuning,Help_RemoteProgramming,F5_stt:filler+merge_boundary,,,,,,
uh how do i get thenumbers falling in,Default Fallback Intent,F5_stt:merge_boundary+filler,,,,,,
go back tohigh,Default Fallback Intent,F5_stt:drop_function_word+merge_boundary,,,,,,
eri need to send a message,Cmd.SendMessage,F5_stt:filler+merge_boundary,,,,,,
please show mehow to use remind her,Help_Reminder,F5_stt:homophone+merge_boundary,,,,,,
how do i decreased the volume in the,Help_Volume,F5_stt:homophone+truncate_tail,,,,,,
can you help with tinnitu masker,Help_Tinnitus,F5_stt:truncate_tail+drop_plural,,,,,,
can youmute pro gram,Cmd.MemoryChange,F5_stt:merge_boundary+homophone,,,,,,
i cannot make sense of,Help_Home,F5_stt:truncate_tail+drop_function_word,,,,,,
how do i add accessorie to my,Help_Accessories,F5_stt:drop_plural+truncate_tail,,,,,,
uh show me mystep goal,Cmd.ActivityStep,F5_stt:filler+merge_boundary,,,,,,
um remind me ofappointment,reminders.add,F5_stt:merge_boundary+filler,,,,,,
introduce me theapp,Help_Home,F5_stt:merge_boundary+drop_function_word,,,,,,
uh so whereis brewster,Default Fallback Intent,F5_stt:merge_boundary+filler,,,,,,
please i need to pair the herring aids withthe phone,Help_Pairing,F5_stt:homophone+merge_boundary,,,,,,
change crowdmemory,Cmd.MemoryChange,F5_stt:drop_function_word+merge_boundary,,,,,,
um please it was discouraging and theni found balance of nature it is just being a no brainer ever since i feel good,Default Fallback Intent,F5_stt:merge_boundary+filler,,,,,,
er quiet mammary,Cmd.MemoryChange,F5_stt:filler+homophone,,,,,,
er or put on 6 month cleaning,Default Fallback Intent,F5_stt:filler+drop_function_word,,,,,,
uh mycalorie burn please,Cmd.ActivityCalories,F5_stt:merge_boundary+filler,,,,,,
uh detect foam,Cmd.FindMyPhone,F5_stt:homophone+filler,,,,,,
um please change programme to worship,Cmd.MemoryChange,F5_stt:homophone+filler,,,,,,
um i want switch memory,Cmd.MemoryChange,F5_stt:drop_function_word+filler,,,,,,
um where is my right,Help_FindMyHearingAids,F5_stt:filler+truncate_tail,,,,,,
couldyou send voice message,Cmd.SendMessage,F5_stt:drop_function_word+merge_boundary,,,,,,
you change to outdoors,Cmd.MemoryChange,F5_stt:truncate_tail+drop_function_word,,,,,,
cut streamed audio to myaids,Cmd.StreamingStop,F5_stt:drop_function_word+merge_boundary,,,,,,
um ineed to,Default Fallback Intent,F5_stt:filler+merge_boundary,,,,,,
how do i automatically change a different memory for phone,Help_DeviceSettings,F5_stt:drop_function_word+truncate_tail,,,,,,
change memery to testone,Cmd.MemoryChange,F5_stt:homophone+merge_boundary,,,,,,
how do i tag location to my,Help_MemoryOptions,F5_stt:truncate_tail+drop_function_word,,,,,,
um i cannot even hardly hear,Default Fallback Intent,F5_stt:truncate_tail+filler,,,,,,
um please remind me to vitamin d at 7p m everyday,reminders.add,F5_stt:filler+merge_boundary,,,,,,
uh lowder please,Cmd.VolumeIncrease,F5_stt:homophone+filler,,,,,,
er help with the wellnes score,Help_ThriveScore,F5_stt:filler+drop_plural,,,,,,
you set to train mammary,Cmd.MemoryChange,F5_stt:homophone+drop_function_word,,,,,,
how do imake it quiter,Help_Volume,F5_stt:merge_boundary+homophone,,,,,,
um the dome will notstay put,Help_InsertDevice,F5_stt:merge_boundary+filler,,,,,,
how do i adjust my loudnes of the tinnitus masker in my hearing,Help_Tinnitus,F5_stt:drop_plural+truncate_tail,,,,,,
tips for cleaningmy 8s,Help_CleanCare,F5_stt:homophone+merge_boundary,,,,,,
uh send a messege to a person,Cmd.SendMessage,F5_stt:homophone+filler,,,,,,
canyou set to crowd programme,Cmd.MemoryChange,F5_stt:homophone+merge_boundary,,,,,,
showhelp guide for wellnes,Help_ThriveScore,F5_stt:merge_boundary+drop_plural,,,,,,
explain how 8s help with ringing,Help_Tinnitus,F5_stt:drop_function_word+homophone,,,,,,
iam walking and they did not working,Default Fallback Intent,F5_stt:drop_function_word+merge_boundary,,,,,,
um can i taga location to a memory,Help_MemoryOptions,F5_stt:filler+merge_boundary,,,,,,
er worshipsetting,Cmd.MemoryChange,F5_stt:filler+merge_boundary,,,,,,
how do i adjust my tinnitusmasker in the hearing aide,Help_Tinnitus,F5_stt:merge_boundary+homophone,,,,,,
ercan you silence,Cmd.VolumeMute,F5_stt:filler+merge_boundary,,,,,,
uh minimum value,Cmd.VolumeDecrease,F5_stt:filler+homophone,,,,,,
remind me drink water in 10 minute,reminders.add,F5_stt:drop_function_word+drop_plural,,,,,,
can show me my exercisegoal,Cmd.ActivityExercise,F5_stt:merge_boundary+drop_function_word,,,,,,
canyou transcribed help,Help_Transcribe,F5_stt:homophone+merge_boundary,,,,,,
um when does mast mode help,Help_MaskMode,F5_stt:homophone+filler,,,,,,
er begin trans cribe,Cmd.TranscribeStart,F5_stt:filler+homophone,,,,,,
er can you setprogram to telephone,Cmd.MemoryChange,F5_stt:merge_boundary+filler,,,,,,
help me hearbetter in this,Cmd.MemoryChange,F5_stt:merge_boundary+truncate_tail,,,,,,
uh you remember to turn the lights on at 8 p m,reminders.add,F5_stt:drop_function_word+filler,,,,,,
how do i in crease the,Help_Customize,F5_stt:truncate_tail+homophone,,,,,,
how do i use selfcheck,Help_SelfCheck,F5_stt:merge_boundary+truncate_tail,,,,,,
er what isnew,Help_WhatsNew,F5_stt:merge_boundary+filler,,,,,,
re mind me of video every day at,reminders.add,F5_stt:homophone+truncate_tail,,,,,,
add remind herfor me,reminders.add,F5_stt:homophone+merge_boundary,,,,,,
uh can yousound bar,Default Fallback Intent,F5_stt:filler+merge_boundary,,,,,,
um how do i talk to voice assistant,Help_VoiceAssistant,F5_stt:drop_function_word+filler,,,,,,
um how do i save the adjustment made by my hearing specialist,Help_RemoteProgramming,F5_stt:drop_plural+filler,,,,,,
uh can you colories exercise,Cmd.ActivityExercise,F5_stt:homophone+filler,,,,,,
er how do i go the main screen,Help_Home,F5_stt:drop_function_word+filler,,,,,,
is my heart raterecovery,Help_HeartRateRecovery,F5_stt:truncate_tail+merge_boundary,,,,,,
iam struggling hear people,Cmd.VolumeIncrease,F5_stt:drop_function_word+merge_boundary,,,,,,
how to share informationwith my wife,Help_HearShare,F5_stt:drop_function_word+merge_boundary,,,,,,
please iwould like to stream,Cmd.StreamingStart,F5_stt:truncate_tail+merge_boundary,,,,,,
guide meon the cross feature,Help_WiCROS,F5_stt:merge_boundary+homophone,,,,,,
do i have cross or wicro,Help_WiCROS,F5_stt:drop_plural+homophone,,,,,,
er how far havei ran,Cmd.ActivityRun,F5_stt:merge_boundary+filler,,,,,,
um how do i use thriveassistant,Help_VoiceAssistant,F5_stt:filler+merge_boundary,,,,,,
unmute hearin aids,Cmd.VolumeUnmute,F5_stt:drop_function_word+homophone,,,,,,
er pleaselocate my wife,Default Fallback Intent,F5_stt:merge_boundary+filler,,,,,,
er can you change pro gram to personal,Cmd.MemoryChange,F5_stt:homophone+filler,,,,,,
er you not so loud,Cmd.VolumeDecrease,F5_stt:drop_function_word+filler,,,,,,
youset memory to number three,Cmd.MemoryChange,F5_stt:drop_function_word+merge_boundary,,,,,,
i am done with that taskclear the,reminders.complete,F5_stt:truncate_tail+merge_boundary,,,,,,
umturn on my right aid,Cmd.VolumeUnmute,F5_stt:filler+merge_boundary,,,,,,
soundstoo soft,Cmd.VolumeIncrease,F5_stt:drop_function_word+merge_boundary,,,,,,
can you listento,Cmd.ListenMessage,F5_stt:drop_function_word+merge_boundary,,,,,,
uh complete this reminder,reminders.complete,F5_stt:drop_function_word+filler,,,,,,
uh set mammary to personal,Cmd.MemoryChange,F5_stt:filler+homophone,,,,,,
um please change memory music,Cmd.MemoryChange,F5_stt:drop_function_word+filler,,,,,,
canyou complete my reminda,reminders.complete,F5_stt:homophone+merge_boundary,,,,,,
can you set pro gram theater,Cmd.MemoryChange,F5_stt:drop_function_word+homophone,,,,,,
um is there a place to change my app,Help_AppSettings,F5_stt:truncate_tail+filler,,,,,,
um how doi make pasta,Default Fallback Intent,F5_stt:filler+merge_boundary,,,,,,
guide me onsharing what i,Help_HearShare,F5_stt:merge_boundary+truncate_tail,,,,,,
er are thesealmost dead,Cmd.BatteryLevel,F5_stt:merge_boundary+filler,,,,,,
er this away 10 minute then we can put it in the container,Default Fallback Intent,F5_stt:drop_plural+filler,,,,,,
please i cannot find myandroid,Cmd.FindMyPhone,F5_stt:merge_boundary+truncate_tail,,,,,,
uh how do i unpair my hearin aids,Help_Pairing,F5_stt:filler+homophone,,,,,,
uh canyou reset,Default Fallback Intent,F5_stt:filler+merge_boundary,,,,,,
um can you turn my left hearing aidoff,Cmd.VolumeMute,F5_stt:filler+merge_boundary,,,,,,
er help withheart rate tracking,Help_HeartRate,F5_stt:merge_boundary+filler,,,,,,
uh you change to kitchen,Cmd.MemoryChange,F5_stt:drop_function_word+filler,,,,,,
uh how doi,Default Fallback Intent,F5_stt:merge_boundary+filler,,,,,,
please switchmemory train,Cmd.MemoryChange,F5_stt:drop_function_word+merge_boundary,,,,,,
can change memory to number,Cmd.MemoryChange,F5_stt:drop_function_word+truncate_tail,,,,,,
trackdown phone,Cmd.FindMyPhone,F5_stt:drop_function_word+merge_boundary,,,,,,
my aids will not connect the,Help_Pairing,F5_stt:drop_function_word+truncate_tail,,,,,,
uh how do i change the loudnes,Help_Volume,F5_stt:drop_plural+filler,,,,,,
er please set television memory,Cmd.MemoryChange,F5_stt:drop_function_word+filler,,,,,,
guide me through the main,Help_Home,F5_stt:drop_plural+truncate_tail,,,,,,
um explain switching hearing modes,Help_ChangingMemories,F5_stt:drop_function_word+filler,,,,,,
please set office pro gram,Cmd.MemoryChange,F5_stt:drop_function_word+homophone,,,,,,
there is a problem with left hearing 8,Help_SelfCheck,F5_stt:homophone+drop_function_word,,,,,,
you willmask mode help me,Help_MaskMode,F5_stt:drop_function_word+merge_boundary,,,,,,
um can you switchmemory to number three,Cmd.MemoryChange,F5_stt:filler+merge_boundary,,,,,,
uh switch settingto two,Cmd.MemoryChange,F5_stt:merge_boundary+filler,,,,,,
please i misplaced myaid,Help_FindMyHearingAids,F5_stt:merge_boundary+drop_plural,,,,,,
er would you send a massage for me,Cmd.SendMessage,F5_stt:filler+homophone,,,,,,
can start tv screaming,Cmd.StreamingStart,F5_stt:drop_function_word+homophone,,,,,,
er streamin,Cmd.StreamingStart,F5_stt:filler+homophone,,,,,,
uh how do i turn up the loudness on just the left hearin aid,Help_Volume,F5_stt:homophone+filler,,,,,,
um help with the remotemic,Help_Accessories,F5_stt:filler+merge_boundary,,,,,,
um where is myaid,Help_FindMyHearingAids,F5_stt:merge_boundary+filler,,,,,,
uh please change train,Cmd.MemoryChange,F5_stt:drop_function_word+filler,,,,,,
switch hearing aide program,Cmd.MemoryChange,F5_stt:homophone+drop_function_word,,,,,,
put their foreign words into,Cmd.TranslationStart,F5_stt:drop_function_word+truncate_tail,,,,,,
er please play last one,Cmd.ListenMessage,F5_stt:filler+drop_function_word,,,,,,
um can you re mind me to study tomorrow,reminders.add,F5_stt:homophone+filler,,,,,,
um please i am interested in my,Default Fallback Intent,F5_stt:truncate_tail+filler,,,,,,
cansetting one,Cmd.MemoryChange,F5_stt:drop_function_word+merge_boundary,,,,,,
thatreminder is done remove,reminders.complete,F5_stt:merge_boundary+drop_function_word,,,,,,
um more volumeplease,Cmd.VolumeIncrease,F5_stt:filler+merge_boundary,,,,,,
er tell me what how much do i owe would be in español,Cmd.TranslationStart,F5_stt:filler+drop_function_word,,,,,,
er set reminder for 7 a m tomorrow about dinner please,reminders.add,F5_stt:drop_function_word+filler,,,,,,
erflorist off screen,Default Fallback Intent,F5_stt:filler+merge_boundary,,,,,,
can you raise ep volume,Cmd.VolumeIncrease,F5_stt:drop_function_word+homophone,,,,,,
where do i stop fall,Help_FallAlert,F5_stt:drop_function_word+truncate_tail,,,,,,
uh change program tonumber two,Cmd.MemoryChange,F5_stt:merge_boundary+filler,,,,,,
uh what the serial number of my hearing aid,Help_DeviceSettings,F5_stt:drop_function_word+filler,,,,,,
can you change programme totwo,Cmd.MemoryChange,F5_stt:merge_boundary+homophone,,,,,,
uh will theylast all day,Cmd.BatteryLevel,F5_stt:merge_boundary+filler,,,,,,
er please help with changing memorie using the app,Help_ChangingMemories,F5_stt:filler+drop_plural,,,,,,
can you set reminda for 25th,reminders.add,F5_stt:truncate_tail+homophone,,,,,,
um you start translation for german,Cmd.TranslationStart,F5_stt:filler+drop_function_word,,,,,,
please customizemy hearing aid setting,Help_Customize,F5_stt:merge_boundary+drop_plural,,,,,,
um can you schoolsetting,Cmd.MemoryChange,F5_stt:filler+merge_boundary,,,,,,
can you play voice messege,Cmd.ListenMessage,F5_stt:homophone+drop_function_word,,,,,,
um play the text i just,Cmd.ListenMessage,F5_stt:truncate_tail+filler,,,,,,
add remind her feed a cat in 3 minutes,reminders.add,F5_stt:drop_function_word+homophone,,,,,,
switch memory toschool,Cmd.MemoryChange,F5_stt:merge_boundary+drop_function_word,,,,,,
what are my bikingminutes for week,Cmd.ActivityCycle,F5_stt:drop_function_word+merge_boundary,,,,,,
um please check them offlike pink lady,Default Fallback Intent,F5_stt:filler+merge_boundary,,,,,,
er help withtinnitus masker adjustments on my aids,Help_Tinnitus,F5_stt:merge_boundary+filler,,,,,,
use outdoorprofile,Cmd.MemoryChange,F5_stt:drop_function_word+merge_boundary,,,,,,
pleasepairing devices with my thrive,Help_Pairing,F5_stt:merge_boundary+truncate_tail,,,,,,
er howdoes this work,Help_Home,F5_stt:filler+merge_boundary,,,,,,
er remind her,reminders.add,F5_stt:homophone+filler,,,,,,
how does masque mode help with face,Help_MaskMode,F5_stt:truncate_tail+homophone,,,,,,
you perfect how are things with,Default Fallback Intent,F5_stt:truncate_tail+drop_function_word,,,,,,
um please set pro gram to number three,Cmd.MemoryChange,F5_stt:homophone+filler,,,,,,
er show me text of what people,Cmd.TranscribeStart,F5_stt:filler+truncate_tail,,,,,,
uh help me keeptrack of this,reminders.add,F5_stt:merge_boundary+filler,,,,,,
uh step goal,Cmd.ActivityStep,F5_stt:filler,,,,,,
aides sound distorted help,Help_DeviceSettings,F5_stt:drop_function_word+homophone,,,,,,
can you help me findmy hearing,Help_FindMyHearingAids,F5_stt:truncate_tail+merge_boundary,,,,,,
what selfcheck for,Help_SelfCheck,F5_stt:drop_function_word+merge_boundary,,,,,,
uh set to car mammary,Cmd.MemoryChange,F5_stt:homophone+filler,,,,,,
playlast one,Cmd.ListenMessage,F5_stt:drop_function_word+merge_boundary,,,,,,
can you remind me send out christma cards every year on december 1st at 5 p m,reminders.add,F5_stt:drop_plural+drop_function_word,,,,,,
er what do i need to clean hearing aid,Help_CleanCare,F5_stt:filler+drop_function_word,,,,,,
um re mind me to go running at 6 a m,reminders.add,F5_stt:homophone+filler,,,,,,
uh switch to homeprogram,Cmd.MemoryChange,F5_stt:merge_boundary+filler,,,,,,
uh help me find phone,Cmd.FindMyPhone,F5_stt:drop_function_word+filler,,,,,,
er colories steps,Cmd.ActivityStep,F5_stt:filler+homophone,,,,,,
er what are the main things i can,Help_Home,F5_stt:filler+truncate_tail,,,,,,
er how does heartrate recovery work,Help_HeartRateRecovery,F5_stt:filler+merge_boundary,,,,,,
er please pairing my aids with my,Help_Pairing,F5_stt:truncate_tail+filler,,,,,,
pleaseswitch school,Cmd.MemoryChange,F5_stt:drop_function_word+merge_boundary,,,,,,
streamfrom microphone,Cmd.StreamingStart,F5_stt:drop_function_word+merge_boundary,,,,,,
can tvsteam,Cmd.StreamingStart,F5_stt:drop_function_word+merge_boundary,,,,,,
er pick a bettermode for this place,Cmd.MemoryChange,F5_stt:filler+merge_boundary,,,,,,
how do iturn up the loudnes on my hearing aids,Help_Volume,F5_stt:merge_boundary+drop_plural,,,,,,
uh change program home,Cmd.MemoryChange,F5_stt:drop_function_word+filler,,,,,,
um min loudnes,Cmd.VolumeDecrease,F5_stt:filler+drop_plural,,,,,,
um can you schedule physical therapy appointment tomorrow morning 8 40a m,reminders.add,F5_stt:merge_boundary+filler,,,,,,
uh my audiologist tune my aids remotely,Help_RemoteProgramming,F5_stt:drop_function_word+filler,,,,,,
uh can youfriday,Default Fallback Intent,F5_stt:merge_boundary+filler,,,,,,
um please that keeps popping ep please listen listen listen,Default Fallback Intent,F5_stt:homophone+filler,,,,,,
you do not tell me that is the,Default Fallback Intent,F5_stt:truncate_tail+drop_function_word,,,,,,
explain loudness control,Help_Volume,F5_stt:drop_plural+drop_function_word,,,,,,
um switch totrain,Cmd.MemoryChange,F5_stt:merge_boundary+filler,,,,,,
um can you listen to mytv,Cmd.StreamingStart,F5_stt:merge_boundary+filler,,,,,,
uh change to kitchen memery,Cmd.MemoryChange,F5_stt:filler+homophone,,,,,,
everythingsound dull and flat,Cmd.VolumeIncrease,F5_stt:drop_plural+merge_boundary,,,,,,
aides keep losing the bluetooth link,Help_Pairing,F5_stt:homophone+drop_function_word,,,,,,
uh re mind me to do homework on november 11 at 7 p m,reminders.add,F5_stt:filler+homophone,,,,,,
switchto kitchen,Cmd.MemoryChange,F5_stt:drop_function_word+merge_boundary,,,,,,
er send avoice message,Cmd.SendMessage,F5_stt:merge_boundary+filler,,,,,,
um how does voice clarity feature work,Help_IntelliVoice,F5_stt:drop_function_word+filler,,,,,,
um you and that is a sign of war,Default Fallback Intent,F5_stt:drop_function_word+filler,,,,,,
you holdon,Default Fallback Intent,F5_stt:drop_function_word+merge_boundary,,,,,,
uh please setmemory to quiet,Cmd.MemoryChange,F5_stt:filler+merge_boundary,,,,,,
um how do i pair my hearingaids to my car's bluetooth,Help_Pairing,F5_stt:filler+merge_boundary,,,,,,
send the tv audio to,Cmd.StreamingStart,F5_stt:truncate_tail+drop_function_word,,,,,,
uh please find my right 8,Help_FindMyHearingAids,F5_stt:homophone+filler,,,,,,
er explain what i cando here,Help_Home,F5_stt:filler+merge_boundary,,,,,,
umplease remind me at 12 o'clock,reminders.add,F5_stt:filler+merge_boundary,,,,,,
play myaudio massage,Cmd.ListenMessage,F5_stt:homophone+merge_boundary,,,,,,
where help for intelligent,Help_IntelliVoice,F5_stt:truncate_tail+drop_function_word,,,,,,
er remind me to take medicine in 3,reminders.add,F5_stt:truncate_tail+filler,,,,,,
set tinnitus mammary,Cmd.MemoryChange,F5_stt:homophone+drop_function_word,,,,,,
move me the speech in noise,Cmd.MemoryChange,F5_stt:truncate_tail+drop_function_word,,,,,,
concussion rehabilitation team works collaboratively in designing and implementing treatment,Default Fallback Intent,F5_stt:truncate_tail+drop_function_word,,,,,,
um please i am just like oh so that isthe point that down,Default Fallback Intent,F5_stt:merge_boundary+filler,,,,,,
can there is a problem with my right herring aid,Help_SelfCheck,F5_stt:homophone+drop_function_word,,,,,,
does a remote microphonework with aids,Help_Accessories,F5_stt:merge_boundary+drop_function_word,,,,,,
can you set reminder aboutwashing,reminders.add,F5_stt:truncate_tail+merge_boundary,,,,,,
uh connect right herring aid,Help_Pairing,F5_stt:filler+homophone,,,,,,
er you remember to turn off my phone everyday at 11 p m,reminders.add,F5_stt:filler+drop_function_word,,,,,,
um how many calorie have i burned doing aerobics,Cmd.ActivityAerobics,F5_stt:filler+homophone,,,,,,
canyou decrease left hearing aid,Cmd.VolumeDecrease,F5_stt:merge_boundary+drop_function_word,,,,,,
er help me remember anappointment,reminders.add,F5_stt:merge_boundary+filler,,,,,,
newreminda for everyday,reminders.add,F5_stt:homophone+merge_boundary,,,,,,
help finding hearingaids feature,Help_FindMyHearingAids,F5_stt:merge_boundary+drop_function_word,,,,,,
uh somebody frommotel in boise,Default Fallback Intent,F5_stt:filler+merge_boundary,,,,,,
uh i would like a reminda,reminders.add,F5_stt:filler+homophone,,,,,,
er where would i cancel fall alert text,Help_FallAlert,F5_stt:drop_function_word+filler,,,,,,
letme hear presenter,Cmd.StreamingStart,F5_stt:drop_function_word+merge_boundary,,,,,,
er make everything quieta,Cmd.VolumeDecrease,F5_stt:filler+homophone,,,,,,
um can you carprogram,Cmd.MemoryChange,F5_stt:merge_boundary+filler,,,,,,
uh tell me about masque mode,Help_MaskMode,F5_stt:homophone+filler,,,,,,
um please need some help,Default Fallback Intent,F5_stt:drop_function_word+filler,,,,,,
uh please set memory tocar,Cmd.MemoryChange,F5_stt:filler+merge_boundary,,,,,,
howdo i adjust the background,Help_Customize,F5_stt:truncate_tail+merge_boundary,,,,,,
um can set to tight,Default Fallback Intent,F5_stt:drop_function_word+filler,,,,,,
please help with pairing herring aids on the thrive,Help_Pairing,F5_stt:truncate_tail+homophone,,,,,,
um what remote tuning,Help_RemoteProgramming,F5_stt:filler+drop_function_word,,,,,,
how do i keep aid from falling,Help_InsertDevice,F5_stt:drop_function_word+truncate_tail,,,,,,
um cut the volumn,Cmd.VolumeDecrease,F5_stt:filler+homophone,,,,,,
how do i adjust my tenitus noiseon the aid,Help_Tinnitus,F5_stt:homophone+merge_boundary,,,,,,
please remind me of ameeting on the 27th of,reminders.add,F5_stt:merge_boundary+truncate_tail,,,,,,
uh show me a help guide for myaccessories,Help_Accessories,F5_stt:merge_boundary+filler,,,,,,
uh set memoryto everyday,Cmd.MemoryChange,F5_stt:merge_boundary+filler,,,,,,
how doi exit demo,Help_DemoMode,F5_stt:truncate_tail+merge_boundary,,,,,,
um stop listening to tv,Cmd.StreamingStop,F5_stt:drop_function_word+filler,,,,,,
how do i organize,Help_MemoryOptions,F5_stt:truncate_tail+drop_function_word,,,,,,
er any new messagesread them,Cmd.ListenMessage,F5_stt:merge_boundary+filler,,,,,,
you volumn off,Cmd.VolumeMute,F5_stt:homophone+drop_function_word,,,,,,
uh how do i adjust tinnitus masker on my hearing aids,Help_Tinnitus,F5_stt:drop_function_word+filler,,,,,,
er please change to workprogram,Cmd.MemoryChange,F5_stt:merge_boundary+filler,,,,,,
er re mind me to exercise tonight,reminders.add,F5_stt:homophone+filler,,,,,,
where do i findtranslation feature,Help_Translate,F5_stt:drop_function_word+merge_boundary,,,,,,
uh you turn my left hearing aid down,Cmd.VolumeDecrease,F5_stt:filler+drop_function_word,,,,,,
um please switch programme to office,Cmd.MemoryChange,F5_stt:filler+homophone,,,,,,
schedule physical therapy appointmenttomorrow morning 8 40 a m,reminders.add,F5_stt:drop_function_word+merge_boundary,,,,,,
um volumn increase,Cmd.VolumeIncrease,F5_stt:homophone+filler,,,,,,
please tern onlight,Default Fallback Intent,F5_stt:merge_boundary+homophone,,,,,,
er canyou set memory to train,Cmd.MemoryChange,F5_stt:merge_boundary+filler,,,,,,
uh can you changesetting to number one,Cmd.MemoryChange,F5_stt:filler+merge_boundary,,,,,,
you call mycontact,Default Fallback Intent,F5_stt:merge_boundary+drop_function_word,,,,,,
um where ismy activity overview,Help_Health,F5_stt:filler+merge_boundary,,,,,,
turn on left aide,Cmd.VolumeUnmute,F5_stt:drop_function_word+homophone,,,,,,
um seto,Default Fallback Intent,F5_stt:filler,,,,,,
canyou volume on left 8,Cmd.VolumeUnmute,F5_stt:merge_boundary+homophone,,,,,,
um how does the cross system work,Help_WiCROS,F5_stt:filler+homophone,,,,,,
can youset reminder about dog walking repeat it everyday at 9 a,reminders.add,F5_stt:truncate_tail+merge_boundary,,,,,,
want move up yeah i,Default Fallback Intent,F5_stt:truncate_tail+drop_function_word,,,,,,
i customizeedge mode,Help_EdgeMode,F5_stt:merge_boundary+drop_function_word,,,,,,
uhplease make it louder,Cmd.VolumeIncrease,F5_stt:filler+merge_boundary,,,,,,
change tohome program,Cmd.MemoryChange,F5_stt:drop_function_word+merge_boundary,,,,,,
you remind flight at 6 a,reminders.add,F5_stt:truncate_tail+drop_function_word,,,,,,
uh can you decrease the volum in my aids,Cmd.VolumeDecrease,F5_stt:filler+homophone,,,,,,
uh can you latestreminder completed,reminders.complete,F5_stt:merge_boundary+filler,,,,,,
howuse streamboost,Default Fallback Intent,F5_stt:drop_function_word+merge_boundary,,,,,,
er my professional adjust the hearing aid remotely,Help_RemoteProgramming,F5_stt:drop_function_word+filler,,,,,,
er you change program to telephone,Cmd.MemoryChange,F5_stt:drop_function_word+filler,,,,,,
er switch programme to gym,Cmd.MemoryChange,F5_stt:homophone+filler,,,,,,
what the firmware versionof my aids,Help_DeviceSettings,F5_stt:drop_function_word+merge_boundary,,,,,,
add reminda for meeting,reminders.add,F5_stt:drop_function_word+homophone,,,,,,
er can i wear my aidsin the shower,Help_CleanCare,F5_stt:merge_boundary+filler,,,,,,
er please i need todisconnect my hearing aids from my phone,Help_Pairing,F5_stt:filler+merge_boundary,,,,,,
how do i backup thrive app,Help_HearingCareAnywhereConnect,F5_stt:truncate_tail+drop_function_word,,,,,,
remember turn the lights on at 8 p,reminders.add,F5_stt:truncate_tail+drop_function_word,,,,,,
compose massage to my coworker,Cmd.SendMessage,F5_stt:homophone+drop_function_word,,,,,,
you turn on the value,Cmd.VolumeUnmute,F5_stt:drop_function_word+homophone,,,,,,
uh how does selfcheck work,Help_SelfCheck,F5_stt:merge_boundary+filler,,,,,,
where' intelligent voice,Help_IntelliVoice,F5_stt:drop_plural+drop_function_word,,,,,,
um switchprogram to auditorium,Cmd.MemoryChange,F5_stt:merge_boundary+filler,,,,,,
raise upthe volumn,Cmd.VolumeIncrease,F5_stt:merge_boundary+homophone,,,,,,
i can tget my hearing aid,Help_InsertDevice,F5_stt:truncate_tail+merge_boundary,,,,,,
you start remotestreaming,Cmd.StreamingStart,F5_stt:merge_boundary+drop_function_word,,,,,,
er please set to home memery,Cmd.MemoryChange,F5_stt:homophone+filler,,,,,,
um change program one,Cmd.MemoryChange,F5_stt:filler+drop_function_word,,,,,,
can you i do not know what i whatyou doing this missing a,Default Fallback Intent,F5_stt:truncate_tail+merge_boundary,,,,,,
the wind outside is overwhelming what can,Help_EdgeMode,F5_stt:merge_boundary+truncate_tail,,,,,,
er how does fallalert work,Help_FallAlert,F5_stt:merge_boundary+filler,,,,,,
ermax sound,Cmd.VolumeIncrease,F5_stt:filler+merge_boundary,,,,,,
er please i lost my hearing aids can you help me find,Help_FindMyHearingAids,F5_stt:filler+truncate_tail,,,,,,
how do i setep the tv,Default Fallback Intent,F5_stt:homophone+merge_boundary,,,,,,
howdo i get to the main,Help_Home,F5_stt:truncate_tail+merge_boundary,,,,,,
help with tinnitu masker adjustment on my aides,Help_Tinnitus,F5_stt:drop_plural+homophone,,,,,,
um can you changeto quiet,Cmd.MemoryChange,F5_stt:filler+merge_boundary,,,,,,
is time to charge my hearing,Cmd.BatteryLevel,F5_stt:truncate_tail+drop_function_word,,,,,,
uhtelephone program,Cmd.MemoryChange,F5_stt:filler+merge_boundary,,,,,,
how do i change memories on myaides,Help_ChangingMemories,F5_stt:homophone+merge_boundary,,,,,,
er whatdoes this do,Help_Home,F5_stt:merge_boundary+filler,,,,,,
er can you beginrecording,Cmd.TranscribeStart,F5_stt:filler+merge_boundary,,,,,,
uh please laydown here,Default Fallback Intent,F5_stt:filler+merge_boundary,,,,,,
turned theengine off of,Default Fallback Intent,F5_stt:merge_boundary+homophone,,,,,,
pleasetell me about amharic,Default Fallback Intent,F5_stt:truncate_tail+merge_boundary,,,,,,
uh start remote stream,Cmd.StreamingStart,F5_stt:filler+drop_function_word,,,,,,
detect androidfone,Cmd.FindMyPhone,F5_stt:homophone+merge_boundary,,,,,,
um locate foam,Cmd.FindMyPhone,F5_stt:homophone+filler,,,,,,
can you change programme one,Cmd.MemoryChange,F5_stt:drop_function_word+homophone,,,,,,
um please switch mammary to noise,Cmd.MemoryChange,F5_stt:homophone+filler,,,,,,
i want messege someone,Cmd.SendMessage,F5_stt:drop_function_word+homophone,,,,,,
help mefind aids,Help_FindMyHearingAids,F5_stt:drop_function_word+merge_boundary,,,,,,
um i want be reminded,reminders.add,F5_stt:drop_function_word+filler,,,,,,
that keep popping up listen listen listen,Default Fallback Intent,F5_stt:drop_plural+drop_function_word,,,,,,
uh please remind me towash my car,reminders.add,F5_stt:filler+merge_boundary,,,,,,
uh can you start writing this down for,Cmd.TranscribeStart,F5_stt:truncate_tail+filler,,,,,,
how do i restore the settings inmy,Help_HearingCareAnywhereConnect,F5_stt:truncate_tail+merge_boundary,,,,,,
uh can youbegin transcribe,Cmd.TranscribeStart,F5_stt:merge_boundary+filler,,,,,,
use everydaysetting,Cmd.MemoryChange,F5_stt:drop_function_word+merge_boundary,,,,,,
er new amsterdam,Default Fallback Intent,F5_stt:filler,,,,,,
sorryabout this okay i got,Default Fallback Intent,F5_stt:merge_boundary+drop_function_word,,,,,,
please remind me at 11 o'clock in the,reminders.add,F5_stt:truncate_tail+homophone,,,,,,
er standingtime please,Cmd.ActivityStand,F5_stt:merge_boundary+filler,,,,,,
people sund likethey are whispering,Cmd.VolumeIncrease,F5_stt:merge_boundary+homophone,,,,,,
whati different about kind,Help_WhatsNew,F5_stt:merge_boundary+drop_plural,,,,,,
uh track my stepped,Cmd.ActivityStep,F5_stt:homophone+filler,,,,,,
er startlogging my cycling,Cmd.ActivityCycle,F5_stt:filler+merge_boundary,,,,,,
er how do i adjust loudness of the tinnitus volume in the aid,Help_Tinnitus,F5_stt:filler+drop_function_word,,,,,,
er change togolf program,Cmd.MemoryChange,F5_stt:merge_boundary+filler,,,,,,
uh can i assign a location to my memery,Help_MemoryOptions,F5_stt:filler+homophone,,,,,,
how do ilocate other hearing aid,Help_FindMyHearingAids,F5_stt:drop_function_word+merge_boundary,,,,,,
uh what is available with the basic,Help_AppSettings,F5_stt:filler+truncate_tail,,,,,,
set an alarm for doctor appointment tomorrow morning,reminders.add,F5_stt:drop_plural+drop_function_word,,,,,,
you find my left hearing,Help_FindMyHearingAids,F5_stt:drop_function_word+truncate_tail,,,,,,
um connect leftaid,Help_Pairing,F5_stt:merge_boundary+filler,,,,,,
uh can you set up a,reminders.add,F5_stt:filler+truncate_tail,,,,,,
uh can you listenagain,Cmd.ListenMessage,F5_stt:filler+merge_boundary,,,,,,
um please switch to pubprogram,Cmd.MemoryChange,F5_stt:merge_boundary+filler,,,,,,
change programme to work,Cmd.MemoryChange,F5_stt:homophone+drop_function_word,,,,,,
um remind meto,reminders.add,F5_stt:merge_boundary+filler,,,,,,
what sound will i hear if i,Help_FallAlert,F5_stt:drop_plural+truncate_tail,,,,,,
er what is dnn speech,Help_IntelliVoice,F5_stt:filler+truncate_tail,,,,,,
can youraise the volume ep,Cmd.VolumeIncrease,F5_stt:merge_boundary+homophone,,,,,,
er self checkfailed,Help_SelfCheck,F5_stt:merge_boundary+filler,,,,,,
er add remind her feed a cat in 3 minutes,reminders.add,F5_stt:filler+homophone,,,,,,
how long does it take measure heart rate,Help_HeartRateRecovery,F5_stt:drop_function_word+truncate_tail,,,,,,
can you re mind me to take,reminders.add,F5_stt:homophone+truncate_tail,,,,,,
can programfour,Cmd.MemoryChange,F5_stt:drop_function_word+merge_boundary,,,,,,
um tell me about english,Default Fallback Intent,F5_stt:filler+truncate_tail,,,,,,
setmammary to speech,Cmd.MemoryChange,F5_stt:homophone+merge_boundary,,,,,,
er record myexercise,Cmd.ActivityExercise,F5_stt:filler+merge_boundary,,,,,,
er start tv stream,Cmd.StreamingStart,F5_stt:drop_function_word+filler,,,,,,
uh how do i search for my hearing aids in the,Help_FindMyHearingAids,F5_stt:filler+truncate_tail,,,,,,
howdo i change memories on hearing aids,Help_ChangingMemories,F5_stt:drop_function_word+merge_boundary,,,,,,
er when using iphone,Default Fallback Intent,F5_stt:drop_function_word+filler,,,,,,
uh howdoes wicros work,Help_WiCROS,F5_stt:filler+merge_boundary,,,,,,
you un mute on,Cmd.VolumeUnmute,F5_stt:drop_function_word+homophone,,,,,,
uh let a friend hear what i,Help_HearShare,F5_stt:truncate_tail+filler,,,,,,
um how do i get more information on the body,Help_ThriveScore,F5_stt:truncate_tail+filler,,,,,,
er set memery to outdoors,Cmd.MemoryChange,F5_stt:homophone+filler,,,,,,
help with loudness adjustments in hearing,Help_Volume,F5_stt:drop_function_word+truncate_tail,,,,,,
you set to newt program,Cmd.MemoryChange,F5_stt:drop_function_word+homophone,,,,,,
can you should herring aid look like the one in the video,Help_InsertDevice,F5_stt:drop_function_word+homophone,,,,,,
er checking that you are on,Default Fallback Intent,F5_stt:drop_function_word+filler,,,,,,
uh i use the app without hearing aids,Help_DemoMode,F5_stt:filler+drop_function_word,,,,,,
please i cannot remember wheremy hearin aids are,Help_FindMyHearingAids,F5_stt:homophone+merge_boundary,,,,,,
er help me find apaper,Default Fallback Intent,F5_stt:merge_boundary+filler,,,,,,
uh how good is translation feature,Help_Translate,F5_stt:drop_function_word+filler,,,,,,
where i find telehere,Help_HearingCareAnywhereConnect,F5_stt:drop_function_word+merge_boundary,,,,,,
where can isee words someone is saying,Help_Transcribe,F5_stt:merge_boundary+drop_function_word,,,,,,
you pairing hearing aidson the thrive app,Help_Pairing,F5_stt:merge_boundary+drop_function_word,,,,,,
where did i putmy other herring aid,Help_FindMyHearingAids,F5_stt:merge_boundary+homophone,,,,,,
uh how do i enable double tap on aids,Help_DeviceSettings,F5_stt:drop_function_word+filler,,,,,,
please switchautomatic,Cmd.MemoryChange,F5_stt:drop_function_word+merge_boundary,,,,,,
i keep missing parts of,Cmd.VolumeIncrease,F5_stt:truncate_tail+drop_function_word,,,,,,
please help mesend message,Cmd.SendMessage,F5_stt:drop_function_word+merge_boundary,,,,,,
can you setto music programme,Cmd.MemoryChange,F5_stt:homophone+merge_boundary,,,,,,
are aides running low on power,Cmd.BatteryLevel,F5_stt:drop_function_word+homophone,,,,,,
how do i view,Help_Transcribe,F5_stt:truncate_tail+drop_function_word,,,,,,
uh please set mammary to train,Cmd.MemoryChange,F5_stt:homophone+filler,,,,,,
remind me i need do,reminders.add,F5_stt:truncate_tail+drop_function_word,,,,,,
uh remind me at 12 o'clock,reminders.add,F5_stt:homophone+filler,,,,,,
er i need quiet program,Cmd.MemoryChange,F5_stt:filler+drop_function_word,,,,,,
how do i adjust my noise masker in my left hearin,Help_Tinnitus,F5_stt:truncate_tail+homophone,,,,,,
um help me getoriented,Help_Home,F5_stt:merge_boundary+filler,,,,,,
um where do isee my health data,Help_Health,F5_stt:filler+merge_boundary,,,,,,
er switch memery,Cmd.MemoryChange,F5_stt:filler+homophone,,,,,,
where do iput battery,Help_Battery,F5_stt:drop_function_word+merge_boundary,,,,,,
uh use hearing aidstreaming,Cmd.StreamingStart,F5_stt:filler+merge_boundary,,,,,,
er let me send voice message,Cmd.SendMessage,F5_stt:drop_function_word+filler,,,,,,
er show me my walking history,Cmd.ActivityWalk,F5_stt:drop_function_word+filler,,,,,,
uh connect left hearing 8,Help_Pairing,F5_stt:filler+homophone,,,,,,
please set car memery,Cmd.MemoryChange,F5_stt:drop_function_word+homophone,,,,,,
iadd a partner mic,Help_Accessories,F5_stt:drop_function_word+merge_boundary,,,,,,
er you text levitar,Default Fallback Intent,F5_stt:filler+drop_function_word,,,,,,
er what is serial number of my aid,Help_DeviceSettings,F5_stt:filler+drop_function_word,,,,,,
er make it lowder,Cmd.VolumeIncrease,F5_stt:filler+homophone,,,,,,
uh steps to pear my devices,Help_Pairing,F5_stt:filler+homophone,,,,,,
um how is score calculated,Help_ThriveScore,F5_stt:drop_function_word+filler,,,,,,
um find iphone,Cmd.FindMyPhone,F5_stt:filler,,,,,,
switchmemory to theater,Cmd.MemoryChange,F5_stt:drop_function_word+merge_boundary,,,,,,
please remind flightat 6 m,reminders.add,F5_stt:merge_boundary+drop_function_word,,,,,,
er how do i make the hearing aidslouder,Help_Volume,F5_stt:merge_boundary+filler,,,,,,
um how will i know when my audiologist adjusted my hearing,Help_RemoteProgramming,F5_stt:truncate_tail+filler,,,,,,
er can youhe did just change it,Default Fallback Intent,F5_stt:filler+merge_boundary,,,,,,
er can you i needhelp with pairing the aids,Help_Pairing,F5_stt:merge_boundary+filler,,,,,,
hi receipt with your new balance on bottom and that is,Default Fallback Intent,F5_stt:drop_function_word+truncate_tail,,,,,,
um how do iuse intelligent voice feature,Help_IntelliVoice,F5_stt:merge_boundary+filler,,,,,,
er you school memory,Cmd.MemoryChange,F5_stt:filler+drop_function_word,,,,,,
please i cannot remember where my other hearing 8,Help_FindMyHearingAids,F5_stt:homophone+truncate_tail,,,,,,
um can you setprogram to office,Cmd.MemoryChange,F5_stt:merge_boundary+filler,,,,,,
uh how to tern my left terry a tan,Default Fallback Intent,F5_stt:filler+homophone,,,,,,
er switchto speech program,Cmd.MemoryChange,F5_stt:filler+merge_boundary,,,,,,
can youremember take medicine today at 5 p m,reminders.add,F5_stt:merge_boundary+drop_function_word,,,,,,
um can you switch setting toone,Cmd.MemoryChange,F5_stt:merge_boundary+filler,,,,,,
um please remind me to book parking spot for my carnival cruise,reminders.add,F5_stt:drop_function_word+filler,,,,,,
uh can you turn up the volume in my right herring aid,Cmd.VolumeIncrease,F5_stt:homophone+filler,,,,,,
um what isthe hearshare feature,Help_HearShare,F5_stt:merge_boundary+filler,,,,,,
pleasechange golf memory,Cmd.MemoryChange,F5_stt:drop_function_word+merge_boundary,,,,,,
um can you remind me to go to sleep,reminders.add,F5_stt:filler+homophone,,,,,,
switchmemory number four,Cmd.MemoryChange,F5_stt:drop_function_word+merge_boundary,,,,,,
you as far as far as cleaning ep over there i went pretty,Default Fallback Intent,F5_stt:homophone+drop_function_word,,,,,,
er canyou it is on you,Default Fallback Intent,F5_stt:merge_boundary+filler,,,,,,
um please remember to visit my family on thanksgiving,reminders.add,F5_stt:filler+truncate_tail,,,,,,
um can youstand goal,Cmd.ActivityStand,F5_stt:merge_boundary+filler,,,,,,
uh what is the model of my hearing 8s,Help_DeviceSettings,F5_stt:homophone+filler,,,,,,
can you more volumplease,Cmd.VolumeIncrease,F5_stt:homophone+merge_boundary,,,,,,
er how save edge mode setting,Help_EdgeMode,F5_stt:filler+drop_function_word,,,,,,
um speech is not coming through,Cmd.VolumeIncrease,F5_stt:filler+truncate_tail,,,,,,
um please alter metal plate myrtle beach storm,Default Fallback Intent,F5_stt:drop_plural+filler,,,,,,
um what does my 8s do when i fall,Help_FallAlert,F5_stt:homophone+filler,,,,,,
um how do i update the,Help_AppSettings,F5_stt:truncate_tail+filler,,,,,,
er help with pearing my hearing aids with the phone,Help_Pairing,F5_stt:homophone+filler,,,,,,
how many calorie have i burned while,Cmd.ActivityRun,F5_stt:truncate_tail+drop_plural,,,,,,
change tooutdoor,Cmd.MemoryChange,F5_stt:merge_boundary+drop_plural,,,,,,
how do i set the program tothi location,Help_MemoryOptions,F5_stt:merge_boundary+drop_plural,,,,,,
er how do i change caregiver settings,Help_AppSettings,F5_stt:filler+drop_function_word,,,,,,
can youset pro gram to quiet,Cmd.MemoryChange,F5_stt:merge_boundary+homophone,,,,,,
um read messages out loud,Cmd.ListenMessage,F5_stt:filler+drop_function_word,,,,,,
um can you change theater,Cmd.MemoryChange,F5_stt:drop_function_word+filler,,,,,,
um i am finished listening tothe stream,Cmd.StreamingStop,F5_stt:filler+merge_boundary,,,,,,
change automatic pro gram,Cmd.MemoryChange,F5_stt:drop_function_word+homophone,,,,,,
jot this doun so i,reminders.add,F5_stt:truncate_tail+homophone,,,,,,
er how to share information with,Help_HearShare,F5_stt:truncate_tail+filler,,,,,,
er switch theater,Cmd.MemoryChange,F5_stt:filler+drop_function_word,,,,,,
er change to masterprogram,Cmd.MemoryChange,F5_stt:merge_boundary+filler,,,,,,
ease volum back,Cmd.VolumeDecrease,F5_stt:homophone+drop_function_word,,,,,,
um can you switch to gym mammary,Cmd.MemoryChange,F5_stt:homophone+filler,,,,,,
pump brakes on the volum,Cmd.VolumeDecrease,F5_stt:drop_function_word+homophone,,,,,,
uh telephone audio input,Default Fallback Intent,F5_stt:filler+drop_function_word,,,,,,
what feature does this app,Help_Home,F5_stt:drop_plural+truncate_tail,,,,,,
uh telephone setting,Cmd.MemoryChange,F5_stt:filler,,,,,,
can youi want to be,reminders.add,F5_stt:merge_boundary+truncate_tail,,,,,,
pleasepair left 8,Help_Pairing,F5_stt:homophone+merge_boundary,,,,,,
um i cannot find my hearing 8,Help_FindMyHearingAids,F5_stt:homophone+filler,,,,,,
uh howdo i use,Default Fallback Intent,F5_stt:merge_boundary+filler,,,,,,
can i preview the adjustment made by professional,Help_RemoteProgramming,F5_stt:drop_plural+drop_function_word,,,,,,
it needsbe softer,Cmd.VolumeDecrease,F5_stt:drop_function_word+merge_boundary,,,,,,
um can am i close to my running goal,Cmd.ActivityRun,F5_stt:drop_function_word+filler,,,,,,
changeprogram to mute,Cmd.MemoryChange,F5_stt:drop_function_word+merge_boundary,,,,,,
er pipe sound through my aids,Cmd.StreamingStart,F5_stt:drop_function_word+filler,,,,,,
i change my preference,Help_DeviceSettings,F5_stt:drop_function_word+drop_plural,,,,,,
how do ilet someone listen with,Help_HearShare,F5_stt:truncate_tail+merge_boundary,,,,,,
how can i see what my hearin aids can,Help_DemoMode,F5_stt:truncate_tail+homophone,,,,,,
uh dial down volume,Cmd.VolumeDecrease,F5_stt:filler+drop_function_word,,,,,,
you change to automatic mammary,Cmd.MemoryChange,F5_stt:drop_function_word+homophone,,,,,,
uh can you going to call them in and see whether they want me to send this enormou,Default Fallback Intent,F5_stt:filler+drop_plural,,,,,,
can you i lostmy memory for restaurants and,Help_MemoryOptions,F5_stt:merge_boundary+truncate_tail,,,,,,
er remind me about dinner at 1523,reminders.add,F5_stt:drop_function_word+filler,,,,,,
youadd a reminder for tomorrow,reminders.add,F5_stt:merge_boundary+drop_function_word,,,,,,
turn moot off,Cmd.VolumeUnmute,F5_stt:drop_function_word+homophone,,,,,,
er please setup reminder to take medicine at 1 p,reminders.add,F5_stt:filler+truncate_tail,,,,,,
help with changing program on my herring aid,Help_ChangingMemories,F5_stt:homophone+drop_plural,,,,,,
er how do i increase engagement score,Help_ThriveScore,F5_stt:filler+drop_function_word,,,,,,
how do i add anotherperson with,Help_HearShare,F5_stt:merge_boundary+truncate_tail,,,,,,
how are batterie doing,Cmd.BatteryLevel,F5_stt:drop_function_word+drop_plural,,,,,,
how do i change to another memory on 8,Help_ChangingMemories,F5_stt:drop_function_word+homophone,,,,,,
er please change telephone program,Cmd.MemoryChange,F5_stt:filler+drop_function_word,,,,,,
uh can new edema,Default Fallback Intent,F5_stt:drop_function_word+filler,,,,,,
how doi charge itc hearing aid,Help_Battery,F5_stt:drop_function_word+merge_boundary,,,,,,
er change setting four,Cmd.MemoryChange,F5_stt:filler+drop_function_word,,,,,,
uh show my heart rate recoverytrend,Help_HeartRateRecovery,F5_stt:merge_boundary+filler,,,,,,
uh remind us,reminders.add,F5_stt:homophone+filler,,,,,,
uh what caused thefall of rome,Default Fallback Intent,F5_stt:merge_boundary+filler,,,,,,
can you set a reminda for,reminders.add,F5_stt:homophone+truncate_tail,,,,,,
er you should i use basic or advanced mode,Help_AppSettings,F5_stt:drop_function_word+filler,,,,,,
can you alpha bail again swelling downin,Default Fallback Intent,F5_stt:merge_boundary+truncate_tail,,,,,,
howdo i adjust the tv sund,Help_Accessories,F5_stt:merge_boundary+homophone,,,,,,
you right here does not,Help_SelfCheck,F5_stt:truncate_tail+drop_function_word,,,,,,
uh how do i change my phone,Help_FallAlert,F5_stt:truncate_tail+filler,,,,,,
how do youcalculate the kind,Help_ThriveScore,F5_stt:merge_boundary+truncate_tail,,,,,,
elsa texa off huh,Default Fallback Intent,F5_stt:drop_plural+drop_function_word,,,,,,
please switch tooffice programme,Cmd.MemoryChange,F5_stt:homophone+merge_boundary,,,,,,
canyou change memery to auditorium,Cmd.MemoryChange,F5_stt:merge_boundary+homophone,,,,,,
can i need more,Cmd.VolumeIncrease,F5_stt:truncate_tail+drop_function_word,,,,,,
can you whatsep,Default Fallback Intent,F5_stt:homophone+merge_boundary,,,,,,
um you drop the volume by 50,Cmd.VolumeDecrease,F5_stt:filler+drop_function_word,,,,,,
er can you turnthe engine off of,Default Fallback Intent,F5_stt:merge_boundary+filler,,,,,,
how do i decrease the loudness injust left side,Help_Volume,F5_stt:drop_function_word+merge_boundary,,,,,,
erhow do i open the battery door,Help_Battery,F5_stt:filler+merge_boundary,,,,,,
um change memoryto automatic,Cmd.MemoryChange,F5_stt:merge_boundary+filler,,,,,,
listen via herring aids,Cmd.StreamingStart,F5_stt:homophone+drop_function_word,,,,,,
um why cannot isubmit another help request,Help_RemoteProgramming,F5_stt:filler+merge_boundary,,,,,,
uh i am completely lost in,Help_Home,F5_stt:filler+truncate_tail,,,,,,
uh what different about thrive,Help_WhatsNew,F5_stt:drop_function_word+filler,,,,,,
uh can you switch to mask,Cmd.MemoryChange,F5_stt:truncate_tail+filler,,,,,,
drop brother amessage,Cmd.SendMessage,F5_stt:merge_boundary+drop_function_word,,,,,,
er time myexercise,Cmd.ActivityExercise,F5_stt:merge_boundary+filler,,,,,,
setto golf memory,Cmd.MemoryChange,F5_stt:drop_function_word+merge_boundary,,,,,,
er tellme about hearing care anywhere,Help_HearingCareAnywhereConnect,F5_stt:filler+merge_boundary,,,,,,
set settingto one,Cmd.MemoryChange,F5_stt:merge_boundary+drop_function_word,,,,,,
uhsetting two,Cmd.MemoryChange,F5_stt:filler+merge_boundary,,,,,,
er pleaseadd reminder,reminders.add,F5_stt:filler+merge_boundary,,,,,,
er canyou memory number four,Cmd.MemoryChange,F5_stt:filler+merge_boundary,,,,,,
um activatesound streaming,Cmd.StreamingStart,F5_stt:filler+merge_boundary,,,,,,
um change pro gram to office,Cmd.MemoryChange,F5_stt:filler+homophone,,,,,,
er do i needto charge my battery,Cmd.BatteryLevel,F5_stt:filler+merge_boundary,,,,,,
how do i turn down the volume on,Help_Volume,F5_stt:drop_function_word+truncate_tail,,,,,,
how long do i have,Cmd.ActivityStand,F5_stt:drop_function_word+truncate_tail,,,,,,
uh can you set to worshipmemory,Cmd.MemoryChange,F5_stt:filler+merge_boundary,,,,,,
volumn on rightaid,Cmd.VolumeUnmute,F5_stt:merge_boundary+homophone,,,,,,
can you sorry about this okay i,Default Fallback Intent,F5_stt:drop_function_word+truncate_tail,,,,,,
canyou set mammary to restaurant,Cmd.MemoryChange,F5_stt:merge_boundary+homophone,,,,,,
um can you locate arestaurant,Default Fallback Intent,F5_stt:filler+merge_boundary,,,,,,
please re mind me to do homework on november 11 at 7 p,reminders.add,F5_stt:truncate_tail+homophone,,,,,,
uh can you switch to,Cmd.MemoryChange,F5_stt:filler+truncate_tail,,,,,,
um set program to mut,Cmd.MemoryChange,F5_stt:filler+homophone,,,,,,
er itis busy being born,Default Fallback Intent,F5_stt:filler+merge_boundary,,,,,,
uh how do i change programs on my hearing 8,Help_ChangingMemories,F5_stt:homophone+filler,,,,,,
debonylogging ep,Default Fallback Intent,F5_stt:merge_boundary+homophone,,,,,,
um i walked into arestaurant,Cmd.MemoryChange,F5_stt:merge_boundary+filler,,,,,,
eractivity goal,Cmd.ActivityAerobics,F5_stt:filler+merge_boundary,,,,,,
er you connect left aid,Help_Pairing,F5_stt:drop_function_word+filler,,,,,,
switch settingto one,Cmd.MemoryChange,F5_stt:merge_boundary+drop_function_word,,,,,,
um where' my son,Default Fallback Intent,F5_stt:drop_plural+filler,,,,,,
how doi change to a different memory on aid,Help_ChangingMemories,F5_stt:drop_function_word+merge_boundary,,,,,,
read methe latest messege,Cmd.ListenMessage,F5_stt:merge_boundary+homophone,,,,,,
set memorymusic,Cmd.MemoryChange,F5_stt:drop_function_word+merge_boundary,,,,,,
um justlike siri,Default Fallback Intent,F5_stt:merge_boundary+filler,,,,,,
um how do i sync my hearing aids to theapp,Help_HearingCareAnywhereConnect,F5_stt:merge_boundary+filler,,,,,,
how do i customizethe aides,Help_Customize,F5_stt:merge_boundary+homophone,,,,,,
should itell him how i,Default Fallback Intent,F5_stt:merge_boundary+truncate_tail,,,,,,
er using app without aids connected,Help_DemoMode,F5_stt:filler+drop_function_word,,,,,,
uh did my wife accept hearshare invitation,Help_HearShare,F5_stt:drop_function_word+filler,,,,,,
um set mammary to number two,Cmd.MemoryChange,F5_stt:homophone+filler,,,,,,
erend streaming,Cmd.StreamingStop,F5_stt:filler+merge_boundary,,,,,,
um athome,Default Fallback Intent,F5_stt:filler+merge_boundary,,,,,,
um tell me a fun,Default Fallback Intent,F5_stt:filler+truncate_tail,,,,,,
uh set a reminda to exercise today,reminders.add,F5_stt:homophone+filler,,,,,,
um sund bar,Default Fallback Intent,F5_stt:homophone+filler,,,,,,
er which way does the aid go in my,Help_InsertDevice,F5_stt:filler+truncate_tail,,,,,,
can i change batteries inpeach,Default Fallback Intent,F5_stt:truncate_tail+merge_boundary,,,,,,
umhow many minutes have i been jogging,Cmd.ActivityRun,F5_stt:filler+merge_boundary,,,,,,
um am i close to mystep goal,Cmd.ActivityStep,F5_stt:merge_boundary+filler,,,,,,
uh log aerobic,Cmd.ActivityAerobics,F5_stt:drop_plural+filler,,,,,,
er whatdid you say,Default Fallback Intent,F5_stt:merge_boundary+filler,,,,,,
um change totheater program,Cmd.MemoryChange,F5_stt:merge_boundary+filler,,,,,,
um turn it to hitthe button minute furniture in there like siri,Default Fallback Intent,F5_stt:filler+merge_boundary,,,,,,
change television programme,Cmd.MemoryChange,F5_stt:homophone+drop_function_word,,,,,,
er pleasechange to office,Cmd.MemoryChange,F5_stt:merge_boundary+filler,,,,,,
ercan you car memory,Cmd.MemoryChange,F5_stt:filler+merge_boundary,,,,,,
can change programto mute,Cmd.MemoryChange,F5_stt:drop_function_word+merge_boundary,,,,,,
uh he's onstomach,Default Fallback Intent,F5_stt:filler+merge_boundary,,,,,,
um hearing 8 does not work,Help_SelfCheck,F5_stt:filler+homophone,,,,,,
er voice seem distant to me,Cmd.VolumeIncrease,F5_stt:drop_plural+filler,,,,,,
er how do i use the translate,Help_Translate,F5_stt:filler+truncate_tail,,,,,,
um please changesetting to number three,Cmd.MemoryChange,F5_stt:merge_boundary+filler,,,,,,
er right here doesnot work,Help_SelfCheck,F5_stt:merge_boundary+filler,,,,,,
um guideme on program options,Help_MemoryOptions,F5_stt:merge_boundary+filler,,,,,,
put theaudio into ears,Cmd.StreamingStart,F5_stt:merge_boundary+drop_function_word,,,,,,
make thinglouder,Cmd.VolumeIncrease,F5_stt:drop_plural+merge_boundary,,,,,,
er howdo i adjust my noise masker,Help_Tinnitus,F5_stt:filler+merge_boundary,,,,,,
er please have i reached my stand,Cmd.ActivityStand,F5_stt:filler+truncate_tail,,,,,,
siri got turned on on hearing aids and i was turning it,Default Fallback Intent,F5_stt:drop_function_word+truncate_tail,,,,,,
volume ep leftaid,Cmd.VolumeIncrease,F5_stt:homophone+merge_boundary,,,,,,
youswitch to everyday,Cmd.MemoryChange,F5_stt:merge_boundary+drop_function_word,,,,,,
what is agood restaurant,Default Fallback Intent,F5_stt:truncate_tail+merge_boundary,,,,,,
uh beginmy walking workout,Cmd.ActivityWalk,F5_stt:filler+merge_boundary,,,,,,
what the best way to clean my aides,Help_CleanCare,F5_stt:homophone+drop_function_word,,,,,,
please turned my right hearingaid up,Cmd.VolumeIncrease,F5_stt:homophone+merge_boundary,,,,,,
how do i start screaming from my,Help_Accessories,F5_stt:homophone+truncate_tail,,,,,,
can youchange programme to theater,Cmd.MemoryChange,F5_stt:merge_boundary+homophone,,,,,,
er canyou theater setting,Cmd.MemoryChange,F5_stt:filler+merge_boundary,,,,,,
er how do isee how much i have biked this week,Help_Health,F5_stt:merge_boundary+filler,,,,,,
please i do notknow what i what doing this missing a different,Default Fallback Intent,F5_stt:merge_boundary+drop_function_word,,,,,,
i lost my memoryfor restaurants and,Help_MemoryOptions,F5_stt:truncate_tail+merge_boundary,,,,,,
um help with main screen,Help_Home,F5_stt:filler+drop_function_word,,,,,,
canyou set to school,Cmd.MemoryChange,F5_stt:truncate_tail+merge_boundary,,,,,,
uh one hearing aid is not being,Help_SelfCheck,F5_stt:truncate_tail+filler,,,,,,
fix facemask problem,Help_MaskMode,F5_stt:drop_plural+merge_boundary,,,,,,
er can you setprogram to mask,Cmd.MemoryChange,F5_stt:merge_boundary+filler,,,,,,
um people soundtoo soft,Cmd.VolumeIncrease,F5_stt:filler+merge_boundary,,,,,,
er please change settingto number two,Cmd.MemoryChange,F5_stt:merge_boundary+filler,,,,,,
how doi change loudness on just the right aid,Help_Volume,F5_stt:drop_function_word+merge_boundary,,,,,,
i would liketo add a,reminders.add,F5_stt:truncate_tail+merge_boundary,,,,,,
um tune for thiswindy weather,Cmd.MemoryChange,F5_stt:merge_boundary+filler,,,,,,
er hear audio in aids,Cmd.StreamingStart,F5_stt:drop_function_word+filler,,,,,,
alertme when it is time to,reminders.add,F5_stt:truncate_tail+merge_boundary,,,,,,
explainhearing aide maintenance,Help_CleanCare,F5_stt:merge_boundary+homophone,,,,,,
volumn is too soft,Cmd.VolumeIncrease,F5_stt:drop_function_word+homophone,,,,,,
um i would like to hear once,Cmd.VolumeUnmute,F5_stt:filler+truncate_tail,,,,,,
remind me tobuy movie ticket for friday evening,reminders.add,F5_stt:drop_plural+merge_boundary,,,,,,
um changememory to restaurant,Cmd.MemoryChange,F5_stt:merge_boundary+filler,,,,,,
set to theaterprogram,Cmd.MemoryChange,F5_stt:drop_function_word+merge_boundary,,,,,,
er please switch to train mammary,Cmd.MemoryChange,F5_stt:homophone+filler,,,,,,
er search genesi,Default Fallback Intent,F5_stt:drop_plural+filler,,,,,,
um mydevice will not sit properly,Help_InsertDevice,F5_stt:merge_boundary+filler,,,,,,
er can you let me hear the remote,Cmd.StreamingStart,F5_stt:truncate_tail+filler,,,,,,
please mywalking time,Cmd.ActivityWalk,F5_stt:merge_boundary+drop_function_word,,,,,,
um start tracking myworkout,Cmd.ActivityExercise,F5_stt:filler+merge_boundary,,,,,,
please turned itdown,Cmd.VolumeDecrease,F5_stt:merge_boundary+homophone,,,,,,
er i need talk t to my audiologist,Help_RemoteProgramming,F5_stt:filler+drop_function_word,,,,,,
close atnotre dame score yesterday,Default Fallback Intent,F5_stt:drop_function_word+merge_boundary,,,,,,
er set to 90 value,Cmd.VolumeIncrease,F5_stt:filler+homophone,,,,,,
er change to schoolprogram,Cmd.MemoryChange,F5_stt:filler+merge_boundary,,,,,,
er can younoise setting,Cmd.MemoryChange,F5_stt:merge_boundary+filler,,,,,,
um please change memory to,Cmd.MemoryChange,F5_stt:filler+truncate_tail,,,,,,
uh alpha bail again swelling down in,Default Fallback Intent,F5_stt:truncate_tail+filler,,,,,,
please start streaming tv my hearing,Cmd.StreamingStart,F5_stt:drop_function_word+truncate_tail,,,,,,
can the professional adjust my herring aid,Help_RemoteProgramming,F5_stt:homophone+truncate_tail,,,,,,
er how do i clean my hearing 8s,Help_CleanCare,F5_stt:homophone+filler,,,,,,
er can you itwas pitch black out in the store,Default Fallback Intent,F5_stt:filler+merge_boundary,,,,,,
uh how do reminder notificationswork,Help_Reminder,F5_stt:merge_boundary+filler,,,,,,
um help with streamin,Help_Accessories,F5_stt:filler+homophone,,,,,,
er they are speaking a foreign language translate,Cmd.TranslationStart,F5_stt:truncate_tail+filler,,,,,,
uh please add a remind her for tomorrow,reminders.add,F5_stt:homophone+filler,,,,,,
how do i adjust the loudnes on just the right 8,Help_Volume,F5_stt:homophone+drop_plural,,,,,,
i do notwant to forget,reminders.add,F5_stt:merge_boundary+truncate_tail,,,,,,
uh stream the audio directlyto my aids,Cmd.StreamingStart,F5_stt:merge_boundary+filler,,,,,,
er i do not like the double tap feature how do i turn off,Help_DeviceSettings,F5_stt:drop_function_word+filler,,,,,,
uh how do i change hearing aid program,Help_ChangingMemories,F5_stt:drop_function_word+filler,,,,,,
um remember totake medicine,reminders.add,F5_stt:merge_boundary+filler,,,,,,
uh how do i read what was,Help_Transcribe,F5_stt:truncate_tail+filler,,,,,,
let me hearthe tv,Cmd.StreamingStart,F5_stt:merge_boundary+drop_function_word,,,,,,
how do i toggle hearing program,Help_ChangingMemories,F5_stt:drop_function_word+drop_plural,,,,,,
setmemory kitchen,Cmd.MemoryChange,F5_stt:drop_function_word+merge_boundary,,,,,,
how many calorie did i burn working,Cmd.ActivityExercise,F5_stt:truncate_tail+drop_plural,,,,,,
uh explain fall alert feature,Help_FallAlert,F5_stt:filler+drop_function_word,,,,,,
erdetect telephone,Cmd.FindMyPhone,F5_stt:filler+merge_boundary,,,,,,
erplease set to school program,Cmd.MemoryChange,F5_stt:filler+merge_boundary,,,,,,
no tv remote infry's,Default Fallback Intent,F5_stt:truncate_tail+merge_boundary,,,,,,
um how many minutes have i been working,Cmd.ActivityExercise,F5_stt:filler+truncate_tail,,,,,,
uh fuckoff,Default Fallback Intent,F5_stt:filler+merge_boundary,,,,,,
uh can youtranslate hebrew,Cmd.TranslationStart,F5_stt:merge_boundary+filler,,,,,,
uh can you help with scream,Help_Accessories,F5_stt:homophone+filler,,,,,,
can you checking that are,Default Fallback Intent,F5_stt:truncate_tail+drop_function_word,,,,,,
switch to crowdprogramme,Cmd.MemoryChange,F5_stt:homophone+merge_boundary,,,,,,
how do i search for myleft 8,Help_FindMyHearingAids,F5_stt:merge_boundary+homophone,,,,,,
you set pro gram to music,Cmd.MemoryChange,F5_stt:drop_function_word+homophone,,,,,,
do i put the lefthearing aid behind my,Help_InsertDevice,F5_stt:merge_boundary+truncate_tail,,,,,,
edg mode help,Help_EdgeMode,F5_stt:homophone+drop_function_word,,,,,,
uh you remind me to pick up my prescription this afternoon,reminders.add,F5_stt:drop_function_word+filler,,,,,,
um recent feature update please,Help_WhatsNew,F5_stt:filler+drop_plural,,,,,,
uh how do i access self,Help_SelfCheck,F5_stt:truncate_tail+filler,,,,,,
please changenoise program,Cmd.MemoryChange,F5_stt:drop_function_word+merge_boundary,,,,,,
uh myears sweat,Default Fallback Intent,F5_stt:merge_boundary+filler,,,,,,
er receiver,Help_WiCROS,F5_stt:filler,,,,,,
where is ios foam,Cmd.FindMyPhone,F5_stt:drop_function_word+homophone,,,,,,
er how can i acess the smart assistant setting,Help_AppSettings,F5_stt:homophone+filler,,,,,,
um switch pro gram to music,Cmd.MemoryChange,F5_stt:homophone+filler,,,,,,
can show me user manual for my,Help_Accessories,F5_stt:truncate_tail+drop_function_word,,,,,,
you quiet mammary,Cmd.MemoryChange,F5_stt:homophone+drop_function_word,,,,,,
pipethe audio into my device,Cmd.StreamingStart,F5_stt:merge_boundary+drop_plural,,,,,,
um how do i make my hearing aid,Help_Volume,F5_stt:truncate_tail+filler,,,,,,
please set home programme,Cmd.MemoryChange,F5_stt:drop_function_word+homophone,,,,,,
reduce thesund,Cmd.VolumeDecrease,F5_stt:homophone+merge_boundary,,,,,,
uh disconnect me from stream,Cmd.StreamingStop,F5_stt:filler+drop_function_word,,,,,,
set mammary gym,Cmd.MemoryChange,F5_stt:drop_function_word+homophone,,,,,,
can you play lastvoice massage,Cmd.ListenMessage,F5_stt:homophone+merge_boundary,,,,,,
uh what is overview,Help_Home,F5_stt:drop_function_word+filler,,,,,,
umexplain hearshare,Help_HearShare,F5_stt:filler+merge_boundary,,,,,,
er findandroid phone,Cmd.FindMyPhone,F5_stt:merge_boundary+filler,,,,,,
um what is thisscreen for,Help_Home,F5_stt:filler+merge_boundary,,,,,,
uh will set a reminder for me,reminders.add,F5_stt:drop_function_word+filler,,,,,,
uh my other aid missing,Help_FindMyHearingAids,F5_stt:drop_function_word+filler,,,,,,
uh can you that keeps popping up please listenlisten listen,Default Fallback Intent,F5_stt:merge_boundary+filler,,,,,,
uh can youfind phone,Cmd.FindMyPhone,F5_stt:filler+merge_boundary,,,,,,
how do i view activity,Help_Health,F5_stt:drop_function_word+truncate_tail,,,,,,
please help with changingprogram on my hearing aids,Help_ChangingMemories,F5_stt:drop_plural+merge_boundary,,,,,,
er how do i make a reminder repeat,Help_Reminder,F5_stt:filler+truncate_tail,,,,,,
canlatest reminder done,reminders.complete,F5_stt:drop_function_word+merge_boundary,,,,,,
how do i add an automatic phone,Help_DeviceSettings,F5_stt:homophone+truncate_tail,,,,,,
um please change programme to meeting,Cmd.MemoryChange,F5_stt:filler+homophone,,,,,,
help with paring my aids,Help_Pairing,F5_stt:drop_function_word+homophone,,,,,,
er school mammary,Cmd.MemoryChange,F5_stt:filler+homophone,,,,,,
um change quiet,Cmd.MemoryChange,F5_stt:filler+drop_function_word,,,,,,
er level batteries,Cmd.BatteryLevel,F5_stt:homophone+filler,,,,,,
er set memory to mute,Cmd.MemoryChange,F5_stt:filler+drop_function_word,,,,,,
how to share myhearing,Help_HearShare,F5_stt:truncate_tail+merge_boundary,,,,,,
and that is asign of,Default Fallback Intent,F5_stt:truncate_tail+merge_boundary,,,,,,
why is my right hearingaid not,Help_SelfCheck,F5_stt:merge_boundary+truncate_tail,,,,,,
um i want you to remindme something,reminders.add,F5_stt:merge_boundary+filler,,,,,,
um set it up for concert hall,Cmd.MemoryChange,F5_stt:filler+drop_function_word,,,,,,
er change to home programme,Cmd.MemoryChange,F5_stt:homophone+filler,,,,,,
why does not wife hearing 8 work,Help_SelfCheck,F5_stt:homophone+drop_function_word,,,,,,
um how do i change the name of accessory,Help_Accessories,F5_stt:drop_function_word+filler,,,,,,
how decrease volum,Help_Volume,F5_stt:homophone+drop_function_word,,,,,,
um laydown here,Default Fallback Intent,F5_stt:merge_boundary+filler,,,,,,
uh how doi mute,Help_Volume,F5_stt:filler+merge_boundary,,,,,,
uh can you it is a weekend tell everybodyhow the pretty mutual customize your car insurance,Default Fallback Intent,F5_stt:merge_boundary+filler,,,,,,
uh canthe professional adjust the hearing aids remotely,Help_RemoteProgramming,F5_stt:filler+merge_boundary,,,,,,
pleasemore volum please,Cmd.VolumeIncrease,F5_stt:merge_boundary+homophone,,,,,,
um hearing aid will not stay in it keeps coming out,Help_InsertDevice,F5_stt:filler+drop_function_word,,,,,,
eri am just like oh so that is the point that down,Default Fallback Intent,F5_stt:filler+merge_boundary,,,,,,
uh switch pro gram to crowd,Cmd.MemoryChange,F5_stt:homophone+filler,,,,,,
uh how do i add or remove a,Help_MemoryOptions,F5_stt:filler+truncate_tail,,,,,,
is different both ofthem are different,Default Fallback Intent,F5_stt:drop_function_word+merge_boundary,,,,,,
um please send me a reminder leave for work in 10 minutes,reminders.add,F5_stt:drop_function_word+filler,,,,,,
so this is your hearin,Default Fallback Intent,F5_stt:truncate_tail+homophone,,,,,,
um increase thevolume,Cmd.VolumeIncrease,F5_stt:merge_boundary+filler,,,,,,
set remind her for tomorrowmorning,reminders.add,F5_stt:merge_boundary+homophone,,,,,,
er write doun what people are saying,Cmd.TranscribeStart,F5_stt:filler+homophone,,,,,,
can you i can tget my hearing 8 on,Help_InsertDevice,F5_stt:homophone+merge_boundary,,,,,,
er messagethis contact,Cmd.SendMessage,F5_stt:filler+merge_boundary,,,,,,
er please showme an overview of ipro,Help_WhatsNew,F5_stt:filler+merge_boundary,,,,,,
howdo i set my heart rate,Help_HeartRateRecovery,F5_stt:merge_boundary+truncate_tail,,,,,,
uh start translation to german,Cmd.TranslationStart,F5_stt:drop_function_word+filler,,,,,,
uh how long have i been,Cmd.ActivityCycle,F5_stt:truncate_tail+filler,,,,,,
er explainthe main screen to me,Help_Home,F5_stt:merge_boundary+filler,,,,,,
how much chargeleft,Cmd.BatteryLevel,F5_stt:drop_function_word+merge_boundary,,,,,,
uh i need areminder,reminders.add,F5_stt:merge_boundary+filler,,,,,,
er how do i view mythrive rating,Help_ThriveScore,F5_stt:merge_boundary+filler,,,,,,
er how do irequest remote care,Help_HearingCareAnywhereConnect,F5_stt:merge_boundary+filler,,,,,,
um switch to telephone,Cmd.MemoryChange,F5_stt:drop_function_word+filler,,,,,,
um increase volume in hearing aids,Cmd.VolumeIncrease,F5_stt:filler+drop_function_word,,,,,,
track down hearingaids,Help_FindMyHearingAids,F5_stt:merge_boundary+drop_function_word,,,,,,
um can youactivity goal,Cmd.ActivityAerobics,F5_stt:merge_boundary+filler,,,,,,
switchcar program,Cmd.MemoryChange,F5_stt:drop_function_word+merge_boundary,,,,,,
help with changing memorie using the,Help_ChangingMemories,F5_stt:truncate_tail+drop_plural,,,,,,
er hearing aide audio link,Cmd.StreamingStart,F5_stt:filler+homophone,,,,,,
can you i do not like the double tap feature how do i turn,Help_DeviceSettings,F5_stt:drop_function_word+truncate_tail,,,,,,
uh you set setting to two,Cmd.MemoryChange,F5_stt:drop_function_word+filler,,,,,,
er how do i change tinnitus sounds,Help_Tinnitus,F5_stt:filler+drop_function_word,,,,,,
um can i go to different hearing aid memory,Help_ChangingMemories,F5_stt:drop_function_word+filler,,,,,,
where arethe loudnes settings,Help_Volume,F5_stt:drop_plural+merge_boundary,,,,,,
er can you help with tv,Help_Accessories,F5_stt:truncate_tail+filler,,,,,,
uh information on kind score,Help_ThriveScore,F5_stt:filler+drop_function_word,,,,,,
uh how do i usetinnitus relief,Help_Tinnitus,F5_stt:merge_boundary+filler,,,,,,
switch to gympro gram,Cmd.MemoryChange,F5_stt:homophone+merge_boundary,,,,,,
er change programme to telephone,Cmd.MemoryChange,F5_stt:filler+homophone,,,,,,
uh make this quieter,Cmd.VolumeDecrease,F5_stt:drop_function_word+filler,,,,,,
um ineed support,Help_Home,F5_stt:filler+merge_boundary,,,,,,
er self check help,Help_SelfCheck,F5_stt:filler+drop_function_word,,,,,,
uh how do i pick a translationlanguage,Help_Translate,F5_stt:merge_boundary+filler,,,,,,
explain the mastmode feature,Help_MaskMode,F5_stt:homophone+merge_boundary,,,,,,
uh listen to themicrophone,Cmd.StreamingStart,F5_stt:merge_boundary+filler,,,,,,
can you pearing device with my thrive app,Help_Pairing,F5_stt:homophone+drop_plural,,,,,,
um how do i adjust my loudness of the tinnitus volume inthe hearing aid,Help_Tinnitus,F5_stt:merge_boundary+filler,,,,,,
ineed text someone,Cmd.SendMessage,F5_stt:drop_function_word+merge_boundary,,,,,,
uh what should ido when i am there,Default Fallback Intent,F5_stt:filler+merge_boundary,,,,,,
um newreminder about washing car,reminders.add,F5_stt:merge_boundary+filler,,,,,,
uh can you remind me to clean hearing aids,reminders.add,F5_stt:filler+truncate_tail,,,,,,
er savory someone sucking reason,Default Fallback Intent,F5_stt:drop_plural+filler,,,,,,
how do i change tone of my,Help_Customize,F5_stt:truncate_tail+drop_function_word,,,,,,
ercan you more volume on hearing aid,Cmd.VolumeIncrease,F5_stt:filler+merge_boundary,,,,,,
can you help with tenitus masker adjustments in my hearingaid,Help_Tinnitus,F5_stt:merge_boundary+homophone,,,,,,
er change to automatic,Cmd.MemoryChange,F5_stt:filler+drop_function_word,,,,,,
um please volume onright aid,Cmd.VolumeUnmute,F5_stt:filler+merge_boundary,,,,,,
uh how do i change preferences,Help_DeviceSettings,F5_stt:drop_function_word+filler,,,,,,
uh rememberto work out,reminders.add,F5_stt:merge_boundary+filler,,,,,,
pro gram cleanediboost,Default Fallback Intent,F5_stt:homophone+merge_boundary,,,,,,
uh i lost my hearingaids,Help_FindMyHearingAids,F5_stt:merge_boundary+filler,,,,,,
how do ichange volume on just the left aid,Help_Volume,F5_stt:drop_function_word+merge_boundary,,,,,,
er what is thriveassistant,Help_VoiceAssistant,F5_stt:filler+merge_boundary,,,,,,
um what are days working,Default Fallback Intent,F5_stt:drop_function_word+filler,,,,,,
uh can you change to mute,Cmd.MemoryChange,F5_stt:truncate_tail+filler,,,,,,
change memory to tiniti,Cmd.MemoryChange,F5_stt:homophone+drop_plural,,,,,,
er please helpwith tv streamer,Help_Accessories,F5_stt:filler+merge_boundary,,,,,,
um please switch mammary to three,Cmd.MemoryChange,F5_stt:filler+homophone,,,,,,
er quiet thisdown,Cmd.VolumeDecrease,F5_stt:merge_boundary+filler,,,,,,
uh change programto automatic,Cmd.MemoryChange,F5_stt:filler+merge_boundary,,,,,,
um can you used calories,Cmd.ActivityCalories,F5_stt:filler+truncate_tail,,,,,,
can you discover androidfoam,Cmd.FindMyPhone,F5_stt:homophone+merge_boundary,,,,,,
er please right swift code of binary,Default Fallback Intent,F5_stt:truncate_tail+filler,,,,,,
what does heart rate feature,Help_HeartRate,F5_stt:drop_function_word+truncate_tail,,,,,,
er ineed another hearing program,Cmd.MemoryChange,F5_stt:merge_boundary+filler,,,,,,
eri already did that mark complete,reminders.complete,F5_stt:filler+merge_boundary,,,,,,
um please set mammary to work,Cmd.MemoryChange,F5_stt:homophone+filler,,,,,,
uh what accessorie work with my aids,Help_Accessories,F5_stt:filler+drop_plural,,,,,,
please one hearing 8 is not being,Help_SelfCheck,F5_stt:truncate_tail+homophone,,,,,,
um why cannot i easily turn the sound on my hearing aid,Help_Volume,F5_stt:filler+truncate_tail,,,,,,
you masque mode,Cmd.MemoryChange,F5_stt:homophone+drop_function_word,,,,,,
uh howhas this app changed,Help_WhatsNew,F5_stt:merge_boundary+filler,,,,,,
uh please switch pro gram to personal,Cmd.MemoryChange,F5_stt:homophone+filler,,,,,,
can you remind me to deliverto saint barbara catholic church on friday 9 to 9,reminders.add,F5_stt:truncate_tail+merge_boundary,,,,,,
percentage of batteryleft,Cmd.BatteryLevel,F5_stt:drop_function_word+merge_boundary,,,,,,
how long will the batter e,Cmd.BatteryLevel,F5_stt:homophone+truncate_tail,,,,,,
i cannot hear you my lefthearing aid does not show up on,Default Fallback Intent,F5_stt:merge_boundary+drop_function_word,,,,,,
uh set memory to numberthree,Cmd.MemoryChange,F5_stt:filler+merge_boundary,,,,,,
readmy unread message,Cmd.ListenMessage,F5_stt:drop_plural+merge_boundary,,,,,,
uh can you change program to,Cmd.MemoryChange,F5_stt:filler+truncate_tail,,,,,,
please de crease left hearing aid,Cmd.VolumeDecrease,F5_stt:homophone+drop_function_word,,,,,,
set school programme,Cmd.MemoryChange,F5_stt:homophone+drop_function_word,,,,,,
record walking i just,Cmd.ActivityWalk,F5_stt:truncate_tail+drop_function_word,,,,,,
er how do i change my hearing aid,Help_ChangingMemories,F5_stt:filler+truncate_tail,,,,,,
er can you setsetting to three,Cmd.MemoryChange,F5_stt:merge_boundary+filler,,,,,,
um how does transcribed work,Help_Transcribe,F5_stt:homophone+filler,,,,,,
uh where did i leave my other hearing,Help_FindMyHearingAids,F5_stt:filler+truncate_tail,,,,,,
er set setting tonumber one,Cmd.MemoryChange,F5_stt:merge_boundary+filler,,,,,,
how do i backup the data in,Help_HearingCareAnywhereConnect,F5_stt:drop_function_word+truncate_tail,,,,,,
uh can you pro gram two,Cmd.MemoryChange,F5_stt:filler+homophone,,,,,,
uh what is thecharge,Cmd.BatteryLevel,F5_stt:filler+merge_boundary,,,,,,
uh i need itmore quiet,Cmd.VolumeDecrease,F5_stt:merge_boundary+filler,,,,,,
um any helpyou,Default Fallback Intent,F5_stt:merge_boundary+filler,,,,,,
um can you lay downhere,Default Fallback Intent,F5_stt:merge_boundary+filler,,,,,,
uh play again,Cmd.ListenMessage,F5_stt:filler+drop_function_word,,,,,,
how do i usespeech text,Help_Transcribe,F5_stt:merge_boundary+drop_function_word,,,,,,
girls do that i wantto go to,Default Fallback Intent,F5_stt:merge_boundary+truncate_tail,,,,,,
can change to outdoor,Cmd.MemoryChange,F5_stt:drop_function_word+drop_plural,,,,,,
um please re mind me 10 30 p m to close the restaurant,reminders.add,F5_stt:filler+homophone,,,,,,
uh please change mammary to theater,Cmd.MemoryChange,F5_stt:homophone+filler,,,,,,
er work out goal,Cmd.ActivityExercise,F5_stt:drop_function_word+filler,,,,,,
please set reminderabout washing,reminders.add,F5_stt:truncate_tail+merge_boundary,,,,,,
how doi use the trans cribe feature,Help_Transcribe,F5_stt:homophone+merge_boundary,,,,,,
explain remoteadjustment,Help_RemoteProgramming,F5_stt:merge_boundary+drop_plural,,,,,,
how do i insert my right herring,Help_InsertDevice,F5_stt:truncate_tail+homophone,,,,,,
uh can you turn the lights,Default Fallback Intent,F5_stt:filler+truncate_tail,,,,,,
howwould i stop a fall,Help_FallAlert,F5_stt:merge_boundary+truncate_tail,,,,,,
um can show me help for transcribe,Help_Transcribe,F5_stt:filler+drop_function_word,,,,,,
er can streaming,Cmd.StreamingStart,F5_stt:filler+drop_function_word,,,,,,
can you re mind me at 7 p m on november 11 to dohomework,reminders.add,F5_stt:merge_boundary+homophone,,,,,,
show me an overviewof engage app,Help_WhatsNew,F5_stt:drop_function_word+merge_boundary,,,,,,
how does hedge mode improve,Help_EdgeMode,F5_stt:homophone+truncate_tail,,,,,,
er monthly,Default Fallback Intent,F5_stt:filler,,,,,,
uh ping myaids,Help_FindMyHearingAids,F5_stt:merge_boundary+filler,,,,,,
uh switch setting number four,Cmd.MemoryChange,F5_stt:filler+drop_function_word,,,,,,
how much biking have i done,Cmd.ActivityCycle,F5_stt:merge_boundary+truncate_tail,,,,,,
um volumeon left aid,Cmd.VolumeUnmute,F5_stt:merge_boundary+filler,,,,,,
er what intellivoice for,Help_IntelliVoice,F5_stt:drop_function_word+filler,,,,,,
um could yousend a message,Cmd.SendMessage,F5_stt:merge_boundary+filler,,,,,,
uh what if self check says that hearing aid is broken,Help_SelfCheck,F5_stt:filler+drop_function_word,,,,,,
switch memoryto number two,Cmd.MemoryChange,F5_stt:merge_boundary+drop_function_word,,,,,,
help with my hearingaid sound setting,Help_DeviceSettings,F5_stt:drop_plural+merge_boundary,,,,,,
can telephone programme,Cmd.MemoryChange,F5_stt:drop_function_word+homophone,,,,,,
all pre program setting change when once,Default Fallback Intent,F5_stt:drop_plural+truncate_tail,,,,,,
uh i have got a pc gamingreceiver,Default Fallback Intent,F5_stt:merge_boundary+filler,,,,,,
um how many more step to reach my goal,Cmd.ActivityStep,F5_stt:drop_plural+filler,,,,,,
328 cedarfall,Default Fallback Intent,F5_stt:drop_plural+merge_boundary,,,,,,
please switchgolf,Cmd.MemoryChange,F5_stt:drop_function_word+merge_boundary,,,,,,
er start recording,Cmd.TranscribeStart,F5_stt:filler,,,,,,
uh how do i let another person hear with,Help_HearShare,F5_stt:filler+truncate_tail,,,,,,
um the double tap feature is too sensitivecan i adjust the sensitivity,Help_DeviceSettings,F5_stt:filler+merge_boundary,,,,,,
uh how far isthe nearest store,Default Fallback Intent,F5_stt:filler+merge_boundary,,,,,,
uh open transcribed,Cmd.TranscribeStart,F5_stt:homophone+filler,,,,,,
how do i get theaid to stay,Help_InsertDevice,F5_stt:truncate_tail+merge_boundary,,,,,,
repair the audio on hearing 8s,Help_DeviceSettings,F5_stt:homophone+drop_function_word,,,,,,
uh can someone was supposed to call me and i never do,Default Fallback Intent,F5_stt:drop_function_word+filler,,,,,,
please android foamto listen to spotify,Default Fallback Intent,F5_stt:homophone+merge_boundary,,,,,,
how do i make sure 8s are okay,Help_SelfCheck,F5_stt:homophone+drop_function_word,,,,,,
uh pleaseswitch to crowd program,Cmd.MemoryChange,F5_stt:merge_boundary+filler,,,,,,
uh switch toeveryday memory,Cmd.MemoryChange,F5_stt:filler+merge_boundary,,,,,,
how do i reconnect my hearing aide,Help_Pairing,F5_stt:homophone+drop_plural,,,,,,
how will i know when my hearingspecialist adjusted my hearing,Help_RemoteProgramming,F5_stt:merge_boundary+truncate_tail,,,,,,
you switch togolf,Cmd.MemoryChange,F5_stt:drop_function_word+merge_boundary,,,,,,
er howdoes intellivoice work,Help_IntelliVoice,F5_stt:merge_boundary+filler,,,,,,
how do i connect withmy hearing,Help_HearingCareAnywhereConnect,F5_stt:truncate_tail+merge_boundary,,,,,,
canyou lyric,Default Fallback Intent,F5_stt:merge_boundary+drop_plural,,,,,,
uh please change program two,Cmd.MemoryChange,F5_stt:drop_function_word+filler,,,,,,
remind me to wear green on st patrick'sday,reminders.add,F5_stt:merge_boundary+homophone,,,,,,
set mammary golf,Cmd.MemoryChange,F5_stt:drop_function_word+homophone,,,,,,
er setthe reminder,reminders.add,F5_stt:merge_boundary+filler,,,,,,
please change to outdoor memery,Cmd.MemoryChange,F5_stt:homophone+drop_plural,,,,,,
the sounds istoo low,Cmd.VolumeIncrease,F5_stt:merge_boundary+homophone,,,,,,
uh help with tvstreamer,Help_Accessories,F5_stt:filler+merge_boundary,,,,,,
what doesthe locate 8s feature do,Help_FindMyHearingAids,F5_stt:homophone+merge_boundary,,,,,,
what the transcription featurefor,Help_Transcribe,F5_stt:drop_function_word+merge_boundary,,,,,,
um can we searched for relief you can go in,Default Fallback Intent,F5_stt:filler+drop_function_word,,,,,,
remind meat 7 p m on november 11 to do,reminders.add,F5_stt:merge_boundary+truncate_tail,,,,,,
complete theremind her,reminders.complete,F5_stt:homophone+merge_boundary,,,,,,
help mewith transcribe,Help_Transcribe,F5_stt:merge_boundary+drop_function_word,,,,,,
can fix face mask problem,Help_MaskMode,F5_stt:drop_plural+drop_function_word,,,,,,
um can you set pro gram to home,Cmd.MemoryChange,F5_stt:homophone+filler,,,,,,
where are app sitting,Help_AppSettings,F5_stt:homophone+drop_plural,,,,,,
please drop sound in my hearing,Cmd.VolumeDecrease,F5_stt:truncate_tail+drop_function_word,,,,,,
er used calories today,Cmd.ActivityCalories,F5_stt:drop_function_word+filler,,,,,,
uh how do i keep moisture out of my,Help_CleanCare,F5_stt:truncate_tail+filler,,,,,,
er how many calories have i used,Cmd.ActivityCalories,F5_stt:truncate_tail+filler,,,,,,
er explain thesmart voice feature,Help_IntelliVoice,F5_stt:merge_boundary+filler,,,,,,
newt hearing aids,Cmd.VolumeMute,F5_stt:drop_function_word+homophone,,,,,,
um how much walking have i done thisweek,Cmd.ActivityWalk,F5_stt:merge_boundary+filler,,,,,,
how do fix mask issue,Help_MaskMode,F5_stt:drop_function_word+drop_plural,,,,,,
show app capabilitieswithout hearing aides,Help_DemoMode,F5_stt:merge_boundary+homophone,,,,,,
er how do i connectalexa,Default Fallback Intent,F5_stt:merge_boundary+filler,,,,,,
uh help transcribed,Help_Transcribe,F5_stt:homophone+filler,,,,,,
can you re mind me to buy bread at 11 a m,reminders.add,F5_stt:truncate_tail+homophone,,,,,,
how to clean ric hearingaid,Help_CleanCare,F5_stt:drop_function_word+merge_boundary,,,,,,
am i close my cycling,Cmd.ActivityCycle,F5_stt:truncate_tail+drop_function_word,,,,,,
turned body off,Default Fallback Intent,F5_stt:homophone+drop_function_word,,,,,,
can you help with volumeadjustment on my hearing 8,Help_Volume,F5_stt:homophone+merge_boundary,,,,,,
er i justwalked into church,Cmd.MemoryChange,F5_stt:merge_boundary+filler,,,,,,
er cooking pork ribs on the,Default Fallback Intent,F5_stt:filler+truncate_tail,,,,,,
can you remind me to drink watertoday,reminders.add,F5_stt:merge_boundary+homophone,,,,,,
er can i add a remind her,reminders.add,F5_stt:homophone+filler,,,,,,
uh setto automatic memory,Cmd.MemoryChange,F5_stt:merge_boundary+filler,,,,,,
er how muchhave i walked,Cmd.ActivityWalk,F5_stt:merge_boundary+filler,,,,,,
canyou there is a problem with my hearing aides,Help_SelfCheck,F5_stt:homophone+merge_boundary,,,,,,
scream the music into my,Cmd.StreamingStart,F5_stt:truncate_tail+homophone,,,,,,
can you i need to disconnect my hearing aides from my,Help_Pairing,F5_stt:truncate_tail+homophone,,,,,,
er soften thing up,Cmd.VolumeDecrease,F5_stt:drop_plural+filler,,,,,,
please switchauditorium,Cmd.MemoryChange,F5_stt:drop_function_word+merge_boundary,,,,,,
um information on wellness score,Help_ThriveScore,F5_stt:filler+drop_function_word,,,,,,
uh set golf program,Cmd.MemoryChange,F5_stt:filler+drop_function_word,,,,,,
um why is my left hearin aid not connected,Help_Pairing,F5_stt:homophone+filler,,,,,,
um bustling hearin aid,Default Fallback Intent,F5_stt:homophone+filler,,,,,,
please change hearing aide to car,Cmd.MemoryChange,F5_stt:homophone+drop_plural,,,,,,
um please set setting three,Cmd.MemoryChange,F5_stt:filler+drop_function_word,,,,,,
uh setmemory to automatic,Cmd.MemoryChange,F5_stt:merge_boundary+filler,,,,,,
can i bet you thosetalking 7 eleven,Default Fallback Intent,F5_stt:drop_function_word+merge_boundary,,,,,,
should my hearing aid look like one in the,Help_InsertDevice,F5_stt:drop_function_word+truncate_tail,,,,,,
give me so much i do not know it another,Default Fallback Intent,F5_stt:drop_function_word+truncate_tail,,,,,,
um please switch memory toautomatic,Cmd.MemoryChange,F5_stt:merge_boundary+filler,,,,,,
um can youtone change,Help_DeviceSettings,F5_stt:filler+merge_boundary,,,,,,
um how do i transcribe words,Help_Transcribe,F5_stt:filler+drop_function_word,,,,,,
um can you set to 90,Cmd.VolumeIncrease,F5_stt:truncate_tail+filler,,,,,,
uh please switch tospeech,Cmd.MemoryChange,F5_stt:merge_boundary+filler,,,,,,
er set to gym memory,Cmd.MemoryChange,F5_stt:drop_function_word+filler,,,,,,
why doesn t my hearing aid look same as theone in the video,Help_InsertDevice,F5_stt:drop_function_word+merge_boundary,,,,,,
er please write a program in,Default Fallback Intent,F5_stt:truncate_tail+filler,,,,,,
um can you work out,Cmd.ActivityExercise,F5_stt:filler+truncate_tail,,,,,,
er you set program to number two,Cmd.MemoryChange,F5_stt:drop_function_word+filler,,,,,,
please remind about runningat 6 a m on 7th december,reminders.add,F5_stt:homophone+merge_boundary,,,,,,
canpersonal setting,Cmd.MemoryChange,F5_stt:drop_function_word+merge_boundary,,,,,,
uh switch program to number two,Cmd.MemoryChange,F5_stt:drop_function_word+filler,,,,,,
um remember to take my medicine tuesday morning at 10 a,reminders.add,F5_stt:truncate_tail+filler,,,,,,
er can you switch programto television,Cmd.MemoryChange,F5_stt:merge_boundary+filler,,,,,,
um how do i increase the volume in the left aide,Help_Volume,F5_stt:filler+homophone,,,,,,
uh check mycharge level,Cmd.BatteryLevel,F5_stt:merge_boundary+filler,,,,,,
switch school pro gram,Cmd.MemoryChange,F5_stt:homophone+drop_function_word,,,,,,
give me recipe for,Default Fallback Intent,F5_stt:truncate_tail+drop_function_word,,,,,,
um got enoughbattery for a movie,Cmd.BatteryLevel,F5_stt:filler+merge_boundary,,,,,,
uh where is the hearing 8 model,Help_DeviceSettings,F5_stt:homophone+filler,,,,,,
er choose a different mammary,Cmd.MemoryChange,F5_stt:filler+homophone,,,,,,
uh when should i use,Help_IntelliVoice,F5_stt:filler+truncate_tail,,,,,,
how doi switch on masque mode for masks,Help_MaskMode,F5_stt:homophone+merge_boundary,,,,,,
um noisesetting,Cmd.MemoryChange,F5_stt:filler+merge_boundary,,,,,,
umevery year,reminders.add,F5_stt:filler+merge_boundary,,,,,,
er dnn speech enhancement user guide,Help_IntelliVoice,F5_stt:filler+drop_function_word,,,,,,
er makespeech louder,Cmd.VolumeIncrease,F5_stt:merge_boundary+filler,,,,,,
uhplease remember i came in here and,Default Fallback Intent,F5_stt:filler+merge_boundary,,,,,,
er kitchen setting,Cmd.MemoryChange,F5_stt:filler,,,,,,
er silence everything,Cmd.VolumeMute,F5_stt:filler,,,,,,
uh please find my 8s,Help_FindMyHearingAids,F5_stt:filler+homophone,,,,,,
um switch program three,Cmd.MemoryChange,F5_stt:filler+drop_function_word,,,,,,
help with white noise adjustments in hearing,Help_Tinnitus,F5_stt:truncate_tail+drop_function_word,,,,,,
uh please ask myhouse,Default Fallback Intent,F5_stt:merge_boundary+filler,,,,,,
um set something remind me tomorrow,reminders.add,F5_stt:filler+drop_function_word,,,,,,
please take break and come,Default Fallback Intent,F5_stt:drop_function_word+truncate_tail,,,,,,
please belittle friend sharon dell one personal check your music from other definition only find,Default Fallback Intent,F5_stt:drop_function_word+drop_plural,,,,,,
how do i get to heart ratefunction,Help_HeartRate,F5_stt:drop_function_word+merge_boundary,,,,,,
er switchto mute memory,Cmd.MemoryChange,F5_stt:merge_boundary+filler,,,,,,
set reminda about dog walking repeat it everyday at 9 a,reminders.add,F5_stt:truncate_tail+homophone,,,,,,
please i need help pairing my aid to my,Help_Pairing,F5_stt:homophone+truncate_tail,,,,,,
explain how captions work in,Help_Transcribe,F5_stt:truncate_tail+drop_function_word,,,,,,
um putme in speech mode,Cmd.MemoryChange,F5_stt:merge_boundary+filler,,,,,,
do not makeany noise for minute,Default Fallback Intent,F5_stt:drop_function_word+merge_boundary,,,,,,
um begin tracking aerobic,Cmd.ActivityAerobics,F5_stt:filler+drop_plural,,,,,,
er turn doun the level,Cmd.VolumeDecrease,F5_stt:filler+homophone,,,,,,
er set to newt program,Cmd.MemoryChange,F5_stt:filler+homophone,,,,,,
canyou set to master programme,Cmd.MemoryChange,F5_stt:merge_boundary+homophone,,,,,,
got getting a textmessage at boston,Default Fallback Intent,F5_stt:merge_boundary+drop_function_word,,,,,,
uh set ep reminder,reminders.add,F5_stt:homophone+filler,,,,,,
uh explain theengagement score,Help_ThriveScore,F5_stt:merge_boundary+filler,,,,,,
er please help me find my left hearin aid,Help_FindMyHearingAids,F5_stt:filler+homophone,,,,,,
um start streaming remote to my hearing aids,Cmd.StreamingStart,F5_stt:filler+drop_function_word,,,,,,
can you help me find my,Help_FindMyHearingAids,F5_stt:homophone+truncate_tail,,,,,,
um can you remind me call someone everyday at 4 p m,reminders.add,F5_stt:filler+drop_function_word,,,,,,
uh get message to my daughter,Cmd.SendMessage,F5_stt:filler+drop_function_word,,,,,,
can re mind me to drink water later today at 5 p m,reminders.add,F5_stt:homophone+drop_function_word,,,,,,
can you add reminder feed acat in 3 minute,reminders.add,F5_stt:merge_boundary+drop_plural,,,,,,
er i wash them every now and then,Default Fallback Intent,F5_stt:drop_function_word+filler,,,,,,
um how will i know when the hearing specialist adjusted aid,Help_RemoteProgramming,F5_stt:drop_function_word+filler,,,,,,
er how do i enable the autocar feature,Help_DeviceSettings,F5_stt:filler+merge_boundary,,,,,,
uh receive audiostreaming,Cmd.StreamingStart,F5_stt:filler+merge_boundary,,,,,,
uh i want a reminda,reminders.add,F5_stt:filler+homophone,,,,,,
change themammary,Cmd.MemoryChange,F5_stt:homophone+merge_boundary,,,,,,
um how do i add a newmemory,Help_MemoryOptions,F5_stt:merge_boundary+filler,,,,,,
uh where's translation feature,Help_Translate,F5_stt:filler+drop_function_word,,,,,,
er switch toautomatic,Cmd.MemoryChange,F5_stt:filler+merge_boundary,,,,,,
how long do hearing aide last,Default Fallback Intent,F5_stt:homophone+drop_plural,,,,,,
um can you re mind,reminders.add,F5_stt:homophone+filler,,,,,,
uh what shouldi know first,Help_Home,F5_stt:merge_boundary+filler,,,,,,
pleasechange memery to three,Cmd.MemoryChange,F5_stt:homophone+merge_boundary,,,,,,
um switch mammary to gym,Cmd.MemoryChange,F5_stt:homophone+filler,,,,,,
er how do i save setting to a new memory,Help_MemoryOptions,F5_stt:filler+drop_plural,,,,,,
er please locate myother aid,Help_FindMyHearingAids,F5_stt:filler+merge_boundary,,,,,,
please remember toturn off my phone everyday at 11 p,reminders.add,F5_stt:truncate_tail+merge_boundary,,,,,,
er how to charge my itc hearing aide,Help_Battery,F5_stt:homophone+filler,,,,,,
put caption on everyone'sspeech,Cmd.TranscribeStart,F5_stt:merge_boundary+drop_plural,,,,,,
you batterycharge remaining,Cmd.BatteryLevel,F5_stt:drop_function_word+merge_boundary,,,,,,
er guideme on using reminders,Help_Reminder,F5_stt:filler+merge_boundary,,,,,,
er explain dnnspeech enhancement,Help_IntelliVoice,F5_stt:merge_boundary+filler,,,,,,
er can you show me an overview of,Help_WhatsNew,F5_stt:truncate_tail+filler,,,,,,
uh reset,Default Fallback Intent,F5_stt:filler,,,,,,
uh how do i set up fall,Help_FallAlert,F5_stt:filler+truncate_tail,,,,,,
um can you discover foam,Cmd.FindMyPhone,F5_stt:homophone+filler,,,,,,
can switchto music program,Cmd.MemoryChange,F5_stt:drop_function_word+merge_boundary,,,,,,
uh remind me to turn off phone everyday at 11 p m,reminders.add,F5_stt:filler+drop_function_word,,,,,,
er pleasewrite me an example,Default Fallback Intent,F5_stt:filler+merge_boundary,,,,,,
can you that istrue that is the best way to,Default Fallback Intent,F5_stt:merge_boundary+truncate_tail,,,,,,
translated this person'swords,Cmd.TranslationStart,F5_stt:homophone+merge_boundary,,,,,,
i seen some of the model out there and they,Default Fallback Intent,F5_stt:drop_plural+truncate_tail,,,,,,
please getting customer exactly with a free,Default Fallback Intent,F5_stt:truncate_tail+drop_plural,,,,,,
um help meunderstand volume per side,Help_Volume,F5_stt:filler+merge_boundary,,,,,,
remind me about dinner in,reminders.add,F5_stt:merge_boundary+truncate_tail,,,,,,
um give me a recipe forsoup,Default Fallback Intent,F5_stt:merge_boundary+filler,,,,,,
er help trans late,Help_Translate,F5_stt:filler+homophone,,,,,,
how do i update my app,Help_AppSettings,F5_stt:drop_plural+truncate_tail,,,,,,
er please tell me about the reminders,Help_Reminder,F5_stt:truncate_tail+filler,,,,,,
uh can yousteps taken,Cmd.ActivityStep,F5_stt:merge_boundary+filler,,,,,,
um that task taken care of,reminders.complete,F5_stt:drop_function_word+filler,,,,,,
um makesound off,Cmd.VolumeMute,F5_stt:merge_boundary+filler,,,,,,
how do iget more information on the engagement,Help_ThriveScore,F5_stt:truncate_tail+merge_boundary,,,,,,
uhmy standing total please,Cmd.ActivityStand,F5_stt:filler+merge_boundary,,,,,,
uh how do i find my aides,Help_FindMyHearingAids,F5_stt:filler+homophone,,,,,,
uh howdo i make,Default Fallback Intent,F5_stt:filler+merge_boundary,,,,,,
um how do i contact my clinician about an,Help_RemoteProgramming,F5_stt:truncate_tail+filler,,,,,,
you seta reminder to exercise today,reminders.add,F5_stt:drop_function_word+merge_boundary,,,,,,
uhtrack my stroll,Cmd.ActivityWalk,F5_stt:filler+merge_boundary,,,,,,
uh can you set memery to speech,Cmd.MemoryChange,F5_stt:homophone+filler,,,,,,
you iam up,Default Fallback Intent,F5_stt:drop_function_word+merge_boundary,,,,,,
er switchto crowd memory,Cmd.MemoryChange,F5_stt:merge_boundary+filler,,,,,,
er canyou change to worship memory,Cmd.MemoryChange,F5_stt:merge_boundary+filler,,,,,,
er what is on tvtonight,Default Fallback Intent,F5_stt:merge_boundary+filler,,,,,,
er thatis painfully loud,Cmd.VolumeDecrease,F5_stt:merge_boundary+filler,,,,,,
um please ek divasjam to send the money,Default Fallback Intent,F5_stt:merge_boundary+filler,,,,,,
uh canyou master memory,Cmd.MemoryChange,F5_stt:merge_boundary+filler,,,,,,
uh you dailly,Default Fallback Intent,F5_stt:filler+drop_function_word,,,,,,
outdoor mammary,Cmd.MemoryChange,F5_stt:drop_plural+homophone,,,,,,
can you switch program number,Cmd.MemoryChange,F5_stt:drop_function_word+truncate_tail,,,,,,
uh help understandingtranscription,Help_Transcribe,F5_stt:merge_boundary+filler,,,,,,
er can do not let me forget,reminders.add,F5_stt:filler+drop_function_word,,,,,,
please remember to take my medicine tuesday morning at 10,reminders.add,F5_stt:truncate_tail+drop_function_word,,,,,,
please change personal programme,Cmd.MemoryChange,F5_stt:homophone+drop_function_word,,,,,,
where is cell fone,Cmd.FindMyPhone,F5_stt:homophone+drop_function_word,,,,,,
um discover foam,Cmd.FindMyPhone,F5_stt:homophone+filler,,,,,,
uh can you makesound quieter,Cmd.VolumeDecrease,F5_stt:filler+merge_boundary,,,,,,
can switch mammary to car,Cmd.MemoryChange,F5_stt:homophone+drop_function_word,,,,,,
um play shin kennedy,Default Fallback Intent,F5_stt:filler+drop_plural,,,,,,
er how do i use the translation,Help_Translate,F5_stt:filler+truncate_tail,,,,,,
um yeah just take a little off,Default Fallback Intent,F5_stt:truncate_tail+filler,,,,,,
er guide methrough hearshare,Help_HearShare,F5_stt:filler+merge_boundary,,,,,,
can you adjusted with my,Default Fallback Intent,F5_stt:homophone+truncate_tail,,,,,,
er can switch to train program,Cmd.MemoryChange,F5_stt:drop_function_word+filler,,,,,,
you link drive to hearing 8,Help_Pairing,F5_stt:homophone+drop_function_word,,,,,,
um i need quietersound,Cmd.VolumeDecrease,F5_stt:merge_boundary+filler,,,,,,
uh set memoryto master,Cmd.MemoryChange,F5_stt:filler+merge_boundary,,,,,,
er masque setting,Cmd.MemoryChange,F5_stt:homophone+filler,,,,,,
usedriving setting,Cmd.MemoryChange,F5_stt:drop_function_word+merge_boundary,,,,,,
iam starting aerobic,Cmd.ActivityAerobics,F5_stt:drop_plural+merge_boundary,,,,,,
can you switchmemory office,Cmd.MemoryChange,F5_stt:merge_boundary+drop_function_word,,,,,,
does app record my heart,Help_HeartRate,F5_stt:truncate_tail+drop_function_word,,,,,,
um communicate viatext,Cmd.SendMessage,F5_stt:filler+merge_boundary,,,,,,
er please change tooffice program,Cmd.MemoryChange,F5_stt:merge_boundary+filler,,,,,,
um doun volume,Cmd.VolumeDecrease,F5_stt:filler+homophone,,,,,,
i need to write a massage to,Cmd.SendMessage,F5_stt:truncate_tail+homophone,,,,,,
please score of twin game,Default Fallback Intent,F5_stt:drop_function_word+drop_plural,,,,,,
there is an over my right hearinaid,Default Fallback Intent,F5_stt:homophone+merge_boundary,,,,,,
can youremind me to work,reminders.add,F5_stt:merge_boundary+truncate_tail,,,,,,
er change program to number three,Cmd.MemoryChange,F5_stt:filler+drop_function_word,,,,,,
er please switch memoryto office,Cmd.MemoryChange,F5_stt:filler+merge_boundary,,,,,,
can you help me remind me to call baetomorrow at 9,reminders.add,F5_stt:homophone+merge_boundary,,,,,,
uh canyou locate iphone,Cmd.FindMyPhone,F5_stt:merge_boundary+filler,,,,,,
uh whatis wicros used for,Help_WiCROS,F5_stt:merge_boundary+filler,,,,,,
you set to quiet mammary,Cmd.MemoryChange,F5_stt:homophone+drop_function_word,,,,,,
end moot let me hear,Cmd.VolumeUnmute,F5_stt:drop_function_word+homophone,,,,,,
uh work setting,Cmd.MemoryChange,F5_stt:filler,,,,,,
uh please set to mask programme,Cmd.MemoryChange,F5_stt:homophone+filler,,,,,,
er translated guide,Help_Translate,F5_stt:homophone+filler,,,,,,
er can you belittle friend sharon dell one personal check your music from the others definition only,Default Fallback Intent,F5_stt:filler+truncate_tail,,,,,,
uh are the batterie low,Cmd.BatteryLevel,F5_stt:filler+drop_plural,,,,,,
uh where do i manage reminders,Help_Reminder,F5_stt:filler+drop_function_word,,,,,,
uh set memory office,Cmd.MemoryChange,F5_stt:filler+drop_function_word,,,,,,
uh help me find my,Help_FindMyHearingAids,F5_stt:filler+truncate_tail,,,,,,
um can you change telephone,Cmd.MemoryChange,F5_stt:drop_function_word+filler,,,,,,
er tell me about thetranslation feature,Help_Translate,F5_stt:merge_boundary+filler,,,,,,
capture aerobicsclass,Cmd.ActivityAerobics,F5_stt:drop_function_word+merge_boundary,,,,,,
um set to workmemory,Cmd.MemoryChange,F5_stt:merge_boundary+filler,,,,,,
how do i turn down the loudnes on my 8,Help_Volume,F5_stt:homophone+drop_plural,,,,,,
patch the tv audio through my 8s,Cmd.StreamingStart,F5_stt:homophone+drop_function_word,,,,,,
show me transcribed help,Help_Transcribe,F5_stt:homophone+drop_function_word,,,,,,
uh set memory torestaurant,Cmd.MemoryChange,F5_stt:filler+merge_boundary,,,,,,
um explain accessory options,Help_Accessories,F5_stt:filler+drop_function_word,,,,,,
um when is samsung releasing next galaxy phone,Default Fallback Intent,F5_stt:drop_function_word+filler,,,,,,
er how do i share my information with a,Help_HearShare,F5_stt:filler+truncate_tail,,,,,,
switch golf programme,Cmd.MemoryChange,F5_stt:drop_function_word+homophone,,,,,,
how will i know when the audiologist adjusted the hearinaid,Help_RemoteProgramming,F5_stt:homophone+merge_boundary,,,,,,
new reminda for everyday,reminders.add,F5_stt:drop_function_word+homophone,,,,,,
uh changeprogram to speech,Cmd.MemoryChange,F5_stt:merge_boundary+filler,,,,,,
um what is on thehomepage,Help_Home,F5_stt:merge_boundary+filler,,,,,,
uh set to meeting memory,Cmd.MemoryChange,F5_stt:drop_function_word+filler,,,,,,
um please it is too loudturn it down,Cmd.VolumeDecrease,F5_stt:filler+merge_boundary,,,,,,
uh can you re mind me on the 27th of august tomy flight,reminders.add,F5_stt:homophone+filler,,,,,,
sentence with more,Default Fallback Intent,F5_stt:drop_function_word+drop_plural,,,,,,
er change to theater program,Cmd.MemoryChange,F5_stt:drop_function_word+filler,,,,,,
um explain realtime translation,Help_Translate,F5_stt:filler+merge_boundary,,,,,,
uh my right hearing aid isat 0,Default Fallback Intent,F5_stt:merge_boundary+filler,,,,,,
um where the locator for my aids,Help_FindMyHearingAids,F5_stt:drop_function_word+filler,,,,,,
how do i turn downthe loudness in my hearing,Help_Volume,F5_stt:merge_boundary+truncate_tail,,,,,,
pleaseset worship memory,Cmd.MemoryChange,F5_stt:drop_function_word+merge_boundary,,,,,,
where' the speed bus,Default Fallback Intent,F5_stt:drop_plural+drop_function_word,,,,,,
uh can schedule appointment,reminders.add,F5_stt:filler+drop_function_word,,,,,,
switchmask program,Cmd.MemoryChange,F5_stt:drop_function_word+merge_boundary,,,,,,
can youtern off tv,Default Fallback Intent,F5_stt:homophone+merge_boundary,,,,,,
how do i contact audiologist forhelp,Help_RemoteProgramming,F5_stt:merge_boundary+drop_function_word,,,,,,
on north koreans office will fuckers off,Default Fallback Intent,F5_stt:drop_function_word+truncate_tail,,,,,,
uh turn up,Cmd.VolumeIncrease,F5_stt:filler+drop_function_word,,,,,,
change memery telephone,Cmd.MemoryChange,F5_stt:drop_function_word+homophone,,,,,,
fix the staticin aids,Help_DeviceSettings,F5_stt:drop_function_word+merge_boundary,,,,,,
um open googlemap,Default Fallback Intent,F5_stt:merge_boundary+filler,,,,,,
howdo i reset the value on the hearing aid,Help_Volume,F5_stt:merge_boundary+homophone,,,,,,
uh how do i access demo,Help_DemoMode,F5_stt:truncate_tail+filler,,,,,,
can i controlmy 8s by voice,Help_VoiceAssistant,F5_stt:homophone+merge_boundary,,,,,,
uh you fire on friday,Default Fallback Intent,F5_stt:filler+drop_function_word,,,,,,
please set music mammary,Cmd.MemoryChange,F5_stt:homophone+drop_function_word,,,,,,
please change programme speech,Cmd.MemoryChange,F5_stt:homophone+drop_function_word,,,,,,
er how do i tweak volume on each side,Help_Volume,F5_stt:filler+drop_function_word,,,,,,
youswitch memory to personal,Cmd.MemoryChange,F5_stt:drop_function_word+merge_boundary,,,,,,
uh use music program instead,Cmd.MemoryChange,F5_stt:filler+drop_function_word,,,,,,
uh remind me whenthe time comes,reminders.add,F5_stt:filler+merge_boundary,,,,,,
um tell me what how much do i owe is in español,Cmd.TranslationStart,F5_stt:drop_function_word+filler,,,,,,
um end tv audio stream,Cmd.StreamingStop,F5_stt:filler+drop_function_word,,,,,,
can change programme to three,Cmd.MemoryChange,F5_stt:drop_function_word+homophone,,,,,,
um just curls ep in your ears yet,Default Fallback Intent,F5_stt:filler+homophone,,,,,,
er stepped taken,Cmd.ActivityStep,F5_stt:homophone+filler,,,,,,
uh i need it perfectlyquiet,Cmd.VolumeMute,F5_stt:filler+merge_boundary,,,,,,
er soften it,Cmd.VolumeDecrease,F5_stt:filler,,,,,,
set torestaurant mammary,Cmd.MemoryChange,F5_stt:homophone+merge_boundary,,,,,,
amazon screenis dark,Default Fallback Intent,F5_stt:merge_boundary+drop_function_word,,,,,,
heading out for a strollrecord,Cmd.ActivityWalk,F5_stt:drop_function_word+merge_boundary,,,,,,
uh switch memory to outdoor,Cmd.MemoryChange,F5_stt:filler+drop_plural,,,,,,
er why cannot i get 200 points with the drive score,Help_ThriveScore,F5_stt:filler+homophone,,,,,,
um please changeto theater,Cmd.MemoryChange,F5_stt:merge_boundary+filler,,,,,,
um you 328 cedar falls,Default Fallback Intent,F5_stt:drop_function_word+filler,,,,,,
smile so we are going go to,Default Fallback Intent,F5_stt:truncate_tail+drop_function_word,,,,,,
um my aid feels loose in myear,Help_InsertDevice,F5_stt:filler+merge_boundary,,,,,,
er where do i stop a fall alert,Help_FallAlert,F5_stt:truncate_tail+filler,,,,,,
wheredo i cancel a fall alert,Help_FallAlert,F5_stt:truncate_tail+merge_boundary,,,,,,
how do i remove accessories from,Help_Accessories,F5_stt:merge_boundary+truncate_tail,,,,,,
er fire on friday,Default Fallback Intent,F5_stt:filler+drop_function_word,,,,,,
um workout goal,Cmd.ActivityExercise,F5_stt:merge_boundary+filler,,,,,,
can you show mestanding history,Cmd.ActivityStand,F5_stt:drop_function_word+merge_boundary,,,,,,
um where isintellivoice,Help_IntelliVoice,F5_stt:filler+merge_boundary,,,,,,
er caring for and maintaining my 8s,Help_CleanCare,F5_stt:filler+homophone,,,,,,
uh how will i know when my professional adjusted hearing aids,Help_RemoteProgramming,F5_stt:filler+drop_function_word,,,,,,
er where s the appsettings,Help_AppSettings,F5_stt:merge_boundary+filler,,,,,,
uh canyou restaurant setting,Cmd.MemoryChange,F5_stt:merge_boundary+filler,,,,,,
uh start a text to partner,Cmd.SendMessage,F5_stt:drop_function_word+filler,,,,,,
does edg mode help in noisy place,Help_EdgeMode,F5_stt:drop_plural+homophone,,,,,,
pleasehelp with main screen,Help_Home,F5_stt:drop_function_word+merge_boundary,,,,,,
er i cannot remember where my other hearing aid,Help_FindMyHearingAids,F5_stt:truncate_tail+filler,,,,,,
er what can i do inthe app settings,Help_AppSettings,F5_stt:filler+merge_boundary,,,,,,
um write a messege,Cmd.SendMessage,F5_stt:homophone+filler,,,,,,
uh when doi use comfort boost,Help_DeviceSettings,F5_stt:merge_boundary+filler,,,,,,
uh can you volume quiter,Cmd.VolumeDecrease,F5_stt:filler+homophone,,,,,,
um what does the brainscore mean,Help_ThriveScore,F5_stt:merge_boundary+filler,,,,,,
re mindme of my appointment,reminders.add,F5_stt:homophone+merge_boundary,,,,,,
please help with tinnitu masker adjustment on my aides,Help_Tinnitus,F5_stt:drop_plural+homophone,,,,,,
how long have i stoodthis,Cmd.ActivityStand,F5_stt:merge_boundary+truncate_tail,,,,,,
umhow can i access the fall alert settings,Help_AppSettings,F5_stt:filler+merge_boundary,,,,,,
i reset a mammary,Help_MemoryOptions,F5_stt:drop_function_word+homophone,,,,,,
can you herring aids transcribe,Help_Transcribe,F5_stt:truncate_tail+homophone,,,,,,
er please set to quiet,Cmd.MemoryChange,F5_stt:filler+truncate_tail,,,,,,
uh please make the hearing aids,Cmd.VolumeDecrease,F5_stt:filler+truncate_tail,,,,,,
uh imight forget this,reminders.add,F5_stt:merge_boundary+filler,,,,,,
er wheres virtual assistant,Help_VoiceAssistant,F5_stt:filler+merge_boundary,,,,,,
er what self check,Help_SelfCheck,F5_stt:drop_function_word+filler,,,,,,
makenote for later,reminders.add,F5_stt:drop_function_word+merge_boundary,,,,,,
um distance fromnew jersey,Default Fallback Intent,F5_stt:filler+merge_boundary,,,,,,
er remind me from monday till wednesday,reminders.add,F5_stt:homophone+filler,,,,,,
er new reminder eat an apple every day at 9 m,reminders.add,F5_stt:drop_function_word+filler,,,,,,
er help me trans cribe,Help_Transcribe,F5_stt:filler+homophone,,,,,,
er switch hearing program,Cmd.MemoryChange,F5_stt:drop_function_word+filler,,,,,,
um can youtinnitus program,Cmd.MemoryChange,F5_stt:filler+merge_boundary,,,,,,
how do i reconnect my left,Help_Pairing,F5_stt:homophone+truncate_tail,,,,,,
er intelligent voiceuser guide,Help_IntelliVoice,F5_stt:merge_boundary+filler,,,,,,
er hey google turn onthe master lamps,Default Fallback Intent,F5_stt:filler+merge_boundary,,,,,,
um please changeto kitchen,Cmd.MemoryChange,F5_stt:merge_boundary+filler,,,,,,
er please not soloud,Cmd.VolumeDecrease,F5_stt:filler+merge_boundary,,,,,,
er can i set recurringreminders,Help_Reminder,F5_stt:filler+merge_boundary,,,,,,
er i just arrived at noisy cafe,Cmd.MemoryChange,F5_stt:drop_function_word+filler,,,,,,
um please my left ear does not work,Help_SelfCheck,F5_stt:filler+truncate_tail,,,,,,
you switch programme to speech,Cmd.MemoryChange,F5_stt:drop_function_word+homophone,,,,,,
how do i adjust my tinnitus maskerin my hearing 8,Help_Tinnitus,F5_stt:homophone+merge_boundary,,,,,,
er i need to contact someonequickly,Cmd.SendMessage,F5_stt:filler+merge_boundary,,,,,,
um switchto worship,Cmd.MemoryChange,F5_stt:merge_boundary+filler,,,,,,
how many memorys i have,Help_MemoryOptions,F5_stt:drop_function_word+homophone,,,,,,
please help with whitenoise adjustments in hearing aids,Help_Tinnitus,F5_stt:drop_function_word+merge_boundary,,,,,,
uh guide me on batter e care,Help_Battery,F5_stt:homophone+filler,,,,,,
er createa reminder,reminders.add,F5_stt:merge_boundary+filler,,,,,,
uh can you my walking time,Cmd.ActivityWalk,F5_stt:truncate_tail+filler,,,,,,
when could i send manual alerttext message,Help_FallAlert,F5_stt:drop_function_word+merge_boundary,,,,,,
um changeto noise,Cmd.MemoryChange,F5_stt:merge_boundary+filler,,,,,,
cani use water to clean my hearing,Help_CleanCare,F5_stt:truncate_tail+merge_boundary,,,,,,
um starttranslate for french,Cmd.TranslationStart,F5_stt:filler+merge_boundary,,,,,,
um can you right hearing aid is at 0,Default Fallback Intent,F5_stt:drop_function_word+filler,,,,,,
how do i translatewords,Help_Translate,F5_stt:drop_function_word+merge_boundary,,,,,,
tips for putting in,Help_InsertDevice,F5_stt:truncate_tail+drop_function_word,,,,,,
uh hearing aids transcribehelp,Help_Transcribe,F5_stt:merge_boundary+filler,,,,,,
how willi know when my audiologist adjusted aid,Help_RemoteProgramming,F5_stt:merge_boundary+drop_function_word,,,,,,
uh sound is crackling in my hearing aides,Help_DeviceSettings,F5_stt:homophone+filler,,,,,,
how do i change loudness on theaid,Help_Volume,F5_stt:merge_boundary+drop_function_word,,,,,,
er how do i stop streaming from my,Help_Accessories,F5_stt:filler+truncate_tail,,,,,,
can you iwas doun 17 grand earlier today,Default Fallback Intent,F5_stt:merge_boundary+homophone,,,,,,
please new reminder eat an apple everyday at 9,reminders.add,F5_stt:drop_function_word+truncate_tail,,,,,,
um can you particularproduct you wanted to check specifically,Default Fallback Intent,F5_stt:merge_boundary+filler,,,,,,
uh is coming in too hot,Cmd.VolumeDecrease,F5_stt:drop_function_word+filler,,,,,,
um canyou explain,Help_Home,F5_stt:merge_boundary+filler,,,,,,
where'my google phone,Cmd.FindMyPhone,F5_stt:drop_plural+merge_boundary,,,,,,
umsend it,Cmd.SendMessage,F5_stt:filler+merge_boundary,,,,,,
uh seta reminder please,reminders.add,F5_stt:filler+merge_boundary,,,,,,
er you change to memory number two,Cmd.MemoryChange,F5_stt:filler+drop_function_word,,,,,,
switch to crowd memery,Cmd.MemoryChange,F5_stt:drop_function_word+homophone,,,,,,
turn off left aide,Cmd.VolumeMute,F5_stt:homophone+drop_function_word,,,,,,
uh score of twins game,Default Fallback Intent,F5_stt:filler+drop_function_word,,,,,,
er please just keep me that searching,Default Fallback Intent,F5_stt:drop_function_word+filler,,,,,,
er can youset program to television,Cmd.MemoryChange,F5_stt:merge_boundary+filler,,,,,,
can you makestretchy like that,Default Fallback Intent,F5_stt:drop_function_word+merge_boundary,,,,,,
uh let my friend knowi am on my way,Cmd.SendMessage,F5_stt:merge_boundary+filler,,,,,,
havelong have i been jogging,Cmd.ActivityRun,F5_stt:merge_boundary+drop_function_word,,,,,,
uh will it know if ifall over,Help_FallAlert,F5_stt:filler+merge_boundary,,,,,,
um i need help withpairing my aid,Help_Pairing,F5_stt:filler+merge_boundary,,,,,,
uh play messege i got,Cmd.ListenMessage,F5_stt:homophone+filler,,,,,,
the shadowy men ona shadowy,Default Fallback Intent,F5_stt:truncate_tail+merge_boundary,,,,,,
er is my aid connected tomy app,Help_Pairing,F5_stt:filler+merge_boundary,,,,,,
er can you switch pro gram to auditorium,Cmd.MemoryChange,F5_stt:filler+homophone,,,,,,
uh what does kindscore mean,Help_ThriveScore,F5_stt:merge_boundary+filler,,,,,,
stop the audioscream,Cmd.StreamingStop,F5_stt:homophone+merge_boundary,,,,,,
uh send a shortmessage,Cmd.SendMessage,F5_stt:merge_boundary+filler,,,,,,
i needdirection,Help_Home,F5_stt:drop_plural+merge_boundary,,,,,,
um set program to number,Cmd.MemoryChange,F5_stt:filler+truncate_tail,,,,,,
how see my daily hearing aid,Help_Health,F5_stt:drop_function_word+truncate_tail,,,,,,
uh silence,Cmd.VolumeMute,F5_stt:filler,,,,,,
uh what is intelligentvoice,Help_IntelliVoice,F5_stt:filler+merge_boundary,,,,,,
how do i turn wind noise,Help_Customize,F5_stt:drop_function_word+truncate_tail,,,,,,
how doi mute the hearing,Help_Volume,F5_stt:merge_boundary+truncate_tail,,,,,,
please remind me drink water later today at 5 p m,reminders.add,F5_stt:drop_function_word+homophone,,,,,,
um my walking time,Cmd.ActivityWalk,F5_stt:drop_function_word+filler,,,,,,
er can you turn offthe sound,Cmd.VolumeMute,F5_stt:merge_boundary+filler,,,,,,
you let me hearit,Cmd.ListenMessage,F5_stt:drop_function_word+merge_boundary,,,,,,
i want tern on the right stream boost,Default Fallback Intent,F5_stt:homophone+drop_function_word,,,,,,
change memoryeveryday,Cmd.MemoryChange,F5_stt:drop_function_word+merge_boundary,,,,,,
er what my friends score,Default Fallback Intent,F5_stt:drop_function_word+filler,,,,,,
um how do i use google assistant with my aides,Help_VoiceAssistant,F5_stt:filler+homophone,,,,,,
uh please more volum,Cmd.VolumeIncrease,F5_stt:filler+homophone,,,,,,
um can show me my running goal,Cmd.ActivityRun,F5_stt:filler+drop_function_word,,,,,,
can you hey spec hello good stat heart i didnot get that coverage but the cardboard that was hanging in the fall,Default Fallback Intent,F5_stt:merge_boundary+drop_plural,,,,,,
howdo dnn speech enhancement,Help_IntelliVoice,F5_stt:drop_function_word+merge_boundary,,,,,,
er i set the program to a location,Help_MemoryOptions,F5_stt:drop_function_word+filler,,,,,,
how do i get new sittings from my,Help_HearingCareAnywhereConnect,F5_stt:homophone+truncate_tail,,,,,,
cani preview the adjustments made by my,Help_RemoteProgramming,F5_stt:merge_boundary+truncate_tail,,,,,,
can youswitch to theater,Cmd.MemoryChange,F5_stt:truncate_tail+merge_boundary,,,,,,
er how wouldi send a manual alert text,Help_FallAlert,F5_stt:filler+merge_boundary,,,,,,
er can misplaced telephone,Cmd.FindMyPhone,F5_stt:drop_function_word+filler,,,,,,
how do iinsert hearing aides into my ears,Help_InsertDevice,F5_stt:homophone+merge_boundary,,,,,,
uh remember to visit family on thanksgiving day,reminders.add,F5_stt:drop_function_word+filler,,,,,,
how do i turned my hearing aidsdown,Help_Volume,F5_stt:homophone+merge_boundary,,,,,,
i cannot hear him so isgood,Default Fallback Intent,F5_stt:drop_function_word+merge_boundary,,,,,,
er how do i turn mask mode,Help_MaskMode,F5_stt:filler+truncate_tail,,,,,,
where would i initiate amanual alert text,Help_FallAlert,F5_stt:truncate_tail+merge_boundary,,,,,,
um shelley phone,Default Fallback Intent,F5_stt:filler+drop_function_word,,,,,,
do my 8ssupport a tv connector,Help_Accessories,F5_stt:homophone+merge_boundary,,,,,,
er how do i search for myaid,Help_FindMyHearingAids,F5_stt:filler+merge_boundary,,,,,,
er what my calorie burn today,Cmd.ActivityCalories,F5_stt:filler+drop_function_word,,,,,,
er where did ileave my right aid,Help_FindMyHearingAids,F5_stt:merge_boundary+filler,,,,,,
er show help guide foripro,Help_ThriveScore,F5_stt:filler+merge_boundary,,,,,,
i want to talk tomy,Help_RemoteProgramming,F5_stt:truncate_tail+merge_boundary,,,,,,
help with changing memories on myhearing,Help_ChangingMemories,F5_stt:merge_boundary+truncate_tail,,,,,,
er maximum volum,Cmd.VolumeIncrease,F5_stt:homophone+filler,,,,,,
are hearingaids getting low,Cmd.BatteryLevel,F5_stt:drop_function_word+merge_boundary,,,,,,
um how do i turn off tv volume,Help_Accessories,F5_stt:drop_function_word+filler,,,,,,
uh what on tv tonight on channel 3,Default Fallback Intent,F5_stt:filler+drop_function_word,,,,,,
can you setoffice program,Cmd.MemoryChange,F5_stt:drop_function_word+merge_boundary,,,,,,
er let me know you are ep,Default Fallback Intent,F5_stt:homophone+filler,,,,,,
pearing hearing aidson the thrive app,Help_Pairing,F5_stt:homophone+merge_boundary,,,,,,
where do i see mybeat per minute,Help_HeartRate,F5_stt:drop_plural+merge_boundary,,,,,,
do not letme forget take my medicine,reminders.add,F5_stt:merge_boundary+drop_function_word,,,,,,
uh there a video showing how to put on my hearing aids,Help_InsertDevice,F5_stt:filler+drop_function_word,,,,,,
can you setto television pro gram,Cmd.MemoryChange,F5_stt:merge_boundary+homophone,,,,,,
how do i change the volumn of mytv streamer,Help_Accessories,F5_stt:merge_boundary+homophone,,,,,,
remind me to pick ep my prescription at5 p m on monday,reminders.add,F5_stt:homophone+merge_boundary,,,,,,
uh can you switch programme to one,Cmd.MemoryChange,F5_stt:homophone+filler,,,,,,
re mind me i have a doctor's appointment,reminders.add,F5_stt:homophone+drop_function_word,,,,,,
um only if it is not a problem for,Default Fallback Intent,F5_stt:filler+truncate_tail,,,,,,
uh search citizen,Default Fallback Intent,F5_stt:filler+drop_plural,,,,,,
you switch toschool,Cmd.MemoryChange,F5_stt:merge_boundary+drop_function_word,,,,,,
uh how to change my walking goals from weeklyto daily,Help_Health,F5_stt:merge_boundary+filler,,,,,,
uh switchto memory one,Cmd.MemoryChange,F5_stt:filler+merge_boundary,,,,,,
can you alex good manasseh okay i will see you back at the desk ep,Default Fallback Intent,F5_stt:truncate_tail+homophone,,,,,,
er switch program to television,Cmd.MemoryChange,F5_stt:drop_function_word+filler,,,,,,
er find me hotel,Default Fallback Intent,F5_stt:filler+drop_function_word,,,,,,
uh remind me to pick up my prescription on monday at 5p m,reminders.add,F5_stt:filler+merge_boundary,,,,,,
uh can i change the nameof the accessory,Help_Accessories,F5_stt:merge_boundary+filler,,,,,,
can you cooking pork ribs onthe,Default Fallback Intent,F5_stt:merge_boundary+truncate_tail,,,,,,
uh explain the speech to text,Help_Transcribe,F5_stt:truncate_tail+filler,,,,,,
umdawsonville quick,Default Fallback Intent,F5_stt:filler+merge_boundary,,,,,,
uh batter e level,Cmd.BatteryLevel,F5_stt:filler+homophone,,,,,,
uh fone phone phone phone phone,Default Fallback Intent,F5_stt:homophone+filler,,,,,,
er please change programme to noise,Cmd.MemoryChange,F5_stt:filler+homophone,,,,,,
how do i change to a different memery on my hearing,Help_ChangingMemories,F5_stt:truncate_tail+homophone,,,,,,
er can change to tinnitus memory,Cmd.MemoryChange,F5_stt:drop_function_word+filler,,,,,,
um can youtransmitter,Help_WiCROS,F5_stt:merge_boundary+filler,,,,,,
er turn off toshiba,Default Fallback Intent,F5_stt:filler+drop_function_word,,,,,,
er senda note,Cmd.SendMessage,F5_stt:merge_boundary+filler,,,,,,
uh you tell me about amharic language,Default Fallback Intent,F5_stt:drop_function_word+filler,,,,,,
um nevermind,Default Fallback Intent,F5_stt:filler,,,,,,
how do i place dome in my,Help_InsertDevice,F5_stt:drop_function_word+truncate_tail,,,,,,
um how doi translate,Help_Translate,F5_stt:merge_boundary+filler,,,,,,
restaurantnear me,Default Fallback Intent,F5_stt:drop_function_word+merge_boundary,,,,,,
um where is themain screen,Help_Home,F5_stt:filler+merge_boundary,,,,,,
er complete my reminda,reminders.complete,F5_stt:filler+homophone,,,,,,
er view my recoveryscore,Help_HeartRateRecovery,F5_stt:filler+merge_boundary,,,,,,
um where do i create reminder,Help_Reminder,F5_stt:filler+drop_function_word,,,,,,
er can you change to,Cmd.MemoryChange,F5_stt:filler+truncate_tail,,,,,,
can you i lost my aid can you help me,Help_FindMyHearingAids,F5_stt:drop_function_word+truncate_tail,,,,,,
umswitch to personal memory,Cmd.MemoryChange,F5_stt:filler+merge_boundary,,,,,,
uh how do i make custom memory,Help_MemoryOptions,F5_stt:filler+drop_function_word,,,,,,
er alexa tern off porch light,Default Fallback Intent,F5_stt:homophone+filler,,,,,,
um can you sometimes is okay to take a day off,Default Fallback Intent,F5_stt:drop_function_word+filler,,,,,,
er messege someone,Cmd.SendMessage,F5_stt:filler+homophone,,,,,,
you i cannot remember where my left hearing aidis,Help_FindMyHearingAids,F5_stt:merge_boundary+drop_function_word,,,,,,
um i am settling in to watch a,Cmd.MemoryChange,F5_stt:truncate_tail+filler,,,,,,
er kill all noise completely,Cmd.VolumeMute,F5_stt:filler+drop_function_word,,,,,,
uh switch office memory,Cmd.MemoryChange,F5_stt:filler+drop_function_word,,,,,,
please setto mute pro gram,Cmd.MemoryChange,F5_stt:merge_boundary+homophone,,,,,,
uh please remind about busines meeting every monday at 4 p m,reminders.add,F5_stt:filler+drop_plural,,,,,,
um how doi add caregiver,Help_HearShare,F5_stt:filler+merge_boundary,,,,,,
switch tomaster program,Cmd.MemoryChange,F5_stt:merge_boundary+drop_function_word,,,,,,
uh is there a way to caption conversation,Help_Transcribe,F5_stt:drop_plural+filler,,,,,,
uh can remind me to,reminders.add,F5_stt:filler+drop_function_word,,,,,,
pro gram number three,Cmd.MemoryChange,F5_stt:drop_function_word+homophone,,,,,,
er can you add remind her for meeting,reminders.add,F5_stt:homophone+filler,,,,,,
um what smy heart rate,Help_HeartRate,F5_stt:merge_boundary+filler,,,,,,
uh but i want to see,Default Fallback Intent,F5_stt:filler+drop_function_word,,,,,,
can you volumeoff left 8,Cmd.VolumeMute,F5_stt:merge_boundary+homophone,,,,,,
um how do i get better body score,Help_ThriveScore,F5_stt:filler+drop_plural,,,,,,
how much further doi need walk,Cmd.ActivityWalk,F5_stt:drop_function_word+merge_boundary,,,,,,
can you adjust right ear for higher,Cmd.VolumeIncrease,F5_stt:homophone+truncate_tail,,,,,,
er please set to outdoors mammary,Cmd.MemoryChange,F5_stt:homophone+filler,,,,,,
canyou help with pairing hearing aids on thrive app,Help_Pairing,F5_stt:drop_function_word+merge_boundary,,,,,,
how will i know when my professionaladjusted my hearing,Help_RemoteProgramming,F5_stt:merge_boundary+truncate_tail,,,,,,
does translate save conversation,Help_Translate,F5_stt:drop_function_word+drop_plural,,,,,,
uh music setting,Cmd.MemoryChange,F5_stt:filler,,,,,,
how do i customize my right herring,Help_Customize,F5_stt:homophone+truncate_tail,,,,,,
uh howlong have i danced,Cmd.ActivityExercise,F5_stt:merge_boundary+filler,,,,,,
how do i set myhealth goal,Help_Health,F5_stt:drop_plural+merge_boundary,,,,,,
uhwho is the president,Default Fallback Intent,F5_stt:filler+merge_boundary,,,,,,
er theater pro gram,Cmd.MemoryChange,F5_stt:homophone+filler,,,,,,
uh where isthe adjustment for the transmitter and receiver,Help_WiCROS,F5_stt:merge_boundary+filler,,,,,,
er newedema,Default Fallback Intent,F5_stt:filler+merge_boundary,,,,,,
um dnn speech enhancement userguide,Help_IntelliVoice,F5_stt:merge_boundary+filler,,,,,,
re mind me about the teacher meeting on,reminders.add,F5_stt:truncate_tail+homophone,,,,,,
uh please set program to number,Cmd.MemoryChange,F5_stt:truncate_tail+filler,,,,,,
guide me on using hedge,Help_EdgeMode,F5_stt:homophone+truncate_tail,,,,,,
uh please sendmessage,Cmd.SendMessage,F5_stt:merge_boundary+filler,,,,,,
uh explain how mammary switching works,Help_ChangingMemories,F5_stt:homophone+filler,,,,,,
um you there is really no,Default Fallback Intent,F5_stt:drop_function_word+filler,,,,,,
how would i knowif an alert text message is,Help_FallAlert,F5_stt:merge_boundary+truncate_tail,,,,,,
um where do i check bpm,Help_HeartRate,F5_stt:filler+drop_function_word,,,,,,
uh switch programme to master,Cmd.MemoryChange,F5_stt:filler+homophone,,,,,,
uh can you remember to take medicine tomorrow,reminders.add,F5_stt:truncate_tail+filler,,,,,,
um i cannot find other aid,Help_FindMyHearingAids,F5_stt:filler+drop_function_word,,,,,,
er please remind me to call my brother on veteran day,reminders.add,F5_stt:drop_plural+filler,,,,,,
change pro gram tothree,Cmd.MemoryChange,F5_stt:merge_boundary+homophone,,,,,,
er mammary button,Help_ChangingMemories,F5_stt:filler+homophone,,,,,,
um please so this is your hearing,Default Fallback Intent,F5_stt:truncate_tail+filler,,,,,,
er decrease right hearing aid,Cmd.VolumeDecrease,F5_stt:filler+drop_function_word,,,,,,
what in hedge mode,Help_EdgeMode,F5_stt:homophone+drop_function_word,,,,,,
uh please switch to telephoneprogram,Cmd.MemoryChange,F5_stt:merge_boundary+filler,,,,,,
uh can you change memery to theater,Cmd.MemoryChange,F5_stt:homophone+filler,,,,,,
canyou personal programme,Cmd.MemoryChange,F5_stt:merge_boundary+homophone,,,,,,
how do i accept the adjustment made by the,Help_RemoteProgramming,F5_stt:truncate_tail+drop_plural,,,,,,
now its making noise,Default Fallback Intent,F5_stt:drop_plural+drop_function_word,,,,,,
um can you help with white noise adjustments in my,Help_Tinnitus,F5_stt:truncate_tail+filler,,,,,,
um can you help with the home,Help_Home,F5_stt:filler+truncate_tail,,,,,,
aremy hearing aids paired to the,Help_Pairing,F5_stt:merge_boundary+truncate_tail,,,,,,
um please show me tenitus settings,Help_Tinnitus,F5_stt:homophone+filler,,,,,,
pleaseturn the light off,Default Fallback Intent,F5_stt:merge_boundary+drop_plural,,,,,,
how do i turn ep loudness on my hearing aid,Help_Volume,F5_stt:homophone+drop_function_word,,,,,,
i lostmy aides,Help_FindMyHearingAids,F5_stt:merge_boundary+homophone,,,,,,
i cannot find right hearing aide,Help_FindMyHearingAids,F5_stt:homophone+drop_function_word,,,,,,
uh remind me of my doctor's appointment,reminders.add,F5_stt:homophone+filler,,,,,,
uh setan alert for me,reminders.add,F5_stt:merge_boundary+filler,,,,,,
can i cannot find my other 8,Help_FindMyHearingAids,F5_stt:homophone+drop_function_word,,,,,,
um moot my aids,Cmd.VolumeMute,F5_stt:filler+homophone,,,,,,
uh as far as far as cleaning ep over there i went pretty,Default Fallback Intent,F5_stt:homophone+filler,,,,,,
um how do i adjust my loudness of the tinnitus masker in aid,Help_Tinnitus,F5_stt:filler+drop_function_word,,,,,,
howmuch running have i done this,Cmd.ActivityRun,F5_stt:truncate_tail+merge_boundary,,,,,,
um please kid pushes the top button real quick and let it go the volum goes up,Default Fallback Intent,F5_stt:homophone+filler,,,,,,
er remember to take medication today at 5 p m,reminders.add,F5_stt:filler+drop_function_word,,,,,,
please mark last reminder,reminders.complete,F5_stt:truncate_tail+drop_function_word,,,,,,
um switchto office,Cmd.MemoryChange,F5_stt:merge_boundary+filler,,,,,,
who won game last,Default Fallback Intent,F5_stt:truncate_tail+drop_function_word,,,,,,
uh bring mysound back,Cmd.VolumeUnmute,F5_stt:filler+merge_boundary,,,,,,
er particular product you wantedto check specifically,Default Fallback Intent,F5_stt:filler+merge_boundary,,,,,,
re mind me i have doctor's appointment,reminders.add,F5_stt:drop_function_word+homophone,,,,,,
er how i set volume per ear,Help_Volume,F5_stt:filler+drop_function_word,,,,,,
um canit be less loud,Cmd.VolumeDecrease,F5_stt:merge_boundary+filler,,,,,,
er how do i change loudness on my aid,Help_Volume,F5_stt:filler+drop_function_word,,,,,,
er can you brave score,Default Fallback Intent,F5_stt:filler+drop_plural,,,,,,
um how do i switch between basic andadvanced mode,Help_AppSettings,F5_stt:merge_boundary+filler,,,,,,
um please hearing aidvolume on,Cmd.VolumeUnmute,F5_stt:merge_boundary+filler,,,,,,
er volume ep,Cmd.VolumeIncrease,F5_stt:homophone+filler,,,,,,
um how would i cancelan alert message text message,Help_FallAlert,F5_stt:filler+merge_boundary,,,,,,
didhearing aids volume set correctly,Help_Volume,F5_stt:drop_function_word+merge_boundary,,,,,,
um please connectright aid,Help_Pairing,F5_stt:merge_boundary+filler,,,,,,
pleaseread last text messege,Default Fallback Intent,F5_stt:homophone+merge_boundary,,,,,,
uh iconic store,Default Fallback Intent,F5_stt:filler,,,,,,
turnoff screaming,Cmd.StreamingStop,F5_stt:homophone+merge_boundary,,,,,,
um please remind me about dinner at 15 p,reminders.add,F5_stt:filler+truncate_tail,,,,,,
uh liftdevice not registering,Default Fallback Intent,F5_stt:merge_boundary+filler,,,,,,
uh pleasedo not tell me that is the problem,Default Fallback Intent,F5_stt:merge_boundary+filler,,,,,,
um explain adjusting volumn per ear,Help_Volume,F5_stt:homophone+filler,,,,,,
remind me to go runningevery wednesday at 7 a,reminders.add,F5_stt:truncate_tail+merge_boundary,,,,,,
where's find myhearing aid feature,Help_FindMyHearingAids,F5_stt:merge_boundary+drop_function_word,,,,,,
step sofar today,Cmd.ActivityStep,F5_stt:homophone+merge_boundary,,,,,,
er where did i put myphone,Cmd.FindMyPhone,F5_stt:merge_boundary+filler,,,,,,
er you set an alarm for 8 a m,reminders.add,F5_stt:filler+drop_function_word,,,,,,
uh can you everyyear,reminders.add,F5_stt:merge_boundary+filler,,,,,,
how would i stop fallalert text,Help_FallAlert,F5_stt:merge_boundary+drop_function_word,,,,,,
er moot setting,Cmd.MemoryChange,F5_stt:homophone+filler,,,,,,
how many steppedcalories,Cmd.ActivityStep,F5_stt:homophone+merge_boundary,,,,,,
what message do ihave,Cmd.ListenMessage,F5_stt:drop_plural+merge_boundary,,,,,,
uh what can i personalize on aids,Help_Customize,F5_stt:drop_function_word+filler,,,,,,
er can youvolume down,Cmd.VolumeDecrease,F5_stt:filler+merge_boundary,,,,,,
how do i usemy hearing aide with an accessory,Help_Accessories,F5_stt:homophone+merge_boundary,,,,,,
increase loudness inmy aids,Cmd.VolumeIncrease,F5_stt:merge_boundary+drop_function_word,,,,,,
er pleaseset reminder,reminders.add,F5_stt:filler+merge_boundary,,,,,,
re mind me to drink some water in 5,reminders.add,F5_stt:homophone+truncate_tail,,,,,,
can help me trans cribe,Help_Transcribe,F5_stt:drop_function_word+homophone,,,,,,
uh how do i change to another mammary on the hearing aid,Help_ChangingMemories,F5_stt:filler+homophone,,,,,,
quiet everything dow nothing,Cmd.VolumeMute,F5_stt:homophone+drop_function_word,,,,,,
um thetv is too loud,Cmd.VolumeDecrease,F5_stt:merge_boundary+filler,,,,,,
er listen to the remote,Cmd.StreamingStart,F5_stt:filler+truncate_tail,,,,,,
uh how doi switch profiles,Help_ChangingMemories,F5_stt:merge_boundary+filler,,,,,,
uhchange to kitchen,Cmd.MemoryChange,F5_stt:filler+merge_boundary,,,,,,
howdo i change the battery in my hearing,Help_Battery,F5_stt:merge_boundary+truncate_tail,,,,,,
um how do i tern up the tv volume,Help_Accessories,F5_stt:filler+homophone,,,,,,
youconnect right hearing aid,Help_Pairing,F5_stt:merge_boundary+drop_function_word,,,,,,
alter metal plate myrtle beach,Default Fallback Intent,F5_stt:drop_plural+truncate_tail,,,,,,
um what is mammary,Help_ChangingMemories,F5_stt:filler+homophone,,,,,,
cani create new program,Help_MemoryOptions,F5_stt:drop_function_word+merge_boundary,,,,,,
remember totake medicine today at 5 p,reminders.add,F5_stt:merge_boundary+truncate_tail,,,,,,
er howdo i put this hearing aid in,Help_InsertDevice,F5_stt:merge_boundary+filler,,,,,,
canchange memory to kitchen,Cmd.MemoryChange,F5_stt:drop_function_word+merge_boundary,,,,,,
please playtv scream,Cmd.StreamingStart,F5_stt:merge_boundary+homophone,,,,,,
uh how do i use the voice,Help_VoiceAssistant,F5_stt:filler+truncate_tail,,,,,,
can you imisplaced aid,Help_FindMyHearingAids,F5_stt:merge_boundary+drop_function_word,,,,,,
uh can i make a remind her,reminders.add,F5_stt:homophone+filler,,,,,,
uh set program number three,Cmd.MemoryChange,F5_stt:drop_function_word+filler,,,,,,
er how do i use voice asisstant,Help_VoiceAssistant,F5_stt:drop_function_word+filler,,,,,,
um help understandingremote tuning,Help_RemoteProgramming,F5_stt:merge_boundary+filler,,,,,,
please i was doun 17 grand earlier,Default Fallback Intent,F5_stt:truncate_tail+homophone,,,,,,
er tinitis feature help,Help_Tinnitus,F5_stt:filler+homophone,,,,,,
er pleasechange to golf,Cmd.MemoryChange,F5_stt:filler+merge_boundary,,,,,,
er donot let me forget to call the doctor at 3 pm,reminders.add,F5_stt:filler+merge_boundary,,,,,,
um troubleshoot my hearin aid sound,Help_DeviceSettings,F5_stt:filler+homophone,,,,,,
canmore like this is,Default Fallback Intent,F5_stt:drop_function_word+merge_boundary,,,,,,
er how do i unpair my aids from phone,Help_Pairing,F5_stt:filler+drop_function_word,,,,,,
uh can youfuck off,Default Fallback Intent,F5_stt:filler+merge_boundary,,,,,,
um can you change home program,Cmd.MemoryChange,F5_stt:drop_function_word+filler,,,,,,
uhdiscover telephone,Cmd.FindMyPhone,F5_stt:filler+merge_boundary,,,,,,
you locationsuddenly,Default Fallback Intent,F5_stt:drop_function_word+merge_boundary,,,,,,
can youchange pro gram to school,Cmd.MemoryChange,F5_stt:merge_boundary+homophone,,,,,,
please more value,Cmd.VolumeIncrease,F5_stt:homophone+drop_function_word,,,,,,
setupreminder take medicine at 1 p m,reminders.add,F5_stt:merge_boundary+drop_function_word,,,,,,
uh have i reached my runninggoal,Cmd.ActivityRun,F5_stt:merge_boundary+filler,,,,,,
remind me ofvideo everyday at,reminders.add,F5_stt:merge_boundary+truncate_tail,,,,,,
can i go toa different hearing aide program,Help_ChangingMemories,F5_stt:merge_boundary+homophone,,,,,,
um i need a reminder fortoday,reminders.add,F5_stt:filler+merge_boundary,,,,,,
um please hearing aids every time stupid phone goes,Default Fallback Intent,F5_stt:drop_function_word+filler,,,,,,
what i needto hear the question,Default Fallback Intent,F5_stt:merge_boundary+truncate_tail,,,,,,
uh lostiphone,Cmd.FindMyPhone,F5_stt:filler+merge_boundary,,,,,,
8 keeps cutting out,Help_DeviceSettings,F5_stt:drop_function_word+homophone,,,,,,
uh setmemory to train,Cmd.MemoryChange,F5_stt:merge_boundary+filler,,,,,,
er how do i geotag my current,Help_MemoryOptions,F5_stt:truncate_tail+filler,,,,,,
uh transmit message,Cmd.SendMessage,F5_stt:filler+drop_function_word,,,,,,
uh how haskind changed,Help_WhatsNew,F5_stt:merge_boundary+filler,,,,,,
unmute hearing 8s,Cmd.VolumeUnmute,F5_stt:drop_function_word+homophone,,,,,,
please i want to createa new,Help_MemoryOptions,F5_stt:truncate_tail+merge_boundary,,,,,,
um when should iuse intelligent voice,Help_IntelliVoice,F5_stt:merge_boundary+filler,,,,,,
uh it sound low,Cmd.VolumeIncrease,F5_stt:drop_plural+filler,,,,,,
uh can youeveryday,reminders.add,F5_stt:filler+merge_boundary,,,,,,
um pleaseset to restaurant memory,Cmd.MemoryChange,F5_stt:merge_boundary+filler,,,,,,
er where did i leave my lefthearing aid,Help_FindMyHearingAids,F5_stt:filler+merge_boundary,,,,,,
listwhat you can help me,Help_Home,F5_stt:merge_boundary+truncate_tail,,,,,,
how do i pare my hearing aid to my,Help_Pairing,F5_stt:homophone+truncate_tail,,,,,,
youremind me on weekend,reminders.add,F5_stt:merge_boundary+drop_function_word,,,,,,
can you set reminder fordinner with tom,reminders.add,F5_stt:truncate_tail+merge_boundary,,,,,,
er can you pairing hearing aids on the phone,Help_Pairing,F5_stt:drop_function_word+filler,,,,,,
er how do i find my herring aid,Help_FindMyHearingAids,F5_stt:filler+homophone,,,,,,
um help me find left hearing aid,Help_FindMyHearingAids,F5_stt:drop_function_word+filler,,,,,,
er please remind me to go to work the 19th of,reminders.add,F5_stt:truncate_tail+filler,,,,,,
how to see myweekly interaction goal,Help_Health,F5_stt:drop_plural+merge_boundary,,,,,,
how do i adjust loudness on just one,Help_Volume,F5_stt:truncate_tail+drop_function_word,,,,,,
how do volumn changes getsaved,Help_Volume,F5_stt:homophone+merge_boundary,,,,,,
can you set memery to,Cmd.MemoryChange,F5_stt:homophone+truncate_tail,,,,,,
guide me on tinitisrelief,Help_Tinnitus,F5_stt:homophone+merge_boundary,,,,,,
tell me aboutthe reminders,Help_Reminder,F5_stt:truncate_tail+merge_boundary,,,,,,
help with pairing herring aids with phone,Help_Pairing,F5_stt:drop_function_word+homophone,,,,,,
um set memory toauditorium,Cmd.MemoryChange,F5_stt:merge_boundary+filler,,,,,,
er hear lastmessage,Cmd.ListenMessage,F5_stt:merge_boundary+filler,,,,,,
erplease they are trying to reduce the temperature right now,Default Fallback Intent,F5_stt:filler+merge_boundary,,,,,,
um can you remind me about dinner at 1523,reminders.add,F5_stt:filler+homophone,,,,,,
please help with loudness changes on hearin aids,Help_Volume,F5_stt:drop_function_word+homophone,,,,,,
how do i charge hearing 8 itc,Help_Battery,F5_stt:homophone+drop_function_word,,,,,,
er reach out with thismessage,Cmd.SendMessage,F5_stt:merge_boundary+filler,,,,,,
quiet downfor me,Cmd.VolumeDecrease,F5_stt:merge_boundary+drop_function_word,,,,,,
er hey spec hello good stats heart i did not get that coverage but the cardboard that was hanging in fall,Default Fallback Intent,F5_stt:filler+drop_function_word,,,,,,
um can i cleanthe wax guard,Help_CleanCare,F5_stt:merge_boundary+filler,,,,,,
uh please change pro gram to restaurant,Cmd.MemoryChange,F5_stt:homophone+filler,,,,,,
uh i am here it in 7 days they are going to be paired recap again bye,Default Fallback Intent,F5_stt:drop_function_word+filler,,,,,,
er when would i use demo,Help_DemoMode,F5_stt:truncate_tail+filler,,,,,,
er please pairing aids with my,Help_Pairing,F5_stt:filler+truncate_tail,,,,,,
how i change the smart assistant setting,Help_AppSettings,F5_stt:drop_plural+drop_function_word,,,,,,
um set personal program,Cmd.MemoryChange,F5_stt:filler+drop_function_word,,,,,,
uh can should i tell him how i feel,Default Fallback Intent,F5_stt:drop_function_word+filler,,,,,,
what microphone accessories stream to,Help_Accessories,F5_stt:drop_function_word+truncate_tail,,,,,,
um turn it dow a bit,Cmd.VolumeDecrease,F5_stt:filler+homophone,,,,,,
er wednesday,Default Fallback Intent,F5_stt:filler,,,,,,
let me hear my,Cmd.StreamingStart,F5_stt:truncate_tail+drop_function_word,,,,,,
set to crowdmemory,Cmd.MemoryChange,F5_stt:merge_boundary+drop_function_word,,,,,,
please set programme tooffice,Cmd.MemoryChange,F5_stt:homophone+merge_boundary,,,,,,
you set to100 volume,Cmd.VolumeIncrease,F5_stt:merge_boundary+drop_function_word,,,,,,
er turn on volume,Cmd.VolumeUnmute,F5_stt:filler+drop_function_word,,,,,,
um switchto auditorium,Cmd.MemoryChange,F5_stt:merge_boundary+filler,,,,,,
how do i change to adifferent memory on the hearing,Help_ChangingMemories,F5_stt:truncate_tail+merge_boundary,,,,,,
mut hearingaids,Cmd.VolumeMute,F5_stt:merge_boundary+homophone,,,,,,
let family memberlisten in,Help_HearShare,F5_stt:merge_boundary+drop_function_word,,,,,,
uh how do i see my areobic,Help_Health,F5_stt:truncate_tail+filler,,,,,,
um please by the time khan academy,Default Fallback Intent,F5_stt:truncate_tail+filler,,,,,,
where can i find small seacans for,Default Fallback Intent,F5_stt:merge_boundary+truncate_tail,,,,,,
where could my phonebe ring,Cmd.FindMyPhone,F5_stt:merge_boundary+truncate_tail,,,,,,
you turnbody off,Default Fallback Intent,F5_stt:merge_boundary+drop_function_word,,,,,,
um how would i stop analert text,Help_FallAlert,F5_stt:merge_boundary+filler,,,,,,
um tell me thebattery percentage,Cmd.BatteryLevel,F5_stt:merge_boundary+filler,,,,,,
what isa healthy heart,Help_HeartRate,F5_stt:truncate_tail+merge_boundary,,,,,,
can set settingto one,Cmd.MemoryChange,F5_stt:merge_boundary+drop_function_word,,,,,,
remind her for this evening,reminders.add,F5_stt:homophone+drop_function_word,,,,,,
er killthe audio,Cmd.VolumeMute,F5_stt:merge_boundary+filler,,,,,,
er please pick uptv stream signal,Cmd.StreamingStart,F5_stt:filler+merge_boundary,,,,,,
please set a reminder drinkwater today,reminders.add,F5_stt:drop_function_word+merge_boundary,,,,,,
er tell meabout demo mode,Help_DemoMode,F5_stt:merge_boundary+filler,,,,,,
what is the serial number ofmy herring aids,Help_DeviceSettings,F5_stt:homophone+merge_boundary,,,,,,
what is running count for the,Cmd.ActivityRun,F5_stt:drop_function_word+truncate_tail,,,,,,
tony' office imyself india,Default Fallback Intent,F5_stt:merge_boundary+drop_plural,,,,,,
uh set telephone program,Cmd.MemoryChange,F5_stt:filler+drop_function_word,,,,,,
um amplify things forme,Cmd.VolumeIncrease,F5_stt:filler+merge_boundary,,,,,,
can mast setting,Cmd.MemoryChange,F5_stt:homophone+drop_function_word,,,,,,
turned down gain,Cmd.VolumeDecrease,F5_stt:homophone+drop_function_word,,,,,,
beam the tv sundto me,Cmd.StreamingStart,F5_stt:homophone+merge_boundary,,,,,,
set memery toworship,Cmd.MemoryChange,F5_stt:homophone+merge_boundary,,,,,,
pleasechange gym program,Cmd.MemoryChange,F5_stt:merge_boundary+drop_function_word,,,,,,
er connecting sony nikon,Default Fallback Intent,F5_stt:drop_function_word+filler,,,,,,
you suicide about differentsubstitute,Default Fallback Intent,F5_stt:drop_function_word+merge_boundary,,,,,,
er turn volume on,Cmd.VolumeUnmute,F5_stt:drop_function_word+filler,,,,,,
switch memery to personal,Cmd.MemoryChange,F5_stt:homophone+drop_function_word,,,,,,
um begin tracking ride,Cmd.ActivityCycle,F5_stt:filler+drop_function_word,,,,,,
ercan you florist off screen,Default Fallback Intent,F5_stt:filler+merge_boundary,,,,,,
er how do i check myheart rate,Help_HeartRate,F5_stt:filler+merge_boundary,,,,,,
er whereis transcribe,Help_Transcribe,F5_stt:merge_boundary+filler,,,,,,
er please help with changing programs on my aide,Help_ChangingMemories,F5_stt:homophone+filler,,,,,,
er show me an overview ofkind,Help_WhatsNew,F5_stt:filler+merge_boundary,,,,,,
um ping myphone,Cmd.FindMyPhone,F5_stt:filler+merge_boundary,,,,,,
um please stop listening please ask you question,Default Fallback Intent,F5_stt:drop_function_word+filler,,,,,,
explain volume control,Help_Volume,F5_stt:drop_plural+drop_function_word,,,,,,
er takeme on a tour,Help_Home,F5_stt:merge_boundary+filler,,,,,,
can you increasethe loudnes in my aids,Cmd.VolumeIncrease,F5_stt:drop_plural+merge_boundary,,,,,,
showme running goal,Cmd.ActivityRun,F5_stt:drop_function_word+merge_boundary,,,,,,
adjust right ear for highersound,Cmd.VolumeIncrease,F5_stt:merge_boundary+drop_function_word,,,,,,
i am heading out onthe,Cmd.ActivityCycle,F5_stt:truncate_tail+merge_boundary,,,,,,
i want togo for run,Cmd.ActivityRun,F5_stt:drop_function_word+merge_boundary,,,,,,
my daily healthmetric,Help_Health,F5_stt:merge_boundary+drop_plural,,,,,,
mutemy aids,Cmd.VolumeMute,F5_stt:drop_function_word+merge_boundary,,,,,,
please help with pairing theaid,Help_Pairing,F5_stt:merge_boundary+drop_plural,,,,,,
how do i accesvoice assistant,Help_VoiceAssistant,F5_stt:drop_plural+merge_boundary,,,,,,
um can change to program one,Cmd.MemoryChange,F5_stt:drop_function_word+filler,,,,,,
um quieta please,Cmd.VolumeDecrease,F5_stt:filler+homophone,,,,,,
um can you rememberto take medication today at 5 p m,reminders.add,F5_stt:filler+merge_boundary,,,,,,
er transmitter,Help_WiCROS,F5_stt:filler,,,,,,
i amheading outdoors switch my,Cmd.MemoryChange,F5_stt:truncate_tail+merge_boundary,,,,,,
er save this for me,reminders.add,F5_stt:drop_function_word+filler,,,,,,
can or put on 6 month,Default Fallback Intent,F5_stt:drop_function_word+truncate_tail,,,,,,
er adjustments did not hear it in the office but i am out to yourthere,Default Fallback Intent,F5_stt:filler+merge_boundary,,,,,,
you switch to automatic,Cmd.MemoryChange,F5_stt:truncate_tail+drop_function_word,,,,,,
um what s heart raterecovery,Help_HeartRateRecovery,F5_stt:filler+merge_boundary,,,,,,
um why is not my herring aid charging,Help_Battery,F5_stt:homophone+filler,,,,,,
pairing myhearing aids with the thrive,Help_Pairing,F5_stt:merge_boundary+truncate_tail,,,,,,
er can read last text message,Default Fallback Intent,F5_stt:filler+drop_function_word,,,,,,
uh please set memory to,Cmd.MemoryChange,F5_stt:filler+truncate_tail,,,,,,
um change hearing aids tocar,Cmd.MemoryChange,F5_stt:merge_boundary+filler,,,,,,
uh what does this voice ai,Help_IntelliVoice,F5_stt:truncate_tail+filler,,,,,,
uh explain how to move between programs,Help_ChangingMemories,F5_stt:drop_function_word+filler,,,,,,
uh how do i adjust the volume on my,Help_Accessories,F5_stt:truncate_tail+filler,,,,,,
umi am somewhere noisy,Cmd.MemoryChange,F5_stt:filler+merge_boundary,,,,,,
uh play what people sentme,Cmd.ListenMessage,F5_stt:merge_boundary+filler,,,,,,
um please yeah justtake a little off yeah,Default Fallback Intent,F5_stt:merge_boundary+filler,,,,,,
uh is my phone anandroid phone,Default Fallback Intent,F5_stt:merge_boundary+filler,,,,,,
uh note doun my walk,Cmd.ActivityWalk,F5_stt:filler+homophone,,,,,,
um send word to friend,Cmd.SendMessage,F5_stt:drop_function_word+filler,,,,,,
uh i need more value,Cmd.VolumeIncrease,F5_stt:filler+homophone,,,,,,
er pleasecalories used today,Cmd.ActivityCalories,F5_stt:merge_boundary+filler,,,,,,
um minimum loudnes,Cmd.VolumeDecrease,F5_stt:drop_plural+filler,,,,,,
can i have adifferent value in each ear,Help_Volume,F5_stt:homophone+merge_boundary,,,,,,
how can i flip between,Help_ChangingMemories,F5_stt:drop_plural+truncate_tail,,,,,,
uh it is too loud for,Cmd.VolumeDecrease,F5_stt:filler+truncate_tail,,,,,,
er start recording run,Cmd.ActivityRun,F5_stt:drop_function_word+filler,,,,,,
uh how do i sync these,Help_Pairing,F5_stt:truncate_tail+filler,,,,,,
how do i change programs on hearing,Help_ChangingMemories,F5_stt:drop_function_word+truncate_tail,,,,,,
tips for maintaining my hearing aide,Help_CleanCare,F5_stt:homophone+drop_plural,,,,,,
um david soul alert,Default Fallback Intent,F5_stt:drop_function_word+filler,,,,,,
um what does transcribe feature do,Help_Transcribe,F5_stt:drop_function_word+filler,,,,,,
you setmemory to outdoors,Cmd.MemoryChange,F5_stt:merge_boundary+drop_function_word,,,,,,
um can you switch to,Cmd.MemoryChange,F5_stt:filler+truncate_tail,,,,,,
er please set program television,Cmd.MemoryChange,F5_stt:drop_function_word+filler,,,,,,
how doi change volume on my aids,Help_Volume,F5_stt:drop_function_word+merge_boundary,,,,,,
er check batterylevel,Cmd.BatteryLevel,F5_stt:filler+merge_boundary,,,,,,
er microphone icon,Help_VoiceAssistant,F5_stt:filler,,,,,,
how do i checkpulse on the app,Help_HeartRate,F5_stt:drop_function_word+merge_boundary,,,,,,
um how do i get remotefine tuning,Help_RemoteProgramming,F5_stt:filler+merge_boundary,,,,,,
lowerhow loud it,Cmd.VolumeDecrease,F5_stt:drop_function_word+merge_boundary,,,,,,
how doi access setting,Help_Home,F5_stt:merge_boundary+drop_plural,,,,,,
cut thetv connection to my,Cmd.StreamingStop,F5_stt:truncate_tail+merge_boundary,,,,,,
please can alway add,Default Fallback Intent,F5_stt:drop_function_word+drop_plural,,,,,,
you set to gymmemory,Cmd.MemoryChange,F5_stt:merge_boundary+drop_function_word,,,,,,
how do i sent a request to professional for,Help_RemoteProgramming,F5_stt:drop_function_word+truncate_tail,,,,,,
how do i start streamin from thetv streamer,Help_Accessories,F5_stt:merge_boundary+homophone,,,,,,
i am sitting dow in crowded diner,Cmd.MemoryChange,F5_stt:drop_function_word+homophone,,,,,,
how many more steps do ineed,Cmd.ActivityStep,F5_stt:merge_boundary+truncate_tail,,,,,,
how do i turn ep the loudness on my,Help_Volume,F5_stt:truncate_tail+homophone,,,,,,
erhow do i enable heart rate tracking,Help_HeartRate,F5_stt:filler+merge_boundary,,,,,,
uh you the weather outside today,Default Fallback Intent,F5_stt:drop_function_word+filler,,,,,,
uh how do i accept my new setting,Help_RemoteProgramming,F5_stt:filler+homophone,,,,,,
er how do i use trans cribe,Help_Transcribe,F5_stt:filler+homophone,,,,,,
er remind me about the doctor on,reminders.add,F5_stt:truncate_tail+filler,,,,,,
er my aids keepglitching,Help_DeviceSettings,F5_stt:merge_boundary+filler,,,,,,
um what kind of fun thing is there to do in minnesota,Default Fallback Intent,F5_stt:drop_plural+filler,,,,,,
uhhow do i enable comfort boost,Help_DeviceSettings,F5_stt:filler+merge_boundary,,,,,,
er where would i initiate manual alert,Help_FallAlert,F5_stt:drop_function_word+filler,,,,,,
what does edg modedo,Help_EdgeMode,F5_stt:merge_boundary+homophone,,,,,,
uh can open translation in spanish,Cmd.TranslationStart,F5_stt:filler+drop_function_word,,,,,,
uh can you this reminder is,reminders.complete,F5_stt:truncate_tail+filler,,,,,,
how doi go the the home,Help_Home,F5_stt:truncate_tail+merge_boundary,,,,,,
um you step goal,Cmd.ActivityStep,F5_stt:drop_function_word+filler,,,,,,
canyou set setting to number,Cmd.MemoryChange,F5_stt:truncate_tail+merge_boundary,,,,,,
um set an alarm for doctor appointment tomorrow morning,reminders.add,F5_stt:drop_plural+filler,,,,,,
um can you pairing aids with myphone,Help_Pairing,F5_stt:merge_boundary+filler,,,,,,
um can you i can t get my hearing aid,Help_InsertDevice,F5_stt:truncate_tail+filler,,,,,,
er log my trainingsession,Cmd.ActivityExercise,F5_stt:merge_boundary+filler,,,,,,
how do remotefitting work,Help_RemoteProgramming,F5_stt:drop_plural+merge_boundary,,,,,,
read messege inbox,Cmd.ListenMessage,F5_stt:drop_function_word+homophone,,,,,,
um can you add mast as a customized memory,Help_MemoryOptions,F5_stt:filler+homophone,,,,,,
pleaseears sweat,Default Fallback Intent,F5_stt:drop_function_word+merge_boundary,,,,,,
um can you foam,Default Fallback Intent,F5_stt:homophone+filler,,,,,,
shut off streamed sund,Cmd.StreamingStop,F5_stt:drop_function_word+homophone,,,,,,
pleasei misplaced right aid,Help_FindMyHearingAids,F5_stt:drop_function_word+merge_boundary,,,,,,
how do i track down aides,Help_FindMyHearingAids,F5_stt:drop_function_word+homophone,,,,,,
batteries life getting shorter,Help_Battery,F5_stt:drop_function_word+homophone,,,,,,
make stretchylike that,Default Fallback Intent,F5_stt:merge_boundary+drop_function_word,,,,,,
stream fromthe remote microphone,Cmd.StreamingStart,F5_stt:merge_boundary+drop_function_word,,,,,,
changesetting number one,Cmd.MemoryChange,F5_stt:merge_boundary+drop_function_word,,,,,,
uh how dnn speech enhancement,Help_IntelliVoice,F5_stt:filler+drop_function_word,,,,,,
uh how doesheart rate monitoring work,Help_HeartRate,F5_stt:merge_boundary+filler,,,,,,
uh canyou sound off,Cmd.VolumeMute,F5_stt:filler+merge_boundary,,,,,,
uh you hear it again,Cmd.ListenMessage,F5_stt:filler+drop_function_word,,,,,,
using appwithout hearing aids,Help_DemoMode,F5_stt:drop_function_word+merge_boundary,,,,,,
switch totrain program,Cmd.MemoryChange,F5_stt:drop_function_word+merge_boundary,,,,,,
er whatdoes demo mode do,Help_DemoMode,F5_stt:filler+merge_boundary,,,,,,
um how do icreate my own memory for my hearing aid,Help_MemoryOptions,F5_stt:merge_boundary+filler,,,,,,
hear mytext please,Cmd.ListenMessage,F5_stt:drop_plural+merge_boundary,,,,,,
um can you remind me to drink water in 10,reminders.add,F5_stt:filler+truncate_tail,,,,,,
er customize hearing aid settings,Help_Customize,F5_stt:filler+drop_function_word,,,,,,
how doi change to different memory on the hearing aids,Help_ChangingMemories,F5_stt:drop_function_word+merge_boundary,,,,,,
please turn up the loudnes on hearing aid,Cmd.VolumeIncrease,F5_stt:drop_function_word+drop_plural,,,,,,
set ep reminder,reminders.add,F5_stt:homophone+drop_plural,,,,,,
my foam is lost ringit,Cmd.FindMyPhone,F5_stt:homophone+merge_boundary,,,,,,
where isengagement rating,Help_ThriveScore,F5_stt:drop_function_word+merge_boundary,,,,,,
scream theaudio to my devices,Cmd.StreamingStart,F5_stt:homophone+merge_boundary,,,,,,
uh can siri,Default Fallback Intent,F5_stt:filler+drop_function_word,,,,,,
uh can help with changing memories using my thrive app,Help_ChangingMemories,F5_stt:drop_function_word+filler,,,,,,
um you increase the left hearing aid,Cmd.VolumeIncrease,F5_stt:drop_function_word+filler,,,,,,
switchmy mammary,Cmd.MemoryChange,F5_stt:homophone+merge_boundary,,,,,,
please i have lost my hearing,Help_FindMyHearingAids,F5_stt:homophone+truncate_tail,,,,,,
you remember to take medicine next thursday at 4 pm,reminders.add,F5_stt:merge_boundary+drop_function_word,,,,,,
um how do i set translation language,Help_Translate,F5_stt:filler+drop_function_word,,,,,,
er there really no,Default Fallback Intent,F5_stt:drop_function_word+filler,,,,,,
you translated for russian,Cmd.TranslationStart,F5_stt:homophone+drop_function_word,,,,,,
um make sound quieter,Cmd.VolumeDecrease,F5_stt:filler+drop_function_word,,,,,,
how do i change memorie on my hearing 8s,Help_ChangingMemories,F5_stt:drop_plural+homophone,,,,,,
er can you tell me about english,Default Fallback Intent,F5_stt:filler+truncate_tail,,,,,,
you set pro gram to gym,Cmd.MemoryChange,F5_stt:drop_function_word+homophone,,,,,,
uh canyou heart rate user guide,Help_HeartRate,F5_stt:merge_boundary+filler,,,,,,
er halt the screaming,Cmd.StreamingStop,F5_stt:filler+homophone,,,,,,
er switch pro gram to four,Cmd.MemoryChange,F5_stt:homophone+filler,,,,,,
um please show me user manual for accessory,Help_Accessories,F5_stt:drop_function_word+filler,,,,,,
er can you play last massage,Cmd.ListenMessage,F5_stt:homophone+filler,,,,,,
you remember when they are unloading the truck you getexasperated,Default Fallback Intent,F5_stt:merge_boundary+drop_function_word,,,,,,
how many hour of charge,Cmd.BatteryLevel,F5_stt:truncate_tail+drop_plural,,,,,,
can help with tinnitus volume adjustment on my herring aids,Help_Tinnitus,F5_stt:homophone+drop_function_word,,,,,,
can you help with white noise adjustment onmy hearing 8,Help_Tinnitus,F5_stt:merge_boundary+homophone,,,,,,
help withthe home screen,Help_Home,F5_stt:merge_boundary+drop_function_word,,,,,,
uh right,Default Fallback Intent,F5_stt:filler,,,,,,
help me find way,Help_Home,F5_stt:truncate_tail+drop_function_word,,,,,,
canyou change golf,Cmd.MemoryChange,F5_stt:merge_boundary+drop_function_word,,,,,,
uh switch programto school,Cmd.MemoryChange,F5_stt:merge_boundary+filler,,,,,,
uh guide me throughchanging memories,Help_ChangingMemories,F5_stt:merge_boundary+filler,,,,,,
hearing aids every time stupid phone,Default Fallback Intent,F5_stt:drop_function_word+truncate_tail,,,,,,
uhstart tv,Cmd.StreamingStart,F5_stt:filler+merge_boundary,,,,,,
can let me hear the,Cmd.StreamingStart,F5_stt:drop_function_word+truncate_tail,,,,,,
um how doi stop streaming from the tv streamer,Help_Accessories,F5_stt:filler+merge_boundary,,,,,,
what voiceassistant,Help_VoiceAssistant,F5_stt:drop_function_word+merge_boundary,,,,,,
erchange settings to number three,Cmd.MemoryChange,F5_stt:filler+merge_boundary,,,,,,
er you remind me about the parent teacher meeting on friday,reminders.add,F5_stt:filler+drop_function_word,,,,,,
you sentence with more,Default Fallback Intent,F5_stt:drop_function_word+drop_plural,,,,,,
er can you one hearing aid is not being,Help_SelfCheck,F5_stt:truncate_tail+filler,,,,,,
er help with tinnitus masker adjustment,Help_Tinnitus,F5_stt:drop_plural+filler,,,,,,
setprogram to home,Cmd.MemoryChange,F5_stt:drop_function_word+merge_boundary,,,,,,
remind me day before,reminders.add,F5_stt:drop_function_word+homophone,,,,,,
please remind mein 15 minutes to go to the bar,reminders.add,F5_stt:merge_boundary+homophone,,,,,,
you everyday programme,Cmd.MemoryChange,F5_stt:drop_function_word+homophone,,,,,,
canyou i got a chica phone if you can find her something,Default Fallback Intent,F5_stt:merge_boundary+truncate_tail,,,,,,
uh set to televisionmemory,Cmd.MemoryChange,F5_stt:merge_boundary+filler,,,,,,
uh please raise the volume ep,Cmd.VolumeIncrease,F5_stt:filler+homophone,,,,,,
er where do i stop an alert message text,Help_FallAlert,F5_stt:truncate_tail+filler,,,,,,
er please let me know are up,Default Fallback Intent,F5_stt:drop_function_word+filler,,,,,,
log this aerobicworkout,Cmd.ActivityAerobics,F5_stt:drop_plural+merge_boundary,,,,,,
er help with loudness changes on my hearing,Help_Volume,F5_stt:truncate_tail+filler,,,,,,
whatthis interface,Help_Home,F5_stt:drop_function_word+merge_boundary,,,,,,
um show medemo mode,Help_DemoMode,F5_stt:merge_boundary+filler,,,,,,
can you re mind me to read my book wash dishe and sweep the floor,reminders.add,F5_stt:homophone+drop_plural,,,,,,
heart raterecovery user guide,Help_HeartRateRecovery,F5_stt:merge_boundary+drop_function_word,,,,,,
can youchange to outdoor program,Cmd.MemoryChange,F5_stt:merge_boundary+drop_plural,,,,,,
uh please changeto auditorium,Cmd.MemoryChange,F5_stt:filler+merge_boundary,,,,,,
er how oldis tom cruise,Default Fallback Intent,F5_stt:merge_boundary+filler,,,,,,
how do i create my own memory for my hearin,Help_MemoryOptions,F5_stt:truncate_tail+homophone,,,,,,
um please set personal program,Cmd.MemoryChange,F5_stt:drop_function_word+filler,,,,,,
er can you turn screaming on,Cmd.StreamingStart,F5_stt:homophone+filler,,,,,,
can mark my last reminda complete,reminders.complete,F5_stt:homophone+drop_function_word,,,,,,
um can change program to auditorium,Cmd.MemoryChange,F5_stt:filler+drop_function_word,,,,,,
let scream begin,Cmd.StreamingStart,F5_stt:drop_function_word+homophone,,,,,,
send textmessage,Cmd.SendMessage,F5_stt:drop_function_word+merge_boundary,,,,,,
er what is new in my thrive,Help_WhatsNew,F5_stt:truncate_tail+filler,,,,,,
um can switch memory to pub,Cmd.MemoryChange,F5_stt:drop_function_word+filler,,,,,,
er please switch train,Cmd.MemoryChange,F5_stt:drop_function_word+filler,,,,,,
uh pleasesausages after using my location,Default Fallback Intent,F5_stt:filler+merge_boundary,,,,,,
can i overcharge herring aid,Help_Battery,F5_stt:homophone+drop_function_word,,,,,,
er how accurate isthe heart rate,Help_HeartRate,F5_stt:merge_boundary+filler,,,,,,
set memoryquiet,Cmd.MemoryChange,F5_stt:drop_function_word+merge_boundary,,,,,,
er where doi go to do things,Help_Home,F5_stt:merge_boundary+filler,,,,,,
show me trans lateuser guide,Help_Translate,F5_stt:homophone+merge_boundary,,,,,,
uh reduce thenoise level,Cmd.VolumeDecrease,F5_stt:merge_boundary+filler,,,,,,
um what does my aid do wheni fall,Help_FallAlert,F5_stt:filler+merge_boundary,,,,,,
route tv audio into my,Cmd.StreamingStart,F5_stt:truncate_tail+drop_function_word,,,,,,
uh turnbody off,Default Fallback Intent,F5_stt:merge_boundary+filler,,,,,,
how do i add personto hearshare,Help_HearShare,F5_stt:drop_function_word+merge_boundary,,,,,,
when do olympicsstart,Default Fallback Intent,F5_stt:merge_boundary+drop_function_word,,,,,,
turn down the loudnesson my,Cmd.VolumeDecrease,F5_stt:merge_boundary+truncate_tail,,,,,,
er i would like to know how far it is to the,Default Fallback Intent,F5_stt:filler+truncate_tail,,,,,,
ineed to hear better turn it,Cmd.VolumeIncrease,F5_stt:truncate_tail+merge_boundary,,,,,,
play foam audio through my aids,Cmd.StreamingStart,F5_stt:homophone+drop_function_word,,,,,,
uh does it spot fall and alert someone,Help_FallAlert,F5_stt:drop_function_word+filler,,,,,,
switch memorymute,Cmd.MemoryChange,F5_stt:drop_function_word+merge_boundary,,,,,,
i can listen again tern it,Cmd.VolumeUnmute,F5_stt:homophone+truncate_tail,,,,,,
um dailly,Default Fallback Intent,F5_stt:filler,,,,,,
er start remote scream,Cmd.StreamingStart,F5_stt:homophone+filler,,,,,,
spell the wordmachine,Default Fallback Intent,F5_stt:merge_boundary+drop_function_word,,,,,,
um give me a reminder later,reminders.add,F5_stt:truncate_tail+filler,,,,,,
what is the way to change programme,Help_ChangingMemories,F5_stt:drop_function_word+homophone,,,,,,
have i reached stand,Cmd.ActivityStand,F5_stt:truncate_tail+drop_function_word,,,,,,
er can you switch program to number,Cmd.MemoryChange,F5_stt:filler+truncate_tail,,,,,,
uh can you tell me what my stand goal,Cmd.ActivityStand,F5_stt:filler+drop_function_word,,,,,,
er can i set up a daily,Help_Reminder,F5_stt:filler+truncate_tail,,,,,,
switch train memery,Cmd.MemoryChange,F5_stt:drop_function_word+homophone,,,,,,
please nothing i sharepublicly,Default Fallback Intent,F5_stt:drop_function_word+merge_boundary,,,,,,
er how do i create my own custom,Help_MemoryOptions,F5_stt:truncate_tail+filler,,,,,,
can change to mut,Cmd.MemoryChange,F5_stt:homophone+drop_function_word,,,,,,
um can show me a help guide for my accessories,Help_Accessories,F5_stt:drop_function_word+filler,,,,,,
locate bowling alleynearby,Default Fallback Intent,F5_stt:merge_boundary+drop_function_word,,,,,,
can you show mean overview of drive,Help_WhatsNew,F5_stt:homophone+merge_boundary,,,,,,
er can you remind me to go running every wednesday at 7 a m,reminders.add,F5_stt:homophone+filler,,,,,,
uh can you switchmemory to school,Cmd.MemoryChange,F5_stt:merge_boundary+filler,,,,,,
uh remind me to brush my,reminders.add,F5_stt:filler+truncate_tail,,,,,,
how doi change the,Help_Battery,F5_stt:truncate_tail+merge_boundary,,,,,,
um change mammary to theater,Cmd.MemoryChange,F5_stt:filler+homophone,,,,,,
ershow me an overview of ipro,Help_WhatsNew,F5_stt:filler+merge_boundary,,,,,,
er changeto gym program,Cmd.MemoryChange,F5_stt:merge_boundary+filler,,,,,,
er listen my tv,Cmd.StreamingStart,F5_stt:drop_function_word+filler,,,,,,
can set remind her for tomorrow morning,reminders.add,F5_stt:homophone+drop_function_word,,,,,,
can change to school mammary,Cmd.MemoryChange,F5_stt:homophone+drop_function_word,,,,,,
um can you help me change my volumn,Help_Volume,F5_stt:homophone+filler,,,,,,
er halt screaming,Cmd.StreamingStop,F5_stt:homophone+filler,,,,,,
erfire on friday,Default Fallback Intent,F5_stt:filler+merge_boundary,,,,,,
stream the podcast tohearing aids,Cmd.StreamingStart,F5_stt:drop_function_word+merge_boundary,,,,,,
can search for my,Cmd.FindMyPhone,F5_stt:truncate_tail+drop_function_word,,,,,,
er hearing aid will not charge,Help_Battery,F5_stt:drop_function_word+filler,,,,,,
er please i want to talk to audiologist,Help_RemoteProgramming,F5_stt:filler+drop_function_word,,,,,,
turned streamoff,Cmd.StreamingStop,F5_stt:merge_boundary+homophone,,,,,,
um can you turn down the loudnes on my aids,Cmd.VolumeDecrease,F5_stt:drop_plural+filler,,,,,,
change programmask,Cmd.MemoryChange,F5_stt:drop_function_word+merge_boundary,,,,,,
uh where could i send a manual,Help_FallAlert,F5_stt:truncate_tail+filler,,,,,,
er what does running diagnostic check do,Help_SelfCheck,F5_stt:filler+drop_function_word,,,,,,
can youpair left 8,Help_Pairing,F5_stt:merge_boundary+homophone,,,,,,
er can you start tvstream,Cmd.StreamingStart,F5_stt:merge_boundary+filler,,,,,,
send what i hearanother person,Help_HearShare,F5_stt:drop_function_word+merge_boundary,,,,,,
er raise listening level,Cmd.VolumeIncrease,F5_stt:filler+drop_function_word,,,,,,
i want to create a new,Help_MemoryOptions,F5_stt:homophone+truncate_tail,,,,,,
howto set ep bluetooth,Help_Pairing,F5_stt:merge_boundary+homophone,,,,,,
um reminda done,reminders.complete,F5_stt:homophone+filler,,,,,,
whenwould i stop a manual alert text,Help_FallAlert,F5_stt:truncate_tail+merge_boundary,,,,,,
erswitch memory to school,Cmd.MemoryChange,F5_stt:filler+merge_boundary,,,,,,
help with changing memorie using thrive app,Help_ChangingMemories,F5_stt:drop_plural+drop_function_word,,,,,,
playincoming texts,Cmd.ListenMessage,F5_stt:drop_function_word+merge_boundary,,,,,,
uh pleasechange program to master,Cmd.MemoryChange,F5_stt:merge_boundary+filler,,,,,,
switchmemory kitchen,Cmd.MemoryChange,F5_stt:drop_function_word+merge_boundary,,,,,,
i cannot remember where my rightaid,Help_FindMyHearingAids,F5_stt:drop_function_word+merge_boundary,,,,,,
where do i find engagement,Help_Health,F5_stt:drop_function_word+truncate_tail,,,,,,
er what is battery level,Cmd.BatteryLevel,F5_stt:filler+drop_function_word,,,,,,
uh please create a newreminder,reminders.add,F5_stt:filler+merge_boundary,,,,,,
set to speech memery,Cmd.MemoryChange,F5_stt:homophone+drop_function_word,,,,,,
how do i change the volume of,Help_Accessories,F5_stt:truncate_tail+drop_function_word,,,,,,
er please change to kitchen,Cmd.MemoryChange,F5_stt:filler+truncate_tail,,,,,,
uh start translation,Cmd.TranslationStart,F5_stt:filler,,,,,,
er wheretelephone,Cmd.FindMyPhone,F5_stt:filler+merge_boundary,,,,,,
explain how cross andbicros work,Help_WiCROS,F5_stt:merge_boundary+homophone,,,,,,
pleaseadjusted with phone,Default Fallback Intent,F5_stt:merge_boundary+drop_function_word,,,,,,
makeme a reminda,reminders.add,F5_stt:homophone+merge_boundary,,,,,,
can you help with changing memorys on my,Help_ChangingMemories,F5_stt:homophone+truncate_tail,,,,,,
um please set memory to,Cmd.MemoryChange,F5_stt:filler+truncate_tail,,,,,,
er can i compare the adjustment made by the audiologist,Help_RemoteProgramming,F5_stt:drop_plural+filler,,,,,,
er brave score,Default Fallback Intent,F5_stt:filler+drop_plural,,,,,,
uh can start translation,Cmd.TranslationStart,F5_stt:filler+drop_function_word,,,,,,
canyou my other 8 is missing,Help_FindMyHearingAids,F5_stt:merge_boundary+homophone,,,,,,
uh please pump up volume,Cmd.VolumeIncrease,F5_stt:drop_function_word+filler,,,,,,
how do i stop screaming from accessories,Help_Accessories,F5_stt:homophone+drop_function_word,,,,,,
er please switch to auditorium mammary,Cmd.MemoryChange,F5_stt:homophone+filler,,,,,,
uh switch to theater,Cmd.MemoryChange,F5_stt:filler+drop_function_word,,,,,,
set mammaryto three,Cmd.MemoryChange,F5_stt:homophone+merge_boundary,,,,,,
er hearing aids translatehelp,Help_Translate,F5_stt:merge_boundary+filler,,,,,,
what are new feature for,Help_WhatsNew,F5_stt:drop_function_word+drop_plural,,,,,,
uh how do i taga location to a memory,Help_MemoryOptions,F5_stt:filler+merge_boundary,,,,,,
er please turn newt off,Cmd.VolumeUnmute,F5_stt:homophone+filler,,,,,,
uh please have i reached activity goal,Cmd.ActivityAerobics,F5_stt:filler+drop_function_word,,,,,,
er what is the find my hearing 8s tool,Help_FindMyHearingAids,F5_stt:homophone+filler,,,,,,
er how do i create contact for fall alert,Help_FallAlert,F5_stt:drop_function_word+filler,,,,,,
uhstop streaming,Cmd.StreamingStop,F5_stt:filler+merge_boundary,,,,,,
uh you change program to worship,Cmd.MemoryChange,F5_stt:filler+drop_function_word,,,,,,
can adjustments did not hear it in the office but i am out to your,Default Fallback Intent,F5_stt:drop_function_word+truncate_tail,,,,,,
um pleasefind my android,Cmd.FindMyPhone,F5_stt:filler+merge_boundary,,,,,,
change auditorium programme,Cmd.MemoryChange,F5_stt:drop_function_word+homophone,,,,,,
my poweralmost gone,Cmd.BatteryLevel,F5_stt:merge_boundary+drop_function_word,,,,,,
uhsewing machine,Default Fallback Intent,F5_stt:filler+merge_boundary,,,,,,
you soften thing a little,Cmd.VolumeDecrease,F5_stt:drop_function_word+drop_plural,,,,,,
how do iconnect my 8s,Help_Pairing,F5_stt:homophone+merge_boundary,,,,,,
sharemy audio with loved one,Help_HearShare,F5_stt:merge_boundary+drop_function_word,,,,,,
uhplease unmute the hearing aids,Cmd.VolumeUnmute,F5_stt:filler+merge_boundary,,,,,,
er how long have i beenworking out,Cmd.ActivityExercise,F5_stt:merge_boundary+filler,,,,,,
pairing my hearing aides on the,Help_Pairing,F5_stt:truncate_tail+homophone,,,,,,
um accessorie help please,Help_Accessories,F5_stt:filler+drop_plural,,,,,,
control the loudnes of each aid on its,Help_Volume,F5_stt:truncate_tail+drop_plural,,,,,,
can i demo my herring,Help_DemoMode,F5_stt:truncate_tail+homophone,,,,,,
how do i get rid of wax in my hearin,Help_CleanCare,F5_stt:truncate_tail+homophone,,,,,,
um can you change memory to,Cmd.MemoryChange,F5_stt:truncate_tail+filler,,,,,,
uh create a reminder to take medicine today at 8 p,reminders.add,F5_stt:truncate_tail+filler,,,,,,
uh help me change tinnitu program,Help_Tinnitus,F5_stt:filler+drop_plural,,,,,,
uh media find us wherever get your podcast,Default Fallback Intent,F5_stt:drop_function_word+filler,,,,,,
how do i use accessorie withmy hearing aid,Help_Accessories,F5_stt:drop_plural+merge_boundary,,,,,,
uh where do i start a manual alert messege,Help_FallAlert,F5_stt:filler+homophone,,,,,,
uh can change to quiet memory,Cmd.MemoryChange,F5_stt:drop_function_word+filler,,,,,,
er make value louder,Cmd.VolumeIncrease,F5_stt:homophone+filler,,,,,,
what does this dnnspeech enhancement,Help_IntelliVoice,F5_stt:truncate_tail+merge_boundary,,,,,,
check the batter elevel,Cmd.BatteryLevel,F5_stt:homophone+merge_boundary,,,,,,
um guideme through app settings,Help_AppSettings,F5_stt:filler+merge_boundary,,,,,,
help withpairing hearing aids with the phone,Help_Pairing,F5_stt:drop_function_word+merge_boundary,,,,,,
um how does remotecare connect work,Help_HearingCareAnywhereConnect,F5_stt:filler+merge_boundary,,,,,,
re mind me to go to,reminders.add,F5_stt:truncate_tail+homophone,,,,,,
can you start streaming remoteto my hearin aids,Cmd.StreamingStart,F5_stt:homophone+merge_boundary,,,,,,
er how do i relax athome,Default Fallback Intent,F5_stt:merge_boundary+filler,,,,,,
pleasechange to television pro gram,Cmd.MemoryChange,F5_stt:homophone+merge_boundary,,,,,,
change to automatic memery,Cmd.MemoryChange,F5_stt:drop_function_word+homophone,,,,,,
um please change everyday,Cmd.MemoryChange,F5_stt:drop_function_word+filler,,,,,,
er batter e remaining,Cmd.BatteryLevel,F5_stt:homophone+filler,,,,,,
um please ido not remember i do not remember this being such a big fish,Default Fallback Intent,F5_stt:merge_boundary+filler,,,,,,
um help with setting up reminder,Help_Reminder,F5_stt:drop_plural+filler,,,,,,
uh can you switchto noise memory,Cmd.MemoryChange,F5_stt:merge_boundary+filler,,,,,,
um i wantabsolute quiet,Cmd.VolumeMute,F5_stt:filler+merge_boundary,,,,,,
what is the right way to insertmy 8s,Help_InsertDevice,F5_stt:homophone+merge_boundary,,,,,,
opentranslation in spanish,Cmd.TranslationStart,F5_stt:drop_function_word+merge_boundary,,,,,,
um set setting one,Cmd.MemoryChange,F5_stt:drop_function_word+filler,,,,,,
can you good not seen a lot of fluidon that,Default Fallback Intent,F5_stt:merge_boundary+truncate_tail,,,,,,
how do iuse masking noise,Help_Tinnitus,F5_stt:merge_boundary+drop_function_word,,,,,,
umauditorium setting,Cmd.MemoryChange,F5_stt:filler+merge_boundary,,,,,,
explain self checkfeature,Help_SelfCheck,F5_stt:drop_function_word+merge_boundary,,,,,,
help me send voice messege,Cmd.SendMessage,F5_stt:drop_function_word+homophone,,,,,,
um how could i send a manual alert,Help_FallAlert,F5_stt:filler+truncate_tail,,,,,,
er make reminda,reminders.add,F5_stt:filler+homophone,,,,,,
um can you detectiphone,Cmd.FindMyPhone,F5_stt:merge_boundary+filler,,,,,,
please hi receipt with your new balance onthe bottom and that is,Default Fallback Intent,F5_stt:merge_boundary+truncate_tail,,,,,,
umsetting number two,Cmd.MemoryChange,F5_stt:filler+merge_boundary,,,,,,
canyou turn on left aid,Cmd.VolumeUnmute,F5_stt:merge_boundary+drop_function_word,,,,,,
um setmemory to mute,Cmd.MemoryChange,F5_stt:merge_boundary+filler,,,,,,
er you help with changing programs on my aids,Help_ChangingMemories,F5_stt:filler+drop_function_word,,,,,,
uh remind me to go to the,reminders.add,F5_stt:filler+truncate_tail,,,,,,
i would like know the average airspeed of an unburdened,Default Fallback Intent,F5_stt:truncate_tail+drop_function_word,,,,,,
um set setting number two,Cmd.MemoryChange,F5_stt:filler+drop_function_word,,,,,,
er how long does it take to adjust to this feeling of a hearing aids in my,Default Fallback Intent,F5_stt:filler+truncate_tail,,,,,,
help with volume adjustment on hearing,Help_Volume,F5_stt:truncate_tail+drop_function_word,,,,,,
uh play media through my hearing,Cmd.StreamingStart,F5_stt:filler+truncate_tail,,,,,,
switch car memery,Cmd.MemoryChange,F5_stt:drop_function_word+homophone,,,,,,
er how do i customize my 8s,Help_Customize,F5_stt:homophone+filler,,,,,,
i need a remind her for today,reminders.add,F5_stt:homophone+drop_function_word,,,,,,
uh no more streamingplease,Cmd.StreamingStop,F5_stt:merge_boundary+filler,,,,,,
what hearthelp recovery,Help_HeartRateRecovery,F5_stt:drop_function_word+merge_boundary,,,,,,
uh you heart rate help,Help_HeartRate,F5_stt:drop_function_word+filler,,,,,,
show activity and exercise,Help_Health,F5_stt:truncate_tail+drop_function_word,,,,,,
um tern on first plug,Default Fallback Intent,F5_stt:filler+homophone,,,,,,
you help with paring the aids,Help_Pairing,F5_stt:drop_function_word+homophone,,,,,,
um make a remind her,reminders.add,F5_stt:filler+homophone,,,,,,
er please switch memory car,Cmd.MemoryChange,F5_stt:drop_function_word+filler,,,,,,
why is my herring aidquiet on one side,Help_DeviceSettings,F5_stt:merge_boundary+homophone,,,,,,
um assist me,Help_Home,F5_stt:filler,,,,,,
switch noise pro gram,Cmd.MemoryChange,F5_stt:drop_function_word+homophone,,,,,,
uh record somethingfor another person,Cmd.SendMessage,F5_stt:filler+merge_boundary,,,,,,
ereveryday memory,Cmd.MemoryChange,F5_stt:filler+merge_boundary,,,,,,
um how do i improvemy engagement score,Help_ThriveScore,F5_stt:merge_boundary+filler,,,,,,
um please change personal,Cmd.MemoryChange,F5_stt:filler+drop_function_word,,,,,,
how do i know where aid,Help_FindMyHearingAids,F5_stt:drop_function_word+truncate_tail,,,,,,
um display calorie total,Cmd.ActivityCalories,F5_stt:filler+drop_function_word,,,,,,
how to adjust hearing aidswith hedge mode,Help_EdgeMode,F5_stt:merge_boundary+homophone,,,,,,
switch programme mute,Cmd.MemoryChange,F5_stt:drop_function_word+homophone,,,,,,
you goto hell,Default Fallback Intent,F5_stt:drop_function_word+merge_boundary,,,,,,
er set toauditorium program,Cmd.MemoryChange,F5_stt:filler+merge_boundary,,,,,,
um explain thevoice assistant feature,Help_VoiceAssistant,F5_stt:merge_boundary+filler,,,,,,
where do i see my aides last,Help_FindMyHearingAids,F5_stt:truncate_tail+homophone,,,,,,
umplease start translate for french,Cmd.TranslationStart,F5_stt:filler+merge_boundary,,,,,,
uh how do i use voiceassistant,Help_VoiceAssistant,F5_stt:merge_boundary+filler,,,,,,
remind me to workout tomorrow morning at,reminders.add,F5_stt:truncate_tail+homophone,,,,,,
er set to theaterprogram,Cmd.MemoryChange,F5_stt:filler+merge_boundary,,,,,,
er remind meto refill prescription tomorrow,reminders.add,F5_stt:filler+merge_boundary,,,,,,
how long does hurt for the hearing 8s in my ears,Default Fallback Intent,F5_stt:drop_function_word+homophone,,,,,,
can youheart rate recovery user,Help_HeartRateRecovery,F5_stt:truncate_tail+merge_boundary,,,,,,
give me bit more,Cmd.VolumeIncrease,F5_stt:truncate_tail+drop_function_word,,,,,,
er load mydriving profile,Cmd.MemoryChange,F5_stt:merge_boundary+filler,,,,,,
um burned calorie today,Cmd.ActivityCalories,F5_stt:drop_plural+filler,,,,,,
can you liftdevice not,Default Fallback Intent,F5_stt:truncate_tail+merge_boundary,,,,,,
uh canyou tuesday,Default Fallback Intent,F5_stt:filler+merge_boundary,,,,,,
how do i senda request to audiologist for help,Help_RemoteProgramming,F5_stt:drop_function_word+merge_boundary,,,,,,
i lostmy aid can help me find it,Help_FindMyHearingAids,F5_stt:drop_function_word+merge_boundary,,,,,,
canprogram number one,Cmd.MemoryChange,F5_stt:drop_function_word+merge_boundary,,,,,,
howdo charge my battery,Help_Battery,F5_stt:merge_boundary+drop_function_word,,,,,,
er can theprofessional adjust my aid remotely,Help_RemoteProgramming,F5_stt:filler+merge_boundary,,,,,,
uh change memery to kitchen,Cmd.MemoryChange,F5_stt:homophone+filler,,,,,,
uh the 8 will not stay in my ear,Help_InsertDevice,F5_stt:homophone+filler,,,,,,
um how do i unmute my hearing,Help_Volume,F5_stt:filler+truncate_tail,,,,,,
um pleaseset to school memory,Cmd.MemoryChange,F5_stt:filler+merge_boundary,,,,,,
er how do i unpairmy accessory,Help_Accessories,F5_stt:merge_boundary+filler,,,,,,
do not let me forget to pick ep groceries,reminders.add,F5_stt:truncate_tail+homophone,,,,,,
um what is the meaning of,Default Fallback Intent,F5_stt:truncate_tail+filler,,,,,,
please help with tinnitus volumeadjustment on my,Help_Tinnitus,F5_stt:truncate_tail+merge_boundary,,,,,,
um pare right aid,Help_Pairing,F5_stt:filler+homophone,,,,,,
switch to schoolmemery,Cmd.MemoryChange,F5_stt:homophone+merge_boundary,,,,,,
um explainconnecting for remote support,Help_HearingCareAnywhereConnect,F5_stt:merge_boundary+filler,,,,,,
uh new delhi,Default Fallback Intent,F5_stt:filler,,,,,,
er add newreminder,reminders.add,F5_stt:filler+merge_boundary,,,,,,
er have i stood enoughtoday,Cmd.ActivityStand,F5_stt:merge_boundary+filler,,,,,,
um how hasengage changed,Help_WhatsNew,F5_stt:filler+merge_boundary,,,,,,
i lost my aids can you helpme find,Help_FindMyHearingAids,F5_stt:truncate_tail+merge_boundary,,,,,,
er what isthe weather today,Default Fallback Intent,F5_stt:merge_boundary+filler,,,,,,
you switchmemory to auditorium,Cmd.MemoryChange,F5_stt:merge_boundary+drop_function_word,,,,,,
um can you switch to pub,Cmd.MemoryChange,F5_stt:truncate_tail+filler,,,,,,
um remember towash the car,reminders.add,F5_stt:merge_boundary+filler,,,,,,
pleaseplay voice message,Cmd.ListenMessage,F5_stt:merge_boundary+drop_function_word,,,,,,
er can you switch programto home,Cmd.MemoryChange,F5_stt:merge_boundary+filler,,,,,,
can you help with pearing the aids with phone,Help_Pairing,F5_stt:homophone+drop_function_word,,,,,,
um where do i find my pulse reading,Help_HeartRate,F5_stt:drop_plural+filler,,,,,,
explain therelief sound for ringing,Help_Tinnitus,F5_stt:merge_boundary+truncate_tail,,,,,,
how will i know when the audiologist adjusted,Help_RemoteProgramming,F5_stt:truncate_tail+drop_function_word,,,,,,
uh set settingto number four,Cmd.MemoryChange,F5_stt:merge_boundary+filler,,,,,,
er changeto school,Cmd.MemoryChange,F5_stt:merge_boundary+filler,,,,,,
can youoff volum,Cmd.VolumeMute,F5_stt:homophone+merge_boundary,,,,,,
er send a massage,Cmd.SendMessage,F5_stt:filler+homophone,,,,,,
how do iget better wellness,Help_ThriveScore,F5_stt:merge_boundary+truncate_tail,,,,,,
re mind mefriday,reminders.add,F5_stt:merge_boundary+homophone,,,,,,
how do i restore thrive app,Help_HearingCareAnywhereConnect,F5_stt:truncate_tail+drop_function_word,,,,,,
er please i need help pairing the 8,Help_Pairing,F5_stt:filler+homophone,,,,,,
how doi customize the,Help_Customize,F5_stt:truncate_tail+merge_boundary,,,,,,
please switch mammary to tinnitu,Cmd.MemoryChange,F5_stt:drop_plural+homophone,,,,,,
how willi know when the professional adjusted the hearing,Help_RemoteProgramming,F5_stt:merge_boundary+truncate_tail,,,,,,
help with changing program on my aide,Help_ChangingMemories,F5_stt:homophone+drop_plural,,,,,,
uh help for constant ringing,Help_Tinnitus,F5_stt:filler+drop_function_word,,,,,,
you right hearing aid doesnot work,Help_SelfCheck,F5_stt:merge_boundary+drop_function_word,,,,,,
pleasechange memory outdoors,Cmd.MemoryChange,F5_stt:merge_boundary+drop_function_word,,,,,,
please i needto connect the hearing aids to the,Help_Pairing,F5_stt:truncate_tail+merge_boundary,,,,,,
uh please switch to tinnitu,Cmd.MemoryChange,F5_stt:filler+drop_plural,,,,,,
er cani go back to my original settings,Help_RemoteProgramming,F5_stt:merge_boundary+filler,,,,,,
uh salsaon my left,Default Fallback Intent,F5_stt:merge_boundary+filler,,,,,,
uh how do i go main screen,Help_Home,F5_stt:filler+drop_function_word,,,,,,
er what is biking goal,Cmd.ActivityCycle,F5_stt:filler+drop_function_word,,,,,,
um what is advancedmode,Help_AppSettings,F5_stt:merge_boundary+filler,,,,,,
whattext came in for me,Cmd.ListenMessage,F5_stt:merge_boundary+drop_plural,,,,,,
you change programto automatic,Cmd.MemoryChange,F5_stt:merge_boundary+drop_function_word,,,,,,
er can you guideme,Help_Home,F5_stt:merge_boundary+filler,,,,,,
uh solve this mathproblem,Default Fallback Intent,F5_stt:merge_boundary+filler,,,,,,
where doi find mute button,Default Fallback Intent,F5_stt:drop_function_word+merge_boundary,,,,,,
how do i change mammaries on the hearing,Help_ChangingMemories,F5_stt:truncate_tail+homophone,,,,,,
can theaudiologist adjust the hearing aid,Help_RemoteProgramming,F5_stt:truncate_tail+merge_boundary,,,,,,
how do i change memories onaids,Help_ChangingMemories,F5_stt:drop_function_word+merge_boundary,,,,,,
er how doi get remote support,Help_HearingCareAnywhereConnect,F5_stt:filler+merge_boundary,,,,,,
um will they survive theevening,Cmd.BatteryLevel,F5_stt:merge_boundary+filler,,,,,,
uh he did just change,Default Fallback Intent,F5_stt:filler+drop_function_word,,,,,,
uh switch memoryto television,Cmd.MemoryChange,F5_stt:merge_boundary+filler,,,,,,
how do i adjust the value on just one,Help_Volume,F5_stt:truncate_tail+homophone,,,,,,
uh iam up,Default Fallback Intent,F5_stt:filler+merge_boundary,,,,,,
er you i misplaced my aids,Help_FindMyHearingAids,F5_stt:drop_function_word+filler,,,,,,
can set a remind her to take medication today at 5 p m,reminders.add,F5_stt:drop_function_word+homophone,,,,,,
er you set to everyday memory,Cmd.MemoryChange,F5_stt:filler+drop_function_word,,,,,,
er share my audio so others can,Help_HearShare,F5_stt:truncate_tail+filler,,,,,,
um restore myhearing now,Cmd.VolumeUnmute,F5_stt:merge_boundary+filler,,,,,,
please set remind her 5 p m,reminders.add,F5_stt:drop_function_word+homophone,,,,,,
i connect an externalmic,Help_Accessories,F5_stt:merge_boundary+drop_function_word,,,,,,
uh how to hear less wind with edge,Help_EdgeMode,F5_stt:truncate_tail+filler,,,,,,
um what isvoice ai for,Help_IntelliVoice,F5_stt:merge_boundary+filler,,,,,,
er show me jogging goal,Cmd.ActivityRun,F5_stt:filler+drop_function_word,,,,,,
you change to tinnitu,Cmd.MemoryChange,F5_stt:drop_plural+drop_function_word,,,,,,
i have something i need,reminders.add,F5_stt:truncate_tail+drop_function_word,,,,,,
set reminda for dinner with tom,reminders.add,F5_stt:truncate_tail+homophone,,,,,,
how do i let caregiver,Help_HearShare,F5_stt:drop_function_word+truncate_tail,,,,,,
er do i need to recharge,Cmd.BatteryLevel,F5_stt:truncate_tail+filler,,,,,,
um can you maximum loudnes,Cmd.VolumeIncrease,F5_stt:drop_plural+filler,,,,,,
help with the speechenhancement,Help_IntelliVoice,F5_stt:truncate_tail+merge_boundary,,,,,,
uh help with tinnitus volume adjustment in aid,Help_Tinnitus,F5_stt:filler+drop_function_word,,,,,,
um set a reminda for me please,reminders.add,F5_stt:filler+homophone,,,,,,
how do i acces hearing aid memories,Help_ChangingMemories,F5_stt:drop_function_word+drop_plural,,,,,,
you switch programme to music,Cmd.MemoryChange,F5_stt:homophone+drop_function_word,,,,,,
um switch to music,Cmd.MemoryChange,F5_stt:drop_function_word+filler,,,,,,
remind me pay my credit card,reminders.add,F5_stt:drop_function_word+truncate_tail,,,,,,
er can you turnvolume on,Cmd.VolumeUnmute,F5_stt:merge_boundary+filler,,,,,,
locate hearing aidsfor me,Help_FindMyHearingAids,F5_stt:merge_boundary+drop_function_word,,,,,,
you remaining batteries,Cmd.BatteryLevel,F5_stt:drop_function_word+homophone,,,,,,
canyou change program outdoors,Cmd.MemoryChange,F5_stt:merge_boundary+drop_function_word,,,,,,
um pleasechange to music,Cmd.MemoryChange,F5_stt:filler+merge_boundary,,,,,,
uh can you there is a problem with my hearing,Help_SelfCheck,F5_stt:truncate_tail+filler,,,,,,
um can you change tooffice program,Cmd.MemoryChange,F5_stt:filler+merge_boundary,,,,,,
uh can you yeahjust take a little off yeah,Default Fallback Intent,F5_stt:merge_boundary+filler,,,,,,
sund my phone so i can locate,Cmd.FindMyPhone,F5_stt:truncate_tail+homophone,,,,,,
how can i customize right hearing,Help_Customize,F5_stt:drop_function_word+truncate_tail,,,,,,
er can youdutch translation,Cmd.TranslationStart,F5_stt:merge_boundary+filler,,,,,,
when shouldi use dnn speech,Help_IntelliVoice,F5_stt:truncate_tail+merge_boundary,,,,,,
uh savory someone sucking reasons,Default Fallback Intent,F5_stt:filler+drop_function_word,,,,,,
pleaseswitch to home memery,Cmd.MemoryChange,F5_stt:homophone+merge_boundary,,,,,,
um are the batterie healthy,Cmd.BatteryLevel,F5_stt:drop_plural+filler,,,,,,
what does the tinniti feature do,Help_Tinnitus,F5_stt:homophone+drop_plural,,,,,,
um explain howto insert my aids,Help_InsertDevice,F5_stt:merge_boundary+filler,,,,,,
um can you switch to restaurant,Cmd.MemoryChange,F5_stt:filler+truncate_tail,,,,,,
er where is the serial,Help_DeviceSettings,F5_stt:filler+truncate_tail,,,,,,
please pairing hearingaids on thrive app,Help_Pairing,F5_stt:drop_function_word+merge_boundary,,,,,,
turn volumeto normal,Cmd.VolumeUnmute,F5_stt:drop_function_word+merge_boundary,,,,,,
uh change everyday,Cmd.MemoryChange,F5_stt:filler+drop_function_word,,,,,,
where did i leave myother,Help_FindMyHearingAids,F5_stt:merge_boundary+truncate_tail,,,,,,
change memery tomeeting,Cmd.MemoryChange,F5_stt:merge_boundary+homophone,,,,,,
er can you settingfour,Cmd.MemoryChange,F5_stt:filler+merge_boundary,,,,,,
speech tooquiet,Cmd.VolumeIncrease,F5_stt:drop_function_word+merge_boundary,,,,,,
canyou change golf program,Cmd.MemoryChange,F5_stt:drop_function_word+merge_boundary,,,,,,
how do remote update to my aids,Help_RemoteProgramming,F5_stt:drop_plural+truncate_tail,,,,,,
the device will not stay seated inear,Help_InsertDevice,F5_stt:drop_function_word+merge_boundary,,,,,,
er pandora,Default Fallback Intent,F5_stt:filler,,,,,,
howdo intellivoice,Help_IntelliVoice,F5_stt:drop_function_word+merge_boundary,,,,,,
how do i create my own memoryfor my 8s,Help_MemoryOptions,F5_stt:merge_boundary+homophone,,,,,,
um can you show mean overview of this app,Help_WhatsNew,F5_stt:merge_boundary+filler,,,,,,
aides cut out intermittently,Help_DeviceSettings,F5_stt:homophone+drop_function_word,,,,,,
um memery number four,Cmd.MemoryChange,F5_stt:homophone+filler,,,,,,
how everything' workingfor us,Default Fallback Intent,F5_stt:merge_boundary+drop_plural,,,,,,
um can you remind me to vitamin d at 7 p m,reminders.add,F5_stt:truncate_tail+filler,,,,,,
how do i decreasethe volumn,Help_Volume,F5_stt:merge_boundary+homophone,,,,,,
uh give me abattery reading,Cmd.BatteryLevel,F5_stt:merge_boundary+filler,,,,,,
uh please help me find my herring aids,Help_FindMyHearingAids,F5_stt:homophone+filler,,,,,,
set pro gram school,Cmd.MemoryChange,F5_stt:drop_function_word+homophone,,,,,,
er please turn up the loudness on my hearing aides,Cmd.VolumeIncrease,F5_stt:homophone+filler,,,,,,
can youreminda completed,reminders.complete,F5_stt:homophone+merge_boundary,,,,,,
create a daily remind her to take medication at 5 p,reminders.add,F5_stt:truncate_tail+homophone,,,,,,
uh track myheart rate recovery,Help_HeartRateRecovery,F5_stt:merge_boundary+filler,,,,,,
uh please change memory four,Cmd.MemoryChange,F5_stt:drop_function_word+filler,,,,,,
uh can you turn up the loudnesson my hearing aids,Cmd.VolumeIncrease,F5_stt:filler+merge_boundary,,,,,,
uh locate telephone,Cmd.FindMyPhone,F5_stt:filler,,,,,,
uh kid pushes thetop button real quick and let it go the volume goes up,Default Fallback Intent,F5_stt:filler+merge_boundary,,,,,,
um how do i change fall alert settings,Help_AppSettings,F5_stt:drop_function_word+filler,,,,,,
ersearch iphone,Cmd.FindMyPhone,F5_stt:filler+merge_boundary,,,,,,
youhome setting,Cmd.MemoryChange,F5_stt:drop_function_word+merge_boundary,,,,,,
uh can you mark lastreminder complete,reminders.complete,F5_stt:filler+merge_boundary,,,,,,
uh please switch mammary to one,Cmd.MemoryChange,F5_stt:homophone+filler,,,,,,
search for my fone,Cmd.FindMyPhone,F5_stt:homophone+drop_function_word,,,,,,
uh please switchprogram to golf,Cmd.MemoryChange,F5_stt:merge_boundary+filler,,,,,,
um holdon,Default Fallback Intent,F5_stt:filler+merge_boundary,,,,,,
uh pleasei need help pairing,Help_Pairing,F5_stt:merge_boundary+filler,,,,,,
uh you set to auditorium program,Cmd.MemoryChange,F5_stt:filler+drop_function_word,,,,,,
how do i get better brain,Help_ThriveScore,F5_stt:truncate_tail+drop_function_word,,,,,,
uh can you set to theater,Cmd.MemoryChange,F5_stt:filler+truncate_tail,,,,,,
uh can change memory to golf,Cmd.MemoryChange,F5_stt:drop_function_word+filler,,,,,,
can youi wonder if i put it in here,Default Fallback Intent,F5_stt:truncate_tail+merge_boundary,,,,,,
youburned calories today,Cmd.ActivityCalories,F5_stt:drop_function_word+merge_boundary,,,,,,
um help with tinnitu masker adjustments in my hearing aid,Help_Tinnitus,F5_stt:filler+drop_plural,,,,,,
i would like to set up,reminders.add,F5_stt:drop_function_word+truncate_tail,,,,,,
um whatis a good gift idea,Default Fallback Intent,F5_stt:merge_boundary+filler,,,,,,
er what is new inthis app,Help_WhatsNew,F5_stt:filler+merge_boundary,,,,,,
um how do i disabled masque mode,Help_MaskMode,F5_stt:homophone+filler,,,,,,
let mehear things once,Cmd.VolumeUnmute,F5_stt:truncate_tail+merge_boundary,,,,,,
uh please change tonoise,Cmd.MemoryChange,F5_stt:merge_boundary+filler,,,,,,
increase whati am hearin,Cmd.VolumeIncrease,F5_stt:merge_boundary+homophone,,,,,,
change programtwo,Cmd.MemoryChange,F5_stt:drop_function_word+merge_boundary,,,,,,
er hey send message,Cmd.SendMessage,F5_stt:drop_function_word+filler,,,,,,
er how do i set up audio,Help_DeviceSettings,F5_stt:truncate_tail+filler,,,,,,
er fire off a massage,Cmd.SendMessage,F5_stt:homophone+filler,,,,,,
um how could i initiate a manualalert text message,Help_FallAlert,F5_stt:merge_boundary+filler,,,,,,
how do i change memorie on my herring aid,Help_ChangingMemories,F5_stt:drop_plural+homophone,,,,,,
uh what is thrive trans late,Help_Translate,F5_stt:filler+homophone,,,,,,
can you add reminda,reminders.add,F5_stt:homophone+drop_function_word,,,,,,
re mind me of blood brothers,reminders.add,F5_stt:homophone+drop_function_word,,,,,,
um what does activity score,Help_ThriveScore,F5_stt:filler+truncate_tail,,,,,,
um end thesilence,Cmd.VolumeUnmute,F5_stt:merge_boundary+filler,,,,,,
um can you remind me to drink some water in 5,reminders.add,F5_stt:filler+truncate_tail,,,,,,
send the soundto aids,Cmd.StreamingStart,F5_stt:merge_boundary+drop_function_word,,,,,,
i do not like the double tap feature how do i turn it,Help_DeviceSettings,F5_stt:truncate_tail+drop_function_word,,,,,,
uh how do i change the name of accessory,Help_Accessories,F5_stt:drop_function_word+filler,,,,,,
aids soundtinny,Help_DeviceSettings,F5_stt:drop_function_word+merge_boundary,,,,,,
i lost hearingaid,Help_FindMyHearingAids,F5_stt:drop_function_word+merge_boundary,,,,,,
er maximum loudnes,Cmd.VolumeIncrease,F5_stt:drop_plural+filler,,,,,,
that do is finished mark it,reminders.complete,F5_stt:drop_function_word+truncate_tail,,,,,,
how do i change to another program on my hearing aide,Help_ChangingMemories,F5_stt:homophone+drop_plural,,,,,,
er please show memy standing goal,Cmd.ActivityStand,F5_stt:merge_boundary+filler,,,,,,
er can you i am walking and they did not,Default Fallback Intent,F5_stt:filler+truncate_tail,,,,,,
um please switch programto gym,Cmd.MemoryChange,F5_stt:merge_boundary+filler,,,,,,
er what is the firmware version of myaid,Help_DeviceSettings,F5_stt:filler+merge_boundary,,,,,,
please my left herring aid does not,Help_SelfCheck,F5_stt:truncate_tail+homophone,,,,,,
er please latest reminda completed,reminders.complete,F5_stt:homophone+filler,,,,,,
please newt hearing aids,Cmd.VolumeMute,F5_stt:homophone+drop_function_word,,,,,,
can you help with loudnes changes onmy aid,Help_Volume,F5_stt:merge_boundary+drop_plural,,,,,,
uh guide me on edg mode,Help_EdgeMode,F5_stt:homophone+filler,,,,,,
can reminda for this evening,reminders.add,F5_stt:homophone+drop_function_word,,,,,,
readlatest text,Cmd.ListenMessage,F5_stt:drop_function_word+merge_boundary,,,,,,
play backtexts,Cmd.ListenMessage,F5_stt:drop_function_word+merge_boundary,,,,,,
how do i adjust loudness on just the right,Help_Volume,F5_stt:truncate_tail+drop_function_word,,,,,,
please these keepdoing this,Default Fallback Intent,F5_stt:drop_plural+merge_boundary,,,,,,
umtrack my workout,Cmd.ActivityExercise,F5_stt:filler+merge_boundary,,,,,,
how do i customize my hearing 8 memorie,Help_MemoryOptions,F5_stt:drop_plural+homophone,,,,,,
my professional adjust myaid remotely,Help_RemoteProgramming,F5_stt:drop_function_word+merge_boundary,,,,,,
er the masking soundfeature help,Help_Tinnitus,F5_stt:merge_boundary+filler,,,,,,
how do i start remote care,Help_HearingCareAnywhereConnect,F5_stt:drop_function_word+truncate_tail,,,,,,
only if it is not a problem for,Default Fallback Intent,F5_stt:truncate_tail+drop_function_word,,,,,,
whati the receiver,Help_WiCROS,F5_stt:merge_boundary+drop_plural,,,,,,
batter e life left,Cmd.BatteryLevel,F5_stt:homophone+drop_function_word,,,,,,
er i want sund coming through again,Cmd.VolumeUnmute,F5_stt:filler+homophone,,,,,,
uh ok send amessage,Cmd.SendMessage,F5_stt:merge_boundary+filler,,,,,,
uh plan myvacation,Default Fallback Intent,F5_stt:merge_boundary+filler,,,,,,
uh go ahead and finish that reminda,reminders.complete,F5_stt:homophone+filler,,,,,,
drop a messege to husband,Cmd.SendMessage,F5_stt:drop_function_word+homophone,,,,,,
er batteries,Cmd.BatteryLevel,F5_stt:filler+homophone,,,,,,
can you switch pro gram office,Cmd.MemoryChange,F5_stt:drop_function_word+homophone,,,,,,
er can media find us wherever you get your podcast,Default Fallback Intent,F5_stt:filler+drop_function_word,,,,,,
uh un mute me,Cmd.VolumeUnmute,F5_stt:filler+homophone,,,,,,
um help me track down my,Cmd.FindMyPhone,F5_stt:truncate_tail+filler,,,,,,
explain how to customize my,Help_Customize,F5_stt:homophone+truncate_tail,,,,,,
um add reminder for tomorrow,reminders.add,F5_stt:filler+drop_function_word,,,,,,
er batterylevel please,Cmd.BatteryLevel,F5_stt:merge_boundary+filler,,,,,,
can i tern off tinnitu,Help_Tinnitus,F5_stt:homophone+drop_plural,,,,,,
you have i reached my jogging,Cmd.ActivityRun,F5_stt:truncate_tail+drop_function_word,,,,,,
findthe product name hearing aids,Help_DeviceSettings,F5_stt:merge_boundary+truncate_tail,,,,,,
uh i need help pairing my aid to my,Help_Pairing,F5_stt:truncate_tail+filler,,,,,,
er can you send me a reminderto pay the cable bill on march 3,reminders.add,F5_stt:filler+merge_boundary,,,,,,
uh change to train programme,Cmd.MemoryChange,F5_stt:filler+homophone,,,,,,
guide me on connecting with,Help_HearingCareAnywhereConnect,F5_stt:merge_boundary+truncate_tail,,,,,,
please iton you,Default Fallback Intent,F5_stt:drop_function_word+merge_boundary,,,,,,
er guide me on inserting my hearing,Help_InsertDevice,F5_stt:truncate_tail+filler,,,,,,
er canyou set memory to television,Cmd.MemoryChange,F5_stt:merge_boundary+filler,,,,,,
er how do i turn down the loudness on my hearin aid,Help_Volume,F5_stt:filler+homophone,,,,,,
can pairingmy aids with my phone,Help_Pairing,F5_stt:merge_boundary+drop_function_word,,,,,,
please settelevision program,Cmd.MemoryChange,F5_stt:drop_function_word+merge_boundary,,,,,,
er make areminder to charge my aids,reminders.add,F5_stt:filler+merge_boundary,,,,,,
uh remind her for me,reminders.add,F5_stt:filler+homophone,,,,,,
uh talking about mydaughter,Default Fallback Intent,F5_stt:filler+merge_boundary,,,,,,
uh how will i know when hearing specialist adjusted the hearing aids,Help_RemoteProgramming,F5_stt:filler+drop_function_word,,,,,,
er can you do not make anynoise for a minute,Default Fallback Intent,F5_stt:merge_boundary+filler,,,,,,
please tern thesound off,Cmd.VolumeMute,F5_stt:homophone+merge_boundary,,,,,,
can you send a,Cmd.SendMessage,F5_stt:truncate_tail+drop_function_word,,,,,,
can you showme the quick,Help_WhatsNew,F5_stt:truncate_tail+merge_boundary,,,,,,
uh i want someone listen along,Help_HearShare,F5_stt:filler+drop_function_word,,,,,,
er how do i turn off my headlight,Default Fallback Intent,F5_stt:filler+drop_plural,,,,,,
uh you switch to golf program,Cmd.MemoryChange,F5_stt:drop_function_word+filler,,,,,,
uh help with home screen,Help_Home,F5_stt:drop_function_word+filler,,,,,,
do not forget remind,reminders.add,F5_stt:truncate_tail+drop_function_word,,,,,,
um salat someone aspect,Default Fallback Intent,F5_stt:drop_function_word+filler,,,,,,
er how much have i stood,Cmd.ActivityStand,F5_stt:filler+truncate_tail,,,,,,
turn the valueon,Cmd.VolumeUnmute,F5_stt:homophone+merge_boundary,,,,,,
er please re mind me to refill my prescription tomorrow afternoon,reminders.add,F5_stt:filler+homophone,,,,,,
um how do i see all reminders,Help_Reminder,F5_stt:filler+drop_function_word,,,,,,
can you amazon screenis,Default Fallback Intent,F5_stt:truncate_tail+merge_boundary,,,,,,
seta reminda to take medication today at 5 p m,reminders.add,F5_stt:merge_boundary+homophone,,,,,,
you set pro gram to three,Cmd.MemoryChange,F5_stt:drop_function_word+homophone,,,,,,
please set auditorium pro gram,Cmd.MemoryChange,F5_stt:drop_function_word+homophone,,,,,,
uh add toreminder,reminders.add,F5_stt:merge_boundary+filler,,,,,,
give me an alert at scheduled,reminders.add,F5_stt:truncate_tail+drop_function_word,,,,,,
i am gettingtoo much,Cmd.VolumeDecrease,F5_stt:truncate_tail+merge_boundary,,,,,,
i have misplaced my hearingaid,Help_FindMyHearingAids,F5_stt:merge_boundary+drop_plural,,,,,,
er sounds on,Cmd.VolumeUnmute,F5_stt:filler+homophone,,,,,,
how share my hearin information with my son,Help_HearShare,F5_stt:homophone+drop_function_word,,,,,,
switch ontrans late mode,Cmd.TranslationStart,F5_stt:homophone+merge_boundary,,,,,,
um lyric,Default Fallback Intent,F5_stt:filler+drop_plural,,,,,,
er will i make through the day,Cmd.BatteryLevel,F5_stt:drop_function_word+filler,,,,,,
wrapup that reminder it done,reminders.complete,F5_stt:merge_boundary+drop_function_word,,,,,,
er seta reminder,reminders.add,F5_stt:filler+merge_boundary,,,,,,
uh make voice stand out more,Cmd.VolumeIncrease,F5_stt:drop_plural+filler,,,,,,
um please change music memory,Cmd.MemoryChange,F5_stt:drop_function_word+filler,,,,,,
er why is my right hearing aidnot paired,Help_Pairing,F5_stt:merge_boundary+filler,,,,,,
can i changethe name of my,Help_Accessories,F5_stt:merge_boundary+truncate_tail,,,,,,
uh how would i stop an,Help_FallAlert,F5_stt:filler+truncate_tail,,,,,,
the audio is distortedon my hearing,Help_DeviceSettings,F5_stt:merge_boundary+truncate_tail,,,,,,
er can you i am interested inmy location,Default Fallback Intent,F5_stt:filler+merge_boundary,,,,,,
uh where dotranscripts get saved,Help_Transcribe,F5_stt:merge_boundary+filler,,,,,,
i want my 8s making sound,Cmd.VolumeUnmute,F5_stt:truncate_tail+homophone,,,,,,
youchange to everyday,Cmd.MemoryChange,F5_stt:merge_boundary+drop_function_word,,,,,,
er explainthe remote microphone,Help_Accessories,F5_stt:filler+merge_boundary,,,,,,
setto auditorium mammary,Cmd.MemoryChange,F5_stt:homophone+merge_boundary,,,,,,
um office mammary,Cmd.MemoryChange,F5_stt:filler+homophone,,,,,,
can youmaster programme,Cmd.MemoryChange,F5_stt:homophone+merge_boundary,,,,,,
um set program to train,Cmd.MemoryChange,F5_stt:filler+drop_function_word,,,,,,
what is value control,Help_Volume,F5_stt:drop_function_word+homophone,,,,,,
send text tosomeone,Cmd.SendMessage,F5_stt:merge_boundary+drop_function_word,,,,,,
um where would i stop a fall,Help_FallAlert,F5_stt:truncate_tail+filler,,,,,,
um howdo i change beeps,Help_DeviceSettings,F5_stt:merge_boundary+filler,,,,,,
um canyou raise volume,Cmd.VolumeIncrease,F5_stt:merge_boundary+filler,,,,,,
um can you switchto pub,Cmd.MemoryChange,F5_stt:merge_boundary+filler,,,,,,
uh can you i need an adjustment to my hearin aids,Help_RemoteProgramming,F5_stt:homophone+filler,,,,,,
pleasejust curls ep in your ears yet,Default Fallback Intent,F5_stt:merge_boundary+homophone,,,,,,
um canyou concussion rehabilitation team works collaboratively in designing and implementing a treatment program,Default Fallback Intent,F5_stt:filler+merge_boundary,,,,,,
um change tomeeting,Cmd.MemoryChange,F5_stt:merge_boundary+filler,,,,,,
um please change quiet,Cmd.MemoryChange,F5_stt:filler+drop_function_word,,,,,,
canyou turn off source plug,Default Fallback Intent,F5_stt:merge_boundary+drop_plural,,,,,,
how do i turn down volumein the aid,Help_Volume,F5_stt:merge_boundary+drop_function_word,,,,,,
can you increased the volume in hearing aids,Cmd.VolumeIncrease,F5_stt:drop_function_word+homophone,,,,,,
uh soundfeels weak,Cmd.VolumeIncrease,F5_stt:merge_boundary+filler,,,,,,
um make another remind her,reminders.add,F5_stt:homophone+filler,,,,,,
um would send a message,Cmd.SendMessage,F5_stt:filler+drop_function_word,,,,,,
check off remind her,reminders.complete,F5_stt:drop_function_word+homophone,,,,,,
uh how do i search for my aides,Help_FindMyHearingAids,F5_stt:homophone+filler,,,,,,
er can youplay message i got,Cmd.ListenMessage,F5_stt:merge_boundary+filler,,,,,,
can you help with pairing herring aids with phone,Help_Pairing,F5_stt:homophone+drop_function_word,,,,,,
uh how many calorie have i used doing aerobics,Cmd.ActivityAerobics,F5_stt:drop_plural+filler,,,,,,
uhplease tell me what my stand goal is,Cmd.ActivityStand,F5_stt:filler+merge_boundary,,,,,,
can you remind me buy movie ticket for friday evening,reminders.add,F5_stt:drop_function_word+drop_plural,,,,,,
when couldi send manual alert,Help_FallAlert,F5_stt:merge_boundary+drop_function_word,,,,,,
uh turn streaming on,Cmd.StreamingStart,F5_stt:filler+drop_function_word,,,,,,
um remindme to work out,reminders.add,F5_stt:filler+merge_boundary,,,,,,
umwork program,Cmd.MemoryChange,F5_stt:filler+merge_boundary,,,,,,
can you remind me to take my medicine tuesday morning at 10 a,reminders.add,F5_stt:truncate_tail+homophone,,,,,,
i would liketo scream now,Cmd.StreamingStart,F5_stt:merge_boundary+homophone,,,,,,
canyou re mind me,reminders.add,F5_stt:homophone+merge_boundary,,,,,,
can you please diagnose my herring,Help_SelfCheck,F5_stt:truncate_tail+homophone,,,,,,
howwill i know if i have received new setting,Help_RemoteProgramming,F5_stt:merge_boundary+homophone,,,,,,
can you look ep the southwire this wire here go anywhere with this way,Default Fallback Intent,F5_stt:truncate_tail+homophone,,,,,,
er hush it ep,Cmd.VolumeDecrease,F5_stt:homophone+filler,,,,,,
uh can you create a daily reminder to take medication at 5 p,reminders.add,F5_stt:filler+truncate_tail,,,,,,
umrunning activity,Cmd.ActivityRun,F5_stt:filler+merge_boundary,,,,,,
set a reminder call the,reminders.add,F5_stt:drop_function_word+truncate_tail,,,,,,
um please remind me of my,reminders.add,F5_stt:truncate_tail+filler,,,,,,
um my aids need adjusting they sound,Help_DeviceSettings,F5_stt:truncate_tail+filler,,,,,,
ermisplaced telephone,Cmd.FindMyPhone,F5_stt:filler+merge_boundary,,,,,,
how much energyleft,Cmd.BatteryLevel,F5_stt:drop_function_word+merge_boundary,,,,,,
can show me my stand,Cmd.ActivityStand,F5_stt:truncate_tail+drop_function_word,,,,,,
uh demo mode,Help_DemoMode,F5_stt:filler,,,,,,
uh icannot remember where my other aid is,Help_FindMyHearingAids,F5_stt:merge_boundary+filler,,,,,,
um ineed help with pairing the aids,Help_Pairing,F5_stt:merge_boundary+filler,,,,,,
hearin aid audiostream,Cmd.StreamingStart,F5_stt:merge_boundary+homophone,,,,,,
please help with tinnitus volume adjustment on my hearingaid,Help_Tinnitus,F5_stt:merge_boundary+drop_plural,,,,,,
er showme an overview of engage,Help_WhatsNew,F5_stt:filler+merge_boundary,,,,,,
uh switch setting to two,Cmd.MemoryChange,F5_stt:filler+drop_function_word,,,,,,
please help me intercept fallalert,Help_FallAlert,F5_stt:drop_function_word+merge_boundary,,,,,,
i wash them everynow and,Default Fallback Intent,F5_stt:merge_boundary+truncate_tail,,,,,,
text quicknote,Cmd.SendMessage,F5_stt:drop_function_word+merge_boundary,,,,,,
uhnot so loud,Cmd.VolumeDecrease,F5_stt:filler+merge_boundary,,,,,,
remind me to call momon christmas,reminders.add,F5_stt:drop_function_word+merge_boundary,,,,,,
uh set music memory,Cmd.MemoryChange,F5_stt:filler+drop_function_word,,,,,,
can alexa tern off porch light,Default Fallback Intent,F5_stt:drop_function_word+homophone,,,,,,
setmemery to home,Cmd.MemoryChange,F5_stt:homophone+merge_boundary,,,,,,
you golf pro gram,Cmd.MemoryChange,F5_stt:homophone+drop_function_word,,,,,,
uh how do i change to another memory on my,Help_ChangingMemories,F5_stt:filler+truncate_tail,,,,,,
please turn right hearing aid,Cmd.VolumeUnmute,F5_stt:drop_function_word+truncate_tail,,,,,,
uh remind me friday,reminders.add,F5_stt:drop_function_word+filler,,,,,,
er am i close to running goal,Cmd.ActivityRun,F5_stt:drop_function_word+filler,,,,,,
uh i completed it removethe reminder,reminders.complete,F5_stt:merge_boundary+filler,,,,,,
uh please change to train pro gram,Cmd.MemoryChange,F5_stt:homophone+filler,,,,,,
um can have long have i been jogging,Cmd.ActivityRun,F5_stt:drop_function_word+filler,,,,,,
where my modelnumber,Help_DeviceSettings,F5_stt:drop_function_word+merge_boundary,,,,,,
er let mehear the tv,Cmd.StreamingStart,F5_stt:merge_boundary+filler,,,,,,
didthey accept hearshare invitation,Help_HearShare,F5_stt:merge_boundary+drop_function_word,,,,,,
changeto worship program,Cmd.MemoryChange,F5_stt:merge_boundary+drop_function_word,,,,,,
uh nudgeme in an hour,reminders.add,F5_stt:merge_boundary+filler,,,,,,
er can you goto personal,Cmd.MemoryChange,F5_stt:filler+merge_boundary,,,,,,
uh pleaseswitch program to one,Cmd.MemoryChange,F5_stt:merge_boundary+filler,,,,,,
um please switch to gym programme,Cmd.MemoryChange,F5_stt:filler+homophone,,,,,,
er help checking if something is wrong with my aide,Help_SelfCheck,F5_stt:homophone+filler,,,,,,
uh find android,Cmd.FindMyPhone,F5_stt:filler+drop_function_word,,,,,,
what do you think about joe biden droppingout of the,Default Fallback Intent,F5_stt:truncate_tail+merge_boundary,,,,,,
decrease the volume in my hearing aides,Cmd.VolumeDecrease,F5_stt:drop_function_word+homophone,,,,,,
ummute the aids,Cmd.VolumeMute,F5_stt:filler+merge_boundary,,,,,,
how do i make one sidelowder,Help_Volume,F5_stt:homophone+merge_boundary,,,,,,
um i need to rememberthis,reminders.add,F5_stt:merge_boundary+filler,,,,,,
help customizing setting,Help_Customize,F5_stt:drop_function_word+homophone,,,,,,
uh cannotfind bose,Default Fallback Intent,F5_stt:merge_boundary+filler,,,,,,
um askmy house,Default Fallback Intent,F5_stt:filler+merge_boundary,,,,,,
more like thisis,Default Fallback Intent,F5_stt:drop_function_word+merge_boundary,,,,,,
can makethem ring,Help_FindMyHearingAids,F5_stt:drop_function_word+merge_boundary,,,,,,
newtthe hearing aids,Cmd.VolumeMute,F5_stt:homophone+merge_boundary,,,,,,
uh auditoriummemory,Cmd.MemoryChange,F5_stt:filler+merge_boundary,,,,,,
pelase senda messege,Cmd.SendMessage,F5_stt:homophone+merge_boundary,,,,,,
can you help with pearing my hearing aids with the,Help_Pairing,F5_stt:truncate_tail+homophone,,,,,,
please help with tinnitu masker adjustments on my aides,Help_Tinnitus,F5_stt:homophone+drop_plural,,,,,,
uh explain mybrain score,Help_ThriveScore,F5_stt:filler+merge_boundary,,,,,,
i need to disconnect the hearing aids from fone,Help_Pairing,F5_stt:drop_function_word+homophone,,,,,,
uh change to outdoorsprogram,Cmd.MemoryChange,F5_stt:merge_boundary+filler,,,,,,
um please switch program tomaster,Cmd.MemoryChange,F5_stt:filler+merge_boundary,,,,,,
uh pleaseswitch to everyday,Cmd.MemoryChange,F5_stt:merge_boundary+filler,,,,,,
how do i turn ondemo,Help_DemoMode,F5_stt:merge_boundary+truncate_tail,,,,,,
um switch to mute programme,Cmd.MemoryChange,F5_stt:filler+homophone,,,,,,
uh can you kid pushes the topbutton real quick and let it go the volume goes up,Default Fallback Intent,F5_stt:merge_boundary+filler,,,,,,
um please setto master program,Cmd.MemoryChange,F5_stt:filler+merge_boundary,,,,,,
hearingaid volume down,Cmd.VolumeDecrease,F5_stt:drop_function_word+merge_boundary,,,,,,
um change auditorium,Cmd.MemoryChange,F5_stt:filler+drop_function_word,,,,,,
what is mybatteries life,Cmd.BatteryLevel,F5_stt:homophone+merge_boundary,,,,,,
er please remind me on,reminders.add,F5_stt:filler+truncate_tail,,,,,,
er what if my aides get damp,Help_CleanCare,F5_stt:filler+homophone,,,,,,
pleaseswitch to restaurant mammary,Cmd.MemoryChange,F5_stt:homophone+merge_boundary,,,,,,
uh remind about party at 12 p m on friday,reminders.add,F5_stt:filler+drop_function_word,,,,,,
er do not let meforget to call grandma,reminders.add,F5_stt:merge_boundary+filler,,,,,,
um help with white noise adjustment on my hearing,Help_Tinnitus,F5_stt:truncate_tail+filler,,,,,,
er make volumn lower,Cmd.VolumeDecrease,F5_stt:homophone+filler,,,,,,
can professional adjust the aid,Help_RemoteProgramming,F5_stt:drop_function_word+truncate_tail,,,,,,
send mea reminda,reminders.add,F5_stt:homophone+merge_boundary,,,,,,
switch memery to auditorium,Cmd.MemoryChange,F5_stt:drop_function_word+homophone,,,,,,
why cannot iget 200 point with the ipro score,Help_ThriveScore,F5_stt:drop_plural+merge_boundary,,,,,,
um can you remind me at 11 o'clock in morning,reminders.add,F5_stt:filler+drop_function_word,,,,,,
um ona good day,Default Fallback Intent,F5_stt:merge_boundary+filler,,,,,,
how do i adjust volume on my,Help_Accessories,F5_stt:drop_function_word+truncate_tail,,,,,,
please re mind me to go to bedin 5 minutes,reminders.add,F5_stt:merge_boundary+homophone,,,,,,
save runi just finished,Cmd.ActivityRun,F5_stt:drop_function_word+merge_boundary,,,,,,
uhplease switch to tinnitus memory,Cmd.MemoryChange,F5_stt:filler+merge_boundary,,,,,,
uh set to television pro gram,Cmd.MemoryChange,F5_stt:homophone+filler,,,,,,
um open translation inspanish,Cmd.TranslationStart,F5_stt:filler+merge_boundary,,,,,,
what edg mode,Help_EdgeMode,F5_stt:homophone+drop_function_word,,,,,,
um please make my hearin aids silent,Cmd.VolumeMute,F5_stt:filler+homophone,,,,,,
please i need help with pairing,Help_Pairing,F5_stt:drop_function_word+truncate_tail,,,,,,
uh morelike this is,Default Fallback Intent,F5_stt:filler+merge_boundary,,,,,,
uh how does tornado creator start,Default Fallback Intent,F5_stt:filler+drop_function_word,,,,,,
uh can you reminda done,reminders.complete,F5_stt:filler+homophone,,,,,,
uh turned off alarm,Default Fallback Intent,F5_stt:homophone+filler,,,,,,
er how do i play notifications through hearing aid,Help_DeviceSettings,F5_stt:drop_function_word+filler,,,,,,
please ashesashes all fall down,Default Fallback Intent,F5_stt:drop_function_word+merge_boundary,,,,,,
er can i see stand goal,Cmd.ActivityStand,F5_stt:drop_function_word+filler,,,,,,
er how does sharing audio with another person,Help_HearShare,F5_stt:filler+truncate_tail,,,,,,
remind me to turn the light on at 8 p,reminders.add,F5_stt:drop_plural+truncate_tail,,,,,,
can you re mind me to call,reminders.add,F5_stt:drop_function_word+homophone,,,,,,
fire offtext,Cmd.SendMessage,F5_stt:drop_function_word+merge_boundary,,,,,,
er can you change topersonal,Cmd.MemoryChange,F5_stt:filler+merge_boundary,,,,,,
er switch to worship,Cmd.MemoryChange,F5_stt:drop_function_word+filler,,,,,,
uh set memory to two,Cmd.MemoryChange,F5_stt:drop_function_word+filler,,,,,,
how do i disconnect my hearing aid from,Help_Pairing,F5_stt:truncate_tail+drop_function_word,,,,,,
er how do i improve my activity,Help_ThriveScore,F5_stt:filler+truncate_tail,,,,,,
er how the ipro score calculated,Help_ThriveScore,F5_stt:drop_function_word+filler,,,,,,
uh can you change to,Cmd.MemoryChange,F5_stt:filler+truncate_tail,,,,,,
um show me aroundthe app,Help_Home,F5_stt:merge_boundary+filler,,,,,,
um please did they accept my hearshare,Help_HearShare,F5_stt:filler+truncate_tail,,,,,,
beam theaudio over to,Cmd.StreamingStart,F5_stt:truncate_tail+merge_boundary,,,,,,
um how doi disable mask mode,Help_MaskMode,F5_stt:merge_boundary+filler,,,,,,
how do i stop screaming from my tvstreamer,Help_Accessories,F5_stt:homophone+merge_boundary,,,,,,
can you remind her for 4 15 p m today visit grandmaplease,reminders.add,F5_stt:merge_boundary+homophone,,,,,,
uh help for tele hear,Help_HearingCareAnywhereConnect,F5_stt:filler+drop_function_word,,,,,,
you calorie jogging,Cmd.ActivityRun,F5_stt:homophone+drop_function_word,,,,,,
uh can youpandora,Default Fallback Intent,F5_stt:merge_boundary+filler,,,,,,
uh school pro gram,Cmd.MemoryChange,F5_stt:homophone+filler,,,,,,
can my audiologist adjust hearing aid,Help_RemoteProgramming,F5_stt:truncate_tail+drop_function_word,,,,,,
er can yougym setting,Cmd.MemoryChange,F5_stt:merge_boundary+filler,,,,,,
er switch to gym memery,Cmd.MemoryChange,F5_stt:homophone+filler,,,,,,
um is spanishsupported for translation,Help_Translate,F5_stt:filler+merge_boundary,,,,,,
er please locate bowling alley nearby,Default Fallback Intent,F5_stt:drop_function_word+filler,,,,,,
can i don t hear a difference when i change my balancecontrol,Help_WiCROS,F5_stt:drop_function_word+merge_boundary,,,,,,
er where is my data backed,Help_HearingCareAnywhereConnect,F5_stt:filler+truncate_tail,,,,,,
um set something upso i do not forget,reminders.add,F5_stt:filler+merge_boundary,,,,,,
uh you lost phone,Cmd.FindMyPhone,F5_stt:filler+drop_function_word,,,,,,
uh can you remember to visit my family on thanksgiving,reminders.add,F5_stt:filler+truncate_tail,,,,,,
please change programtheater,Cmd.MemoryChange,F5_stt:drop_function_word+merge_boundary,,,,,,
um how to clean hearing aids,Help_CleanCare,F5_stt:drop_function_word+filler,,,,,,
er pleaseswitch to gym memory,Cmd.MemoryChange,F5_stt:merge_boundary+filler,,,,,,
showme tinnitu settings,Help_Tinnitus,F5_stt:merge_boundary+drop_plural,,,,,,
hearing aid sound keeps,Help_DeviceSettings,F5_stt:truncate_tail+drop_function_word,,,,,,
er how do i learn,Default Fallback Intent,F5_stt:filler+truncate_tail,,,,,,
er notscreaming loud enough,Default Fallback Intent,F5_stt:filler+merge_boundary,,,,,,
um what are my options for tinnitu,Help_Tinnitus,F5_stt:filler+drop_plural,,,,,,
uh using app without aids,Help_DemoMode,F5_stt:drop_function_word+filler,,,,,,
um set setting to number two,Cmd.MemoryChange,F5_stt:filler+drop_function_word,,,,,,
i needto reach out someone,Cmd.SendMessage,F5_stt:merge_boundary+drop_function_word,,,,,,
er how would i cancela fall alert message,Help_FallAlert,F5_stt:filler+merge_boundary,,,,,,
youhelp with remote programming,Help_RemoteProgramming,F5_stt:drop_function_word+merge_boundary,,,,,,
er how do i charge my herring aid ric,Help_Battery,F5_stt:filler+homophone,,,,,,
find where foam went,Cmd.FindMyPhone,F5_stt:homophone+drop_function_word,,,,,,
uh please i wonder if i put in here somewhere,Default Fallback Intent,F5_stt:filler+drop_function_word,,,,,,
uh can you set to personal,Cmd.MemoryChange,F5_stt:truncate_tail+filler,,,,,,
er what different about this app,Help_WhatsNew,F5_stt:drop_function_word+filler,,,,,,
uh could you remindme,reminders.add,F5_stt:merge_boundary+filler,,,,,,
um deliver the sound to aids,Cmd.StreamingStart,F5_stt:drop_function_word+filler,,,,,,
um canyou dnn speech enhancement help,Help_IntelliVoice,F5_stt:merge_boundary+filler,,,,,,
er can you help with tinnitu volume adjustment in my hearing aid,Help_Tinnitus,F5_stt:filler+drop_plural,,,,,,
er volumn decrease,Cmd.VolumeDecrease,F5_stt:homophone+filler,,,,,,
uh worship programme,Cmd.MemoryChange,F5_stt:homophone+filler,,,,,,
how will i know when hearin specialist adjusted my aids,Help_RemoteProgramming,F5_stt:homophone+drop_function_word,,,,,,
um track my device,Help_FindMyHearingAids,F5_stt:drop_plural+filler,,,,,,
er how do i play notifications through hearing aids,Help_DeviceSettings,F5_stt:filler+drop_function_word,,,,,,
um please set remind her buy milk on november 11 at 5 p m,reminders.add,F5_stt:filler+homophone,,,,,,
remind me take medicine in 5 minute,reminders.add,F5_stt:drop_function_word+drop_plural,,,,,,
how do i turnon mast mode,Help_MaskMode,F5_stt:homophone+merge_boundary,,,,,,
uh how do i adjust the sensitivity of the double,Help_DeviceSettings,F5_stt:truncate_tail+filler,,,,,,
i misplaced device,Help_FindMyHearingAids,F5_stt:drop_function_word+drop_plural,,,,,,
please switch outdoor memory,Cmd.MemoryChange,F5_stt:drop_plural+drop_function_word,,,,,,
um volume down left aid,Cmd.VolumeDecrease,F5_stt:drop_function_word+filler,,,,,,
how do i customize hearin aid memory,Help_MemoryOptions,F5_stt:drop_function_word+homophone,,,,,,
how do i adjust my tinnitu noise in the,Help_Tinnitus,F5_stt:truncate_tail+drop_plural,,,,,,
canchange to restaurant memory,Cmd.MemoryChange,F5_stt:drop_function_word+merge_boundary,,,,,,
uh can you but their counterparts of white pieces of fabric,Default Fallback Intent,F5_stt:drop_function_word+filler,,,,,,
er in a way this cause i just kind of taking away the,Default Fallback Intent,F5_stt:drop_function_word+filler,,,,,,
how do i get better engagement,Help_ThriveScore,F5_stt:drop_function_word+truncate_tail,,,,,,
what the latest cricket,Default Fallback Intent,F5_stt:truncate_tail+drop_function_word,,,,,,
uh sendan email,Cmd.SendMessage,F5_stt:merge_boundary+filler,,,,,,
how doi check overall activity,Help_Health,F5_stt:merge_boundary+drop_function_word,,,,,,
um begin aerobicssession,Cmd.ActivityAerobics,F5_stt:merge_boundary+filler,,,,,,
how many colorie did i burn while exercising,Cmd.ActivityExercise,F5_stt:homophone+drop_plural,,,,,,
um can you set memery to master,Cmd.MemoryChange,F5_stt:homophone+filler,,,,,,
how do itest drive the,Help_DemoMode,F5_stt:truncate_tail+merge_boundary,,,,,,
um track heart rate,Help_HeartRate,F5_stt:drop_function_word+filler,,,,,,
cani cannot find my hearing aids,Help_FindMyHearingAids,F5_stt:drop_function_word+merge_boundary,,,,,,
uh tell me battery level,Cmd.BatteryLevel,F5_stt:drop_function_word+filler,,,,,,
um starttracking this stroll,Cmd.ActivityWalk,F5_stt:merge_boundary+filler,,,,,,
wheredid i place my right hearing,Help_FindMyHearingAids,F5_stt:truncate_tail+merge_boundary,,,,,,
can you i misplaced left aide,Help_FindMyHearingAids,F5_stt:homophone+drop_function_word,,,,,,
uh please change program to,Cmd.MemoryChange,F5_stt:filler+truncate_tail,,,,,,
can you pubprogramme,Cmd.MemoryChange,F5_stt:homophone+merge_boundary,,,,,,
how to change the battery in my hearing,Help_Battery,F5_stt:homophone+truncate_tail,,,,,,
er please change program toautomatic,Cmd.MemoryChange,F5_stt:merge_boundary+filler,,,,,,
um translated help,Help_Translate,F5_stt:homophone+filler,,,,,,
please setto master mammary,Cmd.MemoryChange,F5_stt:homophone+merge_boundary,,,,,,
er i needit softer,Cmd.VolumeDecrease,F5_stt:merge_boundary+filler,,,,,,
er help me send note,Cmd.SendMessage,F5_stt:filler+drop_function_word,,,,,,
um help with the shared listeningfeature,Help_HearShare,F5_stt:merge_boundary+filler,,,,,,
er set remind her about washing car,reminders.add,F5_stt:homophone+filler,,,,,,
what are you epto,Default Fallback Intent,F5_stt:homophone+merge_boundary,,,,,,
uh did i hit step goal,Cmd.ActivityStep,F5_stt:filler+drop_function_word,,,,,,
um close at notredame score yesterday,Default Fallback Intent,F5_stt:merge_boundary+filler,,,,,,
er loga run,Cmd.ActivityRun,F5_stt:merge_boundary+filler,,,,,,
er tern things up so i can hear,Cmd.VolumeIncrease,F5_stt:filler+homophone,,,,,,
howincrease volume,Help_Volume,F5_stt:drop_function_word+merge_boundary,,,,,,
um value down left aid,Cmd.VolumeDecrease,F5_stt:filler+homophone,,,,,,
er please changeto telephone memory,Cmd.MemoryChange,F5_stt:merge_boundary+filler,,,,,,
um how does thewellness score work,Help_ThriveScore,F5_stt:merge_boundary+filler,,,,,,
uh aerobic goal,Cmd.ActivityAerobics,F5_stt:drop_plural+filler,,,,,,
uh i need strongeraudio,Cmd.VolumeIncrease,F5_stt:merge_boundary+filler,,,,,,
uh use different listening setup,Cmd.MemoryChange,F5_stt:drop_function_word+filler,,,,,,
can youturned the sound off,Cmd.VolumeMute,F5_stt:homophone+merge_boundary,,,,,,
er when doesedge mode turn off,Help_EdgeMode,F5_stt:merge_boundary+filler,,,,,,
what the most expensivephone,Default Fallback Intent,F5_stt:drop_function_word+merge_boundary,,,,,,
er can switch to kitchen,Cmd.MemoryChange,F5_stt:drop_function_word+filler,,,,,,
speak my messege,Cmd.ListenMessage,F5_stt:drop_plural+homophone,,,,,,
uh can you memery four,Cmd.MemoryChange,F5_stt:homophone+filler,,,,,,
change programto outdoor,Cmd.MemoryChange,F5_stt:drop_plural+merge_boundary,,,,,,
um can youremind me to call my brother on veterans day,reminders.add,F5_stt:merge_boundary+filler,,,,,,
scream from tv now,Cmd.StreamingStart,F5_stt:drop_function_word+homophone,,,,,,
erchange memory,Cmd.MemoryChange,F5_stt:filler+merge_boundary,,,,,,
sorryi did not give you kiss,Default Fallback Intent,F5_stt:drop_function_word+merge_boundary,,,,,,
er please show me jury,Default Fallback Intent,F5_stt:filler+drop_function_word,,,,,,
mark my last remindacomplete,reminders.complete,F5_stt:homophone+merge_boundary,,,,,,
um can change to pub program,Cmd.MemoryChange,F5_stt:drop_function_word+filler,,,,,,
uh can you switchto auditorium,Cmd.MemoryChange,F5_stt:filler+merge_boundary,,,,,,
how doi tailor my herring experience,Help_Customize,F5_stt:homophone+merge_boundary,,,,,,
set memery two,Cmd.MemoryChange,F5_stt:drop_function_word+homophone,,,,,,
um where is theclosed captioning feature,Help_Transcribe,F5_stt:merge_boundary+filler,,,,,,
er can you switch settingto number two,Cmd.MemoryChange,F5_stt:filler+merge_boundary,,,,,,
sendaudio to my 8s,Cmd.StreamingStart,F5_stt:homophone+merge_boundary,,,,,,
switch program numbertwo,Cmd.MemoryChange,F5_stt:drop_function_word+merge_boundary,,,,,,
er can you make the sound,Cmd.VolumeIncrease,F5_stt:truncate_tail+filler,,,,,,
i neednotify someone,Cmd.SendMessage,F5_stt:drop_function_word+merge_boundary,,,,,,
how do i see walking goal,Help_Health,F5_stt:drop_function_word+drop_plural,,,,,,
er switch to masterprogram,Cmd.MemoryChange,F5_stt:merge_boundary+filler,,,,,,
um can you remind meto take medicine tomorrow morning,reminders.add,F5_stt:filler+merge_boundary,,,,,,
please i cannot find my other herring,Help_FindMyHearingAids,F5_stt:truncate_tail+homophone,,,,,,
um when should i start a manual alert,Help_FallAlert,F5_stt:truncate_tail+filler,,,,,,
please help withwhite noise adjustment on hearing aid,Help_Tinnitus,F5_stt:merge_boundary+drop_function_word,,,,,,
um drop it down a few,Cmd.VolumeDecrease,F5_stt:filler+truncate_tail,,,,,,
er canyou master setting,Cmd.MemoryChange,F5_stt:filler+merge_boundary,,,,,,
um changeprogram to personal,Cmd.MemoryChange,F5_stt:merge_boundary+filler,,,,,,
set office memery,Cmd.MemoryChange,F5_stt:drop_function_word+homophone,,,,,,
um can memory button,Help_ChangingMemories,F5_stt:drop_function_word+filler,,,,,,
cani wash them every now and then,Default Fallback Intent,F5_stt:drop_function_word+merge_boundary,,,,,,
find myaid,Help_FindMyHearingAids,F5_stt:merge_boundary+drop_plural,,,,,,
um how do i usethis,Help_Home,F5_stt:merge_boundary+filler,,,,,,
did i drop aides somewhere,Help_FindMyHearingAids,F5_stt:drop_function_word+homophone,,,,,,
the sund quality is poor,Help_DeviceSettings,F5_stt:homophone+truncate_tail,,,,,,
how do i change the nameof the tv,Help_Accessories,F5_stt:truncate_tail+merge_boundary,,,,,,
what mycalorie goal,Cmd.ActivityCalories,F5_stt:drop_function_word+merge_boundary,,,,,,
um buzz my phone so i hearit,Cmd.FindMyPhone,F5_stt:filler+merge_boundary,,,,,,
um how do i request new settings finetuning,Help_RemoteProgramming,F5_stt:filler+merge_boundary,,,,,,
yoube more specific,Default Fallback Intent,F5_stt:merge_boundary+drop_function_word,,,,,,
uh setto kitchen memory,Cmd.MemoryChange,F5_stt:filler+merge_boundary,,,,,,
er can auditorium setting,Cmd.MemoryChange,F5_stt:filler+drop_function_word,,,,,,
can you score of twins,Default Fallback Intent,F5_stt:drop_function_word+truncate_tail,,,,,,
uh wherewould i cancel a fall alert,Help_FallAlert,F5_stt:merge_boundary+filler,,,,,,
uh locatemy wife,Default Fallback Intent,F5_stt:merge_boundary+filler,,,,,,
uh turnthe sound on,Cmd.VolumeUnmute,F5_stt:merge_boundary+filler,,,,,,
er shut off all sound for,Cmd.VolumeMute,F5_stt:filler+truncate_tail,,,,,,
what the modelof my hearing aid,Help_DeviceSettings,F5_stt:drop_function_word+merge_boundary,,,,,,
leave a voicemassage,Cmd.SendMessage,F5_stt:homophone+merge_boundary,,,,,,
er can you find mysong,Default Fallback Intent,F5_stt:filler+merge_boundary,,,,,,
set train programme,Cmd.MemoryChange,F5_stt:homophone+drop_function_word,,,,,,
detect androidphone,Cmd.FindMyPhone,F5_stt:drop_function_word+merge_boundary,,,,,,
er what is firmware version of my hearing aid,Help_DeviceSettings,F5_stt:filler+drop_function_word,,,,,,
um can you switch memory gym,Cmd.MemoryChange,F5_stt:drop_function_word+filler,,,,,,
um can you set to office mammary,Cmd.MemoryChange,F5_stt:filler+homophone,,,,,,
um can you on a good,Default Fallback Intent,F5_stt:filler+truncate_tail,,,,,,
er can i track heart rate duringexercise,Help_HeartRate,F5_stt:filler+merge_boundary,,,,,,
how do i delete remind her,Help_Reminder,F5_stt:drop_function_word+homophone,,,,,,
uh i need to unpair myhearing aids from my phone,Help_Pairing,F5_stt:merge_boundary+filler,,,,,,
canyou switch program theater,Cmd.MemoryChange,F5_stt:drop_function_word+merge_boundary,,,,,,
er turn on herring aids,Cmd.VolumeUnmute,F5_stt:homophone+filler,,,,,,
connect thetv sounds to me,Cmd.StreamingStart,F5_stt:homophone+merge_boundary,,,,,,
i amgoing for a,Cmd.ActivityWalk,F5_stt:truncate_tail+merge_boundary,,,,,,
uh switch program personal,Cmd.MemoryChange,F5_stt:drop_function_word+filler,,,,,,
help me fit my hearing,Help_InsertDevice,F5_stt:homophone+truncate_tail,,,,,,
pump ep volume,Cmd.VolumeIncrease,F5_stt:homophone+drop_function_word,,,,,,
er send word to mydaughter,Cmd.SendMessage,F5_stt:merge_boundary+filler,,,,,,
er change pro gram to pub,Cmd.MemoryChange,F5_stt:homophone+filler,,,,,,
uh help with gettinga remote adjustment,Help_RemoteProgramming,F5_stt:merge_boundary+filler,,,,,,
please turn upthe volume in my right hearing,Cmd.VolumeIncrease,F5_stt:truncate_tail+merge_boundary,,,,,,
please i would like to knowthe average airspeed of an unburdened,Default Fallback Intent,F5_stt:truncate_tail+merge_boundary,,,,,,
er please i wish i could wake,Default Fallback Intent,F5_stt:truncate_tail+filler,,,,,,
how many caloriesdid i burn,Cmd.ActivityStand,F5_stt:truncate_tail+merge_boundary,,,,,,
um appversion,Help_AppSettings,F5_stt:filler+merge_boundary,,,,,,
i wantchange memory,Cmd.MemoryChange,F5_stt:drop_function_word+merge_boundary,,,,,,
uh how do i perform a,Help_IntelliVoice,F5_stt:truncate_tail+filler,,,,,,
can deletea mammary,Help_MemoryOptions,F5_stt:merge_boundary+homophone,,,,,,
uh please where's myiphone,Cmd.FindMyPhone,F5_stt:merge_boundary+filler,,,,,,
how do ichange the cross balance on the receiver,Help_WiCROS,F5_stt:merge_boundary+homophone,,,,,,
er howreliable is the fall alert,Help_FallAlert,F5_stt:merge_boundary+filler,,,,,,
er i cannot remember where my left hearing 8 is,Help_FindMyHearingAids,F5_stt:filler+homophone,,,,,,
you worksetting,Cmd.MemoryChange,F5_stt:drop_function_word+merge_boundary,,,,,,
er how do i get better activity,Help_ThriveScore,F5_stt:truncate_tail+filler,,,,,,
er catch me ep on new stuff,Help_WhatsNew,F5_stt:filler+homophone,,,,,,
er mute pro gram,Cmd.MemoryChange,F5_stt:filler+homophone,,,,,,
er what are symptoms of ear wax,Help_CleanCare,F5_stt:filler+truncate_tail,,,,,,
uh can you set memoryto worship,Cmd.MemoryChange,F5_stt:filler+merge_boundary,,,,,,
uh set memoryto car,Cmd.MemoryChange,F5_stt:merge_boundary+filler,,,,,,
how do i clean hearing 8,Help_CleanCare,F5_stt:drop_function_word+homophone,,,,,,
i change the name of the tv,Help_Accessories,F5_stt:truncate_tail+drop_function_word,,,,,,
i would like to send,Cmd.SendMessage,F5_stt:truncate_tail+drop_function_word,,,,,,
uh you step calories,Cmd.ActivityStep,F5_stt:filler+drop_function_word,,,,,,
uh switch to officeprogram,Cmd.MemoryChange,F5_stt:merge_boundary+filler,,,,,,
um share hearing aid audio with someone,Help_HearShare,F5_stt:drop_function_word+filler,,,,,,
um where intelligent voice,Help_IntelliVoice,F5_stt:filler+drop_function_word,,,,,,
er please un mute my hearing aids,Cmd.VolumeUnmute,F5_stt:homophone+filler,,,,,,
uh connect left hearing aid,Help_Pairing,F5_stt:filler+drop_function_word,,,,,,
um how muchpower is left,Cmd.BatteryLevel,F5_stt:merge_boundary+filler,,,,,,
please set reminda to exercise today,reminders.add,F5_stt:homophone+drop_function_word,,,,,,
er can you change mammary to telephone,Cmd.MemoryChange,F5_stt:homophone+filler,,,,,,
change pro gram tonumber three,Cmd.MemoryChange,F5_stt:homophone+merge_boundary,,,,,,
er please set an alarm for 8 a,reminders.add,F5_stt:filler+truncate_tail,,,,,,
uh change to everyday memery,Cmd.MemoryChange,F5_stt:filler+homophone,,,,,,
connect upto telephone,Help_Pairing,F5_stt:merge_boundary+drop_function_word,,,,,,
thank for child when i was a little girl with a grandfather who taught me the heart of my face,Default Fallback Intent,F5_stt:drop_plural+drop_function_word,,,,,,
uh please change memery to golf,Cmd.MemoryChange,F5_stt:homophone+filler,,,,,,
what will myaid do when i have,Help_FallAlert,F5_stt:merge_boundary+truncate_tail,,,,,,
uh how do i send a request to my,Help_HearingCareAnywhereConnect,F5_stt:truncate_tail+filler,,,,,,
can you and if the sizei a little side street they sent angels church,Default Fallback Intent,F5_stt:merge_boundary+drop_plural,,,,,,
er send a push to talk messege,Cmd.SendMessage,F5_stt:homophone+filler,,,,,,
uh massage my brother an update,Cmd.SendMessage,F5_stt:homophone+filler,,,,,,
um doi put the earmold in first,Help_InsertDevice,F5_stt:filler+merge_boundary,,,,,,
er can you close at notre dame score,Default Fallback Intent,F5_stt:filler+truncate_tail,,,,,,
um how tall mount everest,Default Fallback Intent,F5_stt:filler+drop_function_word,,,,,,
can youchange setting to number three,Cmd.MemoryChange,F5_stt:merge_boundary+homophone,,,,,,
i want hear the tv in my,Cmd.StreamingStart,F5_stt:drop_function_word+truncate_tail,,,,,,
remind me refill myprescription tomorrow afternoon,reminders.add,F5_stt:drop_function_word+merge_boundary,,,,,,
there is aproblem with my herring aids,Help_SelfCheck,F5_stt:homophone+merge_boundary,,,,,,
er switch tomusic program,Cmd.MemoryChange,F5_stt:merge_boundary+filler,,,,,,
er how does hearshare connect anotherperson,Help_HearShare,F5_stt:merge_boundary+filler,,,,,,
can you change mammary to,Cmd.MemoryChange,F5_stt:truncate_tail+homophone,,,,,,
er put volume back on,Cmd.VolumeUnmute,F5_stt:filler+drop_function_word,,,,,,
move tomy church programme,Cmd.MemoryChange,F5_stt:merge_boundary+homophone,,,,,,
uh bluetooth pairinghelp,Help_Pairing,F5_stt:filler+merge_boundary,,,,,,
my overall activitystat,Help_Health,F5_stt:merge_boundary+drop_plural,,,,,,
um help me communicate with,Cmd.SendMessage,F5_stt:filler+truncate_tail,,,,,,
er i am now seated in loud coffee shop,Cmd.MemoryChange,F5_stt:drop_function_word+filler,,,,,,
uh how do i improve my thrive,Help_ThriveScore,F5_stt:truncate_tail+filler,,,,,,
um can you detecttelephone,Cmd.FindMyPhone,F5_stt:merge_boundary+filler,,,,,,
batter e statu,Cmd.BatteryLevel,F5_stt:drop_plural+homophone,,,,,,
um please i misplaced left aid,Help_FindMyHearingAids,F5_stt:filler+drop_function_word,,,,,,
er i am new help meget started,Help_Home,F5_stt:filler+merge_boundary,,,,,,
whereis other aid,Help_FindMyHearingAids,F5_stt:drop_function_word+merge_boundary,,,,,,
uh please help for trans cribe,Help_Transcribe,F5_stt:homophone+filler,,,,,,
uh scan option,Default Fallback Intent,F5_stt:drop_plural+filler,,,,,,
um send the massage,Cmd.SendMessage,F5_stt:filler+homophone,,,,,,
uh please salsa on left,Default Fallback Intent,F5_stt:filler+drop_function_word,,,,,,
um can you auditorium memery,Cmd.MemoryChange,F5_stt:homophone+filler,,,,,,
er caption people talking,Cmd.TranscribeStart,F5_stt:filler+drop_function_word,,,,,,
howdo i connect my hearing aids to car's bluetooth,Help_Pairing,F5_stt:drop_function_word+merge_boundary,,,,,,
er please i lost my hearing 8,Help_FindMyHearingAids,F5_stt:homophone+filler,,,,,,
change thecurrent mammary,Cmd.MemoryChange,F5_stt:merge_boundary+homophone,,,,,,
uh please listen to microphone,Cmd.StreamingStart,F5_stt:drop_function_word+filler,,,,,,
er what doesthis app do,Help_Home,F5_stt:merge_boundary+filler,,,,,,
er set car program,Cmd.MemoryChange,F5_stt:drop_function_word+filler,,,,,,
usethe setting for outdoor,Cmd.MemoryChange,F5_stt:drop_plural+merge_boundary,,,,,,
is it ok to pushthe hearing aid in,Help_InsertDevice,F5_stt:merge_boundary+truncate_tail,,,,,,
er can you set memory to,Cmd.MemoryChange,F5_stt:truncate_tail+filler,,,,,,
you locate a bowlingalley nearby,Default Fallback Intent,F5_stt:drop_function_word+merge_boundary,,,,,,
uh can you set to outdoor memory,Cmd.MemoryChange,F5_stt:drop_plural+filler,,,,,,
uh shelley my phone,Default Fallback Intent,F5_stt:drop_function_word+filler,,,,,,
help with whitenoise adjustment,Help_Tinnitus,F5_stt:drop_plural+merge_boundary,,,,,,
er you telephone setting,Cmd.MemoryChange,F5_stt:drop_function_word+filler,,,,,,
how do i set up auto,Help_DeviceSettings,F5_stt:homophone+truncate_tail,,,,,,
you turn down my hearin aids,Cmd.VolumeDecrease,F5_stt:homophone+drop_function_word,,,,,,
please change tomaster programme,Cmd.MemoryChange,F5_stt:homophone+merge_boundary,,,,,,
can you switch masque,Cmd.MemoryChange,F5_stt:homophone+drop_function_word,,,,,,
er please on northkoreans office will the fuckers off here,Default Fallback Intent,F5_stt:merge_boundary+filler,,,,,,
um what i do here,Help_Home,F5_stt:drop_function_word+filler,,,,,,
what happens if 8s get wet,Help_CleanCare,F5_stt:drop_function_word+homophone,,,,,,
how do i search for hearing 8,Help_FindMyHearingAids,F5_stt:homophone+drop_function_word,,,,,,
um how do i delete aprogram,Help_MemoryOptions,F5_stt:merge_boundary+filler,,,,,,
um changeto train,Cmd.MemoryChange,F5_stt:filler+merge_boundary,,,,,,
er what can i ask thrived assistant,Help_VoiceAssistant,F5_stt:homophone+filler,,,,,,
uh take a look at a,Default Fallback Intent,F5_stt:filler+truncate_tail,,,,,,
uh show me the user guide for trans late,Help_Translate,F5_stt:homophone+filler,,,,,,
uh can you locate the nearest golf,Default Fallback Intent,F5_stt:truncate_tail+filler,,,,,,
whereare new settings,Help_RemoteProgramming,F5_stt:drop_function_word+merge_boundary,,,,,,
um i was down 17 grand earlier,Default Fallback Intent,F5_stt:filler+truncate_tail,,,,,,
uh whatshould i watch tonight,Default Fallback Intent,F5_stt:merge_boundary+filler,,,,,,
um go back my standard setting,Cmd.MemoryChange,F5_stt:filler+drop_function_word,,,,,,
er is tinnitu in the app,Help_Tinnitus,F5_stt:drop_plural+filler,,,,,,
please set to tinnitusmemery,Cmd.MemoryChange,F5_stt:homophone+merge_boundary,,,,,,
uh canyou take me to quick start,Help_WhatsNew,F5_stt:filler+merge_boundary,,,,,,
um rain the app me,Default Fallback Intent,F5_stt:drop_function_word+filler,,,,,,
please remind me to clean hearing aides,reminders.add,F5_stt:truncate_tail+homophone,,,,,,
uh does translate save conversation,Help_Translate,F5_stt:filler+drop_plural,,,,,,
uh restaurant programme,Cmd.MemoryChange,F5_stt:filler+homophone,,,,,,
setmammary to number four,Cmd.MemoryChange,F5_stt:homophone+merge_boundary,,,,,,
you unmute my hearing aides,Cmd.VolumeUnmute,F5_stt:drop_function_word+homophone,,,,,,
er can you scream tv,Cmd.StreamingStart,F5_stt:homophone+filler,,,,,,
change mammary to outdoor,Cmd.MemoryChange,F5_stt:homophone+drop_plural,,,,,,
can my spousehear through my 8s,Help_HearShare,F5_stt:merge_boundary+homophone,,,,,,
er you switch program to number three,Cmd.MemoryChange,F5_stt:filler+drop_function_word,,,,,,
um go torestaurant,Cmd.MemoryChange,F5_stt:merge_boundary+filler,,,,,,
uh where can i change app sittings,Help_AppSettings,F5_stt:homophone+filler,,,,,,
er can you help with changing memories on aids,Help_ChangingMemories,F5_stt:filler+drop_function_word,,,,,,
er how doi backup the data in my aid,Help_HearingCareAnywhereConnect,F5_stt:merge_boundary+filler,,,,,,
er how accurate the heart rate reading,Help_HeartRate,F5_stt:drop_function_word+filler,,,,,,
ersend one,Cmd.SendMessage,F5_stt:filler+merge_boundary,,,,,,
um can you switchmemory to three,Cmd.MemoryChange,F5_stt:merge_boundary+filler,,,,,,
uh show me standing history,Cmd.ActivityStand,F5_stt:filler+drop_function_word,,,,,,
uh how willi know when the professional adjusted the aid,Help_RemoteProgramming,F5_stt:merge_boundary+filler,,,,,,
howto set ep hearshare,Help_HearShare,F5_stt:merge_boundary+homophone,,,,,,
er can you go back to ahigh,Default Fallback Intent,F5_stt:merge_boundary+filler,,,,,,
er where is help forintellivoice,Help_IntelliVoice,F5_stt:merge_boundary+filler,,,,,,
um remember totake medication today at 5 p m,reminders.add,F5_stt:merge_boundary+filler,,,,,,
er can you i want tocreate a new memory,Help_MemoryOptions,F5_stt:merge_boundary+filler,,,,,,
uh howdo i stop streaming from the accessory,Help_Accessories,F5_stt:merge_boundary+filler,,,,,,
uh how do i change the speechfocus,Help_Customize,F5_stt:merge_boundary+filler,,,,,,
please reminder to play with cat everyday at 7 pm,reminders.add,F5_stt:merge_boundary+drop_function_word,,,,,,
er save mywalk,Cmd.ActivityWalk,F5_stt:merge_boundary+filler,,,,,,
um pleaseheart rate user guide,Help_HeartRate,F5_stt:merge_boundary+filler,,,,,,
please help with changing mammarie using my app,Help_ChangingMemories,F5_stt:homophone+drop_plural,,,,,,
uh send word my family,Cmd.SendMessage,F5_stt:drop_function_word+filler,,,,,,
er please make a reminda,reminders.add,F5_stt:homophone+filler,,,,,,
uh change to telephoneprogram,Cmd.MemoryChange,F5_stt:merge_boundary+filler,,,,,,
uh lower hearing dow,Cmd.VolumeDecrease,F5_stt:homophone+filler,,,,,,
um find foam,Cmd.FindMyPhone,F5_stt:homophone+filler,,,,,,
can you switch tomaster pro gram,Cmd.MemoryChange,F5_stt:merge_boundary+homophone,,,,,,
how do i tern up the loudness on hearing aids,Help_Volume,F5_stt:drop_function_word+homophone,,,,,,
can am i close to my cycling,Cmd.ActivityCycle,F5_stt:truncate_tail+drop_function_word,,,,,,
er what voice assistant can i use,Help_VoiceAssistant,F5_stt:filler+drop_plural,,,,,,
can you switch mammary noise,Cmd.MemoryChange,F5_stt:drop_function_word+homophone,,,,,,
can i am here it isin 7 days they are going to be paired recap again bye,Default Fallback Intent,F5_stt:drop_function_word+merge_boundary,,,,,,
how do i adjust cros,Help_WiCROS,F5_stt:truncate_tail+drop_function_word,,,,,,
can you decrease the volum in myhearing aids,Cmd.VolumeDecrease,F5_stt:merge_boundary+homophone,,,,,,
um can youchange to noise,Cmd.MemoryChange,F5_stt:filler+merge_boundary,,,,,,
how do i disable double tap on hearing,Help_DeviceSettings,F5_stt:truncate_tail+drop_function_word,,,,,,
erhelp with the health screen,Help_Health,F5_stt:filler+merge_boundary,,,,,,
how doi make a repeating remind her,Help_Reminder,F5_stt:homophone+merge_boundary,,,,,,
uhhelp customizing how things sound,Help_Customize,F5_stt:filler+merge_boundary,,,,,,
er it is too loud turn down,Cmd.VolumeDecrease,F5_stt:filler+drop_function_word,,,,,,
um please switch to theater programme,Cmd.MemoryChange,F5_stt:homophone+filler,,,,,,
turned up left aid,Cmd.VolumeIncrease,F5_stt:homophone+drop_function_word,,,,,,
um see pulse in bpm,Help_HeartRate,F5_stt:drop_function_word+filler,,,,,,
um can i use thrive to set,Help_Reminder,F5_stt:filler+truncate_tail,,,,,,
er hearing aidstranslate user guide,Help_Translate,F5_stt:merge_boundary+filler,,,,,,
drop the volum by 50,Cmd.VolumeDecrease,F5_stt:drop_function_word+homophone,,,,,,
um connect the sound to my hearing,Cmd.StreamingStart,F5_stt:truncate_tail+filler,,,,,,
where can i find videos for the hearing aide for instruction,Default Fallback Intent,F5_stt:drop_plural+homophone,,,,,,
how can i use my voice to talk,Help_VoiceAssistant,F5_stt:truncate_tail+drop_function_word,,,,,,
please i am here it is in 7 days they are going to be pairedrecap again,Default Fallback Intent,F5_stt:truncate_tail+merge_boundary,,,,,,
switch memory to outdoor,Cmd.MemoryChange,F5_stt:drop_plural+drop_function_word,,,,,,
uh how do i use my hearing aids with an,Help_Accessories,F5_stt:truncate_tail+filler,,,,,,
um can reminder repeat every day,Help_Reminder,F5_stt:drop_plural+filler,,,,,,
er can you open trans cribe,Cmd.TranscribeStart,F5_stt:filler+homophone,,,,,,
um canyou search iphone,Cmd.FindMyPhone,F5_stt:merge_boundary+filler,,,,,,
you but they live here i remember when jerry told,Default Fallback Intent,F5_stt:drop_function_word+truncate_tail,,,,,,
uh write apoem,Default Fallback Intent,F5_stt:merge_boundary+filler,,,,,,
please change memoryrestaurant,Cmd.MemoryChange,F5_stt:drop_function_word+merge_boundary,,,,,,
help with tinnitusvolume adjustment on my hearing,Help_Tinnitus,F5_stt:truncate_tail+merge_boundary,,,,,,
set memery work,Cmd.MemoryChange,F5_stt:drop_function_word+homophone,,,,,,
uh turn volumeto normal,Cmd.VolumeUnmute,F5_stt:filler+merge_boundary,,,,,,
theapplication of sound,Default Fallback Intent,F5_stt:merge_boundary+drop_function_word,,,,,,
um can set memory to mute,Cmd.MemoryChange,F5_stt:drop_function_word+filler,,,,,,
um remember to take medicine next thursday at4 p m,reminders.add,F5_stt:merge_boundary+filler,,,,,,
please it is bothering you about,Default Fallback Intent,F5_stt:drop_function_word+truncate_tail,,,,,,
please there is a problem with right hearing aide,Help_SelfCheck,F5_stt:homophone+drop_function_word,,,,,,
um can you i cannot find left hearing aid,Help_FindMyHearingAids,F5_stt:filler+drop_function_word,,,,,,
can change to meeting,Cmd.MemoryChange,F5_stt:truncate_tail+drop_function_word,,,,,,
what are some of my options for,Help_MemoryOptions,F5_stt:homophone+truncate_tail,,,,,,
ringing inmy ears is unbearable,Help_Tinnitus,F5_stt:drop_function_word+merge_boundary,,,,,,
er how farhave i walked,Cmd.ActivityWalk,F5_stt:filler+merge_boundary,,,,,,
burned calorie today,Cmd.ActivityCalories,F5_stt:drop_plural+drop_function_word,,,,,,
letme try the app feature,Help_DemoMode,F5_stt:merge_boundary+drop_plural,,,,,,
how do i customize my lefthearing aid setting,Help_Customize,F5_stt:merge_boundary+drop_plural,,,,,,
er turned off demo mode,Help_DemoMode,F5_stt:homophone+filler,,,,,,
how do i customize my left hearin,Help_Customize,F5_stt:truncate_tail+homophone,,,,,,
can you make me,reminders.add,F5_stt:truncate_tail+drop_function_word,,,,,,
scream my hearing to someone,Help_HearShare,F5_stt:homophone+truncate_tail,,,,,,
uh quiet hearing aids,Cmd.VolumeDecrease,F5_stt:filler+drop_function_word,,,,,,
my other aidis missing,Help_FindMyHearingAids,F5_stt:merge_boundary+drop_function_word,,,,,,
um set up remote appointment,Help_HearingCareAnywhereConnect,F5_stt:drop_function_word+filler,,,,,,
help withthe translated function,Help_Translate,F5_stt:merge_boundary+homophone,,,,,,
er how do i delete my,Help_Accessories,F5_stt:filler+truncate_tail,,,,,,
how do ilink with my herring professional,Help_HearingCareAnywhereConnect,F5_stt:merge_boundary+homophone,,,,,,
er i cannot remember where my hearing aids,Help_FindMyHearingAids,F5_stt:filler+truncate_tail,,,,,,
how muchaerobics have i done,Cmd.ActivityAerobics,F5_stt:truncate_tail+merge_boundary,,,,,,
uh set to everyday memery,Cmd.MemoryChange,F5_stt:filler+homophone,,,,,,
where would i intercept fallalert message,Help_FallAlert,F5_stt:drop_function_word+merge_boundary,,,,,,
change memery number two,Cmd.MemoryChange,F5_stt:drop_function_word+homophone,,,,,,
er willit notice if i take a tumble,Help_FallAlert,F5_stt:filler+merge_boundary,,,,,,
step volumeup,Cmd.VolumeIncrease,F5_stt:drop_function_word+merge_boundary,,,,,,
tern on this ismy life,Default Fallback Intent,F5_stt:homophone+merge_boundary,,,,,,
right hearin aiddoes not work,Help_SelfCheck,F5_stt:merge_boundary+homophone,,,,,,
uh how do i turn my hearing a,Default Fallback Intent,F5_stt:filler+truncate_tail,,,,,,
uhtrack this workout,Cmd.ActivityExercise,F5_stt:filler+merge_boundary,,,,,,
uh use anexternal mic accessory with my aids,Help_Accessories,F5_stt:filler+merge_boundary,,,,,,
what will i hear when an alert,Help_FallAlert,F5_stt:truncate_tail+drop_function_word,,,,,,
just findingduncan's,Default Fallback Intent,F5_stt:drop_function_word+merge_boundary,,,,,,
um how would i know if an alert wascanceled,Help_FallAlert,F5_stt:filler+merge_boundary,,,,,,
can you memerythree,Cmd.MemoryChange,F5_stt:homophone+merge_boundary,,,,,,
er the audio too hot,Cmd.VolumeDecrease,F5_stt:drop_function_word+filler,,,,,,
can you remind meof blood brothers,reminders.add,F5_stt:merge_boundary+homophone,,,,,,
can you play my last,Cmd.ListenMessage,F5_stt:homophone+truncate_tail,,,,,,
uh please your need cut off,Default Fallback Intent,F5_stt:filler+drop_plural,,,,,,
uh can you set reminder to drink water at 9 p m every,reminders.add,F5_stt:filler+truncate_tail,,,,,,
please set pro gram toschool,Cmd.MemoryChange,F5_stt:merge_boundary+homophone,,,,,,
do reminders sync to hearing aides,Help_Reminder,F5_stt:drop_function_word+homophone,,,,,,
do not let meforget,reminders.add,F5_stt:truncate_tail+merge_boundary,,,,,,
please let mehear the remote,Cmd.StreamingStart,F5_stt:truncate_tail+merge_boundary,,,,,,
you they are trying to reduce the temperature right,Default Fallback Intent,F5_stt:truncate_tail+drop_function_word,,,,,,
change to restaurant pro gram,Cmd.MemoryChange,F5_stt:drop_function_word+homophone,,,,,,
how would i cancel analert message,Help_FallAlert,F5_stt:merge_boundary+truncate_tail,,,,,,
um how doi stop my phone ringing in my,Default Fallback Intent,F5_stt:merge_boundary+filler,,,,,,
er can you lower hearing dow,Cmd.VolumeDecrease,F5_stt:homophone+filler,,,,,,
change how my hearingaids are,Cmd.MemoryChange,F5_stt:merge_boundary+truncate_tail,,,,,,
uh amplify the soundfor me,Cmd.VolumeIncrease,F5_stt:merge_boundary+filler,,,,,,
um enable directaudio,Cmd.StreamingStart,F5_stt:merge_boundary+filler,,,,,,
what is wrongwith my right herring aid,Help_SelfCheck,F5_stt:merge_boundary+homophone,,,,,,
er connectright aid,Help_Pairing,F5_stt:merge_boundary+filler,,,,,,
please remind me to go running everywednesday at 7 a,reminders.add,F5_stt:truncate_tail+merge_boundary,,,,,,
uh help tailoring myhearing experience,Help_Customize,F5_stt:merge_boundary+filler,,,,,,
canyou set programme to one,Cmd.MemoryChange,F5_stt:homophone+merge_boundary,,,,,,
uh what thrive transcribe,Help_Transcribe,F5_stt:drop_function_word+filler,,,,,,
record mystep,Cmd.ActivityStep,F5_stt:merge_boundary+drop_plural,,,,,,
uh can you switch memory tohome,Cmd.MemoryChange,F5_stt:filler+merge_boundary,,,,,,
please switch memery television,Cmd.MemoryChange,F5_stt:drop_function_word+homophone,,,,,,
i will see then youhelp me,Default Fallback Intent,F5_stt:drop_function_word+merge_boundary,,,,,,
er when is masque mode useful,Help_MaskMode,F5_stt:homophone+filler,,,,,,
can youturn it dow,Cmd.VolumeDecrease,F5_stt:merge_boundary+homophone,,,,,,
can i scream using a remote,Help_Accessories,F5_stt:homophone+truncate_tail,,,,,,
er remind me to drink water later today at 5 p m,reminders.add,F5_stt:homophone+filler,,,,,,
change programme totrain,Cmd.MemoryChange,F5_stt:homophone+merge_boundary,,,,,,
ercar program,Cmd.MemoryChange,F5_stt:filler+merge_boundary,,,,,,
can you help with tenitus masker adjustment in my aids,Help_Tinnitus,F5_stt:drop_plural+homophone,,,,,,
how many colorie did i use while exercising,Cmd.ActivityExercise,F5_stt:homophone+drop_plural,,,,,,
um can you you needsome help,Default Fallback Intent,F5_stt:filler+merge_boundary,,,,,,
not screaming loudenough,Default Fallback Intent,F5_stt:merge_boundary+drop_function_word,,,,,,
uh mast memory,Cmd.MemoryChange,F5_stt:homophone+filler,,,,,,
um can you changememory to automatic,Cmd.MemoryChange,F5_stt:merge_boundary+filler,,,,,,
um take break and come back,Default Fallback Intent,F5_stt:filler+drop_function_word,,,,,,
er please create a reminda to take medicine today at 8 p m,reminders.add,F5_stt:filler+homophone,,,,,,
umlog my finished run,Cmd.ActivityRun,F5_stt:filler+merge_boundary,,,,,,
can you pare rightaid,Help_Pairing,F5_stt:homophone+merge_boundary,,,,,,
can you should hearing aids getall check marks in self check,Help_SelfCheck,F5_stt:drop_function_word+merge_boundary,,,,,,
uh how muchbattery do i have left,Cmd.BatteryLevel,F5_stt:merge_boundary+filler,,,,,,
pleaseremind about running everyday at 6 a,reminders.add,F5_stt:truncate_tail+merge_boundary,,,,,,
how long should abattery,Help_Battery,F5_stt:truncate_tail+merge_boundary,,,,,,
um play lastmessage,Cmd.ListenMessage,F5_stt:merge_boundary+filler,,,,,,
um howto self check,Help_SelfCheck,F5_stt:merge_boundary+filler,,,,,,
er set pro gram to theater,Cmd.MemoryChange,F5_stt:homophone+filler,,,,,,
er can you switch to moot,Cmd.MemoryChange,F5_stt:filler+homophone,,,,,,
adjust aids for this loud,Cmd.MemoryChange,F5_stt:truncate_tail+drop_function_word,,,,,,
what about impact of mining the materials for those batterie,Default Fallback Intent,F5_stt:drop_plural+drop_function_word,,,,,,
i amhitting gym track it,Cmd.ActivityExercise,F5_stt:drop_function_word+merge_boundary,,,,,,
setprogram quiet,Cmd.MemoryChange,F5_stt:drop_function_word+merge_boundary,,,,,,
writethis down so i,reminders.add,F5_stt:truncate_tail+merge_boundary,,,,,,
uh helpfor transcribe,Help_Transcribe,F5_stt:merge_boundary+filler,,,,,,
um i need different memory for this location,Cmd.MemoryChange,F5_stt:filler+drop_function_word,,,,,,
uh text someone,Cmd.SendMessage,F5_stt:filler,,,,,,
er what intellivoice,Help_IntelliVoice,F5_stt:filler+drop_function_word,,,,,,
um total silenceplease,Cmd.VolumeMute,F5_stt:merge_boundary+filler,,,,,,
please change mammary totelephone,Cmd.MemoryChange,F5_stt:homophone+merge_boundary,,,,,,
can you these keepsdoing,Default Fallback Intent,F5_stt:truncate_tail+merge_boundary,,,,,,
uh i am outdoor now,Cmd.MemoryChange,F5_stt:filler+drop_plural,,,,,,
setprogram gym,Cmd.MemoryChange,F5_stt:drop_function_word+merge_boundary,,,,,,
canyou explain the basic,Help_Home,F5_stt:merge_boundary+drop_plural,,,,,,
please change pub programme,Cmd.MemoryChange,F5_stt:homophone+drop_function_word,,,,,,
eri am confused,Help_Home,F5_stt:filler+merge_boundary,,,,,,
youset a reminder,reminders.add,F5_stt:drop_function_word+merge_boundary,,,,,,
uh you play the last one,Cmd.ListenMessage,F5_stt:filler+drop_function_word,,,,,,
is the hearing aide connected to the,Help_Pairing,F5_stt:truncate_tail+homophone,,,,,,
ercan you which version of the app do i have,Help_AppSettings,F5_stt:filler+merge_boundary,,,,,,
can you it is going to beour little ring bearer,Default Fallback Intent,F5_stt:merge_boundary+truncate_tail,,,,,,
uh what can i do with the advanced,Help_AppSettings,F5_stt:truncate_tail+filler,,,,,,
how long before batter e dies,Cmd.BatteryLevel,F5_stt:homophone+drop_function_word,,,,,,
um disconnect fromremote,Cmd.StreamingStop,F5_stt:filler+merge_boundary,,,,,,
er lower listening level,Cmd.VolumeDecrease,F5_stt:drop_function_word+filler,,,,,,
uh as far as far as cleaning up over there i went pretty,Default Fallback Intent,F5_stt:filler+drop_function_word,,,,,,
what is thetranslated feature,Help_Translate,F5_stt:homophone+merge_boundary,,,,,,
please 148 added toyour social security check every,Default Fallback Intent,F5_stt:truncate_tail+merge_boundary,,,,,,
re mind me to wash my,reminders.add,F5_stt:homophone+truncate_tail,,,,,,
you it is different both ofthem are different,Default Fallback Intent,F5_stt:drop_function_word+merge_boundary,,,,,,
um show me my walkinghistory,Cmd.ActivityWalk,F5_stt:merge_boundary+filler,,,,,,
switch programme speech,Cmd.MemoryChange,F5_stt:homophone+drop_function_word,,,,,,
uh helpwith mask mode,Help_MaskMode,F5_stt:merge_boundary+filler,,,,,,
uh iphone,Default Fallback Intent,F5_stt:filler,,,,,,
please remind me buy bread at 11 a m,reminders.add,F5_stt:truncate_tail+drop_function_word,,,,,,
howlong have i been,Cmd.ActivityCycle,F5_stt:truncate_tail+merge_boundary,,,,,,
wake soundback up,Cmd.VolumeUnmute,F5_stt:drop_function_word+merge_boundary,,,,,,
can you remind me aboutthe teacher meeting on,reminders.add,F5_stt:merge_boundary+truncate_tail,,,,,,
um starttranslation for german,Cmd.TranslationStart,F5_stt:merge_boundary+filler,,,,,,
er set programme to crowd,Cmd.MemoryChange,F5_stt:homophone+filler,,,,,,
um i need complete silence,Cmd.VolumeMute,F5_stt:filler+truncate_tail,,,,,,
switch noise memery,Cmd.MemoryChange,F5_stt:homophone+drop_function_word,,,,,,
er please set to everyday mammary,Cmd.MemoryChange,F5_stt:filler+homophone,,,,,,
record a messege for a,Cmd.SendMessage,F5_stt:homophone+truncate_tail,,,,,,
can you makethe volume,Cmd.VolumeDecrease,F5_stt:truncate_tail+merge_boundary,,,,,,
er what does the hearing aid look like when it is in ear,Help_InsertDevice,F5_stt:filler+drop_function_word,,,,,,
set hearing 8s differently,Cmd.MemoryChange,F5_stt:drop_function_word+homophone,,,,,,
does mask mode help when wearing face,Help_MaskMode,F5_stt:drop_function_word+truncate_tail,,,,,,
reminda me take medicine in 2 minutes,reminders.add,F5_stt:homophone+drop_function_word,,,,,,
er how do i adjust my noise masker on the hearing,Help_Tinnitus,F5_stt:filler+truncate_tail,,,,,,
um i don t hear difference when i change my balance control,Help_WiCROS,F5_stt:filler+drop_function_word,,,,,,
how do iclean microphone,Help_CleanCare,F5_stt:drop_function_word+merge_boundary,,,,,,
turn dow the loudness on my aids,Cmd.VolumeDecrease,F5_stt:homophone+drop_function_word,,,,,,
er can you kitchenprogram,Cmd.MemoryChange,F5_stt:merge_boundary+filler,,,,,,
um can you set memery to three,Cmd.MemoryChange,F5_stt:filler+homophone,,,,,,
uh switch meto the restaurant setting,Cmd.MemoryChange,F5_stt:merge_boundary+filler,,,,,,
er please mute my hearing,Cmd.VolumeMute,F5_stt:filler+truncate_tail,,,,,,
please change toauditorium programme,Cmd.MemoryChange,F5_stt:merge_boundary+homophone,,,,,,
uh record this bikeride,Cmd.ActivityCycle,F5_stt:filler+merge_boundary,,,,,,
er switch memoryto pub,Cmd.MemoryChange,F5_stt:merge_boundary+filler,,,,,,
uh pairing devices with my thriveapp,Help_Pairing,F5_stt:filler+merge_boundary,,,,,,
uh switchmemory to personal,Cmd.MemoryChange,F5_stt:merge_boundary+filler,,,,,,
switchtinnitus memory,Cmd.MemoryChange,F5_stt:drop_function_word+merge_boundary,,,,,,
please i can t get hearing aid,Help_InsertDevice,F5_stt:truncate_tail+drop_function_word,,,,,,
where did i leave hearingaid,Help_FindMyHearingAids,F5_stt:merge_boundary+drop_function_word,,,,,,
um what accessorie do i have,Help_Accessories,F5_stt:drop_plural+filler,,,,,,
how do ishare my herring data,Help_HearShare,F5_stt:merge_boundary+homophone,,,,,,
um can youset memory to home,Cmd.MemoryChange,F5_stt:merge_boundary+filler,,,,,,
can set a reminda for 1 hour,reminders.add,F5_stt:homophone+drop_function_word,,,,,,
uhset memory to crowd,Cmd.MemoryChange,F5_stt:filler+merge_boundary,,,,,,
um tell me what messagesi got,Cmd.ListenMessage,F5_stt:merge_boundary+filler,,,,,,
er what does the activity score,Help_ThriveScore,F5_stt:truncate_tail+filler,,,,,,
er what ismy step goal,Cmd.ActivityStep,F5_stt:filler+merge_boundary,,,,,,
please turn off the volume in my left hearin,Cmd.VolumeMute,F5_stt:truncate_tail+homophone,,,,,,
can remind me of my doctors appointment,reminders.add,F5_stt:drop_function_word+homophone,,,,,,
um please change program to,Cmd.MemoryChange,F5_stt:filler+truncate_tail,,,,,,
er can change to train program,Cmd.MemoryChange,F5_stt:filler+drop_function_word,,,,,,
uh i do not know where i left,Help_FindMyHearingAids,F5_stt:truncate_tail+filler,,,,,,
how do iadjust my noise masker in my right hearing,Help_Tinnitus,F5_stt:merge_boundary+truncate_tail,,,,,,
er do i need charger soon,Cmd.BatteryLevel,F5_stt:filler+drop_function_word,,,,,,
um how do i charge my batteries,Help_Battery,F5_stt:filler+homophone,,,,,,
reduce hearing 8 volume,Cmd.VolumeDecrease,F5_stt:homophone+drop_function_word,,,,,,
uh sort out the sound issue on my 8s,Help_DeviceSettings,F5_stt:homophone+filler,,,,,,
help with tinnitu masker adjustments,Help_Tinnitus,F5_stt:drop_function_word+drop_plural,,,,,,
uh add remind her for meeting,reminders.add,F5_stt:filler+homophone,,,,,,
er please youknow where they have the check we have to have to shift to put in there that is fine,Default Fallback Intent,F5_stt:merge_boundary+filler,,,,,,
can you set programme to,Cmd.MemoryChange,F5_stt:homophone+truncate_tail,,,,,,
can you focuon sleep,Default Fallback Intent,F5_stt:drop_plural+merge_boundary,,,,,,
uh you new amsterdam,Default Fallback Intent,F5_stt:filler+drop_function_word,,,,,,
er please go torestaurant,Cmd.MemoryChange,F5_stt:merge_boundary+filler,,,,,,
uh change program school,Cmd.MemoryChange,F5_stt:drop_function_word+filler,,,,,,
uh please go topersonal,Cmd.MemoryChange,F5_stt:merge_boundary+filler,,,,,,
uh can you complete reminda,reminders.complete,F5_stt:homophone+filler,,,,,,
please this massive programme to influence the united states,Default Fallback Intent,F5_stt:homophone+truncate_tail,,,,,,
help with ringing in my ears,Help_Tinnitus,F5_stt:drop_function_word+truncate_tail,,,,,,
can crowdsetting,Cmd.MemoryChange,F5_stt:drop_function_word+merge_boundary,,,,,,
um pairing devices with thrive app,Help_Pairing,F5_stt:filler+drop_function_word,,,,,,
how do i get mast mode,Help_MaskMode,F5_stt:drop_function_word+homophone,,,,,,
uh pair right aid,Help_Pairing,F5_stt:filler+drop_function_word,,,,,,
re mind me i have meeting,reminders.add,F5_stt:drop_function_word+homophone,,,,,,
um set reminda,reminders.add,F5_stt:filler+homophone,,,,,,
um set a reminder for my pill tonight,reminders.add,F5_stt:drop_plural+filler,,,,,,
er turn itdown,Cmd.VolumeDecrease,F5_stt:filler+merge_boundary,,,,,,
er how to translated,Help_Translate,F5_stt:filler+homophone,,,,,,
er how charged are aids,Cmd.BatteryLevel,F5_stt:drop_function_word+filler,,,,,,
um can you help with tinnitus masker adjustments on my,Help_Tinnitus,F5_stt:truncate_tail+filler,,,,,,
uh what time is it inhong kong,Default Fallback Intent,F5_stt:filler+merge_boundary,,,,,,
canyou set personal program,Cmd.MemoryChange,F5_stt:drop_function_word+merge_boundary,,,,,,
er what is thepower level,Cmd.BatteryLevel,F5_stt:filler+merge_boundary,,,,,,
howi heart rate recovery measured,Help_HeartRateRecovery,F5_stt:merge_boundary+drop_plural,,,,,,
please switch mammary to number,Cmd.MemoryChange,F5_stt:truncate_tail+homophone,,,,,,
help with tinnitus volume adjustment inmy hearin aid,Help_Tinnitus,F5_stt:merge_boundary+homophone,,,,,,
uh please make a u tern,Default Fallback Intent,F5_stt:filler+homophone,,,,,,
please send me a reminda to pay the cable bill on march,reminders.add,F5_stt:homophone+truncate_tail,,,,,,
uh set reminder for 7 a m tomorrow about dinnerplease,reminders.add,F5_stt:filler+merge_boundary,,,,,,
you remind me to wake up,reminders.add,F5_stt:truncate_tail+drop_function_word,,,,,,
er how doi set reminders,Help_Reminder,F5_stt:merge_boundary+filler,,,,,,
um canyou change to car,Cmd.MemoryChange,F5_stt:filler+merge_boundary,,,,,,
uh guide meon demo mode,Help_DemoMode,F5_stt:filler+merge_boundary,,,,,,
give mea little more,Cmd.VolumeIncrease,F5_stt:truncate_tail+merge_boundary,,,,,,
um fixface mask issues,Help_MaskMode,F5_stt:merge_boundary+filler,,,,,,
intelligent voiceuser guide,Help_IntelliVoice,F5_stt:merge_boundary+drop_function_word,,,,,,
please put hearing aids in,Cmd.MemoryChange,F5_stt:merge_boundary+truncate_tail,,,,,,
remind me wake up,reminders.add,F5_stt:truncate_tail+drop_function_word,,,,,,
hearingaids transcribe help,Help_Transcribe,F5_stt:merge_boundary+drop_function_word,,,,,,
how do i view fitnes summary,Help_Health,F5_stt:drop_plural+drop_function_word,,,,,,
er i have misplaced both my,Help_FindMyHearingAids,F5_stt:truncate_tail+filler,,,,,,
um you find iphone,Cmd.FindMyPhone,F5_stt:drop_function_word+filler,,,,,,
it is too low turnit ep,Cmd.VolumeIncrease,F5_stt:homophone+merge_boundary,,,,,,
how doestranslation work in app,Help_Translate,F5_stt:merge_boundary+drop_function_word,,,,,,
um tell me aboutthe news,Default Fallback Intent,F5_stt:merge_boundary+filler,,,,,,
um set program personal,Cmd.MemoryChange,F5_stt:filler+drop_function_word,,,,,,
uh explain whatchanged in this version,Help_WhatsNew,F5_stt:merge_boundary+filler,,,,,,
uh change office,Cmd.MemoryChange,F5_stt:filler+drop_function_word,,,,,,
um what is changed in this new,Help_WhatsNew,F5_stt:truncate_tail+filler,,,,,,
um howmany minutes have i jogged,Cmd.ActivityRun,F5_stt:merge_boundary+filler,,,,,,
uh open my wellnessdashboard,Help_Health,F5_stt:merge_boundary+filler,,,,,,
um please i cannot remember where my 8 is,Help_FindMyHearingAids,F5_stt:homophone+filler,,,,,,
um please set toautomatic memory,Cmd.MemoryChange,F5_stt:filler+merge_boundary,,,,,,
can i assign location to a,Help_MemoryOptions,F5_stt:truncate_tail+drop_function_word,,,,,,
er how set calendar event,Help_Reminder,F5_stt:filler+drop_function_word,,,,,,
uh switch memery to number three,Cmd.MemoryChange,F5_stt:homophone+filler,,,,,,
er can youset to golf program,Cmd.MemoryChange,F5_stt:merge_boundary+filler,,,,,,
um walking doun,Default Fallback Intent,F5_stt:filler+homophone,,,,,,
uh can remind me to workout tomorrow morning at 6,reminders.add,F5_stt:drop_function_word+filler,,,,,,
er change volume down,Cmd.VolumeDecrease,F5_stt:drop_function_word+filler,,,,,,
um set program to three,Cmd.MemoryChange,F5_stt:filler+drop_function_word,,,,,,
uh switch to home memery,Cmd.MemoryChange,F5_stt:filler+homophone,,,,,,
can youlet me hear presenter,Cmd.StreamingStart,F5_stt:merge_boundary+drop_function_word,,,,,,
how do i change my walking goal from daily weekly,Help_Health,F5_stt:drop_plural+drop_function_word,,,,,,
canyou increase volume in hearing aids,Cmd.VolumeIncrease,F5_stt:merge_boundary+drop_function_word,,,,,,
um iwant a reminder for my class,reminders.add,F5_stt:merge_boundary+filler,,,,,,
set programme office,Cmd.MemoryChange,F5_stt:drop_function_word+homophone,,,,,,
please where' thecurrent,Default Fallback Intent,F5_stt:drop_plural+merge_boundary,,,,,,
uh can set up a reminder for me,reminders.add,F5_stt:drop_function_word+filler,,,,,,
turndown right aid,Cmd.VolumeDecrease,F5_stt:drop_function_word+merge_boundary,,,,,,
where ifind brain activity,Default Fallback Intent,F5_stt:drop_function_word+merge_boundary,,,,,,
er i cannot remember where left aid is,Help_FindMyHearingAids,F5_stt:drop_function_word+filler,,,,,,
um get me offmute,Cmd.VolumeUnmute,F5_stt:merge_boundary+filler,,,,,,
you send massage,Cmd.SendMessage,F5_stt:homophone+drop_function_word,,,,,,
er can switch to everyday memory,Cmd.MemoryChange,F5_stt:drop_function_word+filler,,,,,,
switch programme one,Cmd.MemoryChange,F5_stt:drop_function_word+homophone,,,,,,
er i contact somebody,Cmd.SendMessage,F5_stt:filler+drop_function_word,,,,,,
er how long does charge last,Help_Battery,F5_stt:drop_function_word+filler,,,,,,
uh how do you calculate theipro score,Help_ThriveScore,F5_stt:merge_boundary+filler,,,,,,
howdo i change to another programme on my aid,Help_ChangingMemories,F5_stt:homophone+merge_boundary,,,,,,
um track aerobicsworkout,Cmd.ActivityAerobics,F5_stt:merge_boundary+filler,,,,,,
you pairing my hearing aids with the thrive,Help_Pairing,F5_stt:drop_function_word+truncate_tail,,,,,,
er tellme about amharic language,Default Fallback Intent,F5_stt:merge_boundary+filler,,,,,,
can you set mammary to,Cmd.MemoryChange,F5_stt:truncate_tail+homophone,,,,,,
can i use the equalizer to customizemy,Help_Customize,F5_stt:truncate_tail+merge_boundary,,,,,,
thetv hard to hear,Cmd.VolumeIncrease,F5_stt:merge_boundary+drop_function_word,,,,,,
connectto my hearing care,Help_HearingCareAnywhereConnect,F5_stt:truncate_tail+merge_boundary,,,,,,
uh can you write me an,Default Fallback Intent,F5_stt:truncate_tail+filler,,,,,,
er help me understand the thrive,Help_ThriveScore,F5_stt:truncate_tail+filler,,,,,,
uh tone itdown,Cmd.VolumeDecrease,F5_stt:merge_boundary+filler,,,,,,
uh let audio return,Cmd.VolumeUnmute,F5_stt:filler+drop_function_word,,,,,,
er pretty much everyyear,Default Fallback Intent,F5_stt:merge_boundary+filler,,,,,,
uh explain how remote tuning work,Help_RemoteProgramming,F5_stt:filler+drop_plural,,,,,,
um jotthat down as a reminder,reminders.add,F5_stt:merge_boundary+filler,,,,,,
uh decrease volume in my aids,Cmd.VolumeDecrease,F5_stt:drop_function_word+filler,,,,,,
er i wantpure silence,Cmd.VolumeMute,F5_stt:filler+merge_boundary,,,,,,
er help aids sound crackly,Help_DeviceSettings,F5_stt:drop_function_word+filler,,,,,,
uh train mammary,Cmd.MemoryChange,F5_stt:homophone+filler,,,,,,
can youturn down my right aide,Cmd.VolumeDecrease,F5_stt:merge_boundary+homophone,,,,,,
er what is voiceai,Help_IntelliVoice,F5_stt:filler+merge_boundary,,,,,,
um can switch to television program,Cmd.MemoryChange,F5_stt:filler+drop_function_word,,,,,,
uh thesound is too soft,Cmd.VolumeIncrease,F5_stt:merge_boundary+filler,,,,,,
er re mind me to take my pills at 8,reminders.add,F5_stt:homophone+filler,,,,,,
uh can you help with changing programs on my hearin aid,Help_ChangingMemories,F5_stt:homophone+filler,,,,,,
please switchto auditorium programme,Cmd.MemoryChange,F5_stt:merge_boundary+homophone,,,,,,
can i listen to adjustments made by my,Help_RemoteProgramming,F5_stt:truncate_tail+drop_function_word,,,,,,
er change automatic,Cmd.MemoryChange,F5_stt:filler+drop_function_word,,,,,,
um how do i adjust the loudness on transmitter,Help_WiCROS,F5_stt:filler+drop_function_word,,,,,,
enable audiostreamin,Cmd.StreamingStart,F5_stt:homophone+merge_boundary,,,,,,
umplease mute the aids,Cmd.VolumeMute,F5_stt:filler+merge_boundary,,,,,,
how do i contact professional about an,Help_RemoteProgramming,F5_stt:truncate_tail+drop_function_word,,,,,,
uh please turnoff tv,Default Fallback Intent,F5_stt:merge_boundary+filler,,,,,,
ashes to ashe all falldown,Default Fallback Intent,F5_stt:merge_boundary+drop_plural,,,,,,
i do not like current hearing aidsettings,Help_MemoryOptions,F5_stt:drop_function_word+merge_boundary,,,,,,
er listento the remote mic,Cmd.StreamingStart,F5_stt:filler+merge_boundary,,,,,,
ihave completed that reminda,reminders.complete,F5_stt:merge_boundary+homophone,,,,,,
um paring aids with my phone,Help_Pairing,F5_stt:filler+homophone,,,,,,
um please cannot findbose,Default Fallback Intent,F5_stt:merge_boundary+filler,,,,,,
uh can you help with white noise,Help_Tinnitus,F5_stt:truncate_tail+filler,,,,,,
uh what is quantum physic,Default Fallback Intent,F5_stt:drop_plural+filler,,,,,,
er who won the world,Default Fallback Intent,F5_stt:filler+truncate_tail,,,,,,
uh turn unmuteon,Cmd.VolumeUnmute,F5_stt:filler+merge_boundary,,,,,,
why cannot you find the left herring aid it is in my ear and working,Help_FindMyHearingAids,F5_stt:truncate_tail+homophone,,,,,,
er maxburger,Default Fallback Intent,F5_stt:filler+merge_boundary,,,,,,
er scale volume down,Cmd.VolumeDecrease,F5_stt:drop_function_word+filler,,,,,,
how do i useedge,Help_EdgeMode,F5_stt:truncate_tail+merge_boundary,,,,,,
please help with tinnitu volume adjustment in my,Help_Tinnitus,F5_stt:drop_plural+truncate_tail,,,,,,
please set memery school,Cmd.MemoryChange,F5_stt:drop_function_word+homophone,,,,,,
um can you spell word machine,Default Fallback Intent,F5_stt:drop_function_word+filler,,,,,,
uh can you i cannot remember where my other herring aid is,Help_FindMyHearingAids,F5_stt:filler+homophone,,,,,,
er set mammary to mask,Cmd.MemoryChange,F5_stt:filler+homophone,,,,,,
uh help with changing memories on myaid,Help_ChangingMemories,F5_stt:merge_boundary+filler,,,,,,
um set speech memory,Cmd.MemoryChange,F5_stt:drop_function_word+filler,,,,,,
havelong have i been,Cmd.ActivityRun,F5_stt:truncate_tail+merge_boundary,,,,,,
uh can youcompletely,Default Fallback Intent,F5_stt:merge_boundary+filler,,,,,,
uh please help with tinnitu volume adjustment in my hearing aid,Help_Tinnitus,F5_stt:filler+drop_plural,,,,,,
er switch programme,Cmd.MemoryChange,F5_stt:filler+homophone,,,,,,
can you so this your hearing aides,Default Fallback Intent,F5_stt:homophone+drop_function_word,,,,,,
uh help with white noise,Help_Tinnitus,F5_stt:filler+truncate_tail,,,,,,
er what is the firmware version of my herring aids,Help_DeviceSettings,F5_stt:homophone+filler,,,,,,
er why cannot i hear people in mask,Help_MaskMode,F5_stt:drop_plural+filler,,,,,,
uh findmy handset,Cmd.FindMyPhone,F5_stt:merge_boundary+filler,,,,,,
can you remind about running at 6 a mon 7th,reminders.add,F5_stt:merge_boundary+truncate_tail,,,,,,
what is left on batter e,Cmd.BatteryLevel,F5_stt:homophone+drop_function_word,,,,,,
er play last push to talk,Cmd.ListenMessage,F5_stt:filler+drop_function_word,,,,,,
uh can you starttranscription,Cmd.TranscribeStart,F5_stt:merge_boundary+filler,,,,,,
switch pro gram tonumber four,Cmd.MemoryChange,F5_stt:merge_boundary+homophone,,,,,,
how do iimprove my brain,Help_ThriveScore,F5_stt:merge_boundary+truncate_tail,,,,,,
er checkingthat you are on,Default Fallback Intent,F5_stt:filler+merge_boundary,,,,,,
uh can you help withchanging memories using the thrive app,Help_ChangingMemories,F5_stt:filler+merge_boundary,,,,,,
uhschedule appointment,reminders.add,F5_stt:filler+merge_boundary,,,,,,
um can you settingtwo,Cmd.MemoryChange,F5_stt:merge_boundary+filler,,,,,,
switch tomask,Cmd.MemoryChange,F5_stt:drop_function_word+merge_boundary,,,,,,
um how i go there,Default Fallback Intent,F5_stt:drop_function_word+filler,,,,,,
where do i intercept manual alert text,Help_FallAlert,F5_stt:truncate_tail+drop_function_word,,,,,,
how doi change app language,Help_AppSettings,F5_stt:drop_function_word+merge_boundary,,,,,,
um have i reached my jogging,Cmd.ActivityRun,F5_stt:filler+truncate_tail,,,,,,
please 328cedar fall,Default Fallback Intent,F5_stt:merge_boundary+drop_plural,,,,,,
how do i adjust my loudnes of the tinnitus volume in myhearing aid,Help_Tinnitus,F5_stt:drop_plural+merge_boundary,,,,,,
um begin running workout,Cmd.ActivityRun,F5_stt:drop_function_word+filler,,,,,,
endthe music scream,Cmd.StreamingStop,F5_stt:merge_boundary+homophone,,,,,,
uh how to share hearing aid information with daughter,Help_HearShare,F5_stt:filler+drop_function_word,,,,,,
er please set memoryto number two,Cmd.MemoryChange,F5_stt:merge_boundary+filler,,,,,,
can you remind me take medicine next thursday at 4 p m,reminders.add,F5_stt:drop_function_word+homophone,,,,,,
um pleasei want to be reminded,reminders.add,F5_stt:merge_boundary+filler,,,,,,
by time khanacademy silence,Default Fallback Intent,F5_stt:drop_function_word+merge_boundary,,,,,,
uh please remind me tocall dad,reminders.add,F5_stt:merge_boundary+filler,,,,,,
i see mystep goal,Cmd.ActivityStep,F5_stt:merge_boundary+drop_function_word,,,,,,
erhow to use hearshare,Help_HearShare,F5_stt:filler+merge_boundary,,,,,,
help with captioningfeature,Help_Transcribe,F5_stt:merge_boundary+drop_function_word,,,,,,
decreased the loudness in my,Cmd.VolumeDecrease,F5_stt:homophone+truncate_tail,,,,,,
change noise pro gram,Cmd.MemoryChange,F5_stt:drop_function_word+homophone,,,,,,
youchange volume down,Cmd.VolumeDecrease,F5_stt:drop_function_word+merge_boundary,,,,,,
uh set upaudio streaming,Cmd.StreamingStart,F5_stt:filler+merge_boundary,,,,,,
can youshow me the,Default Fallback Intent,F5_stt:truncate_tail+merge_boundary,,,,,,
can turn onhearing aids,Cmd.VolumeUnmute,F5_stt:merge_boundary+drop_function_word,,,,,,
er set music program,Cmd.MemoryChange,F5_stt:filler+drop_function_word,,,,,,
er what does ipro score,Help_ThriveScore,F5_stt:filler+truncate_tail,,,,,,
stop castingto my hearin aids,Cmd.StreamingStop,F5_stt:merge_boundary+homophone,,,,,,
er please set reminder to drink water at 9 p m every,reminders.add,F5_stt:truncate_tail+filler,,,,,,
um how doi use self check,Help_SelfCheck,F5_stt:merge_boundary+filler,,,,,,
er my right hearing aide will not turn,Help_SelfCheck,F5_stt:homophone+filler,,,,,,
we searched for relief you can goin,Default Fallback Intent,F5_stt:merge_boundary+drop_function_word,,,,,,
ercan you it would appear sound like,Default Fallback Intent,F5_stt:filler+merge_boundary,,,,,,
uh whereare my preferences,Help_DeviceSettings,F5_stt:merge_boundary+filler,,,,,,
can my 8s track my heartrate,Help_HeartRate,F5_stt:merge_boundary+homophone,,,,,,
quietmy hearing aids,Cmd.VolumeDecrease,F5_stt:merge_boundary+drop_function_word,,,,,,
you switch setting totwo,Cmd.MemoryChange,F5_stt:merge_boundary+drop_function_word,,,,,,
er pleasemake sound quieter,Cmd.VolumeDecrease,F5_stt:merge_boundary+filler,,,,,,
you turnthe volume on,Cmd.VolumeUnmute,F5_stt:merge_boundary+drop_function_word,,,,,,
pleaseswitch mammary to pub,Cmd.MemoryChange,F5_stt:merge_boundary+homophone,,,,,,
er please i have got a pc gaming,Default Fallback Intent,F5_stt:truncate_tail+filler,,,,,,
um increasethe left hearing aid,Cmd.VolumeIncrease,F5_stt:filler+merge_boundary,,,,,,
uh help i am overwhelmed by theapp,Help_Home,F5_stt:merge_boundary+filler,,,,,,
er please add one more to that what does that,Default Fallback Intent,F5_stt:truncate_tail+filler,,,,,,
can you remind me of,reminders.add,F5_stt:truncate_tail+homophone,,,,,,
are aids connected tothe phone,Help_Pairing,F5_stt:merge_boundary+drop_function_word,,,,,,
ihear now turn it on,Cmd.VolumeUnmute,F5_stt:drop_function_word+merge_boundary,,,,,,
can smile so we are going to go to,Default Fallback Intent,F5_stt:drop_function_word+truncate_tail,,,,,,
uh how do i go from one program to,Help_ChangingMemories,F5_stt:truncate_tail+filler,,,,,,
howmany mile have i biked,Cmd.ActivityCycle,F5_stt:merge_boundary+drop_plural,,,,,,
er turn right hearing aid up,Cmd.VolumeIncrease,F5_stt:drop_function_word+filler,,,,,,
uh how do imake an omelet,Default Fallback Intent,F5_stt:merge_boundary+filler,,,,,,
um apple music signin,Default Fallback Intent,F5_stt:merge_boundary+filler,,,,,,
er what is my drive score,Help_ThriveScore,F5_stt:homophone+filler,,,,,,
using the appwithout herring aids connected,Help_DemoMode,F5_stt:homophone+merge_boundary,,,,,,
um show me an overview of this,Help_WhatsNew,F5_stt:truncate_tail+filler,,,,,,
uh why is my left hearing aid not,Help_Pairing,F5_stt:filler+truncate_tail,,,,,,
er startrecording for me,Cmd.TranscribeStart,F5_stt:merge_boundary+filler,,,,,,
what does smallest state innew,Default Fallback Intent,F5_stt:merge_boundary+truncate_tail,,,,,,
er how far do i have to ride to meet my,Cmd.ActivityCycle,F5_stt:truncate_tail+filler,,,,,,
i do not remember i do notremember this being such a big,Default Fallback Intent,F5_stt:merge_boundary+truncate_tail,,,,,,
can you more volum,Cmd.VolumeIncrease,F5_stt:homophone+drop_function_word,,,,,,
er kitchen mammary,Cmd.MemoryChange,F5_stt:filler+homophone,,,,,,
can you this massive program to influence the unitedstates,Default Fallback Intent,F5_stt:truncate_tail+merge_boundary,,,,,,
start streamin thetelevision,Cmd.StreamingStart,F5_stt:merge_boundary+homophone,,,,,,
um turn down volume in my left hearing aid,Cmd.VolumeDecrease,F5_stt:drop_function_word+filler,,,,,,
how do i see heart,Help_HeartRate,F5_stt:truncate_tail+drop_function_word,,,,,,
youopen translation,Cmd.TranslationStart,F5_stt:drop_function_word+merge_boundary,,,,,,
can you remind me at 2 35 p m tomorrow to not park in the back parking,reminders.add,F5_stt:homophone+truncate_tail,,,,,,
uh how do i change program on the aids,Help_ChangingMemories,F5_stt:drop_plural+filler,,,,,,
change programmeeting,Cmd.MemoryChange,F5_stt:drop_function_word+merge_boundary,,,,,,
um how do i connect my aids my phone,Help_Pairing,F5_stt:filler+drop_function_word,,,,,,
um whatis heart rate recovery,Help_HeartRateRecovery,F5_stt:filler+merge_boundary,,,,,,
uh re mind me on the 27th of august tomy flight,reminders.add,F5_stt:homophone+filler,,,,,,
um are hearing aids cros,Help_WiCROS,F5_stt:drop_function_word+filler,,,,,,
uh how do iturn up the tv sound,Help_Accessories,F5_stt:merge_boundary+filler,,,,,,
um how do i show the app without aidsconnected,Help_DemoMode,F5_stt:merge_boundary+filler,,,,,,
send amessage someone,Cmd.SendMessage,F5_stt:drop_function_word+merge_boundary,,,,,,
um how far have ijogged,Cmd.ActivityRun,F5_stt:merge_boundary+filler,,,,,,
um connect to streamer,Cmd.StreamingStart,F5_stt:filler+drop_function_word,,,,,,
canyou locate my hearing,Help_FindMyHearingAids,F5_stt:truncate_tail+merge_boundary,,,,,,
um tell me charge status,Cmd.BatteryLevel,F5_stt:drop_function_word+filler,,,,,,
where thetranslation feature,Help_Translate,F5_stt:merge_boundary+drop_function_word,,,,,,
er switch to restaurant,Cmd.MemoryChange,F5_stt:drop_function_word+filler,,,,,,
please rememberto take medicine next thursday at 4 p,reminders.add,F5_stt:truncate_tail+merge_boundary,,,,,,
can you mutethe hearing,Cmd.VolumeMute,F5_stt:truncate_tail+merge_boundary,,,,,,
how do i know if an alert text message,Help_FallAlert,F5_stt:truncate_tail+drop_function_word,,,,,,
uh can you salat someoneis aspect,Default Fallback Intent,F5_stt:filler+merge_boundary,,,,,,
um how many minute have i ran,Cmd.ActivityRun,F5_stt:drop_plural+filler,,,,,,
can you sausages after using,Default Fallback Intent,F5_stt:merge_boundary+truncate_tail,,,,,,
i need an adjustment to hearing,Help_RemoteProgramming,F5_stt:drop_function_word+truncate_tail,,,,,,
you switch tooffice,Cmd.MemoryChange,F5_stt:merge_boundary+drop_function_word,,,,,,
uh to us number one,Default Fallback Intent,F5_stt:filler+truncate_tail,,,,,,
where can iview heart rate,Help_HeartRateRecovery,F5_stt:merge_boundary+truncate_tail,,,,,,
uhplease send a message,Cmd.SendMessage,F5_stt:filler+merge_boundary,,,,,,
uh log cardio dance,Cmd.ActivityAerobics,F5_stt:drop_function_word+filler,,,,,,
what is thesimplest way to,Help_Home,F5_stt:truncate_tail+merge_boundary,,,,,,
er remind her help,Help_Reminder,F5_stt:homophone+filler,,,,,,
uh sound is faint,Cmd.VolumeIncrease,F5_stt:drop_function_word+filler,,,,,,
um how do i check my aids to make sure they re working,Help_SelfCheck,F5_stt:truncate_tail+filler,,,,,,
how do i increased body score,Help_ThriveScore,F5_stt:homophone+drop_function_word,,,,,,
er how do i change the loudness on just one,Help_Volume,F5_stt:truncate_tail+filler,,,,,,
can volume doun right aid,Cmd.VolumeDecrease,F5_stt:homophone+drop_function_word,,,,,,
uh show me jury,Default Fallback Intent,F5_stt:filler+drop_function_word,,,,,,
uh please switch music program,Cmd.MemoryChange,F5_stt:filler+drop_function_word,,,,,,
how i use custom,Help_MemoryOptions,F5_stt:truncate_tail+drop_function_word,,,,,,
how to adjustbass on edge,Help_EdgeMode,F5_stt:truncate_tail+merge_boundary,,,,,,
starttracking my aerobic,Cmd.ActivityAerobics,F5_stt:merge_boundary+drop_plural,,,,,,
set to noiseprogram,Cmd.MemoryChange,F5_stt:merge_boundary+drop_function_word,,,,,,
how can i customize myleft hearing 8s,Help_Customize,F5_stt:homophone+merge_boundary,,,,,,
switch setting to number,Cmd.MemoryChange,F5_stt:truncate_tail+drop_function_word,,,,,,
uh go fora walk,Cmd.ActivityWalk,F5_stt:filler+merge_boundary,,,,,,
playfrank sinatra,Default Fallback Intent,F5_stt:drop_function_word+merge_boundary,,,,,,
can you stream from,Cmd.StreamingStart,F5_stt:truncate_tail+drop_function_word,,,,,,
tell me aboutthe intelligent voice,Help_IntelliVoice,F5_stt:merge_boundary+truncate_tail,,,,,,
um i am running low are noti,Cmd.BatteryLevel,F5_stt:merge_boundary+filler,,,,,,
benefit of edg mode,Help_EdgeMode,F5_stt:homophone+drop_plural,,,,,,
uh please show me an overview of the,Help_WhatsNew,F5_stt:truncate_tail+filler,,,,,,
uh i am in car now,Cmd.MemoryChange,F5_stt:drop_function_word+filler,,,,,,
why doesnot the left hearing aide work,Help_SelfCheck,F5_stt:homophone+merge_boundary,,,,,,
er show me fundamentals,Help_Home,F5_stt:drop_function_word+filler,,,,,,
er please switch program to,Cmd.MemoryChange,F5_stt:filler+truncate_tail,,,,,,
er set train memory,Cmd.MemoryChange,F5_stt:filler+drop_function_word,,,,,,
er please provincial herring this is waiting to see how can i help you,Default Fallback Intent,F5_stt:homophone+filler,,,,,,
um please remindme to take medicine,reminders.add,F5_stt:merge_boundary+filler,,,,,,
uh turnoff toshiba,Default Fallback Intent,F5_stt:filler+merge_boundary,,,,,,
uh how to charge my hearing,Help_Battery,F5_stt:truncate_tail+filler,,,,,,
er start run,Cmd.ActivityRun,F5_stt:filler+drop_function_word,,,,,,
um how do i findlost hearing aids,Help_FindMyHearingAids,F5_stt:filler+merge_boundary,,,,,,
change pro gram number four,Cmd.MemoryChange,F5_stt:drop_function_word+homophone,,,,,,
tell me about heart rate,Help_HeartRate,F5_stt:truncate_tail+drop_function_word,,,,,,
umwhere is the homepage,Help_Home,F5_stt:filler+merge_boundary,,,,,,
um caption what people are saying around,Cmd.TranscribeStart,F5_stt:filler+truncate_tail,,,,,,
er please switch to school,Cmd.MemoryChange,F5_stt:filler+truncate_tail,,,,,,
where is tinnitis in the,Help_Tinnitus,F5_stt:truncate_tail+homophone,,,,,,
uh help me remember to callgrandma this evening,reminders.add,F5_stt:merge_boundary+filler,,,,,,
please help with white noise adjustment in my,Help_Tinnitus,F5_stt:truncate_tail+drop_plural,,,,,,
um you canclear that reminder now,reminders.complete,F5_stt:merge_boundary+filler,,,,,,
er start anexercise session,Cmd.ActivityExercise,F5_stt:merge_boundary+filler,,,,,,
um can you walkingdown,Default Fallback Intent,F5_stt:merge_boundary+filler,,,,,,
uh helpwith the engagement score,Help_ThriveScore,F5_stt:filler+merge_boundary,,,,,,
canyou show me how use reminder,Help_Reminder,F5_stt:drop_function_word+merge_boundary,,,,,,
er can you switch to programme number two,Cmd.MemoryChange,F5_stt:homophone+filler,,,,,,
um where do i intercept an alert massage text,Help_FallAlert,F5_stt:filler+homophone,,,,,,
show the last known location of,Help_FindMyHearingAids,F5_stt:drop_function_word+truncate_tail,,,,,,
uh telephonemissing,Cmd.FindMyPhone,F5_stt:filler+merge_boundary,,,,,,
uh play last message,Cmd.ListenMessage,F5_stt:drop_function_word+filler,,,,,,
er pleaseremind me on the 27th of august tomy flight,reminders.add,F5_stt:merge_boundary+filler,,,,,,
er i needa nudge tomorrow morning,reminders.add,F5_stt:filler+merge_boundary,,,,,,
please set settingnumber four,Cmd.MemoryChange,F5_stt:drop_function_word+merge_boundary,,,,,,
can maximum volumn,Cmd.VolumeIncrease,F5_stt:homophone+drop_function_word,,,,,,
how do i re name accessorie,Help_Accessories,F5_stt:drop_plural+drop_function_word,,,,,,
uh help with demomode,Help_DemoMode,F5_stt:merge_boundary+filler,,,,,,
er i could usea reminder later,reminders.add,F5_stt:merge_boundary+filler,,,,,,
um re mind me every day,reminders.add,F5_stt:homophone+filler,,,,,,
um how do different program work,Help_ChangingMemories,F5_stt:filler+drop_plural,,,,,,
um how do i adjust volume in thrive,Help_Volume,F5_stt:filler+drop_function_word,,,,,,
you setto work memory,Cmd.MemoryChange,F5_stt:merge_boundary+drop_function_word,,,,,,
er how to share my activity,Help_HearShare,F5_stt:truncate_tail+filler,,,,,,
um can you mute aids,Cmd.VolumeMute,F5_stt:filler+drop_function_word,,,,,,
how do i use find my hearingaid,Help_FindMyHearingAids,F5_stt:merge_boundary+drop_plural,,,,,,
er volum down,Cmd.VolumeDecrease,F5_stt:filler+homophone,,,,,,
uh can you findmy aids,Help_FindMyHearingAids,F5_stt:merge_boundary+filler,,,,,,
my hearin aids use intelligent voice,Help_IntelliVoice,F5_stt:drop_function_word+homophone,,,,,,
change programme auditorium,Cmd.MemoryChange,F5_stt:drop_function_word+homophone,,,,,,
can you tern on this is my,Default Fallback Intent,F5_stt:truncate_tail+homophone,,,,,,
uh make sure i remember this,reminders.add,F5_stt:filler+truncate_tail,,,,,,
um i am at noisy restaurant now,Cmd.MemoryChange,F5_stt:drop_function_word+filler,,,,,,
make my aidesilent,Cmd.VolumeMute,F5_stt:homophone+merge_boundary,,,,,,
set remind her 5 p m,reminders.add,F5_stt:drop_function_word+homophone,,,,,,
how to change my walking goals from daily,Help_Health,F5_stt:merge_boundary+truncate_tail,,,,,,
how doi fix car,Default Fallback Intent,F5_stt:drop_function_word+merge_boundary,,,,,,
canyou school pro gram,Cmd.MemoryChange,F5_stt:merge_boundary+homophone,,,,,,
you increase volum,Cmd.VolumeIncrease,F5_stt:homophone+drop_function_word,,,,,,
canyou memery two,Cmd.MemoryChange,F5_stt:homophone+merge_boundary,,,,,,
youconnect left hearing aid,Help_Pairing,F5_stt:drop_function_word+merge_boundary,,,,,,
uh you remind me to brush my teeth,reminders.add,F5_stt:drop_function_word+filler,,,,,,
er howdo i spell machine,Default Fallback Intent,F5_stt:merge_boundary+filler,,,,,,
um can you help fortele hear,Help_HearingCareAnywhereConnect,F5_stt:merge_boundary+filler,,,,,,
write me an example of sympathy,Default Fallback Intent,F5_stt:truncate_tail+drop_function_word,,,,,,
canyou savory someone sucking,Default Fallback Intent,F5_stt:truncate_tail+merge_boundary,,,,,,
er please sometimes it is okay to take a day,Default Fallback Intent,F5_stt:truncate_tail+filler,,,,,,
um quietit please,Cmd.VolumeDecrease,F5_stt:filler+merge_boundary,,,,,,
use my hearingaids as,Cmd.StreamingStart,F5_stt:truncate_tail+merge_boundary,,,,,,
um please switch to mutememory,Cmd.MemoryChange,F5_stt:merge_boundary+filler,,,,,,
uh siri,Default Fallback Intent,F5_stt:filler,,,,,,
messege a contact anupdate,Cmd.SendMessage,F5_stt:homophone+merge_boundary,,,,,,
er alexa notconnecting,Default Fallback Intent,F5_stt:filler+merge_boundary,,,,,,
er can i control hearing aid by just talking,Help_VoiceAssistant,F5_stt:filler+drop_function_word,,,,,,
um where is hearthelp recovery,Help_HeartRateRecovery,F5_stt:filler+merge_boundary,,,,,,
uh i need to schedule a remind her,reminders.add,F5_stt:filler+homophone,,,,,,
uh how much exercise have i done,Cmd.ActivityExercise,F5_stt:truncate_tail+filler,,,,,,
uh switch setting to number,Cmd.MemoryChange,F5_stt:filler+truncate_tail,,,,,,
can you i need to disconnect thehearing aids from the,Help_Pairing,F5_stt:merge_boundary+truncate_tail,,,,,,
you switch to tinnitu,Cmd.MemoryChange,F5_stt:drop_plural+drop_function_word,,,,,,
umset program to music,Cmd.MemoryChange,F5_stt:filler+merge_boundary,,,,,,
uh how do i pair myhearing aids,Help_Pairing,F5_stt:merge_boundary+filler,,,,,,
um do i need walk longer to reach my goal,Cmd.ActivityWalk,F5_stt:drop_function_word+filler,,,,,,
what microphones i pear,Help_Accessories,F5_stt:homophone+drop_function_word,,,,,,
can youset to car mammary,Cmd.MemoryChange,F5_stt:homophone+merge_boundary,,,,,,
uh please set memory speech,Cmd.MemoryChange,F5_stt:filler+drop_function_word,,,,,,
uh i want to add a reminda,reminders.add,F5_stt:filler+homophone,,,,,,
please set 80volume,Cmd.VolumeIncrease,F5_stt:merge_boundary+drop_function_word,,,,,,
um please set program master,Cmd.MemoryChange,F5_stt:filler+drop_function_word,,,,,,
please hello just a hearing aid volume on my hearing aids byebye,Default Fallback Intent,F5_stt:merge_boundary+drop_function_word,,,,,,
uh i need help pairingmy aid,Help_Pairing,F5_stt:filler+merge_boundary,,,,,,
er show me step count,Cmd.ActivityStep,F5_stt:drop_function_word+filler,,,,,,
how many calorie did i burnjogging,Cmd.ActivityRun,F5_stt:drop_plural+merge_boundary,,,,,,
er theconnection to my aids dropped,Help_Pairing,F5_stt:merge_boundary+filler,,,,,,
canyou set memery to number two,Cmd.MemoryChange,F5_stt:merge_boundary+homophone,,,,,,
um mark last remind her complete,reminders.complete,F5_stt:filler+homophone,,,,,,
help with tinnitus masker adjustments in 8,Help_Tinnitus,F5_stt:homophone+drop_function_word,,,,,,
point me what i can do,Help_Home,F5_stt:truncate_tail+drop_function_word,,,,,,
um spellthe word machine,Default Fallback Intent,F5_stt:merge_boundary+filler,,,,,,
look up southwire this wire here go anywhere with this way,Default Fallback Intent,F5_stt:truncate_tail+drop_function_word,,,,,,
uh set program to gym,Cmd.MemoryChange,F5_stt:drop_function_word+filler,,,,,,
um can you heart rate recovery,Help_HeartRateRecovery,F5_stt:filler+truncate_tail,,,,,,
uh how do i acces dnn speech enhancement,Help_IntelliVoice,F5_stt:filler+drop_plural,,,,,,
how do iunpair the remote,Help_Accessories,F5_stt:merge_boundary+truncate_tail,,,,,,
er i don t hear a difference when i change my balance control,Help_WiCROS,F5_stt:filler+drop_function_word,,,,,,
er transfer audio to my device,Cmd.StreamingStart,F5_stt:drop_plural+filler,,,,,,
um change setting number two,Cmd.MemoryChange,F5_stt:filler+drop_function_word,,,,,,
please reduce thehearing aid volum,Cmd.VolumeDecrease,F5_stt:merge_boundary+homophone,,,,,,
uh programme two,Cmd.MemoryChange,F5_stt:filler+homophone,,,,,,
you phone phone phone phone,Default Fallback Intent,F5_stt:truncate_tail+drop_function_word,,,,,,
er you set memory to work,Cmd.MemoryChange,F5_stt:filler+drop_function_word,,,,,,
uh demonstrationmode,Help_DemoMode,F5_stt:filler+merge_boundary,,,,,,
set remind her about dog walking repeat it everyday at 9 a m,reminders.add,F5_stt:drop_function_word+homophone,,,,,,
er is there translation feature,Help_Translate,F5_stt:filler+drop_function_word,,,,,,
um whatsituations is edge mode for,Help_EdgeMode,F5_stt:merge_boundary+filler,,,,,,
give me gentle nudge at,reminders.add,F5_stt:truncate_tail+drop_function_word,,,,,,
er back offthe volume,Cmd.VolumeDecrease,F5_stt:merge_boundary+filler,,,,,,
um can you switch to mute,Cmd.MemoryChange,F5_stt:filler+truncate_tail,,,,,,
where do i seesteps and exercise,Help_Health,F5_stt:truncate_tail+merge_boundary,,,,,,
er change to telephone,Cmd.MemoryChange,F5_stt:drop_function_word+filler,,,,,,
um the audio keeps cutting out what do i,Help_DeviceSettings,F5_stt:truncate_tail+filler,,,,,,
uh please change programto office,Cmd.MemoryChange,F5_stt:merge_boundary+filler,,,,,,
erlog this running workout,Cmd.ActivityRun,F5_stt:filler+merge_boundary,,,,,,
uh can search citizens,Default Fallback Intent,F5_stt:filler+drop_function_word,,,,,,
canyou change music,Cmd.MemoryChange,F5_stt:drop_function_word+merge_boundary,,,,,,
er please molesting hearing 8s to cousin,Default Fallback Intent,F5_stt:homophone+filler,,,,,,
there a problem withmy hearing aid,Help_SelfCheck,F5_stt:drop_function_word+merge_boundary,,,,,,
um help me translated,Help_Translate,F5_stt:filler+homophone,,,,,,
can you thank for my child wheni was a little girl with a grandfather who taught me the heart of my face,Default Fallback Intent,F5_stt:merge_boundary+drop_plural,,,,,,
how do i start the tinitis relief,Help_Tinnitus,F5_stt:homophone+truncate_tail,,,,,,
screamthe podcast,Cmd.StreamingStart,F5_stt:homophone+merge_boundary,,,,,,
help with changing memorieson hearing aid,Help_ChangingMemories,F5_stt:drop_function_word+merge_boundary,,,,,,
how do imonitor my heart,Help_HeartRate,F5_stt:truncate_tail+merge_boundary,,,,,,
please remind me to pick upmy prescription at 5 p m on,reminders.add,F5_stt:truncate_tail+merge_boundary,,,,,,
er programnumber four,Cmd.MemoryChange,F5_stt:filler+merge_boundary,,,,,,
um please change to program,Cmd.MemoryChange,F5_stt:filler+truncate_tail,,,,,,
all pre program setting change when once changed,Default Fallback Intent,F5_stt:drop_function_word+drop_plural,,,,,,
uh please switch to office mammary,Cmd.MemoryChange,F5_stt:filler+homophone,,,,,,
show methe hearing aid battery,Cmd.BatteryLevel,F5_stt:truncate_tail+merge_boundary,,,,,,
explainrecovery metric,Help_HeartRateRecovery,F5_stt:drop_function_word+merge_boundary,,,,,,
uh please decrease the righthearing aid,Cmd.VolumeDecrease,F5_stt:filler+merge_boundary,,,,,,
left ear does not work,Help_SelfCheck,F5_stt:truncate_tail+drop_function_word,,,,,,
remind me to book a parking spot formy carnival,reminders.add,F5_stt:merge_boundary+truncate_tail,,,,,,
uh hearing aid device sittings,Default Fallback Intent,F5_stt:homophone+filler,,,,,,
er please setto 90 volume,Cmd.VolumeIncrease,F5_stt:merge_boundary+filler,,,,,,
playtv scream,Cmd.StreamingStart,F5_stt:merge_boundary+homophone,,,,,,
uhplease volume off right aid,Cmd.VolumeMute,F5_stt:filler+merge_boundary,,,,,,
uh switch theater program,Cmd.MemoryChange,F5_stt:filler+drop_function_word,,,,,,
uh car mammary,Cmd.MemoryChange,F5_stt:filler+homophone,,,,,,
er please set programto theater,Cmd.MemoryChange,F5_stt:merge_boundary+filler,,,,,,
er why does one of your sound louder than other,Default Fallback Intent,F5_stt:drop_function_word+filler,,,,,,
i need to disconnect my herring aids from phone,Help_Pairing,F5_stt:homophone+drop_function_word,,,,,,
uh generativeai,Default Fallback Intent,F5_stt:filler+merge_boundary,,,,,,
um did i meet my calorie,Cmd.ActivityCalories,F5_stt:filler+truncate_tail,,,,,,
er can you remind me to pay my credit card,reminders.add,F5_stt:truncate_tail+filler,,,,,,
can remind about party at 12 p m on,reminders.add,F5_stt:truncate_tail+drop_function_word,,,,,,
er in way this cause i just kind of taking away the,Default Fallback Intent,F5_stt:drop_function_word+filler,,,,,,
can youadd one more that what does that equal,Default Fallback Intent,F5_stt:merge_boundary+drop_function_word,,,,,,
er please am i close to my cycling,Cmd.ActivityCycle,F5_stt:filler+truncate_tail,,,,,,
um can start recording,Cmd.TranscribeStart,F5_stt:drop_function_word+filler,,,,,,
direct the audio to hearin devices,Cmd.StreamingStart,F5_stt:drop_function_word+homophone,,,,,,
how do i get right hearing aid to,Help_Accessories,F5_stt:truncate_tail+drop_function_word,,,,,,
er please de crease the volume,Cmd.VolumeDecrease,F5_stt:filler+homophone,,,,,,
uh boost loudness please,Cmd.VolumeIncrease,F5_stt:drop_function_word+filler,,,,,,
can you take us to seeforget we are in the car and the drone noise will cost if i have them in the road noises being amplified as well,Default Fallback Intent,F5_stt:merge_boundary+drop_function_word,,,,,,
er where i learn more,Help_Home,F5_stt:drop_function_word+filler,,,,,,
er i cannot find my other hearing,Help_FindMyHearingAids,F5_stt:filler+truncate_tail,,,,,,
uhs s side working,Default Fallback Intent,F5_stt:filler+merge_boundary,,,,,,
um how do i move betweensettings,Help_ChangingMemories,F5_stt:merge_boundary+filler,,,,,,
um please help with tinnitus masker adjustments in my hearing aide,Help_Tinnitus,F5_stt:homophone+filler,,,,,,
set home memery,Cmd.MemoryChange,F5_stt:homophone+drop_function_word,,,,,,
um can you crowd memery,Cmd.MemoryChange,F5_stt:filler+homophone,,,,,,
howto reduce noise with edge,Help_EdgeMode,F5_stt:truncate_tail+merge_boundary,,,,,,
um how will i know when my audiologist adjusted my,Help_RemoteProgramming,F5_stt:filler+truncate_tail,,,,,,
er speech programme,Cmd.MemoryChange,F5_stt:homophone+filler,,,,,,
er where doi manage notifications,Help_AppSettings,F5_stt:filler+merge_boundary,,,,,,
can you that is the one who is having,Default Fallback Intent,F5_stt:merge_boundary+truncate_tail,,,,,,
uh locate a restaurant,Default Fallback Intent,F5_stt:drop_function_word+filler,,,,,,
where can i getmy hearin checked,Default Fallback Intent,F5_stt:merge_boundary+homophone,,,,,,
um enablestreaming mode,Cmd.StreamingStart,F5_stt:merge_boundary+filler,,,,,,
um set memory school,Cmd.MemoryChange,F5_stt:drop_function_word+filler,,,,,,
um what can i do with thisapp,Help_Home,F5_stt:merge_boundary+filler,,,,,,
er how do i adjust table mic,Help_Accessories,F5_stt:drop_function_word+filler,,,,,,
can you play my audio,Cmd.ListenMessage,F5_stt:homophone+truncate_tail,,,,,,
uh switch over to my gym,Cmd.MemoryChange,F5_stt:filler+truncate_tail,,,,,,
er who invented telephone,Default Fallback Intent,F5_stt:filler+drop_function_word,,,,,,
please there is a problem with myhearing aides,Help_SelfCheck,F5_stt:homophone+merge_boundary,,,,,,
uh please reminderuser guide,Help_Reminder,F5_stt:merge_boundary+filler,,,,,,
two people listentogether,Help_HearShare,F5_stt:drop_function_word+merge_boundary,,,,,,
please so wherei brewster,Default Fallback Intent,F5_stt:merge_boundary+drop_plural,,,,,,
pleaseremind me to call someone everyday at 4 p,reminders.add,F5_stt:truncate_tail+merge_boundary,,,,,,
make aids lowder,Cmd.VolumeIncrease,F5_stt:homophone+drop_function_word,,,,,,
can so it goesback it goes back to the memory or in,Default Fallback Intent,F5_stt:drop_function_word+merge_boundary,,,,,,
uh can you switch to train mammary,Cmd.MemoryChange,F5_stt:filler+homophone,,,,,,
everythingsound muffled,Help_DeviceSettings,F5_stt:drop_plural+merge_boundary,,,,,,
you he'son stomach,Default Fallback Intent,F5_stt:drop_function_word+merge_boundary,,,,,,
how many more calorieto reach my goal,Cmd.ActivityCalories,F5_stt:homophone+merge_boundary,,,,,,
canyou i need,Default Fallback Intent,F5_stt:merge_boundary+drop_function_word,,,,,,
please change auditorium mammary,Cmd.MemoryChange,F5_stt:homophone+drop_function_word,,,,,,
uh change memory school,Cmd.MemoryChange,F5_stt:drop_function_word+filler,,,,,,
um where voice ai,Help_IntelliVoice,F5_stt:filler+drop_function_word,,,,,,
umwhat is bluetooth,Help_Pairing,F5_stt:filler+merge_boundary,,,,,,
uh how do i check to see if my hearing aid working,Help_SelfCheck,F5_stt:drop_function_word+filler,,,,,,
canyou take lipitor,Default Fallback Intent,F5_stt:drop_function_word+merge_boundary,,,,,,
what isa good thrived score,Help_ThriveScore,F5_stt:merge_boundary+homophone,,,,,,
help with pairing hearing 8s on the thrive,Help_Pairing,F5_stt:truncate_tail+homophone,,,,,,
uh audio feels weak,Cmd.VolumeIncrease,F5_stt:drop_function_word+filler,,,,,,
uh please i seen some of the models out there and theylose,Default Fallback Intent,F5_stt:merge_boundary+filler,,,,,,
er howfar have i cycled,Cmd.ActivityCycle,F5_stt:merge_boundary+filler,,,,,,
uh how do i usednn speech enhancement feature,Help_IntelliVoice,F5_stt:merge_boundary+filler,,,,,,
uh how do i change toanother memory on my hearing aids,Help_ChangingMemories,F5_stt:merge_boundary+filler,,,,,,
um you remember to work out,reminders.add,F5_stt:filler+drop_function_word,,,,,,
uh streamsound,Cmd.StreamingStart,F5_stt:filler+merge_boundary,,,,,,
i donot know what do,Help_Home,F5_stt:drop_function_word+merge_boundary,,,,,,
um why will not aids pair,Help_Pairing,F5_stt:drop_function_word+filler,,,,,,
remember to turn off phone every day at 11 p,reminders.add,F5_stt:truncate_tail+drop_function_word,,,,,,
um can my hearing aidsuse intellivoice,Help_IntelliVoice,F5_stt:merge_boundary+filler,,,,,,
uh can you set to speech mammary,Cmd.MemoryChange,F5_stt:filler+homophone,,,,,,
please help withchanging memorie,Help_ChangingMemories,F5_stt:merge_boundary+drop_plural,,,,,,
remind me to studytomorrow,reminders.add,F5_stt:merge_boundary+homophone,,,,,,
where didi leave my fone,Cmd.FindMyPhone,F5_stt:merge_boundary+homophone,,,,,,
uh workmemory,Cmd.MemoryChange,F5_stt:filler+merge_boundary,,,,,,
um please switch memory tokitchen,Cmd.MemoryChange,F5_stt:filler+merge_boundary,,,,,,
er please change pro gram to gym,Cmd.MemoryChange,F5_stt:filler+homophone,,,,,,
can you startremote scream,Cmd.StreamingStart,F5_stt:merge_boundary+homophone,,,,,,
can i cannot remember where my other aidis,Help_FindMyHearingAids,F5_stt:drop_function_word+merge_boundary,,,,,,
can you set memery to tinnitu,Cmd.MemoryChange,F5_stt:drop_plural+homophone,,,,,,
how do i get back tothe main,Help_Home,F5_stt:merge_boundary+truncate_tail,,,,,,
er can you bustling hearing,Default Fallback Intent,F5_stt:filler+truncate_tail,,,,,,
how doi create my own programme,Help_MemoryOptions,F5_stt:homophone+merge_boundary,,,,,,
please remind meto drink some water in 5 minute,reminders.add,F5_stt:merge_boundary+drop_plural,,,,,,
uh begin trackingmy exercise,Cmd.ActivityExercise,F5_stt:merge_boundary+filler,,,,,,
can help with pairing hearing aids on the,Help_Pairing,F5_stt:truncate_tail+drop_function_word,,,,,,
put hearing 8s in auditorium,Cmd.MemoryChange,F5_stt:homophone+truncate_tail,,,,,,
er show me howto use reminder,Help_Reminder,F5_stt:merge_boundary+filler,,,,,,
canyou tinnitu setting,Cmd.MemoryChange,F5_stt:drop_plural+merge_boundary,,,,,,
um change to workprogram,Cmd.MemoryChange,F5_stt:merge_boundary+filler,,,,,,
er how much charge do i have,Cmd.BatteryLevel,F5_stt:truncate_tail+filler,,,,,,
um how do i customize the hearing,Help_Customize,F5_stt:truncate_tail+filler,,,,,,
explain mammary option,Help_MemoryOptions,F5_stt:homophone+drop_plural,,,,,,
showme help for trans cribe,Help_Transcribe,F5_stt:homophone+merge_boundary,,,,,,
uh how do i decrease the loudness in just right aid,Help_Volume,F5_stt:drop_function_word+filler,,,,,,
provincial hearing this is waiting tosee how i help you,Default Fallback Intent,F5_stt:merge_boundary+drop_function_word,,,,,,
er i set myaids down and lost them,Help_FindMyHearingAids,F5_stt:merge_boundary+filler,,,,,,
i cannotfind my foam,Cmd.FindMyPhone,F5_stt:homophone+merge_boundary,,,,,,
uh how do i make double tap more,Help_DeviceSettings,F5_stt:truncate_tail+filler,,,,,,
er guide me on volume,Help_Volume,F5_stt:filler+truncate_tail,,,,,,
helpwith fall alert,Help_FallAlert,F5_stt:drop_plural+merge_boundary,,,,,,
can set to auditorium mammary,Cmd.MemoryChange,F5_stt:homophone+drop_function_word,,,,,,
how to share hearing aid information with,Help_HearShare,F5_stt:drop_function_word+truncate_tail,,,,,,
these keepdoing this,Default Fallback Intent,F5_stt:drop_plural+merge_boundary,,,,,,
er masque mode,Cmd.MemoryChange,F5_stt:homophone+filler,,,,,,
how many calorie left burn,Cmd.ActivityCalories,F5_stt:drop_function_word+homophone,,,,,,
uh please help me remind me to call bae tomorrow at,reminders.add,F5_stt:filler+truncate_tail,,,,,,
send the movie audio to my herring,Cmd.StreamingStart,F5_stt:truncate_tail+homophone,,,,,,
um please it is different both of them are,Default Fallback Intent,F5_stt:truncate_tail+filler,,,,,,
help with white noise adjustment on hearing aid,Help_Tinnitus,F5_stt:drop_function_word+drop_plural,,,,,,
um how do i search for other aid,Help_FindMyHearingAids,F5_stt:filler+drop_function_word,,,,,,
how do i talk to someone that s speakinga different,Help_Translate,F5_stt:merge_boundary+truncate_tail,,,,,,
how can i change caregiver setting,Help_AppSettings,F5_stt:drop_plural+drop_function_word,,,,,,
you i am in butterbrodt new,Default Fallback Intent,F5_stt:truncate_tail+drop_function_word,,,,,,
um that is true that is thebest way to start,Default Fallback Intent,F5_stt:filler+merge_boundary,,,,,,
er can you change to crowd memery,Cmd.MemoryChange,F5_stt:homophone+filler,,,,,,
uh locate the nearestgolf course,Default Fallback Intent,F5_stt:merge_boundary+filler,,,,,,
makea u turned,Default Fallback Intent,F5_stt:merge_boundary+homophone,,,,,,
um look up your nose real quick,Default Fallback Intent,F5_stt:drop_function_word+filler,,,,,,
girls do thati want to go to italy,Default Fallback Intent,F5_stt:merge_boundary+drop_function_word,,,,,,
umswitch memory to crowd,Cmd.MemoryChange,F5_stt:filler+merge_boundary,,,,,,
um show me myhealth overview,Help_Health,F5_stt:merge_boundary+filler,,,,,,
er put thisconversation into writing,Cmd.TranscribeStart,F5_stt:merge_boundary+filler,,,,,,
uh remind me to call brother on veterans day,reminders.add,F5_stt:drop_function_word+filler,,,,,,
uh whereis my mobile,Cmd.FindMyPhone,F5_stt:merge_boundary+filler,,,,,,
can you switchprogram to,Cmd.MemoryChange,F5_stt:truncate_tail+merge_boundary,,,,,,
how do i share hearing 8 audio,Help_HearShare,F5_stt:homophone+drop_function_word,,,,,,
please remind me exercise today,reminders.add,F5_stt:drop_function_word+homophone,,,,,,
er you remind me about dinner at 15 p m,reminders.add,F5_stt:drop_function_word+filler,,,,,,
er can you take a break and come,Default Fallback Intent,F5_stt:filler+truncate_tail,,,,,,
um change pub,Cmd.MemoryChange,F5_stt:filler+drop_function_word,,,,,,
umwe expect an update,Default Fallback Intent,F5_stt:filler+merge_boundary,,,,,,
please remind meto pay my credit card bill,reminders.add,F5_stt:merge_boundary+homophone,,,,,,
what is the bestbattery for my,Help_Battery,F5_stt:truncate_tail+merge_boundary,,,,,,
please change pro gram topub,Cmd.MemoryChange,F5_stt:merge_boundary+homophone,,,,,,
can you help with tinnitusmasker adjustment on my aid,Help_Tinnitus,F5_stt:merge_boundary+drop_plural,,,,,,
you change to television pro gram,Cmd.MemoryChange,F5_stt:drop_function_word+homophone,,,,,,
uh how do i request an,Help_RemoteProgramming,F5_stt:filler+truncate_tail,,,,,,
howdo i find my right hearing,Help_FindMyHearingAids,F5_stt:truncate_tail+merge_boundary,,,,,,
uh please going call them in and see whether they want me to send this enormous,Default Fallback Intent,F5_stt:drop_function_word+filler,,,,,,
um start translating what theysay,Cmd.TranslationStart,F5_stt:filler+merge_boundary,,,,,,
canyou change pro gram to number three,Cmd.MemoryChange,F5_stt:homophone+merge_boundary,,,,,,
uh different volume formy left and right,Help_Volume,F5_stt:merge_boundary+filler,,,,,,
um where isself check,Help_SelfCheck,F5_stt:filler+merge_boundary,,,,,,
uh can you go to,Cmd.MemoryChange,F5_stt:filler+truncate_tail,,,,,,
um textthis person,Cmd.SendMessage,F5_stt:filler+merge_boundary,,,,,,
playthe audio directly in my,Cmd.StreamingStart,F5_stt:truncate_tail+merge_boundary,,,,,,
um please raichucomputer programming suite on binary search,Default Fallback Intent,F5_stt:filler+merge_boundary,,,,,,
how myexercise progress,Cmd.ActivityExercise,F5_stt:drop_function_word+merge_boundary,,,,,,
uh canyou turn on streaming,Cmd.StreamingStart,F5_stt:filler+merge_boundary,,,,,,
er how do i tie shoes,Default Fallback Intent,F5_stt:drop_function_word+filler,,,,,,
um please have i reachedmy jogging goal,Cmd.ActivityRun,F5_stt:merge_boundary+filler,,,,,,
can you re mind me about dinner in 1,reminders.add,F5_stt:truncate_tail+homophone,,,,,,
uh trader remind her,reminders.add,F5_stt:homophone+filler,,,,,,
er switchto personal,Cmd.MemoryChange,F5_stt:merge_boundary+filler,,,,,,
uh how do i set ep cros,Help_WiCROS,F5_stt:homophone+filler,,,,,,
uh help me with translated,Help_Translate,F5_stt:homophone+filler,,,,,,
how do i know if i needhearing 8s,Default Fallback Intent,F5_stt:homophone+merge_boundary,,,,,,
find left hearin aid,Help_FindMyHearingAids,F5_stt:drop_function_word+homophone,,,,,,
pleaseshow me my jogging,Cmd.ActivityRun,F5_stt:truncate_tail+merge_boundary,,,,,,
um switchprogram to number one,Cmd.MemoryChange,F5_stt:merge_boundary+filler,,,,,,
uh how will i know when the professional adjusted thehearing aid,Help_RemoteProgramming,F5_stt:filler+merge_boundary,,,,,,
ivisit taiwan,Default Fallback Intent,F5_stt:drop_function_word+merge_boundary,,,,,,
um how do i adjust my loudnes of the tinnitus volume on the hearing aids,Help_Tinnitus,F5_stt:drop_plural+filler,,,,,,
how do i activate defaultsetting on the hearing,Help_DeviceSettings,F5_stt:truncate_tail+merge_boundary,,,,,,
um pull backthe volume,Cmd.VolumeDecrease,F5_stt:merge_boundary+filler,,,,,,
how do i show the app without hearin aids,Help_DemoMode,F5_stt:homophone+truncate_tail,,,,,,
er pleasechange to meeting program,Cmd.MemoryChange,F5_stt:merge_boundary+filler,,,,,,
can you set a reminderto drink water,reminders.add,F5_stt:truncate_tail+merge_boundary,,,,,,
um play voice message,Cmd.ListenMessage,F5_stt:filler+drop_function_word,,,,,,
um can you change automatic,Cmd.MemoryChange,F5_stt:filler+drop_function_word,,,,,,
er change memoryto worship,Cmd.MemoryChange,F5_stt:filler+merge_boundary,,,,,,
please change tinnitu,Cmd.MemoryChange,F5_stt:drop_plural+drop_function_word,,,,,,
how is the wellnes scorecalculated,Help_ThriveScore,F5_stt:merge_boundary+drop_plural,,,,,,
um how can i use myvoice to do things,Help_VoiceAssistant,F5_stt:filler+merge_boundary,,,,,,
set reminder about dog walking repeat every dayat 9 a m,reminders.add,F5_stt:drop_function_word+merge_boundary,,,,,,
how far am i from aerobic goal,Cmd.ActivityAerobics,F5_stt:drop_plural+drop_function_word,,,,,,
write me anexample of a sympathy card,Default Fallback Intent,F5_stt:drop_function_word+merge_boundary,,,,,,
er set programme to television,Cmd.MemoryChange,F5_stt:filler+homophone,,,,,,
can my hearing aid be set up an iphone and an ipad at the same,Help_Pairing,F5_stt:drop_function_word+truncate_tail,,,,,,
uh please help with tinnitusvolume adjustments on my aids,Help_Tinnitus,F5_stt:merge_boundary+filler,,,,,,
um please lower herring down,Cmd.VolumeDecrease,F5_stt:filler+homophone,,,,,,
uh how accurate is transcription,Help_Transcribe,F5_stt:drop_function_word+filler,,,,,,
track down where myaid are,Help_FindMyHearingAids,F5_stt:merge_boundary+drop_plural,,,,,,
er how often should i change battery,Help_Battery,F5_stt:drop_function_word+filler,,,,,,
er can you so where is,Default Fallback Intent,F5_stt:filler+truncate_tail,,,,,,
um my hearing aids have too muchtreble,Help_Customize,F5_stt:filler+merge_boundary,,,,,,
er reach out to family for me,Cmd.SendMessage,F5_stt:filler+drop_function_word,,,,,,
um can you detectphone,Cmd.FindMyPhone,F5_stt:filler+merge_boundary,,,,,,
uh can youvolume up left aid,Cmd.VolumeIncrease,F5_stt:merge_boundary+filler,,,,,,
uh get that volum out of my ear,Cmd.VolumeDecrease,F5_stt:homophone+filler,,,,,,
can youswitch pro gram to noise,Cmd.MemoryChange,F5_stt:merge_boundary+homophone,,,,,,
uh start my aerobicsworkout,Cmd.ActivityAerobics,F5_stt:merge_boundary+filler,,,,,,
er android phone to listen to,Default Fallback Intent,F5_stt:truncate_tail+filler,,,,,,
er stop tv scream,Cmd.StreamingStop,F5_stt:filler+homophone,,,,,,
uh pleaselisten to it,Cmd.ListenMessage,F5_stt:filler+merge_boundary,,,,,,
uh i need it quiter,Cmd.VolumeDecrease,F5_stt:homophone+filler,,,,,,
start streaming tv my hearing,Cmd.StreamingStart,F5_stt:drop_function_word+truncate_tail,,,,,,
er the sound isway too hot,Cmd.VolumeDecrease,F5_stt:filler+merge_boundary,,,,,,
how do i adjust the volume on hearing,Help_Volume,F5_stt:drop_function_word+truncate_tail,,,,,,
er show me the translated user guide,Help_Translate,F5_stt:homophone+filler,,,,,,
how do i link alocation a memory,Help_MemoryOptions,F5_stt:drop_function_word+merge_boundary,,,,,,
er what isthe weather tomorrow,Default Fallback Intent,F5_stt:filler+merge_boundary,,,,,,
can you alter metal plate myrtle beach,Default Fallback Intent,F5_stt:truncate_tail+drop_plural,,,,,,
um trackmy aerobics,Cmd.ActivityAerobics,F5_stt:merge_boundary+filler,,,,,,
er please set mammary to crowd,Cmd.MemoryChange,F5_stt:homophone+filler,,,,,,
um can generative ai,Default Fallback Intent,F5_stt:drop_function_word+filler,,,,,,
er can you switchto train,Cmd.MemoryChange,F5_stt:filler+merge_boundary,,,,,,
um can you out of your foam okay,Default Fallback Intent,F5_stt:filler+homophone,,,,,,
where is devicetest,Help_SelfCheck,F5_stt:drop_function_word+merge_boundary,,,,,,
um can assistant professor jobs,Default Fallback Intent,F5_stt:drop_function_word+filler,,,,,,
can setmemory to quiet,Cmd.MemoryChange,F5_stt:drop_function_word+merge_boundary,,,,,,
pleasechange quiet memory,Cmd.MemoryChange,F5_stt:merge_boundary+drop_function_word,,,,,,
er tone change,Help_DeviceSettings,F5_stt:filler,,,,,,
um please heartrate help,Help_HeartRate,F5_stt:filler+merge_boundary,,,,,,
please switch program number,Cmd.MemoryChange,F5_stt:truncate_tail+drop_function_word,,,,,,
add masque as a customized memory,Help_MemoryOptions,F5_stt:homophone+drop_function_word,,,,,,
um my handset is missing please ring,Cmd.FindMyPhone,F5_stt:drop_function_word+filler,,,,,,
any helpyou,Default Fallback Intent,F5_stt:drop_function_word+merge_boundary,,,,,,
er help with the language translation,Help_Translate,F5_stt:truncate_tail+filler,,,,,,
going to call them in and see whether they want me to send this,Default Fallback Intent,F5_stt:drop_plural+truncate_tail,,,,,,
er explain how voice controlworks,Help_VoiceAssistant,F5_stt:merge_boundary+filler,,,,,,
er helpme hear better,Cmd.VolumeIncrease,F5_stt:merge_boundary+filler,,,,,,
um set it tothe outdoor setting,Cmd.MemoryChange,F5_stt:filler+merge_boundary,,,,,,
i have lost hearin aids,Help_FindMyHearingAids,F5_stt:drop_function_word+homophone,,,,,,
uh mask programme,Cmd.MemoryChange,F5_stt:filler+homophone,,,,,,
um how muchpower do i have,Cmd.BatteryLevel,F5_stt:merge_boundary+filler,,,,,,
please just did not you did not hit ground but will check,Default Fallback Intent,F5_stt:drop_function_word+truncate_tail,,,,,,
uh can you change meeting,Cmd.MemoryChange,F5_stt:drop_function_word+filler,,,,,,
uh discover iphone,Cmd.FindMyPhone,F5_stt:filler,,,,,,
can you volumeon right,Cmd.VolumeUnmute,F5_stt:truncate_tail+merge_boundary,,,,,,
how do i charge ric hearing,Help_Battery,F5_stt:drop_function_word+truncate_tail,,,,,,
um help withloudness changes,Help_Volume,F5_stt:merge_boundary+filler,,,,,,
er how can i connect to myaudiologist,Help_RemoteProgramming,F5_stt:filler+merge_boundary,,,,,,
remind me everyday read a book at 6 p m,reminders.add,F5_stt:drop_function_word+homophone,,,,,,
how long havei been,Cmd.ActivityRun,F5_stt:truncate_tail+merge_boundary,,,,,,
can you switchto theater programme,Cmd.MemoryChange,F5_stt:merge_boundary+homophone,,,,,,
er change pub program,Cmd.MemoryChange,F5_stt:drop_function_word+filler,,,,,,
umcan you app version,Help_AppSettings,F5_stt:filler+merge_boundary,,,,,,
uh what my standing time,Cmd.ActivityStand,F5_stt:filler+drop_function_word,,,,,,
please help with tinnitu masker adjustments in aids,Help_Tinnitus,F5_stt:drop_plural+drop_function_word,,,,,,
uh turn on streaming,Cmd.StreamingStart,F5_stt:drop_function_word+filler,,,,,,
er please set to kitchen memery,Cmd.MemoryChange,F5_stt:homophone+filler,,,,,,
uh how far do i have walk,Cmd.ActivityWalk,F5_stt:filler+drop_function_word,,,,,,
information onengagement score,Help_ThriveScore,F5_stt:drop_function_word+merge_boundary,,,,,,
please i lost my memory for restaurant and,Help_MemoryOptions,F5_stt:drop_plural+truncate_tail,,,,,,
can increase the volum,Cmd.VolumeIncrease,F5_stt:drop_function_word+homophone,,,,,,
um pleaseswitch to program number two,Cmd.MemoryChange,F5_stt:filler+merge_boundary,,,,,,
ineed add a reminder,reminders.add,F5_stt:drop_function_word+merge_boundary,,,,,,
uhbluetooth is not working,Help_Pairing,F5_stt:filler+merge_boundary,,,,,,
please i misplaced aide,Help_FindMyHearingAids,F5_stt:homophone+drop_function_word,,,,,,
er more volum,Cmd.VolumeIncrease,F5_stt:filler+homophone,,,,,,
can help with pairing device with the thrive app,Help_Pairing,F5_stt:drop_plural+drop_function_word,,,,,,
um please so it goes back goes back to the memory or in,Default Fallback Intent,F5_stt:filler+drop_function_word,,,,,,
er remindercompleted,reminders.complete,F5_stt:filler+merge_boundary,,,,,,
uh reactivate my hearing aid,Cmd.VolumeUnmute,F5_stt:filler+truncate_tail,,,,,,
uh can i cannot hear the,Default Fallback Intent,F5_stt:drop_function_word+filler,,,,,,
er howdo i delete the tv streamer,Help_Accessories,F5_stt:merge_boundary+filler,,,,,,
how will i know when my hearing care specialist adjusted,Help_RemoteProgramming,F5_stt:truncate_tail+drop_function_word,,,,,,
umplease remember to wash my car,reminders.add,F5_stt:filler+merge_boundary,,,,,,
what does self check tell,Help_SelfCheck,F5_stt:drop_function_word+truncate_tail,,,,,,
what the highest mountain in new,Default Fallback Intent,F5_stt:truncate_tail+drop_function_word,,,,,,
please changesetting four,Cmd.MemoryChange,F5_stt:merge_boundary+drop_function_word,,,,,,
uh set setting totwo,Cmd.MemoryChange,F5_stt:merge_boundary+filler,,,,,,
can you turn onright aid,Cmd.VolumeUnmute,F5_stt:drop_function_word+merge_boundary,,,,,,
help me transcribed,Help_Transcribe,F5_stt:homophone+drop_function_word,,,,,,
um the sund quality went bad,Help_DeviceSettings,F5_stt:homophone+filler,,,,,,
uh help withipro score,Help_ThriveScore,F5_stt:merge_boundary+filler,,,,,,
um how much juice left,Cmd.BatteryLevel,F5_stt:filler+drop_function_word,,,,,,
help me remember buy,reminders.add,F5_stt:truncate_tail+drop_function_word,,,,,,
what is the translated feature,Help_Translate,F5_stt:truncate_tail+homophone,,,,,,
can switch to telephone programme,Cmd.MemoryChange,F5_stt:homophone+drop_function_word,,,,,,
tell me what how much do i oweyou would be in español,Cmd.TranslationStart,F5_stt:drop_function_word+merge_boundary,,,,,,
remember turn off my phone everyday at 11 p,reminders.add,F5_stt:drop_function_word+truncate_tail,,,,,,
please remind me at 2 35 p m tomorrow to not park in back parking,reminders.add,F5_stt:truncate_tail+drop_function_word,,,,,,
i misplacedmy left aide,Help_FindMyHearingAids,F5_stt:merge_boundary+homophone,,,,,,
how do i personalize sound setting,Help_Customize,F5_stt:drop_plural+drop_function_word,,,,,,
but their counterpart of the white pieces of,Default Fallback Intent,F5_stt:drop_plural+truncate_tail,,,,,,
er how do i save the adjustments made by hearing specialist,Help_RemoteProgramming,F5_stt:filler+drop_function_word,,,,,,
um please change program totrain,Cmd.MemoryChange,F5_stt:merge_boundary+filler,,,,,,
can you switch programme totelephone,Cmd.MemoryChange,F5_stt:merge_boundary+homophone,,,,,,
can change memoryto quiet,Cmd.MemoryChange,F5_stt:merge_boundary+drop_function_word,,,,,,
uh can you locatemy wife,Default Fallback Intent,F5_stt:merge_boundary+filler,,,,,,
uh switch program,Cmd.MemoryChange,F5_stt:drop_plural+filler,,,,,,
uh help with scream,Help_Accessories,F5_stt:filler+homophone,,,,,,
help with scream,Help_Accessories,F5_stt:drop_function_word+homophone,,,,,,
where doi buy new,Help_Battery,F5_stt:truncate_tail+merge_boundary,,,,,,
uh how much batter e remains,Cmd.BatteryLevel,F5_stt:filler+homophone,,,,,,
uh can switch to crowd memory,Cmd.MemoryChange,F5_stt:filler+drop_function_word,,,,,,
how doi turn mast mode off,Help_MaskMode,F5_stt:merge_boundary+homophone,,,,,,
um please tern the lights on,Default Fallback Intent,F5_stt:homophone+filler,,,,,,
er calorie exercise,Cmd.ActivityExercise,F5_stt:filler+homophone,,,,,,
uh book me flight,Default Fallback Intent,F5_stt:filler+drop_function_word,,,,,,
er play last voice messege,Cmd.ListenMessage,F5_stt:filler+homophone,,,,,,
uh i need helppairing,Help_Pairing,F5_stt:filler+merge_boundary,,,,,,
can you i cannot remember where my aide,Help_FindMyHearingAids,F5_stt:truncate_tail+homophone,,,,,,
um how do ilink two,Help_Pairing,F5_stt:merge_boundary+filler,,,,,,
er why cannot i get 200 points with kind score,Help_ThriveScore,F5_stt:filler+drop_function_word,,,,,,
uh can you change memory music,Cmd.MemoryChange,F5_stt:drop_function_word+filler,,,,,,
how do i adjust tinnitusnoise settings,Help_Tinnitus,F5_stt:drop_function_word+merge_boundary,,,,,,
uh switch programto office,Cmd.MemoryChange,F5_stt:merge_boundary+filler,,,,,,
what percentage of my herring aid is,Cmd.BatteryLevel,F5_stt:homophone+truncate_tail,,,,,,
can you it is busybeing,Default Fallback Intent,F5_stt:merge_boundary+truncate_tail,,,,,,
uh how can i find out what time it,Default Fallback Intent,F5_stt:filler+drop_function_word,,,,,,
can youvolume off right aide,Cmd.VolumeMute,F5_stt:homophone+merge_boundary,,,,,,
howdo i change my,Help_Volume,F5_stt:truncate_tail+merge_boundary,,,,,,
um makeit less intense,Cmd.VolumeDecrease,F5_stt:merge_boundary+filler,,,,,,
change to tiniti memory,Cmd.MemoryChange,F5_stt:homophone+drop_plural,,,,,,
pleasebustling herring aid,Default Fallback Intent,F5_stt:merge_boundary+homophone,,,,,,
uh pleasechange to meeting,Cmd.MemoryChange,F5_stt:filler+merge_boundary,,,,,,
um remind me to go to work the 19th of august,reminders.add,F5_stt:homophone+filler,,,,,,
er can you pump ep the volume,Cmd.VolumeIncrease,F5_stt:homophone+filler,,,,,,
er switchto telephone,Cmd.MemoryChange,F5_stt:merge_boundary+filler,,,,,,
um i need help with pairing my aid tothe phone,Help_Pairing,F5_stt:merge_boundary+filler,,,,,,
er molestinghearing aids to cousin,Default Fallback Intent,F5_stt:merge_boundary+filler,,,,,,
er so that your hearin,Default Fallback Intent,F5_stt:homophone+filler,,,,,,
um show mystep progress,Cmd.ActivityStep,F5_stt:merge_boundary+filler,,,,,,
uh please scream from the microphone,Cmd.StreamingStart,F5_stt:homophone+filler,,,,,,
uh please but theircounterparts of the white pieces of fabric,Default Fallback Intent,F5_stt:merge_boundary+filler,,,,,,
um remind me to call mom on,reminders.add,F5_stt:truncate_tail+filler,,,,,,
uh pleaseplay my last message,Cmd.ListenMessage,F5_stt:merge_boundary+filler,,,,,,
uh can you decrease the loudness in my,Cmd.VolumeDecrease,F5_stt:truncate_tail+filler,,,,,,
remind about running everyday at 6 a,reminders.add,F5_stt:truncate_tail+homophone,,,,,,
er undo themute,Cmd.VolumeUnmute,F5_stt:merge_boundary+filler,,,,,,
how do i take out left hearing,Help_InsertDevice,F5_stt:drop_function_word+truncate_tail,,,,,,
um raise volumn,Cmd.VolumeIncrease,F5_stt:filler+homophone,,,,,,
writea programme in switch,Default Fallback Intent,F5_stt:homophone+merge_boundary,,,,,,
er reminder for 4 15 p m today visit grandma,reminders.add,F5_stt:filler+drop_function_word,,,,,,
remind me to takemedicine tomorrow,reminders.add,F5_stt:truncate_tail+merge_boundary,,,,,,
can you iwould like to scream now,Cmd.StreamingStart,F5_stt:merge_boundary+homophone,,,,,,
um please change to automatic,Cmd.MemoryChange,F5_stt:filler+truncate_tail,,,,,,
my hearin aids keep cuttingout,Help_DeviceSettings,F5_stt:homophone+merge_boundary,,,,,,
how do program change work on aids,Help_ChangingMemories,F5_stt:drop_function_word+drop_plural,,,,,,
uh how do i personalize my herring aid memory,Help_MemoryOptions,F5_stt:homophone+filler,,,,,,
how doi use equalizer,Help_Customize,F5_stt:merge_boundary+drop_function_word,,,,,,
um thrive voice assistanthelp,Help_VoiceAssistant,F5_stt:filler+merge_boundary,,,,,,
the shadowy men on a shadowyplanet,Default Fallback Intent,F5_stt:merge_boundary+drop_function_word,,,,,,
just did not you did not hit the ground butwill check,Default Fallback Intent,F5_stt:truncate_tail+merge_boundary,,,,,,
can you create a remind her to take medicine today at 8p m,reminders.add,F5_stt:merge_boundary+homophone,,,,,,
please change to schoolpro gram,Cmd.MemoryChange,F5_stt:homophone+merge_boundary,,,,,,
changeto worship,Cmd.MemoryChange,F5_stt:drop_function_word+merge_boundary,,,,,,
um turn up the loudness on hearing aid,Cmd.VolumeIncrease,F5_stt:filler+drop_function_word,,,,,,
er when do i stop a manual alert,Help_FallAlert,F5_stt:filler+truncate_tail,,,,,,
er let me hear the tv through my 8s,Cmd.StreamingStart,F5_stt:filler+homophone,,,,,,
um whydoes my aid keep coming out,Help_InsertDevice,F5_stt:filler+merge_boundary,,,,,,
you i lost my hearing,Help_FindMyHearingAids,F5_stt:truncate_tail+drop_function_word,,,,,,
er mybpm please,Help_HeartRate,F5_stt:merge_boundary+filler,,,,,,
canyou theater memery,Cmd.MemoryChange,F5_stt:homophone+merge_boundary,,,,,,
uh program numberone,Cmd.MemoryChange,F5_stt:merge_boundary+filler,,,,,,
um hello just a hearing aid the volume on my hearing aides bye bye,Default Fallback Intent,F5_stt:filler+homophone,,,,,,
uh please pairing my hearing aids with thrive app,Help_Pairing,F5_stt:filler+drop_function_word,,,,,,
um i need to set up a reminda,reminders.add,F5_stt:homophone+filler,,,,,,
we searched for relief yougo in,Default Fallback Intent,F5_stt:drop_function_word+merge_boundary,,,,,,
um switch setting toone,Cmd.MemoryChange,F5_stt:merge_boundary+filler,,,,,,
er new reminder for everyday,reminders.add,F5_stt:filler+merge_boundary,,,,,,
um where do i see words being said in real,Help_Transcribe,F5_stt:truncate_tail+filler,,,,,,
you change hearing aids to,Cmd.MemoryChange,F5_stt:drop_function_word+truncate_tail,,,,,,
uh max loudnes,Cmd.VolumeIncrease,F5_stt:filler+drop_plural,,,,,,
how do i switch from the advancedapp to the basic,Help_AppSettings,F5_stt:truncate_tail+merge_boundary,,,,,,
selfcheck help,Help_SelfCheck,F5_stt:drop_function_word+merge_boundary,,,,,,
how do i customize my hearin,Help_Customize,F5_stt:truncate_tail+homophone,,,,,,
can youlexus assembly to,Default Fallback Intent,F5_stt:truncate_tail+merge_boundary,,,,,,
er set program golf,Cmd.MemoryChange,F5_stt:filler+drop_function_word,,,,,,
please set mammary personal,Cmd.MemoryChange,F5_stt:homophone+drop_function_word,,,,,,
uh please alpha bail again swelling dow in rio,Default Fallback Intent,F5_stt:filler+homophone,,,,,,
umcan you turn the sound on,Cmd.VolumeUnmute,F5_stt:filler+merge_boundary,,,,,,
er you switch to auditorium program,Cmd.MemoryChange,F5_stt:filler+drop_function_word,,,,,,
um stop streamingfrom my phone,Cmd.StreamingStop,F5_stt:merge_boundary+filler,,,,,,
uh can you newdelhi,Default Fallback Intent,F5_stt:filler+merge_boundary,,,,,,
can do a reminderfor me,reminders.add,F5_stt:drop_function_word+merge_boundary,,,,,,
er ikeep missing words,Cmd.VolumeIncrease,F5_stt:merge_boundary+filler,,,,,,
er the stage sign,Default Fallback Intent,F5_stt:filler+drop_function_word,,,,,,
uh you office memory,Cmd.MemoryChange,F5_stt:filler+drop_function_word,,,,,,
um tern off the sound,Cmd.VolumeMute,F5_stt:homophone+filler,,,,,,
um please remind me of my doctors,reminders.add,F5_stt:filler+truncate_tail,,,,,,
howdoes translated work,Help_Translate,F5_stt:homophone+merge_boundary,,,,,,
can you changeprogram office,Cmd.MemoryChange,F5_stt:merge_boundary+drop_function_word,,,,,,
um run me through the self,Help_SelfCheck,F5_stt:truncate_tail+filler,,,,,,
pleaseswitch to television pro gram,Cmd.MemoryChange,F5_stt:merge_boundary+homophone,,,,,,
make hearing 8s silent,Cmd.VolumeMute,F5_stt:drop_function_word+homophone,,,,,,
er what is on the home,Help_Home,F5_stt:truncate_tail+filler,,,,,,
you dnn speech enhancement user,Help_IntelliVoice,F5_stt:drop_function_word+truncate_tail,,,,,,
uh log therun i just did,Cmd.ActivityRun,F5_stt:merge_boundary+filler,,,,,,
um sort out my device,Help_DeviceSettings,F5_stt:filler+truncate_tail,,,,,,
aid keeps falling out how do i fit,Help_InsertDevice,F5_stt:truncate_tail+drop_function_word,,,,,,
er my heart rate normal,Help_HeartRate,F5_stt:filler+drop_function_word,,,,,,
uh reset hearing aids,Default Fallback Intent,F5_stt:filler+drop_function_word,,,,,,
er adjusted with my foam,Default Fallback Intent,F5_stt:filler+homophone,,,,,,
first doyou need to,Default Fallback Intent,F5_stt:truncate_tail+merge_boundary,,,,,,
sync theaudio to my,Cmd.StreamingStart,F5_stt:truncate_tail+merge_boundary,,,,,,
uh create remind her,reminders.add,F5_stt:homophone+filler,,,,,,
um how can i get the left hearing,Help_SelfCheck,F5_stt:truncate_tail+filler,,,,,,
er can you make a,reminders.add,F5_stt:filler+truncate_tail,,,,,,
umwhere should i start,Help_Home,F5_stt:filler+merge_boundary,,,,,,
er please help with volume adjustment on my hearing,Help_Volume,F5_stt:filler+truncate_tail,,,,,,
um how do i change the volume of accessory,Help_Accessories,F5_stt:filler+drop_function_word,,,,,,
i cannot even hardly hear,Default Fallback Intent,F5_stt:drop_function_word+truncate_tail,,,,,,
guide me oncustomizing sounds,Help_Customize,F5_stt:homophone+merge_boundary,,,,,,
uh switch settingto number one,Cmd.MemoryChange,F5_stt:merge_boundary+filler,,,,,,
hear itagain,Cmd.ListenMessage,F5_stt:drop_function_word+merge_boundary,,,,,,
uh show me how toput my hearing aid on,Help_InsertDevice,F5_stt:merge_boundary+filler,,,,,,
please set programme auditorium,Cmd.MemoryChange,F5_stt:drop_function_word+homophone,,,,,,
um translated hebrew,Cmd.TranslationStart,F5_stt:filler+homophone,,,,,,
er how do i customize how things,Help_Customize,F5_stt:truncate_tail+filler,,,,,,
um switch to televisionprogram,Cmd.MemoryChange,F5_stt:merge_boundary+filler,,,,,,
um which battery do i need for my hearing,Help_Battery,F5_stt:filler+truncate_tail,,,,,,
you ashes to ashes all fall doun,Default Fallback Intent,F5_stt:homophone+drop_function_word,,,,,,
um i wish i could wake ep,Default Fallback Intent,F5_stt:filler+homophone,,,,,,
er how do i see exercise activity,Help_Health,F5_stt:filler+drop_function_word,,,,,,
can you customizemy hearing aid setting,Help_Customize,F5_stt:merge_boundary+homophone,,,,,,
howto turn the volume up on my hearing,Help_Volume,F5_stt:merge_boundary+truncate_tail,,,,,,
er can yourestaurant near me,Default Fallback Intent,F5_stt:merge_boundary+filler,,,,,,
i am walking into loud,Cmd.MemoryChange,F5_stt:truncate_tail+drop_function_word,,,,,,
uh start walking,Cmd.ActivityWalk,F5_stt:filler,,,,,,
show mehelp for transcribe,Help_Transcribe,F5_stt:drop_function_word+merge_boundary,,,,,,
how do i adjust my tinnitu masker in the right hearing,Help_Tinnitus,F5_stt:drop_plural+truncate_tail,,,,,,
please help with changing memorys on my,Help_ChangingMemories,F5_stt:homophone+truncate_tail,,,,,,
uh log the stroll i just,Cmd.ActivityWalk,F5_stt:truncate_tail+filler,,,,,,
uh canyou wax build up,Help_CleanCare,F5_stt:merge_boundary+filler,,,,,,
uh re mind me of my doctors appointment,reminders.add,F5_stt:filler+homophone,,,,,,
um set program telephone,Cmd.MemoryChange,F5_stt:drop_function_word+filler,,,,,,
um cut volume a little,Cmd.VolumeDecrease,F5_stt:filler+drop_function_word,,,,,,
how do i start streaming fromaccessory,Help_Accessories,F5_stt:drop_function_word+merge_boundary,,,,,,
uh disconnect fromtv,Cmd.StreamingStop,F5_stt:merge_boundary+filler,,,,,,
activatenoisy environment setting,Cmd.MemoryChange,F5_stt:drop_function_word+merge_boundary,,,,,,
whatcan app do,Help_Home,F5_stt:drop_function_word+merge_boundary,,,,,,
er direction of thesound,Default Fallback Intent,F5_stt:merge_boundary+filler,,,,,,
um understand this foreign speaker for,Cmd.TranslationStart,F5_stt:filler+truncate_tail,,,,,,
my audiologist adjust my sittings remotely,Help_HearingCareAnywhereConnect,F5_stt:homophone+drop_function_word,,,,,,
can set memery to theater,Cmd.MemoryChange,F5_stt:drop_function_word+homophone,,,,,,
can you remind me to pick up my prescription at 5 p m,reminders.add,F5_stt:merge_boundary+truncate_tail,,,,,,
uh play my new message,Cmd.ListenMessage,F5_stt:filler+drop_plural,,,,,,
uh information on thebody score,Help_ThriveScore,F5_stt:merge_boundary+filler,,,,,,
uh why does notmy drive app,Default Fallback Intent,F5_stt:merge_boundary+filler,,,,,,
er use theaudio streamer,Cmd.StreamingStart,F5_stt:merge_boundary+filler,,,,,,
er set pro gram to noise,Cmd.MemoryChange,F5_stt:homophone+filler,,,,,,
uh locate my missingearpiece,Help_FindMyHearingAids,F5_stt:merge_boundary+filler,,,,,,
uh selfcheck user guide,Help_SelfCheck,F5_stt:filler+merge_boundary,,,,,,
canyou fone a friend,Default Fallback Intent,F5_stt:merge_boundary+homophone,,,,,,
where' myiphone,Cmd.FindMyPhone,F5_stt:merge_boundary+drop_plural,,,,,,
uh batteries left,Cmd.BatteryLevel,F5_stt:homophone+filler,,,,,,
uh recover my hearingaid settings,Help_HearingCareAnywhereConnect,F5_stt:merge_boundary+filler,,,,,,
uh setreminder for every day,reminders.add,F5_stt:merge_boundary+filler,,,,,,
er how do i get better brain,Help_ThriveScore,F5_stt:filler+truncate_tail,,,,,,
lower itdown,Cmd.VolumeDecrease,F5_stt:drop_function_word+merge_boundary,,,,,,
um this setting does not suit this,Cmd.MemoryChange,F5_stt:truncate_tail+filler,,,,,,
candid they accept my hearshare invitation,Help_HearShare,F5_stt:drop_function_word+merge_boundary,,,,,,
howdo i get better activity score,Help_ThriveScore,F5_stt:drop_function_word+merge_boundary,,,,,,
uh remind meon,reminders.add,F5_stt:filler+merge_boundary,,,,,,
uh can decrease volume,Cmd.VolumeDecrease,F5_stt:filler+drop_function_word,,,,,,
er set program mask,Cmd.MemoryChange,F5_stt:filler+drop_function_word,,,,,,
show me an overview of this,Help_WhatsNew,F5_stt:merge_boundary+truncate_tail,,,,,,
change memoryto number one,Cmd.MemoryChange,F5_stt:drop_function_word+merge_boundary,,,,,,
decreased theloudness,Cmd.VolumeDecrease,F5_stt:merge_boundary+homophone,,,,,,
er blockout every sound,Cmd.VolumeMute,F5_stt:filler+merge_boundary,,,,,,
um please volume downright aid,Cmd.VolumeDecrease,F5_stt:merge_boundary+filler,,,,,,
er turn the light off,Default Fallback Intent,F5_stt:filler+drop_plural,,,,,,
um can you help with the main,Help_Home,F5_stt:filler+truncate_tail,,,,,,
uh can you set to meeting memery,Cmd.MemoryChange,F5_stt:homophone+filler,,,,,,
uh remind me to call daughter later,reminders.add,F5_stt:drop_function_word+filler,,,,,,
er will atumble trigger an alert,Help_FallAlert,F5_stt:filler+merge_boundary,,,,,,
er can you turn up the loudnes on my hearing aid,Cmd.VolumeIncrease,F5_stt:filler+drop_plural,,,,,,
please turned it to hitthe button minute furniture in there like siri,Default Fallback Intent,F5_stt:homophone+merge_boundary,,,,,,
whatis my step count for the,Cmd.ActivityStep,F5_stt:merge_boundary+truncate_tail,,,,,,
increase volume in my hearing 8s,Cmd.VolumeIncrease,F5_stt:homophone+drop_function_word,,,,,,
uh am i close to exercise goal,Cmd.ActivityExercise,F5_stt:drop_function_word+filler,,,,,,
um canyou have i reached my running goal,Cmd.ActivityRun,F5_stt:merge_boundary+filler,,,,,,
uh tell me what how much do i owe you is in español,Cmd.TranslationStart,F5_stt:drop_function_word+filler,,,,,,
er what remote programming,Help_RemoteProgramming,F5_stt:filler+drop_function_word,,,,,,
er doestranslation work both ways,Help_Translate,F5_stt:merge_boundary+filler,,,,,,
add one more that what doesthat equal,Default Fallback Intent,F5_stt:merge_boundary+drop_function_word,,,,,,
um please i will see then you help me,Default Fallback Intent,F5_stt:drop_function_word+filler,,,,,,
er i need to disconnect the hearing aids from the phone,Help_Pairing,F5_stt:filler+drop_function_word,,,,,,
um volum off,Cmd.VolumeMute,F5_stt:filler+homophone,,,,,,
uh can you home pro gram,Cmd.MemoryChange,F5_stt:homophone+filler,,,,,,
uh can you i need to connect the hearing aids to the,Help_Pairing,F5_stt:filler+truncate_tail,,,,,,
um pleaseset memory to office,Cmd.MemoryChange,F5_stt:filler+merge_boundary,,,,,,
uh can you pelase senda message,Cmd.SendMessage,F5_stt:merge_boundary+filler,,,,,,
um canyou intellivoice user guide,Help_IntelliVoice,F5_stt:merge_boundary+filler,,,,,,
batterystatu please,Cmd.BatteryLevel,F5_stt:drop_plural+merge_boundary,,,,,,
mycharge running low,Cmd.BatteryLevel,F5_stt:drop_function_word+merge_boundary,,,,,,
um show my step so far,Cmd.ActivityStep,F5_stt:filler+homophone,,,,,,
um please start translationfor german,Cmd.TranslationStart,F5_stt:merge_boundary+filler,,,,,,
um set settingto three,Cmd.MemoryChange,F5_stt:filler+merge_boundary,,,,,,
how the brain score,Help_ThriveScore,F5_stt:truncate_tail+drop_function_word,,,,,,
ermy calorie total,Cmd.ActivityCalories,F5_stt:filler+merge_boundary,,,,,,
er can detect android phone,Cmd.FindMyPhone,F5_stt:drop_function_word+filler,,,,,,
can youchange to theater memery,Cmd.MemoryChange,F5_stt:merge_boundary+homophone,,,,,,
er read last text massage,Default Fallback Intent,F5_stt:filler+homophone,,,,,,
um teach mespanish,Default Fallback Intent,F5_stt:merge_boundary+filler,,,,,,
uh how do i reset app,Help_AppSettings,F5_stt:filler+drop_function_word,,,,,,
uh personal mammary,Cmd.MemoryChange,F5_stt:homophone+filler,,,,,,
um please have i stood an,Cmd.ActivityStand,F5_stt:truncate_tail+filler,,,,,,
how many minute have i been,Cmd.ActivityCycle,F5_stt:truncate_tail+drop_plural,,,,,,
uh hear again,Cmd.ListenMessage,F5_stt:filler+drop_function_word,,,,,,
remind me towatch,reminders.add,F5_stt:homophone+merge_boundary,,,,,,
um he's on stomach,Default Fallback Intent,F5_stt:drop_function_word+filler,,,,,,
er can you remind me at 12,reminders.add,F5_stt:filler+truncate_tail,,,,,,
er change totelephone memory,Cmd.MemoryChange,F5_stt:merge_boundary+filler,,,,,,
set outdoor memory,Cmd.MemoryChange,F5_stt:drop_plural+drop_function_word,,,,,,
what was indiansscore,Default Fallback Intent,F5_stt:drop_function_word+merge_boundary,,,,,,
uh please remind me to call,reminders.add,F5_stt:homophone+filler,,,,,,
um please someone was supposed to call me and i never,Default Fallback Intent,F5_stt:filler+truncate_tail,,,,,,
should i cleanmy hearing aides daily,Help_CleanCare,F5_stt:merge_boundary+homophone,,,,,,
um stopall audio,Cmd.VolumeMute,F5_stt:filler+merge_boundary,,,,,,
uh dutch translation,Cmd.TranslationStart,F5_stt:filler,,,,,,
er you remind me everyday to read a book at 6 p m,reminders.add,F5_stt:drop_function_word+filler,,,,,,
uh there plenty of battery,Cmd.BatteryLevel,F5_stt:drop_function_word+filler,,,,,,
help me change tinnitusprogram,Help_Tinnitus,F5_stt:drop_function_word+merge_boundary,,,,,,
canyou switch to car,Cmd.MemoryChange,F5_stt:truncate_tail+merge_boundary,,,,,,
er can youto us number one hits,Default Fallback Intent,F5_stt:filler+merge_boundary,,,,,,
whatdoes equalizer do,Help_Customize,F5_stt:merge_boundary+drop_function_word,,,,,,
how do i know if my hearing aids are connected to mythrive,Help_Pairing,F5_stt:merge_boundary+truncate_tail,,,,,,
er can music setting,Cmd.MemoryChange,F5_stt:filler+drop_function_word,,,,,,
uh explain program options,Help_MemoryOptions,F5_stt:filler+drop_function_word,,,,,,
can you help with white,Help_Tinnitus,F5_stt:merge_boundary+truncate_tail,,,,,,
uh helpwith heart rate recovery,Help_HeartRateRecovery,F5_stt:merge_boundary+filler,,,,,,
can translate howmuch do i owe you in español,Cmd.TranslationStart,F5_stt:merge_boundary+drop_function_word,,,,,,
um turn the light on,Default Fallback Intent,F5_stt:filler+drop_plural,,,,,,
uhdnn speech enhancement help,Help_IntelliVoice,F5_stt:filler+merge_boundary,,,,,,
er setto gym program,Cmd.MemoryChange,F5_stt:merge_boundary+filler,,,,,,
audio connectionto aides,Cmd.StreamingStart,F5_stt:homophone+merge_boundary,,,,,,
turn on the volumn,Cmd.VolumeUnmute,F5_stt:homophone+drop_function_word,,,,,,
howdo i get my left aid to,Help_Accessories,F5_stt:merge_boundary+truncate_tail,,,,,,
uh thunder messege,Default Fallback Intent,F5_stt:filler+homophone,,,,,,
uh i would liketo set a reminder,reminders.add,F5_stt:merge_boundary+filler,,,,,,
you switch program to,Cmd.MemoryChange,F5_stt:truncate_tail+drop_function_word,,,,,,
er set to golf memery,Cmd.MemoryChange,F5_stt:filler+homophone,,,,,,
um read mynew texts aloud,Cmd.ListenMessage,F5_stt:filler+merge_boundary,,,,,,
tone it doun abit,Cmd.VolumeDecrease,F5_stt:homophone+merge_boundary,,,,,,
um i contact my audiologist for help,Help_RemoteProgramming,F5_stt:filler+drop_function_word,,,,,,
uh iam about to go for a run,Cmd.ActivityRun,F5_stt:filler+merge_boundary,,,,,,
uh can you ask house,Default Fallback Intent,F5_stt:drop_function_word+filler,,,,,,
howdo i connect my herring aids,Help_Pairing,F5_stt:merge_boundary+homophone,,,,,,
uh how do i change to another program on my hearing aide,Help_ChangingMemories,F5_stt:homophone+filler,,,,,,
uh can you golfsetting,Cmd.MemoryChange,F5_stt:filler+merge_boundary,,,,,,
whatdoe each button do,Help_Home,F5_stt:merge_boundary+drop_plural,,,,,,
please pairing my hearingaids on phone,Help_Pairing,F5_stt:drop_function_word+merge_boundary,,,,,,
you switch memery to everyday,Cmd.MemoryChange,F5_stt:homophone+drop_function_word,,,,,,
how do i personalize,Help_Customize,F5_stt:truncate_tail+drop_function_word,,,,,,
you remind me of video everyday atnoon,reminders.add,F5_stt:drop_function_word+merge_boundary,,,,,,
uh can you decreased the right hearing aid,Cmd.VolumeDecrease,F5_stt:filler+homophone,,,,,,
uh guide me on maskmode,Help_MaskMode,F5_stt:merge_boundary+filler,,,,,,
can i need to disconnect my hearing aid from my fone,Help_Pairing,F5_stt:drop_function_word+homophone,,,,,,
can you tap and then you see like restaurant where you as a question sure you can set it to different modeso you can hear,Default Fallback Intent,F5_stt:truncate_tail+merge_boundary,,,,,,
er volume offleft aid,Cmd.VolumeMute,F5_stt:merge_boundary+filler,,,,,,
er please play my audio,Cmd.ListenMessage,F5_stt:filler+truncate_tail,,,,,,
er change memory number one,Cmd.MemoryChange,F5_stt:filler+drop_function_word,,,,,,
do i put the hearing aid behind,Help_InsertDevice,F5_stt:merge_boundary+truncate_tail,,,,,,
er let me send a messege,Cmd.SendMessage,F5_stt:filler+homophone,,,,,,
switch programme number three,Cmd.MemoryChange,F5_stt:drop_function_word+homophone,,,,,,
please sorry i did not give a,Default Fallback Intent,F5_stt:drop_function_word+truncate_tail,,,,,,
uh complete this remind her,reminders.complete,F5_stt:homophone+filler,,,,,,
set memory to masque,Cmd.MemoryChange,F5_stt:homophone+drop_function_word,,,,,,
uh can change memory to crowd,Cmd.MemoryChange,F5_stt:filler+drop_function_word,,,,,,
how change my hearing aidbattery,Help_Battery,F5_stt:merge_boundary+drop_function_word,,,,,,
please letme hear,Cmd.ListenMessage,F5_stt:merge_boundary+drop_function_word,,,,,,
please settrain program,Cmd.MemoryChange,F5_stt:drop_function_word+merge_boundary,,,,,,
can start recording forme,Cmd.TranscribeStart,F5_stt:merge_boundary+drop_function_word,,,,,,
um set program tonumber four,Cmd.MemoryChange,F5_stt:filler+merge_boundary,,,,,,
turn my left hearingaid down,Cmd.VolumeDecrease,F5_stt:drop_function_word+merge_boundary,,,,,,
er help melocate one device,Help_FindMyHearingAids,F5_stt:filler+merge_boundary,,,,,,
um is there a featurefor ear ringing,Help_Tinnitus,F5_stt:merge_boundary+filler,,,,,,
uh volume downright aid,Cmd.VolumeDecrease,F5_stt:merge_boundary+filler,,,,,,
um can youworship setting,Cmd.MemoryChange,F5_stt:merge_boundary+filler,,,,,,
er latest reminda completed,reminders.complete,F5_stt:homophone+filler,,,,,,
can help with changingmemories,Help_ChangingMemories,F5_stt:merge_boundary+drop_function_word,,,,,,
ihandled that remove the,reminders.complete,F5_stt:truncate_tail+merge_boundary,,,,,,
need somehelp,Default Fallback Intent,F5_stt:drop_function_word+merge_boundary,,,,,,
uh how do i connect my hearing,Help_Pairing,F5_stt:filler+truncate_tail,,,,,,
um switch toauditorium program,Cmd.MemoryChange,F5_stt:filler+merge_boundary,,,,,,
can you switch speech pro gram,Cmd.MemoryChange,F5_stt:homophone+drop_function_word,,,,,,
shiftinto outdoor profile,Cmd.MemoryChange,F5_stt:merge_boundary+drop_function_word,,,,,,
can switch memory to,Cmd.MemoryChange,F5_stt:truncate_tail+drop_function_word,,,,,,
show me thehelp for transcribed,Help_Transcribe,F5_stt:merge_boundary+homophone,,,,,,
um pleaseset program to music,Cmd.MemoryChange,F5_stt:filler+merge_boundary,,,,,,
er where should i initiate a manual,Help_FallAlert,F5_stt:filler+truncate_tail,,,,,,
uh switchmemory to noise,Cmd.MemoryChange,F5_stt:merge_boundary+filler,,,,,,
how do i deletemy tv,Help_Accessories,F5_stt:merge_boundary+truncate_tail,,,,,,
pleaseset memory to tinitis,Cmd.MemoryChange,F5_stt:homophone+merge_boundary,,,,,,
er usedcalories today,Cmd.ActivityCalories,F5_stt:filler+merge_boundary,,,,,,
um help with pairing devices with the thrive,Help_Pairing,F5_stt:filler+truncate_tail,,,,,,
uh can you change to auditorium,Cmd.MemoryChange,F5_stt:truncate_tail+filler,,,,,,
um setprogram to one,Cmd.MemoryChange,F5_stt:merge_boundary+filler,,,,,,
uh how do iturn on intellivoice,Help_IntelliVoice,F5_stt:merge_boundary+filler,,,,,,
uh set remind her to drink water at 9 p m every tuesday,reminders.add,F5_stt:homophone+filler,,,,,,
ercan you down volume,Cmd.VolumeDecrease,F5_stt:filler+merge_boundary,,,,,,
silence aides entirely,Cmd.VolumeMute,F5_stt:homophone+drop_function_word,,,,,,
howdoes edge mode adapt the,Help_EdgeMode,F5_stt:merge_boundary+truncate_tail,,,,,,
er can automatic setting,Cmd.MemoryChange,F5_stt:drop_function_word+filler,,,,,,
uh please my right hearing aid at 0,Default Fallback Intent,F5_stt:drop_function_word+filler,,,,,,
er how run intelligent voice,Help_IntelliVoice,F5_stt:filler+drop_function_word,,,,,,
howdo i activate hedge mode,Help_EdgeMode,F5_stt:homophone+merge_boundary,,,,,,
uh can i pear siri to my hearing aids,Help_VoiceAssistant,F5_stt:homophone+filler,,,,,,
er you switch memory to automatic,Cmd.MemoryChange,F5_stt:drop_function_word+filler,,,,,,
what can my aidsdo when i have,Help_FallAlert,F5_stt:merge_boundary+truncate_tail,,,,,,
um i am in butterbrodt new,Default Fallback Intent,F5_stt:filler+truncate_tail,,,,,,
um wow that is intense intense,Default Fallback Intent,F5_stt:truncate_tail+filler,,,,,,
uh changeprogram to work,Cmd.MemoryChange,F5_stt:filler+merge_boundary,,,,,,
can change memery to three,Cmd.MemoryChange,F5_stt:drop_function_word+homophone,,,,,,
i pair a wearable,Help_Accessories,F5_stt:truncate_tail+drop_function_word,,,,,,
uh please i cannot remember where myleft aid is,Help_FindMyHearingAids,F5_stt:merge_boundary+filler,,,,,,
can remind me about exams every friday at 7 p m,reminders.add,F5_stt:drop_function_word+homophone,,,,,,
west wind blowing it ep,Default Fallback Intent,F5_stt:drop_plural+homophone,,,,,,
uh play mylast recording,Cmd.ListenMessage,F5_stt:filler+merge_boundary,,,,,,
please switchmemory to mut,Cmd.MemoryChange,F5_stt:merge_boundary+homophone,,,,,,
roll back sounds level,Cmd.VolumeDecrease,F5_stt:drop_function_word+homophone,,,,,,
uh tooquiet,Cmd.VolumeIncrease,F5_stt:filler+merge_boundary,,,,,,
uh canyou complete my latest reminder,reminders.complete,F5_stt:merge_boundary+filler,,,,,,
addnew reminder,reminders.add,F5_stt:drop_function_word+merge_boundary,,,,,,
uh how do i adjust the loudness on just the left,Help_Volume,F5_stt:filler+truncate_tail,,,,,,
switch to tinniti,Cmd.MemoryChange,F5_stt:homophone+drop_plural,,,,,,
how i change the fall alert setting,Help_AppSettings,F5_stt:drop_function_word+drop_plural,,,,,,
uh what is generativeai,Default Fallback Intent,F5_stt:merge_boundary+filler,,,,,,
how doi disconnect my aides,Help_Pairing,F5_stt:merge_boundary+homophone,,,,,,
um transmit thesound wirelessly,Cmd.StreamingStart,F5_stt:merge_boundary+filler,,,,,,
er help with white noise adjustment,Help_Tinnitus,F5_stt:filler+drop_function_word,,,,,,
er which room did i leave my aid,Help_FindMyHearingAids,F5_stt:filler+truncate_tail,,,,,,
er set a reminda so i do not forget,reminders.add,F5_stt:homophone+filler,,,,,,
please set mammary togolf,Cmd.MemoryChange,F5_stt:merge_boundary+homophone,,,,,,
uh change topersonal,Cmd.MemoryChange,F5_stt:filler+merge_boundary,,,,,,
er everyone has to say thing twice for me,Cmd.VolumeIncrease,F5_stt:drop_plural+filler,,,,,,
decrease lefthearing aid,Cmd.VolumeDecrease,F5_stt:merge_boundary+drop_function_word,,,,,,
erquick start,Help_WhatsNew,F5_stt:filler+merge_boundary,,,,,,
turn soundback on,Cmd.VolumeUnmute,F5_stt:merge_boundary+drop_function_word,,,,,,
er where is my applephone,Cmd.FindMyPhone,F5_stt:filler+merge_boundary,,,,,,
please turn on this is,Default Fallback Intent,F5_stt:merge_boundary+truncate_tail,,,,,,
uh increase the volume in my hearin aids,Cmd.VolumeIncrease,F5_stt:homophone+filler,,,,,,
er sounds too loud for,Cmd.VolumeDecrease,F5_stt:filler+truncate_tail,,,,,,
when should iuse balance control,Help_WiCROS,F5_stt:drop_function_word+merge_boundary,,,,,,
this massive programme to influence the united state politically,Default Fallback Intent,F5_stt:drop_plural+homophone,,,,,,
um can you set to kitchen,Cmd.MemoryChange,F5_stt:filler+truncate_tail,,,,,,
remind me to pick ep my prescription this,reminders.add,F5_stt:homophone+truncate_tail,,,,,,
and that is a sign of,Default Fallback Intent,F5_stt:truncate_tail+drop_function_word,,,,,,
um can you start streaming tv my hearing aids,Cmd.StreamingStart,F5_stt:filler+drop_function_word,,,,,,
um how do rocket work,Default Fallback Intent,F5_stt:filler+drop_plural,,,,,,
please out of your foam,Default Fallback Intent,F5_stt:truncate_tail+homophone,,,,,,
please decrease the loudness in myaid,Cmd.VolumeDecrease,F5_stt:merge_boundary+drop_plural,,,,,,
er memory number four,Cmd.MemoryChange,F5_stt:filler+drop_function_word,,,,,,
pumpup sound,Cmd.VolumeIncrease,F5_stt:drop_function_word+merge_boundary,,,,,,
uh record workout for me,Cmd.ActivityExercise,F5_stt:drop_function_word+filler,,,,,,
how do i in creasehigh pitch,Help_Customize,F5_stt:homophone+merge_boundary,,,,,,
can you set mammary totwo,Cmd.MemoryChange,F5_stt:merge_boundary+homophone,,,,,,
um switch memery to everyday,Cmd.MemoryChange,F5_stt:filler+homophone,,,,,,
uh leave recording,Cmd.SendMessage,F5_stt:filler+drop_function_word,,,,,,
uh set a daily reminda for my vitamins,reminders.add,F5_stt:filler+homophone,,,,,,
um please change memery to test one,Cmd.MemoryChange,F5_stt:homophone+filler,,,,,,
you theater pro gram,Cmd.MemoryChange,F5_stt:drop_function_word+homophone,,,,,,
how do i increased my wellness,Help_ThriveScore,F5_stt:truncate_tail+homophone,,,,,,
explain sharing audio with,Help_HearShare,F5_stt:truncate_tail+drop_function_word,,,,,,
how do i turn down thetinnitu noise,Help_Tinnitus,F5_stt:drop_plural+merge_boundary,,,,,,
er are there many language to translate,Help_Translate,F5_stt:filler+drop_plural,,,,,,
whatdoes trans cribe do,Help_Transcribe,F5_stt:homophone+merge_boundary,,,,,,
set memery totheater,Cmd.MemoryChange,F5_stt:homophone+merge_boundary,,,,,,
er change to golfmemory,Cmd.MemoryChange,F5_stt:merge_boundary+filler,,,,,,
you just finding duncan',Default Fallback Intent,F5_stt:drop_plural+drop_function_word,,,,,,
can you tern on sound,Cmd.VolumeUnmute,F5_stt:drop_function_word+homophone,,,,,,
er can you send a,Cmd.SendMessage,F5_stt:filler+truncate_tail,,,,,,
uh can you sewingmachine,Default Fallback Intent,F5_stt:filler+merge_boundary,,,,,,
er where is my hearing,Help_FindMyHearingAids,F5_stt:filler+truncate_tail,,,,,,
um can you set to theater,Cmd.MemoryChange,F5_stt:filler+truncate_tail,,,,,,
er switch topub program,Cmd.MemoryChange,F5_stt:merge_boundary+filler,,,,,,
uh please remind me to pick up my prescription this,reminders.add,F5_stt:truncate_tail+filler,,,,,,
you sync car bluetooth to hearin aid,Help_Pairing,F5_stt:homophone+drop_function_word,,,,,,
er please set pro gram to number one,Cmd.MemoryChange,F5_stt:filler+homophone,,,,,,
help withwellnes score,Help_ThriveScore,F5_stt:drop_plural+merge_boundary,,,,,,
please west winds blowing,Default Fallback Intent,F5_stt:truncate_tail+drop_function_word,,,,,,
can youshow me jogging goal,Cmd.ActivityRun,F5_stt:drop_function_word+merge_boundary,,,,,,
you help withremote mic,Help_Accessories,F5_stt:merge_boundary+drop_function_word,,,,,,
um how do i save favorite program,Help_MemoryOptions,F5_stt:drop_function_word+filler,,,,,,
um can youreceiver,Help_WiCROS,F5_stt:filler+merge_boundary,,,,,,
uh changememory to golf,Cmd.MemoryChange,F5_stt:merge_boundary+filler,,,,,,
where's my combined body andbrain,Help_ThriveScore,F5_stt:merge_boundary+truncate_tail,,,,,,
uh please goto hell,Default Fallback Intent,F5_stt:merge_boundary+filler,,,,,,
um switchto restaurant,Cmd.MemoryChange,F5_stt:filler+merge_boundary,,,,,,
uh please everydayis exciting,Default Fallback Intent,F5_stt:merge_boundary+filler,,,,,,
please take us see forget itwe are in the car and the drone noise will cost if i have them in the road noises being amplified as well,Default Fallback Intent,F5_stt:merge_boundary+drop_function_word,,,,,,
um guide me on fallalerts,Help_FallAlert,F5_stt:filler+merge_boundary,,,,,,
uh how does voice assistant,Help_VoiceAssistant,F5_stt:filler+truncate_tail,,,,,,
uh find equipment,Help_FindMyHearingAids,F5_stt:filler+drop_function_word,,,,,,
er can you i lost myhearing aids can you help me find them,Help_FindMyHearingAids,F5_stt:merge_boundary+filler,,,,,,
uh please set memory to number,Cmd.MemoryChange,F5_stt:filler+truncate_tail,,,,,,
how do i turned up loudness on just one aid,Help_Volume,F5_stt:homophone+drop_function_word,,,,,,
can you setto home,Cmd.MemoryChange,F5_stt:truncate_tail+merge_boundary,,,,,,
how do i turn up the loudness in just left,Help_Volume,F5_stt:drop_function_word+truncate_tail,,,,,,
howdo i personalize hearing aid settings,Help_MemoryOptions,F5_stt:merge_boundary+drop_function_word,,,,,,
um muteon,Cmd.VolumeMute,F5_stt:filler+merge_boundary,,,,,,
youmake a u turn,Default Fallback Intent,F5_stt:drop_function_word+merge_boundary,,,,,,
um remind me to take medicine tuesday morning at 10 a m,reminders.add,F5_stt:drop_function_word+filler,,,,,,
er please i need more volum,Cmd.VolumeIncrease,F5_stt:homophone+filler,,,,,,
switch meto something better for this,Cmd.MemoryChange,F5_stt:merge_boundary+truncate_tail,,,,,,
um can you aerobic goal,Cmd.ActivityAerobics,F5_stt:filler+drop_plural,,,,,,
help me setup custom memory,Help_MemoryOptions,F5_stt:drop_function_word+merge_boundary,,,,,,
please remind meat 7 p m on november 11 to do,reminders.add,F5_stt:merge_boundary+truncate_tail,,,,,,
you volume doun left aid,Cmd.VolumeDecrease,F5_stt:homophone+drop_function_word,,,,,,
change pro gram to one,Cmd.MemoryChange,F5_stt:homophone+drop_function_word,,,,,,
you everydayis exciting,Default Fallback Intent,F5_stt:drop_function_word+merge_boundary,,,,,,
um please remember work out,reminders.add,F5_stt:filler+drop_function_word,,,,,,
where didi leave my hearing,Help_FindMyHearingAids,F5_stt:merge_boundary+truncate_tail,,,,,,
um i amstuck,Help_Home,F5_stt:filler+merge_boundary,,,,,,
raise value up,Cmd.VolumeIncrease,F5_stt:homophone+drop_function_word,,,,,,
fix facemask problems,Help_MaskMode,F5_stt:drop_function_word+merge_boundary,,,,,,
re mind me at 11 o'clock inthe morning,reminders.add,F5_stt:merge_boundary+homophone,,,,,,
er can you i cannot find my other hearing aide,Help_FindMyHearingAids,F5_stt:homophone+filler,,,,,,
um did i hit myaerobics target,Cmd.ActivityAerobics,F5_stt:filler+merge_boundary,,,,,,
amplify the sounds bit,Cmd.VolumeIncrease,F5_stt:drop_function_word+homophone,,,,,,
um please weather outside today,Default Fallback Intent,F5_stt:drop_function_word+filler,,,,,,
er how far have i,Cmd.ActivityCycle,F5_stt:filler+truncate_tail,,,,,,
canyou help with changing memories using the,Help_ChangingMemories,F5_stt:truncate_tail+merge_boundary,,,,,,
er put my herring back on,Cmd.VolumeUnmute,F5_stt:homophone+filler,,,,,,
how can i ask thrive do things forme,Help_VoiceAssistant,F5_stt:merge_boundary+drop_function_word,,,,,,
uh pleaseset a reminder to pick up prescription today at 5 p m,reminders.add,F5_stt:filler+merge_boundary,,,,,,
heartrate recovery help,Help_HeartRateRecovery,F5_stt:drop_function_word+merge_boundary,,,,,,
er stop tv streamin,Cmd.StreamingStop,F5_stt:homophone+filler,,,,,,
how shouldi send a manual,Help_FallAlert,F5_stt:truncate_tail+merge_boundary,,,,,,
uhcan you complete this reminder,reminders.complete,F5_stt:filler+merge_boundary,,,,,,
er changeto music,Cmd.MemoryChange,F5_stt:filler+merge_boundary,,,,,,
um music mammary,Cmd.MemoryChange,F5_stt:homophone+filler,,,,,,
uh remind meat noon,reminders.add,F5_stt:merge_boundary+filler,,,,,,
er please tern the engine off of,Default Fallback Intent,F5_stt:homophone+filler,,,,,,
where can i see if myhearing aid is,Help_SelfCheck,F5_stt:truncate_tail+merge_boundary,,,,,,
uh help withchanging programs on my aids,Help_ChangingMemories,F5_stt:merge_boundary+filler,,,,,,
uh exercise goal,Cmd.ActivityExercise,F5_stt:filler,,,,,,
uh how do you sync to hearing,Help_Pairing,F5_stt:truncate_tail+filler,,,,,,
er find song,Default Fallback Intent,F5_stt:filler+drop_function_word,,,,,,
er can someone listen along with,Help_HearShare,F5_stt:truncate_tail+filler,,,,,,
please set programme topersonal,Cmd.MemoryChange,F5_stt:merge_boundary+homophone,,,,,,
er demonstrate theapp,Help_DemoMode,F5_stt:filler+merge_boundary,,,,,,
er log mywalk,Cmd.ActivityWalk,F5_stt:merge_boundary+filler,,,,,,
uh how do i geotag my current,Help_MemoryOptions,F5_stt:truncate_tail+filler,,,,,,
er disconnect the remotemicrophone,Cmd.StreamingStop,F5_stt:merge_boundary+filler,,,,,,
er doesit work with alexa,Help_VoiceAssistant,F5_stt:merge_boundary+filler,,,,,,
um done with thatreminder,reminders.complete,F5_stt:filler+merge_boundary,,,,,,
uh i need you to remind me something,reminders.add,F5_stt:filler+homophone,,,,,,
uh can you federal assistance up to my,Default Fallback Intent,F5_stt:truncate_tail+filler,,,,,,
youwest winds blowing it up,Default Fallback Intent,F5_stt:merge_boundary+drop_function_word,,,,,,
canyou remember to take my medicine tuesday morning at 10 a,reminders.add,F5_stt:truncate_tail+merge_boundary,,,,,,
er can i compare the adjustments made by my,Help_RemoteProgramming,F5_stt:truncate_tail+filler,,,,,,
stop streamin my aids,Cmd.StreamingStop,F5_stt:drop_function_word+homophone,,,,,,
can mutehearing aids,Cmd.VolumeMute,F5_stt:merge_boundary+drop_function_word,,,,,,
um can you remind me about this,reminders.add,F5_stt:truncate_tail+filler,,,,,,
uh i would like to passalong a message,Cmd.SendMessage,F5_stt:merge_boundary+filler,,,,,,
uh do i need charge soon,Cmd.BatteryLevel,F5_stt:filler+drop_function_word,,,,,,
uh you auditorium program,Cmd.MemoryChange,F5_stt:filler+drop_function_word,,,,,,
um please setreminder for 25th november,reminders.add,F5_stt:merge_boundary+filler,,,,,,
er pleaseswitch to office,Cmd.MemoryChange,F5_stt:merge_boundary+filler,,,,,,
set analarm for 8 m,reminders.add,F5_stt:drop_function_word+merge_boundary,,,,,,
um how do i change to another memory on the,Help_ChangingMemories,F5_stt:filler+truncate_tail,,,,,,
how doesmasque mode work,Help_MaskMode,F5_stt:homophone+merge_boundary,,,,,,
what isthe bi cros,Help_WiCROS,F5_stt:truncate_tail+merge_boundary,,,,,,
uh what does my bodyand brain score mean,Help_ThriveScore,F5_stt:merge_boundary+filler,,,,,,
um switch program to school,Cmd.MemoryChange,F5_stt:drop_function_word+filler,,,,,,
er my hearing aide keeps slipping out,Help_InsertDevice,F5_stt:homophone+filler,,,,,,
um you change program to meeting,Cmd.MemoryChange,F5_stt:drop_function_word+filler,,,,,,
um how do i adjust the volume on hearing aids,Help_Volume,F5_stt:filler+drop_function_word,,,,,,
can i use siriwith my aides,Help_VoiceAssistant,F5_stt:merge_boundary+homophone,,,,,,
helpwith tinnitus masker adjustments on my 8,Help_Tinnitus,F5_stt:merge_boundary+homophone,,,,,,
you help me intercepta fall alert,Help_FallAlert,F5_stt:drop_function_word+merge_boundary,,,,,,
uh can you start streamin,Cmd.StreamingStart,F5_stt:homophone+filler,,,,,,
um can you office programme,Cmd.MemoryChange,F5_stt:filler+homophone,,,,,,
um please make it stretchy like,Default Fallback Intent,F5_stt:filler+truncate_tail,,,,,,
uh make my phonering,Cmd.FindMyPhone,F5_stt:merge_boundary+filler,,,,,,
uh what does changing memorydo,Help_ChangingMemories,F5_stt:merge_boundary+filler,,,,,,
uh can you switch to school pro gram,Cmd.MemoryChange,F5_stt:homophone+filler,,,,,,
er start tvstream,Cmd.StreamingStart,F5_stt:filler+merge_boundary,,,,,,
pleaseswitch to television mammary,Cmd.MemoryChange,F5_stt:merge_boundary+homophone,,,,,,
help with tinnituvolume adjustment on my aids,Help_Tinnitus,F5_stt:drop_plural+merge_boundary,,,,,,
how doi save setting on edg mode,Help_EdgeMode,F5_stt:merge_boundary+homophone,,,,,,
can you re mind me ofmy appointment,reminders.add,F5_stt:merge_boundary+homophone,,,,,,
since my letter needs to,Default Fallback Intent,F5_stt:merge_boundary+truncate_tail,,,,,,
show standcount,Cmd.ActivityStand,F5_stt:drop_function_word+merge_boundary,,,,,,
canyou tern off alarm,Default Fallback Intent,F5_stt:homophone+merge_boundary,,,,,,
um please set memory everyday,Cmd.MemoryChange,F5_stt:filler+drop_function_word,,,,,,
er please tap and then you see like restaurant where you as a questionsure you can set it to different mode so you can hear better,Default Fallback Intent,F5_stt:filler+merge_boundary,,,,,,
translate how much do i owe you,Cmd.TranslationStart,F5_stt:truncate_tail+drop_function_word,,,,,,
um send massage,Cmd.SendMessage,F5_stt:filler+homophone,,,,,,
er can you switch to home pro gram,Cmd.MemoryChange,F5_stt:homophone+filler,,,,,,
set tohome programme,Cmd.MemoryChange,F5_stt:merge_boundary+homophone,,,,,,
uh change program tofour,Cmd.MemoryChange,F5_stt:merge_boundary+filler,,,,,,
um please set program noise,Cmd.MemoryChange,F5_stt:drop_function_word+filler,,,,,,
er begin amessage,Cmd.SendMessage,F5_stt:filler+merge_boundary,,,,,,
er can i use a lapel mic with my,Help_Accessories,F5_stt:truncate_tail+filler,,,,,,
er find the missingaid,Help_FindMyHearingAids,F5_stt:merge_boundary+filler,,,,,,
um detect iphone,Cmd.FindMyPhone,F5_stt:filler,,,,,,
um can you walk me through,Default Fallback Intent,F5_stt:filler+truncate_tail,,,,,,
can i activate default setting on the hearing aide,Help_DeviceSettings,F5_stt:homophone+drop_plural,,,,,,
uh please switchto kitchen memory,Cmd.MemoryChange,F5_stt:merge_boundary+filler,,,,,,
please switchmute,Cmd.MemoryChange,F5_stt:drop_function_word+merge_boundary,,,,,,
er whatis available with the advanced app,Help_AppSettings,F5_stt:filler+merge_boundary,,,,,,
uh belittle friend sharon dell one personal check your music from others definition only find,Default Fallback Intent,F5_stt:drop_function_word+filler,,,,,,
geta massage out,Cmd.SendMessage,F5_stt:merge_boundary+homophone,,,,,,
guide me onthe voice assistant,Help_VoiceAssistant,F5_stt:truncate_tail+merge_boundary,,,,,,
er hearing aids are not sounding right,Help_DeviceSettings,F5_stt:filler+drop_function_word,,,,,,
translate forrussian,Cmd.TranslationStart,F5_stt:drop_function_word+merge_boundary,,,,,,
uh can you i want to talk to my,Help_RemoteProgramming,F5_stt:truncate_tail+filler,,,,,,
uh this soundstoo loud,Cmd.VolumeDecrease,F5_stt:merge_boundary+filler,,,,,,
can you change kitchen memery,Cmd.MemoryChange,F5_stt:homophone+drop_function_word,,,,,,
uh how do i manage tinnitus,Help_Tinnitus,F5_stt:filler+drop_function_word,,,,,,
um can you change to telephoneprogram,Cmd.MemoryChange,F5_stt:merge_boundary+filler,,,,,,
uh ears are taking a beating,Cmd.VolumeDecrease,F5_stt:drop_function_word+filler,,,,,,
uh whatimprovements are new,Help_WhatsNew,F5_stt:merge_boundary+filler,,,,,,
how will i know when theaudiologist adjusted the,Help_RemoteProgramming,F5_stt:truncate_tail+merge_boundary,,,,,,
er german one of the translation options,Help_Translate,F5_stt:drop_function_word+filler,,,,,,
um can you changeto restaurant,Cmd.MemoryChange,F5_stt:merge_boundary+filler,,,,,,
can you showme my step,Cmd.ActivityStep,F5_stt:merge_boundary+truncate_tail,,,,,,
uh what does recovery score mean,Help_HeartRateRecovery,F5_stt:drop_function_word+filler,,,,,,
er batterycharge remaining,Cmd.BatteryLevel,F5_stt:filler+merge_boundary,,,,,,
um help with accessorie,Help_Accessories,F5_stt:drop_plural+filler,,,,,,
um how the kind score calculated,Help_ThriveScore,F5_stt:filler+drop_function_word,,,,,,
er memery three,Cmd.MemoryChange,F5_stt:filler+homophone,,,,,,
it was pitch blackout in the store,Default Fallback Intent,F5_stt:drop_function_word+merge_boundary,,,,,,
er whichlanguages does translation support,Help_Translate,F5_stt:merge_boundary+filler,,,,,,
showme exercise goal,Cmd.ActivityExercise,F5_stt:drop_function_word+merge_boundary,,,,,,
um what is a remind her,Help_Reminder,F5_stt:filler+homophone,,,,,,
uh pleasehelp with changing memories on my aids,Help_ChangingMemories,F5_stt:filler+merge_boundary,,,,,,
er can you calorie biking,Cmd.ActivityCycle,F5_stt:filler+drop_plural,,,,,,
um why am inot getting any sound,Help_Volume,F5_stt:filler+merge_boundary,,,,,,
how do i adjust the volumn on hearing aid,Help_Volume,F5_stt:drop_function_word+homophone,,,,,,
can setto car program,Cmd.MemoryChange,F5_stt:merge_boundary+drop_function_word,,,,,,
er do not let me forget to water flowers at 7 a m,reminders.add,F5_stt:truncate_tail+filler,,,,,,
canyou change program four,Cmd.MemoryChange,F5_stt:merge_boundary+drop_function_word,,,,,,
uh volum quieter,Cmd.VolumeDecrease,F5_stt:filler+homophone,,,,,,
uh can set reminder to 5 p m,reminders.add,F5_stt:filler+drop_function_word,,,,,,
er let me hear my,Cmd.StreamingStart,F5_stt:filler+truncate_tail,,,,,,
can you by time khan academy,Default Fallback Intent,F5_stt:truncate_tail+drop_function_word,,,,,,
setmemory to television,Cmd.MemoryChange,F5_stt:merge_boundary+drop_function_word,,,,,,
er in crease volume,Cmd.VolumeIncrease,F5_stt:homophone+filler,,,,,,
er can you listen to the,Cmd.StreamingStart,F5_stt:filler+truncate_tail,,,,,,
please findsong,Default Fallback Intent,F5_stt:drop_function_word+merge_boundary,,,,,,
um what isthe problem,Default Fallback Intent,F5_stt:merge_boundary+filler,,,,,,
er howshould the aid sit in my ear,Help_InsertDevice,F5_stt:merge_boundary+filler,,,,,,
uh change memory tocrowd,Cmd.MemoryChange,F5_stt:merge_boundary+filler,,,,,,
uh take my aids off,Cmd.VolumeUnmute,F5_stt:filler+truncate_tail,,,,,,
set 100 volumn,Cmd.VolumeIncrease,F5_stt:drop_function_word+homophone,,,,,,
how do iaccess trans cribe,Help_Transcribe,F5_stt:merge_boundary+homophone,,,,,,
um where did i putmy left aid,Help_FindMyHearingAids,F5_stt:merge_boundary+filler,,,,,,
um how do i reset all my memorie,Help_MemoryOptions,F5_stt:drop_plural+filler,,,,,,
explain how translation work on aids,Help_Translate,F5_stt:drop_function_word+drop_plural,,,,,,
er how much walking have i done this,Cmd.ActivityWalk,F5_stt:truncate_tail+filler,,,,,,
how do i add car,Help_DeviceSettings,F5_stt:truncate_tail+drop_function_word,,,,,,
er remaining batter e,Cmd.BatteryLevel,F5_stt:homophone+filler,,,,,,
change programworship,Cmd.MemoryChange,F5_stt:drop_function_word+merge_boundary,,,,,,
uh what can the reminder feature,Help_Reminder,F5_stt:filler+truncate_tail,,,,,,
uh pleaseself check failed,Help_SelfCheck,F5_stt:filler+merge_boundary,,,,,,
how do i decrease the volume onthe aides,Help_Volume,F5_stt:homophone+merge_boundary,,,,,,
switch to personalprogram,Cmd.MemoryChange,F5_stt:merge_boundary+drop_function_word,,,,,,
uh how do i pair my hearing aids to my foam,Help_Pairing,F5_stt:filler+homophone,,,,,,
um how doi exit edge mode,Help_EdgeMode,F5_stt:merge_boundary+filler,,,,,,
erset to worship memory,Cmd.MemoryChange,F5_stt:filler+merge_boundary,,,,,,
uh please media find us wherever you get your,Default Fallback Intent,F5_stt:filler+truncate_tail,,,,,,
erschool setting,Cmd.MemoryChange,F5_stt:filler+merge_boundary,,,,,,
change programme to four,Cmd.MemoryChange,F5_stt:drop_function_word+homophone,,,,,,
uh can you remind me to call,reminders.add,F5_stt:filler+homophone,,,,,,
um can the stage sign,Default Fallback Intent,F5_stt:drop_function_word+filler,,,,,,
how do i check myradiator see if it is working,Default Fallback Intent,F5_stt:merge_boundary+drop_function_word,,,,,,
um telehear,Help_HearingCareAnywhereConnect,F5_stt:filler,,,,,,
please change outdoor,Cmd.MemoryChange,F5_stt:drop_plural+drop_function_word,,,,,,
whatdo all these buttons,Help_Home,F5_stt:truncate_tail+merge_boundary,,,,,,
er can you play tv scream,Cmd.StreamingStart,F5_stt:homophone+filler,,,,,,
um stop mutingnow,Cmd.VolumeUnmute,F5_stt:filler+merge_boundary,,,,,,
uhswitch to restaurant memory,Cmd.MemoryChange,F5_stt:filler+merge_boundary,,,,,,
er switchto pub,Cmd.MemoryChange,F5_stt:filler+merge_boundary,,,,,,
uh howdo i remove wax,Help_CleanCare,F5_stt:merge_boundary+filler,,,,,,
er how do i put this left hearing aid,Help_InsertDevice,F5_stt:filler+truncate_tail,,,,,,
uh listento the tv,Cmd.StreamingStart,F5_stt:merge_boundary+filler,,,,,,
er i misplaced aids,Help_FindMyHearingAids,F5_stt:filler+drop_function_word,,,,,,
er i need to pair the hearing aids with the,Help_Pairing,F5_stt:filler+truncate_tail,,,,,,
er how do i change to another memory on aid,Help_ChangingMemories,F5_stt:drop_function_word+filler,,,,,,
uh can you program numberthree,Cmd.MemoryChange,F5_stt:merge_boundary+filler,,,,,,
um can you i cannot remember where my left aid,Help_FindMyHearingAids,F5_stt:filler+drop_function_word,,,,,,
um i am missing half the,Cmd.VolumeIncrease,F5_stt:truncate_tail+filler,,,,,,
remind me to wake up,reminders.add,F5_stt:truncate_tail+drop_function_word,,,,,,
just findingduncan',Default Fallback Intent,F5_stt:drop_plural+merge_boundary,,,,,,
can switch program tocar,Cmd.MemoryChange,F5_stt:drop_function_word+merge_boundary,,,,,,
uh can you remind me to refill prescription tomorrow,reminders.add,F5_stt:homophone+filler,,,,,,
er what is good morningin russian,Cmd.TranslationStart,F5_stt:merge_boundary+filler,,,,,,
er how do inavigate,Help_Home,F5_stt:filler+merge_boundary,,,,,,
can youswitch to auditorium,Cmd.MemoryChange,F5_stt:truncate_tail+merge_boundary,,,,,,
um can find android phone,Cmd.FindMyPhone,F5_stt:drop_function_word+filler,,,,,,
set pro gram to golf,Cmd.MemoryChange,F5_stt:homophone+drop_function_word,,,,,,
er i need tell someone something,Cmd.SendMessage,F5_stt:filler+drop_function_word,,,,,,
wendy's double tappedit and has not,Default Fallback Intent,F5_stt:truncate_tail+merge_boundary,,,,,,
please help with changing pro gram on my aids,Help_ChangingMemories,F5_stt:drop_plural+homophone,,,,,,
end thetv link to my 8s,Cmd.StreamingStop,F5_stt:merge_boundary+homophone,,,,,,
howdo i change the loudness on the aides,Help_Volume,F5_stt:homophone+merge_boundary,,,,,,
dial in mode for traffic,Cmd.MemoryChange,F5_stt:drop_function_word+truncate_tail,,,,,,
whatare my option,Help_Home,F5_stt:drop_plural+merge_boundary,,,,,,
whatis the difference between an iphone and an android fone,Default Fallback Intent,F5_stt:merge_boundary+homophone,,,,,,
er can you set reminder for me,reminders.add,F5_stt:drop_plural+filler,,,,,,
uh please tern off alarm,Default Fallback Intent,F5_stt:filler+homophone,,,,,,
um opentranslation,Cmd.TranslationStart,F5_stt:filler+merge_boundary,,,,,,
please remind me to turn the light on at 8 p,reminders.add,F5_stt:drop_plural+truncate_tail,,,,,,
er settingthree,Cmd.MemoryChange,F5_stt:filler+merge_boundary,,,,,,
um how do i adjust the volume on just theleft hearing aid,Help_Volume,F5_stt:filler+merge_boundary,,,,,,
er voiceai,Help_IntelliVoice,F5_stt:filler+merge_boundary,,,,,,
can i cannot find my hearing,Help_FindMyHearingAids,F5_stt:truncate_tail+drop_function_word,,,,,,
uh how do you makeit,Default Fallback Intent,F5_stt:merge_boundary+filler,,,,,,
how do i check the connection status of my hearing,Help_Pairing,F5_stt:homophone+truncate_tail,,,,,,
um i would like soundagain please,Cmd.VolumeUnmute,F5_stt:merge_boundary+filler,,,,,,
too much volumnright now,Cmd.VolumeDecrease,F5_stt:homophone+merge_boundary,,,,,,
turn off sourceplugs,Default Fallback Intent,F5_stt:merge_boundary+drop_function_word,,,,,,
how doi turned,Default Fallback Intent,F5_stt:homophone+merge_boundary,,,,,,
can help for transcribed,Help_Transcribe,F5_stt:homophone+drop_function_word,,,,,,
connect right hearing 8,Help_Pairing,F5_stt:homophone+drop_function_word,,,,,,
er how do i measure heart rate,Help_HeartRate,F5_stt:filler+drop_function_word,,,,,,
why do batterie die quickly in aids,Help_Battery,F5_stt:drop_function_word+drop_plural,,,,,,
um please switch personal,Cmd.MemoryChange,F5_stt:filler+drop_function_word,,,,,,
um everything is way tooloud,Cmd.VolumeDecrease,F5_stt:merge_boundary+filler,,,,,,
how do i change mymini remote,Help_Accessories,F5_stt:merge_boundary+truncate_tail,,,,,,
ummy telephone my,Default Fallback Intent,F5_stt:filler+merge_boundary,,,,,,
er please increase left hearing aid,Cmd.VolumeIncrease,F5_stt:drop_function_word+filler,,,,,,
i use soap to clean my hearing,Help_CleanCare,F5_stt:drop_function_word+truncate_tail,,,,,,
change restaurant mammary,Cmd.MemoryChange,F5_stt:homophone+drop_function_word,,,,,,
uh help with ipro score,Help_ThriveScore,F5_stt:drop_function_word+filler,,,,,,
pro gramnumber three,Cmd.MemoryChange,F5_stt:homophone+merge_boundary,,,,,,
how do i adjust my loudness of the tinnitus volume on,Help_Tinnitus,F5_stt:drop_function_word+truncate_tail,,,,,,
um can you i need a reminder for,reminders.add,F5_stt:truncate_tail+filler,,,,,,
start streamin remote to hearing aids,Cmd.StreamingStart,F5_stt:homophone+drop_function_word,,,,,,
how do i enable double tap on,Help_DeviceSettings,F5_stt:truncate_tail+drop_function_word,,,,,,
um ek divas jam tosend the money,Default Fallback Intent,F5_stt:merge_boundary+filler,,,,,,
uh can stream from the remote microphone,Cmd.StreamingStart,F5_stt:filler+drop_function_word,,,,,,
er tern down my hearing aids,Cmd.VolumeDecrease,F5_stt:homophone+filler,,,,,,
er please change setting two,Cmd.MemoryChange,F5_stt:drop_function_word+filler,,,,,,
er setto tight,Default Fallback Intent,F5_stt:merge_boundary+filler,,,,,,
tern off my left aid,Cmd.VolumeMute,F5_stt:drop_function_word+homophone,,,,,,
you i will see you then you help,Default Fallback Intent,F5_stt:truncate_tail+drop_function_word,,,,,,
er trim thevolume,Cmd.VolumeDecrease,F5_stt:merge_boundary+filler,,,,,,
what translationlanguage are offered,Help_Translate,F5_stt:drop_plural+merge_boundary,,,,,,
i getthrough today,Cmd.BatteryLevel,F5_stt:merge_boundary+drop_function_word,,,,,,
er how do iaccess virtual assistant,Help_VoiceAssistant,F5_stt:merge_boundary+filler,,,,,,
remind about busines meeting every monday at 4 p m,reminders.add,F5_stt:drop_plural+homophone,,,,,,
um please locate hearing aid,Help_FindMyHearingAids,F5_stt:filler+drop_function_word,,,,,,
how do i adjust my loudnes of the tinitis masker on my aid,Help_Tinnitus,F5_stt:homophone+drop_plural,,,,,,
uh please find android foam,Cmd.FindMyPhone,F5_stt:filler+homophone,,,,,,
er send voice massage,Cmd.SendMessage,F5_stt:homophone+filler,,,,,,
how do i improvemy recovery,Help_HeartRateRecovery,F5_stt:merge_boundary+truncate_tail,,,,,,
where do i find the drive,Help_VoiceAssistant,F5_stt:homophone+truncate_tail,,,,,,
setto personal memery,Cmd.MemoryChange,F5_stt:merge_boundary+homophone,,,,,,
uh inserting hearin aids help,Help_InsertDevice,F5_stt:homophone+filler,,,,,,
um environment sounds harsh,Cmd.VolumeDecrease,F5_stt:filler+drop_function_word,,,,,,
uh does it catch fall,Help_FallAlert,F5_stt:filler+drop_function_word,,,,,,
send quick massage,Cmd.SendMessage,F5_stt:homophone+drop_function_word,,,,,,
er completely,Default Fallback Intent,F5_stt:filler,,,,,,
er tuesday,Default Fallback Intent,F5_stt:filler,,,,,,
uh decreasevolume,Cmd.VolumeDecrease,F5_stt:filler+merge_boundary,,,,,,
er everyday,reminders.add,F5_stt:filler,,,,,,
how many calorie have i used while,Cmd.ActivityCycle,F5_stt:truncate_tail+homophone,,,,,,
um please show me my stepgoal,Cmd.ActivityStep,F5_stt:filler+merge_boundary,,,,,,
uh can you android phone listen to spotify,Default Fallback Intent,F5_stt:drop_function_word+filler,,,,,,
remind me todrink water today,reminders.add,F5_stt:homophone+merge_boundary,,,,,,
uh please pretty sure that is mine but i cannot put it on,Default Fallback Intent,F5_stt:truncate_tail+filler,,,,,,
um how do i usehearshare,Help_HearShare,F5_stt:filler+merge_boundary,,,,,,
tern streaming offnow,Cmd.StreamingStop,F5_stt:homophone+merge_boundary,,,,,,
er how do i change the volumn of the accessories,Help_Accessories,F5_stt:filler+homophone,,,,,,
please changeprogram number two,Cmd.MemoryChange,F5_stt:merge_boundary+drop_function_word,,,,,,
um turn on the volume in left hearing aid,Cmd.VolumeUnmute,F5_stt:drop_function_word+filler,,,,,,
um can you change to,Cmd.MemoryChange,F5_stt:filler+truncate_tail,,,,,,
latest reminderdone,reminders.complete,F5_stt:drop_function_word+merge_boundary,,,,,,
can you play last push,Cmd.ListenMessage,F5_stt:merge_boundary+truncate_tail,,,,,,
can you set to moot,Cmd.MemoryChange,F5_stt:truncate_tail+homophone,,,,,,
uh set to office pro gram,Cmd.MemoryChange,F5_stt:filler+homophone,,,,,,
howmany burned calorie today,Cmd.ActivityCalories,F5_stt:drop_plural+merge_boundary,,,,,,
er can youchange to meeting program,Cmd.MemoryChange,F5_stt:filler+merge_boundary,,,,,,
um where remote programming,Help_RemoteProgramming,F5_stt:drop_function_word+filler,,,,,,
how doi unpair accessory,Help_Accessories,F5_stt:drop_function_word+merge_boundary,,,,,,
what does thecro do,Help_WiCROS,F5_stt:merge_boundary+drop_plural,,,,,,
er stopstreaming audio,Cmd.StreamingStop,F5_stt:merge_boundary+filler,,,,,,
uh notify me when time comes,reminders.add,F5_stt:drop_function_word+filler,,,,,,
uh turn the level ep,Cmd.VolumeIncrease,F5_stt:homophone+filler,,,,,,
how will i know when my herring care specialist adjusted my,Help_RemoteProgramming,F5_stt:homophone+truncate_tail,,,,,,
um can you voiceai,Help_IntelliVoice,F5_stt:merge_boundary+filler,,,,,,
can you re mind me of meeting on the 27th of august,reminders.add,F5_stt:homophone+drop_function_word,,,,,,
transcribethi meeting,Cmd.TranscribeStart,F5_stt:merge_boundary+drop_plural,,,,,,
can you i would like know the average airspeed of an unburdened,Default Fallback Intent,F5_stt:drop_function_word+truncate_tail,,,,,,
um what is wrong with my hearing aid nearme,Help_SelfCheck,F5_stt:filler+merge_boundary,,,,,,
please helpme find my 8,Help_FindMyHearingAids,F5_stt:merge_boundary+homophone,,,,,,
show mequick guide,Help_WhatsNew,F5_stt:drop_function_word+merge_boundary,,,,,,
er help with brain score,Help_ThriveScore,F5_stt:drop_function_word+filler,,,,,,
uh send audiomessage,Cmd.SendMessage,F5_stt:merge_boundary+filler,,,,,,
what voice assistant,Help_VoiceAssistant,F5_stt:merge_boundary+drop_plural,,,,,,
uh make hearing aids louder,Cmd.VolumeIncrease,F5_stt:drop_function_word+filler,,,,,,
er can you memorysettings,Help_MemoryOptions,F5_stt:filler+merge_boundary,,,,,,
er tell me about edg mode,Help_EdgeMode,F5_stt:homophone+filler,,,,,,
how do i adjust cros balance on the,Help_WiCROS,F5_stt:truncate_tail+drop_function_word,,,,,,
er please switch to mask pro gram,Cmd.MemoryChange,F5_stt:homophone+filler,,,,,,
whereare fitness goals,Help_Health,F5_stt:drop_function_word+merge_boundary,,,,,,
switch mammary totrain,Cmd.MemoryChange,F5_stt:homophone+merge_boundary,,,,,,
why is my lefthearing 8,Default Fallback Intent,F5_stt:merge_boundary+homophone,,,,,,
turn hearin aid down,Cmd.VolumeDecrease,F5_stt:drop_function_word+homophone,,,,,,
uh how do i get better engagement score,Help_ThriveScore,F5_stt:drop_plural+filler,,,,,,
er can you check them off like pink,Default Fallback Intent,F5_stt:truncate_tail+filler,,,,,,
um please my hearing aids havetoo much treble,Help_Customize,F5_stt:filler+merge_boundary,,,,,,
can you set to quietprogramme,Cmd.MemoryChange,F5_stt:homophone+merge_boundary,,,,,,
switch memeryto one,Cmd.MemoryChange,F5_stt:homophone+merge_boundary,,,,,,
er set a reminder to drink water,reminders.add,F5_stt:truncate_tail+filler,,,,,,
er give me anoverview of the app,Help_Home,F5_stt:filler+merge_boundary,,,,,,
um what can i do with basic app,Help_AppSettings,F5_stt:filler+drop_function_word,,,,,,
uh i want to reachsomeone,Cmd.SendMessage,F5_stt:merge_boundary+filler,,,,,,
uh can you setto gym program,Cmd.MemoryChange,F5_stt:merge_boundary+filler,,,,,,
uh am i close my aerobics goal,Cmd.ActivityAerobics,F5_stt:drop_function_word+filler,,,,,,
helpme figure out app,Help_Home,F5_stt:drop_function_word+merge_boundary,,,,,,
um how to add another person on,Help_HearShare,F5_stt:filler+truncate_tail,,,,,,
uh how do i change to another pro gram on the aid,Help_ChangingMemories,F5_stt:homophone+filler,,,,,,
how do i stoppandora from playing on my hearing 8s,Default Fallback Intent,F5_stt:merge_boundary+homophone,,,,,,
uh connect streamingaudio,Cmd.StreamingStart,F5_stt:merge_boundary+filler,,,,,,
pleasetake a look at a,Default Fallback Intent,F5_stt:merge_boundary+truncate_tail,,,,,,
uh track my bikeride,Cmd.ActivityCycle,F5_stt:merge_boundary+filler,,,,,,
what adjustment i make on the main screen,Help_Home,F5_stt:drop_function_word+drop_plural,,,,,,
please remember turn thelights on at 8 p m,reminders.add,F5_stt:drop_function_word+merge_boundary,,,,,,
set pro gram master,Cmd.MemoryChange,F5_stt:homophone+drop_function_word,,,,,,
um tap and then you see like restaurant where you as a question sure you can set it to different modeso you can hear better,Default Fallback Intent,F5_stt:filler+merge_boundary,,,,,,
er my ears keep ringing what i do,Help_Tinnitus,F5_stt:drop_function_word+filler,,,,,,
can you turned my righthearing aid up,Cmd.VolumeIncrease,F5_stt:homophone+merge_boundary,,,,,,
uh help me understand hedge mode,Help_EdgeMode,F5_stt:filler+homophone,,,,,,
um make lost phone beep,Cmd.FindMyPhone,F5_stt:drop_function_word+filler,,,,,,
how do i measure heart rate,Help_HeartRateRecovery,F5_stt:truncate_tail+drop_function_word,,,,,,
uh connect remote mic accessory,Help_Accessories,F5_stt:filler+drop_function_word,,,,,,
whatpercentage remain,Cmd.BatteryLevel,F5_stt:merge_boundary+drop_plural,,,,,,
can you set programme number one,Cmd.MemoryChange,F5_stt:homophone+drop_function_word,,,,,,
can searchphone,Cmd.FindMyPhone,F5_stt:drop_function_word+merge_boundary,,,,,,
can you changeto speech pro gram,Cmd.MemoryChange,F5_stt:homophone+merge_boundary,,,,,,
whatare the new features in the hearing 8,Help_WhatsNew,F5_stt:merge_boundary+homophone,,,,,,
uh iam going cycling,Cmd.ActivityCycle,F5_stt:merge_boundary+filler,,,,,,
er can you set program to,Cmd.MemoryChange,F5_stt:truncate_tail+filler,,,,,,
um how do iget more information on the brain score,Help_ThriveScore,F5_stt:filler+merge_boundary,,,,,,
canyou scream,Cmd.StreamingStart,F5_stt:homophone+merge_boundary,,,,,,
um iwant less volume,Cmd.VolumeDecrease,F5_stt:merge_boundary+filler,,,,,,
er what is remaining charge,Cmd.BatteryLevel,F5_stt:filler+drop_function_word,,,,,,
can you onlyif it is not a problem for,Default Fallback Intent,F5_stt:merge_boundary+truncate_tail,,,,,,
um how to set a,Help_Reminder,F5_stt:filler+truncate_tail,,,,,,
can you girls do that i want go to,Default Fallback Intent,F5_stt:drop_function_word+truncate_tail,,,,,,
um what doesthe self check do,Help_SelfCheck,F5_stt:merge_boundary+filler,,,,,,
er send aquick update,Cmd.SendMessage,F5_stt:merge_boundary+filler,,,,,,
er please it is busy being,Default Fallback Intent,F5_stt:filler+truncate_tail,,,,,,
send update tosomeone,Cmd.SendMessage,F5_stt:merge_boundary+drop_function_word,,,,,,
um explain how recovery is,Help_HeartRateRecovery,F5_stt:filler+truncate_tail,,,,,,
stop playing the tv through,Cmd.StreamingStop,F5_stt:truncate_tail+drop_function_word,,,,,,
change music mammary,Cmd.MemoryChange,F5_stt:drop_function_word+homophone,,,,,,
um can you restaurant programme,Cmd.MemoryChange,F5_stt:filler+homophone,,,,,,
uh please show me an overview of,Help_WhatsNew,F5_stt:truncate_tail+filler,,,,,,
can remind me at 1 p mthat i have to eat,reminders.add,F5_stt:drop_function_word+merge_boundary,,,,,,
um can you can always add,Default Fallback Intent,F5_stt:filler+drop_function_word,,,,,,
uh the sounds feels distant,Cmd.VolumeIncrease,F5_stt:homophone+filler,,,,,,
but they live here i remember when jerry told,Default Fallback Intent,F5_stt:drop_function_word+truncate_tail,,,,,,
er myhearing aids disconnected reconnect them,Help_Pairing,F5_stt:merge_boundary+filler,,,,,,
view heart ratedata,Help_HeartRate,F5_stt:merge_boundary+drop_function_word,,,,,,
switch mammary four,Cmd.MemoryChange,F5_stt:drop_function_word+homophone,,,,,,
er can i listen to adjustments made by the professional,Help_RemoteProgramming,F5_stt:filler+drop_function_word,,,,,,
show me user manual formy,Help_Accessories,F5_stt:merge_boundary+truncate_tail,,,,,,
help me find my herring,Help_FindMyHearingAids,F5_stt:homophone+truncate_tail,,,,,,
uh getting customersexactly with a free wireless,Default Fallback Intent,F5_stt:filler+merge_boundary,,,,,,
help with pairingthe aids with the,Help_Pairing,F5_stt:merge_boundary+truncate_tail,,,,,,
howdo i change memorie on my aid,Help_ChangingMemories,F5_stt:drop_plural+merge_boundary,,,,,,
uh please value on left aid,Cmd.VolumeUnmute,F5_stt:filler+homophone,,,,,,
um lower the volumn,Cmd.VolumeDecrease,F5_stt:homophone+filler,,,,,,
let me hear remote,Cmd.StreamingStart,F5_stt:truncate_tail+drop_function_word,,,,,,
uh change memory quiet,Cmd.MemoryChange,F5_stt:drop_function_word+filler,,,,,,
set up a remote session with,Help_HearingCareAnywhereConnect,F5_stt:truncate_tail+drop_function_word,,,,,,
uh how do i personalize hearing aid memories,Help_MemoryOptions,F5_stt:drop_function_word+filler,,,,,,
uh complete reminda,reminders.complete,F5_stt:homophone+filler,,,,,,
er change setting tonumber three,Cmd.MemoryChange,F5_stt:merge_boundary+filler,,,,,,
um turned off source plugs,Default Fallback Intent,F5_stt:filler+homophone,,,,,,
um how does intelligentvoice work,Help_IntelliVoice,F5_stt:filler+merge_boundary,,,,,,
er its toloud,Cmd.VolumeDecrease,F5_stt:merge_boundary+filler,,,,,,
uh where do i see heart rate trends,Help_HeartRate,F5_stt:filler+drop_function_word,,,,,,
uh switch to theater memery,Cmd.MemoryChange,F5_stt:filler+homophone,,,,,,
uh please set remind her for tomorrow morning,reminders.add,F5_stt:homophone+filler,,,,,,
tips tomake my batteries last,Help_Battery,F5_stt:truncate_tail+merge_boundary,,,,,,
uh this reminder complete,reminders.complete,F5_stt:drop_function_word+filler,,,,,,
er everyweek,reminders.add,F5_stt:filler+merge_boundary,,,,,,
um switch to personal pro gram,Cmd.MemoryChange,F5_stt:filler+homophone,,,,,,
how do i fine tune my sounds,Help_Customize,F5_stt:homophone+truncate_tail,,,,,,
can take alook at a distance,Default Fallback Intent,F5_stt:drop_function_word+merge_boundary,,,,,,
please decrease the volume in,Cmd.VolumeDecrease,F5_stt:drop_function_word+truncate_tail,,,,,,
canyou set mammary to golf,Cmd.MemoryChange,F5_stt:homophone+merge_boundary,,,,,,
uh it is on,Default Fallback Intent,F5_stt:drop_function_word+filler,,,,,,
youi have lost my hearing aids,Help_FindMyHearingAids,F5_stt:drop_function_word+merge_boundary,,,,,,
um messege a friend,Cmd.SendMessage,F5_stt:filler+homophone,,,,,,
please show me bowl of food for,Default Fallback Intent,F5_stt:drop_plural+truncate_tail,,,,,,
complete latest remind her,reminders.complete,F5_stt:homophone+drop_function_word,,,,,,
uh set to80 volume,Cmd.VolumeIncrease,F5_stt:merge_boundary+filler,,,,,,
er perfect how are thing with you,Default Fallback Intent,F5_stt:filler+drop_plural,,,,,,
um shoot a message someone,Cmd.SendMessage,F5_stt:filler+drop_function_word,,,,,,
er you 148 added to your social security check every month,Default Fallback Intent,F5_stt:filler+drop_function_word,,,,,,
uh bring audio back,Cmd.VolumeUnmute,F5_stt:drop_function_word+filler,,,,,,
pleasephone phone foam phone phone,Default Fallback Intent,F5_stt:merge_boundary+homophone,,,,,,
uh please set to officememory,Cmd.MemoryChange,F5_stt:merge_boundary+filler,,,,,,
um my hearingaid falls out of my ear,Help_InsertDevice,F5_stt:filler+merge_boundary,,,,,,
uh how do iuse reminders,Help_Reminder,F5_stt:filler+merge_boundary,,,,,,
make hearingaids quieter,Cmd.VolumeDecrease,F5_stt:merge_boundary+drop_function_word,,,,,,
volumesetting help,Help_Volume,F5_stt:merge_boundary+drop_plural,,,,,,
can you set remind her to refill prescription tomorrow,reminders.add,F5_stt:homophone+drop_function_word,,,,,,
can you translate howmuch do i owe you spanish,Cmd.TranslationStart,F5_stt:drop_function_word+merge_boundary,,,,,,
there a tv streamin accessory,Help_Accessories,F5_stt:homophone+drop_function_word,,,,,,
uh what does self check,Help_SelfCheck,F5_stt:filler+truncate_tail,,,,,,
um make my surrounding quieter,Cmd.VolumeDecrease,F5_stt:filler+drop_plural,,,,,,
uh what is my hearing aid' serial number,Help_DeviceSettings,F5_stt:drop_plural+filler,,,,,,
um change to auditorium mammary,Cmd.MemoryChange,F5_stt:filler+homophone,,,,,,
uh how do i set my own sound,Help_Customize,F5_stt:filler+truncate_tail,,,,,,
um pleasesync car bluetooth to hearing aid,Help_Pairing,F5_stt:filler+merge_boundary,,,,,,
er you switch to theater,Cmd.MemoryChange,F5_stt:filler+drop_function_word,,,,,,
canthe app translate languages for,Help_Translate,F5_stt:merge_boundary+truncate_tail,,,,,,
er loga walk,Cmd.ActivityWalk,F5_stt:merge_boundary+filler,,,,,,
uh j lo anda rod,Default Fallback Intent,F5_stt:merge_boundary+filler,,,,,,
please create a daily reminda to take medication at 5 p,reminders.add,F5_stt:homophone+truncate_tail,,,,,,
youquick start,Help_WhatsNew,F5_stt:drop_function_word+merge_boundary,,,,,,
you herring aid volume down,Cmd.VolumeDecrease,F5_stt:homophone+drop_function_word,,,,,,
uh howdo i turn off a reminder,Help_Reminder,F5_stt:merge_boundary+filler,,,,,,
um explain my fitnesstracking,Help_Health,F5_stt:merge_boundary+filler,,,,,,
er turn my hearing aids,Cmd.VolumeDecrease,F5_stt:filler+truncate_tail,,,,,,
er track mystanding,Cmd.ActivityStand,F5_stt:merge_boundary+filler,,,,,,
can remind meto exercise today,reminders.add,F5_stt:merge_boundary+drop_function_word,,,,,,
uh how do i testmy left hearing aid,Help_SelfCheck,F5_stt:filler+merge_boundary,,,,,,
uh how do i change memorys on the aid,Help_ChangingMemories,F5_stt:homophone+filler,,,,,,
new reminda eat an apple everyday at 9 a,reminders.add,F5_stt:truncate_tail+homophone,,,,,,
uh how do i deal with sweat on myaids,Help_CleanCare,F5_stt:merge_boundary+filler,,,,,,
send me reminder to leave for work in 10 minute,reminders.add,F5_stt:drop_plural+drop_function_word,,,,,,
the volum too low,Cmd.VolumeIncrease,F5_stt:drop_function_word+homophone,,,,,,
create new remind her,reminders.add,F5_stt:drop_function_word+homophone,,,,,,
uh mask mode setting,Help_MaskMode,F5_stt:drop_plural+filler,,,,,,
uh can you change pub,Cmd.MemoryChange,F5_stt:drop_function_word+filler,,,,,,
uhswitch memory to office,Cmd.MemoryChange,F5_stt:filler+merge_boundary,,,,,,
er how do i know if the herring aids are connected to my thrive app,Help_Pairing,F5_stt:filler+homophone,,,,,,
uh i cannot hear very,Cmd.VolumeIncrease,F5_stt:filler+truncate_tail,,,,,,
er i cannot find my left hearing 8,Help_FindMyHearingAids,F5_stt:homophone+filler,,,,,,
er please set programto mask,Cmd.MemoryChange,F5_stt:merge_boundary+filler,,,,,,
please switch programto number,Cmd.MemoryChange,F5_stt:truncate_tail+merge_boundary,,,,,,
pleaseswitch to speech programme,Cmd.MemoryChange,F5_stt:merge_boundary+homophone,,,,,,
er who getsnotified if i fall,Help_FallAlert,F5_stt:filler+merge_boundary,,,,,,
put massage out,Cmd.SendMessage,F5_stt:homophone+drop_function_word,,,,,,
how much life left in the batter e,Cmd.BatteryLevel,F5_stt:drop_function_word+homophone,,,,,,
why would i use edg,Help_EdgeMode,F5_stt:homophone+truncate_tail,,,,,,
help me find my hearin,Help_FindMyHearingAids,F5_stt:truncate_tail+homophone,,,,,,
um make areminder for me,reminders.add,F5_stt:merge_boundary+filler,,,,,,
what is new in this version of,Help_WhatsNew,F5_stt:drop_function_word+truncate_tail,,,,,,
er latest reminderdone,reminders.complete,F5_stt:merge_boundary+filler,,,,,,
how much life is left in the hearin aid batterie,Cmd.BatteryLevel,F5_stt:homophone+drop_plural,,,,,,
can switch togym,Cmd.MemoryChange,F5_stt:merge_boundary+drop_function_word,,,,,,
uh i am taking walk now,Cmd.ActivityWalk,F5_stt:drop_function_word+filler,,,,,,
what does the tinniti tool do,Help_Tinnitus,F5_stt:homophone+drop_plural,,,,,,
er end tv connection,Cmd.StreamingStop,F5_stt:drop_function_word+filler,,,,,,
uh set me up for concert,Cmd.MemoryChange,F5_stt:drop_function_word+filler,,,,,,
where doi initiate a manual,Help_FallAlert,F5_stt:merge_boundary+truncate_tail,,,,,,
um default,Default Fallback Intent,F5_stt:filler,,,,,,
er please switch setting tonumber four,Cmd.MemoryChange,F5_stt:merge_boundary+filler,,,,,,
um please lexus assembly new,Default Fallback Intent,F5_stt:drop_function_word+filler,,,,,,
make the soundshigher,Cmd.VolumeIncrease,F5_stt:homophone+merge_boundary,,,,,,
uh switchto car,Cmd.MemoryChange,F5_stt:merge_boundary+filler,,,,,,
uh why does the volume on my hearing aid go down nothing,Help_Volume,F5_stt:drop_function_word+filler,,,,,,
um help for telehear,Help_HearingCareAnywhereConnect,F5_stt:filler+merge_boundary,,,,,,
uh change myprogram,Cmd.MemoryChange,F5_stt:merge_boundary+filler,,,,,,
please help with loudness adjustments in my hearing,Help_Volume,F5_stt:homophone+truncate_tail,,,,,,
uh on mute everything,Cmd.VolumeUnmute,F5_stt:filler+homophone,,,,,,
whatis a healthy recovery,Help_HeartRateRecovery,F5_stt:truncate_tail+merge_boundary,,,,,,
uh check my burnedcalories,Cmd.ActivityCalories,F5_stt:merge_boundary+filler,,,,,,
er switch to kitchen mammary,Cmd.MemoryChange,F5_stt:filler+homophone,,,,,,
how doi submit another help,Help_RemoteProgramming,F5_stt:truncate_tail+merge_boundary,,,,,,
um automatic setting,Cmd.MemoryChange,F5_stt:filler,,,,,,
helpme with trans cribe,Help_Transcribe,F5_stt:merge_boundary+homophone,,,,,,
er how do i reset the volume on hearing aids,Help_Volume,F5_stt:filler+drop_function_word,,,,,,
um what affects heartrate recovery,Help_HeartRateRecovery,F5_stt:filler+merge_boundary,,,,,,
how do change my batteries,Help_Battery,F5_stt:drop_function_word+homophone,,,,,,
er gymsetting,Cmd.MemoryChange,F5_stt:filler+merge_boundary,,,,,,
er how will i know when the audiologist adjusted the,Help_RemoteProgramming,F5_stt:truncate_tail+filler,,,,,,
um please remind me to turn off my fone everyday at 11 p m,reminders.add,F5_stt:homophone+filler,,,,,,
er can my hearing aids be set up to an iphone and an ipad at the,Help_Pairing,F5_stt:truncate_tail+filler,,,,,,
please callthe karate pro gram,Default Fallback Intent,F5_stt:merge_boundary+homophone,,,,,,
how do i use the app without hearin aids,Help_DemoMode,F5_stt:homophone+truncate_tail,,,,,,
umswitch listening modes,Cmd.MemoryChange,F5_stt:filler+merge_boundary,,,,,,
er playi am carrying it,Default Fallback Intent,F5_stt:filler+merge_boundary,,,,,,
howdo i go the home,Help_Home,F5_stt:truncate_tail+merge_boundary,,,,,,
um translate their speech intoenglish,Cmd.TranslationStart,F5_stt:merge_boundary+filler,,,,,,
please remind me refill prescription,reminders.add,F5_stt:truncate_tail+drop_function_word,,,,,,
um locate hearing aids,Help_FindMyHearingAids,F5_stt:filler+drop_function_word,,,,,,
er what should i wear,Default Fallback Intent,F5_stt:filler+truncate_tail,,,,,,
er master pro gram,Cmd.MemoryChange,F5_stt:homophone+filler,,,,,,
setgym memory,Cmd.MemoryChange,F5_stt:drop_function_word+merge_boundary,,,,,,
uh how do fall notifications,Help_FallAlert,F5_stt:filler+truncate_tail,,,,,,
um set a reminder pick up prescription today at 5 p m,reminders.add,F5_stt:drop_function_word+filler,,,,,,
everythingsound too quiet,Cmd.VolumeIncrease,F5_stt:merge_boundary+drop_plural,,,,,,
er explain bluetooth pearing,Help_Pairing,F5_stt:filler+homophone,,,,,,
it sound tooloud,Cmd.VolumeDecrease,F5_stt:merge_boundary+drop_plural,,,,,,
er scream tv,Cmd.StreamingStart,F5_stt:filler+homophone,,,,,,
please set memoryto number,Cmd.MemoryChange,F5_stt:truncate_tail+merge_boundary,,,,,,
help hearing aids arenot sounding right,Help_DeviceSettings,F5_stt:drop_function_word+merge_boundary,,,,,,
knock soundback,Cmd.VolumeDecrease,F5_stt:drop_function_word+merge_boundary,,,,,,
uh how do i adjust volume on my remote mic,Help_Accessories,F5_stt:drop_function_word+filler,,,,,,
how do iadjust my tinnitu masker in the left hearing aid,Help_Tinnitus,F5_stt:merge_boundary+drop_plural,,,,,,
wireles streamaudio,Cmd.StreamingStart,F5_stt:drop_plural+merge_boundary,,,,,,
uhturn off tv,Default Fallback Intent,F5_stt:filler+merge_boundary,,,,,,
ertrack my biking,Cmd.ActivityCycle,F5_stt:filler+merge_boundary,,,,,,
uh guide me onintelligent voice,Help_IntelliVoice,F5_stt:filler+merge_boundary,,,,,,
er i wantit louder,Cmd.VolumeIncrease,F5_stt:merge_boundary+filler,,,,,,
remind me about parentteacher meeting on friday,reminders.add,F5_stt:drop_function_word+merge_boundary,,,,,,
er please since you are coming up pretty,Default Fallback Intent,F5_stt:filler+truncate_tail,,,,,,
can help with changing programs on my hearing,Help_ChangingMemories,F5_stt:truncate_tail+drop_function_word,,,,,,
er canyou switch program to train,Cmd.MemoryChange,F5_stt:filler+merge_boundary,,,,,,
pleasestart writing this down for,Cmd.TranscribeStart,F5_stt:truncate_tail+merge_boundary,,,,,,
um can you elsa texasoff huh,Default Fallback Intent,F5_stt:merge_boundary+filler,,,,,,
er please wax build ep,Help_CleanCare,F5_stt:filler+homophone,,,,,,
she keep talking me,Default Fallback Intent,F5_stt:drop_function_word+drop_plural,,,,,,
people sundmuffled and faint,Cmd.VolumeIncrease,F5_stt:homophone+merge_boundary,,,,,,
canyou change to music mammary,Cmd.MemoryChange,F5_stt:merge_boundary+homophone,,,,,,
howdo i reconnect right hearing aid,Help_Pairing,F5_stt:drop_function_word+merge_boundary,,,,,,
how many calorie did i,Cmd.ActivityCalories,F5_stt:truncate_tail+drop_plural,,,,,,
guide me on customizing my,Help_Customize,F5_stt:homophone+truncate_tail,,,,,,
please i got a chica phone if you find her something,Default Fallback Intent,F5_stt:drop_function_word+truncate_tail,,,,,,
uh please help with accessorie,Help_Accessories,F5_stt:drop_plural+filler,,,,,,
um turnmute on,Cmd.VolumeMute,F5_stt:filler+merge_boundary,,,,,,
er help me switch between profile,Help_ChangingMemories,F5_stt:filler+drop_plural,,,,,,
how do i adjust loudness of the tinnitus masker on the hearing,Help_Tinnitus,F5_stt:truncate_tail+drop_function_word,,,,,,
i needhelp pairing aid,Help_Pairing,F5_stt:merge_boundary+drop_function_word,,,,,,
er guide me on remote,Help_RemoteProgramming,F5_stt:filler+truncate_tail,,,,,,
can you set totrain,Cmd.MemoryChange,F5_stt:truncate_tail+merge_boundary,,,,,,
switch mammary restaurant,Cmd.MemoryChange,F5_stt:drop_function_word+homophone,,,,,,
can switch to car mammary,Cmd.MemoryChange,F5_stt:drop_function_word+homophone,,,,,,
howdo i change steps goals from monthly to daily,Help_Health,F5_stt:drop_function_word+merge_boundary,,,,,,
um please make volumelower,Cmd.VolumeDecrease,F5_stt:merge_boundary+filler,,,,,,
can you switch outdoor memory,Cmd.MemoryChange,F5_stt:drop_function_word+drop_plural,,,,,,
er can you find the product name hearin aids starkly,Help_DeviceSettings,F5_stt:filler+homophone,,,,,,
148 added your social security check every,Default Fallback Intent,F5_stt:drop_function_word+truncate_tail,,,,,,
er please i cannot hear,Default Fallback Intent,F5_stt:drop_function_word+filler,,,,,,
switch television mammary,Cmd.MemoryChange,F5_stt:homophone+drop_function_word,,,,,,
silencemy hearing aides,Cmd.VolumeMute,F5_stt:merge_boundary+homophone,,,,,,
er canyou dial,Default Fallback Intent,F5_stt:merge_boundary+filler,,,,,,
when do i cancelan alert text,Help_FallAlert,F5_stt:truncate_tail+merge_boundary,,,,,,
umhelp with remote programming,Help_RemoteProgramming,F5_stt:filler+merge_boundary,,,,,,
um switch to car,Cmd.MemoryChange,F5_stt:drop_function_word+filler,,,,,,
do not let me forget pay the rent,reminders.add,F5_stt:drop_function_word+truncate_tail,,,,,,
uh howto do self check,Help_SelfCheck,F5_stt:merge_boundary+filler,,,,,,
er where do ifind transcription,Help_Transcribe,F5_stt:merge_boundary+filler,,,,,,
uh can you kitchenmemory,Cmd.MemoryChange,F5_stt:merge_boundary+filler,,,,,,
uh help with app configuration,Help_AppSettings,F5_stt:filler+drop_function_word,,,,,,
er put the tv sounds in my ears,Cmd.StreamingStart,F5_stt:homophone+filler,,,,,,
er restaurantnear me,Default Fallback Intent,F5_stt:filler+merge_boundary,,,,,,
er how do i setup google assistant,Help_VoiceAssistant,F5_stt:filler+merge_boundary,,,,,,
uh how do i change my automatic setting,Help_DeviceSettings,F5_stt:homophone+filler,,,,,,
how should i store my 8s,Help_CleanCare,F5_stt:truncate_tail+homophone,,,,,,
i need to disconnect my hearing aid from,Help_Pairing,F5_stt:drop_function_word+truncate_tail,,,,,,
uh please start recording for,Cmd.TranscribeStart,F5_stt:filler+truncate_tail,,,,,,
change worshipprogram,Cmd.MemoryChange,F5_stt:drop_function_word+merge_boundary,,,,,,
sentence withmore,Default Fallback Intent,F5_stt:merge_boundary+drop_plural,,,,,,
where would i intercept an alert messege,Help_FallAlert,F5_stt:homophone+truncate_tail,,,,,,
can you it is too low turned it,Cmd.VolumeIncrease,F5_stt:homophone+truncate_tail,,,,,,
um can you decrease the value,Cmd.VolumeDecrease,F5_stt:filler+homophone,,,,,,
um what hardware i add,Help_Accessories,F5_stt:drop_function_word+filler,,,,,,
er when would i hear alertsent,Help_FallAlert,F5_stt:filler+merge_boundary,,,,,,
what can thisapp do for,Help_Home,F5_stt:merge_boundary+truncate_tail,,,,,,
how do i know if my hearin aid is,Help_SelfCheck,F5_stt:homophone+truncate_tail,,,,,,
um change to tinnitu,Cmd.MemoryChange,F5_stt:drop_plural+filler,,,,,,
uh how do i turn thrive,Help_Home,F5_stt:filler+truncate_tail,,,,,,
uh remind me on weekend,reminders.add,F5_stt:filler+homophone,,,,,,
tern speechinto text,Cmd.TranscribeStart,F5_stt:homophone+merge_boundary,,,,,,
how do i know if the hearing aids are paired to my,Help_Pairing,F5_stt:homophone+truncate_tail,,,,,,
can you change setting number,Cmd.MemoryChange,F5_stt:drop_function_word+truncate_tail,,,,,,
remind me ofblood brother,reminders.add,F5_stt:merge_boundary+drop_plural,,,,,,
er going for walk track it for me,Cmd.ActivityWalk,F5_stt:drop_function_word+filler,,,,,,
switch mammary theater,Cmd.MemoryChange,F5_stt:drop_function_word+homophone,,,,,,
drive set reminder,Help_Reminder,F5_stt:drop_function_word+homophone,,,,,,
uh where do i find recovery,Help_HeartRateRecovery,F5_stt:filler+truncate_tail,,,,,,
switchthe sounds off,Cmd.VolumeMute,F5_stt:merge_boundary+homophone,,,,,,
uh does a clip on mic send audio to my aides,Help_Accessories,F5_stt:filler+homophone,,,,,,
um remind me to watch,reminders.add,F5_stt:filler+drop_function_word,,,,,,
you show me my standing,Cmd.ActivityStand,F5_stt:truncate_tail+drop_function_word,,,,,,
please i would like know how far it is to the,Default Fallback Intent,F5_stt:drop_function_word+truncate_tail,,,,,,
uh please re mind me to wash the car,reminders.add,F5_stt:filler+homophone,,,,,,
stop the music going my,Cmd.StreamingStop,F5_stt:drop_function_word+truncate_tail,,,,,,
uh how the activity score calculated,Help_ThriveScore,F5_stt:drop_function_word+filler,,,,,,
increase the loudness in my,Cmd.VolumeIncrease,F5_stt:truncate_tail+drop_function_word,,,,,,
um please thanks for my child when i was a little girl with a grandfather who taught me the heart of face,Default Fallback Intent,F5_stt:drop_function_word+filler,,,,,,
uh heart rate recoveryguide,Help_HeartRateRecovery,F5_stt:merge_boundary+filler,,,,,,
please change speech programme,Cmd.MemoryChange,F5_stt:drop_function_word+homophone,,,,,,
um what do my aids do when i havefallen,Help_FallAlert,F5_stt:merge_boundary+filler,,,,,,
er what does intelligent voicedo,Help_IntelliVoice,F5_stt:filler+merge_boundary,,,,,,
please change memory tinnitu,Cmd.MemoryChange,F5_stt:drop_function_word+drop_plural,,,,,,
uh please turn on my left,Cmd.VolumeUnmute,F5_stt:truncate_tail+filler,,,,,,
please goback to a,Default Fallback Intent,F5_stt:truncate_tail+merge_boundary,,,,,,
um please change program tothree,Cmd.MemoryChange,F5_stt:filler+merge_boundary,,,,,,
uh how do i change name of my tv streamer,Help_Accessories,F5_stt:drop_function_word+filler,,,,,,
um capture this talk astext,Cmd.TranscribeStart,F5_stt:filler+merge_boundary,,,,,,
icannot find my right hearing aid,Help_FindMyHearingAids,F5_stt:merge_boundary+drop_function_word,,,,,,
please there a problem with my hearing,Help_SelfCheck,F5_stt:truncate_tail+drop_function_word,,,,,,
er trackthis ride,Cmd.ActivityCycle,F5_stt:merge_boundary+filler,,,,,,
uh change memory music,Cmd.MemoryChange,F5_stt:drop_function_word+filler,,,,,,
how do i customize 8,Help_Customize,F5_stt:drop_function_word+homophone,,,,,,
er can you search genesi,Default Fallback Intent,F5_stt:drop_plural+filler,,,,,,
er turn down the volume on the hearing aid,Cmd.VolumeDecrease,F5_stt:filler+drop_function_word,,,,,,
er i am heading into ameeting,Cmd.MemoryChange,F5_stt:merge_boundary+filler,,,,,,
er pretty sure that is mine but icannot put it on now,Default Fallback Intent,F5_stt:merge_boundary+filler,,,,,,
move me backto normal setting,Cmd.MemoryChange,F5_stt:merge_boundary+drop_function_word,,,,,,
er can you heart rate recovery,Help_HeartRateRecovery,F5_stt:filler+truncate_tail,,,,,,
whati my battery strength,Cmd.BatteryLevel,F5_stt:merge_boundary+drop_plural,,,,,,
uheveryone is mumbling,Cmd.VolumeIncrease,F5_stt:filler+merge_boundary,,,,,,
pleaselocate nearest golf course,Default Fallback Intent,F5_stt:drop_function_word+merge_boundary,,,,,,
er set memory to three,Cmd.MemoryChange,F5_stt:drop_function_word+filler,,,,,,
let me leavenote,Cmd.SendMessage,F5_stt:drop_function_word+merge_boundary,,,,,,
convert what they are saying,Cmd.TranscribeStart,F5_stt:drop_function_word+truncate_tail,,,,,,
er record aerobic exercise,Cmd.ActivityAerobics,F5_stt:filler+drop_function_word,,,,,,
how do you calculate the wellnes,Help_ThriveScore,F5_stt:drop_plural+truncate_tail,,,,,,
when should i initiatemanual alert text,Help_FallAlert,F5_stt:drop_function_word+merge_boundary,,,,,,
what does remoteprogramming let me,Help_RemoteProgramming,F5_stt:merge_boundary+truncate_tail,,,,,,
what isthi app for,Help_Home,F5_stt:merge_boundary+drop_plural,,,,,,
um please increase volume in my hearing aids,Cmd.VolumeIncrease,F5_stt:filler+drop_function_word,,,,,,
turnoff tv streamin,Cmd.StreamingStop,F5_stt:merge_boundary+homophone,,,,,,
um pleasei cannot find my hearing aids,Help_FindMyHearingAids,F5_stt:filler+merge_boundary,,,,,,
what languages can the translatefeature,Help_Translate,F5_stt:merge_boundary+truncate_tail,,,,,,
er explain the heart rate,Help_HeartRate,F5_stt:filler+truncate_tail,,,,,,
uhplay frank sinatra,Default Fallback Intent,F5_stt:filler+merge_boundary,,,,,,
easeoff volume,Cmd.VolumeDecrease,F5_stt:drop_function_word+merge_boundary,,,,,,
how many language are in,Help_Translate,F5_stt:drop_plural+truncate_tail,,,,,,
uh can you hi receipt with your new balance on the bottom and that is,Default Fallback Intent,F5_stt:filler+truncate_tail,,,,,,
er stop scream,Cmd.StreamingStop,F5_stt:filler+homophone,,,,,,
uh what should i see when i amthere,Default Fallback Intent,F5_stt:merge_boundary+filler,,,,,,
thecharger not working,Help_Battery,F5_stt:drop_function_word+merge_boundary,,,,,,
um where' the speed bus,Default Fallback Intent,F5_stt:filler+drop_plural,,,,,,
can you programmenumber four,Cmd.MemoryChange,F5_stt:homophone+merge_boundary,,,,,,
pleaseset up reminder,reminders.add,F5_stt:merge_boundary+drop_function_word,,,,,,
um i can hardly hear,Cmd.VolumeIncrease,F5_stt:drop_function_word+filler,,,,,,
um send voice note,Cmd.SendMessage,F5_stt:drop_function_word+filler,,,,,,
er can you re mind me to watch,reminders.add,F5_stt:homophone+filler,,,,,,
canyou set memery to crowd,Cmd.MemoryChange,F5_stt:merge_boundary+homophone,,,,,,
uh speechmemory,Cmd.MemoryChange,F5_stt:filler+merge_boundary,,,,,,
please remind me to buy shoesin,reminders.add,F5_stt:merge_boundary+truncate_tail,,,,,,
how much havei walked this,Cmd.ActivityWalk,F5_stt:truncate_tail+merge_boundary,,,,,,
uh can youvolume lower,Cmd.VolumeDecrease,F5_stt:merge_boundary+filler,,,,,,
er can turn mute off,Cmd.VolumeUnmute,F5_stt:filler+drop_function_word,,,,,,
um please change programme to mask,Cmd.MemoryChange,F5_stt:filler+homophone,,,,,,
uh markthat task finished,reminders.complete,F5_stt:filler+merge_boundary,,,,,,
erare they running out of power,Cmd.BatteryLevel,F5_stt:filler+merge_boundary,,,,,,
changesetting number four,Cmd.MemoryChange,F5_stt:drop_function_word+merge_boundary,,,,,,
er can you remind me in 15 minutes to go to bar,reminders.add,F5_stt:filler+drop_function_word,,,,,,
mutright now,Cmd.VolumeMute,F5_stt:homophone+merge_boundary,,,,,,
show me an overviewof thrived,Help_WhatsNew,F5_stt:homophone+merge_boundary,,,,,,
er canyou spell restaurant,Default Fallback Intent,F5_stt:merge_boundary+filler,,,,,,
er how do i pair to car's bluetooth,Help_Pairing,F5_stt:filler+drop_function_word,,,,,,
uh can you showme an overview of the app,Help_WhatsNew,F5_stt:filler+merge_boundary,,,,,,
can you rememberto wash my,reminders.add,F5_stt:merge_boundary+truncate_tail,,,,,,
uh what is different aboutipro,Help_WhatsNew,F5_stt:filler+merge_boundary,,,,,,
can mutesetting,Cmd.MemoryChange,F5_stt:drop_function_word+merge_boundary,,,,,,
er how do i assign a locationto my memory,Help_MemoryOptions,F5_stt:merge_boundary+filler,,,,,,
er please cooking pork ribs on the,Default Fallback Intent,F5_stt:truncate_tail+filler,,,,,,
er please this reminder complete,reminders.complete,F5_stt:filler+drop_function_word,,,,,,
um edg mode help,Help_EdgeMode,F5_stt:homophone+filler,,,,,,
uh auditorium programme,Cmd.MemoryChange,F5_stt:homophone+filler,,,,,,
uh they are trying to reduce the temperature right,Default Fallback Intent,F5_stt:filler+truncate_tail,,,,,,
er text afamily member,Cmd.SendMessage,F5_stt:merge_boundary+filler,,,,,,
er can you change setting tonumber three,Cmd.MemoryChange,F5_stt:merge_boundary+filler,,,,,,
er intellivoice userguide,Help_IntelliVoice,F5_stt:merge_boundary+filler,,,,,,
er how to run diagnostic on my aids,Help_SelfCheck,F5_stt:filler+drop_plural,,,,,,
tell me about the cross,Help_WiCROS,F5_stt:truncate_tail+homophone,,,,,,
how do i save theadjustments made by audiologist,Help_RemoteProgramming,F5_stt:merge_boundary+drop_function_word,,,,,,
um translatefor russian,Cmd.TranslationStart,F5_stt:merge_boundary+filler,,,,,,
er where's dnnspeech enhancement,Help_IntelliVoice,F5_stt:merge_boundary+filler,,,,,,
can batteries life left,Cmd.BatteryLevel,F5_stt:homophone+drop_function_word,,,,,,
please first doneed to do,Default Fallback Intent,F5_stt:drop_function_word+merge_boundary,,,,,,
switch to car memery,Cmd.MemoryChange,F5_stt:drop_function_word+homophone,,,,,,
um guide me on tinitis management,Help_Tinnitus,F5_stt:homophone+filler,,,,,,
how doyou calculate thrive score,Help_ThriveScore,F5_stt:merge_boundary+drop_function_word,,,,,,
um help me remind me tocall bae tomorrow at 9,reminders.add,F5_stt:filler+merge_boundary,,,,,,
clearthat reminda,reminders.complete,F5_stt:homophone+merge_boundary,,,,,,
how do i adjust my tinnitus noise in the hearin,Help_Tinnitus,F5_stt:truncate_tail+homophone,,,,,,
um set pro gram to train,Cmd.MemoryChange,F5_stt:filler+homophone,,,,,,
can i activate the default setting on the hearing,Help_DeviceSettings,F5_stt:drop_plural+truncate_tail,,,,,,
i clean my 8s with water,Help_CleanCare,F5_stt:homophone+drop_function_word,,,,,,
er recommend amovie,Default Fallback Intent,F5_stt:merge_boundary+filler,,,,,,
uh remind flight at 6 a,reminders.add,F5_stt:truncate_tail+filler,,,,,,
er how do i know if an alert received,Help_FallAlert,F5_stt:drop_function_word+filler,,,,,,
er i change the ringtones on my hearing aid,Help_DeviceSettings,F5_stt:drop_function_word+filler,,,,,,
uh dimthe volume,Cmd.VolumeDecrease,F5_stt:filler+merge_boundary,,,,,,
switch programto train,Cmd.MemoryChange,F5_stt:drop_function_word+merge_boundary,,,,,,
um where s the transcribed feature,Help_Transcribe,F5_stt:filler+homophone,,,,,,
you my earssweat,Default Fallback Intent,F5_stt:merge_boundary+drop_function_word,,,,,,
er can you have i reached activity goal,Cmd.ActivityAerobics,F5_stt:filler+drop_function_word,,,,,,
er please switch to school mammary,Cmd.MemoryChange,F5_stt:homophone+filler,,,,,,
information on activityscore,Help_ThriveScore,F5_stt:drop_function_word+merge_boundary,,,,,,
can switch totelephone,Cmd.MemoryChange,F5_stt:merge_boundary+drop_function_word,,,,,,
will i hear whati being transcribed,Help_Transcribe,F5_stt:merge_boundary+drop_plural,,,,,,
can you on north koreans office willthe fuckers off,Default Fallback Intent,F5_stt:truncate_tail+merge_boundary,,,,,,
erwhat can i ask,Default Fallback Intent,F5_stt:filler+merge_boundary,,,,,,
um transcribe whati am hearing,Cmd.TranscribeStart,F5_stt:merge_boundary+filler,,,,,,
uh please change car,Cmd.MemoryChange,F5_stt:drop_function_word+filler,,,,,,
can you please callthe karate pro gram,Default Fallback Intent,F5_stt:merge_boundary+homophone,,,,,,
um too many things back,Default Fallback Intent,F5_stt:filler+truncate_tail,,,,,,
whenis king and i playing,Default Fallback Intent,F5_stt:drop_function_word+merge_boundary,,,,,,
how do i set ep socialnotifications,Help_DeviceSettings,F5_stt:homophone+merge_boundary,,,,,,
how will i know when hearing care specialist adjusted my hearing,Help_RemoteProgramming,F5_stt:truncate_tail+drop_function_word,,,,,,
how do i adjust my loudness of the tinnitus masker on 8,Help_Tinnitus,F5_stt:homophone+drop_function_word,,,,,,
locate hearingaid,Help_FindMyHearingAids,F5_stt:drop_function_word+merge_boundary,,,,,,
good not seen a lot of fluid onthat,Default Fallback Intent,F5_stt:merge_boundary+truncate_tail,,,,,,
switchmemery to home,Cmd.MemoryChange,F5_stt:homophone+merge_boundary,,,,,,
um capture myrunning session,Cmd.ActivityRun,F5_stt:merge_boundary+filler,,,,,,
please switch mammary tofour,Cmd.MemoryChange,F5_stt:homophone+merge_boundary,,,,,,
um route audioto my devices,Cmd.StreamingStart,F5_stt:merge_boundary+filler,,,,,,
can you mastmemory,Cmd.MemoryChange,F5_stt:homophone+merge_boundary,,,,,,
where cani create a new,Help_MemoryOptions,F5_stt:merge_boundary+truncate_tail,,,,,,
uh florist off screen,Default Fallback Intent,F5_stt:drop_function_word+filler,,,,,,
uh let me hear,Cmd.ListenMessage,F5_stt:drop_function_word+filler,,,,,,
cani rename memories,Help_MemoryOptions,F5_stt:drop_function_word+merge_boundary,,,,,,
er home setting,Cmd.MemoryChange,F5_stt:filler,,,,,,
can your need cut off,Default Fallback Intent,F5_stt:drop_function_word+drop_plural,,,,,,
um starttranslating in french,Cmd.TranslationStart,F5_stt:merge_boundary+filler,,,,,,
um please show me my exercise,Cmd.ActivityExercise,F5_stt:filler+truncate_tail,,,,,,
can you hearin aids every time the stupidphone goes,Default Fallback Intent,F5_stt:homophone+merge_boundary,,,,,,
uh how much longer do i need to,Cmd.ActivityStand,F5_stt:filler+truncate_tail,,,,,,
er activate screaming,Cmd.StreamingStart,F5_stt:filler+homophone,,,,,,
turned thesound down a bit,Cmd.VolumeDecrease,F5_stt:merge_boundary+homophone,,,,,,
er i am new this,Help_Home,F5_stt:drop_function_word+filler,,,,,,
um begin aerobics session,Cmd.ActivityAerobics,F5_stt:drop_function_word+filler,,,,,,
can youcalorie steps,Cmd.ActivityStep,F5_stt:merge_boundary+drop_plural,,,,,,
uh weekly caloriesummary,Cmd.ActivityCalories,F5_stt:merge_boundary+filler,,,,,,
how does cros send sounds to my goodear,Help_WiCROS,F5_stt:merge_boundary+homophone,,,,,,
uh what feature were just added,Help_WhatsNew,F5_stt:drop_plural+filler,,,,,,
reminda userguide,Help_Reminder,F5_stt:homophone+merge_boundary,,,,,,
how many stand hourtoday,Cmd.ActivityStand,F5_stt:drop_plural+merge_boundary,,,,,,
er what does the fall alertdo,Help_FallAlert,F5_stt:merge_boundary+filler,,,,,,
please it is a weekend tell everybody how the pretty mutual customize yourcar,Default Fallback Intent,F5_stt:truncate_tail+merge_boundary,,,,,,
uhsetting one,Cmd.MemoryChange,F5_stt:filler+merge_boundary,,,,,,
um how much running have i done this,Cmd.ActivityRun,F5_stt:truncate_tail+filler,,,,,,
um the tv on but i miss what they say,Cmd.VolumeIncrease,F5_stt:drop_function_word+filler,,,,,,
please change toeveryday mammary,Cmd.MemoryChange,F5_stt:homophone+merge_boundary,,,,,,
um calorie count,Cmd.ActivityCalories,F5_stt:filler+drop_function_word,,,,,,
should my hearin aids get allcheck marks in self check,Help_SelfCheck,F5_stt:homophone+merge_boundary,,,,,,
completemy latest reminder,reminders.complete,F5_stt:merge_boundary+drop_function_word,,,,,,
er can you set program to newt,Cmd.MemoryChange,F5_stt:homophone+filler,,,,,,
what is biking count for the,Cmd.ActivityCycle,F5_stt:truncate_tail+drop_function_word,,,,,,
uh you remind me at noon,reminders.add,F5_stt:filler+drop_function_word,,,,,,
uh can you set memory to,Cmd.MemoryChange,F5_stt:truncate_tail+filler,,,,,,
tern on streaming to myears,Cmd.StreamingStart,F5_stt:homophone+merge_boundary,,,,,,
can you just did not you did nothit the ground but will check,Default Fallback Intent,F5_stt:merge_boundary+drop_function_word,,,,,,
help with changingmemorie on my aids,Help_ChangingMemories,F5_stt:drop_plural+merge_boundary,,,,,,
um can you make volumn louder,Cmd.VolumeIncrease,F5_stt:homophone+filler,,,,,,
er please changeto crowd memory,Cmd.MemoryChange,F5_stt:merge_boundary+filler,,,,,,
er what doesalert sent mean,Help_FallAlert,F5_stt:merge_boundary+filler,,,,,,
remind me to send out christmas cards every year on december 1st at 5 p,reminders.add,F5_stt:homophone+truncate_tail,,,,,,
please adjustments did not hear it in the office but i am outyour there,Default Fallback Intent,F5_stt:drop_function_word+merge_boundary,,,,,,
er trackdown my mobile,Cmd.FindMyPhone,F5_stt:filler+merge_boundary,,,,,,
switch programme train,Cmd.MemoryChange,F5_stt:drop_function_word+homophone,,,,,,
um crowd setting,Cmd.MemoryChange,F5_stt:filler,,,,,,
uh kill audio completely,Cmd.VolumeMute,F5_stt:filler+drop_function_word,,,,,,
cani compare the adjustments made by professional,Help_RemoteProgramming,F5_stt:merge_boundary+drop_function_word,,,,,,
please remind me to studytomorrow,reminders.add,F5_stt:merge_boundary+homophone,,,,,,
er do not let me forget my appointment tomorrow at 10am,reminders.add,F5_stt:filler+merge_boundary,,,,,,
please help with pairing the aides with phone,Help_Pairing,F5_stt:drop_function_word+homophone,,,,,,
tern down notch,Cmd.VolumeDecrease,F5_stt:homophone+drop_function_word,,,,,,
uh remind me to buy bread at 11 a m,reminders.add,F5_stt:filler+truncate_tail,,,,,,
uh pick telephone program,Cmd.MemoryChange,F5_stt:filler+drop_function_word,,,,,,
um i lost my hearing aids can you help me find,Help_FindMyHearingAids,F5_stt:truncate_tail+filler,,,,,,
um pleasesetting number two,Cmd.MemoryChange,F5_stt:merge_boundary+filler,,,,,,
um change program to school,Cmd.MemoryChange,F5_stt:filler+drop_function_word,,,,,,
whatis power level,Cmd.BatteryLevel,F5_stt:drop_function_word+merge_boundary,,,,,,
how do i adjust notifications in,Help_AppSettings,F5_stt:truncate_tail+drop_function_word,,,,,,
whatcan check in,Default Fallback Intent,F5_stt:drop_function_word+merge_boundary,,,,,,
i havelost one of,Help_FindMyHearingAids,F5_stt:truncate_tail+merge_boundary,,,,,,
er showme my cycling stats,Cmd.ActivityCycle,F5_stt:filler+merge_boundary,,,,,,
can you i want to makesure i also cleaned but nuflex filters in,Default Fallback Intent,F5_stt:truncate_tail+merge_boundary,,,,,,
change to newt program,Cmd.MemoryChange,F5_stt:homophone+drop_function_word,,,,,,
er hi there i donot,Default Fallback Intent,F5_stt:merge_boundary+filler,,,,,,
change memery four,Cmd.MemoryChange,F5_stt:drop_function_word+homophone,,,,,,
please turn down right aide,Cmd.VolumeDecrease,F5_stt:drop_function_word+homophone,,,,,,
nudge me tostretch in an,reminders.add,F5_stt:truncate_tail+merge_boundary,,,,,,
i need to send voice,Cmd.SendMessage,F5_stt:drop_function_word+truncate_tail,,,,,,
does thrive havereminder,Help_Reminder,F5_stt:drop_plural+merge_boundary,,,,,,
send me a remind her to pay cable bill on march 3,reminders.add,F5_stt:drop_function_word+homophone,,,,,,
um go back to normal,Cmd.MemoryChange,F5_stt:filler+truncate_tail,,,,,,
er can you switch program master,Cmd.MemoryChange,F5_stt:filler+drop_function_word,,,,,,
uh can change memory to restaurant,Cmd.MemoryChange,F5_stt:filler+drop_function_word,,,,,,
pleasechange mammary to number four,Cmd.MemoryChange,F5_stt:homophone+merge_boundary,,,,,,
um can you everymorning,Default Fallback Intent,F5_stt:merge_boundary+filler,,,,,,
um canyou unmute,Cmd.VolumeUnmute,F5_stt:merge_boundary+filler,,,,,,
er what does engagement score,Help_ThriveScore,F5_stt:filler+truncate_tail,,,,,,
cutoff the scream,Cmd.StreamingStop,F5_stt:homophone+merge_boundary,,,,,,
canmin loudness,Cmd.VolumeDecrease,F5_stt:drop_function_word+merge_boundary,,,,,,
do not let me forgetto take medication tomorrow morning,reminders.add,F5_stt:merge_boundary+drop_function_word,,,,,,
uh buzz me when it is,reminders.add,F5_stt:truncate_tail+filler,,,,,,
er can you help me find a,Default Fallback Intent,F5_stt:truncate_tail+filler,,,,,,
turn lefthearing aid off,Cmd.VolumeMute,F5_stt:drop_function_word+merge_boundary,,,,,,
youset to home program,Cmd.MemoryChange,F5_stt:merge_boundary+drop_function_word,,,,,,
tone the loudnessdoun,Cmd.VolumeDecrease,F5_stt:homophone+merge_boundary,,,,,,
um can you transcribe thisconversation,Cmd.TranscribeStart,F5_stt:merge_boundary+filler,,,,,,
um can you drop the sound in my hearing,Cmd.VolumeDecrease,F5_stt:filler+truncate_tail,,,,,,
you switch to crowd programme,Cmd.MemoryChange,F5_stt:drop_function_word+homophone,,,,,,
um can i leave note for somebody,Cmd.SendMessage,F5_stt:drop_function_word+filler,,,,,,
how do i share myhearing aide usage with a caregiver,Help_HearShare,F5_stt:merge_boundary+homophone,,,,,,
er please remind me to go sleep,reminders.add,F5_stt:drop_function_word+filler,,,,,,
change programmeto noise,Cmd.MemoryChange,F5_stt:homophone+merge_boundary,,,,,,
change mammary to everyday,Cmd.MemoryChange,F5_stt:drop_function_word+homophone,,,,,,
ercan you please remind me,reminders.add,F5_stt:filler+merge_boundary,,,,,,
er where is theequalizer,Help_Customize,F5_stt:filler+merge_boundary,,,,,,
change meeting memery,Cmd.MemoryChange,F5_stt:homophone+drop_function_word,,,,,,
please and if the size a little side street they sent angels,Default Fallback Intent,F5_stt:truncate_tail+drop_function_word,,,,,,
uh loadmy normal configuration,Cmd.MemoryChange,F5_stt:merge_boundary+filler,,,,,,
how do i adjust the loudness onthe,Help_Volume,F5_stt:merge_boundary+truncate_tail,,,,,,
turn down myleft aide,Cmd.VolumeDecrease,F5_stt:merge_boundary+homophone,,,,,,
switch mammary to tinnitu,Cmd.MemoryChange,F5_stt:drop_plural+homophone,,,,,,
um please hey spec hello good stat heart i did not get that coverage but the cardboard that was hanging in the fall,Default Fallback Intent,F5_stt:filler+drop_plural,,,,,,
i am in big echoeyroom now,Cmd.MemoryChange,F5_stt:drop_function_word+merge_boundary,,,,,,
can start scream,Cmd.StreamingStart,F5_stt:homophone+drop_function_word,,,,,,
er benefitsof mask mode,Help_MaskMode,F5_stt:filler+merge_boundary,,,,,,
how do i pare accessory,Help_Accessories,F5_stt:drop_function_word+homophone,,,,,,
uh set reminder buymilk on november 11 at 5 p m,reminders.add,F5_stt:filler+merge_boundary,,,,,,
uh tell me about english language,Default Fallback Intent,F5_stt:drop_function_word+filler,,,,,,
pairing aids with my,Help_Pairing,F5_stt:truncate_tail+drop_function_word,,,,,,
erset reminder for me,reminders.add,F5_stt:filler+merge_boundary,,,,,,
er turn offmute,Cmd.VolumeUnmute,F5_stt:filler+merge_boundary,,,,,,
uh every morning,Default Fallback Intent,F5_stt:filler,,,,,,
er change toworship memory,Cmd.MemoryChange,F5_stt:merge_boundary+filler,,,,,,
um areboth of my hearing aids working,Help_SelfCheck,F5_stt:filler+merge_boundary,,,,,,
how do i invite person with,Help_HearShare,F5_stt:drop_function_word+truncate_tail,,,,,,
umset to mute memory,Cmd.MemoryChange,F5_stt:filler+merge_boundary,,,,,,
please setto work memery,Cmd.MemoryChange,F5_stt:homophone+merge_boundary,,,,,,
audio quality has gonedownhill,Help_DeviceSettings,F5_stt:drop_function_word+merge_boundary,,,,,,
um how do i set up email,Help_DeviceSettings,F5_stt:truncate_tail+filler,,,,,,
um please tern off mute,Cmd.VolumeUnmute,F5_stt:filler+homophone,,,,,,
um please create areminder,reminders.add,F5_stt:merge_boundary+filler,,,,,,
go forrun,Cmd.ActivityRun,F5_stt:drop_function_word+merge_boundary,,,,,,
how do i hear less wind with hedge,Help_EdgeMode,F5_stt:homophone+truncate_tail,,,,,,
connect the audio from phone to my,Cmd.StreamingStart,F5_stt:drop_function_word+truncate_tail,,,,,,
uh how do i improve ipro score,Help_ThriveScore,F5_stt:drop_function_word+filler,,,,,,
please translated how much do i owe to spanish,Cmd.TranslationStart,F5_stt:homophone+drop_function_word,,,,,,
remind her for thisevening,reminders.add,F5_stt:homophone+merge_boundary,,,,,,
how do i get rid of wax in hearing,Help_CleanCare,F5_stt:truncate_tail+drop_function_word,,,,,,
uh what a good recovery number,Help_HeartRateRecovery,F5_stt:drop_function_word+filler,,,,,,
um help me send a messege,Cmd.SendMessage,F5_stt:homophone+filler,,,,,,
canyou switch school memory,Cmd.MemoryChange,F5_stt:merge_boundary+drop_function_word,,,,,,
how manysteps until goal,Cmd.ActivityStep,F5_stt:drop_function_word+merge_boundary,,,,,,
lower the level of herring aids,Cmd.VolumeDecrease,F5_stt:homophone+drop_function_word,,,,,,
er sunday,Default Fallback Intent,F5_stt:filler,,,,,,
set an alert so i do notmiss,reminders.add,F5_stt:truncate_tail+merge_boundary,,,,,,
uh how many step today,Cmd.ActivityStep,F5_stt:drop_plural+filler,,,,,,
um please change to golf,Cmd.MemoryChange,F5_stt:filler+truncate_tail,,,,,,
help with tinnitus masker adjustments in,Help_Tinnitus,F5_stt:merge_boundary+truncate_tail,,,,,,
um switch speech,Cmd.MemoryChange,F5_stt:filler+drop_function_word,,,,,,
uh pair left hearing aid,Help_Pairing,F5_stt:filler+drop_function_word,,,,,,
please help with changing memorie using thrive app,Help_ChangingMemories,F5_stt:drop_plural+drop_function_word,,,,,,
how do i ternon fall detection,Help_FallAlert,F5_stt:homophone+merge_boundary,,,,,,
er increased how loud it is,Cmd.VolumeIncrease,F5_stt:filler+homophone,,,,,,
can you re mind me to dohomework on november 11 at 7 p m,reminders.add,F5_stt:merge_boundary+homophone,,,,,,
er can you remind me to pick ep my prescription on monday at 5 p m,reminders.add,F5_stt:homophone+filler,,,,,,
change to meeting mammary,Cmd.MemoryChange,F5_stt:drop_function_word+homophone,,,,,,
please remember when they are unloading the truck get,Default Fallback Intent,F5_stt:truncate_tail+drop_function_word,,,,,,
uh can you remind about busines meeting every monday at 4 p m,reminders.add,F5_stt:filler+drop_plural,,,,,,
howdo i geotag a location to my mammary,Help_MemoryOptions,F5_stt:homophone+merge_boundary,,,,,,
um theweather outside today,Default Fallback Intent,F5_stt:merge_boundary+filler,,,,,,
set mammary television,Cmd.MemoryChange,F5_stt:drop_function_word+homophone,,,,,,
uh can you set me a reminda,reminders.add,F5_stt:homophone+filler,,,,,,
uh how do i reset my health,Help_Health,F5_stt:filler+truncate_tail,,,,,,
knock the sound dow abit,Cmd.VolumeDecrease,F5_stt:merge_boundary+homophone,,,,,,
um switch memery to car,Cmd.MemoryChange,F5_stt:filler+homophone,,,,,,
er set setting to two,Cmd.MemoryChange,F5_stt:drop_function_word+filler,,,,,,
uh little oneplease call me back from,Default Fallback Intent,F5_stt:merge_boundary+filler,,,,,,
er time mystroll,Cmd.ActivityWalk,F5_stt:merge_boundary+filler,,,,,,
how do i view myhealth,Help_Health,F5_stt:truncate_tail+merge_boundary,,,,,,
um read out who textedme,Cmd.ListenMessage,F5_stt:merge_boundary+filler,,,,,,
where would i senda manual,Help_FallAlert,F5_stt:merge_boundary+truncate_tail,,,,,,
any new updatesknow about,Help_WhatsNew,F5_stt:drop_function_word+merge_boundary,,,,,,
um pleaseswitch to pub,Cmd.MemoryChange,F5_stt:merge_boundary+filler,,,,,,
change programme gym,Cmd.MemoryChange,F5_stt:drop_function_word+homophone,,,,,,
please switch mammary togym,Cmd.MemoryChange,F5_stt:homophone+merge_boundary,,,,,,
umcan my hearing aids self check,Help_SelfCheck,F5_stt:filler+merge_boundary,,,,,,
can you write me an example of sympathycard,Default Fallback Intent,F5_stt:merge_boundary+drop_function_word,,,,,,
er theater memery,Cmd.MemoryChange,F5_stt:filler+homophone,,,,,,
canyou play last recording,Cmd.ListenMessage,F5_stt:merge_boundary+drop_function_word,,,,,,
can you what my batter e charge,Cmd.BatteryLevel,F5_stt:homophone+drop_plural,,,,,,
can you new reminderabout fitnes,reminders.add,F5_stt:merge_boundary+drop_plural,,,,,,
er how do i check my wellnes score,Help_ThriveScore,F5_stt:filler+drop_plural,,,,,,
changememory to quiet,Cmd.MemoryChange,F5_stt:drop_function_word+merge_boundary,,,,,,
uh i want to make sure i also cleaned but nuflex filters inthem,Default Fallback Intent,F5_stt:merge_boundary+filler,,,,,,
um record my aerobic activity,Cmd.ActivityAerobics,F5_stt:drop_plural+filler,,,,,,
uh change memory to meeting,Cmd.MemoryChange,F5_stt:filler+drop_function_word,,,,,,
uh when thenew warranty,Default Fallback Intent,F5_stt:filler+merge_boundary,,,,,,
please i cannot find my,Help_FindMyHearingAids,F5_stt:merge_boundary+truncate_tail,,,,,,
remind me about exam every friday at 7 p,reminders.add,F5_stt:drop_plural+truncate_tail,,,,,,
er how will i know when my professional adjusted my hearin aids,Help_RemoteProgramming,F5_stt:homophone+filler,,,,,,
please wow thatintense intense number,Default Fallback Intent,F5_stt:drop_function_word+merge_boundary,,,,,,
er when shouldi use self check,Help_SelfCheck,F5_stt:merge_boundary+filler,,,,,,
can switch pro gram to three,Cmd.MemoryChange,F5_stt:homophone+drop_function_word,,,,,,
um start transcribingthis,Cmd.TranscribeStart,F5_stt:filler+merge_boundary,,,,,,
er the volumn feels low,Cmd.VolumeIncrease,F5_stt:homophone+filler,,,,,,
remind me take medicine,reminders.add,F5_stt:drop_function_word+homophone,,,,,,
er you change program to pub,Cmd.MemoryChange,F5_stt:drop_function_word+filler,,,,,,
er help withtranscription,Help_Transcribe,F5_stt:merge_boundary+filler,,,,,,
can you i need to unpair hearingaids from my phone,Help_Pairing,F5_stt:merge_boundary+drop_function_word,,,,,,
uh can you pretty sure that mine but i cannot put it on now,Default Fallback Intent,F5_stt:drop_function_word+filler,,,,,,
what is dailyachievement score,Help_ThriveScore,F5_stt:drop_function_word+merge_boundary,,,,,,
can all pre pro gram settings change when once changed,Default Fallback Intent,F5_stt:drop_function_word+homophone,,,,,,
pls send messege,Cmd.SendMessage,F5_stt:homophone+drop_function_word,,,,,,
er how tointellivoice,Help_IntelliVoice,F5_stt:filler+merge_boundary,,,,,,
er help understanding programswitching,Help_ChangingMemories,F5_stt:merge_boundary+filler,,,,,,
show runningactivity,Cmd.ActivityRun,F5_stt:drop_function_word+merge_boundary,,,,,,
uh please that is true that isthe best way to start,Default Fallback Intent,F5_stt:merge_boundary+filler,,,,,,
er hearingaid volume down,Cmd.VolumeDecrease,F5_stt:filler+merge_boundary,,,,,,
uh can you switch to tinnitus,Cmd.MemoryChange,F5_stt:truncate_tail+filler,,,,,,
can any helpyou,Default Fallback Intent,F5_stt:drop_function_word+merge_boundary,,,,,,
uh can you worship mammary,Cmd.MemoryChange,F5_stt:filler+homophone,,,,,,
er please change to worship memery,Cmd.MemoryChange,F5_stt:filler+homophone,,,,,,
um make sure i do not forget to takemy pills at 8 am,reminders.add,F5_stt:merge_boundary+filler,,,,,,
er can you make my aid,Cmd.VolumeMute,F5_stt:filler+truncate_tail,,,,,,
uh how do i start streamingfrom the accessory,Help_Accessories,F5_stt:filler+merge_boundary,,,,,,
um pairing my aids with the thriveapp,Help_Pairing,F5_stt:filler+merge_boundary,,,,,,
re mind me toclean hearing aids today,reminders.add,F5_stt:merge_boundary+homophone,,,,,,
please set remind her for dinner withtom please,reminders.add,F5_stt:homophone+merge_boundary,,,,,,
uh can i cannot find my right hearing aid,Help_FindMyHearingAids,F5_stt:drop_function_word+filler,,,,,,
er turnmask mode on,Help_MaskMode,F5_stt:merge_boundary+filler,,,,,,
how do i change programs onmy aide,Help_ChangingMemories,F5_stt:homophone+merge_boundary,,,,,,
set quiet pro gram,Cmd.MemoryChange,F5_stt:drop_function_word+homophone,,,,,,
er heart rate recovery user,Help_HeartRateRecovery,F5_stt:filler+truncate_tail,,,,,,
who has best chinese food in sioux fall,Default Fallback Intent,F5_stt:drop_plural+drop_function_word,,,,,,
set programme to telephone,Cmd.MemoryChange,F5_stt:drop_function_word+homophone,,,,,,
er can you send me a reminder to leave for work in 10,reminders.add,F5_stt:truncate_tail+filler,,,,,,
it is in chargeof the,Default Fallback Intent,F5_stt:truncate_tail+merge_boundary,,,,,,
can i contact my hearingcare specialist for adjustment,Help_RemoteProgramming,F5_stt:drop_plural+merge_boundary,,,,,,
um can you batter e remaining,Cmd.BatteryLevel,F5_stt:filler+homophone,,,,,,
um yearly,Default Fallback Intent,F5_stt:filler,,,,,,
can youstart transcribed,Cmd.TranscribeStart,F5_stt:merge_boundary+homophone,,,,,,
howdo i fix,Default Fallback Intent,F5_stt:drop_function_word+merge_boundary,,,,,,
er how do i change to a different memory on my,Help_ChangingMemories,F5_stt:truncate_tail+filler,,,,,,
er what is the impact to environment of an electric battery for a vehicle,Default Fallback Intent,F5_stt:drop_function_word+filler,,,,,,
um boost the sund a little,Cmd.VolumeIncrease,F5_stt:filler+homophone,,,,,,
um switch to pub memory,Cmd.MemoryChange,F5_stt:drop_function_word+filler,,,,,,
there is reallyno,Default Fallback Intent,F5_stt:merge_boundary+drop_function_word,,,,,,
uh enablestreaming,Cmd.StreamingStart,F5_stt:filler+merge_boundary,,,,,,
um wouldyou please send a message,Cmd.SendMessage,F5_stt:filler+merge_boundary,,,,,,
er change torestaurant,Cmd.MemoryChange,F5_stt:filler+merge_boundary,,,,,,
why cannot i get my hearing aids to go through on my phone to go throughmy hearing,Help_Pairing,F5_stt:truncate_tail+merge_boundary,,,,,,
er what is my resting heart,Help_HeartRate,F5_stt:filler+truncate_tail,,,,,,
how do i setit up for,Default Fallback Intent,F5_stt:merge_boundary+truncate_tail,,,,,,
um please switch gym,Cmd.MemoryChange,F5_stt:filler+drop_function_word,,,,,,
how do i increase thrivescore,Help_ThriveScore,F5_stt:drop_function_word+merge_boundary,,,,,,
uh memory setting,Help_MemoryOptions,F5_stt:drop_plural+filler,,,,,,
how doi change battery,Help_Battery,F5_stt:drop_function_word+merge_boundary,,,,,,
can you start translatefor,Cmd.TranslationStart,F5_stt:truncate_tail+merge_boundary,,,,,,
justlike siri,Default Fallback Intent,F5_stt:drop_function_word+merge_boundary,,,,,,
er pub programme,Cmd.MemoryChange,F5_stt:homophone+filler,,,,,,
will mast mode helpme,Help_MaskMode,F5_stt:homophone+merge_boundary,,,,,,
the soundfrom my aids has gotten,Help_DeviceSettings,F5_stt:truncate_tail+merge_boundary,,,,,,
uh can you switch programto mask,Cmd.MemoryChange,F5_stt:merge_boundary+filler,,,,,,
uh to takelipitor,Default Fallback Intent,F5_stt:merge_boundary+filler,,,,,,
er change school memory,Cmd.MemoryChange,F5_stt:filler+drop_function_word,,,,,,
um can you i need help,Help_Pairing,F5_stt:truncate_tail+filler,,,,,,
hearing aid keepsdisconnecting,Help_DeviceSettings,F5_stt:merge_boundary+drop_function_word,,,,,,
um can you tern my right hearing aid on,Cmd.VolumeUnmute,F5_stt:homophone+filler,,,,,,
um how do i restore my hearing aid setting,Help_HearingCareAnywhereConnect,F5_stt:filler+drop_plural,,,,,,
uh talking about my daughter,Default Fallback Intent,F5_stt:drop_function_word+filler,,,,,,
can you re mind me to wash my,reminders.add,F5_stt:homophone+truncate_tail,,,,,,
um re mind me every day to read a book at 6 p m,reminders.add,F5_stt:homophone+filler,,,,,,
um please set to theater mammary,Cmd.MemoryChange,F5_stt:filler+homophone,,,,,,
help with pairing devices with the thrive,Help_Pairing,F5_stt:truncate_tail+drop_function_word,,,,,,
um where do i start,Help_Home,F5_stt:filler+truncate_tail,,,,,,
um how do i adjust the value on the hearing aids,Help_Volume,F5_stt:homophone+filler,,,,,,
please i cannot find my left hearin,Help_FindMyHearingAids,F5_stt:truncate_tail+homophone,,,,,,
er can you thunder messege,Default Fallback Intent,F5_stt:filler+homophone,,,,,,
can change mammary to number four,Cmd.MemoryChange,F5_stt:drop_function_word+homophone,,,,,,
changeprogram to auditorium,Cmd.MemoryChange,F5_stt:merge_boundary+drop_function_word,,,,,,
uh recordmy aerobics,Cmd.ActivityAerobics,F5_stt:merge_boundary+filler,,,,,,
er will i make through the afternoon,Cmd.BatteryLevel,F5_stt:filler+drop_function_word,,,,,,
please changememory school,Cmd.MemoryChange,F5_stt:merge_boundary+drop_function_word,,,,,,
uh myaid keeps working its way out,Help_InsertDevice,F5_stt:filler+merge_boundary,,,,,,
ears cannothandle this level,Cmd.VolumeDecrease,F5_stt:drop_function_word+merge_boundary,,,,,,
calorie burnedtoday,Cmd.ActivityCalories,F5_stt:drop_plural+merge_boundary,,,,,,
change profilefor this room,Cmd.MemoryChange,F5_stt:drop_plural+merge_boundary,,,,,,
help connecting to provider,Help_HearingCareAnywhereConnect,F5_stt:truncate_tail+drop_function_word,,,,,,
how do i turn up the volume on the hearing,Help_Volume,F5_stt:homophone+truncate_tail,,,,,,
er drop thevolume by 50,Cmd.VolumeDecrease,F5_stt:merge_boundary+filler,,,,,,
help withvolum changes in my hearing aids,Help_Volume,F5_stt:homophone+merge_boundary,,,,,,
i lost the connection my herring aids,Help_Pairing,F5_stt:drop_function_word+homophone,,,,,,
um turnoff stream,Cmd.StreamingStop,F5_stt:merge_boundary+filler,,,,,,
suicideabout different substitute,Default Fallback Intent,F5_stt:drop_function_word+merge_boundary,,,,,,
re mind me on weekday,reminders.add,F5_stt:homophone+drop_plural,,,,,,
uh what is the volume control,Help_Volume,F5_stt:truncate_tail+filler,,,,,,
er mute memery,Cmd.MemoryChange,F5_stt:homophone+filler,,,,,,
help withchanging program on my hearing aids,Help_ChangingMemories,F5_stt:merge_boundary+drop_plural,,,,,,
um where'smy android,Cmd.FindMyPhone,F5_stt:merge_boundary+filler,,,,,,
er when do i cancel fall alert message,Help_FallAlert,F5_stt:drop_function_word+filler,,,,,,
change pro gram theater,Cmd.MemoryChange,F5_stt:drop_function_word+homophone,,,,,,
er memery two,Cmd.MemoryChange,F5_stt:filler+homophone,,,,,,
er why cannot i get 200 points with wellness score,Help_ThriveScore,F5_stt:drop_function_word+filler,,,,,,
um contact someoneby text,Cmd.SendMessage,F5_stt:merge_boundary+filler,,,,,,
you switch to gym pro gram,Cmd.MemoryChange,F5_stt:drop_function_word+homophone,,,,,,
um how do i get more information on the activityscore,Help_ThriveScore,F5_stt:merge_boundary+filler,,,,,,
uh remember to take medicine,reminders.add,F5_stt:drop_function_word+filler,,,,,,
uh how should i send a manual alert,Help_FallAlert,F5_stt:filler+truncate_tail,,,,,,
massage myfamily,Cmd.SendMessage,F5_stt:merge_boundary+homophone,,,,,,
can set to telephone programme,Cmd.MemoryChange,F5_stt:homophone+drop_function_word,,,,,,
um please take me to quick,Help_WhatsNew,F5_stt:truncate_tail+filler,,,,,,
how use hedge mode,Help_EdgeMode,F5_stt:drop_function_word+homophone,,,,,,
reconnect hearing aids to the,Help_Pairing,F5_stt:drop_function_word+truncate_tail,,,,,,
uh the constant ringing maddening,Help_Tinnitus,F5_stt:filler+drop_function_word,,,,,,
umplease i need to,Default Fallback Intent,F5_stt:filler+merge_boundary,,,,,,
um can you debony logging ep,Default Fallback Intent,F5_stt:filler+homophone,,,,,,
er set a reminder to refill prescription,reminders.add,F5_stt:filler+truncate_tail,,,,,,
please set remind her for 1 hour,reminders.add,F5_stt:homophone+drop_function_word,,,,,,
how do i increase ipro,Help_ThriveScore,F5_stt:truncate_tail+drop_function_word,,,,,,
er can youbut i want to see,Default Fallback Intent,F5_stt:filler+merge_boundary,,,,,,
make itquiter,Cmd.VolumeDecrease,F5_stt:homophone+merge_boundary,,,,,,
where the masque setting on my hearing aids,Default Fallback Intent,F5_stt:homophone+drop_function_word,,,,,,
can youmake the volume more on hearin aids,Cmd.VolumeIncrease,F5_stt:merge_boundary+homophone,,,,,,
how do i see how muchi have biked,Help_Health,F5_stt:merge_boundary+truncate_tail,,,,,,
er how to run dnn speech,Help_IntelliVoice,F5_stt:filler+truncate_tail,,,,,,
er trans cribe help,Help_Transcribe,F5_stt:homophone+filler,,,,,,
scream from remote microphone,Cmd.StreamingStart,F5_stt:homophone+drop_function_word,,,,,,
um can you the shadowy men on a shadowy,Default Fallback Intent,F5_stt:truncate_tail+filler,,,,,,
please set pro gramto one,Cmd.MemoryChange,F5_stt:homophone+merge_boundary,,,,,,
can you switchto television mammary,Cmd.MemoryChange,F5_stt:homophone+merge_boundary,,,,,,
er how do itranscribe,Help_Transcribe,F5_stt:merge_boundary+filler,,,,,,
uh change tomeeting program,Cmd.MemoryChange,F5_stt:filler+merge_boundary,,,,,,
sometime it is okay to take aday off,Default Fallback Intent,F5_stt:merge_boundary+drop_plural,,,,,,
um remind me,reminders.add,F5_stt:filler+homophone,,,,,,
howdo i decrease the loudness in my,Help_Volume,F5_stt:merge_boundary+truncate_tail,,,,,,
um what ismy current bpm,Help_HeartRate,F5_stt:merge_boundary+filler,,,,,,
um why should ieat,Default Fallback Intent,F5_stt:merge_boundary+filler,,,,,,
um where can i see what someone is,Help_Transcribe,F5_stt:truncate_tail+filler,,,,,,
er i want to sendan update,Cmd.SendMessage,F5_stt:merge_boundary+filler,,,,,,
um show me exercise summary,Cmd.ActivityExercise,F5_stt:drop_function_word+filler,,,,,,
please remind me to go running at6 a m,reminders.add,F5_stt:merge_boundary+homophone,,,,,,
how do i find my herring,Help_FindMyHearingAids,F5_stt:homophone+truncate_tail,,,,,,
uh startmy workout,Cmd.ActivityExercise,F5_stt:filler+merge_boundary,,,,,,
can you let mehear my,Cmd.StreamingStart,F5_stt:merge_boundary+truncate_tail,,,,,,
er does the partner mic stream to my hearing aides,Help_Accessories,F5_stt:homophone+filler,,,,,,
um please set to quiet,Cmd.MemoryChange,F5_stt:filler+truncate_tail,,,,,,
um showme how this works,Help_Home,F5_stt:merge_boundary+filler,,,,,,
erplease connect left aid,Help_Pairing,F5_stt:filler+merge_boundary,,,,,,
how do i turn up the loudnes in justthe right aid,Help_Volume,F5_stt:merge_boundary+drop_plural,,,,,,
left herring aid does not respond,Help_SelfCheck,F5_stt:homophone+drop_function_word,,,,,,
um record thisrun for me,Cmd.ActivityRun,F5_stt:filler+merge_boundary,,,,,,
pleasedo not make any noise for minute,Default Fallback Intent,F5_stt:merge_boundary+drop_function_word,,,,,,
how long does edg mode stay,Help_EdgeMode,F5_stt:truncate_tail+homophone,,,,,,
plz senda messege,Cmd.SendMessage,F5_stt:merge_boundary+homophone,,,,,,
how do i know if the herring aids are paired to the,Help_Pairing,F5_stt:truncate_tail+homophone,,,,,,
er please us number one hits,Default Fallback Intent,F5_stt:drop_function_word+filler,,,,,,
set mastermemory,Cmd.MemoryChange,F5_stt:drop_function_word+merge_boundary,,,,,,
er please set to musicprogram,Cmd.MemoryChange,F5_stt:merge_boundary+filler,,,,,,
uh whats ep,Default Fallback Intent,F5_stt:homophone+filler,,,,,,
uh thestage sign,Default Fallback Intent,F5_stt:filler+merge_boundary,,,,,,
you show me thrive assistant,Help_VoiceAssistant,F5_stt:drop_function_word+truncate_tail,,,,,,
you outdoors memery,Cmd.MemoryChange,F5_stt:drop_function_word+homophone,,,,,,
uhstand goal,Cmd.ActivityStand,F5_stt:filler+merge_boundary,,,,,,
er change to quiet mammary,Cmd.MemoryChange,F5_stt:homophone+filler,,,,,,
uh you pub setting,Cmd.MemoryChange,F5_stt:drop_function_word+filler,,,,,,
show me my step,Cmd.ActivityStep,F5_stt:truncate_tail+drop_function_word,,,,,,
how do i change hearing aidbattery,Help_Battery,F5_stt:merge_boundary+drop_function_word,,,,,,
er can you set reminder for 7 a m tomorrow about dinner,reminders.add,F5_stt:truncate_tail+filler,,,,,,
er remind me about dinner at 15 p,reminders.add,F5_stt:truncate_tail+filler,,,,,,
uh set to meetingmemory,Cmd.MemoryChange,F5_stt:merge_boundary+filler,,,,,,
how my aides help with ringing,Help_Tinnitus,F5_stt:drop_function_word+homophone,,,,,,
uh can you play it,Cmd.ListenMessage,F5_stt:filler+truncate_tail,,,,,,
is water okay to clean my hearingaid,Help_CleanCare,F5_stt:merge_boundary+drop_plural,,,,,,
walk me throughswitching profile,Help_ChangingMemories,F5_stt:merge_boundary+drop_plural,,,,,,
please would appear sund like,Default Fallback Intent,F5_stt:drop_function_word+homophone,,,,,,
make volumelouder,Cmd.VolumeIncrease,F5_stt:drop_function_word+merge_boundary,,,,,,
uh time myaerobics,Cmd.ActivityAerobics,F5_stt:merge_boundary+filler,,,,,,
you i need help pairing my aid to myphone,Help_Pairing,F5_stt:drop_function_word+merge_boundary,,,,,,
uh changeinto the quiet mode,Cmd.MemoryChange,F5_stt:merge_boundary+filler,,,,,,
uh help with remote programming,Help_RemoteProgramming,F5_stt:filler+drop_function_word,,,,,,
um connect my hearing 8s to the tv,Cmd.StreamingStart,F5_stt:filler+homophone,,,,,,
can find my right hearingaid,Help_FindMyHearingAids,F5_stt:merge_boundary+drop_function_word,,,,,,
can you turned offtoshiba,Default Fallback Intent,F5_stt:merge_boundary+homophone,,,,,,
can i listen to the adjustments made bymy,Help_RemoteProgramming,F5_stt:truncate_tail+merge_boundary,,,,,,
er please i lost my aid can you help me find,Help_FindMyHearingAids,F5_stt:truncate_tail+filler,,,,,,
um can youturn volume to normal,Cmd.VolumeUnmute,F5_stt:merge_boundary+filler,,,,,,
ona good day,Default Fallback Intent,F5_stt:drop_function_word+merge_boundary,,,,,,
um hearing aide volume on,Cmd.VolumeUnmute,F5_stt:homophone+filler,,,,,,
um i am atthe gym now,Cmd.MemoryChange,F5_stt:merge_boundary+filler,,,,,,
how do i disconnect,Help_Pairing,F5_stt:truncate_tail+drop_function_word,,,,,,
play sound inhearing aids,Cmd.StreamingStart,F5_stt:drop_function_word+merge_boundary,,,,,,
er track this gymsession,Cmd.ActivityExercise,F5_stt:filler+merge_boundary,,,,,,
er i cannotlocate my phone ping it,Cmd.FindMyPhone,F5_stt:filler+merge_boundary,,,,,,
um please remind me to deliver to saint barbara catholic church on friday 9 to 9,reminders.add,F5_stt:filler+truncate_tail,,,,,,
er would appear sound like,Default Fallback Intent,F5_stt:drop_function_word+filler,,,,,,
um teach me how to usethis,Help_Home,F5_stt:filler+merge_boundary,,,,,,
turn on hearing aides,Cmd.VolumeUnmute,F5_stt:homophone+drop_function_word,,,,,,
remind me of a meeting on the 27th of,reminders.add,F5_stt:truncate_tail+homophone,,,,,,
turn my hearing aid value,Cmd.VolumeIncrease,F5_stt:truncate_tail+homophone,,,,,,
er can you switch program togolf,Cmd.MemoryChange,F5_stt:filler+merge_boundary,,,,,,
wherei find tela here,Help_HearingCareAnywhereConnect,F5_stt:drop_function_word+merge_boundary,,,,,,
i can barelymake out what people,Cmd.VolumeIncrease,F5_stt:truncate_tail+merge_boundary,,,,,,
um can you make thing easier to hear,Cmd.VolumeIncrease,F5_stt:drop_plural+filler,,,,,,
um where help for dnn speech enhancement,Help_IntelliVoice,F5_stt:filler+drop_function_word,,,,,,
can start translation to,Cmd.TranslationStart,F5_stt:truncate_tail+drop_function_word,,,,,,
how do ilocate my right,Help_FindMyHearingAids,F5_stt:truncate_tail+merge_boundary,,,,,,
find right 8,Help_FindMyHearingAids,F5_stt:drop_function_word+homophone,,,,,,
er remindme 10 30 p m to close the restaurant,reminders.add,F5_stt:merge_boundary+filler,,,,,,
where do step and workouts show together,Help_Health,F5_stt:drop_function_word+drop_plural,,,,,,
how to change mic volum during,Help_Accessories,F5_stt:homophone+truncate_tail,,,,,,
youremind me friday,reminders.add,F5_stt:merge_boundary+drop_function_word,,,,,,
scream the televisionaudio,Cmd.StreamingStart,F5_stt:homophone+merge_boundary,,,,,,
um switch to everyday memory,Cmd.MemoryChange,F5_stt:drop_function_word+filler,,,,,,
um showme bowls of food for you,Default Fallback Intent,F5_stt:merge_boundary+filler,,,,,,
um have i reached my running goal,Cmd.ActivityRun,F5_stt:filler+drop_function_word,,,,,,
er switch to train programme,Cmd.MemoryChange,F5_stt:filler+homophone,,,,,,
er how do i turn down volume on just one aid,Help_Volume,F5_stt:filler+drop_function_word,,,,,,
uh dim sound,Cmd.VolumeDecrease,F5_stt:filler+drop_function_word,,,,,,
um heart ratehelp,Help_HeartRate,F5_stt:filler+merge_boundary,,,,,,
um make speechquieter,Cmd.VolumeDecrease,F5_stt:filler+merge_boundary,,,,,,
er should i charge them,Cmd.BatteryLevel,F5_stt:filler+truncate_tail,,,,,,
um put a reminder for checkup,reminders.add,F5_stt:drop_function_word+filler,,,,,,
i cannot find android fone,Cmd.FindMyPhone,F5_stt:homophone+drop_function_word,,,,,,
help with changing memories usingmy,Help_ChangingMemories,F5_stt:merge_boundary+truncate_tail,,,,,,
um please remind me ihave a meeting,reminders.add,F5_stt:merge_boundary+filler,,,,,,
um where do health metrics show,Help_Health,F5_stt:drop_function_word+filler,,,,,,
uhstart transcription,Cmd.TranscribeStart,F5_stt:filler+merge_boundary,,,,,,
um howdo i unmute,Help_Volume,F5_stt:merge_boundary+filler,,,,,,
uh where dnn speech enhancement,Help_IntelliVoice,F5_stt:filler+drop_function_word,,,,,,
um can you switch memory to,Cmd.MemoryChange,F5_stt:truncate_tail+filler,,,,,,
uh please alexa tern off porch light,Default Fallback Intent,F5_stt:filler+homophone,,,,,,
um how do i remove wax from my 8s,Help_CleanCare,F5_stt:homophone+filler,,,,,,
uh please make the volume more on hearing,Cmd.VolumeIncrease,F5_stt:truncate_tail+filler,,,,,,
um where did i put my other,Help_FindMyHearingAids,F5_stt:filler+truncate_tail,,,,,,
er is my 8 connected to the app,Help_Pairing,F5_stt:homophone+filler,,,,,,
uh volum lower,Cmd.VolumeDecrease,F5_stt:filler+homophone,,,,,,
um can you set program topersonal,Cmd.MemoryChange,F5_stt:merge_boundary+filler,,,,,,
please switch to personalmemery,Cmd.MemoryChange,F5_stt:homophone+merge_boundary,,,,,,
um golf mammary,Cmd.MemoryChange,F5_stt:filler+homophone,,,,,,
i cannot understand theirlanguage,Cmd.TranslationStart,F5_stt:truncate_tail+merge_boundary,,,,,,
um change setting two,Cmd.MemoryChange,F5_stt:filler+drop_function_word,,,,,,
uh change totheater,Cmd.MemoryChange,F5_stt:filler+merge_boundary,,,,,,
um you wednesday,Default Fallback Intent,F5_stt:filler+drop_function_word,,,,,,
uh how do i change to different memory on the aids,Help_ChangingMemories,F5_stt:drop_function_word+filler,,,,,,
uh please changeto theater memory,Cmd.MemoryChange,F5_stt:filler+merge_boundary,,,,,,
uh finish streaming session,Cmd.StreamingStop,F5_stt:drop_function_word+filler,,,,,,
how do i enhance voice with edg,Help_EdgeMode,F5_stt:truncate_tail+homophone,,,,,,
er please no tv remote in fry's,Default Fallback Intent,F5_stt:truncate_tail+filler,,,,,,
um can you turn on,Default Fallback Intent,F5_stt:filler+truncate_tail,,,,,,
uh sound are not clear enough,Cmd.VolumeIncrease,F5_stt:filler+drop_plural,,,,,,
er set an alert for my,reminders.add,F5_stt:filler+truncate_tail,,,,,,
um how do i in crease my kind score,Help_ThriveScore,F5_stt:filler+homophone,,,,,,
how do i adjust my loudness of the tinniti masker in the hearing aids,Help_Tinnitus,F5_stt:homophone+drop_plural,,,,,,
er please pro gram number one,Cmd.MemoryChange,F5_stt:filler+homophone,,,,,,
er how do i makechili,Default Fallback Intent,F5_stt:merge_boundary+filler,,,,,,
you switch toautomatic,Cmd.MemoryChange,F5_stt:merge_boundary+drop_function_word,,,,,,
how do i increase volume in just the left,Help_Volume,F5_stt:truncate_tail+drop_function_word,,,,,,
changememory to crowd,Cmd.MemoryChange,F5_stt:drop_function_word+merge_boundary,,,,,,
please reminda for 4 15 p m today visitgrandma please,reminders.add,F5_stt:merge_boundary+homophone,,,,,,
change mammary toauditorium,Cmd.MemoryChange,F5_stt:homophone+merge_boundary,,,,,,
do not tell me that the,Default Fallback Intent,F5_stt:drop_function_word+truncate_tail,,,,,,
can i use clip on,Help_Accessories,F5_stt:drop_function_word+truncate_tail,,,,,,
uh the noise is pounding ears,Cmd.VolumeDecrease,F5_stt:filler+drop_function_word,,,,,,
how does the volumn control,Help_Volume,F5_stt:truncate_tail+homophone,,,,,,
er please change school,Cmd.MemoryChange,F5_stt:drop_function_word+filler,,,,,,
erhow has ipro changed,Help_WhatsNew,F5_stt:filler+merge_boundary,,,,,,
can youswitch mammary to television,Cmd.MemoryChange,F5_stt:merge_boundary+homophone,,,,,,
can you help me find left hearin aid,Help_FindMyHearingAids,F5_stt:homophone+drop_function_word,,,,,,
er how will i know if i have received new hearing aid,Help_RemoteProgramming,F5_stt:truncate_tail+filler,,,,,,
um can yougot to getting a text message at boston,Default Fallback Intent,F5_stt:merge_boundary+filler,,,,,,
howcan i synchronize my hearin aids,Help_Pairing,F5_stt:homophone+merge_boundary,,,,,,
er can you set memory music,Cmd.MemoryChange,F5_stt:drop_function_word+filler,,,,,,
turn myright herring aid on,Cmd.VolumeUnmute,F5_stt:homophone+merge_boundary,,,,,,
you remind about running everyday at 6 am,reminders.add,F5_stt:merge_boundary+drop_function_word,,,,,,
er please help with white noise,Help_Tinnitus,F5_stt:truncate_tail+filler,,,,,,
uhplease switch program to auditorium,Cmd.MemoryChange,F5_stt:filler+merge_boundary,,,,,,
um can sound on,Cmd.VolumeUnmute,F5_stt:drop_function_word+filler,,,,,,
er i am working outnow,Cmd.ActivityExercise,F5_stt:merge_boundary+filler,,,,,,
uh i need help with streamin,Help_Accessories,F5_stt:homophone+filler,,,,,,
er how do i get to,Default Fallback Intent,F5_stt:filler+truncate_tail,,,,,,
um i want to message son,Cmd.SendMessage,F5_stt:drop_function_word+filler,,,,,,
er i canhardly hear anything,Cmd.VolumeIncrease,F5_stt:merge_boundary+filler,,,,,,
how charge my ric hearing 8,Help_Battery,F5_stt:homophone+drop_function_word,,,,,,
can find myandroid,Cmd.FindMyPhone,F5_stt:merge_boundary+drop_function_word,,,,,,
um lower volum,Cmd.VolumeDecrease,F5_stt:homophone+filler,,,,,,
um what is the serial number of my 8s,Help_DeviceSettings,F5_stt:homophone+filler,,,,,,
youremind me today,reminders.add,F5_stt:merge_boundary+drop_function_word,,,,,,
can you help with tinnitus masker adjustment on aides,Help_Tinnitus,F5_stt:homophone+drop_function_word,,,,,,
um where ismy android,Cmd.FindMyPhone,F5_stt:filler+merge_boundary,,,,,,
um connecting sonynikon,Default Fallback Intent,F5_stt:merge_boundary+filler,,,,,,
could youplease send a messege,Cmd.SendMessage,F5_stt:merge_boundary+homophone,,,,,,
how do i increase the loudnes in my 8s,Help_Volume,F5_stt:drop_plural+homophone,,,,,,
you set memory to,Cmd.MemoryChange,F5_stt:truncate_tail+drop_function_word,,,,,,
the tv too quiet for,Cmd.VolumeIncrease,F5_stt:truncate_tail+drop_function_word,,,,,,
um start writing this down for,Cmd.TranscribeStart,F5_stt:truncate_tail+filler,,,,,,
stop the tv feedto hearing aids,Cmd.StreamingStop,F5_stt:merge_boundary+drop_function_word,,,,,,
uh drop thelevel down,Cmd.VolumeDecrease,F5_stt:merge_boundary+filler,,,,,,
can you helpwith pairing my,Help_Pairing,F5_stt:merge_boundary+truncate_tail,,,,,,
er change to automaticmemory,Cmd.MemoryChange,F5_stt:merge_boundary+filler,,,,,,
er locate my fone for me,Cmd.FindMyPhone,F5_stt:homophone+filler,,,,,,
um are the hearing aids connected to phone,Help_Pairing,F5_stt:filler+drop_function_word,,,,,,
i need setting for dining,Cmd.MemoryChange,F5_stt:drop_function_word+truncate_tail,,,,,,
er please change programme to telephone,Cmd.MemoryChange,F5_stt:homophone+filler,,,,,,
information on thrivescore,Help_ThriveScore,F5_stt:merge_boundary+drop_function_word,,,,,,
can you change topersonal,Cmd.MemoryChange,F5_stt:truncate_tail+merge_boundary,,,,,,
um remind me today,reminders.add,F5_stt:filler+homophone,,,,,,
you will i hear what is being,Help_Transcribe,F5_stt:drop_function_word+truncate_tail,,,,,,
umreminder set,reminders.add,F5_stt:filler+merge_boundary,,,,,,
switch to memoryone,Cmd.MemoryChange,F5_stt:drop_function_word+merge_boundary,,,,,,
um spanish available for translation,Help_Translate,F5_stt:filler+drop_function_word,,,,,,
please switch programme tospeech,Cmd.MemoryChange,F5_stt:homophone+merge_boundary,,,,,,
er everything too low,Cmd.VolumeIncrease,F5_stt:drop_function_word+filler,,,,,,
i need connect my hearing aids to myphone,Help_Pairing,F5_stt:drop_function_word+merge_boundary,,,,,,
uh how i see what my hearing aid can do,Help_DemoMode,F5_stt:drop_function_word+filler,,,,,,
um set to theatermemory,Cmd.MemoryChange,F5_stt:merge_boundary+filler,,,,,,
um can you caloriesused today,Cmd.ActivityCalories,F5_stt:merge_boundary+filler,,,,,,
uh stop listeningto my tv,Cmd.StreamingStop,F5_stt:filler+merge_boundary,,,,,,
uh please switch programto pub,Cmd.MemoryChange,F5_stt:merge_boundary+filler,,,,,,
help fixing the sund on my,Help_DeviceSettings,F5_stt:truncate_tail+homophone,,,,,,
um how do i use app without aids,Help_DemoMode,F5_stt:filler+drop_function_word,,,,,,
can you re mindme to go to work the 19th of august,reminders.add,F5_stt:homophone+merge_boundary,,,,,,
um pubsetting,Cmd.MemoryChange,F5_stt:filler+merge_boundary,,,,,,
can you disable my hearin,Cmd.VolumeMute,F5_stt:homophone+truncate_tail,,,,,,
how do i turn ep the tinnitus,Help_Tinnitus,F5_stt:homophone+truncate_tail,,,,,,
how doi test my hearing,Help_SelfCheck,F5_stt:merge_boundary+truncate_tail,,,,,,
please i need help with pairing aid to the,Help_Pairing,F5_stt:drop_function_word+truncate_tail,,,,,,
how do i change programs on,Help_ChangingMemories,F5_stt:merge_boundary+truncate_tail,,,,,,
can a caregiver listen what i,Help_HearShare,F5_stt:drop_function_word+truncate_tail,,,,,,
help withbattery question,Help_Battery,F5_stt:drop_plural+merge_boundary,,,,,,
uh sounds too quiet,Cmd.VolumeIncrease,F5_stt:drop_function_word+filler,,,,,,
er friday,Default Fallback Intent,F5_stt:filler,,,,,,
can you find my right,Help_FindMyHearingAids,F5_stt:homophone+truncate_tail,,,,,,
how do i adjustmy tinnitu noise,Help_Tinnitus,F5_stt:merge_boundary+drop_plural,,,,,,
uh please remind me to get groceries every month onthe 15th at 1 p m,reminders.add,F5_stt:merge_boundary+filler,,,,,,
er kitchen pro gram,Cmd.MemoryChange,F5_stt:filler+homophone,,,,,,
um please setto gym program,Cmd.MemoryChange,F5_stt:merge_boundary+filler,,,,,,
um what extra mics aresupported,Help_Accessories,F5_stt:filler+merge_boundary,,,,,,
um do i havecharleston,Default Fallback Intent,F5_stt:filler+merge_boundary,,,,,,
add remind her for my meeting,reminders.add,F5_stt:drop_function_word+homophone,,,,,,
you remind me of an,reminders.add,F5_stt:truncate_tail+drop_function_word,,,,,,
um can you hey google turn on master lamps,Default Fallback Intent,F5_stt:drop_function_word+filler,,,,,,
how willi know when the hearing specialist adjusted my hearin aid,Help_RemoteProgramming,F5_stt:homophone+merge_boundary,,,,,,
um you change program to speech,Cmd.MemoryChange,F5_stt:filler+drop_function_word,,,,,,
er switch tomute,Cmd.MemoryChange,F5_stt:filler+merge_boundary,,,,,,
where do i control my hearin aidbalance,Help_WiCROS,F5_stt:homophone+merge_boundary,,,,,,
uh i am walking and they did not,Default Fallback Intent,F5_stt:filler+truncate_tail,,,,,,
er do i need recharge,Cmd.BatteryLevel,F5_stt:drop_function_word+filler,,,,,,
turnstreamin off,Cmd.StreamingStop,F5_stt:homophone+merge_boundary,,,,,,
um that is the one who is having problems,Default Fallback Intent,F5_stt:filler+truncate_tail,,,,,,
changeto mute programme,Cmd.MemoryChange,F5_stt:merge_boundary+homophone,,,,,,
uh please set to telephone pro gram,Cmd.MemoryChange,F5_stt:homophone+filler,,,,,,
uh telephone audioinput,Default Fallback Intent,F5_stt:merge_boundary+filler,,,,,,
canyou remind me that i have a doctor' appointment,reminders.add,F5_stt:merge_boundary+drop_plural,,,,,,
help aids soundoff,Help_DeviceSettings,F5_stt:merge_boundary+drop_function_word,,,,,,
how do i turndown the loudnes on the hearing aids,Help_Volume,F5_stt:drop_plural+merge_boundary,,,,,,
please turnthe sounds on,Cmd.VolumeUnmute,F5_stt:homophone+merge_boundary,,,,,,
uh i misplaced my right aide,Help_FindMyHearingAids,F5_stt:filler+homophone,,,,,,
can you switch memory to,Cmd.MemoryChange,F5_stt:drop_plural+truncate_tail,,,,,,
log an aerobicworkout,Cmd.ActivityAerobics,F5_stt:drop_plural+merge_boundary,,,,,,
can set programme to golf,Cmd.MemoryChange,F5_stt:homophone+drop_function_word,,,,,,
have i reached activity,Cmd.ActivityAerobics,F5_stt:truncate_tail+drop_function_word,,,,,,
how do i change to another programme on the hearing,Help_ChangingMemories,F5_stt:truncate_tail+homophone,,,,,,
please remind me to buy movieticket for friday evening,reminders.add,F5_stt:drop_plural+merge_boundary,,,,,,
um what can i ask thethrive assistant,Help_VoiceAssistant,F5_stt:filler+merge_boundary,,,,,,
can you remind meto wash the,reminders.add,F5_stt:merge_boundary+truncate_tail,,,,,,
um can youdavid soul alert,Default Fallback Intent,F5_stt:merge_boundary+filler,,,,,,
um can you work pro gram,Cmd.MemoryChange,F5_stt:homophone+filler,,,,,,
um can you ep volume,Cmd.VolumeIncrease,F5_stt:filler+homophone,,,,,,
is tooloud in here,Cmd.VolumeDecrease,F5_stt:drop_function_word+merge_boundary,,,,,,
canyou show me bowl of food for you,Default Fallback Intent,F5_stt:drop_plural+merge_boundary,,,,,,
uh fone a friend,Default Fallback Intent,F5_stt:homophone+filler,,,,,,
uh the noiseis unbearable,Cmd.VolumeDecrease,F5_stt:filler+merge_boundary,,,,,,
pleaseset memory automatic,Cmd.MemoryChange,F5_stt:drop_function_word+merge_boundary,,,,,,
can you letme know you are ep,Default Fallback Intent,F5_stt:merge_boundary+homophone,,,,,,
you worship programme,Cmd.MemoryChange,F5_stt:homophone+drop_function_word,,,,,,
um can you create a remind her,reminders.add,F5_stt:filler+homophone,,,,,,
um can you changeto restaurant program,Cmd.MemoryChange,F5_stt:merge_boundary+filler,,,,,,
er help with volume feature,Help_Volume,F5_stt:filler+drop_function_word,,,,,,
please switch pro gramto three,Cmd.MemoryChange,F5_stt:homophone+merge_boundary,,,,,,
how many step have i taken thisweek,Cmd.ActivityStep,F5_stt:drop_plural+merge_boundary,,,,,,
um wheres the translate feature,Help_Translate,F5_stt:merge_boundary+filler,,,,,,
i am interested inlocation,Default Fallback Intent,F5_stt:drop_function_word+merge_boundary,,,,,,
pleasevolume is too soft,Cmd.VolumeIncrease,F5_stt:drop_function_word+merge_boundary,,,,,,
uh what should i do,Help_Home,F5_stt:filler+truncate_tail,,,,,,
please remind me to drink water in 10,reminders.add,F5_stt:drop_plural+truncate_tail,,,,,,
set memery to home,Cmd.MemoryChange,F5_stt:homophone+drop_function_word,,,,,,
uh link to my herring aid,Help_Pairing,F5_stt:filler+homophone,,,,,,
er how do i adjust the value on just the left aid,Help_Volume,F5_stt:homophone+filler,,,,,,
uh can sunday,Default Fallback Intent,F5_stt:filler+drop_function_word,,,,,,
um how does comfort boostwork,Help_DeviceSettings,F5_stt:merge_boundary+filler,,,,,,
um can you switch to kitchen memery,Cmd.MemoryChange,F5_stt:filler+homophone,,,,,,
er can i tag a location to my,Help_MemoryOptions,F5_stt:filler+truncate_tail,,,,,,
how do i adjust loudnes on the hearing aids,Help_Volume,F5_stt:drop_plural+drop_function_word,,,,,,
uh please salatsomeone is aspect,Default Fallback Intent,F5_stt:merge_boundary+filler,,,,,,
um please find right hearing aid,Help_FindMyHearingAids,F5_stt:filler+drop_function_word,,,,,,
er forward a massage,Cmd.SendMessage,F5_stt:homophone+filler,,,,,,
uh howdo i change tone,Help_DeviceSettings,F5_stt:merge_boundary+filler,,,,,,
i can t get my hearing 8,Help_InsertDevice,F5_stt:truncate_tail+homophone,,,,,,
you remember i came in here,Default Fallback Intent,F5_stt:truncate_tail+drop_function_word,,,,,,
er turnvolume on,Cmd.VolumeUnmute,F5_stt:filler+merge_boundary,,,,,,
uh please concussion rehabilitation team works collaboratively in designing and implementing a treatment,Default Fallback Intent,F5_stt:filler+truncate_tail,,,,,,
turn left hearing 8 down,Cmd.VolumeDecrease,F5_stt:homophone+drop_function_word,,,,,,
live in your earif there is wire,Default Fallback Intent,F5_stt:drop_function_word+merge_boundary,,,,,,
i lost my fone make it,Cmd.FindMyPhone,F5_stt:truncate_tail+homophone,,,,,,
uh can personal memory,Cmd.MemoryChange,F5_stt:filler+drop_function_word,,,,,,
uh it sound too low,Cmd.VolumeIncrease,F5_stt:drop_plural+filler,,,,,,
uh change totheater memory,Cmd.MemoryChange,F5_stt:merge_boundary+filler,,,,,,
uh canyou discover telephone,Cmd.FindMyPhone,F5_stt:merge_boundary+filler,,,,,,
uh can you return to initialsettings,Default Fallback Intent,F5_stt:merge_boundary+filler,,,,,,
uh you change program to gym,Cmd.MemoryChange,F5_stt:drop_function_word+filler,,,,,,
can reminder userguide,Help_Reminder,F5_stt:drop_function_word+merge_boundary,,,,,,
er is my hearing aid connected to the,Help_Pairing,F5_stt:truncate_tail+filler,,,,,,
um help with pairing hearing aids on phone,Help_Pairing,F5_stt:filler+drop_function_word,,,,,,
um share information withmy son,Help_HearShare,F5_stt:merge_boundary+filler,,,,,,
sound analert on my foam,Cmd.FindMyPhone,F5_stt:homophone+merge_boundary,,,,,,
mark lastreminder complete,reminders.complete,F5_stt:drop_function_word+merge_boundary,,,,,,
er how do i change to another program on thehearing aid,Help_ChangingMemories,F5_stt:filler+merge_boundary,,,,,,
uh capture mywalking session,Cmd.ActivityWalk,F5_stt:merge_boundary+filler,,,,,,
er can you set to television,Cmd.MemoryChange,F5_stt:truncate_tail+filler,,,,,,
you put hearing 8s in auditorium setting,Cmd.MemoryChange,F5_stt:homophone+drop_function_word,,,,,,
er please volum off left aid,Cmd.VolumeMute,F5_stt:filler+homophone,,,,,,
um can change program to mask,Cmd.MemoryChange,F5_stt:filler+drop_function_word,,,,,,
um remind me to get groceries every month on the 15th at 1 p m,reminders.add,F5_stt:homophone+filler,,,,,,
er shut the soundoff,Cmd.VolumeMute,F5_stt:filler+merge_boundary,,,,,,
help me fix aid sittings,Help_DeviceSettings,F5_stt:drop_function_word+homophone,,,,,,
please help with tinnitu masker adjustments on my,Help_Tinnitus,F5_stt:drop_plural+truncate_tail,,,,,,
um go hell,Default Fallback Intent,F5_stt:filler+drop_function_word,,,,,,
er please discover android fone,Cmd.FindMyPhone,F5_stt:homophone+filler,,,,,,
uh remind me that i have a doctor's appointment,reminders.add,F5_stt:drop_function_word+filler,,,,,,
um switch memoryto number two,Cmd.MemoryChange,F5_stt:merge_boundary+filler,,,,,,
just keep me that,Default Fallback Intent,F5_stt:truncate_tail+drop_function_word,,,,,,
er the volum sounds low,Cmd.VolumeIncrease,F5_stt:homophone+filler,,,,,,
what tool do i need to clean my herring aids,Help_CleanCare,F5_stt:drop_plural+homophone,,,,,,
um what addons are available,Help_Accessories,F5_stt:filler+merge_boundary,,,,,,
er stop screaming tv,Cmd.StreamingStop,F5_stt:filler+homophone,,,,,,
can you wendy's double tapped itand has not,Default Fallback Intent,F5_stt:merge_boundary+truncate_tail,,,,,,
there is problem with my right hearing aide,Help_SelfCheck,F5_stt:homophone+drop_function_word,,,,,,
what is new in the,Default Fallback Intent,F5_stt:merge_boundary+truncate_tail,,,,,,
can trader reminda,reminders.add,F5_stt:drop_function_word+homophone,,,,,,
uh ami close to my calorie goal,Cmd.ActivityCalories,F5_stt:filler+merge_boundary,,,,,,
er calorie walking,Cmd.ActivityWalk,F5_stt:filler+homophone,,,,,,
ercan you set setting to number one,Cmd.MemoryChange,F5_stt:filler+merge_boundary,,,,,,
er which version of the app do i,Help_AppSettings,F5_stt:truncate_tail+filler,,,,,,
uh worship memery,Cmd.MemoryChange,F5_stt:homophone+filler,,,,,,
um tampdown the volume,Cmd.VolumeDecrease,F5_stt:merge_boundary+filler,,,,,,
um there enough power remaining,Cmd.BatteryLevel,F5_stt:drop_function_word+filler,,,,,,
er play last push talk,Cmd.ListenMessage,F5_stt:filler+drop_function_word,,,,,,
um can my hearingaids be set up to multiple devices,Help_Pairing,F5_stt:merge_boundary+filler,,,,,,
er calories burned so far,Cmd.ActivityCalories,F5_stt:filler+truncate_tail,,,,,,
uhcan you work memory,Cmd.MemoryChange,F5_stt:filler+merge_boundary,,,,,,
is time tocharge,Cmd.BatteryLevel,F5_stt:merge_boundary+drop_function_word,,,,,,
switchto pub mammary,Cmd.MemoryChange,F5_stt:homophone+merge_boundary,,,,,,
set programnumber one,Cmd.MemoryChange,F5_stt:drop_function_word+merge_boundary,,,,,,
er new reminda about fitness,reminders.add,F5_stt:homophone+filler,,,,,,
switch pro gram to number four,Cmd.MemoryChange,F5_stt:drop_function_word+homophone,,,,,,
why does sound drop sometime,Help_DeviceSettings,F5_stt:drop_function_word+drop_plural,,,,,,
um start tv streaming,Cmd.StreamingStart,F5_stt:filler+drop_function_word,,,,,,
you discoveriphone,Cmd.FindMyPhone,F5_stt:drop_function_word+merge_boundary,,,,,,
uh charge statu,Cmd.BatteryLevel,F5_stt:drop_plural+filler,,,,,,
does edge modedrain battery faster,Help_EdgeMode,F5_stt:merge_boundary+drop_function_word,,,,,,
uh does recovery indicate fitnes,Help_HeartRateRecovery,F5_stt:drop_plural+filler,,,,,,
um activate my office pro gram,Cmd.MemoryChange,F5_stt:homophone+filler,,,,,,
er pro gram four,Cmd.MemoryChange,F5_stt:homophone+filler,,,,,,
uh canonly connect,Default Fallback Intent,F5_stt:merge_boundary+filler,,,,,,
can you remind me exercise,reminders.add,F5_stt:drop_function_word+truncate_tail,,,,,,
um can you just curls up inyour ears yet,Default Fallback Intent,F5_stt:filler+merge_boundary,,,,,,
hearing aid fall out when i chew,Help_InsertDevice,F5_stt:drop_plural+drop_function_word,,,,,,
changeto newt,Cmd.MemoryChange,F5_stt:merge_boundary+homophone,,,,,,
how do i reset the volumnon the aid,Help_Volume,F5_stt:homophone+merge_boundary,,,,,,
um pick up tv scream signal,Cmd.StreamingStart,F5_stt:homophone+filler,,,,,,
uh locate arestaurant,Default Fallback Intent,F5_stt:merge_boundary+filler,,,,,,
um helpme track them,Help_FindMyHearingAids,F5_stt:merge_boundary+filler,,,,,,
um what is the way change between settings,Help_ChangingMemories,F5_stt:filler+drop_function_word,,,,,,
please look ep the southwire this wire here go anywhere with this wayyet,Default Fallback Intent,F5_stt:homophone+merge_boundary,,,,,,
uh please changeto restaurant,Cmd.MemoryChange,F5_stt:merge_boundary+filler,,,,,,
help me check if my aide work,Help_SelfCheck,F5_stt:homophone+drop_plural,,,,,,
er will these lastall day,Cmd.BatteryLevel,F5_stt:filler+merge_boundary,,,,,,
setprogramme to auditorium,Cmd.MemoryChange,F5_stt:homophone+merge_boundary,,,,,,
um how do i enable mask mode for,Help_MaskMode,F5_stt:truncate_tail+filler,,,,,,
view body and brain,Help_Health,F5_stt:truncate_tail+drop_function_word,,,,,,
er bring the level doun,Cmd.VolumeDecrease,F5_stt:homophone+filler,,,,,,
how do i adjust the cros balance ontransmitter,Help_WiCROS,F5_stt:drop_function_word+merge_boundary,,,,,,
debony logging ep,Default Fallback Intent,F5_stt:drop_function_word+homophone,,,,,,
canyou speech pro gram,Cmd.MemoryChange,F5_stt:merge_boundary+homophone,,,,,,
um can switch to pub memory,Cmd.MemoryChange,F5_stt:filler+drop_function_word,,,,,,
um tell me my stepped for today,Cmd.ActivityStep,F5_stt:homophone+filler,,,,,,
what are my pro gram choice,Help_MemoryOptions,F5_stt:homophone+drop_plural,,,,,,
what do hearing 8s do when i have fallen,Help_FallAlert,F5_stt:drop_function_word+homophone,,,,,,
turn ep the volume in my left hearing,Cmd.VolumeIncrease,F5_stt:truncate_tail+homophone,,,,,,
switch programme number two,Cmd.MemoryChange,F5_stt:homophone+drop_function_word,,,,,,
change my herringmode,Cmd.MemoryChange,F5_stt:homophone+merge_boundary,,,,,,
what is total thrived number,Help_ThriveScore,F5_stt:drop_function_word+homophone,,,,,,
er how many minute have i exercised this week,Cmd.ActivityExercise,F5_stt:drop_plural+filler,,,,,,
how do i set ep,Help_HearShare,F5_stt:truncate_tail+homophone,,,,,,
route the sound to hearing,Cmd.StreamingStart,F5_stt:truncate_tail+drop_function_word,,,,,,
how do i save setting to my mammary,Help_MemoryOptions,F5_stt:homophone+drop_plural,,,,,,
please set pro gram mute,Cmd.MemoryChange,F5_stt:homophone+drop_function_word,,,,,,
um caloriesjogging,Cmd.ActivityRun,F5_stt:filler+merge_boundary,,,,,,
uh start my cyclingworkout,Cmd.ActivityCycle,F5_stt:filler+merge_boundary,,,,,,
um can you help me find my aide,Help_FindMyHearingAids,F5_stt:filler+homophone,,,,,,
uh set to crowdprogram,Cmd.MemoryChange,F5_stt:merge_boundary+filler,,,,,,
i cannot rememberwhere my aid,Help_FindMyHearingAids,F5_stt:truncate_tail+merge_boundary,,,,,,
please change programme topersonal,Cmd.MemoryChange,F5_stt:merge_boundary+homophone,,,,,,
er turnon streaming,Cmd.StreamingStart,F5_stt:merge_boundary+filler,,,,,,
explain using a voice assistantwith my 8s,Help_VoiceAssistant,F5_stt:merge_boundary+homophone,,,,,,
er please set memory to,Cmd.MemoryChange,F5_stt:filler+truncate_tail,,,,,,
er distance from new jersey,Default Fallback Intent,F5_stt:filler+drop_function_word,,,,,,
explain herringcare anywhere,Help_HearingCareAnywhereConnect,F5_stt:homophone+merge_boundary,,,,,,
um can you set to 80,Cmd.VolumeIncrease,F5_stt:truncate_tail+filler,,,,,,
can you change toeveryday memery,Cmd.MemoryChange,F5_stt:homophone+merge_boundary,,,,,,
how do i set ep the automatic car,Default Fallback Intent,F5_stt:homophone+truncate_tail,,,,,,
how do i turn hearingaids off,Help_Volume,F5_stt:drop_function_word+merge_boundary,,,,,,
can you ss side,Default Fallback Intent,F5_stt:truncate_tail+merge_boundary,,,,,,
please help with loudness change on my aide,Help_Volume,F5_stt:drop_plural+homophone,,,,,,
please it is too low turn it,Cmd.VolumeIncrease,F5_stt:homophone+truncate_tail,,,,,,
how doi change the automatic setting,Help_DeviceSettings,F5_stt:merge_boundary+drop_plural,,,,,,
set my 8s for a noisy,Cmd.MemoryChange,F5_stt:homophone+truncate_tail,,,,,,
setupa remind her,reminders.add,F5_stt:merge_boundary+homophone,,,,,,
everythingsounds fuzzy how do i fix,Help_DeviceSettings,F5_stt:truncate_tail+merge_boundary,,,,,,
uh please change pub,Cmd.MemoryChange,F5_stt:drop_function_word+filler,,,,,,
um can youset program to number four,Cmd.MemoryChange,F5_stt:merge_boundary+filler,,,,,,
um helpme remember this evening,reminders.add,F5_stt:merge_boundary+filler,,,,,,
uh please new reminderabout washing car,reminders.add,F5_stt:merge_boundary+filler,,,,,,
how do i adjust loudness of the tinnitus volume on the,Help_Tinnitus,F5_stt:truncate_tail+drop_function_word,,,,,,
uh howdo i get celeste,Default Fallback Intent,F5_stt:merge_boundary+filler,,,,,,
uh demo modehelp please,Help_DemoMode,F5_stt:merge_boundary+filler,,,,,,
er my iphone is not recognizing left hearing aids,Help_Pairing,F5_stt:drop_function_word+filler,,,,,,
write down whatis being,Cmd.TranscribeStart,F5_stt:truncate_tail+merge_boundary,,,,,,
um sync carbluetooth to hearing aid,Help_Pairing,F5_stt:merge_boundary+filler,,,,,,
how does the thrived score,Help_ThriveScore,F5_stt:truncate_tail+homophone,,,,,,
uh what the remote fitting process,Help_RemoteProgramming,F5_stt:filler+drop_function_word,,,,,,
howdo i share information with my wife,Help_HearShare,F5_stt:drop_function_word+merge_boundary,,,,,,
uh let me hear thing again,Cmd.VolumeUnmute,F5_stt:drop_plural+filler,,,,,,
can you change to telephonememery,Cmd.MemoryChange,F5_stt:homophone+merge_boundary,,,,,,
idid it cros it off,reminders.complete,F5_stt:merge_boundary+drop_plural,,,,,,
um setup reminda,reminders.add,F5_stt:homophone+filler,,,,,,
uh can youmonthly,Default Fallback Intent,F5_stt:merge_boundary+filler,,,,,,
er switch totelephone program,Cmd.MemoryChange,F5_stt:merge_boundary+filler,,,,,,
remind me to buy shoe in paris,reminders.add,F5_stt:homophone+drop_plural,,,,,,
can youmax loudnes,Cmd.VolumeIncrease,F5_stt:drop_plural+merge_boundary,,,,,,
uh does edgemode improve speech clarity,Help_EdgeMode,F5_stt:filler+merge_boundary,,,,,,
uh please remind me work out,reminders.add,F5_stt:drop_function_word+filler,,,,,,
uh can youtelehear,Help_HearingCareAnywhereConnect,F5_stt:filler+merge_boundary,,,,,,
uh create a voice messege,Cmd.SendMessage,F5_stt:homophone+filler,,,,,,
sund is overwhelming me,Cmd.VolumeDecrease,F5_stt:drop_function_word+homophone,,,,,,
ease off the volumn little,Cmd.VolumeDecrease,F5_stt:drop_function_word+homophone,,,,,,
er can you help with accessorie,Help_Accessories,F5_stt:drop_plural+filler,,,,,,
can you set a reminda pick up prescription today at 5 p m,reminders.add,F5_stt:homophone+drop_function_word,,,,,,
uh please set setting to number,Cmd.MemoryChange,F5_stt:truncate_tail+filler,,,,,,
speechtoo sharp,Cmd.VolumeDecrease,F5_stt:drop_function_word+merge_boundary,,,,,,
do i needto walk farther to reach my,Cmd.ActivityWalk,F5_stt:merge_boundary+truncate_tail,,,,,,
can you my volum is too,Cmd.VolumeIncrease,F5_stt:truncate_tail+homophone,,,,,,
how doi get out,Default Fallback Intent,F5_stt:truncate_tail+merge_boundary,,,,,,
doesmast mode help me hear masked voices,Help_MaskMode,F5_stt:homophone+merge_boundary,,,,,,
you i cannot find my rightaid,Help_FindMyHearingAids,F5_stt:merge_boundary+drop_function_word,,,,,,
um can you change to theater pro gram,Cmd.MemoryChange,F5_stt:homophone+filler,,,,,,
um fone,Default Fallback Intent,F5_stt:homophone+filler,,,,,,
set quiet mammary,Cmd.MemoryChange,F5_stt:homophone+drop_function_word,,,,,,
can you you know where they have the check we have to have to shift put in there that is,Default Fallback Intent,F5_stt:drop_function_word+truncate_tail,,,,,,
can turn off my left,Cmd.VolumeMute,F5_stt:truncate_tail+drop_function_word,,,,,,
change restaurant programme,Cmd.MemoryChange,F5_stt:homophone+drop_function_word,,,,,,
put me in music listening,Cmd.MemoryChange,F5_stt:truncate_tail+drop_function_word,,,,,,
uh can you i need help pairing the,Help_Pairing,F5_stt:truncate_tail+filler,,,,,,
uh play last voice message,Cmd.ListenMessage,F5_stt:filler+drop_function_word,,,,,,
uh is mysign,Default Fallback Intent,F5_stt:merge_boundary+filler,,,,,,
what are you doing to check adventure,Default Fallback Intent,F5_stt:drop_function_word+truncate_tail,,,,,,
my aide connected,Help_Pairing,F5_stt:drop_function_word+homophone,,,,,,
uh can you switch program to,Cmd.MemoryChange,F5_stt:truncate_tail+filler,,,,,,
er please set memory auditorium,Cmd.MemoryChange,F5_stt:drop_function_word+filler,,,,,,
er can you wow that is intense intense,Default Fallback Intent,F5_stt:filler+truncate_tail,,,,,,
uh stopstreaming media,Cmd.StreamingStop,F5_stt:filler+merge_boundary,,,,,,
please remember totake medicine tomorrow,reminders.add,F5_stt:merge_boundary+truncate_tail,,,,,,
cani set a program for a,Help_MemoryOptions,F5_stt:merge_boundary+truncate_tail,,,,,,
um upvolume,Cmd.VolumeIncrease,F5_stt:filler+merge_boundary,,,,,,
uh translate userguide,Help_Translate,F5_stt:merge_boundary+filler,,,,,,
you change to school pro gram,Cmd.MemoryChange,F5_stt:drop_function_word+homophone,,,,,,
um how do i decrease the loudnes in the hearing aid,Help_Volume,F5_stt:filler+drop_plural,,,,,,
howdo i customize my hearing aid,Help_Customize,F5_stt:truncate_tail+merge_boundary,,,,,,
uh please want to move up yeah i,Default Fallback Intent,F5_stt:truncate_tail+filler,,,,,,
when would i senda manual alert text,Help_FallAlert,F5_stt:truncate_tail+merge_boundary,,,,,,
er please more volume on hearing,Cmd.VolumeIncrease,F5_stt:filler+truncate_tail,,,,,,
younew reminder about washing car,reminders.add,F5_stt:drop_function_word+merge_boundary,,,,,,
remind me to deliver to saint barbara catholic church on friday 9 to 9,reminders.add,F5_stt:homophone+truncate_tail,,,,,,
please turnmy left hearing aid,Cmd.VolumeMute,F5_stt:merge_boundary+truncate_tail,,,,,,
set pro gram to quiet,Cmd.MemoryChange,F5_stt:drop_function_word+homophone,,,,,,
uh start a messege,Cmd.SendMessage,F5_stt:homophone+filler,,,,,,
pleasereturn to initial setting,Default Fallback Intent,F5_stt:merge_boundary+drop_plural,,,,,,
can youmin sounds,Cmd.VolumeDecrease,F5_stt:homophone+merge_boundary,,,,,,
i wrapped that ep mark it,reminders.complete,F5_stt:homophone+truncate_tail,,,,,,
give me tv watching,Cmd.MemoryChange,F5_stt:truncate_tail+drop_function_word,,,,,,
please remind me at 1 p m that i have,reminders.add,F5_stt:merge_boundary+truncate_tail,,,,,,
uh when would i stop manual alert,Help_FallAlert,F5_stt:filler+drop_function_word,,,,,,
wendy' double tapped it and has not worked,Default Fallback Intent,F5_stt:drop_plural+drop_function_word,,,,,,
i want leave amessage,Cmd.SendMessage,F5_stt:merge_boundary+drop_function_word,,,,,,
turn down the volume on thehearing 8,Cmd.VolumeDecrease,F5_stt:merge_boundary+homophone,,,,,,
um sounds off,Cmd.VolumeMute,F5_stt:filler+homophone,,,,,,
uh remind me in 15 minutes to go to the bar,reminders.add,F5_stt:homophone+filler,,,,,,
uh buti want to see,Default Fallback Intent,F5_stt:filler+merge_boundary,,,,,,
switchpro gram to golf,Cmd.MemoryChange,F5_stt:homophone+merge_boundary,,,,,,
trans late how much do i owe you inespañol,Cmd.TranslationStart,F5_stt:merge_boundary+homophone,,,,,,
uh switch program to crowd,Cmd.MemoryChange,F5_stt:filler+drop_function_word,,,,,,
please where' dnn speechenhancement,Help_IntelliVoice,F5_stt:drop_plural+merge_boundary,,,,,,
er give meaudio again,Cmd.VolumeUnmute,F5_stt:merge_boundary+filler,,,,,,
uh turn up volume in my right hearing aid,Cmd.VolumeIncrease,F5_stt:drop_function_word+filler,,,,,,
er howdoes fall detection work,Help_FallAlert,F5_stt:merge_boundary+filler,,,,,,
er switch mammary to automatic,Cmd.MemoryChange,F5_stt:homophone+filler,,,,,,
er how do you fix your,Default Fallback Intent,F5_stt:truncate_tail+filler,,,,,,
make myaid silent,Cmd.VolumeMute,F5_stt:drop_function_word+merge_boundary,,,,,,
um information on the brainscore,Help_ThriveScore,F5_stt:filler+merge_boundary,,,,,,
um how do i add an automatic telephone programme,Help_DeviceSettings,F5_stt:filler+homophone,,,,,,
um pleaseset to crowd program,Cmd.MemoryChange,F5_stt:merge_boundary+filler,,,,,,
er how do caption work on my aids,Help_Transcribe,F5_stt:drop_plural+filler,,,,,,
how do i increase activity,Help_ThriveScore,F5_stt:drop_function_word+truncate_tail,,,,,,
uh put me in restaurantmode,Cmd.MemoryChange,F5_stt:merge_boundary+filler,,,,,,
um please calorie burned today,Cmd.ActivityCalories,F5_stt:filler+drop_plural,,,,,,
how do i unpair tv,Help_Accessories,F5_stt:drop_function_word+truncate_tail,,,,,,
uh quit streaming television,Cmd.StreamingStop,F5_stt:filler+drop_function_word,,,,,,
er can you change settingto two,Cmd.MemoryChange,F5_stt:filler+merge_boundary,,,,,,
uh can you make it,Cmd.VolumeIncrease,F5_stt:filler+truncate_tail,,,,,,
uh give me little quiet,Cmd.VolumeDecrease,F5_stt:filler+drop_function_word,,,,,,
er decrease volume,Cmd.VolumeDecrease,F5_stt:filler+drop_function_word,,,,,,
uh turn onlight,Default Fallback Intent,F5_stt:merge_boundary+filler,,,,,,
uh please show me an overview ofthis app,Help_WhatsNew,F5_stt:merge_boundary+filler,,,,,,
er how do i change to a different memory on my 8,Help_ChangingMemories,F5_stt:filler+homophone,,,,,,
um can stop recording,Cmd.TranscribeStart,F5_stt:drop_function_word+filler,,,,,,
please re mind me to take my medicine tuesday morning at 10 a,reminders.add,F5_stt:truncate_tail+homophone,,,,,,
um how do i find my right,Help_FindMyHearingAids,F5_stt:filler+truncate_tail,,,,,,
um itis too quiet,Cmd.VolumeIncrease,F5_stt:filler+merge_boundary,,,,,,
er amazon screenis dark,Default Fallback Intent,F5_stt:merge_boundary+filler,,,,,,
set pro gram car,Cmd.MemoryChange,F5_stt:drop_function_word+homophone,,,,,,
er wax build ep,Help_CleanCare,F5_stt:filler+homophone,,,,,,
um why cannot ihear anything through,Help_Pairing,F5_stt:merge_boundary+filler,,,,,,
set noise pro gram,Cmd.MemoryChange,F5_stt:homophone+drop_function_word,,,,,,
er you tell me what how much do i owe you would be in español,Cmd.TranslationStart,F5_stt:drop_function_word+filler,,,,,,
end tv screaming,Cmd.StreamingStop,F5_stt:drop_function_word+homophone,,,,,,
how do ireduce machine,Help_Customize,F5_stt:truncate_tail+merge_boundary,,,,,,
um remind me take medicine in 2 minutes,reminders.add,F5_stt:drop_function_word+filler,,,,,,
how do i adjust mynoise masker in my hearing,Help_Tinnitus,F5_stt:truncate_tail+merge_boundary,,,,,,
please volume ep leftaid,Cmd.VolumeIncrease,F5_stt:homophone+merge_boundary,,,,,,
uh can you i cannot find my android foam,Cmd.FindMyPhone,F5_stt:filler+homophone,,,,,,
can you set mammary toeveryday,Cmd.MemoryChange,F5_stt:merge_boundary+homophone,,,,,,
please smile so we are going to go,Default Fallback Intent,F5_stt:merge_boundary+truncate_tail,,,,,,
um ineed some assistance,Help_Home,F5_stt:merge_boundary+filler,,,,,,
er please change setting to number,Cmd.MemoryChange,F5_stt:truncate_tail+filler,,,,,,
uh can youcalories burned today,Cmd.ActivityCalories,F5_stt:merge_boundary+filler,,,,,,
erthat sounds too loud,Cmd.VolumeDecrease,F5_stt:filler+merge_boundary,,,,,,
can set to music memery,Cmd.MemoryChange,F5_stt:drop_function_word+homophone,,,,,,
i got a chica phone if you canfind her something,Default Fallback Intent,F5_stt:merge_boundary+truncate_tail,,,,,,
uh you help me send a message,Cmd.SendMessage,F5_stt:drop_function_word+filler,,,,,,
uh how do i invite someone to,Help_HearShare,F5_stt:truncate_tail+filler,,,,,,
how long to fully charge hearing,Help_Battery,F5_stt:truncate_tail+drop_function_word,,,,,,
um lost foam,Cmd.FindMyPhone,F5_stt:homophone+filler,,,,,,
uh done dealt with that remind her,reminders.complete,F5_stt:homophone+filler,,,,,,
where should i start manual alert textmessage,Help_FallAlert,F5_stt:merge_boundary+drop_function_word,,,,,,
how do i geotag a location toa memery,Help_MemoryOptions,F5_stt:homophone+merge_boundary,,,,,,
is my hearing aidpaired to the foam,Help_Pairing,F5_stt:homophone+merge_boundary,,,,,,
um can you keep track of this forme,reminders.add,F5_stt:merge_boundary+filler,,,,,,
um can you in a way this cause i just kind of taking away,Default Fallback Intent,F5_stt:filler+truncate_tail,,,,,,
um help with body score,Help_ThriveScore,F5_stt:drop_function_word+filler,,,,,,
er can you set to golfmemory,Cmd.MemoryChange,F5_stt:merge_boundary+filler,,,,,,
can you help with white noiseadjustments in my hearing aides,Help_Tinnitus,F5_stt:merge_boundary+homophone,,,,,,
uh change memory number two,Cmd.MemoryChange,F5_stt:drop_function_word+filler,,,,,,
can you switch memory,Cmd.MemoryChange,F5_stt:truncate_tail+drop_function_word,,,,,,
um please switch setting number one,Cmd.MemoryChange,F5_stt:filler+drop_function_word,,,,,,
uh turn off remotemic streaming,Cmd.StreamingStop,F5_stt:merge_boundary+filler,,,,,,
er break it down forme,Help_Home,F5_stt:merge_boundary+filler,,,,,,
canspeech memory,Cmd.MemoryChange,F5_stt:drop_function_word+merge_boundary,,,,,,
uh am i good on batterie,Cmd.BatteryLevel,F5_stt:drop_plural+filler,,,,,,
raichu computerprogramming suite on binary,Default Fallback Intent,F5_stt:truncate_tail+merge_boundary,,,,,,
uh what otherfun things to do in baltimore,Default Fallback Intent,F5_stt:merge_boundary+filler,,,,,,
uh howdo i clean my itc hearing aids,Help_CleanCare,F5_stt:filler+merge_boundary,,,,,,
uh how i customize my hearing aids,Help_Customize,F5_stt:drop_function_word+filler,,,,,,
um pleasednn speech enhancement help,Help_IntelliVoice,F5_stt:merge_boundary+filler,,,,,,
how do i adjust thetv,Help_Accessories,F5_stt:truncate_tail+merge_boundary,,,,,,
uh how can i use my hearing,Help_Home,F5_stt:truncate_tail+filler,,,,,,
uh remind me to workout tomorrow morning at 6,reminders.add,F5_stt:drop_function_word+filler,,,,,,
right hearing aid does not,Help_SelfCheck,F5_stt:truncate_tail+drop_function_word,,,,,,
um how do i use app without aids connected,Help_DemoMode,F5_stt:filler+drop_function_word,,,,,,
um pleaseswitch memory to crowd,Cmd.MemoryChange,F5_stt:merge_boundary+filler,,,,,,
uh please makethe sound higher,Cmd.VolumeIncrease,F5_stt:filler+merge_boundary,,,,,,
umeveryday is exciting,Default Fallback Intent,F5_stt:filler+merge_boundary,,,,,,
hear last massage,Cmd.ListenMessage,F5_stt:drop_function_word+homophone,,,,,,
uh canyou kitchen setting,Cmd.MemoryChange,F5_stt:filler+merge_boundary,,,,,,
uh can you remind her,reminders.add,F5_stt:homophone+filler,,,,,,
er can you remind me i have a meeting,reminders.add,F5_stt:filler+homophone,,,,,,
er how do i change to a different memery on my hearing aids,Help_ChangingMemories,F5_stt:filler+homophone,,,,,,
uh return the sound to my,Cmd.VolumeUnmute,F5_stt:filler+truncate_tail,,,,,,
er ratchet it down a,Cmd.VolumeDecrease,F5_stt:filler+truncate_tail,,,,,,
um can you setreminder,reminders.add,F5_stt:merge_boundary+filler,,,,,,
er how can i demo my fall alert indicator,Help_FallAlert,F5_stt:filler+drop_plural,,,,,,
um switch golf,Cmd.MemoryChange,F5_stt:filler+drop_function_word,,,,,,
er pleasehelp with remote mic,Help_Accessories,F5_stt:merge_boundary+filler,,,,,,
remind me to go tothe doctor,reminders.add,F5_stt:merge_boundary+drop_function_word,,,,,,
um am i close empty,Cmd.BatteryLevel,F5_stt:filler+drop_function_word,,,,,,
uh please switch program to mast,Cmd.MemoryChange,F5_stt:homophone+filler,,,,,,
er i need you to remind,reminders.add,F5_stt:filler+truncate_tail,,,,,,
uh nothing i share publicly,Default Fallback Intent,F5_stt:drop_function_word+filler,,,,,,
can you switchprogram to number,Cmd.MemoryChange,F5_stt:merge_boundary+truncate_tail,,,,,,
can youchange pro gram to number four,Cmd.MemoryChange,F5_stt:homophone+merge_boundary,,,,,,
uh onkyo receiver,Default Fallback Intent,F5_stt:filler,,,,,,
can you who has the best chinese food in sioux,Default Fallback Intent,F5_stt:drop_plural+truncate_tail,,,,,,
i cannot find hearing,Help_FindMyHearingAids,F5_stt:truncate_tail+drop_function_word,,,,,,
er please i cannot find my hearing,Help_FindMyHearingAids,F5_stt:truncate_tail+filler,,,,,,
um master memery,Cmd.MemoryChange,F5_stt:homophone+filler,,,,,,
how doi enable mask,Help_MaskMode,F5_stt:truncate_tail+merge_boundary,,,,,,
er help meuse hearshare,Help_HearShare,F5_stt:merge_boundary+filler,,,,,,
remind me that i have doctor's,reminders.add,F5_stt:truncate_tail+drop_function_word,,,,,,
change pro gram television,Cmd.MemoryChange,F5_stt:drop_function_word+homophone,,,,,,
remind me everyday to read a book at 6 p,reminders.add,F5_stt:drop_function_word+truncate_tail,,,,,,
log aerobicssession,Cmd.ActivityAerobics,F5_stt:drop_function_word+merge_boundary,,,,,,
imisplaced aid,Help_FindMyHearingAids,F5_stt:drop_function_word+merge_boundary,,,,,,
turn off the volumein my left hearing aide,Cmd.VolumeMute,F5_stt:merge_boundary+homophone,,,,,,
um speech setting,Cmd.MemoryChange,F5_stt:filler,,,,,,
can youlocate hearing aid,Help_FindMyHearingAids,F5_stt:drop_function_word+merge_boundary,,,,,,
um take me quick start,Help_WhatsNew,F5_stt:filler+drop_function_word,,,,,,
how will i know when herring care specialist adjusted my hearing aid,Help_RemoteProgramming,F5_stt:drop_function_word+homophone,,,,,,
um i cannot hearthe speaker well,Cmd.VolumeIncrease,F5_stt:filler+merge_boundary,,,,,,
are you guys working from home now or you in,Default Fallback Intent,F5_stt:merge_boundary+truncate_tail,,,,,,
uh help with changing memorie using my thrive app,Help_ChangingMemories,F5_stt:drop_plural+filler,,,,,,
can loud music cause tinnitu,Help_Tinnitus,F5_stt:truncate_tail+drop_plural,,,,,,
can you provincial hearin this is waiting to see how can i help,Default Fallback Intent,F5_stt:truncate_tail+homophone,,,,,,
fire offa text to a,Cmd.SendMessage,F5_stt:merge_boundary+truncate_tail,,,,,,
umi already did that one clear it,reminders.complete,F5_stt:filler+merge_boundary,,,,,,
um stepcount please,Cmd.ActivityStep,F5_stt:merge_boundary+filler,,,,,,
uh drop a messege,Cmd.SendMessage,F5_stt:homophone+filler,,,,,,
er what does shared listening,Help_HearShare,F5_stt:filler+truncate_tail,,,,,,
how doi turn off mask,Help_MaskMode,F5_stt:merge_boundary+truncate_tail,,,,,,
can self check userguide,Help_SelfCheck,F5_stt:merge_boundary+drop_function_word,,,,,,
helpwith poor audio from my 8s,Help_DeviceSettings,F5_stt:homophone+merge_boundary,,,,,,
i cannot find my right,Help_FindMyHearingAids,F5_stt:homophone+truncate_tail,,,,,,
guide me onrunning a device,Help_SelfCheck,F5_stt:truncate_tail+merge_boundary,,,,,,
pleasechange to school memery,Cmd.MemoryChange,F5_stt:merge_boundary+homophone,,,,,,
um text a contact with news,Cmd.SendMessage,F5_stt:drop_function_word+filler,,,,,,
uh you train memory,Cmd.MemoryChange,F5_stt:drop_function_word+filler,,,,,,
please i need to disconnect my hearing aidfrom phone,Help_Pairing,F5_stt:merge_boundary+drop_function_word,,,,,,
what does engagement scoremean,Help_ThriveScore,F5_stt:drop_function_word+merge_boundary,,,,,,
switch to automatic memery,Cmd.MemoryChange,F5_stt:homophone+drop_function_word,,,,,,
uh how do i see how many stepped i walked today,Help_Health,F5_stt:filler+homophone,,,,,,
can tern on first plug,Default Fallback Intent,F5_stt:drop_function_word+homophone,,,,,,
er begin recording,Cmd.TranscribeStart,F5_stt:filler,,,,,,
can you help me change tinnitu pro gram,Help_Tinnitus,F5_stt:drop_plural+homophone,,,,,,
er remember wash my car,reminders.add,F5_stt:filler+drop_function_word,,,,,,
um please setto golf program,Cmd.MemoryChange,F5_stt:filler+merge_boundary,,,,,,
uh that reminder complete,reminders.complete,F5_stt:filler+drop_function_word,,,,,,
canyou my hearing 8s have too much treble,Help_Customize,F5_stt:merge_boundary+homophone,,,,,,
er where do i cancel a fall alert text,Help_FallAlert,F5_stt:truncate_tail+filler,,,,,,
um show me my heart rate,Help_HeartRate,F5_stt:truncate_tail+filler,,,,,,
what isthe ringing in my,Help_Tinnitus,F5_stt:merge_boundary+truncate_tail,,,,,,
um where do i see myreminders,Help_Reminder,F5_stt:merge_boundary+filler,,,,,,
can you remind me to get groceries every month on 15th at 1 p m,reminders.add,F5_stt:homophone+drop_function_word,,,,,,
er help with pairingmy aids,Help_Pairing,F5_stt:merge_boundary+filler,,,,,,
um show help guidefor kind,Help_ThriveScore,F5_stt:merge_boundary+filler,,,,,,
i am seated in a crowded,Cmd.MemoryChange,F5_stt:merge_boundary+truncate_tail,,,,,,
can you turn down the volume on thehearing,Cmd.VolumeDecrease,F5_stt:truncate_tail+merge_boundary,,,,,,
um can you sorry i did not give you a,Default Fallback Intent,F5_stt:truncate_tail+filler,,,,,,
what did my contact sendme,Cmd.ListenMessage,F5_stt:merge_boundary+drop_plural,,,,,,
how do i show the app without hearing,Help_DemoMode,F5_stt:homophone+truncate_tail,,,,,,
explain how myaudiologist tunes me,Help_RemoteProgramming,F5_stt:merge_boundary+truncate_tail,,,,,,
um startremote streaming,Cmd.StreamingStart,F5_stt:filler+merge_boundary,,,,,,
umhow do i get a better body score,Help_ThriveScore,F5_stt:filler+merge_boundary,,,,,,
pleaseplease diagnose my herring aids,Help_SelfCheck,F5_stt:homophone+merge_boundary,,,,,,
uh voice assistant helpplease,Help_VoiceAssistant,F5_stt:merge_boundary+filler,,,,,,
and if the size is little side street they sent angels,Default Fallback Intent,F5_stt:truncate_tail+drop_function_word,,,,,,
uh can direction of the sound,Default Fallback Intent,F5_stt:drop_function_word+filler,,,,,,
er please remember to take medicine today at 5 p,reminders.add,F5_stt:filler+truncate_tail,,,,,,
uh help withmemory presets,Help_MemoryOptions,F5_stt:merge_boundary+filler,,,,,,
uh self checkhelp,Help_SelfCheck,F5_stt:merge_boundary+filler,,,,,,
er can you turn lights off,Default Fallback Intent,F5_stt:drop_function_word+filler,,,,,,
decrease value in myhearing aids,Cmd.VolumeDecrease,F5_stt:merge_boundary+homophone,,,,,,
um what is new in this,Help_WhatsNew,F5_stt:filler+truncate_tail,,,,,,
how do i wash herring aid,Help_CleanCare,F5_stt:homophone+drop_function_word,,,,,,
er pleaseset to mute memory,Cmd.MemoryChange,F5_stt:merge_boundary+filler,,,,,,
um scream,Cmd.StreamingStart,F5_stt:filler+homophone,,,,,,
what the voice assistantdo,Help_VoiceAssistant,F5_stt:drop_function_word+merge_boundary,,,,,,
can you remind me book a parking spot formy carnival cruise,reminders.add,F5_stt:merge_boundary+drop_function_word,,,,,,
er help with tinnitus volum adjustments on my aids,Help_Tinnitus,F5_stt:homophone+filler,,,,,,
the sound battering my,Cmd.VolumeDecrease,F5_stt:truncate_tail+drop_function_word,,,,,,
um let me recordsomething for someone,Cmd.SendMessage,F5_stt:merge_boundary+filler,,,,,,
switch memery to number three,Cmd.MemoryChange,F5_stt:drop_function_word+homophone,,,,,,
please where's google fone,Cmd.FindMyPhone,F5_stt:homophone+drop_function_word,,,,,,
re mind me about the parent teacher meeting on friday,reminders.add,F5_stt:drop_function_word+homophone,,,,,,
re mind me totake medicine next thursday at 4 p m,reminders.add,F5_stt:homophone+merge_boundary,,,,,,
er this isoverwhelming,Cmd.VolumeDecrease,F5_stt:filler+merge_boundary,,,,,,
um can you re mind me i have a doctor's appointment,reminders.add,F5_stt:filler+homophone,,,,,,
er canyou yearly,Default Fallback Intent,F5_stt:merge_boundary+filler,,,,,,
i use the app withouta hearing aid,Help_DemoMode,F5_stt:drop_function_word+merge_boundary,,,,,,
can pro gram one,Cmd.MemoryChange,F5_stt:homophone+drop_function_word,,,,,,
uh minsound,Cmd.VolumeDecrease,F5_stt:filler+merge_boundary,,,,,,
uh it is bothering about the fit,Default Fallback Intent,F5_stt:filler+drop_function_word,,,,,,
uh locate iphone,Cmd.FindMyPhone,F5_stt:filler,,,,,,
reduce wind noisein tough condition,Help_EdgeMode,F5_stt:merge_boundary+drop_plural,,,,,,
how do i change loudnes on just one aid,Help_Volume,F5_stt:drop_plural+drop_function_word,,,,,,
can you hello just a hearing aid the volume on my herring aids bye,Default Fallback Intent,F5_stt:homophone+truncate_tail,,,,,,
er add reminda,reminders.add,F5_stt:homophone+filler,,,,,,
hey google tern on the master lamps,Default Fallback Intent,F5_stt:homophone+drop_function_word,,,,,,
uh how many minutes have i been,Cmd.ActivityCycle,F5_stt:truncate_tail+filler,,,,,,
can just keep me that you,Default Fallback Intent,F5_stt:drop_function_word+truncate_tail,,,,,,
uh off value,Cmd.VolumeMute,F5_stt:homophone+filler,,,,,,
um help with thrivescore,Help_ThriveScore,F5_stt:merge_boundary+filler,,,,,,
uh batter e information,Cmd.BatteryLevel,F5_stt:filler+homophone,,,,,,
umcan you minimum volume,Cmd.VolumeDecrease,F5_stt:filler+merge_boundary,,,,,,
uhgolf setting,Cmd.MemoryChange,F5_stt:filler+merge_boundary,,,,,,
you havei stood an hour,Cmd.ActivityStand,F5_stt:merge_boundary+drop_function_word,,,,,,
uh what is new in this drive app,Help_WhatsNew,F5_stt:homophone+filler,,,,,,
can you change programme to,Cmd.MemoryChange,F5_stt:homophone+truncate_tail,,,,,,
uh please switch programto four,Cmd.MemoryChange,F5_stt:merge_boundary+filler,,,,,,
track my bpmon app,Help_HeartRate,F5_stt:drop_function_word+merge_boundary,,,,,,
uh go topersonal,Cmd.MemoryChange,F5_stt:filler+merge_boundary,,,,,,
stop listeningplease ask you a,Default Fallback Intent,F5_stt:truncate_tail+merge_boundary,,,,,,
uh can yousalsa on my left,Default Fallback Intent,F5_stt:filler+merge_boundary,,,,,,
uh what is new in my,Help_WhatsNew,F5_stt:filler+truncate_tail,,,,,,
er so that your hearing,Default Fallback Intent,F5_stt:drop_function_word+filler,,,,,,
er can you i cannot remember where my hearin aids are,Help_FindMyHearingAids,F5_stt:filler+homophone,,,,,,
you start translating infrench,Cmd.TranslationStart,F5_stt:merge_boundary+drop_function_word,,,,,,
set pro gramto three,Cmd.MemoryChange,F5_stt:homophone+merge_boundary,,,,,,
please help with pairing hearing aids onthe fone,Help_Pairing,F5_stt:homophone+merge_boundary,,,,,,
please i need help with paring my,Help_Pairing,F5_stt:homophone+truncate_tail,,,,,,
please pleasecall the karate,Default Fallback Intent,F5_stt:truncate_tail+merge_boundary,,,,,,
um please increase thevolume,Cmd.VolumeIncrease,F5_stt:merge_boundary+filler,,,,,,
uh explain battery option for my aids,Help_Battery,F5_stt:filler+drop_plural,,,,,,
uh please switch programme to home,Cmd.MemoryChange,F5_stt:homophone+filler,,,,,,
uh where' intelligent voice,Help_IntelliVoice,F5_stt:drop_plural+filler,,,,,,
er office pro gram,Cmd.MemoryChange,F5_stt:homophone+filler,,,,,,
uh adjust right ear for higher sund,Cmd.VolumeIncrease,F5_stt:homophone+filler,,,,,,
um how do i deletethe accessory,Help_Accessories,F5_stt:merge_boundary+filler,,,,,,
turn off tv screaming,Cmd.StreamingStop,F5_stt:homophone+drop_function_word,,,,,,
elsa texa offhuh,Default Fallback Intent,F5_stt:merge_boundary+drop_plural,,,,,,
er howcould i initiate a manual alert,Help_FallAlert,F5_stt:merge_boundary+filler,,,,,,
can setto noise program,Cmd.MemoryChange,F5_stt:drop_function_word+merge_boundary,,,,,,
what isnew in app,Help_WhatsNew,F5_stt:merge_boundary+drop_function_word,,,,,,
er please disable my hearing 8s,Cmd.VolumeMute,F5_stt:homophone+filler,,,,,,
batter e charge remaining,Cmd.BatteryLevel,F5_stt:drop_function_word+homophone,,,,,,
um can you molestinghearing aids to cousin,Default Fallback Intent,F5_stt:filler+merge_boundary,,,,,,
uh how doi make eggs,Default Fallback Intent,F5_stt:merge_boundary+filler,,,,,,
can switchto personal,Cmd.MemoryChange,F5_stt:merge_boundary+drop_function_word,,,,,,
um can you reduce the hearing aid volum,Cmd.VolumeDecrease,F5_stt:homophone+filler,,,,,,
someone was supposed call me and i neverdo,Default Fallback Intent,F5_stt:drop_function_word+merge_boundary,,,,,,
uh what adjustments can i make on thehome screen,Help_Home,F5_stt:filler+merge_boundary,,,,,,
is there a video on how to insert hearin aids into my,Help_InsertDevice,F5_stt:homophone+truncate_tail,,,,,,
uh every day,reminders.add,F5_stt:filler,,,,,,
er please live in your ear if there a wire,Default Fallback Intent,F5_stt:drop_function_word+filler,,,,,,
er beginlive translation,Cmd.TranslationStart,F5_stt:merge_boundary+filler,,,,,,
er pairleft aid,Help_Pairing,F5_stt:filler+merge_boundary,,,,,,
uh please find the product name herring aids starkly,Help_DeviceSettings,F5_stt:filler+homophone,,,,,,
uh can you switch office memory,Cmd.MemoryChange,F5_stt:filler+drop_function_word,,,,,,
um how do i use the demo,Help_DemoMode,F5_stt:truncate_tail+filler,,,,,,
um can my audiologist adjust my hearingaids remotely,Help_RemoteProgramming,F5_stt:filler+merge_boundary,,,,,,
can youset reminder,reminders.add,F5_stt:merge_boundary+drop_plural,,,,,,
what on thehealth screen,Help_Health,F5_stt:merge_boundary+drop_function_word,,,,,,
helpwith pairing my hearing aids with the phone,Help_Pairing,F5_stt:merge_boundary+drop_function_word,,,,,,
remind me tovitamin d at 7 p m,reminders.add,F5_stt:truncate_tail+merge_boundary,,,,,,
canyou remember take medicine,reminders.add,F5_stt:merge_boundary+drop_function_word,,,,,,
how will i know when hearing specialist adjusted myaid,Help_RemoteProgramming,F5_stt:drop_function_word+merge_boundary,,,,,,
uh newreminder please,reminders.add,F5_stt:merge_boundary+filler,,,,,,
er can you calorieswalking,Cmd.ActivityWalk,F5_stt:merge_boundary+filler,,,,,,
what myvolume control,Help_Volume,F5_stt:merge_boundary+drop_function_word,,,,,,
um what is the best wayto clean my hearing aids,Help_CleanCare,F5_stt:filler+merge_boundary,,,,,,
uh please change program number four,Cmd.MemoryChange,F5_stt:filler+drop_function_word,,,,,,
um how do i change the smart assistant,Help_AppSettings,F5_stt:truncate_tail+filler,,,,,,
um remember this forme,reminders.add,F5_stt:filler+merge_boundary,,,,,,
are the aids connected tothe,Help_Pairing,F5_stt:truncate_tail+merge_boundary,,,,,,
what mast mode,Help_MaskMode,F5_stt:drop_function_word+homophone,,,,,,
please ami close to my running,Cmd.ActivityRun,F5_stt:truncate_tail+merge_boundary,,,,,,
how do i adjust my loudness of the tinnitu volume on hearing aid,Help_Tinnitus,F5_stt:drop_function_word+drop_plural,,,,,,
um what does this intelligent voice,Help_IntelliVoice,F5_stt:truncate_tail+filler,,,,,,
um disable my hearin aids,Cmd.VolumeMute,F5_stt:homophone+filler,,,,,,
uh play it again,Cmd.ListenMessage,F5_stt:drop_function_word+filler,,,,,,
er find my 8s help,Help_FindMyHearingAids,F5_stt:homophone+filler,,,,,,
howdo i know if my hearing aides are connected to my app,Help_Pairing,F5_stt:merge_boundary+homophone,,,,,,
how do i acces my hearing aid,Help_ChangingMemories,F5_stt:truncate_tail+drop_plural,,,,,,
um recordthis walk,Cmd.ActivityWalk,F5_stt:merge_boundary+filler,,,,,,
er send note to dad,Cmd.SendMessage,F5_stt:drop_function_word+filler,,,,,,
how do i contact professional for,Help_RemoteProgramming,F5_stt:truncate_tail+drop_function_word,,,,,,
can connect right aide,Help_Pairing,F5_stt:drop_function_word+homophone,,,,,,
i want to listen to the tv through my,Cmd.StreamingStart,F5_stt:homophone+truncate_tail,,,,,,
can you getting customer exactly with a freewireless,Default Fallback Intent,F5_stt:drop_plural+merge_boundary,,,,,,
uh soit goes back it goes back to the memory or in,Default Fallback Intent,F5_stt:filler+merge_boundary,,,,,,
i am off for stroll please track,Cmd.ActivityWalk,F5_stt:truncate_tail+drop_function_word,,,,,,
er please please re mind me to call,reminders.add,F5_stt:filler+homophone,,,,,,
er it is a weekendtell everybody how the pretty mutual customize your car insurance,Default Fallback Intent,F5_stt:filler+merge_boundary,,,,,,
er can connecting sony nikon,Default Fallback Intent,F5_stt:filler+drop_function_word,,,,,,
uh can volume increase,Cmd.VolumeIncrease,F5_stt:filler+drop_function_word,,,,,,
uh remind me to take out trash,reminders.add,F5_stt:filler+drop_function_word,,,,,,
er i finished thatreminder mark it,reminders.complete,F5_stt:merge_boundary+filler,,,,,,
can you no tv remote in fry',Default Fallback Intent,F5_stt:drop_plural+truncate_tail,,,,,,
er what does brainscore mean,Help_ThriveScore,F5_stt:filler+merge_boundary,,,,,,
er how could i start a manual alert messege,Help_FallAlert,F5_stt:filler+homophone,,,,,,
er can you i have got a pc gaming,Default Fallback Intent,F5_stt:truncate_tail+filler,,,,,,
uh why do my aids,Help_DeviceSettings,F5_stt:filler+truncate_tail,,,,,,
um how do i adjust mini remote mic,Help_Accessories,F5_stt:drop_function_word+filler,,,,,,
how do i reach my audiologist through,Help_HearingCareAnywhereConnect,F5_stt:truncate_tail+drop_function_word,,,,,,
um link driveto hearing aid,Help_Pairing,F5_stt:merge_boundary+filler,,,,,,
um please set memory outdoors,Cmd.MemoryChange,F5_stt:drop_function_word+filler,,,,,,
please switch mut program,Cmd.MemoryChange,F5_stt:drop_function_word+homophone,,,,,,
canyou set reminder to take medicine at 1 p,reminders.add,F5_stt:truncate_tail+merge_boundary,,,,,,
let another person hear what,Help_HearShare,F5_stt:merge_boundary+truncate_tail,,,,,,
er can use soap to clean hearing aids,Help_CleanCare,F5_stt:drop_function_word+filler,,,,,,
can hearingaids handle water,Help_CleanCare,F5_stt:merge_boundary+drop_function_word,,,,,,
please tern volume on,Cmd.VolumeUnmute,F5_stt:drop_function_word+homophone,,,,,,
helpwith loudnes changes on my aid,Help_Volume,F5_stt:merge_boundary+drop_plural,,,,,,
how do i turned down the volume in aids,Help_Volume,F5_stt:drop_function_word+homophone,,,,,,
er i do not understand their foreignlanguage,Cmd.TranslationStart,F5_stt:filler+merge_boundary,,,,,,
uh forwardthis to someone,Cmd.SendMessage,F5_stt:merge_boundary+filler,,,,,,
transcribethi conversation,Cmd.TranscribeStart,F5_stt:merge_boundary+drop_plural,,,,,,
pleaseset memory kitchen,Cmd.MemoryChange,F5_stt:merge_boundary+drop_function_word,,,,,,
pleasehelp me find my,Help_FindMyHearingAids,F5_stt:truncate_tail+merge_boundary,,,,,,
how do i change another memory on my hearing,Help_ChangingMemories,F5_stt:truncate_tail+drop_function_word,,,,,,
um rememberi came in here and,Default Fallback Intent,F5_stt:merge_boundary+filler,,,,,,
how do i change programme,Help_ChangingMemories,F5_stt:drop_plural+homophone,,,,,,
what is cross balance control,Help_WiCROS,F5_stt:drop_function_word+homophone,,,,,,
volum off rightaid,Cmd.VolumeMute,F5_stt:homophone+merge_boundary,,,,,,
can setting numbertwo,Cmd.MemoryChange,F5_stt:drop_function_word+merge_boundary,,,,,,
um what is on the healthdashboard,Help_Health,F5_stt:filler+merge_boundary,,,,,,
uh itsounds faint,Cmd.VolumeIncrease,F5_stt:merge_boundary+filler,,,,,,
um help understandingthe translate feature,Help_Translate,F5_stt:merge_boundary+filler,,,,,,
uh how do i save the adjustments made by the hearing care,Help_RemoteProgramming,F5_stt:truncate_tail+filler,,,,,,
how do ilook after my hearing 8s,Help_CleanCare,F5_stt:homophone+merge_boundary,,,,,,
um can you help with changing memorys using my app,Help_ChangingMemories,F5_stt:filler+homophone,,,,,,
um connect directly to 8s,Cmd.StreamingStart,F5_stt:homophone+filler,,,,,,
uh where is thehome screen,Help_Home,F5_stt:merge_boundary+filler,,,,,,
er i bet those talking 7 eleven,Default Fallback Intent,F5_stt:filler+drop_function_word,,,,,,
er log a cyclingsession,Cmd.ActivityCycle,F5_stt:filler+merge_boundary,,,,,,
uh its loudyhere,Cmd.VolumeDecrease,F5_stt:filler+merge_boundary,,,,,,
um how do i unpair my hearing aid from phone,Help_Pairing,F5_stt:drop_function_word+filler,,,,,,
guideme on using translated,Help_Translate,F5_stt:merge_boundary+homophone,,,,,,
you switch memery to outdoors,Cmd.MemoryChange,F5_stt:homophone+drop_function_word,,,,,,
re mind me take my medicine in 1 minute,reminders.add,F5_stt:homophone+drop_function_word,,,,,,
uh help for translated,Help_Translate,F5_stt:filler+homophone,,,,,,
um can you switchsetting to number one,Cmd.MemoryChange,F5_stt:filler+merge_boundary,,,,,,
uh explain how to make it louderor softer,Help_Volume,F5_stt:merge_boundary+filler,,,,,,
can youturned off mute,Cmd.VolumeUnmute,F5_stt:homophone+merge_boundary,,,,,,
double tap feature is too sensitive how do iadjust the sensitivity,Help_DeviceSettings,F5_stt:drop_function_word+merge_boundary,,,,,,
uh i want to text contact,Cmd.SendMessage,F5_stt:drop_function_word+filler,,,,,,
what how much do i owe youin german,Cmd.TranslationStart,F5_stt:merge_boundary+drop_function_word,,,,,,
lexu assembly new,Default Fallback Intent,F5_stt:drop_function_word+drop_plural,,,,,,
can you tell me about reminders,Help_Reminder,F5_stt:drop_function_word+truncate_tail,,,,,,
please i forgot all aboutlooks thank for reminding me,Default Fallback Intent,F5_stt:drop_function_word+merge_boundary,,,,,,
um how will i know when my hearing care specialist adjusted my,Help_RemoteProgramming,F5_stt:filler+truncate_tail,,,,,,
uh find my left hearing aid,Help_FindMyHearingAids,F5_stt:drop_function_word+filler,,,,,,
how do i get my right 8 to,Help_Accessories,F5_stt:truncate_tail+homophone,,,,,,
please re mind me to take medicine tomorrowmorning,reminders.add,F5_stt:homophone+merge_boundary,,,,,,
uh can youat home,Default Fallback Intent,F5_stt:merge_boundary+filler,,,,,,
pleaseset to car pro gram,Cmd.MemoryChange,F5_stt:homophone+merge_boundary,,,,,,
how do i accesshome screen,Help_Home,F5_stt:drop_function_word+merge_boundary,,,,,,
er what languages does the translated feature offer,Help_Translate,F5_stt:homophone+filler,,,,,,
do i have a goodheart rate,Help_HeartRateRecovery,F5_stt:truncate_tail+merge_boundary,,,,,,
er howdo i disable comfort boost,Help_DeviceSettings,F5_stt:merge_boundary+filler,,,,,,
please set remind her,reminders.add,F5_stt:drop_function_word+homophone,,,,,,
how longhave i been doing,Cmd.ActivityAerobics,F5_stt:truncate_tail+merge_boundary,,,,,,
er how long did i workout,Cmd.ActivityExercise,F5_stt:merge_boundary+filler,,,,,,
er i hear my last message,Cmd.ListenMessage,F5_stt:filler+drop_function_word,,,,,,
um please set a reminderto refill prescription tomorrow,reminders.add,F5_stt:merge_boundary+filler,,,,,,
write text tomy neighbor,Cmd.SendMessage,F5_stt:drop_function_word+merge_boundary,,,,,,
er howdo i share what i hear,Help_HearShare,F5_stt:merge_boundary+filler,,,,,,
er log walk for me,Cmd.ActivityWalk,F5_stt:drop_function_word+filler,,,,,,
er can you create a new remind her,reminders.add,F5_stt:homophone+filler,,,,,,
uh hedge mode is not working,Help_EdgeMode,F5_stt:filler+homophone,,,,,,
uh set tomaster program,Cmd.MemoryChange,F5_stt:merge_boundary+filler,,,,,,
how do i set my fone ring in my hearing aids,Help_Pairing,F5_stt:drop_function_word+homophone,,,,,,
uh begin live transcript,Cmd.TranscribeStart,F5_stt:filler+drop_function_word,,,,,,
ratchet volumeback,Cmd.VolumeDecrease,F5_stt:drop_function_word+merge_boundary,,,,,,
uh assistant professor jobs,Default Fallback Intent,F5_stt:filler+drop_function_word,,,,,,
uh wireless hearin aid connection,Cmd.StreamingStart,F5_stt:homophone+filler,,,,,,
um david soulalert,Default Fallback Intent,F5_stt:merge_boundary+filler,,,,,,
uh please turn down my hearing,Cmd.VolumeDecrease,F5_stt:filler+truncate_tail,,,,,,
can you switchsetting to number,Cmd.MemoryChange,F5_stt:merge_boundary+truncate_tail,,,,,,
can you ek diva jam to send the,Default Fallback Intent,F5_stt:drop_plural+truncate_tail,,,,,,
can you helpwith loudness changes on hearing aids,Help_Volume,F5_stt:drop_function_word+merge_boundary,,,,,,
er can younevermind,Default Fallback Intent,F5_stt:merge_boundary+filler,,,,,,
what is total calorie,Cmd.ActivityCalories,F5_stt:truncate_tail+drop_function_word,,,,,,
uh you every week,reminders.add,F5_stt:filler+drop_function_word,,,,,,
what the volume on my hearing aid automatically go down to,Help_Volume,F5_stt:drop_function_word+truncate_tail,,,,,,
er the audiologist adjust my hearing aids remotely,Help_RemoteProgramming,F5_stt:filler+drop_function_word,,,,,,
set memoryto music,Cmd.MemoryChange,F5_stt:merge_boundary+drop_function_word,,,,,,
um whydo my aids sound strange,Help_DeviceSettings,F5_stt:merge_boundary+filler,,,,,,
uh how do i get a better wellnessscore,Help_ThriveScore,F5_stt:filler+merge_boundary,,,,,,
er maximum sund,Cmd.VolumeIncrease,F5_stt:homophone+filler,,,,,,
uh dim theaudio,Cmd.VolumeDecrease,F5_stt:merge_boundary+filler,,,,,,
can you change mammary toeveryday,Cmd.MemoryChange,F5_stt:homophone+merge_boundary,,,,,,
can youshelley my fone,Default Fallback Intent,F5_stt:merge_boundary+homophone,,,,,,
uh change to personal pro gram,Cmd.MemoryChange,F5_stt:homophone+filler,,,,,,
how do i manage reminder,Help_Reminder,F5_stt:drop_function_word+drop_plural,,,,,,
um remind me at 2 35 p m tomorrow to not park in back parking lot,reminders.add,F5_stt:drop_function_word+filler,,,,,,
make thevolum less,Cmd.VolumeDecrease,F5_stt:homophone+merge_boundary,,,,,,
can you help withvolume changes in my hearing,Help_Volume,F5_stt:merge_boundary+truncate_tail,,,,,,
can youre mind me 10 30 p m to close the restaurant,reminders.add,F5_stt:homophone+merge_boundary,,,,,,
how do i save my setting,Help_HearingCareAnywhereConnect,F5_stt:truncate_tail+homophone,,,,,,
pleaseswitch mammary to restaurant,Cmd.MemoryChange,F5_stt:homophone+merge_boundary,,,,,,
sendquick voice note,Cmd.SendMessage,F5_stt:drop_function_word+merge_boundary,,,,,,
adjusteach ear's volum separately,Help_Volume,F5_stt:merge_boundary+homophone,,,,,,
can you helpwith tinnitu volume adjustment in my aid,Help_Tinnitus,F5_stt:merge_boundary+drop_plural,,,,,,
how do i switch to musicmemery,Help_ChangingMemories,F5_stt:homophone+merge_boundary,,,,,,
er you lost iphone,Cmd.FindMyPhone,F5_stt:filler+drop_function_word,,,,,,
you mut the aids,Cmd.VolumeMute,F5_stt:drop_function_word+homophone,,,,,,
can you changesetting to number,Cmd.MemoryChange,F5_stt:truncate_tail+merge_boundary,,,,,,
uh howdoes changing profiles work,Help_ChangingMemories,F5_stt:filler+merge_boundary,,,,,,
um set to personal memory,Cmd.MemoryChange,F5_stt:filler+drop_function_word,,,,,,
what does health screen,Help_Health,F5_stt:truncate_tail+drop_function_word,,,,,,
people sund faraway,Cmd.VolumeIncrease,F5_stt:merge_boundary+homophone,,,,,,
howto invite a person with,Help_HearShare,F5_stt:merge_boundary+truncate_tail,,,,,,
end streamin from tv,Cmd.StreamingStop,F5_stt:drop_function_word+homophone,,,,,,
uh assistantprofessor jobs,Default Fallback Intent,F5_stt:merge_boundary+filler,,,,,,
um on mute on,Cmd.VolumeUnmute,F5_stt:filler+homophone,,,,,,
i adjust masque mode,Help_MaskMode,F5_stt:homophone+drop_function_word,,,,,,
uhmemory four,Cmd.MemoryChange,F5_stt:filler+merge_boundary,,,,,,
can help with loudness adjustment in my hearing aids,Help_Volume,F5_stt:drop_plural+drop_function_word,,,,,,
where' the cross balance feature,Help_WiCROS,F5_stt:homophone+drop_plural,,,,,,
trim the loudnes,Cmd.VolumeDecrease,F5_stt:drop_function_word+drop_plural,,,,,,
um locate myhandset,Cmd.FindMyPhone,F5_stt:merge_boundary+filler,,,,,,
um walking activity,Cmd.ActivityWalk,F5_stt:filler,,,,,,
can i set areminda,reminders.add,F5_stt:homophone+merge_boundary,,,,,,
um please perfect how are things with,Default Fallback Intent,F5_stt:filler+drop_function_word,,,,,,
er change program to mut,Cmd.MemoryChange,F5_stt:homophone+filler,,,,,,
um can change to school,Cmd.MemoryChange,F5_stt:filler+drop_function_word,,,,,,
umcan come off,Default Fallback Intent,F5_stt:filler+merge_boundary,,,,,,
uh help with movingbetween memories,Help_ChangingMemories,F5_stt:filler+merge_boundary,,,,,,
uh you intelligent voice user guide,Help_IntelliVoice,F5_stt:filler+drop_function_word,,,,,,
um can you distance from newjersey,Default Fallback Intent,F5_stt:filler+merge_boundary,,,,,,
er can you help transcribed,Help_Transcribe,F5_stt:filler+homophone,,,,,,
um select a different memery,Cmd.MemoryChange,F5_stt:filler+homophone,,,,,,
um you home memory,Cmd.MemoryChange,F5_stt:drop_function_word+filler,,,,,,
uh remember to takemedicine tomorrow morning,reminders.add,F5_stt:merge_boundary+filler,,,,,,
why is the righthearing 8s not functioning,Help_SelfCheck,F5_stt:homophone+merge_boundary,,,,,,
set a reminder to take medication today at 5 p,reminders.add,F5_stt:drop_function_word+truncate_tail,,,,,,
how do iadjust the sensitivity of double,Help_DeviceSettings,F5_stt:merge_boundary+truncate_tail,,,,,,
er begin tracking mywalk,Cmd.ActivityWalk,F5_stt:merge_boundary+filler,,,,,,
reminder play with my cat every workday at 7 pm,reminders.add,F5_stt:drop_function_word+merge_boundary,,,,,,
er canyou speech setting,Cmd.MemoryChange,F5_stt:filler+merge_boundary,,,,,,
er where did i put my 8s,Help_FindMyHearingAids,F5_stt:filler+homophone,,,,,,
since are coming ep pretty soon,Default Fallback Intent,F5_stt:drop_function_word+homophone,,,,,,
um i am off for walk,Cmd.ActivityWalk,F5_stt:drop_function_word+filler,,,,,,
change memery to kitchen,Cmd.MemoryChange,F5_stt:homophone+drop_function_word,,,,,,
you setup reminder to take medicine at1 p m,reminders.add,F5_stt:drop_function_word+merge_boundary,,,,,,
uh intellivoice user guide,Help_IntelliVoice,F5_stt:drop_function_word+filler,,,,,,
er please play i am carrying,Default Fallback Intent,F5_stt:truncate_tail+filler,,,,,,
can you remind me to turn off my phoneeveryday at 11 p,reminders.add,F5_stt:truncate_tail+merge_boundary,,,,,,
canyou locate foam,Cmd.FindMyPhone,F5_stt:merge_boundary+homophone,,,,,,
er where's the nearest oil,Default Fallback Intent,F5_stt:filler+truncate_tail,,,,,,
uh thrive trans late help,Help_Translate,F5_stt:homophone+filler,,,,,,
set ep reminder for that,reminders.add,F5_stt:drop_function_word+homophone,,,,,,
how do i know if my microphone,Help_SelfCheck,F5_stt:drop_function_word+truncate_tail,,,,,,
uh how to intelligentvoice,Help_IntelliVoice,F5_stt:filler+merge_boundary,,,,,,
you mutemy hearing aids,Cmd.VolumeMute,F5_stt:merge_boundary+drop_function_word,,,,,,
er on mute,Cmd.VolumeUnmute,F5_stt:filler+homophone,,,,,,
remind me to calldad,reminders.add,F5_stt:homophone+merge_boundary,,,,,,
erwhat was up,Default Fallback Intent,F5_stt:filler+merge_boundary,,,,,,
you switch toworship,Cmd.MemoryChange,F5_stt:merge_boundary+drop_function_word,,,,,,
explain the findaids feature,Help_FindMyHearingAids,F5_stt:drop_function_word+merge_boundary,,,,,,
howcan i use my voice to control thrived,Help_VoiceAssistant,F5_stt:merge_boundary+homophone,,,,,,
uh basically,Default Fallback Intent,F5_stt:filler,,,,,,
set an alarm fordoctor' appointment tomorrow morning,reminders.add,F5_stt:drop_plural+merge_boundary,,,,,,
er reach out to contact,Cmd.SendMessage,F5_stt:filler+drop_function_word,,,,,,
er can you change memory tomeeting,Cmd.MemoryChange,F5_stt:filler+merge_boundary,,,,,,
er how do i change to another program on my,Help_ChangingMemories,F5_stt:truncate_tail+filler,,,,,,
um switch tokitchen,Cmd.MemoryChange,F5_stt:merge_boundary+filler,,,,,,
er please raiseup the volume,Cmd.VolumeIncrease,F5_stt:filler+merge_boundary,,,,,,
er canyou dawsonville quick,Default Fallback Intent,F5_stt:filler+merge_boundary,,,,,,
er set reminders,reminders.add,F5_stt:filler+drop_function_word,,,,,,
how can the app help me find my,Help_FindMyHearingAids,F5_stt:homophone+truncate_tail,,,,,,
er remindabout running at 6 a m on 7th december,reminders.add,F5_stt:merge_boundary+filler,,,,,,
uh share my news with contact by text,Cmd.SendMessage,F5_stt:drop_function_word+filler,,,,,,
canyou set mammary to office,Cmd.MemoryChange,F5_stt:homophone+merge_boundary,,,,,,
uh can new reminder for everyday,reminders.add,F5_stt:drop_function_word+filler,,,,,,
um have i stoodan hour,Cmd.ActivityStand,F5_stt:merge_boundary+filler,,,,,,
uh please i do not likemy current hearing aid settings,Help_MemoryOptions,F5_stt:filler+merge_boundary,,,,,,
uh please diagnose my herring aids,Help_SelfCheck,F5_stt:filler+homophone,,,,,,
er how does dnnspeech enhancement work,Help_IntelliVoice,F5_stt:merge_boundary+filler,,,,,,
can you switch programme personal,Cmd.MemoryChange,F5_stt:drop_function_word+homophone,,,,,,
er how will i know when my hearing care specialist adjusted hearing aid,Help_RemoteProgramming,F5_stt:drop_function_word+filler,,,,,,
uhhow far have i run,Cmd.ActivityRun,F5_stt:filler+merge_boundary,,,,,,
what is the score ofmatch,Default Fallback Intent,F5_stt:drop_function_word+merge_boundary,,,,,,
er personalsetting,Cmd.MemoryChange,F5_stt:filler+merge_boundary,,,,,,
uh tell me about reminder,Help_Reminder,F5_stt:filler+drop_plural,,,,,,
how do i diagnosemy hearing 8s,Help_SelfCheck,F5_stt:homophone+merge_boundary,,,,,,
uh how do i disable double tap on my,Help_DeviceSettings,F5_stt:filler+truncate_tail,,,,,,
er applywind noise reduction,Cmd.MemoryChange,F5_stt:filler+merge_boundary,,,,,,
remind me at 1 p m that i have toeat,reminders.add,F5_stt:merge_boundary+homophone,,,,,,
please change to memery number,Cmd.MemoryChange,F5_stt:homophone+truncate_tail,,,,,,
uh can youquiet my hearing aids,Cmd.VolumeDecrease,F5_stt:merge_boundary+filler,,,,,,
uh can you settingthree,Cmd.MemoryChange,F5_stt:filler+merge_boundary,,,,,,
er pleasehelp with changing memories using my thrive app,Help_ChangingMemories,F5_stt:filler+merge_boundary,,,,,,
um my overallscore for the day,Help_ThriveScore,F5_stt:merge_boundary+filler,,,,,,
erheart rate recovery help,Help_HeartRateRecovery,F5_stt:filler+merge_boundary,,,,,,
er change program master,Cmd.MemoryChange,F5_stt:filler+drop_function_word,,,,,,
um how do i reconnect aids,Help_Pairing,F5_stt:drop_function_word+filler,,,,,,
switch mammary toauditorium,Cmd.MemoryChange,F5_stt:merge_boundary+homophone,,,,,,
um change tocar,Cmd.MemoryChange,F5_stt:filler+merge_boundary,,,,,,
er step calorie,Cmd.ActivityStep,F5_stt:drop_plural+filler,,,,,,
um can you switch noise program,Cmd.MemoryChange,F5_stt:drop_function_word+filler,,,,,,
guideme through,Help_Home,F5_stt:drop_function_word+merge_boundary,,,,,,
um pleasechange to restaurant memory,Cmd.MemoryChange,F5_stt:filler+merge_boundary,,,,,,
um federal assistance up tomy energy,Default Fallback Intent,F5_stt:merge_boundary+filler,,,,,,
er remindme to go to bed in 5 minutes,reminders.add,F5_stt:filler+merge_boundary,,,,,,
er tinnitu program,Cmd.MemoryChange,F5_stt:drop_plural+filler,,,,,,
send the television audio my aides,Cmd.StreamingStart,F5_stt:drop_function_word+homophone,,,,,,
um can you i need to talk t to audiologist,Help_RemoteProgramming,F5_stt:filler+drop_function_word,,,,,,
how do ichange table mic,Help_Accessories,F5_stt:drop_function_word+merge_boundary,,,,,,
left hearing 8s,Default Fallback Intent,F5_stt:drop_function_word+homophone,,,,,,
you change memory to testone,Cmd.MemoryChange,F5_stt:drop_function_word+merge_boundary,,,,,,
er make hearing aids louder,Cmd.VolumeIncrease,F5_stt:drop_function_word+filler,,,,,,
uh i do not know what i what you doing this missing different,Default Fallback Intent,F5_stt:filler+drop_function_word,,,,,,
uh howdo i enable speech enhancement,Help_IntelliVoice,F5_stt:merge_boundary+filler,,,,,,
um now itsmaking noises,Default Fallback Intent,F5_stt:filler+merge_boundary,,,,,,
please remind me drink water,reminders.add,F5_stt:drop_function_word+truncate_tail,,,,,,
what is different between cros andwicros,Help_WiCROS,F5_stt:drop_function_word+merge_boundary,,,,,,
er or put on 6 month,Default Fallback Intent,F5_stt:truncate_tail+filler,,,,,,
uh you it is bothering you about the fit,Default Fallback Intent,F5_stt:drop_function_word+filler,,,,,,
uh please set to 100volume,Cmd.VolumeIncrease,F5_stt:filler+merge_boundary,,,,,,
canplay frank sinatra,Default Fallback Intent,F5_stt:drop_function_word+merge_boundary,,,,,,
how do i get moreinformation on wellness score,Help_ThriveScore,F5_stt:drop_function_word+merge_boundary,,,,,,
where can i see daily,Help_Health,F5_stt:truncate_tail+drop_function_word,,,,,,
er what isthe current battery level,Cmd.BatteryLevel,F5_stt:merge_boundary+filler,,,,,,
tern thesound off,Cmd.VolumeMute,F5_stt:merge_boundary+homophone,,,,,,
uh but they live here i remember when jerry toldme,Default Fallback Intent,F5_stt:merge_boundary+filler,,,,,,
set memoryto tinnitu,Cmd.MemoryChange,F5_stt:merge_boundary+drop_plural,,,,,,
er zero volum please,Cmd.VolumeMute,F5_stt:homophone+filler,,,,,,
helpme find my other hearing aide,Help_FindMyHearingAids,F5_stt:merge_boundary+homophone,,,,,,
uh the sund keeps dropping out,Help_DeviceSettings,F5_stt:homophone+filler,,,,,,
can you first do you need,Default Fallback Intent,F5_stt:merge_boundary+truncate_tail,,,,,,
um help me find a paper,Default Fallback Intent,F5_stt:drop_function_word+filler,,,,,,
where can i find tinnitu in the,Help_Tinnitus,F5_stt:drop_plural+truncate_tail,,,,,,
uh how clean hearing aids,Help_CleanCare,F5_stt:filler+drop_function_word,,,,,,
uh what the score of the game,Default Fallback Intent,F5_stt:filler+drop_function_word,,,,,,
er startrunning,Cmd.ActivityRun,F5_stt:filler+merge_boundary,,,,,,
canyou value up,Cmd.VolumeIncrease,F5_stt:homophone+merge_boundary,,,,,,
you know where they have the check we have tohave to shift to put in there that is,Default Fallback Intent,F5_stt:merge_boundary+truncate_tail,,,,,,
er play back thetexts i received,Cmd.ListenMessage,F5_stt:merge_boundary+filler,,,,,,
er please set toauditorium memory,Cmd.MemoryChange,F5_stt:filler+merge_boundary,,,,,,
um how doi tune,Default Fallback Intent,F5_stt:merge_boundary+filler,,,,,,
um help me sendinformation,Cmd.SendMessage,F5_stt:merge_boundary+filler,,,,,,
uh can you hear last,Cmd.ListenMessage,F5_stt:filler+truncate_tail,,,,,,
how do i change to another programon the,Help_ChangingMemories,F5_stt:merge_boundary+truncate_tail,,,,,,
how check hearing aids,Help_SelfCheck,F5_stt:truncate_tail+drop_function_word,,,,,,
uh calorie used today,Cmd.ActivityCalories,F5_stt:drop_plural+filler,,,,,,
restore my setting from cloud,Help_HearingCareAnywhereConnect,F5_stt:drop_function_word+drop_plural,,,,,,
uh how do i find heart rate,Help_HeartRateRecovery,F5_stt:truncate_tail+filler,,,,,,
um can i misplaced my right aid,Help_FindMyHearingAids,F5_stt:filler+drop_function_word,,,,,,
um what can i do in demo,Help_DemoMode,F5_stt:truncate_tail+filler,,,,,,
uh how invite my daughter to hearshare,Help_HearShare,F5_stt:drop_function_word+filler,,,,,,
are my 8s connectedto the app,Help_Pairing,F5_stt:merge_boundary+homophone,,,,,,
uh voicetext someone,Cmd.SendMessage,F5_stt:merge_boundary+filler,,,,,,
uh please change to mut,Cmd.MemoryChange,F5_stt:homophone+filler,,,,,,
uh track mywellness,Help_Health,F5_stt:merge_boundary+filler,,,,,,
um stoprecording,Cmd.TranscribeStart,F5_stt:filler+merge_boundary,,,,,,
how do i reduce noisewith edge,Help_EdgeMode,F5_stt:merge_boundary+truncate_tail,,,,,,
er listen it,Cmd.ListenMessage,F5_stt:filler+drop_function_word,,,,,,
markmy reminda done,reminders.complete,F5_stt:homophone+merge_boundary,,,,,,
ersuicide about different substitute,Default Fallback Intent,F5_stt:filler+merge_boundary,,,,,,
you mut memory,Cmd.MemoryChange,F5_stt:homophone+drop_function_word,,,,,,
uh can live in your ear if there is a wire,Default Fallback Intent,F5_stt:filler+drop_function_word,,,,,,
er show me myweekly health summary,Help_Health,F5_stt:merge_boundary+filler,,,,,,
how do i link my 8s to,Help_Pairing,F5_stt:homophone+truncate_tail,,,,,,
mask mode useful with mask,Help_MaskMode,F5_stt:drop_function_word+drop_plural,,,,,,
how do i change program on aid,Help_ChangingMemories,F5_stt:drop_plural+drop_function_word,,,,,,
uh new remind her,reminders.add,F5_stt:homophone+filler,,,,,,
please look ep your nose real quick,Default Fallback Intent,F5_stt:truncate_tail+homophone,,,,,,
um make new reminder,reminders.add,F5_stt:drop_function_word+filler,,,,,,
set programme home,Cmd.MemoryChange,F5_stt:drop_function_word+homophone,,,,,,
uh can you masque program,Cmd.MemoryChange,F5_stt:homophone+filler,,,,,,
show me my standing,Cmd.ActivityStand,F5_stt:truncate_tail+drop_function_word,,,,,,
um please heart rate recovery,Help_HeartRateRecovery,F5_stt:filler+truncate_tail,,,,,,
uh it was discouraging and then i found balance of nature it is just being a no brainer ever since i feel,Default Fallback Intent,F5_stt:truncate_tail+filler,,,,,,
er where do i stop an,Help_FallAlert,F5_stt:truncate_tail+filler,,,,,,
uh how do i adjust sensitivityof the double tap,Help_DeviceSettings,F5_stt:filler+merge_boundary,,,,,,
uh can you mut on,Cmd.VolumeMute,F5_stt:filler+homophone,,,,,,
you want to moveup yeah i will,Default Fallback Intent,F5_stt:merge_boundary+drop_function_word,,,,,,
how do i use accessorie with hearing aids,Help_Accessories,F5_stt:drop_function_word+drop_plural,,,,,,
um please take lipitor,Default Fallback Intent,F5_stt:drop_function_word+filler,,,,,,
how do i change the volum of my accessorie,Help_Accessories,F5_stt:drop_plural+homophone,,,,,,
sund crackling in my aid,Help_DeviceSettings,F5_stt:drop_function_word+homophone,,,,,,
er switch school,Cmd.MemoryChange,F5_stt:filler+drop_function_word,,,,,,
er can youright,Default Fallback Intent,F5_stt:merge_boundary+filler,,,,,,
er canyou set program to master,Cmd.MemoryChange,F5_stt:merge_boundary+filler,,,,,,
helpwith the drive score,Help_ThriveScore,F5_stt:merge_boundary+homophone,,,,,,
um listen again,Cmd.ListenMessage,F5_stt:filler,,,,,,
please sorry aboutthis okay i got,Default Fallback Intent,F5_stt:drop_function_word+merge_boundary,,,,,,
send mymassage,Cmd.SendMessage,F5_stt:homophone+merge_boundary,,,,,,
umswitch memory to three,Cmd.MemoryChange,F5_stt:filler+merge_boundary,,,,,,
please new reminderabout fitnes,reminders.add,F5_stt:merge_boundary+drop_plural,,,,,,
uh what my battery charge,Cmd.BatteryLevel,F5_stt:filler+drop_plural,,,,,,
how do i turn up the loudness in just right hearing,Help_Volume,F5_stt:drop_function_word+truncate_tail,,,,,,
er starttranscribe,Cmd.TranscribeStart,F5_stt:filler+merge_boundary,,,,,,
er add areminder,reminders.add,F5_stt:merge_boundary+filler,,,,,,
uh got to getting a text message at boston,Default Fallback Intent,F5_stt:filler+drop_function_word,,,,,,
er alex good manasseh okay i will see you back at the desk up,Default Fallback Intent,F5_stt:filler+truncate_tail,,,,,,
please particularproduct you wanted to check,Default Fallback Intent,F5_stt:merge_boundary+truncate_tail,,,,,,
er i needto be reminded,reminders.add,F5_stt:merge_boundary+filler,,,,,,
um should i use basic or advanced,Help_AppSettings,F5_stt:truncate_tail+filler,,,,,,
er how do i replace the wax,Help_CleanCare,F5_stt:truncate_tail+filler,,,,,,
turn on firstplug,Default Fallback Intent,F5_stt:merge_boundary+drop_function_word,,,,,,
set mast program,Cmd.MemoryChange,F5_stt:homophone+drop_function_word,,,,,,
uh set to school mammary,Cmd.MemoryChange,F5_stt:filler+homophone,,,,,,
idemonstrate my hearing aids,Help_DemoMode,F5_stt:merge_boundary+drop_function_word,,,,,,
uh can you listen to the,Cmd.StreamingStart,F5_stt:truncate_tail+filler,,,,,,
uh can youaddress change,Default Fallback Intent,F5_stt:filler+merge_boundary,,,,,,
how do i customize hearin aids,Help_Customize,F5_stt:homophone+drop_function_word,,,,,,
er can you stop listening please ask you a,Default Fallback Intent,F5_stt:truncate_tail+filler,,,,,,
er can you switch to home memery,Cmd.MemoryChange,F5_stt:filler+homophone,,,,,,
please set reminda to take medicine at 1 pm,reminders.add,F5_stt:homophone+merge_boundary,,,,,,
pleaseturn off sound,Cmd.VolumeMute,F5_stt:merge_boundary+drop_function_word,,,,,,
uh please change settingto number four,Cmd.MemoryChange,F5_stt:filler+merge_boundary,,,,,,
er can somebody from motel in boise,Default Fallback Intent,F5_stt:filler+drop_function_word,,,,,,
er how do i mute transmitter,Help_WiCROS,F5_stt:filler+drop_function_word,,,,,,
er where do ifind my heart rate,Help_HeartRate,F5_stt:filler+merge_boundary,,,,,,
uh what is my bicycle,Cmd.ActivityCycle,F5_stt:filler+truncate_tail,,,,,,
umis my aid connected to the phone,Help_Pairing,F5_stt:filler+merge_boundary,,,,,,
pleasechange memory automatic,Cmd.MemoryChange,F5_stt:merge_boundary+drop_function_word,,,,,,
um can you unmute the hearing,Cmd.VolumeUnmute,F5_stt:truncate_tail+filler,,,,,,
er switch pro gram to home,Cmd.MemoryChange,F5_stt:homophone+filler,,,,,,
er where do i find the transcription,Help_Transcribe,F5_stt:truncate_tail+filler,,,,,,
umchange to golf,Cmd.MemoryChange,F5_stt:filler+merge_boundary,,,,,,
uh how todo intelligent voice,Help_IntelliVoice,F5_stt:merge_boundary+filler,,,,,,
er stream to both hearingaids,Cmd.StreamingStart,F5_stt:merge_boundary+filler,,,,,,
pairing aids on the foam,Help_Pairing,F5_stt:homophone+drop_function_word,,,,,,
change speech programme,Cmd.MemoryChange,F5_stt:homophone+drop_function_word,,,,,,
um programme one,Cmd.MemoryChange,F5_stt:homophone+filler,,,,,,
setprogram to crowd,Cmd.MemoryChange,F5_stt:drop_function_word+merge_boundary,,,,,,
er you meeting program,Cmd.MemoryChange,F5_stt:filler+drop_function_word,,,,,,
uh messagemy friend,Cmd.SendMessage,F5_stt:merge_boundary+filler,,,,,,
er pleasei bet you those talking 7 eleven,Default Fallback Intent,F5_stt:merge_boundary+filler,,,,,,
um remember when they areunloading the truck you get exasperated,Default Fallback Intent,F5_stt:merge_boundary+filler,,,,,,
er pleasestart remote streaming,Cmd.StreamingStart,F5_stt:merge_boundary+filler,,,,,,
um how do i use hearing care,Help_HearingCareAnywhereConnect,F5_stt:truncate_tail+filler,,,,,,
pleaseswitch car program,Cmd.MemoryChange,F5_stt:drop_function_word+merge_boundary,,,,,,
uh can youswitch to mute program,Cmd.MemoryChange,F5_stt:merge_boundary+filler,,,,,,
er can you fix my earpieces,Help_SelfCheck,F5_stt:merge_boundary+filler,,,,,,
er track standing time,Cmd.ActivityStand,F5_stt:drop_function_word+filler,,,,,,
what time does fallspark,Default Fallback Intent,F5_stt:truncate_tail+merge_boundary,,,,,,
uh that is the one who is having problems with,Default Fallback Intent,F5_stt:drop_function_word+filler,,,,,,
remind me to turn off myphone every day at 11 p,reminders.add,F5_stt:merge_boundary+truncate_tail,,,,,,
please trans cribe thisconversation,Cmd.TranscribeStart,F5_stt:homophone+merge_boundary,,,,,,
i want tolisten to the presenter,Cmd.StreamingStart,F5_stt:drop_function_word+merge_boundary,,,,,,
can you remindme to go running at 6 a,reminders.add,F5_stt:truncate_tail+merge_boundary,,,,,,
where are hearingaids,Help_FindMyHearingAids,F5_stt:drop_function_word+merge_boundary,,,,,,
er you just like siri,Default Fallback Intent,F5_stt:drop_function_word+filler,,,,,,
er what do the fall indicatorssound like,Help_FallAlert,F5_stt:merge_boundary+filler,,,,,,
er batterycheck now,Cmd.BatteryLevel,F5_stt:merge_boundary+filler,,,,,,
play last massage,Cmd.ListenMessage,F5_stt:homophone+drop_function_word,,,,,,
er how to install agarage door,Default Fallback Intent,F5_stt:filler+merge_boundary,,,,,,
er do i put the right hearing aid behind ear,Help_InsertDevice,F5_stt:drop_function_word+filler,,,,,,
guide me to aide finder,Help_FindMyHearingAids,F5_stt:homophone+drop_function_word,,,,,,
er whatwhat is not working,Default Fallback Intent,F5_stt:filler+merge_boundary,,,,,,
umeveryday program,Cmd.MemoryChange,F5_stt:filler+merge_boundary,,,,,,
what setting does edge modechange,Help_EdgeMode,F5_stt:drop_plural+merge_boundary,,,,,,
canlocate my other aid,Help_FindMyHearingAids,F5_stt:drop_function_word+merge_boundary,,,,,,
uh tv steam,Cmd.StreamingStart,F5_stt:filler,,,,,,
play messagesi received,Cmd.ListenMessage,F5_stt:drop_function_word+merge_boundary,,,,,,
uh changeto telephone,Cmd.MemoryChange,F5_stt:filler+merge_boundary,,,,,,
can i send massage,Cmd.SendMessage,F5_stt:drop_function_word+homophone,,,,,,
er keep this on radar,reminders.add,F5_stt:filler+drop_function_word,,,,,,
set crowd mammary,Cmd.MemoryChange,F5_stt:homophone+drop_function_word,,,,,,
i need help with pairing the herring,Help_Pairing,F5_stt:homophone+truncate_tail,,,,,,
my batter e diestoo quickly,Help_Battery,F5_stt:homophone+merge_boundary,,,,,,
er can you play i am carrying,Default Fallback Intent,F5_stt:truncate_tail+filler,,,,,,
please re mindme to exercise tonight,reminders.add,F5_stt:homophone+merge_boundary,,,,,,
how do iimprove my kind,Help_ThriveScore,F5_stt:merge_boundary+truncate_tail,,,,,,
can havei reached my stand goal,Cmd.ActivityStand,F5_stt:drop_function_word+merge_boundary,,,,,,
er can you change to worship,Cmd.MemoryChange,F5_stt:truncate_tail+filler,,,,,,
er please change memory to number,Cmd.MemoryChange,F5_stt:truncate_tail+filler,,,,,,
er why shouldi visit in poopy,Default Fallback Intent,F5_stt:merge_boundary+filler,,,,,,
er can everyday memory,Cmd.MemoryChange,F5_stt:filler+drop_function_word,,,,,,
er home pro gram,Cmd.MemoryChange,F5_stt:homophone+filler,,,,,,
uh when do i cancel an,Help_FallAlert,F5_stt:truncate_tail+filler,,,,,,
can you set restaurant memery,Cmd.MemoryChange,F5_stt:homophone+drop_function_word,,,,,,
er where ishelp for self check,Help_SelfCheck,F5_stt:merge_boundary+filler,,,,,,
uh how do i connect for a remote,Help_HearingCareAnywhereConnect,F5_stt:truncate_tail+filler,,,,,,
er spellrestaurant,Default Fallback Intent,F5_stt:filler+merge_boundary,,,,,,
uh meeting programme,Cmd.MemoryChange,F5_stt:homophone+filler,,,,,,
uh checkcashing,Default Fallback Intent,F5_stt:filler+merge_boundary,,,,,,
er please lift device not,Default Fallback Intent,F5_stt:filler+truncate_tail,,,,,,
um wheredid i put my right hearing aid,Help_FindMyHearingAids,F5_stt:merge_boundary+filler,,,,,,
where doi find transcription function,Help_Transcribe,F5_stt:merge_boundary+drop_function_word,,,,,,
uh what isthe transmitter,Help_WiCROS,F5_stt:merge_boundary+filler,,,,,,
can you remind me to callmom on,reminders.add,F5_stt:merge_boundary+truncate_tail,,,,,,
remindme call someone everyday at 4 p m,reminders.add,F5_stt:merge_boundary+drop_function_word,,,,,,
um change outdoors memory,Cmd.MemoryChange,F5_stt:drop_function_word+filler,,,,,,
can you itwas discouraging and then i found balance of nature it just being a no brainer ever since i feel good,Default Fallback Intent,F5_stt:merge_boundary+drop_function_word,,,,,,
er can you make hearing aids quieter,Cmd.VolumeDecrease,F5_stt:filler+drop_function_word,,,,,,
can minimum loudnes,Cmd.VolumeDecrease,F5_stt:drop_function_word+drop_plural,,,,,,
er remind me about exams every friday at 7 p m,reminders.add,F5_stt:filler+drop_function_word,,,,,,
uh turn up the loudness on my hearing,Cmd.VolumeIncrease,F5_stt:filler+truncate_tail,,,,,,
i lost left hearing 8,Help_FindMyHearingAids,F5_stt:homophone+drop_function_word,,,,,,
um wireless stream audio,Cmd.StreamingStart,F5_stt:drop_function_word+filler,,,,,,
er i want to go for a,Cmd.ActivityWalk,F5_stt:truncate_tail+filler,,,,,,
er changeto program one,Cmd.MemoryChange,F5_stt:filler+merge_boundary,,,,,,
uh i cannot hear out of my right hearing,Help_SelfCheck,F5_stt:filler+truncate_tail,,,,,,
youset to master memory,Cmd.MemoryChange,F5_stt:drop_function_word+merge_boundary,,,,,,
er please switch togolf program,Cmd.MemoryChange,F5_stt:filler+merge_boundary,,,,,,
ineed connect the hearing aids to the phone,Help_Pairing,F5_stt:drop_function_word+merge_boundary,,,,,,
um search fone,Cmd.FindMyPhone,F5_stt:homophone+filler,,,,,,
canyou set memory to,Cmd.MemoryChange,F5_stt:truncate_tail+merge_boundary,,,,,,
what health infodoes the app,Help_Health,F5_stt:truncate_tail+merge_boundary,,,,,,
play mylast recording,Cmd.ListenMessage,F5_stt:merge_boundary+drop_function_word,,,,,,
can you new remind her eat an apple everyday at 9 m,reminders.add,F5_stt:homophone+drop_function_word,,,,,,
erhow many calories today,Cmd.ActivityCalories,F5_stt:filler+merge_boundary,,,,,,
um why does heart rate recovery,Help_HeartRateRecovery,F5_stt:filler+truncate_tail,,,,,,
er please let me hear presenter,Cmd.StreamingStart,F5_stt:filler+drop_function_word,,,,,,
uh program number four,Cmd.MemoryChange,F5_stt:drop_function_word+filler,,,,,,
um can you hearing aid volume,Cmd.VolumeUnmute,F5_stt:filler+truncate_tail,,,,,,
how do i stop streamin from accessories,Help_Accessories,F5_stt:drop_function_word+homophone,,,,,,
what is a cross hearingaid,Help_WiCROS,F5_stt:merge_boundary+homophone,,,,,,
er canyou onkyo receiver,Default Fallback Intent,F5_stt:merge_boundary+filler,,,,,,
how do i increase the volume in 8s,Help_Volume,F5_stt:homophone+drop_function_word,,,,,,
how do i sync settings to the,Help_HearingCareAnywhereConnect,F5_stt:drop_function_word+truncate_tail,,,,,,
morevolume on hearin aid,Cmd.VolumeIncrease,F5_stt:homophone+merge_boundary,,,,,,
you switch memory totrain,Cmd.MemoryChange,F5_stt:merge_boundary+drop_function_word,,,,,,
how oftenshould i use,Help_IntelliVoice,F5_stt:truncate_tail+merge_boundary,,,,,,
um disconnect thetelevision audio,Cmd.StreamingStop,F5_stt:merge_boundary+filler,,,,,,
er how many aerobics calorie,Cmd.ActivityAerobics,F5_stt:drop_plural+filler,,,,,,
please lower level of my herring aids,Cmd.VolumeDecrease,F5_stt:homophone+drop_function_word,,,,,,
uh where are the app preference,Help_AppSettings,F5_stt:filler+drop_plural,,,,,,
is it ok to push the hearing 8 in,Help_InsertDevice,F5_stt:homophone+truncate_tail,,,,,,
sund is piercing,Cmd.VolumeDecrease,F5_stt:homophone+drop_function_word,,,,,,
er there too much wind noise what setting helps,Help_EdgeMode,F5_stt:drop_function_word+filler,,,,,,
you help with tinnitus volume adjustments on my 8s,Help_Tinnitus,F5_stt:homophone+drop_function_word,,,,,,
um help with hedge mode,Help_EdgeMode,F5_stt:filler+homophone,,,,,,
um this isblasting my eardrums,Cmd.VolumeDecrease,F5_stt:merge_boundary+filler,,,,,,
um can you musicmemory,Cmd.MemoryChange,F5_stt:merge_boundary+filler,,,,,,
um can you i wish i could wake,Default Fallback Intent,F5_stt:truncate_tail+filler,,,,,,
you look ep your nose real quick to,Default Fallback Intent,F5_stt:homophone+drop_function_word,,,,,,
um please switch programme to car,Cmd.MemoryChange,F5_stt:homophone+filler,,,,,,
um i change the name of my tv streamer,Help_Accessories,F5_stt:drop_function_word+filler,,,,,,
um canyou iconic store,Default Fallback Intent,F5_stt:merge_boundary+filler,,,,,,
how do i ask for new hearingaid setting,Help_RemoteProgramming,F5_stt:merge_boundary+drop_plural,,,,,,
um can you change pro gram to television,Cmd.MemoryChange,F5_stt:homophone+filler,,,,,,
how will i know when the audiologistadjusted my hearing,Help_RemoteProgramming,F5_stt:truncate_tail+merge_boundary,,,,,,
er i cannot understand thisforeign language,Cmd.TranslationStart,F5_stt:merge_boundary+filler,,,,,,
can you change auditorium pro gram,Cmd.MemoryChange,F5_stt:drop_function_word+homophone,,,,,,
um change memory to number,Cmd.MemoryChange,F5_stt:filler+truncate_tail,,,,,,
uh switch program television,Cmd.MemoryChange,F5_stt:filler+drop_function_word,,,,,,
um where the help,Help_Home,F5_stt:drop_function_word+filler,,,,,,
uh help withbody score,Help_ThriveScore,F5_stt:filler+merge_boundary,,,,,,
please it is going to be our little ringbearer,Default Fallback Intent,F5_stt:merge_boundary+truncate_tail,,,,,,
uh please setmemory to theater,Cmd.MemoryChange,F5_stt:merge_boundary+filler,,,,,,
uh help me intercept fall alert,Help_FallAlert,F5_stt:drop_function_word+filler,,,,,,
um start screaming,Cmd.StreamingStart,F5_stt:homophone+filler,,,,,,
can youhelp me with,Help_Transcribe,F5_stt:truncate_tail+merge_boundary,,,,,,
er poke me when the time arrive,reminders.add,F5_stt:drop_plural+filler,,,,,,
er what is my hearin aid's model,Help_DeviceSettings,F5_stt:homophone+filler,,,,,,
um take us to see forget it we are in the car and the drone noise will cost if i have them in the road noises being amplified as,Default Fallback Intent,F5_stt:truncate_tail+filler,,,,,,
um heart rateuser guide,Help_HeartRate,F5_stt:filler+merge_boundary,,,,,,
um remind me to exercise,reminders.add,F5_stt:filler+truncate_tail,,,,,,
you pick up tv stream,Cmd.StreamingStart,F5_stt:truncate_tail+drop_function_word,,,,,,
uh can you i do not remember i do not remember this being such a big,Default Fallback Intent,F5_stt:truncate_tail+filler,,,,,,
uh howdoes remote programming work,Help_RemoteProgramming,F5_stt:merge_boundary+filler,,,,,,
uh how will i know when my audiologist adjusted the,Help_RemoteProgramming,F5_stt:truncate_tail+filler,,,,,,
guide meon accessorie,Help_Accessories,F5_stt:merge_boundary+drop_plural,,,,,,
er what doestranslate do,Help_Translate,F5_stt:merge_boundary+filler,,,,,,
um help setting ep hearshare,Help_HearShare,F5_stt:filler+homophone,,,,,,
er canyou basically,Default Fallback Intent,F5_stt:merge_boundary+filler,,,,,,
um please turn on the sund,Cmd.VolumeUnmute,F5_stt:filler+homophone,,,,,,
statu batter e,Cmd.BatteryLevel,F5_stt:homophone+drop_plural,,,,,,
uh howto connect my spies,Default Fallback Intent,F5_stt:merge_boundary+filler,,,,,,
uh tell me what mystep count is,Cmd.ActivityStep,F5_stt:merge_boundary+filler,,,,,,
er can you remind me to go to bed in 5,reminders.add,F5_stt:truncate_tail+filler,,,,,,
um set to train memory,Cmd.MemoryChange,F5_stt:filler+drop_function_word,,,,,,
can youset to school pro gram,Cmd.MemoryChange,F5_stt:merge_boundary+homophone,,,,,,
um you write a program in switch,Default Fallback Intent,F5_stt:filler+drop_function_word,,,,,,
can you so that your,Default Fallback Intent,F5_stt:homophone+truncate_tail,,,,,,
uh settingfour,Cmd.MemoryChange,F5_stt:filler+merge_boundary,,,,,,
please federal assistance upto energy,Default Fallback Intent,F5_stt:merge_boundary+drop_function_word,,,,,,
uh how do reminder work,Help_Reminder,F5_stt:filler+drop_plural,,,,,,
sausage after using location,Default Fallback Intent,F5_stt:drop_function_word+drop_plural,,,,,,
um change programto restaurant,Cmd.MemoryChange,F5_stt:filler+merge_boundary,,,,,,
um discover androidphone,Cmd.FindMyPhone,F5_stt:merge_boundary+filler,,,,,,
switch auditorium mammary,Cmd.MemoryChange,F5_stt:drop_function_word+homophone,,,,,,
please show memy stand,Cmd.ActivityStand,F5_stt:truncate_tail+merge_boundary,,,,,,
please change to tinnitu mammary,Cmd.MemoryChange,F5_stt:homophone+drop_plural,,,,,,
um change volumedown,Cmd.VolumeDecrease,F5_stt:merge_boundary+filler,,,,,,
why is left hearin aids not working,Help_SelfCheck,F5_stt:drop_function_word+homophone,,,,,,
canyou switch personal program,Cmd.MemoryChange,F5_stt:merge_boundary+drop_function_word,,,,,,
can you help with tinnitu volumeadjustment on my aids,Help_Tinnitus,F5_stt:drop_plural+merge_boundary,,,,,,
uh please show me a help guide for myaccessories,Help_Accessories,F5_stt:filler+merge_boundary,,,,,,
set hearin for a busy street,Cmd.MemoryChange,F5_stt:drop_function_word+homophone,,,,,,
can turn itto hit the button minute furniture in there like siri,Default Fallback Intent,F5_stt:drop_function_word+merge_boundary,,,,,,
howdo i start streamin from my tv streamer,Help_Accessories,F5_stt:homophone+merge_boundary,,,,,,
please switch programme music,Cmd.MemoryChange,F5_stt:homophone+drop_function_word,,,,,,
er text someonefor me,Cmd.SendMessage,F5_stt:filler+merge_boundary,,,,,,
can my professional adjust aids,Help_RemoteProgramming,F5_stt:drop_function_word+truncate_tail,,,,,,
how do i reconnect right aide,Help_Pairing,F5_stt:homophone+drop_function_word,,,,,,
erwhere do i intercept an alert message text message,Help_FallAlert,F5_stt:filler+merge_boundary,,,,,,
er end scream,Cmd.StreamingStop,F5_stt:filler+homophone,,,,,,
guideme through interface,Help_Home,F5_stt:merge_boundary+drop_function_word,,,,,,
um create a futurereminder,reminders.add,F5_stt:merge_boundary+filler,,,,,,
er why is not my hearing aid on my right,Help_SelfCheck,F5_stt:truncate_tail+filler,,,,,,
uh canyou set to crowd memory,Cmd.MemoryChange,F5_stt:merge_boundary+filler,,,,,,
er logthis cycling session,Cmd.ActivityCycle,F5_stt:merge_boundary+filler,,,,,,
how do istart screaming from the accessories,Help_Accessories,F5_stt:merge_boundary+homophone,,,,,,
what istranscribed,Help_Transcribe,F5_stt:homophone+merge_boundary,,,,,,
um please change programme to home,Cmd.MemoryChange,F5_stt:homophone+filler,,,,,,
can iset reminder in my hearing aids,Help_Reminder,F5_stt:drop_plural+merge_boundary,,,,,,
switch programto masque,Cmd.MemoryChange,F5_stt:homophone+merge_boundary,,,,,,
i want to tell someone my news in,Cmd.SendMessage,F5_stt:truncate_tail+drop_function_word,,,,,,
canyou make my hearing 8s silent,Cmd.VolumeMute,F5_stt:homophone+merge_boundary,,,,,,
how often should i cleanmy hearing,Help_CleanCare,F5_stt:merge_boundary+truncate_tail,,,,,,
how will i know when my audiologist adjusted hearing,Help_RemoteProgramming,F5_stt:truncate_tail+drop_function_word,,,,,,
can youset program to number,Cmd.MemoryChange,F5_stt:merge_boundary+truncate_tail,,,,,,
er close theaudio streaming,Cmd.StreamingStop,F5_stt:merge_boundary+filler,,,,,,
um how do i access mask,Help_MaskMode,F5_stt:filler+truncate_tail,,,,,,
um are batteries about to run out,Cmd.BatteryLevel,F5_stt:filler+drop_function_word,,,,,,
the herring aid connected to my app,Help_Pairing,F5_stt:homophone+drop_function_word,,,,,,
um let me hear the showthrough my aids,Cmd.StreamingStart,F5_stt:filler+merge_boundary,,,,,,
er schedule physical therapy appointment tomorrow morning 8 40 a,reminders.add,F5_stt:filler+truncate_tail,,,,,,
um what is mylocation,Default Fallback Intent,F5_stt:filler+merge_boundary,,,,,,
how do i take care of aides,Help_CleanCare,F5_stt:drop_function_word+homophone,,,,,,
er you every day,reminders.add,F5_stt:drop_function_word+filler,,,,,,
please i cannot remember where my left herring aid,Help_FindMyHearingAids,F5_stt:truncate_tail+homophone,,,,,,
uh newt it entirely,Cmd.VolumeMute,F5_stt:homophone+filler,,,,,,
how do i change thecros,Help_WiCROS,F5_stt:merge_boundary+truncate_tail,,,,,,
what is a goodmovie to,Default Fallback Intent,F5_stt:merge_boundary+truncate_tail,,,,,,
um can self check help,Help_SelfCheck,F5_stt:drop_function_word+filler,,,,,,
um how do i turn doun the loudness,Help_Volume,F5_stt:filler+homophone,,,,,,
er do not let me,reminders.add,F5_stt:filler+truncate_tail,,,,,,
umgive me text of this conversation,Cmd.TranscribeStart,F5_stt:filler+merge_boundary,,,,,,
uh what is the way to change,Help_Volume,F5_stt:truncate_tail+filler,,,,,,
whoi the prime minister of india,Default Fallback Intent,F5_stt:merge_boundary+drop_plural,,,,,,
how do i have if i have croshearing,Help_WiCROS,F5_stt:truncate_tail+merge_boundary,,,,,,
right here does not,Help_SelfCheck,F5_stt:truncate_tail+drop_function_word,,,,,,
how do i turned radio music,Default Fallback Intent,F5_stt:drop_function_word+homophone,,,,,,
um where's cell phone,Cmd.FindMyPhone,F5_stt:drop_function_word+filler,,,,,,
er set to tight,Default Fallback Intent,F5_stt:drop_function_word+filler,,,,,,
uh track my walkingdistance,Cmd.ActivityWalk,F5_stt:filler+merge_boundary,,,,,,
can youchange noise program,Cmd.MemoryChange,F5_stt:merge_boundary+drop_function_word,,,,,,
uh can raichu computer programming suite on binary search,Default Fallback Intent,F5_stt:filler+drop_function_word,,,,,,
uh somebody from motel in boise,Default Fallback Intent,F5_stt:drop_function_word+filler,,,,,,
um unsilence,Cmd.VolumeUnmute,F5_stt:filler,,,,,,
uh how do i turn on auto,Help_FallAlert,F5_stt:truncate_tail+filler,,,,,,
my battery drain too fast,Help_Battery,F5_stt:truncate_tail+drop_plural,,,,,,
um switchto gym,Cmd.MemoryChange,F5_stt:merge_boundary+filler,,,,,,
um start translation togerman,Cmd.TranslationStart,F5_stt:filler+merge_boundary,,,,,,
er create a reminderfor me,reminders.add,F5_stt:merge_boundary+filler,,,,,,
um turnmute off,Cmd.VolumeUnmute,F5_stt:merge_boundary+filler,,,,,,
starttv streamin,Cmd.StreamingStart,F5_stt:homophone+merge_boundary,,,,,,
turn on my right,Cmd.VolumeUnmute,F5_stt:truncate_tail+drop_function_word,,,,,,
er take the edg off the volume,Cmd.VolumeDecrease,F5_stt:filler+homophone,,,,,,
uh remind me about the teacher meeting on friday,reminders.add,F5_stt:filler+drop_function_word,,,,,,
is samsung galaxy fone getting released anytime,Default Fallback Intent,F5_stt:homophone+truncate_tail,,,,,,
er bring the volumedown,Cmd.VolumeDecrease,F5_stt:merge_boundary+filler,,,,,,
er master setting,Cmd.MemoryChange,F5_stt:filler,,,,,,
make sure i rememberto take meds,reminders.add,F5_stt:drop_function_word+merge_boundary,,,,,,
er what does heartrate recovery mean,Help_HeartRateRecovery,F5_stt:merge_boundary+filler,,,,,,
uh battery lifeleft,Cmd.BatteryLevel,F5_stt:filler+merge_boundary,,,,,,
uh start walk,Cmd.ActivityWalk,F5_stt:filler+drop_function_word,,,,,,
er what do i do to get my,Default Fallback Intent,F5_stt:filler+truncate_tail,,,,,,
er what does this self checkdo,Help_SelfCheck,F5_stt:filler+merge_boundary,,,,,,
er can you quiet it doun,Cmd.VolumeDecrease,F5_stt:filler+homophone,,,,,,
please alex good manasseh okay i will see back at the desk up,Default Fallback Intent,F5_stt:truncate_tail+drop_function_word,,,,,,
uh please i need to unpairmy hearing aids from my phone,Help_Pairing,F5_stt:filler+merge_boundary,,,,,,
uh help withmy cros setup,Help_WiCROS,F5_stt:merge_boundary+filler,,,,,,
complete myreminder,reminders.complete,F5_stt:drop_function_word+merge_boundary,,,,,,
er trackmy aerobic exercise,Cmd.ActivityAerobics,F5_stt:merge_boundary+filler,,,,,,
er i am lost inthis app,Help_Home,F5_stt:merge_boundary+filler,,,,,,
er you remind me to turn the lights on at 8 p m,reminders.add,F5_stt:drop_function_word+filler,,,,,,
er show me thrive assistant,Help_VoiceAssistant,F5_stt:filler+truncate_tail,,,,,,
can you change mammary school,Cmd.MemoryChange,F5_stt:drop_function_word+homophone,,,,,,
switchto automatic mammary,Cmd.MemoryChange,F5_stt:homophone+merge_boundary,,,,,,
s s sideworking,Default Fallback Intent,F5_stt:drop_function_word+merge_boundary,,,,,,
er can youswitch to memory one,Cmd.MemoryChange,F5_stt:merge_boundary+filler,,,,,,
foam a friend,Default Fallback Intent,F5_stt:homophone+drop_function_word,,,,,,
er add mask as a customized,Help_MemoryOptions,F5_stt:filler+truncate_tail,,,,,,
um crowd memery,Cmd.MemoryChange,F5_stt:homophone+filler,,,,,,
er how do i adjust my noise masker on my hearing,Help_Tinnitus,F5_stt:filler+truncate_tail,,,,,,
search for fone,Cmd.FindMyPhone,F5_stt:homophone+drop_function_word,,,,,,
uh is going to be our little ring bearer dude,Default Fallback Intent,F5_stt:filler+drop_function_word,,,,,,
um can you i need to pair thehearing aids with the phone,Help_Pairing,F5_stt:merge_boundary+filler,,,,,,
er please switch tonoise memory,Cmd.MemoryChange,F5_stt:filler+merge_boundary,,,,,,
how do i customize the hearin,Help_Customize,F5_stt:homophone+truncate_tail,,,,,,
uh here onthis,Default Fallback Intent,F5_stt:merge_boundary+filler,,,,,,
please showme running goal,Cmd.ActivityRun,F5_stt:merge_boundary+drop_function_word,,,,,,
uh decrease the volume in my hearing,Cmd.VolumeDecrease,F5_stt:filler+truncate_tail,,,,,,
ummake a note to remind me,reminders.add,F5_stt:filler+merge_boundary,,,,,,
uh what is dnn speech enhancement,Help_IntelliVoice,F5_stt:truncate_tail+filler,,,,,,
when is hedge modehelpful,Help_EdgeMode,F5_stt:homophone+merge_boundary,,,,,,
how much more running doi need do today,Cmd.ActivityRun,F5_stt:drop_function_word+merge_boundary,,,,,,
can tell me what how much do i owe you isin español,Cmd.TranslationStart,F5_stt:drop_function_word+merge_boundary,,,,,,
please listenmy tv,Cmd.StreamingStart,F5_stt:drop_function_word+merge_boundary,,,,,,
how do i return my default,Help_Volume,F5_stt:drop_function_word+truncate_tail,,,,,,
can youset to mask pro gram,Cmd.MemoryChange,F5_stt:merge_boundary+homophone,,,,,,
isthere button for memory,Help_ChangingMemories,F5_stt:merge_boundary+drop_function_word,,,,,,
er is it ok to push mold in far,Help_InsertDevice,F5_stt:filler+drop_function_word,,,,,,
make volume more on hearing 8s,Cmd.VolumeIncrease,F5_stt:drop_function_word+homophone,,,,,,
can set mammary to gym,Cmd.MemoryChange,F5_stt:drop_function_word+homophone,,,,,,
you i am just like oh so thatis the point that down,Default Fallback Intent,F5_stt:drop_function_word+merge_boundary,,,,,,
um switch tomask,Cmd.MemoryChange,F5_stt:merge_boundary+filler,,,,,,
whatis the life cycle of a rechargeable hearin aid,Default Fallback Intent,F5_stt:homophone+merge_boundary,,,,,,
how do i adjust my loudnessof tinnitus masker on the aids,Help_Tinnitus,F5_stt:drop_function_word+merge_boundary,,,,,,
er set memoryto meeting,Cmd.MemoryChange,F5_stt:merge_boundary+filler,,,,,,
did i reach mycycling,Cmd.ActivityCycle,F5_stt:truncate_tail+merge_boundary,,,,,,
aidskeep dropping sound,Help_DeviceSettings,F5_stt:drop_function_word+merge_boundary,,,,,,
er how do i change the volume on my hearing aides,Help_Volume,F5_stt:filler+homophone,,,,,,
how doi adjust bass on edge,Help_EdgeMode,F5_stt:truncate_tail+merge_boundary,,,,,,
er where is theheart feature,Help_HeartRate,F5_stt:filler+merge_boundary,,,,,,
how do i mute thecro transmitter,Help_WiCROS,F5_stt:merge_boundary+drop_plural,,,,,,
uh personal programme,Cmd.MemoryChange,F5_stt:filler+homophone,,,,,,
um how do i adjust my noise masker on hearing aids,Help_Tinnitus,F5_stt:drop_function_word+filler,,,,,,
uh link drive to hearing aid,Help_Pairing,F5_stt:drop_function_word+filler,,,,,,
can you switch personal memery,Cmd.MemoryChange,F5_stt:drop_function_word+homophone,,,,,,
can youmy left ear does not work,Help_SelfCheck,F5_stt:truncate_tail+merge_boundary,,,,,,
er please switch theater memory,Cmd.MemoryChange,F5_stt:filler+drop_function_word,,,,,,
er can you turn off the volume in my left hearing,Cmd.VolumeMute,F5_stt:filler+truncate_tail,,,,,,
um can you show me my step,Cmd.ActivityStep,F5_stt:truncate_tail+filler,,,,,,
how to enchance voice with hedge,Help_EdgeMode,F5_stt:homophone+truncate_tail,,,,,,
um keep this in mind for,reminders.add,F5_stt:truncate_tail+filler,,,,,,
um please setprogram to number two,Cmd.MemoryChange,F5_stt:merge_boundary+filler,,,,,,
please i can t get my hearin aid,Help_InsertDevice,F5_stt:truncate_tail+homophone,,,,,,
can you nothing i share,Default Fallback Intent,F5_stt:drop_function_word+truncate_tail,,,,,,
please remind me to send out christmas card every year on december 1st at 5 p,reminders.add,F5_stt:drop_plural+truncate_tail,,,,,,
switch outdoorsmemory,Cmd.MemoryChange,F5_stt:drop_function_word+merge_boundary,,,,,,
drop the sund in hearing aid,Cmd.VolumeDecrease,F5_stt:homophone+drop_function_word,,,,,,
um customization helpplease,Help_Customize,F5_stt:filler+merge_boundary,,,,,,
er calorie biking,Cmd.ActivityCycle,F5_stt:drop_plural+filler,,,,,,
uh start walk tracking,Cmd.ActivityWalk,F5_stt:filler+drop_function_word,,,,,,
show me an overviewof the,Help_WhatsNew,F5_stt:truncate_tail+merge_boundary,,,,,,
um show me bpm,Help_HeartRate,F5_stt:drop_function_word+filler,,,,,,
uh turnstreaming on,Cmd.StreamingStart,F5_stt:filler+merge_boundary,,,,,,
er canyou hi there i do not,Default Fallback Intent,F5_stt:merge_boundary+filler,,,,,,
um can telephone audio input,Default Fallback Intent,F5_stt:drop_function_word+filler,,,,,,
uh can you remind meto go to the doctor,reminders.add,F5_stt:merge_boundary+filler,,,,,,
er pull down right herein alice question,Default Fallback Intent,F5_stt:filler+merge_boundary,,,,,,
set reminderfor 1 hour,reminders.add,F5_stt:drop_function_word+merge_boundary,,,,,,
remind meto wash the car,reminders.add,F5_stt:merge_boundary+homophone,,,,,,
uh how do i get to the balance,Help_WiCROS,F5_stt:truncate_tail+filler,,,,,,
um reminder to play with my cat everyday at 7 p,reminders.add,F5_stt:filler+truncate_tail,,,,,,
help with white noise adjustment in my 8,Help_Tinnitus,F5_stt:drop_plural+homophone,,,,,,
um explain themain screen,Help_Home,F5_stt:filler+merge_boundary,,,,,,
er capture my cyclingsession,Cmd.ActivityCycle,F5_stt:merge_boundary+filler,,,,,,
uh please i am in butterbrodt new,Default Fallback Intent,F5_stt:filler+truncate_tail,,,,,,
um icannot hear the,Default Fallback Intent,F5_stt:merge_boundary+filler,,,,,,
um can you i would like to know how far it is to the,Default Fallback Intent,F5_stt:truncate_tail+filler,,,,,,
can you now its making,Default Fallback Intent,F5_stt:drop_plural+truncate_tail,,,,,,
can you re mind me to buy shoes in pari,reminders.add,F5_stt:drop_plural+homophone,,,,,,
get a massage to my,Cmd.SendMessage,F5_stt:homophone+truncate_tail,,,,,,
er please i need to talk t to my,Help_RemoteProgramming,F5_stt:truncate_tail+filler,,,,,,
um i am settling in for tv,Cmd.MemoryChange,F5_stt:filler+truncate_tail,,,,,,
er help with pairingthe aids,Help_Pairing,F5_stt:merge_boundary+filler,,,,,,
howdo i set reminder,Help_Reminder,F5_stt:merge_boundary+drop_function_word,,,,,,
um show me transcript,Cmd.TranscribeStart,F5_stt:filler+drop_function_word,,,,,,
er can you switch memery to kitchen,Cmd.MemoryChange,F5_stt:homophone+filler,,,,,,
um check power,Cmd.BatteryLevel,F5_stt:filler+drop_function_word,,,,,,
please help with volumn changes in my hearing,Help_Volume,F5_stt:truncate_tail+homophone,,,,,,
um bump it upa little,Cmd.VolumeIncrease,F5_stt:merge_boundary+filler,,,,,,
uh how to get better herring with edge mode,Help_EdgeMode,F5_stt:homophone+filler,,,,,,
i will need reminda for this,reminders.add,F5_stt:homophone+drop_function_word,,,,,,
uh can self check failed,Help_SelfCheck,F5_stt:filler+drop_function_word,,,,,,
er can you i cannot even hardly hearthat,Default Fallback Intent,F5_stt:merge_boundary+filler,,,,,,
er i lost track of my 8s,Help_FindMyHearingAids,F5_stt:homophone+filler,,,,,,
out ofyour fone okay,Default Fallback Intent,F5_stt:merge_boundary+homophone,,,,,,
uh remind meabout dinner at 1523,reminders.add,F5_stt:filler+merge_boundary,,,,,,
um have seen my aids,Help_FindMyHearingAids,F5_stt:drop_function_word+filler,,,,,,
er switch programme to pub,Cmd.MemoryChange,F5_stt:filler+homophone,,,,,,
er how does heart ratework,Help_HeartRate,F5_stt:merge_boundary+filler,,,,,,
uh okay send message,Cmd.SendMessage,F5_stt:drop_function_word+filler,,,,,,
set reminder buy milk forevery monday and wednesday at 5 p,reminders.add,F5_stt:merge_boundary+truncate_tail,,,,,,
return initial setting,Default Fallback Intent,F5_stt:drop_plural+drop_function_word,,,,,,
um how do i charge my hearingaid,Help_Battery,F5_stt:merge_boundary+filler,,,,,,
you change to master programme,Cmd.MemoryChange,F5_stt:homophone+drop_function_word,,,,,,
how doi set up the app the way i,Help_AppSettings,F5_stt:merge_boundary+truncate_tail,,,,,,
um locationsuddenly,Default Fallback Intent,F5_stt:filler+merge_boundary,,,,,,
uh how do i insert my left hearing aids into my,Help_InsertDevice,F5_stt:truncate_tail+filler,,,,,,
pleaseshow me quick guide,Help_WhatsNew,F5_stt:merge_boundary+drop_function_word,,,,,,
er howmany aerobic minutes this week,Cmd.ActivityAerobics,F5_stt:merge_boundary+filler,,,,,,
how do i turn on edge mode for tough,Help_EdgeMode,F5_stt:drop_plural+truncate_tail,,,,,,
er startstream,Cmd.StreamingStart,F5_stt:filler+merge_boundary,,,,,,
how do i on mute the,Help_Volume,F5_stt:truncate_tail+homophone,,,,,,
uh how doi clean my ric hearing aids,Help_CleanCare,F5_stt:merge_boundary+filler,,,,,,
er can you re mind me to refill my prescription tomorrow afternoon,reminders.add,F5_stt:filler+homophone,,,,,,
can you switch memery torestaurant,Cmd.MemoryChange,F5_stt:merge_boundary+homophone,,,,,,
um what percentage of step goal have i taken today,Cmd.ActivityStep,F5_stt:filler+drop_function_word,,,,,,
er you canalways add,Default Fallback Intent,F5_stt:merge_boundary+filler,,,,,,
help with changingmemorie,Help_ChangingMemories,F5_stt:merge_boundary+drop_plural,,,,,,
uh can you notscreaming loud enough,Default Fallback Intent,F5_stt:merge_boundary+filler,,,,,,
howshould i start a manual alert,Help_FallAlert,F5_stt:truncate_tail+merge_boundary,,,,,,
ermake sound quieter,Cmd.VolumeDecrease,F5_stt:filler+merge_boundary,,,,,,
um what can i do with program preset,Help_MemoryOptions,F5_stt:filler+drop_plural,,,,,,
um canyou talking about my daughter,Default Fallback Intent,F5_stt:filler+merge_boundary,,,,,,
uh where is my android,Cmd.FindMyPhone,F5_stt:filler+truncate_tail,,,,,,
er whatis the stock price of apple,Default Fallback Intent,F5_stt:filler+merge_boundary,,,,,,
um is there a closed caption,Help_Transcribe,F5_stt:truncate_tail+filler,,,,,,
er it is uncomfortablyloud,Cmd.VolumeDecrease,F5_stt:merge_boundary+filler,,,,,,
er what feature should i know about,Help_Home,F5_stt:drop_plural+filler,,,,,,
uh please i need an adjustment to my hearing,Help_RemoteProgramming,F5_stt:filler+truncate_tail,,,,,,
er get started,Help_WhatsNew,F5_stt:filler,,,,,,
uh restaurant setting,Cmd.MemoryChange,F5_stt:filler,,,,,,
er remind about party at 12p m on friday,reminders.add,F5_stt:merge_boundary+filler,,,,,,
um please change to outdoor program,Cmd.MemoryChange,F5_stt:drop_plural+filler,,,,,,
whyis my right hearin aid not connected,Help_Pairing,F5_stt:homophone+merge_boundary,,,,,,
um is my battery about to run,Cmd.BatteryLevel,F5_stt:truncate_tail+filler,,,,,,
please good not seen a lot offluid on that,Default Fallback Intent,F5_stt:merge_boundary+truncate_tail,,,,,,
they are speaking another language i,Cmd.TranslationStart,F5_stt:merge_boundary+truncate_tail,,,,,,
um changememory to three,Cmd.MemoryChange,F5_stt:merge_boundary+filler,,,,,,
can you set programme school,Cmd.MemoryChange,F5_stt:homophone+drop_function_word,,,,,,
the sund istoo strong,Cmd.VolumeDecrease,F5_stt:homophone+merge_boundary,,,,,,
um it waspitch black out in the store,Default Fallback Intent,F5_stt:merge_boundary+filler,,,,,,
can you i do not like my current hearing aide setting,Help_MemoryOptions,F5_stt:homophone+drop_plural,,,,,,
listen tothe tv,Cmd.StreamingStart,F5_stt:merge_boundary+drop_function_word,,,,,,
switch programmeto theater,Cmd.MemoryChange,F5_stt:homophone+merge_boundary,,,,,,
er mute hearing aids,Cmd.VolumeMute,F5_stt:drop_function_word+filler,,,,,,
can volume de crease,Cmd.VolumeDecrease,F5_stt:homophone+drop_function_word,,,,,,
stream the broadcast tomy,Cmd.StreamingStart,F5_stt:truncate_tail+merge_boundary,,,,,,
tell me my massage,Cmd.ListenMessage,F5_stt:drop_plural+homophone,,,,,,
uh please help with changing programs on hearing aid,Help_ChangingMemories,F5_stt:filler+drop_function_word,,,,,,
um golf programme,Cmd.MemoryChange,F5_stt:homophone+filler,,,,,,
er tooloudy,Cmd.VolumeDecrease,F5_stt:filler+merge_boundary,,,,,,
er change to my outdoor programme,Cmd.MemoryChange,F5_stt:homophone+filler,,,,,,
uh give me energy burn,Cmd.ActivityCalories,F5_stt:drop_function_word+filler,,,,,,
um help putting in my hearing,Help_InsertDevice,F5_stt:truncate_tail+filler,,,,,,
er trans late hello to french,Default Fallback Intent,F5_stt:filler+homophone,,,,,,
erlocate my other aid,Help_FindMyHearingAids,F5_stt:filler+merge_boundary,,,,,,
er how do i link a location to memory,Help_MemoryOptions,F5_stt:filler+drop_function_word,,,,,,
uh send word,Cmd.SendMessage,F5_stt:filler,,,,,,
um you i seen some of the models out there and they lose,Default Fallback Intent,F5_stt:drop_function_word+filler,,,,,,
um please translate how much do i owe in español,Cmd.TranslationStart,F5_stt:filler+drop_function_word,,,,,,
uh i need instruction,Help_Home,F5_stt:drop_plural+filler,,,,,,
where did i put mydevice,Help_FindMyHearingAids,F5_stt:drop_plural+merge_boundary,,,,,,
uh will theselast till tonight,Cmd.BatteryLevel,F5_stt:filler+merge_boundary,,,,,,
where would i senda manual alert,Help_FallAlert,F5_stt:merge_boundary+truncate_tail,,,,,,
uh play message i got,Cmd.ListenMessage,F5_stt:drop_function_word+filler,,,,,,
um makespeech clearer,Cmd.VolumeIncrease,F5_stt:merge_boundary+filler,,,,,,
um turn off streaming,Cmd.StreamingStop,F5_stt:drop_function_word+filler,,,,,,
er checkthem off like pink lady,Default Fallback Intent,F5_stt:merge_boundary+filler,,,,,,
um i wonder if i put it inhere somewhere,Default Fallback Intent,F5_stt:filler+merge_boundary,,,,,,
