text,intent
when should i start a manual alert message?,Help_FallAlert
what will my aid do when i've fallen?,Help_FallAlert
how would i cancel an alert message text message?,Help_FallAlert
where would i send a manual alert text?,Help_FallAlert
what do i hear when an alert text message is received?,Help_FallAlert
where do i cancel a fall alert text message?,Help_FallAlert
how could i initiate a manual alert text message?,Help_FallAlert
when would i hear alert sent?,Help_FallAlert
where would i intercept an alert message text?,Help_FallAlert
where would i stop a fall alert?,Help_FallAlert
where do i cancel a fall alert text?,Help_FallAlert
how would i know if an alert text message is canceled?,Help_FallAlert
where should i start a manual alert text message?,Help_FallAlert
how do i enable auto alert?,Help_FallAlert
how would i stop an alert?,Help_FallAlert
when would i stop a manual alert text message?,Help_FallAlert
how could i start a manual alert message?,Help_FallAlert
how should i send a manual alert text?,Help_FallAlert
where do i stop an alert?,Help_FallAlert
where do i initiate a manual alert?,Help_FallAlert
where should i initiate a manual alert?,Help_FallAlert
where would i send a manual alert?,Help_FallAlert
where would i initiate a manual alert text message?,Help_FallAlert
how would i stop a fall alert?,Help_FallAlert
where do i intercept a manual alert text message?,Help_FallAlert
how could i initiate a manual alert?,Help_FallAlert
when do i cancel an alert text message?,Help_FallAlert
how do i create a contact for fall alert?,Help_FallAlert
where could i send a manual alert?,Help_FallAlert
help me intercept a fall alert,Help_FallAlert
how should i send a manual alert?,Help_FallAlert
when would i stop a manual alert?,Help_FallAlert
what does alert sent mean?,Help_FallAlert
what does my aid do when i fall?,Help_FallAlert
how would i know if an alert was canceled?,Help_FallAlert
where do i intercept an alert message text message?,Help_FallAlert
where do i start a manual alert message?,Help_FallAlert
how would i cancel a fall alert message?,Help_FallAlert
how do i know if an alert text message is received?,Help_FallAlert
how do i turn on auto alert?,Help_FallAlert
where do i intercept an alert message text?,Help_FallAlert
how would i stop a fall alert text?,Help_FallAlert
how can i demo my fall alert indicators?,Help_FallAlert
how would i cancel an alert message text?,Help_FallAlert
what do the fall indicators sound like?,Help_FallAlert
where would i cancel a fall alert?,Help_FallAlert
how would i stop an alert text?,Help_FallAlert
what does my aids do when i fall?,Help_FallAlert
what do my aids do when i've fallen?,Help_FallAlert
what will i hear when an alert is sent?,Help_FallAlert
where do i stop an alert message text message?,Help_FallAlert
how could i send a manual alert text?,Help_FallAlert
what can my aids do when i've fallen?,Help_FallAlert
where would i initiate a manual alert?,Help_FallAlert
how should i start a manual alert message?,Help_FallAlert
when would i start a manual alert?,Help_FallAlert
when would i stop a text alert?,Help_FallAlert
how do i set up fall detection,Help_FallAlert
how would i send a manual alert text?,Help_FallAlert
where do i stop a fall alert text?,Help_FallAlert
what sounds will i hear if i fall?,Help_FallAlert
when do i stop a manual alert message?,Help_FallAlert
where would i intercept a fall alert message?,Help_FallAlert
what do my hearing aids do when i've fallen?,Help_FallAlert
when could i send a manual alert text message?,Help_FallAlert
misplaced telephone,Cmd.FindMyPhone
lost iphone,Cmd.FindMyPhone
where is my android,Cmd.FindMyPhone
where is my android phone,Cmd.FindMyPhone
search iphone,Cmd.FindMyPhone
search for my phone,Cmd.FindMyPhone
detect telephone,Cmd.FindMyPhone
where's my google phone,Cmd.FindMyPhone
find android phone,Cmd.FindMyPhone
search phone,Cmd.FindMyPhone
where is my ios phone,Cmd.FindMyPhone
find phone,Cmd.FindMyPhone
detect android phone,Cmd.FindMyPhone
detect iphone,Cmd.FindMyPhone
where's my iphone,Cmd.FindMyPhone
discover telephone,Cmd.FindMyPhone
find iphone,Cmd.FindMyPhone
locate phone,Cmd.FindMyPhone
locate iphone,Cmd.FindMyPhone
lost phone,Cmd.FindMyPhone
discover phone,Cmd.FindMyPhone
find my android,Cmd.FindMyPhone
where is my apple phone,Cmd.FindMyPhone
where is my cell phone,Cmd.FindMyPhone
detect phone,Cmd.FindMyPhone
where did i put my phone,Cmd.FindMyPhone
discover android phone,Cmd.FindMyPhone
discover iphone,Cmd.FindMyPhone
i can't find my android phone,Cmd.FindMyPhone
how many calories did i burn working out,Cmd.ActivityExercise
how long did i work out,Cmd.ActivityExercise
calories exercise,Cmd.ActivityExercise
how long have i been working out,Cmd.ActivityExercise
exercise goal,Cmd.ActivityExercise
show me my exercise goal,Cmd.ActivityExercise
how long have i been exercising,Cmd.ActivityExercise
how many calories did i burn while exercising,Cmd.ActivityExercise
how much longer do i need to exercise today,Cmd.ActivityExercise
work out goal,Cmd.ActivityExercise
make it louder,Cmd.VolumeIncrease
raise the volume up,Cmd.VolumeIncrease
increase the volume in my hearing aids,Cmd.VolumeIncrease
max loudness,Cmd.VolumeIncrease
more volume on hearing aid,Cmd.VolumeIncrease
maximum loudness,Cmd.VolumeIncrease
maximum volume,Cmd.VolumeIncrease
i need more volume,Cmd.VolumeIncrease
increase volume in my hearing aids,Cmd.VolumeIncrease
volume up,Cmd.VolumeIncrease
set to 80% volume,Cmd.VolumeIncrease
increase the left hearing aid,Cmd.VolumeIncrease
maximum sound,Cmd.VolumeIncrease
adjust right ear for higher sound,Cmd.VolumeIncrease
volume up left aid,Cmd.VolumeIncrease
pump up the volume,Cmd.VolumeIncrease
set to 100% volume,Cmd.VolumeIncrease
raise up the volume,Cmd.VolumeIncrease
make volume louder,Cmd.VolumeIncrease
set to 90% volume,Cmd.VolumeIncrease
turn up the volume in my right hearing aid,Cmd.VolumeIncrease
make the volume more on hearing aids,Cmd.VolumeIncrease
volume increase,Cmd.VolumeIncrease
it's too low turn it up,Cmd.VolumeIncrease
up volume,Cmd.VolumeIncrease
my volume is too soft,Cmd.VolumeIncrease
make the sound higher,Cmd.VolumeIncrease
more volume please,Cmd.VolumeIncrease
increase the volume,Cmd.VolumeIncrease
turn my right hearing aid up,Cmd.VolumeIncrease
turn up the loudness on my hearing aid,Cmd.VolumeIncrease
please more volume,Cmd.VolumeIncrease
turn up the loudness on my hearing aids,Cmd.VolumeIncrease
raise volume,Cmd.VolumeIncrease
increase the loudness in my aids,Cmd.VolumeIncrease
increase volume,Cmd.VolumeIncrease
what percentage of my step goal have i taken today,Cmd.ActivityStep
how many steps calories,Cmd.ActivityStep
show me my step goal,Cmd.ActivityStep
what is my step goal,Cmd.ActivityStep
step goal,Cmd.ActivityStep
how many more steps to reach my goal,Cmd.ActivityStep
how many steps have i taken this week,Cmd.ActivityStep
can i see my step goal,Cmd.ActivityStep
how many more steps do i need today,Cmd.ActivityStep
show me my step count,Cmd.ActivityStep
calories steps,Cmd.ActivityStep
what is my step count for the month,Cmd.ActivityStep
steps taken,Cmd.ActivityStep
step calories,Cmd.ActivityStep
i can't remember where my other aid is,Help_FindMyHearingAids
how do i locate my right hearing aid?,Help_FindMyHearingAids
where is my hearing aid?,Help_FindMyHearingAids
why can't you find the left hearing aid it is in my ear and working fine?,Help_FindMyHearingAids
i can't find my left hearing aid,Help_FindMyHearingAids
how do i search for my aids?,Help_FindMyHearingAids
where is my right aid?,Help_FindMyHearingAids
my other aid is missing,Help_FindMyHearingAids
find my right aid,Help_FindMyHearingAids
where is my aid?,Help_FindMyHearingAids
where is my other aid?,Help_FindMyHearingAids
help me find my left hearing aid,Help_FindMyHearingAids
i cannot remember where my hearing aids are,Help_FindMyHearingAids
i misplaced my right aid,Help_FindMyHearingAids
help me find my aids,Help_FindMyHearingAids
i can't find my other hearing aid,Help_FindMyHearingAids
where did i place my right hearing aid?,Help_FindMyHearingAids
where did i put my other aid?,Help_FindMyHearingAids
i cannot find my right hearing aid,Help_FindMyHearingAids
where are my hearing aids?,Help_FindMyHearingAids
find my right hearing aid,Help_FindMyHearingAids
i lost my hearing aids. can you help me find them?,Help_FindMyHearingAids
i can't find my hearing aids,Help_FindMyHearingAids
where did i leave my left hearing aid?,Help_FindMyHearingAids
help me find my hearing aids,Help_FindMyHearingAids
find my left hearing aid,Help_FindMyHearingAids
where did i leave my hearing aid?,Help_FindMyHearingAids
how do i locate my other hearing aid?,Help_FindMyHearingAids
how do i search for my other aid?,Help_FindMyHearingAids
how do i find my aids?,Help_FindMyHearingAids
how do i find my right aid?,Help_FindMyHearingAids
locate my hearing aid,Help_FindMyHearingAids
where did i leave my hearing aids?,Help_FindMyHearingAids
i cannot find my right aid,Help_FindMyHearingAids
how do i search for my aid?,Help_FindMyHearingAids
where did i put my left aid?,Help_FindMyHearingAids
i've lost my hearing aids,Help_FindMyHearingAids
i can't remember where my aid is,Help_FindMyHearingAids
find my aids,Help_FindMyHearingAids
i can't find my other aid,Help_FindMyHearingAids
how do i find my hearing aid?,Help_FindMyHearingAids
i can't remember where my left aid is,Help_FindMyHearingAids
how do i search for my hearing aid?,Help_FindMyHearingAids
where did i leave my right aid?,Help_FindMyHearingAids
where did i put my aids?,Help_FindMyHearingAids
help me find my aid,Help_FindMyHearingAids
i can't find my hearing aid,Help_FindMyHearingAids
where did i put my other hearing aid?,Help_FindMyHearingAids
i cannot remember where my left hearing aid is,Help_FindMyHearingAids
i misplaced my aid,Help_FindMyHearingAids
locate my other aid,Help_FindMyHearingAids
how do i find my hearing aids?,Help_FindMyHearingAids
how do i locate my right aid?,Help_FindMyHearingAids
i misplaced my aids,Help_FindMyHearingAids
i can't remember where my other hearing aid is,Help_FindMyHearingAids
where did i leave my other aid?,Help_FindMyHearingAids
i misplaced my left aid,Help_FindMyHearingAids
i lost my hearing aid,Help_FindMyHearingAids
where did i put my right hearing aid?,Help_FindMyHearingAids
i lost my aid. can you help me find it?,Help_FindMyHearingAids
how many calories have i used doing aerobics?,Cmd.ActivityAerobics
how many aerobics calories,Cmd.ActivityAerobics
how many calories have i burned doing aerobics?,Cmd.ActivityAerobics
how long have i been doing aerobics?,Cmd.ActivityAerobics
aerobics goal,Cmd.ActivityAerobics
activity goal,Cmd.ActivityAerobics
have i reached my activity goal?,Cmd.ActivityAerobics
when should i use intellivoice?,Help_IntelliVoice
where is help for dnn speech enhancement,Help_IntelliVoice
how does intelligent voice work?,Help_IntelliVoice
dnn speech enhancement help,Help_IntelliVoice
how do i use intelligent voice feature?,Help_IntelliVoice
how to do intelligent voice,Help_IntelliVoice
intelligent voice user guide,Help_IntelliVoice
how does dnn speech enhancement work?,Help_IntelliVoice
how to run dnn speech enhancement,Help_IntelliVoice
where is voice ai?,Help_IntelliVoice
how to dnn speech enhancement,Help_IntelliVoice
how to do dnn speech enhancement,Help_IntelliVoice
when should i use intelligent voice?,Help_IntelliVoice
what is voice ai?,Help_IntelliVoice
what is intelligent voice,Help_IntelliVoice
where is dnn speech enhancement?,Help_IntelliVoice
how do i use intellivoice feature?,Help_IntelliVoice
when should i use dnn speech enhancement?,Help_IntelliVoice
how often should i use intelligent voice?,Help_IntelliVoice
what does this dnn speech enhancement do?,Help_IntelliVoice
voice ai,Help_IntelliVoice
what is intelligent voice for,Help_IntelliVoice
how do i perform a intellivoice?,Help_IntelliVoice
where is help for intellivoice,Help_IntelliVoice
how do i use dnn speech enhancement feature?,Help_IntelliVoice
where is intellivoice?,Help_IntelliVoice
dnn speech enhancement user guide,Help_IntelliVoice
where is intelligent voice?,Help_IntelliVoice
how to run intelligent voice,Help_IntelliVoice
what is intellivoice,Help_IntelliVoice
how to intellivoice,Help_IntelliVoice
where's dnn speech enhancement?,Help_IntelliVoice
how does intellivoice work?,Help_IntelliVoice
where is help for intelligent voice,Help_IntelliVoice
what is dnn speech enhancement for,Help_IntelliVoice
where's intelligent voice?,Help_IntelliVoice
intellivoice user guide,Help_IntelliVoice
how to intelligent voice,Help_IntelliVoice
what is dnn speech enhancement?,Help_IntelliVoice
what does this voice ai do?,Help_IntelliVoice
can my hearing aids use intellivoice,Help_IntelliVoice
how to use hearshare?,Help_HearShare
how do i set up hearshare?,Help_HearShare
how do i add another person with hearshare?,Help_HearShare
how do i share my hearing data?,Help_HearShare
how do i invite a person with hearshare?,Help_HearShare
how do i share my activity data?,Help_HearShare
how to share my hearing data?,Help_HearShare
how to share my information with my wife?,Help_HearShare
how to set up hearshare?,Help_HearShare
how to invite a person with hearshare?,Help_HearShare
how to share my activity data?,Help_HearShare
how do i use hearshare?,Help_HearShare
how do i share my information with my wife?,Help_HearShare
did they accept my hearshare invitation?,Help_HearShare
how to share my hearing information with my son?,Help_HearShare
can i see my stand goal,Cmd.ActivityStand
how many calories did i burn standing,Cmd.ActivityStand
tell me what my stand goal is,Cmd.ActivityStand
have i reached my stand goal,Cmd.ActivityStand
show me my standing goal,Cmd.ActivityStand
show me my stand goal,Cmd.ActivityStand
how much longer do i need to stand,Cmd.ActivityStand
show me my standing history,Cmd.ActivityStand
how long have i stood this month,Cmd.ActivityStand
have i stood an hour,Cmd.ActivityStand
stand goal,Cmd.ActivityStand
stream from the remote microphone,Cmd.StreamingStart
start streaming,Cmd.StreamingStart
listen to my tv,Cmd.StreamingStart
let me hear the tv,Cmd.StreamingStart
i'd like to stream now,Cmd.StreamingStart
start remote stream,Cmd.StreamingStart
listen to the microphone,Cmd.StreamingStart
i want to listen to the presenter,Cmd.StreamingStart
start streaming tv to my hearing aids,Cmd.StreamingStart
stream,Cmd.StreamingStart
listen to the tv,Cmd.StreamingStart
play tv stream,Cmd.StreamingStart
let me hear the remote mic,Cmd.StreamingStart
start streaming remote to my hearing aids,Cmd.StreamingStart
let me hear the presenter,Cmd.StreamingStart
tv steam,Cmd.StreamingStart
start tv streaming,Cmd.StreamingStart
stream from the microphone,Cmd.StreamingStart
pick up tv stream signal,Cmd.StreamingStart
start stream,Cmd.StreamingStart
start remote streaming,Cmd.StreamingStart
turn streaming on,Cmd.StreamingStart
streaming,Cmd.StreamingStart
let me hear my tv,Cmd.StreamingStart
stream tv,Cmd.StreamingStart
turn on streaming,Cmd.StreamingStart
start tv stream,Cmd.StreamingStart
calories walking,Cmd.ActivityWalk
how many calories have i used while walking?,Cmd.ActivityWalk
how much walking have i done this week?,Cmd.ActivityWalk
how far have i walked,Cmd.ActivityWalk
how far do i have to walk?,Cmd.ActivityWalk
do i need to walk farther to reach my goal?,Cmd.ActivityWalk
show me my walking history?,Cmd.ActivityWalk
my walking time is?,Cmd.ActivityWalk
how much have i walked this week?,Cmd.ActivityWalk
how much walking have i done this month?,Cmd.ActivityWalk
how much have i walked?,Cmd.ActivityWalk
do i need to walk longer to reach my goal?,Cmd.ActivityWalk
what is my walking count for the month?,Cmd.ActivityWalk
what are the new features for?,Help_WhatsNew
what's new in the thrive app?,Help_WhatsNew
what's new in my app?,Help_WhatsNew
what's new in my thrive app?,Help_WhatsNew
what's new in the app?,Help_WhatsNew
how has ipro changed?,Help_WhatsNew
what's new in this app?,Help_WhatsNew
what's changed in this new version?,Help_WhatsNew
what's new in this thrive app?,Help_WhatsNew
show me the quick guide,Help_WhatsNew
what's new in this version of my app?,Help_WhatsNew
show me an overview of thrive,Help_WhatsNew
what's new in this version?,Help_WhatsNew
show me an overview of ipro,Help_WhatsNew
show me an overview of the app,Help_WhatsNew
show me an overview of this app,Help_WhatsNew
what are the new features in the hearing aid,Help_WhatsNew
take me to quick start,Help_WhatsNew
how has this app changed?,Help_WhatsNew
what's different about this app?,Help_WhatsNew
what's different about ipro?,Help_WhatsNew
how has kind changed?,Help_WhatsNew
what's different about thrive?,Help_WhatsNew
quick start,Help_WhatsNew
can i set the program to a location?,Help_MemoryOptions
can i create a new program,Help_MemoryOptions
add mask as a customized memory,Help_MemoryOptions
how do i save settings to my memory?,Help_MemoryOptions
can i reset a memory,Help_MemoryOptions
can i assign a location to a memory?,Help_MemoryOptions
how do i assign a location to a memory?,Help_MemoryOptions
i lost my memory for restaurants and meetings,Help_MemoryOptions
how do i add a new memory?,Help_MemoryOptions
how do i geotag a location to my memory?,Help_MemoryOptions
how do i link a location to a memory?,Help_MemoryOptions
how do i customize my hearing aid memory?,Help_MemoryOptions
where can i create a new program,Help_MemoryOptions
how do i geotag a location to a memory?,Help_MemoryOptions
how do i geotag my current memory?,Help_MemoryOptions
how do i tag a location to a memory?,Help_MemoryOptions
how can i use custom memories?,Help_MemoryOptions
can i set the program to this location?,Help_MemoryOptions
how do i personalize my hearing aid settings?,Help_MemoryOptions
i want to create a new memory?,Help_MemoryOptions
how do i save settings to a new memory?,Help_MemoryOptions
how do i geotag my current program?,Help_MemoryOptions
how do i make a custom memory,Help_MemoryOptions
i don't like my current hearing aid settings,Help_MemoryOptions
how do i reset all my memories,Help_MemoryOptions
how do i create my own memory for my hearing aid?,Help_MemoryOptions
how do i create my own memory for my aids?,Help_MemoryOptions
how do i create my own custom memory?,Help_MemoryOptions
how do i create my own program?,Help_MemoryOptions
how do i link a location to my memory?,Help_MemoryOptions
how do i personalize my hearing aid memory?,Help_MemoryOptions
how do i create my own memory for my aid?,Help_MemoryOptions
how do i create my own memory for my hearing aids?,Help_MemoryOptions
can i assign a location to my memory?,Help_MemoryOptions
memory settings,Help_MemoryOptions
how do i set the program to this location?,Help_MemoryOptions
what are some of my options for memories,Help_MemoryOptions
can i tag a location to a memory?,Help_MemoryOptions
what does this self-check do?,Help_SelfCheck
how do i test my left hearing aid,Help_SelfCheck
self check help,Help_SelfCheck
how do i know if my hearing aid is working?,Help_SelfCheck
where is help for self check,Help_SelfCheck
how do i use self-check feature?,Help_SelfCheck
where can i see if my hearing aid is working?,Help_SelfCheck
one hearing aid is not being found,Help_SelfCheck
why doesn't the left hearing aid work,Help_SelfCheck
how do i perform a self-check?,Help_SelfCheck
why doesn't my wife hearing aid work,Help_SelfCheck
when should i use self-check?,Help_SelfCheck
what if self-check says that my hearing aid is broken?,Help_SelfCheck
self check failed.,Help_SelfCheck
right hearing aid doesn't work,Help_SelfCheck
how do i check to see if my hearing aid is working?,Help_SelfCheck
how do i know if my microphone is working?,Help_SelfCheck
my left ear doesn't work good,Help_SelfCheck
my left hearing aid does not respond,Help_SelfCheck
there is a problem with my hearing aids,Help_SelfCheck
are both of my hearing aids working,Help_SelfCheck
how to self check,Help_SelfCheck
what is self-check?,Help_SelfCheck
why is my left hearing aids not working,Help_SelfCheck
how does self check work?,Help_SelfCheck
please diagnose my hearing aids,Help_SelfCheck
how to check hearing aids state,Help_SelfCheck
right here does not work,Help_SelfCheck
what is self check for,Help_SelfCheck
where is self-check?,Help_SelfCheck
self check user guide,Help_SelfCheck
why is the right hearing aids not functioning,Help_SelfCheck
there is a problem with my right hearing aid,Help_SelfCheck
how do i use self check,Help_SelfCheck
should my hearing aids get all check marks in self-check?,Help_SelfCheck
how to do self check,Help_SelfCheck
why is my right hearing aid not working,Help_SelfCheck
there is a problem with my hearing aid,Help_SelfCheck
can my hearing aids self check,Help_SelfCheck
calories used today,Cmd.ActivityCalories
used calories today,Cmd.ActivityCalories
calories burned today,Cmd.ActivityCalories
burned calories today,Cmd.ActivityCalories
how many burned calories today,Cmd.ActivityCalories
how many calories have i used today,Cmd.ActivityCalories
how do i charge my hearing aid ric,Help_Battery
how do i change the battery in my hearing aid?,Help_Battery
how do i charge my battery?,Help_Battery
how to change my hearing aid battery ?,Help_Battery
how do you change my battery?,Help_Battery
how do i charge my ric hearing aid?,Help_Battery
how to change the battery in my hearing aid?,Help_Battery
how do i charge my itc hearing aid?,Help_Battery
how do i change my battery?,Help_Battery
how to charge my itc hearing aid?,Help_Battery
how do i charge my hearing aid?,Help_Battery
how to charge my hearing aid?,Help_Battery
how do i change my hearing aid battery ?,Help_Battery
how to charge my ric hearing aid?,Help_Battery
how do you charge my battery?,Help_Battery
how can i use my hearing aids,Help_Home
what adjustments can i make on the main screen?,Help_Home
where is the home screen?,Help_Home
how do i get back to the main screen?,Help_Home
what adjustments can i make on the home screen?,Help_Home
where is the homepage,Help_Home
where is the main screen?,Help_Home
where what is the home,Help_Home
help with the home screen,Help_Home
how do i go the the main screen?,Help_Home
how do i get to the homepage,Help_Home
how do i turn thrive on,Help_Home
how do i go the the home screen?,Help_Home
what's on the homepage,Help_Home
help with the main screen,Help_Home
how do i access the home screen?,Help_Home
how to enchance voice with edge mode,Help_EdgeMode
how do i hear less wind with edge mode?,Help_EdgeMode
how to hear less wind with edge mode,Help_EdgeMode
how to reduce noise with edge mode?,Help_EdgeMode
what is in edge mode?,Help_EdgeMode
what is edge mode?,Help_EdgeMode
how do i use edge mode?,Help_EdgeMode
how do i enhance voice with edge mode?,Help_EdgeMode
how to save edge mode setting?,Help_EdgeMode
what does edge mode do?,Help_EdgeMode
how do i save setting on edge mode?,Help_EdgeMode
how to use edge mode,Help_EdgeMode
how do i adjust bass on edge mode?,Help_EdgeMode
how to get better hearing with edge mode?,Help_EdgeMode
unmute,Cmd.VolumeUnmute
turn on my right aid,Cmd.VolumeUnmute
sound on,Cmd.VolumeUnmute
turn volume to normal,Cmd.VolumeUnmute
turn off mute,Cmd.VolumeUnmute
turn the sound on,Cmd.VolumeUnmute
turn on the volume,Cmd.VolumeUnmute
hearing aid volume on,Cmd.VolumeUnmute
turn on my left aid,Cmd.VolumeUnmute
turn the volume on,Cmd.VolumeUnmute
turn on the sound,Cmd.VolumeUnmute
turn mute off,Cmd.VolumeUnmute
turn on hearing aids,Cmd.VolumeUnmute
turn my right hearing aid on,Cmd.VolumeUnmute
volume on right aid,Cmd.VolumeUnmute
unmute the hearing aids,Cmd.VolumeUnmute
volume on left aid,Cmd.VolumeUnmute
turn volume on,Cmd.VolumeUnmute
unmute my hearing aids,Cmd.VolumeUnmute
unmute on,Cmd.VolumeUnmute
help with tinnitus masker adjustments in my aids,Help_Tinnitus
help with white noise adjustment,Help_Tinnitus
help with tinnitus volume adjustment on my aids,Help_Tinnitus
help with tinnitus masker adjustments,Help_Tinnitus
how do i adjust my noise masker in my left hearing aid?,Help_Tinnitus
is tinnitus in the app?,Help_Tinnitus
how do i adjust my tinnitus masker in my hearing aid?,Help_Tinnitus
how do i adjust my noise masker in my hearing aids?,Help_Tinnitus
help with white noise adjustments in my aid,Help_Tinnitus
help with tinnitus masker adjustment on my aids,Help_Tinnitus
how do i adjust my loudness of the tinnitus masker on the hearing aid?,Help_Tinnitus
how do i adjust my loudness of the tinnitus volume on the hearing aid?,Help_Tinnitus
help me change tinnitus program,Help_Tinnitus
help with tinnitus volume adjustment in my hearing aid,Help_Tinnitus
how do i turn down the tinnitus noise?,Help_Tinnitus
help with white noise adjustments,Help_Tinnitus
how do i adjust my noise masker on my hearing aid?,Help_Tinnitus
can i turn off tinnitus,Help_Tinnitus
help with white noise adjustment on my hearing aid,Help_Tinnitus
how do i adjust my loudness of the tinnitus masker on the aids?,Help_Tinnitus
how do i adjust my loudness of the tinnitus volume on my aid?,Help_Tinnitus
how do i adjust my loudness of the tinnitus volume in the aid?,Help_Tinnitus
how do i adjust my noise masker in my right hearing aid?,Help_Tinnitus
how do i adjust my loudness of the tinnitus masker in my hearing aids?,Help_Tinnitus
how do i adjust my tinnitus noise in the aids?,Help_Tinnitus
how do i adjust my tinnitus noise?,Help_Tinnitus
show me tinnitus settings,Help_Tinnitus
how do i adjust my noise masker on the hearing aids?,Help_Tinnitus
what is the ringing in my ears,Help_Tinnitus
how do i adjust my noise masker on my hearing aids?,Help_Tinnitus
how do i adjust my tinnitus noise in the hearing aids?,Help_Tinnitus
how do i adjust my noise masker?,Help_Tinnitus
how do i adjust my tinnitus masker in the left hearing aid?,Help_Tinnitus
how do i adjust my loudness of the tinnitus volume on the aid?,Help_Tinnitus
how do i adjust my tinnitus masker in the right hearing aid?,Help_Tinnitus
how do i adjust my tinnitus masker in the hearing aid?,Help_Tinnitus
how do i adjust my tinnitus noise in the hearing aid?,Help_Tinnitus
how do i adjust my tinnitus noise settings?,Help_Tinnitus
how do i adjust my loudness of the tinnitus masker on my aid?,Help_Tinnitus
how do i adjust my loudness of the tinnitus masker in the hearing aids?,Help_Tinnitus
how do i adjust my loudness of the tinnitus volume in the hearing aid?,Help_Tinnitus
how do i adjust my loudness of the tinnitus volume on the hearing aids?,Help_Tinnitus
help with white noise adjustments in my hearing aids,Help_Tinnitus
how do i turn up the tinnitus noise?,Help_Tinnitus
how do i adjust my loudness of the tinnitus volume in my hearing aid?,Help_Tinnitus
how do i adjust my loudness of the tinnitus masker in the aid?,Help_Tinnitus
help with tinnitus volume adjustment in my aid,Help_Tinnitus
how do i adjust my tinnitus noise on the aid?,Help_Tinnitus
help with tinnitus masker adjustments in my hearing aid,Help_Tinnitus
how do i change the tinnitus sounds,Help_Tinnitus
how do i adjust my loudness of the tinnitus masker on the aid?,Help_Tinnitus
help with tinnitus masker adjustments on my aid,Help_Tinnitus
help with tinnitus volume adjustment on my hearing aids,Help_Tinnitus
help with tinnitus volume adjustments on my aids,Help_Tinnitus
help with tinnitus masker adjustments on my aids,Help_Tinnitus
how do i backup my thrive app data,Help_HearingCareAnywhereConnect
how do i backup the data in my aid?,Help_HearingCareAnywhereConnect
how do i backup the data in my app?,Help_HearingCareAnywhereConnect
how do i restore my hearing aid settings?,Help_HearingCareAnywhereConnect
how do i restore the settings in my aids?,Help_HearingCareAnywhereConnect
how do i restore the thrive app settings?,Help_HearingCareAnywhereConnect
how do i sync my hearing aids to the app?,Help_HearingCareAnywhereConnect
telehear,Help_HearingCareAnywhereConnect
help for tele hear,Help_HearingCareAnywhereConnect
where can i find tele here,Help_HearingCareAnywhereConnect
where can i find tela here,Help_HearingCareAnywhereConnect
why is my left hearing aid not paired,Help_Pairing
how do i connect my hearing aids to my car's bluetooth?,Help_Pairing
can my hearing aids be set up to multiple devices,Help_Pairing
how do i connect my hearing aid?,Help_Pairing
i need to pair the hearing aids with the phone,Help_Pairing
pairing aids with my phone,Help_Pairing
can my hearing aids be set up to an iphone and an ipad at the same,Help_Pairing
pairing my hearing aids with the thrive app,Help_Pairing
help with pairing my hearing aids with the phone,Help_Pairing
are the aids connected to the phone?,Help_Pairing
how do i pair my hearing aids to my car's bluetooth?,Help_Pairing
how do i reconnect my aids,Help_Pairing
how do i disconnect my hearing aid from my phone?,Help_Pairing
pairing devices with my thrive app,Help_Pairing
help with pairing the aids with the phone,Help_Pairing
pair right aid,Help_Pairing
help with pairing hearing aids on the phone,Help_Pairing
how do i check the connection status of my hearing aid?,Help_Pairing
how do i reconnect my hearing aids,Help_Pairing
how do i connect my hearing aids?,Help_Pairing
i need to disconnect the hearing aids from the phone,Help_Pairing
connect left hearing aid,Help_Pairing
how do i know if my hearing aids are connected to my app?,Help_Pairing
why is my left hearing aid not connected,Help_Pairing
is my hearing aid paired to the phone?,Help_Pairing
why can't i hear anything through,Help_Pairing
i need help with pairing my aid,Help_Pairing
are my aids connected to the phone?,Help_Pairing
link drive to hearing aid,Help_Pairing
how do you sync to hearing aids,Help_Pairing
help with pairing devices with the thrive app,Help_Pairing
is the hearing aid connected to the app?,Help_Pairing
how do i pair my hearing aids to my phone?,Help_Pairing
how do i unpair my hearing aid from my phone?,Help_Pairing
how do i unpair my aids from my phone?,Help_Pairing
how do i reconnect my right aid,Help_Pairing
how do i pair to my car's bluetooth?,Help_Pairing
i need to disconnect my hearing aids from my phone,Help_Pairing
how do i disconnect my aids?,Help_Pairing
how do i set my phone to ring in my hearing aids,Help_Pairing
pairing hearing aids on the thrive app,Help_Pairing
i need help pairing my aid to my phone,Help_Pairing
help with pairing hearing aids with the phone,Help_Pairing
how do i unpair my hearing aids?,Help_Pairing
are my aids connected to the app?,Help_Pairing
why is my right hearing aid not connected,Help_Pairing
how do i connect my aids?,Help_Pairing
how do i reconnect my left aid,Help_Pairing
pair left aid,Help_Pairing
help with pairing the aids,Help_Pairing
how do i pair my hearing aids,Help_Pairing
i need help pairing the aid,Help_Pairing
i need help pairing,Help_Pairing
connect right hearing aid,Help_Pairing
why is my right hearing aid not paired,Help_Pairing
how do i reconnect my right hearing aid,Help_Pairing
how do i know if the hearing aids are paired to my phone?,Help_Pairing
pairing my aids with my phone,Help_Pairing
is my aid connected to my app?,Help_Pairing
is my hearing aid connected to the app?,Help_Pairing
i need help with pairing the aids,Help_Pairing
pairing my hearing aids on the phone,Help_Pairing
how do i pair my hearing aid to my phone?,Help_Pairing
i need to unpair my hearing aids from my phone,Help_Pairing
how do i sync these together,Help_Pairing
how can i synchronize my hearing aids,Help_Pairing
is my aid connected to the phone?,Help_Pairing
how do i disconnect my aid?,Help_Pairing
i need to connect the hearing aids to the phone,Help_Pairing
why can't i get my hearing aids to go through on my phone to go through my hearing aids,Help_Pairing
how do i know if the hearing aids are connected to my thrive app?,Help_Pairing
are the hearing aids connected to the phone?,Help_Pairing
help with pairing my aids,Help_Pairing
is the hearing aid connected to my app?,Help_Pairing
connect right aid,Help_Pairing
help with pairing hearing aids on the thrive app,Help_Pairing
connect left aid,Help_Pairing
i need help with pairing my aid to the phone,Help_Pairing
sync car bluetooth to hearing aid,Help_Pairing
i need to disconnect my hearing aid from my phone,Help_Pairing
can my hearing aid be set up to an iphone and an ipad at the same time,Help_Pairing
where do i pair my hearing aids in the app?,Help_Pairing
how do i know if the hearing aids are paired to the phone?,Help_Pairing
create a new reminder,reminders.add
remind me to drink water in 10 minutes,reminders.add
set an alarm for doctors appointment tomorrow morning,reminders.add
set an alarm for 8 a.m.,reminders.add
schedule appointment,reminders.add
schedule physical therapy appointment tomorrow morning 8:40 a.m.,reminders.add
every year,reminders.add
every week,reminders.add
every day,reminders.add
everyday,reminders.add
set up a reminder,reminders.add
reminder,reminders.add
make a reminder,reminders.add
remember to work out,reminders.add
remember to wash my car,reminders.add
remember to visit my family on thanksgiving day,reminders.add
remember to turn the lights on at 8 p.m.,reminders.add
remember to turn off my phone everyday at 11 p.m.,reminders.add
remember to take my medicine tuesday morning at 10 a.m.,reminders.add
remember to take medicine tomorrow morning,reminders.add
remember to take medicine today at 5 p.m.,reminders.add
remember to take medicine next thursday at 4 p.m.,reminders.add
remember to take medicine,reminders.add
remember to take medication today at 5 p.m.,reminders.add
set a reminder,reminders.add
don't let me forget,reminders.add
remind me,reminders.add
i want to be reminded,reminders.add
create a reminder,reminders.add
remind me to go running every wednesday at 7 a.m.,reminders.add
remind me to take medicine next thursday at 4 p.m.,reminders.add
remind me to take my medicine tuesday morning at 10 a.m.,reminders.add
remind me to pick up my prescription at 5 p.m. on monday,reminders.add
remind me to pick up my prescription on monday at 5 p.m.,reminders.add
create a reminder to take medicine today at 8 p.m.,reminders.add
remind me to drink water later today at 5 p.m.,reminders.add
remind me to take medicine tomorrow morning,reminders.add
remind me to pick up my prescription this afternoon,reminders.add
remind me to refill my prescription tomorrow afternoon,reminders.add
set a reminder to drink water today,reminders.add
set a reminder to exercise today,reminders.add
set a reminder to pick up prescription today at 5 p.m.,reminders.add
set a reminder to refill prescription tomorrow,reminders.add
set a reminder to take medication today at 5 p.m.,reminders.add
remind me to drink water today,reminders.add
remind me to exercise today,reminders.add
remind me to clean hearing aids today,reminders.add
remind me to refill prescription tomorrow,reminders.add
set reminder to drink water at 9 p.m. every tuesday,reminders.add
setup reminder to take medicine at 1 p.m.,reminders.add
set reminder to take medicine at 1 p.m.,reminders.add
remind me to get groceries every month on the 15th at 1 p.m.,reminders.add
remind me to send out christmas cards every year on december 1st at 5 p.m.,reminders.add
create a daily reminder to take medication at 5 p.m.,reminders.add
remind me to workout tomorrow morning at 6,reminders.add
set reminder for 7 a.m. tomorrow about dinner please,reminders.add
remind about running everyday at 6 a.m.,reminders.add
remind me to study tomorrow,reminders.add
remind me of my doctors appointment,reminders.add
send me a reminder to leave for work in 10 minutes,reminders.add
remind me on the 27th of august tomy flight,reminders.add
remind me about dinner at 15 p.m.,reminders.add
remind me at 7 p.m. on november 11 to do homework,reminders.add
remind me to turn the lights on at 8 p.m.,reminders.add
set reminder for tomorrow morning,reminders.add
remind me at 2:35 p.m. tomorrow to not park in the back parking lot,reminders.add
remind me to deliver to saint barbara catholic church on friday 9 to 9:30,reminders.add
remind me to go to bed in 5 minutes,reminders.add
remind me to brush my teeth,reminders.add
remind me to go to work the 19th of august,reminders.add
remind me at 1 p.m. that i have to eat,reminders.add
reminder for 4:15 p.m. today visit grandma please,reminders.add
remind me at 12 o'clock,reminders.add
remind me friday,reminders.add
remind me of a meeting on the 27th of august,reminders.add
remind me to call someone everyday at 4 p.m.,reminders.add
remind me to turn off my phone everyday at 11 p.m.,reminders.add
i need a reminder for today,reminders.add
add a reminder for tomorrow,reminders.add
remind me to work out,reminders.add
remind me to wake up tomorrow,reminders.add
remind flight at 6 a.m.,reminders.add
help me remind me to call bae tomorrow at 9,reminders.add
new reminder eat an apple everyday at 9 a.m.,reminders.add
remind me of appointment,reminders.add
remind me to buy bread at 11 a.m. tomorrow,reminders.add
new reminder for everyday,reminders.add
add reminder feed a cat in 3 minutes,reminders.add
can you remind me to read my book wash dishes and sweep the floor,reminders.add
reminder to play with my cat everyday at 7 p.m.,reminders.add
remind me to wash my car,reminders.add
remind me at noon,reminders.add
remind me on weekend,reminders.add
remind me to take medicine,reminders.add
set a reminder for 1 hour,reminders.add
new reminder about fitness,reminders.add
remind me of blood brothers,reminders.add
remind me i have a doctor's appointment,reminders.add
set reminder buy milk on november 11 at 5 p.m.,reminders.add
remind me to go to sleep,reminders.add
remind me to pay my credit card bill,reminders.add
remind me i have a meeting,reminders.add
remind me about dinner in 1 hour,reminders.add
set reminder about washing car,reminders.add
remind me in 15 minutes to go to the bar,reminders.add
remind me to buy movie tickets for friday evening,reminders.add
set reminder for dinner with tom please,reminders.add
remind me to call dad,reminders.add
remind me to watch,reminders.add
remind me about the teacher meeting on friday,reminders.add
remind about business meeting every monday at 4 p.m.,reminders.add
remind me that i have a doctor's appointment,reminders.add
remind me at 11 o'clock in the morning,reminders.add
remind about running at 6 a.m. on 7th december,reminders.add
remind me today,reminders.add
remind me to book a parking spot for my carnival cruise,reminders.add
remind me to do homework on november 11 at 7 p.m.,reminders.add
remind about party at 12 p.m. on friday,reminders.add
remind me to call mom on christmas,reminders.add
remind me to call my brother on veterans day,reminders.add
remind me of video everyday at noon,reminders.add
new reminder about washing car,reminders.add
remind me about the parent/teacher meeting on friday,reminders.add
remind me of my appointment,reminders.add
remind me about exams every friday at 7 p.m.,reminders.add
remind me to drink some water in 5 minutes,reminders.add
remind me to go running at 6 a.m.,reminders.add
set reminder about dog walking repeat it everyday at 9 a.m.,reminders.add
reminder for this evening,reminders.add
remind me to exercise tonight,reminders.add
set reminder for 25th november,reminders.add
remind me to wash the car,reminders.add
remind me 10:30 p.m. to close the restaurant,reminders.add
remind me everyday to read a book at 6 p.m.,reminders.add
do not let me forget to water flowers at 7 a.m. tomorrow,reminders.add
please remind me to call,reminders.add
set reminder to 5 p.m.,reminders.add
send me a reminder to pay the cable bill on march 3,reminders.add
remind me about dinner at 1523,reminders.add
remind me to buy shoes in paris,reminders.add
remind me to go to the doctor,reminders.add
remind me to vitamin d at 7 p.m. everyday,reminders.add
add reminder for meeting,reminders.add
trader reminder,reminders.add
where can i change app settings,Help_AppSettings
how do i switch between basic and advanced mode?,Help_AppSettings
should i use basic or advanced mode?,Help_AppSettings
what is available with the basic app?,Help_AppSettings
how do i switch from the basic app to the advanced app?,Help_AppSettings
what can i do with the advanced app?,Help_AppSettings
what is available with the advanced app?,Help_AppSettings
what can i do in the app settings?,Help_AppSettings
what can i do with the basic app?,Help_AppSettings
is there a place to change my app settings?,Help_AppSettings
where are app settings,Help_AppSettings
what is advanced mode?,Help_AppSettings
app version,Help_AppSettings
which version of the app do i have?,Help_AppSettings
can i switch back after i change the mode?,Help_AppSettings
how do i send a note to my doctor,Help_RemoteProgramming
how do i request an adjustment?,Help_RemoteProgramming
how will i know when my hearing care specialist adjusted the hearing aid?,Help_RemoteProgramming
can i listen to the adjustments made by the professional?,Help_RemoteProgramming
how will i know when the hearing specialist adjusted my hearing aid?,Help_RemoteProgramming
can i contact my audiologist for help?,Help_RemoteProgramming
how will i know when my hearing care specialist adjusted my aids?,Help_RemoteProgramming
how will i know when my hearing care specialist adjusted the aid?,Help_RemoteProgramming
how will i know when my audiologist adjusted the hearing aid?,Help_RemoteProgramming
i need an adjustment to my hearing aids,Help_RemoteProgramming
can i go back to my original settings?,Help_RemoteProgramming
how will i know when the audiologist adjusted the aids?,Help_RemoteProgramming
how will i know when my hearing care specialist adjusted my hearing aid?,Help_RemoteProgramming
how will i know when my audiologist adjusted the aid?,Help_RemoteProgramming
how will i know when the professional adjusted the aid?,Help_RemoteProgramming
how does remote programming work?,Help_RemoteProgramming
how will i know when the hearing specialist adjusted my aids?,Help_RemoteProgramming
how can i connect to my audiologist,Help_RemoteProgramming
can my professional adjust my aids remotely?,Help_RemoteProgramming
how will i know when my hearing specialist adjusted my hearing aids?,Help_RemoteProgramming
can i compare the adjustments made by my audiologist?,Help_RemoteProgramming
where are my new settings?,Help_RemoteProgramming
how do i save the adjustments made by my hearing specialist?,Help_RemoteProgramming
how do i save the adjustments made by my audiologist?,Help_RemoteProgramming
i want to talk to my audiologist,Help_RemoteProgramming
how will i know when my hearing care specialist adjusted my hearing aids?,Help_RemoteProgramming
how do i contact my professional for help?,Help_RemoteProgramming
how will i know when my professional adjusted the hearing aids?,Help_RemoteProgramming
can my audiologist adjust my hearing aids remotely?,Help_RemoteProgramming
how will i know when the professional adjusted the hearing aids?,Help_RemoteProgramming
how do i contact my professional about an issue?,Help_RemoteProgramming
can the audiologist adjust the hearing aid remotely?,Help_RemoteProgramming
how will i know when the audiologist adjusted my aids?,Help_RemoteProgramming
how will i know when the audiologist adjusted the hearing aid?,Help_RemoteProgramming
can i preview the adjustments made by the professional?,Help_RemoteProgramming
can the professional adjust the hearing aids remotely?,Help_RemoteProgramming
how will i know when my hearing specialist adjusted the hearing aids?,Help_RemoteProgramming
how will i know when the audiologist adjusted the aid?,Help_RemoteProgramming
how will i know when my audiologist adjusted my hearing aids?,Help_RemoteProgramming
how will i know when my hearing specialist adjusted my aid?,Help_RemoteProgramming
can i contact my hearing care specialist for adjustments?,Help_RemoteProgramming
can i preview the adjustments made by my professional?,Help_RemoteProgramming
how will i know if i've received new hearing aid settings?,Help_RemoteProgramming
how do i ask for new hearing aid settings?,Help_RemoteProgramming
can my professional adjust my aid remotely?,Help_RemoteProgramming
how do i accept the adjustments made by the professional?,Help_RemoteProgramming
how do i send a request to my audiologist for help?,Help_RemoteProgramming
can i compare the adjustments made by my professional?,Help_RemoteProgramming
can my audiologist adjust my hearing aid remotely?,Help_RemoteProgramming
how do i accept my new settings?,Help_RemoteProgramming
how will i know when my professional adjusted my hearing aid?,Help_RemoteProgramming
how will i know if i've received new settings?,Help_RemoteProgramming
can i listen to the adjustments made by my audiologist?,Help_RemoteProgramming
i need to talk t to my audiologist,Help_RemoteProgramming
how do i sent a request to my professional for help?,Help_RemoteProgramming
help with remote programming,Help_RemoteProgramming
can i preview the adjustments made by the hearing specialist?,Help_RemoteProgramming
how do i save the adjustments made by the hearing care specialist?,Help_RemoteProgramming
what is remote programming?,Help_RemoteProgramming
how do i contact my audiologist for help?,Help_RemoteProgramming
can the professional adjust my hearing aid remotely?,Help_RemoteProgramming
can the professional adjust my aid remotely?,Help_RemoteProgramming
how do i save the adjustments made by the hearing specialist?,Help_RemoteProgramming
can the audiologist adjust my hearing aids remotely?,Help_RemoteProgramming
can my professional adjust the aid remotely?,Help_RemoteProgramming
can i listen to the adjustments made by my professional?,Help_RemoteProgramming
how do i contact my clinician about an issue?,Help_RemoteProgramming
how will i know when my audiologist adjusted my aid?,Help_RemoteProgramming
how will i know when the hearing specialist adjusted my aid?,Help_RemoteProgramming
what are reminders,Help_Reminder
can i set reminders in my hearing aids,Help_Reminder
how to set a reminder,Help_Reminder
can thrive set reminder,Help_Reminder
how do i set reminders,Help_Reminder
show me how to use reminder,Help_Reminder
how do i use reminders,Help_Reminder
how to set calendar event,Help_Reminder
does thrive have reminders,Help_Reminder
how do i set a reminder,Help_Reminder
can i use thrive to set reminders,Help_Reminder
tell me about the reminders feature,Help_Reminder
where do i create a reminder,Help_Reminder
what is a reminder,Help_Reminder
reminder user guide,Help_Reminder
how do i add the car program?,Help_DeviceSettings
how do i play notifications through my hearing aid?,Help_DeviceSettings
what's the model of my hearing aids?,Help_DeviceSettings
what's the firmware version of my hearing aid?,Help_DeviceSettings
how do i change beeps?,Help_DeviceSettings
what's my hearing aid's serial number?,Help_DeviceSettings
how do i add an automatic phone program?,Help_DeviceSettings
how do i enable the auto car feature,Help_DeviceSettings
can i activate the default settings on the hearing aids,Help_DeviceSettings
how do i enable double tap on my aid?,Help_DeviceSettings
how do i disable comfort boost?,Help_DeviceSettings
how do i disable double tap on my hearing aids?,Help_DeviceSettings
what's the model of my hearing aid?,Help_DeviceSettings
where is my model number,Help_DeviceSettings
how do i change my preferences?,Help_DeviceSettings
what's the firmware version of my aids?,Help_DeviceSettings
how do i change my automatic settings?,Help_DeviceSettings
how do i enable double tap on my aids?,Help_DeviceSettings
what's the firmware version of my aid?,Help_DeviceSettings
what's the serial number of my hearing aids?,Help_DeviceSettings
where is the hearing aid model,Help_DeviceSettings
what's the serial number of my aids?,Help_DeviceSettings
find the product name hearing aids starkly,Help_DeviceSettings
how do i automatically change to a different memory for phone calls,Help_DeviceSettings
i don't like the double tap feature. how do i turn it off?,Help_DeviceSettings
what is my hearing aid's model?,Help_DeviceSettings
how do i make double tap more sensitive?,Help_DeviceSettings
how do i set up auto streaming,Help_DeviceSettings
how do i activate default setting on the hearing aids,Help_DeviceSettings
when do i use comfort boost?,Help_DeviceSettings
can i activate default setting on the hearing aids,Help_DeviceSettings
how do i play notifications through my hearing aids?,Help_DeviceSettings
what's the serial number of my hearing aid?,Help_DeviceSettings
how do i disable double tap on my aids?,Help_DeviceSettings
how do i disable double tap on my hearing aid?,Help_DeviceSettings
how do i adjust sensitivity of the double tap?,Help_DeviceSettings
how do i set up social notifications?,Help_DeviceSettings
can i change the ringtones on my hearing aid?,Help_DeviceSettings
tone change,Help_DeviceSettings
how do i change tone?,Help_DeviceSettings
where is the serial number,Help_DeviceSettings
how does comfort boost work?,Help_DeviceSettings
how do i disable double tap on my aid?,Help_DeviceSettings
how do i enable comfort boost?,Help_DeviceSettings
how do i adjust the sensitivity of the double tap?,Help_DeviceSettings
how do i set up email notifications?,Help_DeviceSettings
where are my preferences?,Help_DeviceSettings
can i change my preferences?,Help_DeviceSettings
what's the firmware version of my hearing aids?,Help_DeviceSettings
what's the serial number of my aid?,Help_DeviceSettings
how do i add an automatic telephone program?,Help_DeviceSettings
how do i change memories on my aids?,Help_ChangingMemories
how do i change to a different memory on the hearing aid?,Help_ChangingMemories
how do i change the hearing aid program?,Help_ChangingMemories
how do i access my hearing aid memories?,Help_ChangingMemories
help with changing memories on my aid,Help_ChangingMemories
how do i change memories on the hearing aids?,Help_ChangingMemories
how do i change to another program on my hearing aids?,Help_ChangingMemories
how do i change to another memory on my aids?,Help_ChangingMemories
how do i change programs on my hearing aid?,Help_ChangingMemories
how do i change programs on my aids?,Help_ChangingMemories
how do i change memories on the aids?,Help_ChangingMemories
how do i change to another memory on the aids?,Help_ChangingMemories
how do i change programs?,Help_ChangingMemories
can i go to a different hearing aid program?,Help_ChangingMemories
help with changing programs on my aid,Help_ChangingMemories
how do i change memories on my aid?,Help_ChangingMemories
how do i change to a different memory on my hearing aid?,Help_ChangingMemories
help with changing memories using the thrive app,Help_ChangingMemories
help with changing memories,Help_ChangingMemories
how do i change to a different memory on my aids?,Help_ChangingMemories
how do i change my hearing aid program?,Help_ChangingMemories
how do i change to another program on my aids?,Help_ChangingMemories
how do i change to another program on my hearing aid?,Help_ChangingMemories
help with changing memories using the app,Help_ChangingMemories
how do i change to a different memory on my hearing aids?,Help_ChangingMemories
how do i change programs on my hearing aids?,Help_ChangingMemories
how do i change memories on the hearing aid?,Help_ChangingMemories
help with changing memories on my aids,Help_ChangingMemories
how do i change to a different memory on my aid?,Help_ChangingMemories
how do i change programs on the hearing aid?,Help_ChangingMemories
how do i change memories on the aid?,Help_ChangingMemories
can i go to a different hearing aid memory?,Help_ChangingMemories
help with changing programs on my hearing aid,Help_ChangingMemories
what is memory,Help_ChangingMemories
help with changing programs on my hearing aids,Help_ChangingMemories
how do i change to a different memory on the aids?,Help_ChangingMemories
how do i change to another program on the hearing aid?,Help_ChangingMemories
how do i change to another memory on my hearing aid?,Help_ChangingMemories
how do i change programs on the aid?,Help_ChangingMemories
how do i change memories on my hearing aid?,Help_ChangingMemories
how do i switch to music memory?,Help_ChangingMemories
help with changing programs on my aids,Help_ChangingMemories
help with changing memories using my app,Help_ChangingMemories
memory button,Help_ChangingMemories
how do i change to another program on the aid?,Help_ChangingMemories
how do i change to a different memory on the hearing aids?,Help_ChangingMemories
how do i change programs on my aid?,Help_ChangingMemories
how do i change programs on the aids?,Help_ChangingMemories
how do i change to another program on the aids?,Help_ChangingMemories
help with changing memories using my thrive app,Help_ChangingMemories
how do i change to another memory on the hearing aid?,Help_ChangingMemories
how do i get to the balance control?,Help_WiCROS
how do i adjust the cros balance?,Help_WiCROS
what is the receiver?,Help_WiCROS
what is the cros balance control?,Help_WiCROS
what is the different between cros and wicros?,Help_WiCROS
are my hearing aids cros?,Help_WiCROS
what is the transmitter?,Help_WiCROS
when should i use the balance control?,Help_WiCROS
how do i change the cros balance?,Help_WiCROS
where do i control my hearing aid balance?,Help_WiCROS
how do i mute the cros transmitter?,Help_WiCROS
how do i adjust the loudness on my transmitter?,Help_WiCROS
how do i adjust the cros balance on the transmitter?,Help_WiCROS
how do i have if i have cros hearing aids?,Help_WiCROS
how do i change the cros balance on the receiver?,Help_WiCROS
where is the adjustment for the transmitter and receiver?,Help_WiCROS
i don’t hear a difference when i change my balance control,Help_WiCROS
transmitter,Help_WiCROS
do i have cros or wicros?,Help_WiCROS
what is the bi-cros control?,Help_WiCROS
receiver,Help_WiCROS
how do i customize my aid?,Help_Customize
what does the equalizer do,Help_Customize
how can i customize my hearing aids?,Help_Customize
where is the equalizer,Help_Customize
how do i customize the aid?,Help_Customize
customize my hearing aid settings,Help_Customize
how do i customize my aids?,Help_Customize
how do i customize my right hearing aid?,Help_Customize
how can i customize my left hearing aids?,Help_Customize
how do i reduce machine noise,Help_Customize
how do i increase high pitch?,Help_Customize
how do i customize my hearing aids?,Help_Customize
how do i adjust the background noise,Help_Customize
how do i use the equalizer,Help_Customize
how do i customize the hearing aids?,Help_Customize
how do i increase the treble,Help_Customize
how do i customize my left hearing aid?,Help_Customize
how do i customize my hearing aid settings?,Help_Customize
how do i customize my hearing aid?,Help_Customize
how do i customize the aids?,Help_Customize
how do i change the speech focus,Help_Customize
my hearing aids have too much treble,Help_Customize
can i use the equalizer to customize my memory,Help_Customize
how do i customize the hearing aid?,Help_Customize
how do i see my walking goals?,Help_Health
how do i change my walking goals from daily to weekly?,Help_Health
how do i see my exercise activity?,Help_Health
how to see my daily hearing aid goals?,Help_Health
what does the health screen show?,Help_Health
how do i see how much i have biked this week?,Help_Health
how do i see how many steps i walked today?,Help_Health
how to see my weekly interaction goals?,Help_Health
how to change my walking goals from daily to weekly?,Help_Health
how do i see my areobic goals?,Help_Health
how to change my walking goals from weekly to daily?,Help_Health
tell me what how much do i owe you would be in español,Cmd.TranslationStart
tell me what how much do i owe you is in español,Cmd.TranslationStart
translate how much do i owe you in español,Cmd.TranslationStart
translate how much do i owe you to spanish,Cmd.TranslationStart
start translation,Cmd.TranslationStart
open translation,Cmd.TranslationStart
start translation to german,Cmd.TranslationStart
start translating in french,Cmd.TranslationStart
open translation in spanish,Cmd.TranslationStart
start translate for french,Cmd.TranslationStart
what is good morning in russian,Cmd.TranslationStart
what is how much do i owe you in german,Cmd.TranslationStart
translate for russian,Cmd.TranslationStart
translate hebrew,Cmd.TranslationStart
dutch translation,Cmd.TranslationStart
start translation for german,Cmd.TranslationStart
volume quieter,Cmd.VolumeDecrease
decrease the volume in my hearing aids,Cmd.VolumeDecrease
decrease the volume in my aids,Cmd.VolumeDecrease
turn down the volume on the hearing aid,Cmd.VolumeDecrease
volume down left aid,Cmd.VolumeDecrease
drop the volume by 50%,Cmd.VolumeDecrease
lower the level of my hearing aids,Cmd.VolumeDecrease
min loudness,Cmd.VolumeDecrease
volume down right aid,Cmd.VolumeDecrease
turn down my right aid,Cmd.VolumeDecrease
make the volume less,Cmd.VolumeDecrease
turn down the loudness on my aids,Cmd.VolumeDecrease
make sound quieter,Cmd.VolumeDecrease
down volume,Cmd.VolumeDecrease
decrease the loudness in my aids,Cmd.VolumeDecrease
volume decrease,Cmd.VolumeDecrease
min sound,Cmd.VolumeDecrease
decrease volume,Cmd.VolumeDecrease
reduce the hearing aid volume,Cmd.VolumeDecrease
volume down,Cmd.VolumeDecrease
make volume lower,Cmd.VolumeDecrease
quiet my hearing aids,Cmd.VolumeDecrease
minimum loudness,Cmd.VolumeDecrease
decrease the right hearing aid,Cmd.VolumeDecrease
turn my left hearing aid down,Cmd.VolumeDecrease
turn down my hearing aids,Cmd.VolumeDecrease
minimum volume,Cmd.VolumeDecrease
hearing aid volume down,Cmd.VolumeDecrease
change volume down,Cmd.VolumeDecrease
turn it down,Cmd.VolumeDecrease
not so loud,Cmd.VolumeDecrease
it's too loud turn it down,Cmd.VolumeDecrease
volume lower,Cmd.VolumeDecrease
drop the sound in my hearing aid,Cmd.VolumeDecrease
decrease the left hearing aid,Cmd.VolumeDecrease
decrease the volume,Cmd.VolumeDecrease
make the hearing aids quieter,Cmd.VolumeDecrease
lower hearing down,Cmd.VolumeDecrease
how long does it take to measure heart rate recovery?,Help_HeartRateRecovery
do i have a good heart rate recovery?,Help_HeartRateRecovery
how do i set my heart rate recovery?,Help_HeartRateRecovery
heart rate recovery user guide,Help_HeartRateRecovery
how do i measure my heart rate recovery?,Help_HeartRateRecovery
what does heart rate recovery mean?,Help_HeartRateRecovery
what’s heart rate recovery?,Help_HeartRateRecovery
heart rate recovery help,Help_HeartRateRecovery
where is heart help recovery,Help_HeartRateRecovery
heart rate recovery guide,Help_HeartRateRecovery
what is heart help recovery,Help_HeartRateRecovery
how does heart rate recovery work?,Help_HeartRateRecovery
how do i find heart rate recovery?,Help_HeartRateRecovery
how does heart rate work?,Help_HeartRate
how do i monitor my heart rate?,Help_HeartRate
how do i get to the heart rate function,Help_HeartRate
how do i check my heart rate?,Help_HeartRate
what’s my heart rate?,Help_HeartRate
heart rate help,Help_HeartRate
where is the heart feature?,Help_HeartRate
how do i measure my heart rate?,Help_HeartRate
heart rate user guide,Help_HeartRate
what is my battery level,Cmd.BatteryLevel
how much battery remains,Cmd.BatteryLevel
what percentage of my hearing aid is charged,Cmd.BatteryLevel
what is my battery strength,Cmd.BatteryLevel
remaining battery,Cmd.BatteryLevel
battery life left,Cmd.BatteryLevel
what is left on my battery,Cmd.BatteryLevel
whats my battery charge,Cmd.BatteryLevel
battery remaining,Cmd.BatteryLevel
how much power do i have,Cmd.BatteryLevel
how much life is left in the hearing aid batteries,Cmd.BatteryLevel
what's my battery life?,Cmd.BatteryLevel
battery charge remaining,Cmd.BatteryLevel
battery level,Cmd.BatteryLevel
do i need to charge my battery,Cmd.BatteryLevel
is it time to charge my hearing aids,Cmd.BatteryLevel
how much battery do i have left,Cmd.BatteryLevel
help transcribe,Help_Transcribe
help me transcribe,Help_Transcribe
will i hear what is being transcribed?,Help_Transcribe
where do i see words being said in real time?,Help_Transcribe
how do i transcribe my words?,Help_Transcribe
help me with transcribe,Help_Transcribe
where can i see the words someone is saying?,Help_Transcribe
how do i use the transcribe feature?,Help_Transcribe
how does transcribe work?,Help_Transcribe
what is thrive transcribe,Help_Transcribe
help for transcribe,Help_Transcribe
what is transcribe,Help_Transcribe
what does transcribe do,Help_Transcribe
where is transcribe,Help_Transcribe
where’s the transcribe feature?,Help_Transcribe
hearing aids transcribe help,Help_Transcribe
transcribe help,Help_Transcribe
is there a closed caption feature?,Help_Transcribe
where is the closed captioning feature?,Help_Transcribe
show me help for transcribe,Help_Transcribe
how do i transcribe,Help_Transcribe
how do i use transcribe,Help_Transcribe
where do i find the transcription feature,Help_Transcribe
how do i insert hearing aids into my ears?,Help_InsertDevice
do i put the left hearing aid behind my ear?,Help_InsertDevice
how do i take out the left hearing aid?,Help_InsertDevice
what does the hearing aid look like when it is in my ear?,Help_InsertDevice
how do i put this hearing aid in?,Help_InsertDevice
is it ok to push the hearing aid in deep?,Help_InsertDevice
do i put the right hearing aid behind my ear?,Help_InsertDevice
why doesn’t my hearing aid look the same as the one in the video?,Help_InsertDevice
is there a video showing how to put on my hearing aids,Help_InsertDevice
do i put the earmold in first,Help_InsertDevice
i can’t get my hearing aid in,Help_InsertDevice
how do i put this left hearing aid in?,Help_InsertDevice
do i put the hearing aid behind my ear?,Help_InsertDevice
should my hearing aid look like the one in the video?,Help_InsertDevice
is there a video on how to insert hearing aids into my ears?,Help_InsertDevice
is it ok to push the hearing aid in far?,Help_InsertDevice
i can’t get my hearing aid on,Help_InsertDevice
is it ok to push the mold in far?,Help_InsertDevice
can i use thrive assistant without my phone?,Help_VoiceAssistant
how can i use my voice to control thrive,Help_VoiceAssistant
how do i access voice assistant?,Help_VoiceAssistant
how do i use thrive assistant,Help_VoiceAssistant
how do i use voice assistant,Help_VoiceAssistant
what is thrive assistant,Help_VoiceAssistant
where do i find the thrive assistant?,Help_VoiceAssistant
how can i use my voice to talk to thrive,Help_VoiceAssistant
where’s virtual assistant?,Help_VoiceAssistant
how do i access virtual assistant?,Help_VoiceAssistant
what can i ask thrive assistant?,Help_VoiceAssistant
how do i use the voice asisstant,Help_VoiceAssistant
show me thrive assistant help,Help_VoiceAssistant
what is voice assistant,Help_VoiceAssistant
how does voice assistant work?,Help_VoiceAssistant
can i control my hearing aid by just talking,Help_VoiceAssistant
how can i use my voice to do things,Help_VoiceAssistant
how can i ask thrive to do things for me,Help_VoiceAssistant
volume off right aid,Cmd.VolumeMute
volume off left aid,Cmd.VolumeMute
mute hearing aids,Cmd.VolumeMute
volume off,Cmd.VolumeMute
mute the aids,Cmd.VolumeMute
silence,Cmd.VolumeMute
turn the sound off,Cmd.VolumeMute
turn my left hearing aid off,Cmd.VolumeMute
make my aid silent,Cmd.VolumeMute
make my hearing aids silent,Cmd.VolumeMute
mute the hearing aids,Cmd.VolumeMute
turn off my left aid,Cmd.VolumeMute
turn off the volume in my left hearing aid,Cmd.VolumeMute
mute on,Cmd.VolumeMute
sound off,Cmd.VolumeMute
off volume,Cmd.VolumeMute
disable my hearing aids,Cmd.VolumeMute
mute my aids,Cmd.VolumeMute
mute my hearing aids,Cmd.VolumeMute
turn off the sound,Cmd.VolumeMute
how do i get rid of wax in my hearing aids,Help_CleanCare
wax build up,Help_CleanCare
how do i get rid of wax in my hearing aid,Help_CleanCare
how do i remove wax,Help_CleanCare
how to clean my hearing aids,Help_CleanCare
how to clean hearing aids,Help_CleanCare
can you use soap to clean hearing aids?,Help_CleanCare
how to clean my ric hearing aid?,Help_CleanCare
how do i clean my hearing aid?,Help_CleanCare
what to use to clean my hearing aids?,Help_CleanCare
what do i need to clean my hearing aid?,Help_CleanCare
is water okay to clean my hearing aids?,Help_CleanCare
can i use water to clean my hearing aid?,Help_CleanCare
how do i clean my ric hearing aids?,Help_CleanCare
how do i clean my itc hearing aids?,Help_CleanCare
can i use soap to clean my hearing aids?,Help_CleanCare
what tools do i need to clean my hearing aids?,Help_CleanCare
complete my latest reminder,reminders.complete
latest reminder done.,reminders.complete
complete reminder,reminders.complete
mark my last reminder complete,reminders.complete
latest reminder completed.,reminders.complete
this reminder is complete,reminders.complete
reminder done.,reminders.complete
complete my reminder.,reminders.complete
mark last reminder complete,reminders.complete
reminder completed.,reminders.complete
complete this reminder.,reminders.complete
start writing this down for me,Cmd.TranscribeStart
begin transcribe,Cmd.TranscribeStart
start recording,Cmd.TranscribeStart
start transcription,Cmd.TranscribeStart
start transcribe,Cmd.TranscribeStart
begin recording,Cmd.TranscribeStart
transcribe this conversation,Cmd.TranscribeStart
open transcribe,Cmd.TranscribeStart
stop recording,Cmd.TranscribeStart
start recording for me,Cmd.TranscribeStart
how many calories did i burn jogging,Cmd.ActivityRun
calories jogging,Cmd.ActivityRun
how many calories have i burned while running?,Cmd.ActivityRun
show me my jogging goal,Cmd.ActivityRun
have i reached my running goal?,Cmd.ActivityRun
how much running have i done this month?,Cmd.ActivityRun
how much running have i done this week?,Cmd.ActivityRun
how far have i run?,Cmd.ActivityRun
how much more running do i need to do today?,Cmd.ActivityRun
have long have i been jogging?,Cmd.ActivityRun
have i reached my jogging goal?,Cmd.ActivityRun
how far have i ran?,Cmd.ActivityRun
am i close to my running goal?,Cmd.ActivityRun
how many minutes have i been jogging?,Cmd.ActivityRun
show me my running goal,Cmd.ActivityRun
how far have i jogged?,Cmd.ActivityRun
how many minutes have i ran?,Cmd.ActivityRun
how many minutes have i jogged?,Cmd.ActivityRun
what is my running count for the month?,Cmd.ActivityRun
how long have i been running?,Cmd.ActivityRun
what is mask mode?,Help_MaskMode
will mask mode help me,Help_MaskMode
how do i get to mask mode?,Help_MaskMode
fix face mask problems,Help_MaskMode
how do you fix mask issues,Help_MaskMode
how do i turn off mask mode?,Help_MaskMode
how do i turn mask mode on?,Help_MaskMode
how do i turn mask mode off?,Help_MaskMode
how do i disable mask mode,Help_MaskMode
how do i turn on mask mode?,Help_MaskMode
how do i enable mask mode,Help_MaskMode
how do i disabled mask mode?,Help_MaskMode
how do i decrease the volume,Help_Volume
how do i decrease the loudness in just the right aid?,Help_Volume
what is the volume on my hearing aid automatically go down to nothing,Help_Volume
how do i change the volume on my hearing aids?,Help_Volume
how do i turn up the loudness in just the right aid?,Help_Volume
how do i turn up the loudness on just the left hearing aid?,Help_Volume
how do i change the loudness on the aids?,Help_Volume
how do i turn down the volume in the aid?,Help_Volume
help with volume changes in my hearing aids,Help_Volume
how do i turn up the loudness in just the left side?,Help_Volume
how do i turn up the loudness on just one aid?,Help_Volume
how do i mute?,Help_Volume
how do i turn down the loudness on my hearing aid?,Help_Volume
how do i increase the volume,Help_Volume
help with loudness changes on my hearing aids,Help_Volume
how do i unmute the volume?,Help_Volume
how do i unmute?,Help_Volume
how do i change the volume on just the left aid?,Help_Volume
how do i turn down the volume in the aids?,Help_Volume
how do i adjust the volume on just the left aid?,Help_Volume
how do i adjust the loudness on just the right aid?,Help_Volume
how do i turn up the loudness in just the right hearing aid?,Help_Volume
why can't i easily turn the sound on my hearing aid app,Help_Volume
can you help me change my volume,Help_Volume
how do i change my volume,Help_Volume
how do i decrease the volume in the aids?,Help_Volume
how do i turn up the volume on the hearing aid?,Help_Volume
help with loudness adjustments in my hearing aids,Help_Volume
how do i increase the volume in the left aid?,Help_Volume
how do i turn up the loudness on my aids?,Help_Volume
how do i turn my hearing aids down,Help_Volume
how do i turn down the loudness?,Help_Volume
how do i change the volume on my aids?,Help_Volume
how do i reset the volume on the hearing aid?,Help_Volume
how do i turn down the loudness in my hearing aid?,Help_Volume
how do i adjust the volume on the hearing aids?,Help_Volume
how do i adjust the volume on just the left hearing aid?,Help_Volume
how do i turn up the loudness on my hearing aid?,Help_Volume
how do i adjust the volume on my hearing aids?,Help_Volume
how do i turn down the loudness on my aid?,Help_Volume
how do i reset the volume on the aid?,Help_Volume
how do i decrease the loudness in just the left side?,Help_Volume
how do i adjust the loudness on the aid?,Help_Volume
how do i turn down the volume on the aids?,Help_Volume
how do i return to my default volume?,Help_Volume
why does the volume on my hearing aid go down to nothing,Help_Volume
how do i adjust the volume on just one aid?,Help_Volume
how do i unmute my hearing aids?,Help_Volume
how do i change the loudness on the aid?,Help_Volume
how do i turn down the loudness on the hearing aids?,Help_Volume
how do i adjust the loudness on just one aid?,Help_Volume
how do i adjust my volume in thrive,Help_Volume
how do i increase the loudness in my aids?,Help_Volume
how do i turn my hearing aids off?,Help_Volume
help with loudness changes on my aid,Help_Volume
what is my volume control,Help_Volume
how do i change the loudness?,Help_Volume
how do i decrease the volume on the aids?,Help_Volume
how do i mute the hearing aids?,Help_Volume
what is the volume control,Help_Volume
why am i not getting any sound,Help_Volume
help with volume adjustment on my hearing aid,Help_Volume
how do i turn down the volume on just one aid?,Help_Volume
how do i turn up the loudness on the hearing aids?,Help_Volume
how do i increase the volume in my aids?,Help_Volume
how do i adjust the loudness on the hearing aids?,Help_Volume
how to turn the volume up on my hearing aids,Help_Volume
play my voice message.,Cmd.ListenMessage
play message i got.,Cmd.ListenMessage
let me hear it.,Cmd.ListenMessage
play the last one.,Cmd.ListenMessage
play last voice message.,Cmd.ListenMessage
hear last message.,Cmd.ListenMessage
play my last recording.,Cmd.ListenMessage
hear it again.,Cmd.ListenMessage
listen again.,Cmd.ListenMessage
listen to it.,Cmd.ListenMessage
play it again.,Cmd.ListenMessage
can i hear my last message?,Cmd.ListenMessage
play last push-to-talk.,Cmd.ListenMessage
play my audio message.,Cmd.ListenMessage
play last message,Cmd.ListenMessage
play my last message,Cmd.ListenMessage
how do i unpair my tv streamer?,Help_Accessories
how do i get my right hearing aid to stream,Help_Accessories
how do i delete the accessory?,Help_Accessories
help with stream,Help_Accessories
how do i use my hearing aid with an accessory?,Help_Accessories
how do i start streaming from my tv streamer?,Help_Accessories
how do i adjust the tv volume?,Help_Accessories
how do i adjust the volume on my accessory?,Help_Accessories
show me a help guide for my accessories,Help_Accessories
how do i unpair the remote mic?,Help_Accessories
how do i turn off the tv volume,Help_Accessories
how do i use my hearing aids with an accessory,Help_Accessories
show me user manual for my accessory,Help_Accessories
help with tv streamer,Help_Accessories
how do i add accessories to my app?,Help_Accessories
how do i delete my tv streamer?,Help_Accessories
how do i change the name of the tv streamer?,Help_Accessories
how do i start streaming from the accessories?,Help_Accessories
how do i stop streaming from my accessories?,Help_Accessories
how do i start streaming from the accessory?,Help_Accessories
how do i pair my accessory?,Help_Accessories
how do i change the volume of the accessories?,Help_Accessories
how do i change the volume of my tv streamer?,Help_Accessories
how do i stop streaming from my tv streamer?,Help_Accessories
how do i unpair the tv streamer?,Help_Accessories
how do i change the volume of my accessory?,Help_Accessories
can i change the name of the accessory?,Help_Accessories
how do i use accessories with my hearing aids,Help_Accessories
what accessories do i have?,Help_Accessories
how do i start streaming from the tv streamer?,Help_Accessories
how do i remove accessories from my app?,Help_Accessories
how do i change the name of my tv streamer?,Help_Accessories
can i change the name of the tv streamer?,Help_Accessories
can i change the name of my accessory?,Help_Accessories
how do i change the volume of the accessory?,Help_Accessories
how do i adjust the tv sound?,Help_Accessories
how do i rename accessories in the app?,Help_Accessories
how do i adjust the volume on my accessories?,Help_Accessories
how do i change the volume of my accessories?,Help_Accessories
how do i use accessories with my hearing aid,Help_Accessories
how do i unpair my remote mic?,Help_Accessories
help with remote mic,Help_Accessories
how do i delete the tv streamer?,Help_Accessories
how do i adjust the volume on my remote mic?,Help_Accessories
how do i stop streaming from the accessory?,Help_Accessories
how do i turn up the tv sound?,Help_Accessories
can i change the name of my tv streamer?,Help_Accessories
how do i re-name my accessories?,Help_Accessories
how do i unpair my accessory?,Help_Accessories
help with accessories,Help_Accessories
how do i get my right aid to stream,Help_Accessories
how do i stop streaming from my accessory?,Help_Accessories
how do i start streaming from my accessory?,Help_Accessories
how do i change the name of the accessory?,Help_Accessories
how do i get my left aid to stream,Help_Accessories
how do i unpair the accessory?,Help_Accessories
how do i change the volume of the tv streamer?,Help_Accessories
how do i stop streaming from the accessories?,Help_Accessories
how do i change the name of my accessory?,Help_Accessories
how do i stop streaming from the tv streamer?,Help_Accessories
got to getting a text message at boston,Default Fallback Intent
ashes to ashes all fall down,Default Fallback Intent
what caused the fall of rome,Default Fallback Intent
what is the impact to the environment of an electric battery for a vehicle,Default Fallback Intent
what about the impact of mining the materials for those batteries,Default Fallback Intent
i'd like to know the average airspeed of an unburdened swallow,Default Fallback Intent
what do you think about joe biden dropping out of the race,Default Fallback Intent
new delhi,Default Fallback Intent
i'm in butterbrodt new delhi,Default Fallback Intent
what's new in the world today,Default Fallback Intent
where can i get my hearing checked,Default Fallback Intent
how do i make chili,Default Fallback Intent
how do i make,Default Fallback Intent
how do i,Default Fallback Intent
how do i make eggs,Default Fallback Intent
how do i make an omelet,Default Fallback Intent
girls do that i want to go to italy,Default Fallback Intent
that's true that's the best way to start,Default Fallback Intent
what should i do when i am there,Default Fallback Intent
what should i see when i'm there,Default Fallback Intent
generative ai,Default Fallback Intent
what is generative ai,Default Fallback Intent
how do i know if i need hearing aids,Default Fallback Intent
everyday is exciting,Default Fallback Intent
nothing i can share publicly,Default Fallback Intent
how do you make it,Default Fallback Intent
how do i tie my shoes,Default Fallback Intent
can you be more specific,Default Fallback Intent
i'd like to know how far it is to the moon,Default Fallback Intent
what time does falls park open,Default Fallback Intent
should i tell him how i feel,Default Fallback Intent
what is my location,Default Fallback Intent
write me an example,Default Fallback Intent
write me an example of a sympathy card,Default Fallback Intent
it's different both of them are different,Default Fallback Intent
how do you fix your tv?,Default Fallback Intent
concussion rehabilitation team works collaboratively in designing and implementing a treatment program,Default Fallback Intent
checking that you're on,Default Fallback Intent
ask my house,Default Fallback Intent
how do i get to swimsuits,Default Fallback Intent
"hello, just a hearing aid the volume on my hearing aids. bye. bye.",Default Fallback Intent
$148 added to your social security check every month,Default Fallback Intent
take a look at a distance,Default Fallback Intent
is samsung galaxy phone getting released anytime soon?,Default Fallback Intent
assistant professor jobs,Default Fallback Intent
read last text message,Default Fallback Intent
can you call my contact,Default Fallback Intent
what's the problem,Default Fallback Intent
what are you up to,Default Fallback Intent
look up the southwire this wire here go anywhere with this way yet,Default Fallback Intent
they are trying to reduce the temperature right now,Default Fallback Intent
david soul alert,Default Fallback Intent
reset,Default Fallback Intent
how do i turn my hearing a song.,Default Fallback Intent
florist off screen,Default Fallback Intent
amazon screen is dark,Default Fallback Intent
we searched for relief you can go in,Default Fallback Intent
phone phone phone phone phone,Default Fallback Intent
bustling hearing aid,Default Fallback Intent
the weather outside today,Default Fallback Intent
don't make any noise for a minute,Default Fallback Intent
getting customers exactly with a free wireless.,Default Fallback Intent
can only connect,Default Fallback Intent
how do i spell machine,Default Fallback Intent
how do i stop pandora from playing on my hearing aids,Default Fallback Intent
is the application of sound,Default Fallback Intent
where do i find the mute button,Default Fallback Intent
since you're coming up pretty soon,Default Fallback Intent
"alpha bail, again. swelling down in rio.",Default Fallback Intent
turn off toshiba,Default Fallback Intent
friday,Default Fallback Intent
i don't remember i don't remember this being such a big fish,Default Fallback Intent
to us number one hits,Default Fallback Intent
so it goes back it goes back to the memory or in,Default Fallback Intent
every morning,Default Fallback Intent
i need to,Default Fallback Intent
sorry i didn't give you a kiss,Default Fallback Intent
iconic store,Default Fallback Intent
basically,Default Fallback Intent
check them off like pink lady,Default Fallback Intent
adjusted with my phone,Default Fallback Intent
is my sign,Default Fallback Intent
i wash them every now and then,Default Fallback Intent
so where is brewster,Default Fallback Intent
turn on first plug,Default Fallback Intent
lexus assembly to new,Default Fallback Intent
what are you doing to check adventure to children,Default Fallback Intent
how do i set it up for stereo,Default Fallback Intent
search citizens,Default Fallback Intent
how do i get celeste,Default Fallback Intent
any help you,Default Fallback Intent
look up your nose real quick to,Default Fallback Intent
i'll see you then you help me,Default Fallback Intent
i want to make sure i also cleaned but nuflex filters in them,Default Fallback Intent
nevermind,Default Fallback Intent
make it stretchy like that,Default Fallback Intent
what's on tv tonight on channel 3,Default Fallback Intent
turn the lights off,Default Fallback Intent
android phone to listen to spotify,Default Fallback Intent
i'm up,Default Fallback Intent
turn on this is my life,Default Fallback Intent
wednesday,Default Fallback Intent
siri,Default Fallback Intent
make a u-turn,Default Fallback Intent
turn the lights on,Default Fallback Intent
phone,Default Fallback Intent
what does smallest state in new zealand,Default Fallback Intent
adjustments didn't hear it in the office but i am out to your there,Default Fallback Intent
don't tell me that's the problem,Default Fallback Intent
how long does it hurt for the hearing aids in my ears,Default Fallback Intent
how can i find out what time it is,Default Fallback Intent
remember i came in here and,Default Fallback Intent
i seen some of the models out there and they lose,Default Fallback Intent
how everything's working for us,Default Fallback Intent
this massive program to influence the united states politically,Default Fallback Intent
as far as far as cleaning up over there i went pretty,Default Fallback Intent
where can i find small sea cans for sale,Default Fallback Intent
i'm here. it's in 7 days. they're going to be paired recap again. bye.,Default Fallback Intent
what what's not working,Default Fallback Intent
where can i find brain activity,Default Fallback Intent
show me bowls of food for you,Default Fallback Intent
dailly,Default Fallback Intent
please call the karate program,Default Fallback Intent
turn on light.,Default Fallback Intent
how do i turn my radio music,Default Fallback Intent
s&s side working,Default Fallback Intent
but their counterparts of the white pieces of fabric,Default Fallback Intent
what was up?,Default Fallback Intent
salat someone is aspect,Default Fallback Intent
tap and then you see like restaurant where you as a question sure you can set it to different mode so you can hear better,Default Fallback Intent
suicide about different substitute,Default Fallback Intent
shelley my phone,Default Fallback Intent
just like siri,Default Fallback Intent
where can i find videos for the hearing aid for instructions,Default Fallback Intent
i bet you those talking 7-eleven,Default Fallback Intent
kid pushes the top button real quick and let it go the volume goes up,Default Fallback Intent
elsa texas off huh,Default Fallback Intent
let me know you're up,Default Fallback Intent
where's the speed bus,Default Fallback Intent
what's the most expensive phone,Default Fallback Intent
sentences with more,Default Fallback Intent
pretty sure that's mine but i can't put it on now,Default Fallback Intent
when is samsung releasing the next galaxy phone,Default Fallback Intent
just finding duncan's,Default Fallback Intent
can i change batteries in peach please,Default Fallback Intent
lay down here,Default Fallback Intent
what are my days working,Default Fallback Intent
you need some help,Default Fallback Intent
i wish i could wake up,Default Fallback Intent
that's the one who's having problems with,Default Fallback Intent
these keeps doing this,Default Fallback Intent
somebody from motel in boise,Default Fallback Intent
in a way this cause i just kind of taking away the,Default Fallback Intent
it was discouraging and then i found balance of nature it's just being a no-brainer ever since i feel good,Default Fallback Intent
pandora,Default Fallback Intent
he did just change it,Default Fallback Intent
it's busy being born,Default Fallback Intent
but i want to see,Default Fallback Intent
alexa turn off porch light,Default Fallback Intent
hi receipt with your new balance on the bottom and that's it.,Default Fallback Intent
return to initial settings,Default Fallback Intent
no tv remote in fry's app,Default Fallback Intent
smile so we're going to go to that,Default Fallback Intent
spell the word machine,Default Fallback Intent
savory someone sucking reasons,Default Fallback Intent
the stage sign,Default Fallback Intent
yearly,Default Fallback Intent
hearing aids every time the stupid phone goes,Default Fallback Intent
now its making noises,Default Fallback Intent
take a break and come back,Default Fallback Intent
sausages after using my location,Default Fallback Intent
cooking pork ribs on the bbq,Default Fallback Intent
and if the size is a little side street they sent angels church,Default Fallback Intent
i got a chica phone if you can find her something right,Default Fallback Intent
i'm walking and they didn't working,Default Fallback Intent
what did you say,Default Fallback Intent
he's on stomach,Default Fallback Intent
it's going to be our little ring bearer dude,Default Fallback Intent
new amsterdam,Default Fallback Intent
fire on friday,Default Fallback Intent
at home,Default Fallback Intent
how to connect my spies,Default Fallback Intent
more like this is,Default Fallback Intent
what can i ask?,Default Fallback Intent
it's on you,Default Fallback Intent
when is the king and i playing,Default Fallback Intent
just keep me that you searching,Default Fallback Intent
phone a friend,Default Fallback Intent
out of your phone okay,Default Fallback Intent
remember when they are unloading the truck you get exasperated,Default Fallback Intent
turn it to hit the button minute furniture in there like siri,Default Fallback Intent
play frank sinatra,Default Fallback Intent
it would appear sound like,Default Fallback Intent
it's bothering you about the fit,Default Fallback Intent
turn the engine off of,Default Fallback Intent
talking about my daughter,Default Fallback Intent
tuesday,Default Fallback Intent
live in your ear if there's a wire,Default Fallback Intent
it was pitch-black out in the store,Default Fallback Intent
there's really no,Default Fallback Intent
or put on 6-month cleaning,Default Fallback Intent
what is my friends score?,Default Fallback Intent
turn off source plugs,Default Fallback Intent
find my song,Default Fallback Intent
alter metal plates myrtle beach storm,Default Fallback Intent
connecting sony nikon,Default Fallback Intent
wendy's double tapped it and has not worked,Default Fallback Intent
how long does it take to adjust to this feeling of a hearing aids in my ear,Default Fallback Intent
lift device not registering,Default Fallback Intent
lyrics,Default Fallback Intent
and that's a sign of war,Default Fallback Intent
distance from new jersey,Default Fallback Intent
what do i do to get my right,Default Fallback Intent
sorry about this okay i got it,Default Fallback Intent
score of the twins game,Default Fallback Intent
thanks for my child when i was a little girl with a grandfather who taught me the heart of my face,Default Fallback Intent
328 cedar falls,Default Fallback Intent
can you focus on sleep?,Default Fallback Intent
just didn't you didn't hit the ground but will check it,Default Fallback Intent
"hey spec, hello good stats heart. i didn't get that coverage. but the cardboard that was hanging in the fall.",Default Fallback Intent
walking down,Default Fallback Intent
i forgot all about looks thank you for reminding me,Default Fallback Intent
i've got a pc gaming receiver,Default Fallback Intent
want to move up yeah i will,Default Fallback Intent
is my phone an android phone?,Default Fallback Intent
take us to see forget it we are in the car and the drone noise will cost if i have them in the road noises being amplified as well,Default Fallback Intent
west winds blowing it up,Default Fallback Intent
new edema,Default Fallback Intent
can you dial,Default Fallback Intent
stop listening please ask you a question,Default Fallback Intent
sometimes it's okay to take a day off,Default Fallback Intent
how do i turn off my headlights,Default Fallback Intent
i don't know what i what you doing this missing a different,Default Fallback Intent
provincial hearing this is waiting to see how can i help you,Default Fallback Intent
only if it's not a problem for cdl,Default Fallback Intent
hey google turn on the master lamps,Default Fallback Intent
can't find bose,Default Fallback Intent
location suddenly,Default Fallback Intent
set to tight,Default Fallback Intent
search genesis,Default Fallback Intent
when the new warranty,Default Fallback Intent
what was the indians score,Default Fallback Intent
on north koreans office will the fuckers off here.,Default Fallback Intent
turn off alarm,Default Fallback Intent
fuck off,Default Fallback Intent
good not seen a lot of fluid on that side,Default Fallback Intent
how to turn my left terry a tan,Default Fallback Intent
sewing machine,Default Fallback Intent
not screaming loud enough,Default Fallback Intent
belittle friend sharon dell one personal check your music from the others definition only find,Default Fallback Intent
direction of the sound,Default Fallback Intent
i was down 17 grand earlier today,Default Fallback Intent
someone was supposed to call me and i never do,Default Fallback Intent
what's the score of the game,Default Fallback Intent
close at notre dame score yesterday,Default Fallback Intent
wow that's intense intense number,Default Fallback Intent
salsa on my left,Default Fallback Intent
why is my left hearing aid,Default Fallback Intent
onkyo receiver,Default Fallback Intent
address change,Default Fallback Intent
i wonder if i put it in here somewhere,Default Fallback Intent
whats up,Default Fallback Intent
molesting hearing aids to cousin,Default Fallback Intent
you know where they have the check we have to have to shift to put in there. that's fine.,Default Fallback Intent
why doesn't my drive app?,Default Fallback Intent
going to call them in and see whether they want me to send this enormous,Default Fallback Intent
what is the weather today,Default Fallback Intent
i can't even hardly hear that,Default Fallback Intent
spell restaurant,Default Fallback Intent
just curls up in your ears yet,Default Fallback Intent
first do you need to do,Default Fallback Intent
how do i tune,Default Fallback Intent
can come off,Default Fallback Intent
hold on,Default Fallback Intent
the shadowy men on a shadowy planet,Default Fallback Intent
how long do hearing aids last,Default Fallback Intent
perfect how are things with you,Default Fallback Intent
particular product you wanted to check specifically,Default Fallback Intent
play i'm carrying it,Default Fallback Intent
alex good manasseh. okay. i'll see you back at the desk up here.,Default Fallback Intent
all pre-program settings change when once changed,Default Fallback Intent
media find us wherever you get your podcast,Default Fallback Intent
restaurant near me,Default Fallback Intent
it is a weekend. tell everybody how the pretty mutual customize your car insurance.,Default Fallback Intent
how do i connect alexa,Default Fallback Intent
how do i check my radiator to see if it's working,Default Fallback Intent
telephone audio input,Default Fallback Intent
show me the jury,Default Fallback Intent
completely,Default Fallback Intent
help me find a paper,Default Fallback Intent
on a good day,Default Fallback Intent
what you can check in,Default Fallback Intent
how do i fix my,Default Fallback Intent
my right hearing aid is at 0%,Default Fallback Intent
why does one of your sound louder than the other,Default Fallback Intent
you can always add,Default Fallback Intent
sunday,Default Fallback Intent
so that your hearing,Default Fallback Intent
how do i use,Default Fallback Intent
so this is your hearing aids,Default Fallback Intent
that keeps popping up please listen listen listen,Default Fallback Intent
what time is it in hong kong,Default Fallback Intent
dawsonville quick,Default Fallback Intent
how do i set up the tv,Default Fallback Intent
turn body off,Default Fallback Intent
sound bar,Default Fallback Intent
"i'm just like oh, so that's the point that down.",Default Fallback Intent
monthly,Default Fallback Intent
federal assistance up to my energy,Default Fallback Intent
my ears sweat,Default Fallback Intent
i can't hear the,Default Fallback Intent
but they live here i remember when jerry told me,Default Fallback Intent
what's the difference between an iphone and an android phone,Default Fallback Intent
turn off tv,Default Fallback Intent
are you guys working from home now or you in an office,Default Fallback Intent
your needs cut off.,Default Fallback Intent
what i need to hear the question again,Default Fallback Intent
yeah just take a little off yeah,Default Fallback Intent
braves score,Default Fallback Intent
who has the best chinese food in sioux falls,Default Fallback Intent
i'm interested in my location,Default Fallback Intent
when do the olympics start,Default Fallback Intent
debony logging up,Default Fallback Intent
thunder message,Default Fallback Intent
what kind of fun things is there to do in minnesota,Default Fallback Intent
to take lipitor,Default Fallback Intent
text levitar,Default Fallback Intent
what other fun things to do in baltimore,Default Fallback Intent
by the time khan academy silence,Default Fallback Intent
add one more to that what does that equal,Default Fallback Intent
why should i eat,Default Fallback Intent
why should i visit in poopy,Default Fallback Intent
go back to a high,Default Fallback Intent
tell me about english language,Default Fallback Intent
tell me about amharic language,Default Fallback Intent
what is the life cycle of a rechargeable hearing aid,Default Fallback Intent
how to install a garage door,Default Fallback Intent
go to hell,Default Fallback Intent
raichu computer programming suite on binary search,Default Fallback Intent
right swift code of binary search,Default Fallback Intent
right,Default Fallback Intent
write a program in switch,Default Fallback Intent
hi there i don't,Default Fallback Intent
how does a tornado creator start,Default Fallback Intent
locate the nearest golf course,Default Fallback Intent
locate my wife,Default Fallback Intent
locate a restaurant,Default Fallback Intent
locate a bowling alley nearby,Default Fallback Intent
how do i relax at home,Default Fallback Intent
where's the current,Default Fallback Intent
how can i go there,Default Fallback Intent
ek divas jam to send the money,Default Fallback Intent
can i visit taiwan,Default Fallback Intent
how many calories have i used while biking,Cmd.ActivityCycle
calories biking,Cmd.ActivityCycle
what is my biking goal?,Cmd.ActivityCycle
how long have i been biking,Cmd.ActivityCycle
how many minutes have i been cycling,Cmd.ActivityCycle
how many minutes have i been biking?,Cmd.ActivityCycle
how much biking have i done this month?,Cmd.ActivityCycle
what are my biking minutes for the week?,Cmd.ActivityCycle
what is my bicycle goal?,Cmd.ActivityCycle
what is my biking count for the month?,Cmd.ActivityCycle
how long have i been riding?,Cmd.ActivityCycle
how far do i have to ride to meet my goal?,Cmd.ActivityCycle
how far have i biked?,Cmd.ActivityCycle
am i close to my cycling goal?,Cmd.ActivityCycle
change memory to test one,Cmd.MemoryChange
change hearing aids to car,Cmd.MemoryChange
put hearing aids in auditorium setting,Cmd.MemoryChange
go to personal,Cmd.MemoryChange
go to restaurant,Cmd.MemoryChange
mask memory,Cmd.MemoryChange
mask mode,Cmd.MemoryChange
switch to mask,Cmd.MemoryChange
mask setting,Cmd.MemoryChange
mask program,Cmd.MemoryChange
set program to mask,Cmd.MemoryChange
set memory to mask,Cmd.MemoryChange
switch program to mask,Cmd.MemoryChange
change program to mask,Cmd.MemoryChange
set to mask program,Cmd.MemoryChange
switch to mask program,Cmd.MemoryChange
change to restaurant memory,Cmd.MemoryChange
change to outdoors memory,Cmd.MemoryChange
change to meeting memory,Cmd.MemoryChange
change to crowd memory,Cmd.MemoryChange
change to auditorium memory,Cmd.MemoryChange
change to music memory,Cmd.MemoryChange
change to telephone memory,Cmd.MemoryChange
change to automatic memory,Cmd.MemoryChange
change to everyday memory,Cmd.MemoryChange
change to golf memory,Cmd.MemoryChange
change to kitchen memory,Cmd.MemoryChange
change to quiet memory,Cmd.MemoryChange
change to school memory,Cmd.MemoryChange
change to theater memory,Cmd.MemoryChange
change to tinnitus memory,Cmd.MemoryChange
change to worship memory,Cmd.MemoryChange
change to personal program,Cmd.MemoryChange
change to restaurant program,Cmd.MemoryChange
change to outdoors program,Cmd.MemoryChange
change to meeting program,Cmd.MemoryChange
change to auditorium program,Cmd.MemoryChange
change to television program,Cmd.MemoryChange
change to mute program,Cmd.MemoryChange
change to telephone program,Cmd.MemoryChange
change to automatic program,Cmd.MemoryChange
change to golf program,Cmd.MemoryChange
change to gym program,Cmd.MemoryChange
change to home program,Cmd.MemoryChange
change to master program,Cmd.MemoryChange
change to noise program,Cmd.MemoryChange
change to office program,Cmd.MemoryChange
change to pub program,Cmd.MemoryChange
change to school program,Cmd.MemoryChange
change to speech program,Cmd.MemoryChange
change to theater program,Cmd.MemoryChange
change to train program,Cmd.MemoryChange
change to work program,Cmd.MemoryChange
change to worship program,Cmd.MemoryChange
switch to personal memory,Cmd.MemoryChange
switch to restaurant memory,Cmd.MemoryChange
switch to outdoors memory,Cmd.MemoryChange
switch to crowd memory,Cmd.MemoryChange
switch to car memory,Cmd.MemoryChange
switch to auditorium memory,Cmd.MemoryChange
switch to television memory,Cmd.MemoryChange
switch to mute memory,Cmd.MemoryChange
switch to automatic memory,Cmd.MemoryChange
switch to everyday memory,Cmd.MemoryChange
switch to gym memory,Cmd.MemoryChange
switch to home memory,Cmd.MemoryChange
switch to kitchen memory,Cmd.MemoryChange
switch to noise memory,Cmd.MemoryChange
switch to office memory,Cmd.MemoryChange
switch to pub memory,Cmd.MemoryChange
switch to school memory,Cmd.MemoryChange
switch to theater memory,Cmd.MemoryChange
switch to tinnitus memory,Cmd.MemoryChange
switch to train memory,Cmd.MemoryChange
switch to personal program,Cmd.MemoryChange
switch to crowd program,Cmd.MemoryChange
switch to car program,Cmd.MemoryChange
switch to auditorium program,Cmd.MemoryChange
switch to music program,Cmd.MemoryChange
switch to television program,Cmd.MemoryChange
switch to mute program,Cmd.MemoryChange
switch to telephone program,Cmd.MemoryChange
switch to golf program,Cmd.MemoryChange
switch to gym program,Cmd.MemoryChange
switch to home program,Cmd.MemoryChange
switch to master program,Cmd.MemoryChange
switch to noise program,Cmd.MemoryChange
switch to office program,Cmd.MemoryChange
switch to pub program,Cmd.MemoryChange
switch to school program,Cmd.MemoryChange
switch to speech program,Cmd.MemoryChange
switch to theater program,Cmd.MemoryChange
switch to train program,Cmd.MemoryChange
set to personal memory,Cmd.MemoryChange
set to restaurant memory,Cmd.MemoryChange
set to outdoors memory,Cmd.MemoryChange
set to meeting memory,Cmd.MemoryChange
set to crowd memory,Cmd.MemoryChange
set to car memory,Cmd.MemoryChange
set to auditorium memory,Cmd.MemoryChange
set to music memory,Cmd.MemoryChange
set to television memory,Cmd.MemoryChange
set to mute memory,Cmd.MemoryChange
set to automatic memory,Cmd.MemoryChange
set to everyday memory,Cmd.MemoryChange
set to golf memory,Cmd.MemoryChange
set to gym memory,Cmd.MemoryChange
set to home memory,Cmd.MemoryChange
set to kitchen memory,Cmd.MemoryChange
set to master memory,Cmd.MemoryChange
set to office memory,Cmd.MemoryChange
set to quiet memory,Cmd.MemoryChange
set to school memory,Cmd.MemoryChange
set to speech memory,Cmd.MemoryChange
set to theater memory,Cmd.MemoryChange
set to tinnitus memory,Cmd.MemoryChange
set to train memory,Cmd.MemoryChange
set to work memory,Cmd.MemoryChange
set to worship memory,Cmd.MemoryChange
set to personal program,Cmd.MemoryChange
set to crowd program,Cmd.MemoryChange
set to car program,Cmd.MemoryChange
set to auditorium program,Cmd.MemoryChange
set to music program,Cmd.MemoryChange
set to television program,Cmd.MemoryChange
set to mute program,Cmd.MemoryChange
set to telephone program,Cmd.MemoryChange
set to golf program,Cmd.MemoryChange
set to gym program,Cmd.MemoryChange
set to home program,Cmd.MemoryChange
set to master program,Cmd.MemoryChange
set to noise program,Cmd.MemoryChange
set to office program,Cmd.MemoryChange
set to quiet program,Cmd.MemoryChange
set to school program,Cmd.MemoryChange
set to theater program,Cmd.MemoryChange
set to train program,Cmd.MemoryChange
change memory to restaurant,Cmd.MemoryChange
change memory to outdoors,Cmd.MemoryChange
change memory to meeting,Cmd.MemoryChange
change memory to crowd,Cmd.MemoryChange
change memory to auditorium,Cmd.MemoryChange
change memory to music,Cmd.MemoryChange
change memory to telephone,Cmd.MemoryChange
change memory to automatic,Cmd.MemoryChange
change memory to everyday,Cmd.MemoryChange
change memory to golf,Cmd.MemoryChange
change memory to kitchen,Cmd.MemoryChange
change memory to quiet,Cmd.MemoryChange
change memory to school,Cmd.MemoryChange
change memory to theater,Cmd.MemoryChange
change memory to tinnitus,Cmd.MemoryChange
change memory to worship,Cmd.MemoryChange
change program to personal,Cmd.MemoryChange
change program to restaurant,Cmd.MemoryChange
change program to outdoors,Cmd.MemoryChange
change program to meeting,Cmd.MemoryChange
change program to auditorium,Cmd.MemoryChange
change program to television,Cmd.MemoryChange
change program to mute,Cmd.MemoryChange
change program to telephone,Cmd.MemoryChange
change program to automatic,Cmd.MemoryChange
change program to golf,Cmd.MemoryChange
change program to gym,Cmd.MemoryChange
change program to home,Cmd.MemoryChange
change program to master,Cmd.MemoryChange
change program to noise,Cmd.MemoryChange
change program to office,Cmd.MemoryChange
change program to pub,Cmd.MemoryChange
change program to school,Cmd.MemoryChange
change program to speech,Cmd.MemoryChange
change program to theater,Cmd.MemoryChange
change program to train,Cmd.MemoryChange
change program to work,Cmd.MemoryChange
change program to worship,Cmd.MemoryChange
switch memory to personal,Cmd.MemoryChange
switch memory to restaurant,Cmd.MemoryChange
switch memory to outdoors,Cmd.MemoryChange
switch memory to crowd,Cmd.MemoryChange
switch memory to car,Cmd.MemoryChange
switch memory to auditorium,Cmd.MemoryChange
switch memory to television,Cmd.MemoryChange
switch memory to mute,Cmd.MemoryChange
switch memory to automatic,Cmd.MemoryChange
switch memory to everyday,Cmd.MemoryChange
switch memory to gym,Cmd.MemoryChange
switch memory to home,Cmd.MemoryChange
switch memory to kitchen,Cmd.MemoryChange
switch memory to noise,Cmd.MemoryChange
switch memory to office,Cmd.MemoryChange
switch memory to pub,Cmd.MemoryChange
switch memory to school,Cmd.MemoryChange
switch memory to theater,Cmd.MemoryChange
switch memory to tinnitus,Cmd.MemoryChange
switch memory to train,Cmd.MemoryChange
switch program to personal,Cmd.MemoryChange
switch program to crowd,Cmd.MemoryChange
switch program to car,Cmd.MemoryChange
switch program to auditorium,Cmd.MemoryChange
switch program to music,Cmd.MemoryChange
switch program to television,Cmd.MemoryChange
switch program to mute,Cmd.MemoryChange
switch program to telephone,Cmd.MemoryChange
switch program to golf,Cmd.MemoryChange
switch program to gym,Cmd.MemoryChange
switch program to home,Cmd.MemoryChange
switch program to master,Cmd.MemoryChange
switch program to noise,Cmd.MemoryChange
switch program to office,Cmd.MemoryChange
switch program to pub,Cmd.MemoryChange
switch program to school,Cmd.MemoryChange
switch program to speech,Cmd.MemoryChange
switch program to theater,Cmd.MemoryChange
switch program to train,Cmd.MemoryChange
set memory to personal,Cmd.MemoryChange
set memory to restaurant,Cmd.MemoryChange
set memory to outdoors,Cmd.MemoryChange
set memory to meeting,Cmd.MemoryChange
set memory to crowd,Cmd.MemoryChange
set memory to car,Cmd.MemoryChange
set memory to auditorium,Cmd.MemoryChange
set memory to music,Cmd.MemoryChange
set memory to television,Cmd.MemoryChange
set memory to mute,Cmd.MemoryChange
set memory to automatic,Cmd.MemoryChange
set memory to everyday,Cmd.MemoryChange
set memory to golf,Cmd.MemoryChange
set memory to gym,Cmd.MemoryChange
set memory to home,Cmd.MemoryChange
set memory to kitchen,Cmd.MemoryChange
set memory to master,Cmd.MemoryChange
set memory to office,Cmd.MemoryChange
set memory to quiet,Cmd.MemoryChange
set memory to school,Cmd.MemoryChange
set memory to speech,Cmd.MemoryChange
set memory to theater,Cmd.MemoryChange
set memory to tinnitus,Cmd.MemoryChange
set memory to train,Cmd.MemoryChange
set memory to work,Cmd.MemoryChange
set memory to worship,Cmd.MemoryChange
set program to personal,Cmd.MemoryChange
set program to crowd,Cmd.MemoryChange
set program to car,Cmd.MemoryChange
set program to auditorium,Cmd.MemoryChange
set program to music,Cmd.MemoryChange
set program to television,Cmd.MemoryChange
set program to mute,Cmd.MemoryChange
set program to telephone,Cmd.MemoryChange
set program to golf,Cmd.MemoryChange
set program to gym,Cmd.MemoryChange
set program to home,Cmd.MemoryChange
set program to master,Cmd.MemoryChange
set program to noise,Cmd.MemoryChange
set program to office,Cmd.MemoryChange
set program to quiet,Cmd.MemoryChange
set program to school,Cmd.MemoryChange
set program to theater,Cmd.MemoryChange
set program to train,Cmd.MemoryChange
personal memory,Cmd.MemoryChange
outdoors memory,Cmd.MemoryChange
crowd memory,Cmd.MemoryChange
car memory,Cmd.MemoryChange
auditorium memory,Cmd.MemoryChange
music memory,Cmd.MemoryChange
mute memory,Cmd.MemoryChange
everyday memory,Cmd.MemoryChange
golf memory,Cmd.MemoryChange
home memory,Cmd.MemoryChange
kitchen memory,Cmd.MemoryChange
master memory,Cmd.MemoryChange
office memory,Cmd.MemoryChange
quiet memory,Cmd.MemoryChange
school memory,Cmd.MemoryChange
speech memory,Cmd.MemoryChange
theater memory,Cmd.MemoryChange
train memory,Cmd.MemoryChange
work memory,Cmd.MemoryChange
worship memory,Cmd.MemoryChange
personal program,Cmd.MemoryChange
restaurant program,Cmd.MemoryChange
meeting program,Cmd.MemoryChange
car program,Cmd.MemoryChange
auditorium program,Cmd.MemoryChange
mute program,Cmd.MemoryChange
telephone program,Cmd.MemoryChange
everyday program,Cmd.MemoryChange
golf program,Cmd.MemoryChange
home program,Cmd.MemoryChange
kitchen program,Cmd.MemoryChange
master program,Cmd.MemoryChange
office program,Cmd.MemoryChange
pub program,Cmd.MemoryChange
school program,Cmd.MemoryChange
speech program,Cmd.MemoryChange
theater program,Cmd.MemoryChange
tinnitus program,Cmd.MemoryChange
work program,Cmd.MemoryChange
worship program,Cmd.MemoryChange
personal setting,Cmd.MemoryChange
restaurant setting,Cmd.MemoryChange
crowd setting,Cmd.MemoryChange
auditorium setting,Cmd.MemoryChange
music setting,Cmd.MemoryChange
mute setting,Cmd.MemoryChange
telephone setting,Cmd.MemoryChange
automatic setting,Cmd.MemoryChange
golf setting,Cmd.MemoryChange
gym setting,Cmd.MemoryChange
home setting,Cmd.MemoryChange
kitchen setting,Cmd.MemoryChange
master setting,Cmd.MemoryChange
noise setting,Cmd.MemoryChange
pub setting,Cmd.MemoryChange
school setting,Cmd.MemoryChange
speech setting,Cmd.MemoryChange
theater setting,Cmd.MemoryChange
tinnitus setting,Cmd.MemoryChange
work setting,Cmd.MemoryChange
worship setting,Cmd.MemoryChange
change to personal,Cmd.MemoryChange
change to restaurant,Cmd.MemoryChange
change to outdoors,Cmd.MemoryChange
change to meeting,Cmd.MemoryChange
change to car,Cmd.MemoryChange
change to auditorium,Cmd.MemoryChange
change to music,Cmd.MemoryChange
change to mute,Cmd.MemoryChange
change to telephone,Cmd.MemoryChange
change to automatic,Cmd.MemoryChange
change to everyday,Cmd.MemoryChange
change to golf,Cmd.MemoryChange
change to kitchen,Cmd.MemoryChange
change to noise,Cmd.MemoryChange
change to office,Cmd.MemoryChange
change to pub,Cmd.MemoryChange
change to quiet,Cmd.MemoryChange
change to school,Cmd.MemoryChange
change to theater,Cmd.MemoryChange
change to tinnitus,Cmd.MemoryChange
change to train,Cmd.MemoryChange
change to worship,Cmd.MemoryChange
switch to personal,Cmd.MemoryChange
switch to restaurant,Cmd.MemoryChange
switch to car,Cmd.MemoryChange
switch to auditorium,Cmd.MemoryChange
switch to music,Cmd.MemoryChange
switch to mute,Cmd.MemoryChange
switch to telephone,Cmd.MemoryChange
switch to automatic,Cmd.MemoryChange
switch to everyday,Cmd.MemoryChange
switch to golf,Cmd.MemoryChange
switch to gym,Cmd.MemoryChange
switch to kitchen,Cmd.MemoryChange
switch to office,Cmd.MemoryChange
switch to pub,Cmd.MemoryChange
switch to school,Cmd.MemoryChange
switch to speech,Cmd.MemoryChange
switch to theater,Cmd.MemoryChange
switch to tinnitus,Cmd.MemoryChange
switch to train,Cmd.MemoryChange
switch to worship,Cmd.MemoryChange
switch to memory one,Cmd.MemoryChange
change to program one,Cmd.MemoryChange
switch program to four,Cmd.MemoryChange
change memory to three,Cmd.MemoryChange
change program to one,Cmd.MemoryChange
switch memory to one,Cmd.MemoryChange
switch program to one,Cmd.MemoryChange
switch setting to one,Cmd.MemoryChange
set program to one,Cmd.MemoryChange
set setting to one,Cmd.MemoryChange
program one,Cmd.MemoryChange
setting one,Cmd.MemoryChange
change program to two,Cmd.MemoryChange
change setting to two,Cmd.MemoryChange
switch setting to two,Cmd.MemoryChange
set memory to two,Cmd.MemoryChange
set setting to two,Cmd.MemoryChange
program two,Cmd.MemoryChange
memory two,Cmd.MemoryChange
setting two,Cmd.MemoryChange
change program to three,Cmd.MemoryChange
switch memory to three,Cmd.MemoryChange
switch program to three,Cmd.MemoryChange
set memory to three,Cmd.MemoryChange
set program to three,Cmd.MemoryChange
set setting to three,Cmd.MemoryChange
memory three,Cmd.MemoryChange
setting three,Cmd.MemoryChange
change memory to four,Cmd.MemoryChange
change program to four,Cmd.MemoryChange
change setting to four,Cmd.MemoryChange
switch memory to four,Cmd.MemoryChange
program four,Cmd.MemoryChange
memory four,Cmd.MemoryChange
setting four,Cmd.MemoryChange
switch to program number two,Cmd.MemoryChange
change to memory number two,Cmd.MemoryChange
change settings to number three,Cmd.MemoryChange
switch program to number four,Cmd.MemoryChange
change memory to number one,Cmd.MemoryChange
change setting to number one,Cmd.MemoryChange
switch program to number one,Cmd.MemoryChange
switch setting to number one,Cmd.MemoryChange
set program to number one,Cmd.MemoryChange
set setting to number one,Cmd.MemoryChange
program number one,Cmd.MemoryChange
change memory to number two,Cmd.MemoryChange
change program to number two,Cmd.MemoryChange
change setting to number two,Cmd.MemoryChange
switch memory to number two,Cmd.MemoryChange
switch program to number two,Cmd.MemoryChange
switch setting to number two,Cmd.MemoryChange
set memory to number two,Cmd.MemoryChange
set program to number two,Cmd.MemoryChange
set setting to number two,Cmd.MemoryChange
setting number two,Cmd.MemoryChange
change program to number three,Cmd.MemoryChange
change setting to number three,Cmd.MemoryChange
switch memory to number three,Cmd.MemoryChange
switch program to number three,Cmd.MemoryChange
set memory to number three,Cmd.MemoryChange
set program to number three,Cmd.MemoryChange
program number three,Cmd.MemoryChange
change memory to number four,Cmd.MemoryChange
change program to number four,Cmd.MemoryChange
change setting to number four,Cmd.MemoryChange
switch memory to number four,Cmd.MemoryChange
switch setting to number four,Cmd.MemoryChange
set memory to number four,Cmd.MemoryChange
set program to number four,Cmd.MemoryChange
set setting to number four,Cmd.MemoryChange
program number four,Cmd.MemoryChange
memory number four,Cmd.MemoryChange
please help me intercept a fall alert,Help_FallAlert
can you help me intercept a fall alert,Help_FallAlert
can you misplaced telephone,Cmd.FindMyPhone
can you lost iphone,Cmd.FindMyPhone
can you search iphone,Cmd.FindMyPhone
please search for my phone,Cmd.FindMyPhone
can you search for my phone,Cmd.FindMyPhone
can you detect telephone,Cmd.FindMyPhone
please where's my google phone,Cmd.FindMyPhone
please find android phone,Cmd.FindMyPhone
can you find android phone,Cmd.FindMyPhone
can you search phone,Cmd.FindMyPhone
can you find phone,Cmd.FindMyPhone
please detect android phone,Cmd.FindMyPhone
can you detect android phone,Cmd.FindMyPhone
can you detect iphone,Cmd.FindMyPhone
please where's my iphone,Cmd.FindMyPhone
can you discover telephone,Cmd.FindMyPhone
can you find iphone,Cmd.FindMyPhone
can you locate phone,Cmd.FindMyPhone
can you locate iphone,Cmd.FindMyPhone
can you lost phone,Cmd.FindMyPhone
can you discover phone,Cmd.FindMyPhone
please find my android,Cmd.FindMyPhone
can you find my android,Cmd.FindMyPhone
can you detect phone,Cmd.FindMyPhone
please discover android phone,Cmd.FindMyPhone
can you discover android phone,Cmd.FindMyPhone
can you discover iphone,Cmd.FindMyPhone
please i can't find my android phone,Cmd.FindMyPhone
can you i can't find my android phone,Cmd.FindMyPhone
can you calories exercise,Cmd.ActivityExercise
can you exercise goal,Cmd.ActivityExercise
please show me my exercise goal,Cmd.ActivityExercise
can you show me my exercise goal,Cmd.ActivityExercise
please work out goal,Cmd.ActivityExercise
can you work out goal,Cmd.ActivityExercise
please make it louder,Cmd.VolumeIncrease
can you make it louder,Cmd.VolumeIncrease
please raise the volume up,Cmd.VolumeIncrease
can you raise the volume up,Cmd.VolumeIncrease
please increase the volume in my hearing aids,Cmd.VolumeIncrease
can you increase the volume in my hearing aids,Cmd.VolumeIncrease
can you max loudness,Cmd.VolumeIncrease
please more volume on hearing aid,Cmd.VolumeIncrease
can you more volume on hearing aid,Cmd.VolumeIncrease
can you maximum loudness,Cmd.VolumeIncrease
can you maximum volume,Cmd.VolumeIncrease
please i need more volume,Cmd.VolumeIncrease
can you i need more volume,Cmd.VolumeIncrease
please increase volume in my hearing aids,Cmd.VolumeIncrease
can you increase volume in my hearing aids,Cmd.VolumeIncrease
can you volume up,Cmd.VolumeIncrease
please set to 80% volume,Cmd.VolumeIncrease
can you set to 80% volume,Cmd.VolumeIncrease
please increase the left hearing aid,Cmd.VolumeIncrease
can you increase the left hearing aid,Cmd.VolumeIncrease
can you maximum sound,Cmd.VolumeIncrease
please adjust right ear for higher sound,Cmd.VolumeIncrease
can you adjust right ear for higher sound,Cmd.VolumeIncrease
please volume up left aid,Cmd.VolumeIncrease
can you volume up left aid,Cmd.VolumeIncrease
please pump up the volume,Cmd.VolumeIncrease
can you pump up the volume,Cmd.VolumeIncrease
please set to 100% volume,Cmd.VolumeIncrease
can you set to 100% volume,Cmd.VolumeIncrease
please raise up the volume,Cmd.VolumeIncrease
can you raise up the volume,Cmd.VolumeIncrease
please make volume louder,Cmd.VolumeIncrease
can you make volume louder,Cmd.VolumeIncrease
please set to 90% volume,Cmd.VolumeIncrease
can you set to 90% volume,Cmd.VolumeIncrease
please turn up the volume in my right hearing aid,Cmd.VolumeIncrease
can you turn up the volume in my right hearing aid,Cmd.VolumeIncrease
please make the volume more on hearing aids,Cmd.VolumeIncrease
can you make the volume more on hearing aids,Cmd.VolumeIncrease
can you volume increase,Cmd.VolumeIncrease
please it's too low turn it up,Cmd.VolumeIncrease
can you it's too low turn it up,Cmd.VolumeIncrease
can you up volume,Cmd.VolumeIncrease
please my volume is too soft,Cmd.VolumeIncrease
can you my volume is too soft,Cmd.VolumeIncrease
please make the sound higher,Cmd.VolumeIncrease
can you make the sound higher,Cmd.VolumeIncrease
please more volume please,Cmd.VolumeIncrease
can you more volume please,Cmd.VolumeIncrease
please increase the volume,Cmd.VolumeIncrease
can you increase the volume,Cmd.VolumeIncrease
please turn my right hearing aid up,Cmd.VolumeIncrease
can you turn my right hearing aid up,Cmd.VolumeIncrease
please turn up the loudness on my hearing aid,Cmd.VolumeIncrease
can you turn up the loudness on my hearing aid,Cmd.VolumeIncrease
please please more volume,Cmd.VolumeIncrease
can you please more volume,Cmd.VolumeIncrease
please turn up the loudness on my hearing aids,Cmd.VolumeIncrease
can you turn up the loudness on my hearing aids,Cmd.VolumeIncrease
can you raise volume,Cmd.VolumeIncrease
please increase the loudness in my aids,Cmd.VolumeIncrease
can you increase the loudness in my aids,Cmd.VolumeIncrease
can you increase volume,Cmd.VolumeIncrease
please show me my step goal,Cmd.ActivityStep
can you show me my step goal,Cmd.ActivityStep
can you step goal,Cmd.ActivityStep
please show me my step count,Cmd.ActivityStep
can you show me my step count,Cmd.ActivityStep
can you calories steps,Cmd.ActivityStep
can you steps taken,Cmd.ActivityStep
can you step calories,Cmd.ActivityStep
please i can't remember where my other aid is,Help_FindMyHearingAids
can you i can't remember where my other aid is,Help_FindMyHearingAids
please i can't find my left hearing aid,Help_FindMyHearingAids
can you i can't find my left hearing aid,Help_FindMyHearingAids
please my other aid is missing,Help_FindMyHearingAids
can you my other aid is missing,Help_FindMyHearingAids
please find my right aid,Help_FindMyHearingAids
can you find my right aid,Help_FindMyHearingAids
please help me find my left hearing aid,Help_FindMyHearingAids
can you help me find my left hearing aid,Help_FindMyHearingAids
please i cannot remember where my hearing aids are,Help_FindMyHearingAids
can you i cannot remember where my hearing aids are,Help_FindMyHearingAids
please i misplaced my right aid,Help_FindMyHearingAids
can you i misplaced my right aid,Help_FindMyHearingAids
please help me find my aids,Help_FindMyHearingAids
can you help me find my aids,Help_FindMyHearingAids
please i can't find my other hearing aid,Help_FindMyHearingAids
can you i can't find my other hearing aid,Help_FindMyHearingAids
please i cannot find my right hearing aid,Help_FindMyHearingAids
can you i cannot find my right hearing aid,Help_FindMyHearingAids
please find my right hearing aid,Help_FindMyHearingAids
can you find my right hearing aid,Help_FindMyHearingAids
please i lost my hearing aids. can you help me find them?,Help_FindMyHearingAids
can you i lost my hearing aids. can you help me find them?,Help_FindMyHearingAids
please i can't find my hearing aids,Help_FindMyHearingAids
can you i can't find my hearing aids,Help_FindMyHearingAids
please help me find my hearing aids,Help_FindMyHearingAids
can you help me find my hearing aids,Help_FindMyHearingAids
please find my left hearing aid,Help_FindMyHearingAids
can you find my left hearing aid,Help_FindMyHearingAids
please locate my hearing aid,Help_FindMyHearingAids
can you locate my hearing aid,Help_FindMyHearingAids
please i cannot find my right aid,Help_FindMyHearingAids
can you i cannot find my right aid,Help_FindMyHearingAids
please i've lost my hearing aids,Help_FindMyHearingAids
can you i've lost my hearing aids,Help_FindMyHearingAids
please i can't remember where my aid is,Help_FindMyHearingAids
can you i can't remember where my aid is,Help_FindMyHearingAids
please find my aids,Help_FindMyHearingAids
can you find my aids,Help_FindMyHearingAids
please i can't find my other aid,Help_FindMyHearingAids
can you i can't find my other aid,Help_FindMyHearingAids
please i can't remember where my left aid is,Help_FindMyHearingAids
can you i can't remember where my left aid is,Help_FindMyHearingAids
please help me find my aid,Help_FindMyHearingAids
can you help me find my aid,Help_FindMyHearingAids
please i can't find my hearing aid,Help_FindMyHearingAids
can you i can't find my hearing aid,Help_FindMyHearingAids
please i cannot remember where my left hearing aid is,Help_FindMyHearingAids
can you i cannot remember where my left hearing aid is,Help_FindMyHearingAids
please i misplaced my aid,Help_FindMyHearingAids
can you i misplaced my aid,Help_FindMyHearingAids
please locate my other aid,Help_FindMyHearingAids
can you locate my other aid,Help_FindMyHearingAids
please i misplaced my aids,Help_FindMyHearingAids
can you i misplaced my aids,Help_FindMyHearingAids
please i can't remember where my other hearing aid is,Help_FindMyHearingAids
can you i can't remember where my other hearing aid is,Help_FindMyHearingAids
please i misplaced my left aid,Help_FindMyHearingAids
can you i misplaced my left aid,Help_FindMyHearingAids
please i lost my hearing aid,Help_FindMyHearingAids
can you i lost my hearing aid,Help_FindMyHearingAids
please i lost my aid. can you help me find it?,Help_FindMyHearingAids
can you i lost my aid. can you help me find it?,Help_FindMyHearingAids
can you aerobics goal,Cmd.ActivityAerobics
can you activity goal,Cmd.ActivityAerobics
please have i reached my activity goal?,Cmd.ActivityAerobics
can you have i reached my activity goal?,Cmd.ActivityAerobics
please dnn speech enhancement help,Help_IntelliVoice
can you dnn speech enhancement help,Help_IntelliVoice
please intelligent voice user guide,Help_IntelliVoice
can you intelligent voice user guide,Help_IntelliVoice
can you voice ai,Help_IntelliVoice
please dnn speech enhancement user guide,Help_IntelliVoice
can you dnn speech enhancement user guide,Help_IntelliVoice
please where's dnn speech enhancement?,Help_IntelliVoice
please where's intelligent voice?,Help_IntelliVoice
please intellivoice user guide,Help_IntelliVoice
can you intellivoice user guide,Help_IntelliVoice
please did they accept my hearshare invitation?,Help_HearShare
can you did they accept my hearshare invitation?,Help_HearShare
please tell me what my stand goal is,Cmd.ActivityStand
can you tell me what my stand goal is,Cmd.ActivityStand
please have i reached my stand goal,Cmd.ActivityStand
can you have i reached my stand goal,Cmd.ActivityStand
please show me my standing goal,Cmd.ActivityStand
can you show me my standing goal,Cmd.ActivityStand
please show me my stand goal,Cmd.ActivityStand
can you show me my stand goal,Cmd.ActivityStand
please show me my standing history,Cmd.ActivityStand
can you show me my standing history,Cmd.ActivityStand
please have i stood an hour,Cmd.ActivityStand
can you have i stood an hour,Cmd.ActivityStand
can you stand goal,Cmd.ActivityStand
please stream from the remote microphone,Cmd.StreamingStart
can you stream from the remote microphone,Cmd.StreamingStart
can you start streaming,Cmd.StreamingStart
please listen to my tv,Cmd.StreamingStart
can you listen to my tv,Cmd.StreamingStart
please let me hear the tv,Cmd.StreamingStart
can you let me hear the tv,Cmd.StreamingStart
please i'd like to stream now,Cmd.StreamingStart
can you i'd like to stream now,Cmd.StreamingStart
please start remote stream,Cmd.StreamingStart
can you start remote stream,Cmd.StreamingStart
please listen to the microphone,Cmd.StreamingStart
can you listen to the microphone,Cmd.StreamingStart
please i want to listen to the presenter,Cmd.StreamingStart
can you i want to listen to the presenter,Cmd.StreamingStart
please start streaming tv to my hearing aids,Cmd.StreamingStart
can you start streaming tv to my hearing aids,Cmd.StreamingStart
can you stream,Cmd.StreamingStart
please listen to the tv,Cmd.StreamingStart
can you listen to the tv,Cmd.StreamingStart
please play tv stream,Cmd.StreamingStart
can you play tv stream,Cmd.StreamingStart
please let me hear the remote mic,Cmd.StreamingStart
can you let me hear the remote mic,Cmd.StreamingStart
please start streaming remote to my hearing aids,Cmd.StreamingStart
can you start streaming remote to my hearing aids,Cmd.StreamingStart
please let me hear the presenter,Cmd.StreamingStart
can you let me hear the presenter,Cmd.StreamingStart
can you tv steam,Cmd.StreamingStart
please start tv streaming,Cmd.StreamingStart
can you start tv streaming,Cmd.StreamingStart
please stream from the microphone,Cmd.StreamingStart
can you stream from the microphone,Cmd.StreamingStart
please pick up tv stream signal,Cmd.StreamingStart
can you pick up tv stream signal,Cmd.StreamingStart
can you start stream,Cmd.StreamingStart
please start remote streaming,Cmd.StreamingStart
can you start remote streaming,Cmd.StreamingStart
please turn streaming on,Cmd.StreamingStart
can you turn streaming on,Cmd.StreamingStart
can you streaming,Cmd.StreamingStart
please let me hear my tv,Cmd.StreamingStart
can you let me hear my tv,Cmd.StreamingStart
can you stream tv,Cmd.StreamingStart
please turn on streaming,Cmd.StreamingStart
can you turn on streaming,Cmd.StreamingStart
please start tv stream,Cmd.StreamingStart
can you start tv stream,Cmd.StreamingStart
can you calories walking,Cmd.ActivityWalk
please show me my walking history?,Cmd.ActivityWalk
can you show me my walking history?,Cmd.ActivityWalk
please my walking time is?,Cmd.ActivityWalk
can you my walking time is?,Cmd.ActivityWalk
please show me the quick guide,Help_WhatsNew
can you show me the quick guide,Help_WhatsNew
please show me an overview of thrive,Help_WhatsNew
can you show me an overview of thrive,Help_WhatsNew
please show me an overview of ipro,Help_WhatsNew
can you show me an overview of ipro,Help_WhatsNew
please show me an overview of the app,Help_WhatsNew
can you show me an overview of the app,Help_WhatsNew
please show me an overview of this app,Help_WhatsNew
can you show me an overview of this app,Help_WhatsNew
please take me to quick start,Help_WhatsNew
can you take me to quick start,Help_WhatsNew
can you quick start,Help_WhatsNew
please add mask as a customized memory,Help_MemoryOptions
can you add mask as a customized memory,Help_MemoryOptions
please i lost my memory for restaurants and meetings,Help_MemoryOptions
can you i lost my memory for restaurants and meetings,Help_MemoryOptions
please i want to create a new memory?,Help_MemoryOptions
can you i want to create a new memory?,Help_MemoryOptions
please i don't like my current hearing aid settings,Help_MemoryOptions
can you i don't like my current hearing aid settings,Help_MemoryOptions
can you memory settings,Help_MemoryOptions
please self check help,Help_SelfCheck
can you self check help,Help_SelfCheck
please one hearing aid is not being found,Help_SelfCheck
can you one hearing aid is not being found,Help_SelfCheck
please self check failed.,Help_SelfCheck
can you self check failed.,Help_SelfCheck
please right hearing aid doesn't work,Help_SelfCheck
can you right hearing aid doesn't work,Help_SelfCheck
please my left ear doesn't work good,Help_SelfCheck
can you my left ear doesn't work good,Help_SelfCheck
please my left hearing aid does not respond,Help_SelfCheck
can you my left hearing aid does not respond,Help_SelfCheck
please there is a problem with my hearing aids,Help_SelfCheck
can you there is a problem with my hearing aids,Help_SelfCheck
please please diagnose my hearing aids,Help_SelfCheck
can you please diagnose my hearing aids,Help_SelfCheck
please right here does not work,Help_SelfCheck
can you right here does not work,Help_SelfCheck
please self check user guide,Help_SelfCheck
can you self check user guide,Help_SelfCheck
please there is a problem with my right hearing aid,Help_SelfCheck
can you there is a problem with my right hearing aid,Help_SelfCheck
can you should my hearing aids get all check marks in self-check?,Help_SelfCheck
please there is a problem with my hearing aid,Help_SelfCheck
can you there is a problem with my hearing aid,Help_SelfCheck
please calories used today,Cmd.ActivityCalories
can you calories used today,Cmd.ActivityCalories
please used calories today,Cmd.ActivityCalories
can you used calories today,Cmd.ActivityCalories
please calories burned today,Cmd.ActivityCalories
can you calories burned today,Cmd.ActivityCalories
please burned calories today,Cmd.ActivityCalories
can you burned calories today,Cmd.ActivityCalories
please help with the home screen,Help_Home
can you help with the home screen,Help_Home
please help with the main screen,Help_Home
can you help with the main screen,Help_Home
can you unmute,Cmd.VolumeUnmute
please turn on my right aid,Cmd.VolumeUnmute
can you turn on my right aid,Cmd.VolumeUnmute
can you sound on,Cmd.VolumeUnmute
please turn volume to normal,Cmd.VolumeUnmute
can you turn volume to normal,Cmd.VolumeUnmute
please turn off mute,Cmd.VolumeUnmute
can you turn off mute,Cmd.VolumeUnmute
please turn the sound on,Cmd.VolumeUnmute
can you turn the sound on,Cmd.VolumeUnmute
please turn on the volume,Cmd.VolumeUnmute
can you turn on the volume,Cmd.VolumeUnmute
please hearing aid volume on,Cmd.VolumeUnmute
can you hearing aid volume on,Cmd.VolumeUnmute
please turn on my left aid,Cmd.VolumeUnmute
can you turn on my left aid,Cmd.VolumeUnmute
please turn the volume on,Cmd.VolumeUnmute
can you turn the volume on,Cmd.VolumeUnmute
please turn on the sound,Cmd.VolumeUnmute
can you turn on the sound,Cmd.VolumeUnmute
please turn mute off,Cmd.VolumeUnmute
can you turn mute off,Cmd.VolumeUnmute
please turn on hearing aids,Cmd.VolumeUnmute
can you turn on hearing aids,Cmd.VolumeUnmute
please turn my right hearing aid on,Cmd.VolumeUnmute
can you turn my right hearing aid on,Cmd.VolumeUnmute
please volume on right aid,Cmd.VolumeUnmute
can you volume on right aid,Cmd.VolumeUnmute
please unmute the hearing aids,Cmd.VolumeUnmute
can you unmute the hearing aids,Cmd.VolumeUnmute
please volume on left aid,Cmd.VolumeUnmute
can you volume on left aid,Cmd.VolumeUnmute
please turn volume on,Cmd.VolumeUnmute
can you turn volume on,Cmd.VolumeUnmute
please unmute my hearing aids,Cmd.VolumeUnmute
can you unmute my hearing aids,Cmd.VolumeUnmute
can you unmute on,Cmd.VolumeUnmute
please help with tinnitus masker adjustments in my aids,Help_Tinnitus
can you help with tinnitus masker adjustments in my aids,Help_Tinnitus
please help with white noise adjustment,Help_Tinnitus
can you help with white noise adjustment,Help_Tinnitus
please help with tinnitus volume adjustment on my aids,Help_Tinnitus
can you help with tinnitus volume adjustment on my aids,Help_Tinnitus
please help with tinnitus masker adjustments,Help_Tinnitus
can you help with tinnitus masker adjustments,Help_Tinnitus
please help with white noise adjustments in my aid,Help_Tinnitus
can you help with white noise adjustments in my aid,Help_Tinnitus
please help with tinnitus masker adjustment on my aids,Help_Tinnitus
can you help with tinnitus masker adjustment on my aids,Help_Tinnitus
please help me change tinnitus program,Help_Tinnitus
can you help me change tinnitus program,Help_Tinnitus
please help with tinnitus volume adjustment in my hearing aid,Help_Tinnitus
can you help with tinnitus volume adjustment in my hearing aid,Help_Tinnitus
please help with white noise adjustments,Help_Tinnitus
can you help with white noise adjustments,Help_Tinnitus
please help with white noise adjustment on my hearing aid,Help_Tinnitus
can you help with white noise adjustment on my hearing aid,Help_Tinnitus
please show me tinnitus settings,Help_Tinnitus
can you show me tinnitus settings,Help_Tinnitus
please help with white noise adjustments in my hearing aids,Help_Tinnitus
can you help with white noise adjustments in my hearing aids,Help_Tinnitus
please help with tinnitus volume adjustment in my aid,Help_Tinnitus
can you help with tinnitus volume adjustment in my aid,Help_Tinnitus
please help with tinnitus masker adjustments in my hearing aid,Help_Tinnitus
can you help with tinnitus masker adjustments in my hearing aid,Help_Tinnitus
please help with tinnitus masker adjustments on my aid,Help_Tinnitus
can you help with tinnitus masker adjustments on my aid,Help_Tinnitus
please help with tinnitus volume adjustment on my hearing aids,Help_Tinnitus
can you help with tinnitus volume adjustment on my hearing aids,Help_Tinnitus
please help with tinnitus volume adjustments on my aids,Help_Tinnitus
can you help with tinnitus volume adjustments on my aids,Help_Tinnitus
please help with tinnitus masker adjustments on my aids,Help_Tinnitus
can you help with tinnitus masker adjustments on my aids,Help_Tinnitus
can you telehear,Help_HearingCareAnywhereConnect
please help for tele hear,Help_HearingCareAnywhereConnect
can you help for tele hear,Help_HearingCareAnywhereConnect
please i need to pair the hearing aids with the phone,Help_Pairing
can you i need to pair the hearing aids with the phone,Help_Pairing
please pairing aids with my phone,Help_Pairing
can you pairing aids with my phone,Help_Pairing
please pairing my hearing aids with the thrive app,Help_Pairing
can you pairing my hearing aids with the thrive app,Help_Pairing
please help with pairing my hearing aids with the phone,Help_Pairing
can you help with pairing my hearing aids with the phone,Help_Pairing
please pairing devices with my thrive app,Help_Pairing
can you pairing devices with my thrive app,Help_Pairing
please help with pairing the aids with the phone,Help_Pairing
can you help with pairing the aids with the phone,Help_Pairing
please pair right aid,Help_Pairing
can you pair right aid,Help_Pairing
please help with pairing hearing aids on the phone,Help_Pairing
can you help with pairing hearing aids on the phone,Help_Pairing
please i need to disconnect the hearing aids from the phone,Help_Pairing
can you i need to disconnect the hearing aids from the phone,Help_Pairing
please connect left hearing aid,Help_Pairing
can you connect left hearing aid,Help_Pairing
please i need help with pairing my aid,Help_Pairing
can you i need help with pairing my aid,Help_Pairing
please link drive to hearing aid,Help_Pairing
can you link drive to hearing aid,Help_Pairing
please help with pairing devices with the thrive app,Help_Pairing
can you help with pairing devices with the thrive app,Help_Pairing
please i need to disconnect my hearing aids from my phone,Help_Pairing
can you i need to disconnect my hearing aids from my phone,Help_Pairing
please pairing hearing aids on the thrive app,Help_Pairing
can you pairing hearing aids on the thrive app,Help_Pairing
please i need help pairing my aid to my phone,Help_Pairing
can you i need help pairing my aid to my phone,Help_Pairing
please help with pairing hearing aids with the phone,Help_Pairing
can you help with pairing hearing aids with the phone,Help_Pairing
please pair left aid,Help_Pairing
can you pair left aid,Help_Pairing
please help with pairing the aids,Help_Pairing
can you help with pairing the aids,Help_Pairing
please i need help pairing the aid,Help_Pairing
can you i need help pairing the aid,Help_Pairing
please i need help pairing,Help_Pairing
can you i need help pairing,Help_Pairing
please connect right hearing aid,Help_Pairing
can you connect right hearing aid,Help_Pairing
please pairing my aids with my phone,Help_Pairing
can you pairing my aids with my phone,Help_Pairing
please i need help with pairing the aids,Help_Pairing
can you i need help with pairing the aids,Help_Pairing
please pairing my hearing aids on the phone,Help_Pairing
can you pairing my hearing aids on the phone,Help_Pairing
please i need to unpair my hearing aids from my phone,Help_Pairing
can you i need to unpair my hearing aids from my phone,Help_Pairing
please i need to connect the hearing aids to the phone,Help_Pairing
can you i need to connect the hearing aids to the phone,Help_Pairing
please help with pairing my aids,Help_Pairing
can you help with pairing my aids,Help_Pairing
please connect right aid,Help_Pairing
can you connect right aid,Help_Pairing
please help with pairing hearing aids on the thrive app,Help_Pairing
can you help with pairing hearing aids on the thrive app,Help_Pairing
please connect left aid,Help_Pairing
can you connect left aid,Help_Pairing
please i need help with pairing my aid to the phone,Help_Pairing
can you i need help with pairing my aid to the phone,Help_Pairing
please sync car bluetooth to hearing aid,Help_Pairing
can you sync car bluetooth to hearing aid,Help_Pairing
please i need to disconnect my hearing aid from my phone,Help_Pairing
can you i need to disconnect my hearing aid from my phone,Help_Pairing
please create a new reminder,reminders.add
can you create a new reminder,reminders.add
please remind me to drink water in 10 minutes,reminders.add
can you remind me to drink water in 10 minutes,reminders.add
please set an alarm for doctors appointment tomorrow morning,reminders.add
can you set an alarm for doctors appointment tomorrow morning,reminders.add
please set an alarm for 8 a.m.,reminders.add
can you set an alarm for 8 a.m.,reminders.add
can you schedule appointment,reminders.add
please schedule physical therapy appointment tomorrow morning 8:40 a.m.,reminders.add
can you schedule physical therapy appointment tomorrow morning 8:40 a.m.,reminders.add
can you every year,reminders.add
can you every week,reminders.add
can you every day,reminders.add
can you everyday,reminders.add
please set up a reminder,reminders.add
can you set up a reminder,reminders.add
can you reminder,reminders.add
please make a reminder,reminders.add
can you make a reminder,reminders.add
please remember to work out,reminders.add
can you remember to work out,reminders.add
please remember to wash my car,reminders.add
can you remember to wash my car,reminders.add
please remember to visit my family on thanksgiving day,reminders.add
can you remember to visit my family on thanksgiving day,reminders.add
please remember to turn the lights on at 8 p.m.,reminders.add
can you remember to turn the lights on at 8 p.m.,reminders.add
please remember to turn off my phone everyday at 11 p.m.,reminders.add
can you remember to turn off my phone everyday at 11 p.m.,reminders.add
please remember to take my medicine tuesday morning at 10 a.m.,reminders.add
can you remember to take my medicine tuesday morning at 10 a.m.,reminders.add
please remember to take medicine tomorrow morning,reminders.add
can you remember to take medicine tomorrow morning,reminders.add
please remember to take medicine today at 5 p.m.,reminders.add
can you remember to take medicine today at 5 p.m.,reminders.add
please remember to take medicine next thursday at 4 p.m.,reminders.add
can you remember to take medicine next thursday at 4 p.m.,reminders.add
please remember to take medicine,reminders.add
can you remember to take medicine,reminders.add
please remember to take medication today at 5 p.m.,reminders.add
can you remember to take medication today at 5 p.m.,reminders.add
please set a reminder,reminders.add
can you set a reminder,reminders.add
please don't let me forget,reminders.add
can you don't let me forget,reminders.add
can you remind me,reminders.add
please i want to be reminded,reminders.add
can you i want to be reminded,reminders.add
please create a reminder,reminders.add
can you create a reminder,reminders.add
please remind me to go running every wednesday at 7 a.m.,reminders.add
can you remind me to go running every wednesday at 7 a.m.,reminders.add
please remind me to take medicine next thursday at 4 p.m.,reminders.add
can you remind me to take medicine next thursday at 4 p.m.,reminders.add
please remind me to take my medicine tuesday morning at 10 a.m.,reminders.add
can you remind me to take my medicine tuesday morning at 10 a.m.,reminders.add
please remind me to pick up my prescription at 5 p.m. on monday,reminders.add
can you remind me to pick up my prescription at 5 p.m. on monday,reminders.add
please remind me to pick up my prescription on monday at 5 p.m.,reminders.add
can you remind me to pick up my prescription on monday at 5 p.m.,reminders.add
please create a reminder to take medicine today at 8 p.m.,reminders.add
can you create a reminder to take medicine today at 8 p.m.,reminders.add
please remind me to drink water later today at 5 p.m.,reminders.add
can you remind me to drink water later today at 5 p.m.,reminders.add
please remind me to take medicine tomorrow morning,reminders.add
can you remind me to take medicine tomorrow morning,reminders.add
please remind me to pick up my prescription this afternoon,reminders.add
can you remind me to pick up my prescription this afternoon,reminders.add
please remind me to refill my prescription tomorrow afternoon,reminders.add
can you remind me to refill my prescription tomorrow afternoon,reminders.add
please set a reminder to drink water today,reminders.add
can you set a reminder to drink water today,reminders.add
please set a reminder to exercise today,reminders.add
can you set a reminder to exercise today,reminders.add
please set a reminder to pick up prescription today at 5 p.m.,reminders.add
can you set a reminder to pick up prescription today at 5 p.m.,reminders.add
please set a reminder to refill prescription tomorrow,reminders.add
can you set a reminder to refill prescription tomorrow,reminders.add
please set a reminder to take medication today at 5 p.m.,reminders.add
can you set a reminder to take medication today at 5 p.m.,reminders.add
please remind me to drink water today,reminders.add
can you remind me to drink water today,reminders.add
please remind me to exercise today,reminders.add
can you remind me to exercise today,reminders.add
please remind me to clean hearing aids today,reminders.add
can you remind me to clean hearing aids today,reminders.add
please remind me to refill prescription tomorrow,reminders.add
can you remind me to refill prescription tomorrow,reminders.add
please set reminder to drink water at 9 p.m. every tuesday,reminders.add
can you set reminder to drink water at 9 p.m. every tuesday,reminders.add
please setup reminder to take medicine at 1 p.m.,reminders.add
can you setup reminder to take medicine at 1 p.m.,reminders.add
please set reminder to take medicine at 1 p.m.,reminders.add
can you set reminder to take medicine at 1 p.m.,reminders.add
please remind me to get groceries every month on the 15th at 1 p.m.,reminders.add
can you remind me to get groceries every month on the 15th at 1 p.m.,reminders.add
please remind me to send out christmas cards every year on december 1st at 5 p.m.,reminders.add
can you remind me to send out christmas cards every year on december 1st at 5 p.m.,reminders.add
please create a daily reminder to take medication at 5 p.m.,reminders.add
can you create a daily reminder to take medication at 5 p.m.,reminders.add
please remind me to workout tomorrow morning at 6,reminders.add
can you remind me to workout tomorrow morning at 6,reminders.add
please set reminder for 7 a.m. tomorrow about dinner please,reminders.add
can you set reminder for 7 a.m. tomorrow about dinner please,reminders.add
please remind about running everyday at 6 a.m.,reminders.add
can you remind about running everyday at 6 a.m.,reminders.add
please remind me to study tomorrow,reminders.add
can you remind me to study tomorrow,reminders.add
please remind me of my doctors appointment,reminders.add
can you remind me of my doctors appointment,reminders.add
please send me a reminder to leave for work in 10 minutes,reminders.add
can you send me a reminder to leave for work in 10 minutes,reminders.add
please remind me on the 27th of august tomy flight,reminders.add
can you remind me on the 27th of august tomy flight,reminders.add
please remind me about dinner at 15 p.m.,reminders.add
can you remind me about dinner at 15 p.m.,reminders.add
please remind me at 7 p.m. on november 11 to do homework,reminders.add
can you remind me at 7 p.m. on november 11 to do homework,reminders.add
please remind me to turn the lights on at 8 p.m.,reminders.add
can you remind me to turn the lights on at 8 p.m.,reminders.add
please set reminder for tomorrow morning,reminders.add
can you set reminder for tomorrow morning,reminders.add
please remind me at 2:35 p.m. tomorrow to not park in the back parking lot,reminders.add
can you remind me at 2:35 p.m. tomorrow to not park in the back parking lot,reminders.add
please remind me to deliver to saint barbara catholic church on friday 9 to 9:30,reminders.add
can you remind me to deliver to saint barbara catholic church on friday 9 to 9:30,reminders.add
please remind me to go to bed in 5 minutes,reminders.add
can you remind me to go to bed in 5 minutes,reminders.add
please remind me to brush my teeth,reminders.add
can you remind me to brush my teeth,reminders.add
please remind me to go to work the 19th of august,reminders.add
can you remind me to go to work the 19th of august,reminders.add
please remind me at 1 p.m. that i have to eat,reminders.add
can you remind me at 1 p.m. that i have to eat,reminders.add
please reminder for 4:15 p.m. today visit grandma please,reminders.add
can you reminder for 4:15 p.m. today visit grandma please,reminders.add
please remind me at 12 o'clock,reminders.add
can you remind me at 12 o'clock,reminders.add
please remind me friday,reminders.add
can you remind me friday,reminders.add
please remind me of a meeting on the 27th of august,reminders.add
can you remind me of a meeting on the 27th of august,reminders.add
please remind me to call someone everyday at 4 p.m.,reminders.add
can you remind me to call someone everyday at 4 p.m.,reminders.add
please remind me to turn off my phone everyday at 11 p.m.,reminders.add
can you remind me to turn off my phone everyday at 11 p.m.,reminders.add
please i need a reminder for today,reminders.add
can you i need a reminder for today,reminders.add
please add a reminder for tomorrow,reminders.add
can you add a reminder for tomorrow,reminders.add
please remind me to work out,reminders.add
can you remind me to work out,reminders.add
please remind me to wake up tomorrow,reminders.add
can you remind me to wake up tomorrow,reminders.add
please remind flight at 6 a.m.,reminders.add
can you remind flight at 6 a.m.,reminders.add
please help me remind me to call bae tomorrow at 9,reminders.add
can you help me remind me to call bae tomorrow at 9,reminders.add
please new reminder eat an apple everyday at 9 a.m.,reminders.add
can you new reminder eat an apple everyday at 9 a.m.,reminders.add
please remind me of appointment,reminders.add
can you remind me of appointment,reminders.add
please remind me to buy bread at 11 a.m. tomorrow,reminders.add
can you remind me to buy bread at 11 a.m. tomorrow,reminders.add
please new reminder for everyday,reminders.add
can you new reminder for everyday,reminders.add
please add reminder feed a cat in 3 minutes,reminders.add
can you add reminder feed a cat in 3 minutes,reminders.add
please reminder to play with my cat everyday at 7 p.m.,reminders.add
can you reminder to play with my cat everyday at 7 p.m.,reminders.add
please remind me to wash my car,reminders.add
can you remind me to wash my car,reminders.add
please remind me at noon,reminders.add
can you remind me at noon,reminders.add
please remind me on weekend,reminders.add
can you remind me on weekend,reminders.add
please remind me to take medicine,reminders.add
can you remind me to take medicine,reminders.add
please set a reminder for 1 hour,reminders.add
can you set a reminder for 1 hour,reminders.add
please new reminder about fitness,reminders.add
can you new reminder about fitness,reminders.add
please remind me of blood brothers,reminders.add
can you remind me of blood brothers,reminders.add
please remind me i have a doctor's appointment,reminders.add
can you remind me i have a doctor's appointment,reminders.add
please set reminder buy milk on november 11 at 5 p.m.,reminders.add
can you set reminder buy milk on november 11 at 5 p.m.,reminders.add
please remind me to go to sleep,reminders.add
can you remind me to go to sleep,reminders.add
please remind me to pay my credit card bill,reminders.add
can you remind me to pay my credit card bill,reminders.add
please remind me i have a meeting,reminders.add
can you remind me i have a meeting,reminders.add
please remind me about dinner in 1 hour,reminders.add
can you remind me about dinner in 1 hour,reminders.add
please set reminder about washing car,reminders.add
can you set reminder about washing car,reminders.add
please remind me in 15 minutes to go to the bar,reminders.add
can you remind me in 15 minutes to go to the bar,reminders.add
please remind me to buy movie tickets for friday evening,reminders.add
can you remind me to buy movie tickets for friday evening,reminders.add
please set reminder for dinner with tom please,reminders.add
can you set reminder for dinner with tom please,reminders.add
please remind me to call dad,reminders.add
can you remind me to call dad,reminders.add
please remind me to watch,reminders.add
can you remind me to watch,reminders.add
please remind me about the teacher meeting on friday,reminders.add
can you remind me about the teacher meeting on friday,reminders.add
please remind about business meeting every monday at 4 p.m.,reminders.add
can you remind about business meeting every monday at 4 p.m.,reminders.add
please remind me that i have a doctor's appointment,reminders.add
can you remind me that i have a doctor's appointment,reminders.add
please remind me at 11 o'clock in the morning,reminders.add
can you remind me at 11 o'clock in the morning,reminders.add
please remind about running at 6 a.m. on 7th december,reminders.add
can you remind about running at 6 a.m. on 7th december,reminders.add
please remind me today,reminders.add
can you remind me today,reminders.add
please remind me to book a parking spot for my carnival cruise,reminders.add
can you remind me to book a parking spot for my carnival cruise,reminders.add
please remind me to do homework on november 11 at 7 p.m.,reminders.add
can you remind me to do homework on november 11 at 7 p.m.,reminders.add
please remind about party at 12 p.m. on friday,reminders.add
can you remind about party at 12 p.m. on friday,reminders.add
please remind me to call mom on christmas,reminders.add
can you remind me to call mom on christmas,reminders.add
please remind me to call my brother on veterans day,reminders.add
can you remind me to call my brother on veterans day,reminders.add
please remind me of video everyday at noon,reminders.add
can you remind me of video everyday at noon,reminders.add
please new reminder about washing car,reminders.add
can you new reminder about washing car,reminders.add
please remind me about the parent/teacher meeting on friday,reminders.add
can you remind me about the parent/teacher meeting on friday,reminders.add
please remind me of my appointment,reminders.add
can you remind me of my appointment,reminders.add
please remind me about exams every friday at 7 p.m.,reminders.add
can you remind me about exams every friday at 7 p.m.,reminders.add
please remind me to drink some water in 5 minutes,reminders.add
can you remind me to drink some water in 5 minutes,reminders.add
please remind me to go running at 6 a.m.,reminders.add
can you remind me to go running at 6 a.m.,reminders.add
please set reminder about dog walking repeat it everyday at 9 a.m.,reminders.add
can you set reminder about dog walking repeat it everyday at 9 a.m.,reminders.add
please reminder for this evening,reminders.add
can you reminder for this evening,reminders.add
please remind me to exercise tonight,reminders.add
can you remind me to exercise tonight,reminders.add
please set reminder for 25th november,reminders.add
can you set reminder for 25th november,reminders.add
please remind me to wash the car,reminders.add
can you remind me to wash the car,reminders.add
please remind me 10:30 p.m. to close the restaurant,reminders.add
can you remind me 10:30 p.m. to close the restaurant,reminders.add
please remind me everyday to read a book at 6 p.m.,reminders.add
can you remind me everyday to read a book at 6 p.m.,reminders.add
please please remind me to call,reminders.add
can you please remind me to call,reminders.add
please set reminder to 5 p.m.,reminders.add
can you set reminder to 5 p.m.,reminders.add
please send me a reminder to pay the cable bill on march 3,reminders.add
can you send me a reminder to pay the cable bill on march 3,reminders.add
please remind me about dinner at 1523,reminders.add
can you remind me about dinner at 1523,reminders.add
please remind me to buy shoes in paris,reminders.add
can you remind me to buy shoes in paris,reminders.add
please remind me to go to the doctor,reminders.add
can you remind me to go to the doctor,reminders.add
please remind me to vitamin d at 7 p.m. everyday,reminders.add
can you remind me to vitamin d at 7 p.m. everyday,reminders.add
please add reminder for meeting,reminders.add
can you add reminder for meeting,reminders.add
can you trader reminder,reminders.add
can you should i use basic or advanced mode?,Help_AppSettings
can you app version,Help_AppSettings
can you which version of the app do i have?,Help_AppSettings
please i need an adjustment to my hearing aids,Help_RemoteProgramming
can you i need an adjustment to my hearing aids,Help_RemoteProgramming
please i want to talk to my audiologist,Help_RemoteProgramming
can you i want to talk to my audiologist,Help_RemoteProgramming
please i need to talk t to my audiologist,Help_RemoteProgramming
can you i need to talk t to my audiologist,Help_RemoteProgramming
please help with remote programming,Help_RemoteProgramming
can you help with remote programming,Help_RemoteProgramming
please show me how to use reminder,Help_Reminder
can you show me how to use reminder,Help_Reminder
please tell me about the reminders feature,Help_Reminder
can you tell me about the reminders feature,Help_Reminder
please reminder user guide,Help_Reminder
can you reminder user guide,Help_Reminder
please find the product name hearing aids starkly,Help_DeviceSettings
can you find the product name hearing aids starkly,Help_DeviceSettings
please i don't like the double tap feature. how do i turn it off?,Help_DeviceSettings
can you i don't like the double tap feature. how do i turn it off?,Help_DeviceSettings
can you tone change,Help_DeviceSettings
please help with changing memories on my aid,Help_ChangingMemories
can you help with changing memories on my aid,Help_ChangingMemories
please help with changing programs on my aid,Help_ChangingMemories
can you help with changing programs on my aid,Help_ChangingMemories
please help with changing memories using the thrive app,Help_ChangingMemories
can you help with changing memories using the thrive app,Help_ChangingMemories
please help with changing memories,Help_ChangingMemories
can you help with changing memories,Help_ChangingMemories
please help with changing memories using the app,Help_ChangingMemories
can you help with changing memories using the app,Help_ChangingMemories
please help with changing memories on my aids,Help_ChangingMemories
can you help with changing memories on my aids,Help_ChangingMemories
please help with changing programs on my hearing aid,Help_ChangingMemories
can you help with changing programs on my hearing aid,Help_ChangingMemories
please help with changing programs on my hearing aids,Help_ChangingMemories
can you help with changing programs on my hearing aids,Help_ChangingMemories
please help with changing programs on my aids,Help_ChangingMemories
can you help with changing programs on my aids,Help_ChangingMemories
please help with changing memories using my app,Help_ChangingMemories
can you help with changing memories using my app,Help_ChangingMemories
can you memory button,Help_ChangingMemories
please help with changing memories using my thrive app,Help_ChangingMemories
can you help with changing memories using my thrive app,Help_ChangingMemories
please i don’t hear a difference when i change my balance control,Help_WiCROS
can you i don’t hear a difference when i change my balance control,Help_WiCROS
can you transmitter,Help_WiCROS
can you receiver,Help_WiCROS
please customize my hearing aid settings,Help_Customize
can you customize my hearing aid settings,Help_Customize
please my hearing aids have too much treble,Help_Customize
can you my hearing aids have too much treble,Help_Customize
please tell me what how much do i owe you would be in español,Cmd.TranslationStart
can you tell me what how much do i owe you would be in español,Cmd.TranslationStart
please tell me what how much do i owe you is in español,Cmd.TranslationStart
can you tell me what how much do i owe you is in español,Cmd.TranslationStart
please translate how much do i owe you in español,Cmd.TranslationStart
can you translate how much do i owe you in español,Cmd.TranslationStart
please translate how much do i owe you to spanish,Cmd.TranslationStart
can you translate how much do i owe you to spanish,Cmd.TranslationStart
can you start translation,Cmd.TranslationStart
can you open translation,Cmd.TranslationStart
please start translation to german,Cmd.TranslationStart
can you start translation to german,Cmd.TranslationStart
please start translating in french,Cmd.TranslationStart
can you start translating in french,Cmd.TranslationStart
please open translation in spanish,Cmd.TranslationStart
can you open translation in spanish,Cmd.TranslationStart
please start translate for french,Cmd.TranslationStart
can you start translate for french,Cmd.TranslationStart
please translate for russian,Cmd.TranslationStart
can you translate for russian,Cmd.TranslationStart
can you translate hebrew,Cmd.TranslationStart
can you dutch translation,Cmd.TranslationStart
please start translation for german,Cmd.TranslationStart
can you start translation for german,Cmd.TranslationStart
can you volume quieter,Cmd.VolumeDecrease
please decrease the volume in my hearing aids,Cmd.VolumeDecrease
can you decrease the volume in my hearing aids,Cmd.VolumeDecrease
please decrease the volume in my aids,Cmd.VolumeDecrease
can you decrease the volume in my aids,Cmd.VolumeDecrease
please turn down the volume on the hearing aid,Cmd.VolumeDecrease
can you turn down the volume on the hearing aid,Cmd.VolumeDecrease
please volume down left aid,Cmd.VolumeDecrease
can you volume down left aid,Cmd.VolumeDecrease
please drop the volume by 50%,Cmd.VolumeDecrease
can you drop the volume by 50%,Cmd.VolumeDecrease
please lower the level of my hearing aids,Cmd.VolumeDecrease
can you lower the level of my hearing aids,Cmd.VolumeDecrease
can you min loudness,Cmd.VolumeDecrease
please volume down right aid,Cmd.VolumeDecrease
can you volume down right aid,Cmd.VolumeDecrease
please turn down my right aid,Cmd.VolumeDecrease
can you turn down my right aid,Cmd.VolumeDecrease
please make the volume less,Cmd.VolumeDecrease
can you make the volume less,Cmd.VolumeDecrease
please turn down the loudness on my aids,Cmd.VolumeDecrease
can you turn down the loudness on my aids,Cmd.VolumeDecrease
please make sound quieter,Cmd.VolumeDecrease
can you make sound quieter,Cmd.VolumeDecrease
can you down volume,Cmd.VolumeDecrease
please decrease the loudness in my aids,Cmd.VolumeDecrease
can you decrease the loudness in my aids,Cmd.VolumeDecrease
can you volume decrease,Cmd.VolumeDecrease
can you min sound,Cmd.VolumeDecrease
can you decrease volume,Cmd.VolumeDecrease
please reduce the hearing aid volume,Cmd.VolumeDecrease
can you reduce the hearing aid volume,Cmd.VolumeDecrease
can you volume down,Cmd.VolumeDecrease
please make volume lower,Cmd.VolumeDecrease
can you make volume lower,Cmd.VolumeDecrease
please quiet my hearing aids,Cmd.VolumeDecrease
can you quiet my hearing aids,Cmd.VolumeDecrease
can you minimum loudness,Cmd.VolumeDecrease
please decrease the right hearing aid,Cmd.VolumeDecrease
can you decrease the right hearing aid,Cmd.VolumeDecrease
please turn my left hearing aid down,Cmd.VolumeDecrease
can you turn my left hearing aid down,Cmd.VolumeDecrease
please turn down my hearing aids,Cmd.VolumeDecrease
can you turn down my hearing aids,Cmd.VolumeDecrease
can you minimum volume,Cmd.VolumeDecrease
please hearing aid volume down,Cmd.VolumeDecrease
can you hearing aid volume down,Cmd.VolumeDecrease
please change volume down,Cmd.VolumeDecrease
can you change volume down,Cmd.VolumeDecrease
please turn it down,Cmd.VolumeDecrease
can you turn it down,Cmd.VolumeDecrease
please not so loud,Cmd.VolumeDecrease
can you not so loud,Cmd.VolumeDecrease
please it's too loud turn it down,Cmd.VolumeDecrease
can you it's too loud turn it down,Cmd.VolumeDecrease
can you volume lower,Cmd.VolumeDecrease
please drop the sound in my hearing aid,Cmd.VolumeDecrease
can you drop the sound in my hearing aid,Cmd.VolumeDecrease
please decrease the left hearing aid,Cmd.VolumeDecrease
can you decrease the left hearing aid,Cmd.VolumeDecrease
please decrease the volume,Cmd.VolumeDecrease
can you decrease the volume,Cmd.VolumeDecrease
please make the hearing aids quieter,Cmd.VolumeDecrease
can you make the hearing aids quieter,Cmd.VolumeDecrease
please lower hearing down,Cmd.VolumeDecrease
can you lower hearing down,Cmd.VolumeDecrease
please heart rate recovery user guide,Help_HeartRateRecovery
can you heart rate recovery user guide,Help_HeartRateRecovery
please heart rate recovery help,Help_HeartRateRecovery
can you heart rate recovery help,Help_HeartRateRecovery
please heart rate recovery guide,Help_HeartRateRecovery
can you heart rate recovery guide,Help_HeartRateRecovery
please heart rate help,Help_HeartRate
can you heart rate help,Help_HeartRate
please heart rate user guide,Help_HeartRate
can you heart rate user guide,Help_HeartRate
can you remaining battery,Cmd.BatteryLevel
please battery life left,Cmd.BatteryLevel
can you battery life left,Cmd.BatteryLevel
can you whats my battery charge,Cmd.BatteryLevel
can you battery remaining,Cmd.BatteryLevel
please battery charge remaining,Cmd.BatteryLevel
can you battery charge remaining,Cmd.BatteryLevel
can you battery level,Cmd.BatteryLevel
can you help transcribe,Help_Transcribe
please help me transcribe,Help_Transcribe
can you help me transcribe,Help_Transcribe
can you will i hear what is being transcribed?,Help_Transcribe
please help me with transcribe,Help_Transcribe
can you help me with transcribe,Help_Transcribe
please help for transcribe,Help_Transcribe
can you help for transcribe,Help_Transcribe
please hearing aids transcribe help,Help_Transcribe
can you hearing aids transcribe help,Help_Transcribe
can you transcribe help,Help_Transcribe
please show me help for transcribe,Help_Transcribe
can you show me help for transcribe,Help_Transcribe
please i can’t get my hearing aid in,Help_InsertDevice
can you i can’t get my hearing aid in,Help_InsertDevice
can you should my hearing aid look like the one in the video?,Help_InsertDevice
please i can’t get my hearing aid on,Help_InsertDevice
can you i can’t get my hearing aid on,Help_InsertDevice
please show me thrive assistant help,Help_VoiceAssistant
can you show me thrive assistant help,Help_VoiceAssistant
please volume off right aid,Cmd.VolumeMute
can you volume off right aid,Cmd.VolumeMute
please volume off left aid,Cmd.VolumeMute
can you volume off left aid,Cmd.VolumeMute
please mute hearing aids,Cmd.VolumeMute
can you mute hearing aids,Cmd.VolumeMute
can you volume off,Cmd.VolumeMute
please mute the aids,Cmd.VolumeMute
can you mute the aids,Cmd.VolumeMute
can you silence,Cmd.VolumeMute
please turn the sound off,Cmd.VolumeMute
can you turn the sound off,Cmd.VolumeMute
please turn my left hearing aid off,Cmd.VolumeMute
can you turn my left hearing aid off,Cmd.VolumeMute
please make my aid silent,Cmd.VolumeMute
can you make my aid silent,Cmd.VolumeMute
please make my hearing aids silent,Cmd.VolumeMute
can you make my hearing aids silent,Cmd.VolumeMute
please mute the hearing aids,Cmd.VolumeMute
can you mute the hearing aids,Cmd.VolumeMute
please turn off my left aid,Cmd.VolumeMute
can you turn off my left aid,Cmd.VolumeMute
please turn off the volume in my left hearing aid,Cmd.VolumeMute
can you turn off the volume in my left hearing aid,Cmd.VolumeMute
can you mute on,Cmd.VolumeMute
can you sound off,Cmd.VolumeMute
can you off volume,Cmd.VolumeMute
please disable my hearing aids,Cmd.VolumeMute
can you disable my hearing aids,Cmd.VolumeMute
please mute my aids,Cmd.VolumeMute
can you mute my aids,Cmd.VolumeMute
please mute my hearing aids,Cmd.VolumeMute
can you mute my hearing aids,Cmd.VolumeMute
please turn off the sound,Cmd.VolumeMute
can you turn off the sound,Cmd.VolumeMute
please wax build up,Help_CleanCare
can you wax build up,Help_CleanCare
please complete my latest reminder,reminders.complete
can you complete my latest reminder,reminders.complete
please latest reminder done.,reminders.complete
can you latest reminder done.,reminders.complete
can you complete reminder,reminders.complete
please mark my last reminder complete,reminders.complete
can you mark my last reminder complete,reminders.complete
please latest reminder completed.,reminders.complete
can you latest reminder completed.,reminders.complete
please this reminder is complete,reminders.complete
can you this reminder is complete,reminders.complete
can you reminder done.,reminders.complete
please complete my reminder.,reminders.complete
can you complete my reminder.,reminders.complete
please mark last reminder complete,reminders.complete
can you mark last reminder complete,reminders.complete
can you reminder completed.,reminders.complete
please complete this reminder.,reminders.complete
can you complete this reminder.,reminders.complete
please start writing this down for me,Cmd.TranscribeStart
can you start writing this down for me,Cmd.TranscribeStart
can you begin transcribe,Cmd.TranscribeStart
can you start recording,Cmd.TranscribeStart
can you start transcription,Cmd.TranscribeStart
can you start transcribe,Cmd.TranscribeStart
can you begin recording,Cmd.TranscribeStart
please transcribe this conversation,Cmd.TranscribeStart
can you transcribe this conversation,Cmd.TranscribeStart
can you open transcribe,Cmd.TranscribeStart
can you stop recording,Cmd.TranscribeStart
please start recording for me,Cmd.TranscribeStart
can you start recording for me,Cmd.TranscribeStart
can you calories jogging,Cmd.ActivityRun
please show me my jogging goal,Cmd.ActivityRun
can you show me my jogging goal,Cmd.ActivityRun
please have i reached my running goal?,Cmd.ActivityRun
can you have i reached my running goal?,Cmd.ActivityRun
please have long have i been jogging?,Cmd.ActivityRun
can you have long have i been jogging?,Cmd.ActivityRun
please have i reached my jogging goal?,Cmd.ActivityRun
can you have i reached my jogging goal?,Cmd.ActivityRun
please am i close to my running goal?,Cmd.ActivityRun
can you am i close to my running goal?,Cmd.ActivityRun
please show me my running goal,Cmd.ActivityRun
can you show me my running goal,Cmd.ActivityRun
can you will mask mode help me,Help_MaskMode
please fix face mask problems,Help_MaskMode
can you fix face mask problems,Help_MaskMode
please help with volume changes in my hearing aids,Help_Volume
can you help with volume changes in my hearing aids,Help_Volume
please help with loudness changes on my hearing aids,Help_Volume
can you help with loudness changes on my hearing aids,Help_Volume
please help with loudness adjustments in my hearing aids,Help_Volume
can you help with loudness adjustments in my hearing aids,Help_Volume
please help with loudness changes on my aid,Help_Volume
can you help with loudness changes on my aid,Help_Volume
please help with volume adjustment on my hearing aid,Help_Volume
can you help with volume adjustment on my hearing aid,Help_Volume
please play my voice message.,Cmd.ListenMessage
can you play my voice message.,Cmd.ListenMessage
please play message i got.,Cmd.ListenMessage
can you play message i got.,Cmd.ListenMessage
please let me hear it.,Cmd.ListenMessage
can you let me hear it.,Cmd.ListenMessage
please play the last one.,Cmd.ListenMessage
can you play the last one.,Cmd.ListenMessage
please play last voice message.,Cmd.ListenMessage
can you play last voice message.,Cmd.ListenMessage
please hear last message.,Cmd.ListenMessage
can you hear last message.,Cmd.ListenMessage
please play my last recording.,Cmd.ListenMessage
can you play my last recording.,Cmd.ListenMessage
please hear it again.,Cmd.ListenMessage
can you hear it again.,Cmd.ListenMessage
can you listen again.,Cmd.ListenMessage
please listen to it.,Cmd.ListenMessage
can you listen to it.,Cmd.ListenMessage
please play it again.,Cmd.ListenMessage
can you play it again.,Cmd.ListenMessage
please play last push-to-talk.,Cmd.ListenMessage
can you play last push-to-talk.,Cmd.ListenMessage
please play my audio message.,Cmd.ListenMessage
can you play my audio message.,Cmd.ListenMessage
please play last message,Cmd.ListenMessage
can you play last message,Cmd.ListenMessage
please play my last message,Cmd.ListenMessage
can you play my last message,Cmd.ListenMessage
please help with stream,Help_Accessories
can you help with stream,Help_Accessories
please show me a help guide for my accessories,Help_Accessories
can you show me a help guide for my accessories,Help_Accessories
please show me user manual for my accessory,Help_Accessories
can you show me user manual for my accessory,Help_Accessories
please help with tv streamer,Help_Accessories
can you help with tv streamer,Help_Accessories
please help with remote mic,Help_Accessories
can you help with remote mic,Help_Accessories
please help with accessories,Help_Accessories
can you help with accessories,Help_Accessories
please got to getting a text message at boston,Default Fallback Intent
can you got to getting a text message at boston,Default Fallback Intent
please ashes to ashes all fall down,Default Fallback Intent
can you ashes to ashes all fall down,Default Fallback Intent
please i'd like to know the average airspeed of an unburdened swallow,Default Fallback Intent
can you i'd like to know the average airspeed of an unburdened swallow,Default Fallback Intent
can you new delhi,Default Fallback Intent
please i'm in butterbrodt new delhi,Default Fallback Intent
can you i'm in butterbrodt new delhi,Default Fallback Intent
please girls do that i want to go to italy,Default Fallback Intent
can you girls do that i want to go to italy,Default Fallback Intent
please that's true that's the best way to start,Default Fallback Intent
can you that's true that's the best way to start,Default Fallback Intent
can you generative ai,Default Fallback Intent
please everyday is exciting,Default Fallback Intent
can you everyday is exciting,Default Fallback Intent
please nothing i can share publicly,Default Fallback Intent
can you nothing i can share publicly,Default Fallback Intent
please i'd like to know how far it is to the moon,Default Fallback Intent
can you i'd like to know how far it is to the moon,Default Fallback Intent
can you should i tell him how i feel,Default Fallback Intent
please write me an example,Default Fallback Intent
can you write me an example,Default Fallback Intent
please write me an example of a sympathy card,Default Fallback Intent
can you write me an example of a sympathy card,Default Fallback Intent
please it's different both of them are different,Default Fallback Intent
can you it's different both of them are different,Default Fallback Intent
please concussion rehabilitation team works collaboratively in designing and implementing a treatment program,Default Fallback Intent
can you concussion rehabilitation team works collaboratively in designing and implementing a treatment program,Default Fallback Intent
please checking that you're on,Default Fallback Intent
can you checking that you're on,Default Fallback Intent
please ask my house,Default Fallback Intent
can you ask my house,Default Fallback Intent
"please hello, just a hearing aid the volume on my hearing aids. bye. bye.",Default Fallback Intent
"can you hello, just a hearing aid the volume on my hearing aids. bye. bye.",Default Fallback Intent
please $148 added to your social security check every month,Default Fallback Intent
can you $148 added to your social security check every month,Default Fallback Intent
please take a look at a distance,Default Fallback Intent
can you take a look at a distance,Default Fallback Intent
please assistant professor jobs,Default Fallback Intent
can you assistant professor jobs,Default Fallback Intent
please read last text message,Default Fallback Intent
can you read last text message,Default Fallback Intent
please look up the southwire this wire here go anywhere with this way yet,Default Fallback Intent
can you look up the southwire this wire here go anywhere with this way yet,Default Fallback Intent
please they are trying to reduce the temperature right now,Default Fallback Intent
can you they are trying to reduce the temperature right now,Default Fallback Intent
please david soul alert,Default Fallback Intent
can you david soul alert,Default Fallback Intent
can you reset,Default Fallback Intent
please florist off screen,Default Fallback Intent
can you florist off screen,Default Fallback Intent
please amazon screen is dark,Default Fallback Intent
can you amazon screen is dark,Default Fallback Intent
please we searched for relief you can go in,Default Fallback Intent
can you we searched for relief you can go in,Default Fallback Intent
please phone phone phone phone phone,Default Fallback Intent
can you phone phone phone phone phone,Default Fallback Intent
please bustling hearing aid,Default Fallback Intent
can you bustling hearing aid,Default Fallback Intent
please the weather outside today,Default Fallback Intent
can you the weather outside today,Default Fallback Intent
please don't make any noise for a minute,Default Fallback Intent
can you don't make any noise for a minute,Default Fallback Intent
please getting customers exactly with a free wireless.,Default Fallback Intent
can you getting customers exactly with a free wireless.,Default Fallback Intent
please since you're coming up pretty soon,Default Fallback Intent
can you since you're coming up pretty soon,Default Fallback Intent
"please alpha bail, again. swelling down in rio.",Default Fallback Intent
"can you alpha bail, again. swelling down in rio.",Default Fallback Intent
please turn off toshiba,Default Fallback Intent
can you turn off toshiba,Default Fallback Intent
can you friday,Default Fallback Intent
please i don't remember i don't remember this being such a big fish,Default Fallback Intent
can you i don't remember i don't remember this being such a big fish,Default Fallback Intent
please to us number one hits,Default Fallback Intent
can you to us number one hits,Default Fallback Intent
please so it goes back it goes back to the memory or in,Default Fallback Intent
can you so it goes back it goes back to the memory or in,Default Fallback Intent
can you every morning,Default Fallback Intent
please i need to,Default Fallback Intent
can you i need to,Default Fallback Intent
please sorry i didn't give you a kiss,Default Fallback Intent
can you sorry i didn't give you a kiss,Default Fallback Intent
can you iconic store,Default Fallback Intent
can you basically,Default Fallback Intent
please check them off like pink lady,Default Fallback Intent
can you check them off like pink lady,Default Fallback Intent
please adjusted with my phone,Default Fallback Intent
can you adjusted with my phone,Default Fallback Intent
please i wash them every now and then,Default Fallback Intent
can you i wash them every now and then,Default Fallback Intent
please so where is brewster,Default Fallback Intent
can you so where is brewster,Default Fallback Intent
please turn on first plug,Default Fallback Intent
can you turn on first plug,Default Fallback Intent
please lexus assembly to new,Default Fallback Intent
can you lexus assembly to new,Default Fallback Intent
can you search citizens,Default Fallback Intent
please any help you,Default Fallback Intent
can you any help you,Default Fallback Intent
please look up your nose real quick to,Default Fallback Intent
can you look up your nose real quick to,Default Fallback Intent
please i'll see you then you help me,Default Fallback Intent
can you i'll see you then you help me,Default Fallback Intent
please i want to make sure i also cleaned but nuflex filters in them,Default Fallback Intent
can you i want to make sure i also cleaned but nuflex filters in them,Default Fallback Intent
can you nevermind,Default Fallback Intent
please make it stretchy like that,Default Fallback Intent
can you make it stretchy like that,Default Fallback Intent
please turn the lights off,Default Fallback Intent
can you turn the lights off,Default Fallback Intent
please android phone to listen to spotify,Default Fallback Intent
can you android phone to listen to spotify,Default Fallback Intent
can you i'm up,Default Fallback Intent
please turn on this is my life,Default Fallback Intent
can you turn on this is my life,Default Fallback Intent
can you wednesday,Default Fallback Intent
can you siri,Default Fallback Intent
please make a u-turn,Default Fallback Intent
can you make a u-turn,Default Fallback Intent
please turn the lights on,Default Fallback Intent
can you turn the lights on,Default Fallback Intent
can you phone,Default Fallback Intent
please adjustments didn't hear it in the office but i am out to your there,Default Fallback Intent
can you adjustments didn't hear it in the office but i am out to your there,Default Fallback Intent
please don't tell me that's the problem,Default Fallback Intent
can you don't tell me that's the problem,Default Fallback Intent
please remember i came in here and,Default Fallback Intent
can you remember i came in here and,Default Fallback Intent
please i seen some of the models out there and they lose,Default Fallback Intent
can you i seen some of the models out there and they lose,Default Fallback Intent
please this massive program to influence the united states politically,Default Fallback Intent
can you this massive program to influence the united states politically,Default Fallback Intent
please as far as far as cleaning up over there i went pretty,Default Fallback Intent
can you as far as far as cleaning up over there i went pretty,Default Fallback Intent
please i'm here. it's in 7 days. they're going to be paired recap again. bye.,Default Fallback Intent
can you i'm here. it's in 7 days. they're going to be paired recap again. bye.,Default Fallback Intent
please show me bowls of food for you,Default Fallback Intent
can you show me bowls of food for you,Default Fallback Intent
can you dailly,Default Fallback Intent
please please call the karate program,Default Fallback Intent
can you please call the karate program,Default Fallback Intent
please turn on light.,Default Fallback Intent
can you turn on light.,Default Fallback Intent
please s&s side working,Default Fallback Intent
can you s&s side working,Default Fallback Intent
please but their counterparts of the white pieces of fabric,Default Fallback Intent
can you but their counterparts of the white pieces of fabric,Default Fallback Intent
please salat someone is aspect,Default Fallback Intent
can you salat someone is aspect,Default Fallback Intent
please tap and then you see like restaurant where you as a question sure you can set it to different mode so you can hear better,Default Fallback Intent
can you tap and then you see like restaurant where you as a question sure you can set it to different mode so you can hear better,Default Fallback Intent
please suicide about different substitute,Default Fallback Intent
can you suicide about different substitute,Default Fallback Intent
please shelley my phone,Default Fallback Intent
can you shelley my phone,Default Fallback Intent
please just like siri,Default Fallback Intent
can you just like siri,Default Fallback Intent
please i bet you those talking 7-eleven,Default Fallback Intent
can you i bet you those talking 7-eleven,Default Fallback Intent
please kid pushes the top button real quick and let it go the volume goes up,Default Fallback Intent
can you kid pushes the top button real quick and let it go the volume goes up,Default Fallback Intent
please elsa texas off huh,Default Fallback Intent
can you elsa texas off huh,Default Fallback Intent
please let me know you're up,Default Fallback Intent
can you let me know you're up,Default Fallback Intent
please where's the speed bus,Default Fallback Intent
please sentences with more,Default Fallback Intent
can you sentences with more,Default Fallback Intent
please pretty sure that's mine but i can't put it on now,Default Fallback Intent
can you pretty sure that's mine but i can't put it on now,Default Fallback Intent
please just finding duncan's,Default Fallback Intent
can you just finding duncan's,Default Fallback Intent
please lay down here,Default Fallback Intent
can you lay down here,Default Fallback Intent
please you need some help,Default Fallback Intent
can you you need some help,Default Fallback Intent
please i wish i could wake up,Default Fallback Intent
can you i wish i could wake up,Default Fallback Intent
please that's the one who's having problems with,Default Fallback Intent
can you that's the one who's having problems with,Default Fallback Intent
please these keeps doing this,Default Fallback Intent
can you these keeps doing this,Default Fallback Intent
please somebody from motel in boise,Default Fallback Intent
can you somebody from motel in boise,Default Fallback Intent
please in a way this cause i just kind of taking away the,Default Fallback Intent
can you in a way this cause i just kind of taking away the,Default Fallback Intent
please it was discouraging and then i found balance of nature it's just being a no-brainer ever since i feel good,Default Fallback Intent
can you it was discouraging and then i found balance of nature it's just being a no-brainer ever since i feel good,Default Fallback Intent
can you pandora,Default Fallback Intent
please he did just change it,Default Fallback Intent
can you he did just change it,Default Fallback Intent
please it's busy being born,Default Fallback Intent
can you it's busy being born,Default Fallback Intent
please but i want to see,Default Fallback Intent
can you but i want to see,Default Fallback Intent
please alexa turn off porch light,Default Fallback Intent
can you alexa turn off porch light,Default Fallback Intent
please hi receipt with your new balance on the bottom and that's it.,Default Fallback Intent
can you hi receipt with your new balance on the bottom and that's it.,Default Fallback Intent
please return to initial settings,Default Fallback Intent
can you return to initial settings,Default Fallback Intent
please no tv remote in fry's app,Default Fallback Intent
can you no tv remote in fry's app,Default Fallback Intent
please smile so we're going to go to that,Default Fallback Intent
can you smile so we're going to go to that,Default Fallback Intent
please spell the word machine,Default Fallback Intent
can you spell the word machine,Default Fallback Intent
please savory someone sucking reasons,Default Fallback Intent
can you savory someone sucking reasons,Default Fallback Intent
please the stage sign,Default Fallback Intent
can you the stage sign,Default Fallback Intent
can you yearly,Default Fallback Intent
please hearing aids every time the stupid phone goes,Default Fallback Intent
can you hearing aids every time the stupid phone goes,Default Fallback Intent
please now its making noises,Default Fallback Intent
can you now its making noises,Default Fallback Intent
please take a break and come back,Default Fallback Intent
can you take a break and come back,Default Fallback Intent
please sausages after using my location,Default Fallback Intent
can you sausages after using my location,Default Fallback Intent
please cooking pork ribs on the bbq,Default Fallback Intent
can you cooking pork ribs on the bbq,Default Fallback Intent
please and if the size is a little side street they sent angels church,Default Fallback Intent
can you and if the size is a little side street they sent angels church,Default Fallback Intent
please i got a chica phone if you can find her something right,Default Fallback Intent
can you i got a chica phone if you can find her something right,Default Fallback Intent
please i'm walking and they didn't working,Default Fallback Intent
can you i'm walking and they didn't working,Default Fallback Intent
please he's on stomach,Default Fallback Intent
can you he's on stomach,Default Fallback Intent
please it's going to be our little ring bearer dude,Default Fallback Intent
can you it's going to be our little ring bearer dude,Default Fallback Intent
can you new amsterdam,Default Fallback Intent
please fire on friday,Default Fallback Intent
can you fire on friday,Default Fallback Intent
can you at home,Default Fallback Intent
please more like this is,Default Fallback Intent
can you more like this is,Default Fallback Intent
please it's on you,Default Fallback Intent
can you it's on you,Default Fallback Intent
please just keep me that you searching,Default Fallback Intent
can you just keep me that you searching,Default Fallback Intent
please phone a friend,Default Fallback Intent
can you phone a friend,Default Fallback Intent
please out of your phone okay,Default Fallback Intent
can you out of your phone okay,Default Fallback Intent
please remember when they are unloading the truck you get exasperated,Default Fallback Intent
can you remember when they are unloading the truck you get exasperated,Default Fallback Intent
please turn it to hit the button minute furniture in there like siri,Default Fallback Intent
can you turn it to hit the button minute furniture in there like siri,Default Fallback Intent
please play frank sinatra,Default Fallback Intent
can you play frank sinatra,Default Fallback Intent
please it would appear sound like,Default Fallback Intent
can you it would appear sound like,Default Fallback Intent
please it's bothering you about the fit,Default Fallback Intent
can you it's bothering you about the fit,Default Fallback Intent
please turn the engine off of,Default Fallback Intent
can you turn the engine off of,Default Fallback Intent
please talking about my daughter,Default Fallback Intent
can you talking about my daughter,Default Fallback Intent
can you tuesday,Default Fallback Intent
please live in your ear if there's a wire,Default Fallback Intent
can you live in your ear if there's a wire,Default Fallback Intent
please it was pitch-black out in the store,Default Fallback Intent
can you it was pitch-black out in the store,Default Fallback Intent
please there's really no,Default Fallback Intent
can you there's really no,Default Fallback Intent
please or put on 6-month cleaning,Default Fallback Intent
can you or put on 6-month cleaning,Default Fallback Intent
please turn off source plugs,Default Fallback Intent
can you turn off source plugs,Default Fallback Intent
please find my song,Default Fallback Intent
can you find my song,Default Fallback Intent
please alter metal plates myrtle beach storm,Default Fallback Intent
can you alter metal plates myrtle beach storm,Default Fallback Intent
please connecting sony nikon,Default Fallback Intent
can you connecting sony nikon,Default Fallback Intent
please wendy's double tapped it and has not worked,Default Fallback Intent
can you wendy's double tapped it and has not worked,Default Fallback Intent
please lift device not registering,Default Fallback Intent
can you lift device not registering,Default Fallback Intent
can you lyrics,Default Fallback Intent
please and that's a sign of war,Default Fallback Intent
can you and that's a sign of war,Default Fallback Intent
please distance from new jersey,Default Fallback Intent
can you distance from new jersey,Default Fallback Intent
please sorry about this okay i got it,Default Fallback Intent
can you sorry about this okay i got it,Default Fallback Intent
please score of the twins game,Default Fallback Intent
can you score of the twins game,Default Fallback Intent
please thanks for my child when i was a little girl with a grandfather who taught me the heart of my face,Default Fallback Intent
can you thanks for my child when i was a little girl with a grandfather who taught me the heart of my face,Default Fallback Intent
please 328 cedar falls,Default Fallback Intent
can you 328 cedar falls,Default Fallback Intent
please just didn't you didn't hit the ground but will check it,Default Fallback Intent
can you just didn't you didn't hit the ground but will check it,Default Fallback Intent
"please hey spec, hello good stats heart. i didn't get that coverage. but the cardboard that was hanging in the fall.",Default Fallback Intent
"can you hey spec, hello good stats heart. i didn't get that coverage. but the cardboard that was hanging in the fall.",Default Fallback Intent
can you walking down,Default Fallback Intent
please i forgot all about looks thank you for reminding me,Default Fallback Intent
can you i forgot all about looks thank you for reminding me,Default Fallback Intent
please i've got a pc gaming receiver,Default Fallback Intent
can you i've got a pc gaming receiver,Default Fallback Intent
please want to move up yeah i will,Default Fallback Intent
can you want to move up yeah i will,Default Fallback Intent
please take us to see forget it we are in the car and the drone noise will cost if i have them in the road noises being amplified as well,Default Fallback Intent
can you take us to see forget it we are in the car and the drone noise will cost if i have them in the road noises being amplified as well,Default Fallback Intent
please west winds blowing it up,Default Fallback Intent
can you west winds blowing it up,Default Fallback Intent
can you new edema,Default Fallback Intent
please stop listening please ask you a question,Default Fallback Intent
can you stop listening please ask you a question,Default Fallback Intent
please sometimes it's okay to take a day off,Default Fallback Intent
can you sometimes it's okay to take a day off,Default Fallback Intent
please i don't know what i what you doing this missing a different,Default Fallback Intent
can you i don't know what i what you doing this missing a different,Default Fallback Intent
please provincial hearing this is waiting to see how can i help you,Default Fallback Intent
can you provincial hearing this is waiting to see how can i help you,Default Fallback Intent
please only if it's not a problem for cdl,Default Fallback Intent
can you only if it's not a problem for cdl,Default Fallback Intent
please hey google turn on the master lamps,Default Fallback Intent
can you hey google turn on the master lamps,Default Fallback Intent
please can't find bose,Default Fallback Intent
can you location suddenly,Default Fallback Intent
please set to tight,Default Fallback Intent
can you set to tight,Default Fallback Intent
can you search genesis,Default Fallback Intent
please on north koreans office will the fuckers off here.,Default Fallback Intent
can you on north koreans office will the fuckers off here.,Default Fallback Intent
please turn off alarm,Default Fallback Intent
can you turn off alarm,Default Fallback Intent
can you fuck off,Default Fallback Intent
please good not seen a lot of fluid on that side,Default Fallback Intent
can you good not seen a lot of fluid on that side,Default Fallback Intent
can you sewing machine,Default Fallback Intent
please not screaming loud enough,Default Fallback Intent
can you not screaming loud enough,Default Fallback Intent
please belittle friend sharon dell one personal check your music from the others definition only find,Default Fallback Intent
can you belittle friend sharon dell one personal check your music from the others definition only find,Default Fallback Intent
please direction of the sound,Default Fallback Intent
can you direction of the sound,Default Fallback Intent
please i was down 17 grand earlier today,Default Fallback Intent
can you i was down 17 grand earlier today,Default Fallback Intent
please someone was supposed to call me and i never do,Default Fallback Intent
can you someone was supposed to call me and i never do,Default Fallback Intent
please close at notre dame score yesterday,Default Fallback Intent
can you close at notre dame score yesterday,Default Fallback Intent
please wow that's intense intense number,Default Fallback Intent
can you wow that's intense intense number,Default Fallback Intent
please salsa on my left,Default Fallback Intent
can you salsa on my left,Default Fallback Intent
can you onkyo receiver,Default Fallback Intent
can you address change,Default Fallback Intent
please i wonder if i put it in here somewhere,Default Fallback Intent
can you i wonder if i put it in here somewhere,Default Fallback Intent
can you whats up,Default Fallback Intent
please molesting hearing aids to cousin,Default Fallback Intent
can you molesting hearing aids to cousin,Default Fallback Intent
please you know where they have the check we have to have to shift to put in there. that's fine.,Default Fallback Intent
can you you know where they have the check we have to have to shift to put in there. that's fine.,Default Fallback Intent
please going to call them in and see whether they want me to send this enormous,Default Fallback Intent
can you going to call them in and see whether they want me to send this enormous,Default Fallback Intent
please i can't even hardly hear that,Default Fallback Intent
can you i can't even hardly hear that,Default Fallback Intent
can you spell restaurant,Default Fallback Intent
please just curls up in your ears yet,Default Fallback Intent
can you just curls up in your ears yet,Default Fallback Intent
please first do you need to do,Default Fallback Intent
can you first do you need to do,Default Fallback Intent
can you hold on,Default Fallback Intent
please the shadowy men on a shadowy planet,Default Fallback Intent
can you the shadowy men on a shadowy planet,Default Fallback Intent
please perfect how are things with you,Default Fallback Intent
can you perfect how are things with you,Default Fallback Intent
please particular product you wanted to check specifically,Default Fallback Intent
can you particular product you wanted to check specifically,Default Fallback Intent
please play i'm carrying it,Default Fallback Intent
can you play i'm carrying it,Default Fallback Intent
please alex good manasseh. okay. i'll see you back at the desk up here.,Default Fallback Intent
can you alex good manasseh. okay. i'll see you back at the desk up here.,Default Fallback Intent
please all pre-program settings change when once changed,Default Fallback Intent
can you all pre-program settings change when once changed,Default Fallback Intent
please media find us wherever you get your podcast,Default Fallback Intent
can you media find us wherever you get your podcast,Default Fallback Intent
please restaurant near me,Default Fallback Intent
can you restaurant near me,Default Fallback Intent
please it is a weekend. tell everybody how the pretty mutual customize your car insurance.,Default Fallback Intent
can you it is a weekend. tell everybody how the pretty mutual customize your car insurance.,Default Fallback Intent
please telephone audio input,Default Fallback Intent
can you telephone audio input,Default Fallback Intent
please show me the jury,Default Fallback Intent
can you show me the jury,Default Fallback Intent
can you completely,Default Fallback Intent
please help me find a paper,Default Fallback Intent
can you help me find a paper,Default Fallback Intent
please on a good day,Default Fallback Intent
can you on a good day,Default Fallback Intent
please my right hearing aid is at 0%,Default Fallback Intent
can you my right hearing aid is at 0%,Default Fallback Intent
please you can always add,Default Fallback Intent
can you you can always add,Default Fallback Intent
can you sunday,Default Fallback Intent
please so that your hearing,Default Fallback Intent
can you so that your hearing,Default Fallback Intent
please so this is your hearing aids,Default Fallback Intent
can you so this is your hearing aids,Default Fallback Intent
please that keeps popping up please listen listen listen,Default Fallback Intent
can you that keeps popping up please listen listen listen,Default Fallback Intent
can you dawsonville quick,Default Fallback Intent
please turn body off,Default Fallback Intent
can you turn body off,Default Fallback Intent
can you sound bar,Default Fallback Intent
"please i'm just like oh, so that's the point that down.",Default Fallback Intent
"can you i'm just like oh, so that's the point that down.",Default Fallback Intent
can you monthly,Default Fallback Intent
please federal assistance up to my energy,Default Fallback Intent
can you federal assistance up to my energy,Default Fallback Intent
please my ears sweat,Default Fallback Intent
can you my ears sweat,Default Fallback Intent
please i can't hear the,Default Fallback Intent
can you i can't hear the,Default Fallback Intent
please but they live here i remember when jerry told me,Default Fallback Intent
can you but they live here i remember when jerry told me,Default Fallback Intent
please turn off tv,Default Fallback Intent
can you turn off tv,Default Fallback Intent
please your needs cut off.,Default Fallback Intent
can you your needs cut off.,Default Fallback Intent
please yeah just take a little off yeah,Default Fallback Intent
can you yeah just take a little off yeah,Default Fallback Intent
can you braves score,Default Fallback Intent
can you who has the best chinese food in sioux falls,Default Fallback Intent
please i'm interested in my location,Default Fallback Intent
can you i'm interested in my location,Default Fallback Intent
please debony logging up,Default Fallback Intent
can you debony logging up,Default Fallback Intent
can you thunder message,Default Fallback Intent
please to take lipitor,Default Fallback Intent
can you to take lipitor,Default Fallback Intent
can you text levitar,Default Fallback Intent
please by the time khan academy silence,Default Fallback Intent
can you by the time khan academy silence,Default Fallback Intent
please add one more to that what does that equal,Default Fallback Intent
can you add one more to that what does that equal,Default Fallback Intent
please go back to a high,Default Fallback Intent
can you go back to a high,Default Fallback Intent
please tell me about english language,Default Fallback Intent
can you tell me about english language,Default Fallback Intent
please tell me about amharic language,Default Fallback Intent
can you tell me about amharic language,Default Fallback Intent
please go to hell,Default Fallback Intent
can you go to hell,Default Fallback Intent
please raichu computer programming suite on binary search,Default Fallback Intent
can you raichu computer programming suite on binary search,Default Fallback Intent
please right swift code of binary search,Default Fallback Intent
can you right swift code of binary search,Default Fallback Intent
can you right,Default Fallback Intent
please write a program in switch,Default Fallback Intent
can you write a program in switch,Default Fallback Intent
please hi there i don't,Default Fallback Intent
can you hi there i don't,Default Fallback Intent
please locate the nearest golf course,Default Fallback Intent
can you locate the nearest golf course,Default Fallback Intent
please locate my wife,Default Fallback Intent
can you locate my wife,Default Fallback Intent
please locate a restaurant,Default Fallback Intent
can you locate a restaurant,Default Fallback Intent
please locate a bowling alley nearby,Default Fallback Intent
can you locate a bowling alley nearby,Default Fallback Intent
please where's the current,Default Fallback Intent
please ek divas jam to send the money,Default Fallback Intent
can you ek divas jam to send the money,Default Fallback Intent
can you calories biking,Cmd.ActivityCycle
please am i close to my cycling goal?,Cmd.ActivityCycle
can you am i close to my cycling goal?,Cmd.ActivityCycle
please change memory to test one,Cmd.MemoryChange
can you change memory to test one,Cmd.MemoryChange
please change hearing aids to car,Cmd.MemoryChange
can you change hearing aids to car,Cmd.MemoryChange
please put hearing aids in auditorium setting,Cmd.MemoryChange
can you put hearing aids in auditorium setting,Cmd.MemoryChange
please go to personal,Cmd.MemoryChange
can you go to personal,Cmd.MemoryChange
please go to restaurant,Cmd.MemoryChange
can you go to restaurant,Cmd.MemoryChange
can you mask memory,Cmd.MemoryChange
can you mask mode,Cmd.MemoryChange
please switch to mask,Cmd.MemoryChange
can you switch to mask,Cmd.MemoryChange
can you mask setting,Cmd.MemoryChange
can you mask program,Cmd.MemoryChange
please set program to mask,Cmd.MemoryChange
can you set program to mask,Cmd.MemoryChange
please set memory to mask,Cmd.MemoryChange
can you set memory to mask,Cmd.MemoryChange
please switch program to mask,Cmd.MemoryChange
can you switch program to mask,Cmd.MemoryChange
please change program to mask,Cmd.MemoryChange
can you change program to mask,Cmd.MemoryChange
please set to mask program,Cmd.MemoryChange
can you set to mask program,Cmd.MemoryChange
please switch to mask program,Cmd.MemoryChange
can you switch to mask program,Cmd.MemoryChange
please change to restaurant memory,Cmd.MemoryChange
can you change to restaurant memory,Cmd.MemoryChange
please change to outdoors memory,Cmd.MemoryChange
can you change to outdoors memory,Cmd.MemoryChange
please change to meeting memory,Cmd.MemoryChange
can you change to meeting memory,Cmd.MemoryChange
please change to crowd memory,Cmd.MemoryChange
can you change to crowd memory,Cmd.MemoryChange
please change to auditorium memory,Cmd.MemoryChange
can you change to auditorium memory,Cmd.MemoryChange
please change to music memory,Cmd.MemoryChange
can you change to music memory,Cmd.MemoryChange
please change to telephone memory,Cmd.MemoryChange
can you change to telephone memory,Cmd.MemoryChange
please change to automatic memory,Cmd.MemoryChange
can you change to automatic memory,Cmd.MemoryChange
please change to everyday memory,Cmd.MemoryChange
can you change to everyday memory,Cmd.MemoryChange
please change to golf memory,Cmd.MemoryChange
can you change to golf memory,Cmd.MemoryChange
please change to kitchen memory,Cmd.MemoryChange
can you change to kitchen memory,Cmd.MemoryChange
please change to quiet memory,Cmd.MemoryChange
can you change to quiet memory,Cmd.MemoryChange
please change to school memory,Cmd.MemoryChange
can you change to school memory,Cmd.MemoryChange
please change to theater memory,Cmd.MemoryChange
can you change to theater memory,Cmd.MemoryChange
please change to tinnitus memory,Cmd.MemoryChange
can you change to tinnitus memory,Cmd.MemoryChange
please change to worship memory,Cmd.MemoryChange
can you change to worship memory,Cmd.MemoryChange
please change to personal program,Cmd.MemoryChange
can you change to personal program,Cmd.MemoryChange
please change to restaurant program,Cmd.MemoryChange
can you change to restaurant program,Cmd.MemoryChange
please change to outdoors program,Cmd.MemoryChange
can you change to outdoors program,Cmd.MemoryChange
please change to meeting program,Cmd.MemoryChange
can you change to meeting program,Cmd.MemoryChange
please change to auditorium program,Cmd.MemoryChange
can you change to auditorium program,Cmd.MemoryChange
please change to television program,Cmd.MemoryChange
can you change to television program,Cmd.MemoryChange
please change to mute program,Cmd.MemoryChange
can you change to mute program,Cmd.MemoryChange
please change to telephone program,Cmd.MemoryChange
can you change to telephone program,Cmd.MemoryChange
please change to automatic program,Cmd.MemoryChange
can you change to automatic program,Cmd.MemoryChange
please change to golf program,Cmd.MemoryChange
can you change to golf program,Cmd.MemoryChange
please change to gym program,Cmd.MemoryChange
can you change to gym program,Cmd.MemoryChange
please change to home program,Cmd.MemoryChange
can you change to home program,Cmd.MemoryChange
please change to master program,Cmd.MemoryChange
can you change to master program,Cmd.MemoryChange
please change to noise program,Cmd.MemoryChange
can you change to noise program,Cmd.MemoryChange
please change to office program,Cmd.MemoryChange
can you change to office program,Cmd.MemoryChange
please change to pub program,Cmd.MemoryChange
can you change to pub program,Cmd.MemoryChange
please change to school program,Cmd.MemoryChange
can you change to school program,Cmd.MemoryChange
please change to speech program,Cmd.MemoryChange
can you change to speech program,Cmd.MemoryChange
please change to theater program,Cmd.MemoryChange
can you change to theater program,Cmd.MemoryChange
please change to train program,Cmd.MemoryChange
can you change to train program,Cmd.MemoryChange
please change to work program,Cmd.MemoryChange
can you change to work program,Cmd.MemoryChange
please change to worship program,Cmd.MemoryChange
can you change to worship program,Cmd.MemoryChange
please switch to personal memory,Cmd.MemoryChange
can you switch to personal memory,Cmd.MemoryChange
please switch to restaurant memory,Cmd.MemoryChange
can you switch to restaurant memory,Cmd.MemoryChange
please switch to outdoors memory,Cmd.MemoryChange
can you switch to outdoors memory,Cmd.MemoryChange
please switch to crowd memory,Cmd.MemoryChange
can you switch to crowd memory,Cmd.MemoryChange
please switch to car memory,Cmd.MemoryChange
can you switch to car memory,Cmd.MemoryChange
please switch to auditorium memory,Cmd.MemoryChange
can you switch to auditorium memory,Cmd.MemoryChange
please switch to television memory,Cmd.MemoryChange
can you switch to television memory,Cmd.MemoryChange
please switch to mute memory,Cmd.MemoryChange
can you switch to mute memory,Cmd.MemoryChange
please switch to automatic memory,Cmd.MemoryChange
can you switch to automatic memory,Cmd.MemoryChange
please switch to everyday memory,Cmd.MemoryChange
can you switch to everyday memory,Cmd.MemoryChange
please switch to gym memory,Cmd.MemoryChange
can you switch to gym memory,Cmd.MemoryChange
please switch to home memory,Cmd.MemoryChange
can you switch to home memory,Cmd.MemoryChange
please switch to kitchen memory,Cmd.MemoryChange
can you switch to kitchen memory,Cmd.MemoryChange
please switch to noise memory,Cmd.MemoryChange
can you switch to noise memory,Cmd.MemoryChange
please switch to office memory,Cmd.MemoryChange
can you switch to office memory,Cmd.MemoryChange
please switch to pub memory,Cmd.MemoryChange
can you switch to pub memory,Cmd.MemoryChange
please switch to school memory,Cmd.MemoryChange
can you switch to school memory,Cmd.MemoryChange
please switch to theater memory,Cmd.MemoryChange
can you switch to theater memory,Cmd.MemoryChange
please switch to tinnitus memory,Cmd.MemoryChange
can you switch to tinnitus memory,Cmd.MemoryChange
please switch to train memory,Cmd.MemoryChange
can you switch to train memory,Cmd.MemoryChange
please switch to personal program,Cmd.MemoryChange
can you switch to personal program,Cmd.MemoryChange
please switch to crowd program,Cmd.MemoryChange
can you switch to crowd program,Cmd.MemoryChange
please switch to car program,Cmd.MemoryChange
can you switch to car program,Cmd.MemoryChange
please switch to auditorium program,Cmd.MemoryChange
can you switch to auditorium program,Cmd.MemoryChange
please switch to music program,Cmd.MemoryChange
can you switch to music program,Cmd.MemoryChange
please switch to television program,Cmd.MemoryChange
can you switch to television program,Cmd.MemoryChange
please switch to mute program,Cmd.MemoryChange
can you switch to mute program,Cmd.MemoryChange
please switch to telephone program,Cmd.MemoryChange
can you switch to telephone program,Cmd.MemoryChange
please switch to golf program,Cmd.MemoryChange
can you switch to golf program,Cmd.MemoryChange
please switch to gym program,Cmd.MemoryChange
can you switch to gym program,Cmd.MemoryChange
please switch to home program,Cmd.MemoryChange
can you switch to home program,Cmd.MemoryChange
please switch to master program,Cmd.MemoryChange
can you switch to master program,Cmd.MemoryChange
please switch to noise program,Cmd.MemoryChange
can you switch to noise program,Cmd.MemoryChange
please switch to office program,Cmd.MemoryChange
can you switch to office program,Cmd.MemoryChange
please switch to pub program,Cmd.MemoryChange
can you switch to pub program,Cmd.MemoryChange
please switch to school program,Cmd.MemoryChange
can you switch to school program,Cmd.MemoryChange
please switch to speech program,Cmd.MemoryChange
can you switch to speech program,Cmd.MemoryChange
please switch to theater program,Cmd.MemoryChange
can you switch to theater program,Cmd.MemoryChange
please switch to train program,Cmd.MemoryChange
can you switch to train program,Cmd.MemoryChange
please set to personal memory,Cmd.MemoryChange
can you set to personal memory,Cmd.MemoryChange
please set to restaurant memory,Cmd.MemoryChange
can you set to restaurant memory,Cmd.MemoryChange
please set to outdoors memory,Cmd.MemoryChange
can you set to outdoors memory,Cmd.MemoryChange
please set to meeting memory,Cmd.MemoryChange
can you set to meeting memory,Cmd.MemoryChange
please set to crowd memory,Cmd.MemoryChange
can you set to crowd memory,Cmd.MemoryChange
please set to car memory,Cmd.MemoryChange
can you set to car memory,Cmd.MemoryChange
please set to auditorium memory,Cmd.MemoryChange
can you set to auditorium memory,Cmd.MemoryChange
please set to music memory,Cmd.MemoryChange
can you set to music memory,Cmd.MemoryChange
please set to television memory,Cmd.MemoryChange
can you set to television memory,Cmd.MemoryChange
please set to mute memory,Cmd.MemoryChange
can you set to mute memory,Cmd.MemoryChange
please set to automatic memory,Cmd.MemoryChange
can you set to automatic memory,Cmd.MemoryChange
please set to everyday memory,Cmd.MemoryChange
can you set to everyday memory,Cmd.MemoryChange
please set to golf memory,Cmd.MemoryChange
can you set to golf memory,Cmd.MemoryChange
please set to gym memory,Cmd.MemoryChange
can you set to gym memory,Cmd.MemoryChange
please set to home memory,Cmd.MemoryChange
can you set to home memory,Cmd.MemoryChange
please set to kitchen memory,Cmd.MemoryChange
can you set to kitchen memory,Cmd.MemoryChange
please set to master memory,Cmd.MemoryChange
can you set to master memory,Cmd.MemoryChange
please set to office memory,Cmd.MemoryChange
can you set to office memory,Cmd.MemoryChange
please set to quiet memory,Cmd.MemoryChange
can you set to quiet memory,Cmd.MemoryChange
please set to school memory,Cmd.MemoryChange
can you set to school memory,Cmd.MemoryChange
please set to speech memory,Cmd.MemoryChange
can you set to speech memory,Cmd.MemoryChange
please set to theater memory,Cmd.MemoryChange
can you set to theater memory,Cmd.MemoryChange
please set to tinnitus memory,Cmd.MemoryChange
can you set to tinnitus memory,Cmd.MemoryChange
please set to train memory,Cmd.MemoryChange
can you set to train memory,Cmd.MemoryChange
please set to work memory,Cmd.MemoryChange
can you set to work memory,Cmd.MemoryChange
please set to worship memory,Cmd.MemoryChange
can you set to worship memory,Cmd.MemoryChange
please set to personal program,Cmd.MemoryChange
can you set to personal program,Cmd.MemoryChange
please set to crowd program,Cmd.MemoryChange
can you set to crowd program,Cmd.MemoryChange
please set to car program,Cmd.MemoryChange
can you set to car program,Cmd.MemoryChange
please set to auditorium program,Cmd.MemoryChange
can you set to auditorium program,Cmd.MemoryChange
please set to music program,Cmd.MemoryChange
can you set to music program,Cmd.MemoryChange
please set to television program,Cmd.MemoryChange
can you set to television program,Cmd.MemoryChange
please set to mute program,Cmd.MemoryChange
can you set to mute program,Cmd.MemoryChange
please set to telephone program,Cmd.MemoryChange
can you set to telephone program,Cmd.MemoryChange
please set to golf program,Cmd.MemoryChange
can you set to golf program,Cmd.MemoryChange
please set to gym program,Cmd.MemoryChange
can you set to gym program,Cmd.MemoryChange
please set to home program,Cmd.MemoryChange
can you set to home program,Cmd.MemoryChange
please set to master program,Cmd.MemoryChange
can you set to master program,Cmd.MemoryChange
please set to noise program,Cmd.MemoryChange
can you set to noise program,Cmd.MemoryChange
please set to office program,Cmd.MemoryChange
can you set to office program,Cmd.MemoryChange
please set to quiet program,Cmd.MemoryChange
can you set to quiet program,Cmd.MemoryChange
please set to school program,Cmd.MemoryChange
can you set to school program,Cmd.MemoryChange
please set to theater program,Cmd.MemoryChange
can you set to theater program,Cmd.MemoryChange
please set to train program,Cmd.MemoryChange
can you set to train program,Cmd.MemoryChange
please change memory to restaurant,Cmd.MemoryChange
can you change memory to restaurant,Cmd.MemoryChange
please change memory to outdoors,Cmd.MemoryChange
can you change memory to outdoors,Cmd.MemoryChange
please change memory to meeting,Cmd.MemoryChange
can you change memory to meeting,Cmd.MemoryChange
please change memory to crowd,Cmd.MemoryChange
can you change memory to crowd,Cmd.MemoryChange
please change memory to auditorium,Cmd.MemoryChange
can you change memory to auditorium,Cmd.MemoryChange
please change memory to music,Cmd.MemoryChange
can you change memory to music,Cmd.MemoryChange
please change memory to telephone,Cmd.MemoryChange
can you change memory to telephone,Cmd.MemoryChange
please change memory to automatic,Cmd.MemoryChange
can you change memory to automatic,Cmd.MemoryChange
please change memory to everyday,Cmd.MemoryChange
can you change memory to everyday,Cmd.MemoryChange
please change memory to golf,Cmd.MemoryChange
can you change memory to golf,Cmd.MemoryChange
please change memory to kitchen,Cmd.MemoryChange
can you change memory to kitchen,Cmd.MemoryChange
please change memory to quiet,Cmd.MemoryChange
can you change memory to quiet,Cmd.MemoryChange
please change memory to school,Cmd.MemoryChange
can you change memory to school,Cmd.MemoryChange
please change memory to theater,Cmd.MemoryChange
can you change memory to theater,Cmd.MemoryChange
please change memory to tinnitus,Cmd.MemoryChange
can you change memory to tinnitus,Cmd.MemoryChange
please change memory to worship,Cmd.MemoryChange
can you change memory to worship,Cmd.MemoryChange
please change program to personal,Cmd.MemoryChange
can you change program to personal,Cmd.MemoryChange
please change program to restaurant,Cmd.MemoryChange
can you change program to restaurant,Cmd.MemoryChange
please change program to outdoors,Cmd.MemoryChange
can you change program to outdoors,Cmd.MemoryChange
please change program to meeting,Cmd.MemoryChange
can you change program to meeting,Cmd.MemoryChange
please change program to auditorium,Cmd.MemoryChange
can you change program to auditorium,Cmd.MemoryChange
please change program to television,Cmd.MemoryChange
can you change program to television,Cmd.MemoryChange
please change program to mute,Cmd.MemoryChange
can you change program to mute,Cmd.MemoryChange
please change program to telephone,Cmd.MemoryChange
can you change program to telephone,Cmd.MemoryChange
please change program to automatic,Cmd.MemoryChange
can you change program to automatic,Cmd.MemoryChange
please change program to golf,Cmd.MemoryChange
can you change program to golf,Cmd.MemoryChange
please change program to gym,Cmd.MemoryChange
can you change program to gym,Cmd.MemoryChange
please change program to home,Cmd.MemoryChange
can you change program to home,Cmd.MemoryChange
please change program to master,Cmd.MemoryChange
can you change program to master,Cmd.MemoryChange
please change program to noise,Cmd.MemoryChange
can you change program to noise,Cmd.MemoryChange
please change program to office,Cmd.MemoryChange
can you change program to office,Cmd.MemoryChange
please change program to pub,Cmd.MemoryChange
can you change program to pub,Cmd.MemoryChange
please change program to school,Cmd.MemoryChange
can you change program to school,Cmd.MemoryChange
please change program to speech,Cmd.MemoryChange
can you change program to speech,Cmd.MemoryChange
please change program to theater,Cmd.MemoryChange
can you change program to theater,Cmd.MemoryChange
please change program to train,Cmd.MemoryChange
can you change program to train,Cmd.MemoryChange
please change program to work,Cmd.MemoryChange
can you change program to work,Cmd.MemoryChange
please change program to worship,Cmd.MemoryChange
can you change program to worship,Cmd.MemoryChange
please switch memory to personal,Cmd.MemoryChange
can you switch memory to personal,Cmd.MemoryChange
please switch memory to restaurant,Cmd.MemoryChange
can you switch memory to restaurant,Cmd.MemoryChange
please switch memory to outdoors,Cmd.MemoryChange
can you switch memory to outdoors,Cmd.MemoryChange
please switch memory to crowd,Cmd.MemoryChange
can you switch memory to crowd,Cmd.MemoryChange
please switch memory to car,Cmd.MemoryChange
can you switch memory to car,Cmd.MemoryChange
please switch memory to auditorium,Cmd.MemoryChange
can you switch memory to auditorium,Cmd.MemoryChange
please switch memory to television,Cmd.MemoryChange
can you switch memory to television,Cmd.MemoryChange
please switch memory to mute,Cmd.MemoryChange
can you switch memory to mute,Cmd.MemoryChange
please switch memory to automatic,Cmd.MemoryChange
can you switch memory to automatic,Cmd.MemoryChange
please switch memory to everyday,Cmd.MemoryChange
can you switch memory to everyday,Cmd.MemoryChange
please switch memory to gym,Cmd.MemoryChange
can you switch memory to gym,Cmd.MemoryChange
please switch memory to home,Cmd.MemoryChange
can you switch memory to home,Cmd.MemoryChange
please switch memory to kitchen,Cmd.MemoryChange
can you switch memory to kitchen,Cmd.MemoryChange
please switch memory to noise,Cmd.MemoryChange
can you switch memory to noise,Cmd.MemoryChange
please switch memory to office,Cmd.MemoryChange
can you switch memory to office,Cmd.MemoryChange
please switch memory to pub,Cmd.MemoryChange
can you switch memory to pub,Cmd.MemoryChange
please switch memory to school,Cmd.MemoryChange
can you switch memory to school,Cmd.MemoryChange
please switch memory to theater,Cmd.MemoryChange
can you switch memory to theater,Cmd.MemoryChange
please switch memory to tinnitus,Cmd.MemoryChange
can you switch memory to tinnitus,Cmd.MemoryChange
please switch memory to train,Cmd.MemoryChange
can you switch memory to train,Cmd.MemoryChange
please switch program to personal,Cmd.MemoryChange
can you switch program to personal,Cmd.MemoryChange
please switch program to crowd,Cmd.MemoryChange
can you switch program to crowd,Cmd.MemoryChange
please switch program to car,Cmd.MemoryChange
can you switch program to car,Cmd.MemoryChange
please switch program to auditorium,Cmd.MemoryChange
can you switch program to auditorium,Cmd.MemoryChange
please switch program to music,Cmd.MemoryChange
can you switch program to music,Cmd.MemoryChange
please switch program to television,Cmd.MemoryChange
can you switch program to television,Cmd.MemoryChange
please switch program to mute,Cmd.MemoryChange
can you switch program to mute,Cmd.MemoryChange
please switch program to telephone,Cmd.MemoryChange
can you switch program to telephone,Cmd.MemoryChange
please switch program to golf,Cmd.MemoryChange
can you switch program to golf,Cmd.MemoryChange
please switch program to gym,Cmd.MemoryChange
can you switch program to gym,Cmd.MemoryChange
please switch program to home,Cmd.MemoryChange
can you switch program to home,Cmd.MemoryChange
please switch program to master,Cmd.MemoryChange
can you switch program to master,Cmd.MemoryChange
please switch program to noise,Cmd.MemoryChange
can you switch program to noise,Cmd.MemoryChange
please switch program to office,Cmd.MemoryChange
can you switch program to office,Cmd.MemoryChange
please switch program to pub,Cmd.MemoryChange
can you switch program to pub,Cmd.MemoryChange
please switch program to school,Cmd.MemoryChange
can you switch program to school,Cmd.MemoryChange
please switch program to speech,Cmd.MemoryChange
can you switch program to speech,Cmd.MemoryChange
please switch program to theater,Cmd.MemoryChange
can you switch program to theater,Cmd.MemoryChange
please switch program to train,Cmd.MemoryChange
can you switch program to train,Cmd.MemoryChange
please set memory to personal,Cmd.MemoryChange
can you set memory to personal,Cmd.MemoryChange
please set memory to restaurant,Cmd.MemoryChange
can you set memory to restaurant,Cmd.MemoryChange
please set memory to outdoors,Cmd.MemoryChange
can you set memory to outdoors,Cmd.MemoryChange
please set memory to meeting,Cmd.MemoryChange
can you set memory to meeting,Cmd.MemoryChange
please set memory to crowd,Cmd.MemoryChange
can you set memory to crowd,Cmd.MemoryChange
please set memory to car,Cmd.MemoryChange
can you set memory to car,Cmd.MemoryChange
please set memory to auditorium,Cmd.MemoryChange
can you set memory to auditorium,Cmd.MemoryChange
please set memory to music,Cmd.MemoryChange
can you set memory to music,Cmd.MemoryChange
please set memory to television,Cmd.MemoryChange
can you set memory to television,Cmd.MemoryChange
please set memory to mute,Cmd.MemoryChange
can you set memory to mute,Cmd.MemoryChange
please set memory to automatic,Cmd.MemoryChange
can you set memory to automatic,Cmd.MemoryChange
please set memory to everyday,Cmd.MemoryChange
can you set memory to everyday,Cmd.MemoryChange
please set memory to golf,Cmd.MemoryChange
can you set memory to golf,Cmd.MemoryChange
please set memory to gym,Cmd.MemoryChange
can you set memory to gym,Cmd.MemoryChange
please set memory to home,Cmd.MemoryChange
can you set memory to home,Cmd.MemoryChange
please set memory to kitchen,Cmd.MemoryChange
can you set memory to kitchen,Cmd.MemoryChange
please set memory to master,Cmd.MemoryChange
can you set memory to master,Cmd.MemoryChange
please set memory to office,Cmd.MemoryChange
can you set memory to office,Cmd.MemoryChange
please set memory to quiet,Cmd.MemoryChange
can you set memory to quiet,Cmd.MemoryChange
please set memory to school,Cmd.MemoryChange
can you set memory to school,Cmd.MemoryChange
please set memory to speech,Cmd.MemoryChange
can you set memory to speech,Cmd.MemoryChange
please set memory to theater,Cmd.MemoryChange
can you set memory to theater,Cmd.MemoryChange
please set memory to tinnitus,Cmd.MemoryChange
can you set memory to tinnitus,Cmd.MemoryChange
please set memory to train,Cmd.MemoryChange
can you set memory to train,Cmd.MemoryChange
please set memory to work,Cmd.MemoryChange
can you set memory to work,Cmd.MemoryChange
please set memory to worship,Cmd.MemoryChange
can you set memory to worship,Cmd.MemoryChange
please set program to personal,Cmd.MemoryChange
can you set program to personal,Cmd.MemoryChange
please set program to crowd,Cmd.MemoryChange
can you set program to crowd,Cmd.MemoryChange
please set program to car,Cmd.MemoryChange
can you set program to car,Cmd.MemoryChange
please set program to auditorium,Cmd.MemoryChange
can you set program to auditorium,Cmd.MemoryChange
please set program to music,Cmd.MemoryChange
can you set program to music,Cmd.MemoryChange
please set program to television,Cmd.MemoryChange
can you set program to television,Cmd.MemoryChange
please set program to mute,Cmd.MemoryChange
can you set program to mute,Cmd.MemoryChange
please set program to telephone,Cmd.MemoryChange
can you set program to telephone,Cmd.MemoryChange
please set program to golf,Cmd.MemoryChange
can you set program to golf,Cmd.MemoryChange
please set program to gym,Cmd.MemoryChange
can you set program to gym,Cmd.MemoryChange
please set program to home,Cmd.MemoryChange
can you set program to home,Cmd.MemoryChange
please set program to master,Cmd.MemoryChange
can you set program to master,Cmd.MemoryChange
please set program to noise,Cmd.MemoryChange
can you set program to noise,Cmd.MemoryChange
please set program to office,Cmd.MemoryChange
can you set program to office,Cmd.MemoryChange
please set program to quiet,Cmd.MemoryChange
can you set program to quiet,Cmd.MemoryChange
please set program to school,Cmd.MemoryChange
can you set program to school,Cmd.MemoryChange
please set program to theater,Cmd.MemoryChange
can you set program to theater,Cmd.MemoryChange
please set program to train,Cmd.MemoryChange
can you set program to train,Cmd.MemoryChange
can you personal memory,Cmd.MemoryChange
can you outdoors memory,Cmd.MemoryChange
can you crowd memory,Cmd.MemoryChange
can you car memory,Cmd.MemoryChange
can you auditorium memory,Cmd.MemoryChange
can you music memory,Cmd.MemoryChange
can you mute memory,Cmd.MemoryChange
can you everyday memory,Cmd.MemoryChange
can you golf memory,Cmd.MemoryChange
can you home memory,Cmd.MemoryChange
can you kitchen memory,Cmd.MemoryChange
can you master memory,Cmd.MemoryChange
can you office memory,Cmd.MemoryChange
can you quiet memory,Cmd.MemoryChange
can you school memory,Cmd.MemoryChange
can you speech memory,Cmd.MemoryChange
can you theater memory,Cmd.MemoryChange
can you train memory,Cmd.MemoryChange
can you work memory,Cmd.MemoryChange
can you worship memory,Cmd.MemoryChange
can you personal program,Cmd.MemoryChange
can you restaurant program,Cmd.MemoryChange
can you meeting program,Cmd.MemoryChange
can you car program,Cmd.MemoryChange
can you auditorium program,Cmd.MemoryChange
can you mute program,Cmd.MemoryChange
can you telephone program,Cmd.MemoryChange
can you everyday program,Cmd.MemoryChange
can you golf program,Cmd.MemoryChange
can you home program,Cmd.MemoryChange
can you kitchen program,Cmd.MemoryChange
can you master program,Cmd.MemoryChange
can you office program,Cmd.MemoryChange
can you pub program,Cmd.MemoryChange
can you school program,Cmd.MemoryChange
can you speech program,Cmd.MemoryChange
can you theater program,Cmd.MemoryChange
can you tinnitus program,Cmd.MemoryChange
can you work program,Cmd.MemoryChange
can you worship program,Cmd.MemoryChange
can you personal setting,Cmd.MemoryChange
can you restaurant setting,Cmd.MemoryChange
can you crowd setting,Cmd.MemoryChange
can you auditorium setting,Cmd.MemoryChange
can you music setting,Cmd.MemoryChange
can you mute setting,Cmd.MemoryChange
can you telephone setting,Cmd.MemoryChange
can you automatic setting,Cmd.MemoryChange
can you golf setting,Cmd.MemoryChange
can you gym setting,Cmd.MemoryChange
can you home setting,Cmd.MemoryChange
can you kitchen setting,Cmd.MemoryChange
can you master setting,Cmd.MemoryChange
can you noise setting,Cmd.MemoryChange
can you pub setting,Cmd.MemoryChange
can you school setting,Cmd.MemoryChange
can you speech setting,Cmd.MemoryChange
can you theater setting,Cmd.MemoryChange
can you tinnitus setting,Cmd.MemoryChange
can you work setting,Cmd.MemoryChange
can you worship setting,Cmd.MemoryChange
please change to personal,Cmd.MemoryChange
can you change to personal,Cmd.MemoryChange
please change to restaurant,Cmd.MemoryChange
can you change to restaurant,Cmd.MemoryChange
please change to outdoors,Cmd.MemoryChange
can you change to outdoors,Cmd.MemoryChange
please change to meeting,Cmd.MemoryChange
can you change to meeting,Cmd.MemoryChange
please change to car,Cmd.MemoryChange
can you change to car,Cmd.MemoryChange
please change to auditorium,Cmd.MemoryChange
can you change to auditorium,Cmd.MemoryChange
please change to music,Cmd.MemoryChange
can you change to music,Cmd.MemoryChange
please change to mute,Cmd.MemoryChange
can you change to mute,Cmd.MemoryChange
please change to telephone,Cmd.MemoryChange
can you change to telephone,Cmd.MemoryChange
please change to automatic,Cmd.MemoryChange
can you change to automatic,Cmd.MemoryChange
please change to everyday,Cmd.MemoryChange
can you change to everyday,Cmd.MemoryChange
please change to golf,Cmd.MemoryChange
can you change to golf,Cmd.MemoryChange
please change to kitchen,Cmd.MemoryChange
can you change to kitchen,Cmd.MemoryChange
please change to noise,Cmd.MemoryChange
can you change to noise,Cmd.MemoryChange
please change to office,Cmd.MemoryChange
can you change to office,Cmd.MemoryChange
please change to pub,Cmd.MemoryChange
can you change to pub,Cmd.MemoryChange
please change to quiet,Cmd.MemoryChange
can you change to quiet,Cmd.MemoryChange
please change to school,Cmd.MemoryChange
can you change to school,Cmd.MemoryChange
please change to theater,Cmd.MemoryChange
can you change to theater,Cmd.MemoryChange
please change to tinnitus,Cmd.MemoryChange
can you change to tinnitus,Cmd.MemoryChange
please change to train,Cmd.MemoryChange
can you change to train,Cmd.MemoryChange
please change to worship,Cmd.MemoryChange
can you change to worship,Cmd.MemoryChange
please switch to personal,Cmd.MemoryChange
can you switch to personal,Cmd.MemoryChange
please switch to restaurant,Cmd.MemoryChange
can you switch to restaurant,Cmd.MemoryChange
please switch to car,Cmd.MemoryChange
can you switch to car,Cmd.MemoryChange
please switch to auditorium,Cmd.MemoryChange
can you switch to auditorium,Cmd.MemoryChange
please switch to music,Cmd.MemoryChange
can you switch to music,Cmd.MemoryChange
please switch to mute,Cmd.MemoryChange
can you switch to mute,Cmd.MemoryChange
please switch to telephone,Cmd.MemoryChange
can you switch to telephone,Cmd.MemoryChange
please switch to automatic,Cmd.MemoryChange
can you switch to automatic,Cmd.MemoryChange
please switch to everyday,Cmd.MemoryChange
can you switch to everyday,Cmd.MemoryChange
please switch to golf,Cmd.MemoryChange
can you switch to golf,Cmd.MemoryChange
please switch to gym,Cmd.MemoryChange
can you switch to gym,Cmd.MemoryChange
please switch to kitchen,Cmd.MemoryChange
can you switch to kitchen,Cmd.MemoryChange
please switch to office,Cmd.MemoryChange
can you switch to office,Cmd.MemoryChange
please switch to pub,Cmd.MemoryChange
can you switch to pub,Cmd.MemoryChange
please switch to school,Cmd.MemoryChange
can you switch to school,Cmd.MemoryChange
please switch to speech,Cmd.MemoryChange
can you switch to speech,Cmd.MemoryChange
please switch to theater,Cmd.MemoryChange
can you switch to theater,Cmd.MemoryChange
please switch to tinnitus,Cmd.MemoryChange
can you switch to tinnitus,Cmd.MemoryChange
please switch to train,Cmd.MemoryChange
can you switch to train,Cmd.MemoryChange
please switch to worship,Cmd.MemoryChange
can you switch to worship,Cmd.MemoryChange
please switch to memory one,Cmd.MemoryChange
can you switch to memory one,Cmd.MemoryChange
please change to program one,Cmd.MemoryChange
can you change to program one,Cmd.MemoryChange
please switch program to four,Cmd.MemoryChange
can you switch program to four,Cmd.MemoryChange
please change memory to three,Cmd.MemoryChange
can you change memory to three,Cmd.MemoryChange
please change program to one,Cmd.MemoryChange
can you change program to one,Cmd.MemoryChange
please switch memory to one,Cmd.MemoryChange
can you switch memory to one,Cmd.MemoryChange
please switch program to one,Cmd.MemoryChange
can you switch program to one,Cmd.MemoryChange
please switch setting to one,Cmd.MemoryChange
can you switch setting to one,Cmd.MemoryChange
please set program to one,Cmd.MemoryChange
can you set program to one,Cmd.MemoryChange
please set setting to one,Cmd.MemoryChange
can you set setting to one,Cmd.MemoryChange
can you program one,Cmd.MemoryChange
can you setting one,Cmd.MemoryChange
please change program to two,Cmd.MemoryChange
can you change program to two,Cmd.MemoryChange
please change setting to two,Cmd.MemoryChange
can you change setting to two,Cmd.MemoryChange
please switch setting to two,Cmd.MemoryChange
can you switch setting to two,Cmd.MemoryChange
please set memory to two,Cmd.MemoryChange
can you set memory to two,Cmd.MemoryChange
please set setting to two,Cmd.MemoryChange
can you set setting to two,Cmd.MemoryChange
can you program two,Cmd.MemoryChange
can you memory two,Cmd.MemoryChange
can you setting two,Cmd.MemoryChange
please change program to three,Cmd.MemoryChange
can you change program to three,Cmd.MemoryChange
please switch memory to three,Cmd.MemoryChange
can you switch memory to three,Cmd.MemoryChange
please switch program to three,Cmd.MemoryChange
can you switch program to three,Cmd.MemoryChange
please set memory to three,Cmd.MemoryChange
can you set memory to three,Cmd.MemoryChange
please set program to three,Cmd.MemoryChange
can you set program to three,Cmd.MemoryChange
please set setting to three,Cmd.MemoryChange
can you set setting to three,Cmd.MemoryChange
can you memory three,Cmd.MemoryChange
can you setting three,Cmd.MemoryChange
please change memory to four,Cmd.MemoryChange
can you change memory to four,Cmd.MemoryChange
please change program to four,Cmd.MemoryChange
can you change program to four,Cmd.MemoryChange
please change setting to four,Cmd.MemoryChange
can you change setting to four,Cmd.MemoryChange
please switch memory to four,Cmd.MemoryChange
can you switch memory to four,Cmd.MemoryChange
can you program four,Cmd.MemoryChange
can you memory four,Cmd.MemoryChange
can you setting four,Cmd.MemoryChange
please switch to program number two,Cmd.MemoryChange
can you switch to program number two,Cmd.MemoryChange
please change to memory number two,Cmd.MemoryChange
can you change to memory number two,Cmd.MemoryChange
please change settings to number three,Cmd.MemoryChange
can you change settings to number three,Cmd.MemoryChange
please switch program to number four,Cmd.MemoryChange
can you switch program to number four,Cmd.MemoryChange
please change memory to number one,Cmd.MemoryChange
can you change memory to number one,Cmd.MemoryChange
please change setting to number one,Cmd.MemoryChange
can you change setting to number one,Cmd.MemoryChange
please switch program to number one,Cmd.MemoryChange
can you switch program to number one,Cmd.MemoryChange
please switch setting to number one,Cmd.MemoryChange
can you switch setting to number one,Cmd.MemoryChange
please set program to number one,Cmd.MemoryChange
can you set program to number one,Cmd.MemoryChange
please set setting to number one,Cmd.MemoryChange
can you set setting to number one,Cmd.MemoryChange
please program number one,Cmd.MemoryChange
can you program number one,Cmd.MemoryChange
please change memory to number two,Cmd.MemoryChange
can you change memory to number two,Cmd.MemoryChange
please change program to number two,Cmd.MemoryChange
can you change program to number two,Cmd.MemoryChange
please change setting to number two,Cmd.MemoryChange
can you change setting to number two,Cmd.MemoryChange
please switch memory to number two,Cmd.MemoryChange
can you switch memory to number two,Cmd.MemoryChange
please switch program to number two,Cmd.MemoryChange
can you switch program to number two,Cmd.MemoryChange
please switch setting to number two,Cmd.MemoryChange
can you switch setting to number two,Cmd.MemoryChange
please set memory to number two,Cmd.MemoryChange
can you set memory to number two,Cmd.MemoryChange
please set program to number two,Cmd.MemoryChange
can you set program to number two,Cmd.MemoryChange
please set setting to number two,Cmd.MemoryChange
can you set setting to number two,Cmd.MemoryChange
please setting number two,Cmd.MemoryChange
can you setting number two,Cmd.MemoryChange
please change program to number three,Cmd.MemoryChange
can you change program to number three,Cmd.MemoryChange
please change setting to number three,Cmd.MemoryChange
can you change setting to number three,Cmd.MemoryChange
please switch memory to number three,Cmd.MemoryChange
can you switch memory to number three,Cmd.MemoryChange
please switch program to number three,Cmd.MemoryChange
can you switch program to number three,Cmd.MemoryChange
please set memory to number three,Cmd.MemoryChange
can you set memory to number three,Cmd.MemoryChange
please set program to number three,Cmd.MemoryChange
can you set program to number three,Cmd.MemoryChange
please program number three,Cmd.MemoryChange
can you program number three,Cmd.MemoryChange
please change memory to number four,Cmd.MemoryChange
can you change memory to number four,Cmd.MemoryChange
please change program to number four,Cmd.MemoryChange
can you change program to number four,Cmd.MemoryChange
please change setting to number four,Cmd.MemoryChange
can you change setting to number four,Cmd.MemoryChange
please switch memory to number four,Cmd.MemoryChange
can you switch memory to number four,Cmd.MemoryChange
please switch setting to number four,Cmd.MemoryChange
can you switch setting to number four,Cmd.MemoryChange
please set memory to number four,Cmd.MemoryChange
can you set memory to number four,Cmd.MemoryChange
please set program to number four,Cmd.MemoryChange
can you set program to number four,Cmd.MemoryChange
please set setting to number four,Cmd.MemoryChange
can you set setting to number four,Cmd.MemoryChange
please program number four,Cmd.MemoryChange
can you program number four,Cmd.MemoryChange
please memory number four,Cmd.MemoryChange
can you memory number four,Cmd.MemoryChange
disconnect from remote,Cmd.StreamingStop
add a new reminder,reminders.add
how long do i have to stand,Cmd.ActivityStand
disconnect from tv,Cmd.StreamingStop
how do i wash my hearing aid?,Help_CleanCare
how do i use the app without hearing aids connected?,Help_DemoMode
how do i share my hearing aid usage with a caregiver?,Help_HearShare
help with body score,Help_ThriveScore
does translate save my conversations?,Help_Translate
add a reminder,reminders.add
using the app without aids,Help_DemoMode
how do i share my information with a caregiver?,Help_HearShare
are my hearing aids paired to the phone?,Help_Pairing
help with ipro score,Help_ThriveScore
complete the reminder,reminders.complete
turn streaming off,Cmd.StreamingStop
where’s the app settings?,Help_AppSettings
how do i access self check?,Help_SelfCheck
hearing aids translate help,Help_Translate
help with loudness changes,Help_Volume
how has engage changed?,Help_WhatsNew
add new reminder,reminders.add
battery left,Cmd.BatteryLevel
turn off streaming,Cmd.StreamingStop
can i compare the adjustments made by the audiologist?,Help_RemoteProgramming
how do i check my aids to make sure they’re working properly?,Help_SelfCheck
hearing aids translate user guide,Help_Translate
add reminder,reminders.add
tell me my battery level,Cmd.BatteryLevel
end stream,Cmd.StreamingStop
how do i test drive the app?,Help_DemoMode
help with the body score,Help_ThriveScore
how do i access transcribe?,Help_Transcribe
help me translate,Help_Translate
end streaming,Cmd.StreamingStop
how to share information with caregiver,Help_HearShare
help with the brain score,Help_ThriveScore
help me with translate,Help_Translate
add reminder for me,reminders.add
demo mode,Help_DemoMode
how do i change my phone contact,Help_FallAlert
how often should i use intellivoice?,Help_IntelliVoice
help with the engagement score,Help_ThriveScore
help translate,Help_Translate
show me an overview of kind,Help_WhatsNew
how do i adjust the cros balance on the receiver?,Help_WiCROS
how many minutes have i been working out,Cmd.ActivityExercise
stop listening to my tv,Cmd.StreamingStop
decrease volume in my hearing aids,Cmd.VolumeDecrease
demonstration mode,Help_DemoMode
how to adjust bass on edge mode,Help_EdgeMode
help me find my hearing aid,Help_FindMyHearingAids
how do i change my steps goals from monthly to daily?,Help_Health
how do i get to the main screen?,Help_Home
how to do intellivoice,Help_IntelliVoice
help with the ipro score,Help_ThriveScore
help for translate,Help_Translate
add to reminder,reminders.add
stop listening to the tv,Cmd.StreamingStop
alexa not connecting,Default Fallback Intent
how do i show the app without hearing aids?,Help_DemoMode
share information with my son,Help_HearShare
how do i go the home screen?,Help_Home
show me an overview of the engage app,Help_WhatsNew
can i add a reminder,reminders.add
let the stream begin,Cmd.StreamingStart
stop stream,Cmd.StreamingStop
how do i charge my hearing aid itc,Help_Battery
help with changing memories on my hearing aid,Help_ChangingMemories
using the app without hearing aids connected,Help_DemoMode
how do i adjust the sensitivity of double tap?,Help_DeviceSettings
how do i know if an alert is received?,Help_FallAlert
how to add another person on hearshare?,Help_HearShare
how is heart rate recovery measured?,Help_HeartRateRecovery
how do i go the main screen?,Help_Home
help with the thrive score,Help_ThriveScore
can i make a reminder,reminders.add
tell me what my step count is,Cmd.ActivityStep
stop streaming,Cmd.StreamingStop
how can i access the fall alert settings?,Help_AppSettings
help with changing memories on my hearing aids,Help_ChangingMemories
help me find my other hearing aid,Help_FindMyHearingAids
how do i add caregiver?,Help_HearShare
help with the wellness score,Help_ThriveScore
show me the transcribe help,Help_Transcribe
how do i talk to someone that’s speaking a different language?,Help_Translate
how do i use the voice assistant,Help_VoiceAssistant
show me an overview of this engage app,Help_WhatsNew
can i set a reminder,reminders.add
how long have i stood this week,Cmd.ActivityStand
how can i change the fall alert settings?,Help_AppSettings
how do i access demo mode?,Help_DemoMode
tell me about the heart rate function?,Help_HeartRate
is my heart rate recovery bad?,Help_HeartRateRecovery
help with thrive score,Help_ThriveScore
how do i translate,Help_Translate
how do i adjust the loudness on just the left aid?,Help_Volume
show me an overview of engage,Help_WhatsNew
can you add a reminder,reminders.add
battery status,Cmd.BatteryLevel
stop streaming tv,Cmd.StreamingStop
i want less volume,Cmd.VolumeDecrease
silence my hearing aids,Cmd.VolumeMute
how do i change the fall alert settings?,Help_AppSettings
using the app without hearing aids,Help_DemoMode
how to adjust hearing aids with edge mode?,Help_EdgeMode
how to invite my daughter to hearshare?,Help_HearShare
what is on the home screen?,Help_Home
help with wellness score,Help_ThriveScore
show me the help for transcribe,Help_Transcribe
how do i translate my words?,Help_Translate
can you do a reminder for me,reminders.add
how many calories did i use while exercising,Cmd.ActivityExercise
what is my step count for the week,Cmd.ActivityStep
status battery,Cmd.BatteryLevel
listen to the remote mic,Cmd.StreamingStart
turn on the volume in my left hearing aid,Cmd.VolumeUnmute
how can i acess the smart assistant settings?,Help_AppSettings
how do i show the app without aids connected?,Help_DemoMode
how to share hearing aid information with my son?,Help_HearShare
reminder help,Help_Reminder
how do i get a better activity score?,Help_ThriveScore
how do i use the translate feature?,Help_Translate
how do i adjust the loudness on just the right side?,Help_Volume
level battery,Cmd.BatteryLevel
listen to the remote microphone,Cmd.StreamingStart
turn mute on,Cmd.VolumeMute
how can i change the smart assistant settings?,Help_AppSettings
how do i use the app without aids?,Help_DemoMode
how do i reduce noise with edge mode?,Help_EdgeMode
how does fall alert work?,Help_FallAlert
how do i see how much i have biked today?,Help_Health
where do i find my heart rate?,Help_HeartRate
how to share hearing aid information with my daughter?,Help_HearShare
what is intellivoice for,Help_IntelliVoice
how do i get a better body score?,Help_ThriveScore
can you make me a reminder,reminders.add
stop tv stream,Cmd.StreamingStop
lower volume,Cmd.VolumeDecrease
make my hearing aids louder,Cmd.VolumeIncrease
how do i change the smart assistant settings?,Help_AppSettings
help with demo mode,Help_DemoMode
how do i find my right hearing aid?,Help_FindMyHearingAids
how do i get a better brain score?,Help_ThriveScore
how do i mute my transmitter?,Help_WiCROS
can you please remind me,reminders.add
stop tv streaming,Cmd.StreamingStop
make the hearing aids louder,Cmd.VolumeIncrease
how do i turn the wind noise down,Help_Customize
how do i use the app without aids connected?,Help_DemoMode
how do i know where my aid is?,Help_FindMyHearingAids
show me how to put my hearing aid on,Help_InsertDevice
fix face mask issues,Help_MaskMode
how do i get a better engagement score?,Help_ThriveScore
how does translate work?,Help_Translate
battery,Cmd.BatteryLevel
turn off stream,Cmd.StreamingStop
turn unmute on,Cmd.VolumeUnmute
how can i change the caregiver settings?,Help_AppSettings
how do i show the app without hearing aids connected?,Help_DemoMode
how do i assign a location to my memory?,Help_MemoryOptions
tell me about reminders,Help_Reminder
how many languages are in translate?,Help_Translate
turn stream off,Cmd.StreamingStop
make things louder,Cmd.VolumeIncrease
how do i change the caregiver settings?,Help_AppSettings
using the app without aids connected,Help_DemoMode
how to translate,Help_Translate
can you remind,reminders.add
locate telephone,Cmd.FindMyPhone
turn off the streaming,Cmd.StreamingStop
how do i switch from the advanced app to the basic app?,Help_AppSettings
can i demo my hearing aids,Help_DemoMode
is there a translation feature?,Help_Translate
how long have i danced,Cmd.ActivityExercise
more volume,Cmd.VolumeIncrease
can i demonstrate my hearing aids,Help_DemoMode
can my hearing aids use intelligent voice,Help_IntelliVoice
how do i get a better wellness score?,Help_ThriveScore
thrive voice assistant help,Help_VoiceAssistant
can you remind me of an appointment,reminders.add
what does self-check test?,Help_SelfCheck
how do i get better activity scores?,Help_ThriveScore
what can i ask the thrive assistant?,Help_VoiceAssistant
can you remind me to,reminders.add
turn off remote mic streaming,Cmd.StreamingStop
how can i see what my hearing aid can do,Help_DemoMode
how do i insert my left hearing aids into my ears?,Help_InsertDevice
how do i get better body scores?,Help_ThriveScore
how do i adjust the volume on my hearing aid?,Help_Volume
can you remind me to call,reminders.add
turn off tv streaming,Cmd.StreamingStop
how can i see what my hearing aids can do,Help_DemoMode
how do i get better brain scores?,Help_ThriveScore
show me the translate user guide,Help_Translate
can you set a reminder for me,reminders.add
did my wife accept my hearshare invitation?,Help_HearShare
how do i tag a location to my memory?,Help_MemoryOptions
how do i get better engagement scores?,Help_ThriveScore
show me the user guide for translate,Help_Translate
how do i adjust the volume on the hearing aid?,Help_Volume
turn down my left aid,Cmd.VolumeDecrease
unsilence,Cmd.VolumeUnmute
apple music sign in,Default Fallback Intent
can i use the app without hearing aids,Help_DemoMode
can i tag a location to my memory?,Help_MemoryOptions
where can i see what someone is saying?,Help_Transcribe
show me translate user guide,Help_Translate
can you set me a reminder,reminders.add
how do i customize my left hearing aid settings?,Help_Customize
can i use the app without a hearing aid,Help_DemoMode
how do i search for my left aid?,Help_FindMyHearingAids
where do i find the transcription function?,Help_Transcribe
thrive translate help,Help_Translate
what’s voice assistant?,Help_VoiceAssistant
can you set reminder,reminders.add
turn it up,Cmd.VolumeIncrease
how do i customize my right hearing aid settings?,Help_Customize
translate guide,Help_Translate
can you set reminders,reminders.add
start tv,Cmd.StreamingStart
turn my hearing aid volume up,Cmd.VolumeIncrease
how do i insert my right hearing aid?,Help_InsertDevice
how do i connect my aids to my phone?,Help_Pairing
how do i get better wellness scores?,Help_ThriveScore
where is tinnitus in the app?,Help_Tinnitus
translate help,Help_Translate
how do i change the loudness on just one aid?,Help_Volume
what's new?,Help_WhatsNew
can you set reminders for me,reminders.add
how do i access my hearing aid programs?,Help_ChangingMemories
how do i get more information on the activity score?,Help_ThriveScore
translate user guide,Help_Translate
microphone icon,Help_VoiceAssistant
how do i change the loudness on just one side?,Help_Volume
how can i customize my right hearing aids?,Help_Customize
can my professional adjust the hearing aid remotely?,Help_RemoteProgramming
how do i get more information on the body score?,Help_ThriveScore
where can i find tinnitus in the app?,Help_Tinnitus
what does translate do,Help_Translate
how do i change the loudness on just the right aid?,Help_Volume
what's different about kind?,Help_WhatsNew
where's the cros balance feature?,Help_WiCROS
can you set up a reminder for me,reminders.add
show me where my iphone is,Cmd.FindMyPhone
make sound off,Cmd.VolumeMute
how do i get more information on the brain score?,Help_ThriveScore
how do i change the loudness on my aid?,Help_Volume
could you remind me,reminders.add
turn down the volume in my left hearing aid,Cmd.VolumeDecrease
how do i get more information on the engagement score?,Help_ThriveScore
what is thrive translate,Help_Translate
create a reminder for me,reminders.add
telephone missing,Cmd.FindMyPhone
how do i change memories on my hearing aids?,Help_ChangingMemories
what does this intelligent voice do?,Help_IntelliVoice
create reminder,reminders.add
what languages can the translate feature use?,Help_Translate
there is a problem with my left hearing aid,Help_SelfCheck
get started,Help_WhatsNew
don't forget to remind me,reminders.add
turn up my left aid,Cmd.VolumeIncrease
how do i get more information on the wellness score?,Help_ThriveScore
where do i find the translation feature,Help_Translate
turn my hearing aid down,Cmd.VolumeDecrease
how do i change the automatic settings?,Help_DeviceSettings
my right hearing aid will not turn,Help_SelfCheck
how do i improve my activity score?,Help_ThriveScore
don't let me forget to take my medicine,reminders.add
where telephone,Cmd.FindMyPhone
the double tap feature is too sensitive. how do i adjust the sensitivity?,Help_DeviceSettings
how do i know if my hearing aids are connected to my thrive app?,Help_Pairing
why isn't my hearing aid on my right ear,Help_SelfCheck
where is the translation feature?,Help_Translate
turn my hearing aids down,Cmd.VolumeDecrease
hearing aid doesn't work,Help_SelfCheck
how do i improve my brain score?,Help_ThriveScore
how do i adjust my tinnitus masker on my hearing aids?,Help_Tinnitus
i need a reminder,reminders.add
how do i delete my accessory?,Help_Accessories
the double tap feature is too sensitive. can i adjust the sensitivity?,Help_DeviceSettings
how do i improve my engagement score?,Help_ThriveScore
where’s the translate feature?,Help_Translate
where's my android,Cmd.FindMyPhone
how do i improve my ipro score?,Help_ThriveScore
help with white noise adjustments on my hearing aid,Help_Tinnitus
where's the translation feature?,Help_Translate
how do i access dnn speech enhancement?,Help_IntelliVoice
can you fix my ear pieces,Help_SelfCheck
how do i improve my kind score?,Help_ThriveScore
turn up the volume in my left hearing aid,Cmd.VolumeIncrease
how do i improve my thrive score?,Help_ThriveScore
i need to add a reminder,reminders.add
how can i get the left hearing aid?,Help_SelfCheck
how do i decrease the loudness in my aid?,Help_Volume
i need to schedule a reminder,reminders.add
how do i increase my activity score?,Help_ThriveScore
how do i decrease the loudness in the hearing aid?,Help_Volume
i need to set up a reminder,reminders.add
how do i customize my hearing aid memories?,Help_MemoryOptions
what is wrong with my right hearing aid,Help_SelfCheck
how do i increase my body score?,Help_ThriveScore
i need you to remind me,reminders.add
how do i personalize my hearing aid memories?,Help_MemoryOptions
how do i accept the adjustments made by the audiologist?,Help_RemoteProgramming
i need you to remind me something,reminders.add
check cashing,Default Fallback Intent
how do i increase my engagement score?,Help_ThriveScore
what is wrong with my hearing aid near me?,Help_SelfCheck
how do i increase my ipro score?,Help_ThriveScore
i want a reminder,reminders.add
i can't remember where my right aid is,Help_FindMyHearingAids
i cannot hear out of my right hearing aid,Help_SelfCheck
how do i increase my kind score?,Help_ThriveScore
i want to add a reminder,reminders.add
when could i send a manual alert?,Help_FallAlert
i need help pairing my aid,Help_Pairing
how do i increase my thrive score?,Help_ThriveScore
when do i cancel a fall alert message?,Help_FallAlert
i lost my aids,Help_FindMyHearingAids
how do i increase my wellness score?,Help_ThriveScore
how do i increase the volume in just the left side?,Help_Volume
i want you to remind me something,reminders.add
i lost my aids. can you help me find them?,Help_FindMyHearingAids
can delete a memory,Help_MemoryOptions
how do you calculate the ipro score?,Help_ThriveScore
i would like a reminder,reminders.add
how do i change to a different memory on the aid?,Help_ChangingMemories
when do i cancel an alert message?,Help_FallAlert
how do you calculate the kind score?,Help_ThriveScore
i would like to add a reminder,reminders.add
i lost my hearing aids,Help_FindMyHearingAids
how do you calculate the thrive score?,Help_ThriveScore
i would like to set a reminder,reminders.add
when do i cancel an alert?,Help_FallAlert
how do you calculate the wellness score?,Help_ThriveScore
i would like to set up a reminder,reminders.add
how do i start streaming from my accessories?,Help_Accessories
i lost my left hearing aid,Help_FindMyHearingAids
make a new reminder,reminders.add
max sound,Cmd.VolumeIncrease
how do i make it quieter?,Help_Volume
make a reminder for me,reminders.add
how do i request new settings fine tuning?,Help_RemoteProgramming
how do i make my hearing aid softer,Help_Volume
make another reminder,reminders.add
default,Default Fallback Intent
when should i initiate a manual alert text?,Help_FallAlert
i need help with pairing the hearing aids,Help_Pairing
make me a reminder,reminders.add
what is voice ai for,Help_IntelliVoice
i need to connect my hearing aids to my phone,Help_Pairing
how does the thrive score work?,Help_ThriveScore
make reminder,reminders.add
how to change mic volume during stream?,Help_Accessories
how do i set up audio streaming?,Help_DeviceSettings
how does the wellness score work?,Help_ThriveScore
how do i change my mini remote mic?,Help_Accessories
how is the activity score calculated?,Help_ThriveScore
how do i make the hearing aids louder?,Help_Volume
new reminder,reminders.add
how do i change my table mic?,Help_Accessories
how do i change to another memory on my aid?,Help_ChangingMemories
how do i adjust my mini remote mic?,Help_Accessories
how is the brain score calculated?,Help_ThriveScore
how do i activate the default settings on the hearing aids,Default Fallback Intent
how do i adjust my table mic?,Help_Accessories
when would i send a manual alert text message?,Help_FallAlert
how is the engagement score calculated?,Help_ThriveScore
new reminder eat an apple every day at 9 a.m.,reminders.add
how do i change to another memory on my hearing aids?,Help_ChangingMemories
locate my hearing aids,Help_FindMyHearingAids
how is the ipro score calculated?,Help_ThriveScore
new reminder for every day,reminders.add
how do i change to another memory on the aid?,Help_ChangingMemories
how is the kind score calculated?,Help_ThriveScore
new reminder please,reminders.add
how do i submit another help request?,Help_RemoteProgramming
please add reminder,reminders.add
how is the wellness score calculated?,Help_ThriveScore
how do i change to another program on my aid?,Help_ChangingMemories
information on the activity score,Help_ThriveScore
please remind me to,reminders.add
is my aid connected to the app?,Help_Pairing
information on the body score,Help_ThriveScore
information on the brain score,Help_ThriveScore
please set reminder,reminders.add
is my aid connected?,Help_Pairing
information on the engagement score,Help_ThriveScore
how do i reset the volume on the hearing aids?,Help_Volume
how do i set up the automatic car memory,Default Fallback Intent
information on the kind score,Help_ThriveScore
information on the thrive score,Help_ThriveScore
how do i turn up the tv volume?,Help_Accessories
how do i change to another program on the hearing aids?,Help_ChangingMemories
how will i know when my audiologist adjusted the aids?,Help_RemoteProgramming
information on the wellness score,Help_ThriveScore
show help guide for ipro,Help_ThriveScore
how will i know when my hearing care specialist adjusted my aid?,Help_RemoteProgramming
show help guide for kind,Help_ThriveScore
is there a button for memory,Help_ChangingMemories
show help guide for wellness,Help_ThriveScore
remember to turn off my phone every day at 11 p.m.,reminders.add
what does activity score mean?,Help_ThriveScore
where do i stop a fall alert?,Help_FallAlert
where did i leave my other hearing aid?,Help_FindMyHearingAids
what does brain score mean?,Help_ThriveScore
what does engagement score mean?,Help_ThriveScore
where is the mask setting on my hearing aids,Default Fallback Intent
what does ipro score mean?,Help_ThriveScore
i want to turn on the right stream boost,Default Fallback Intent
pairing devices with the thrive app,Help_Pairing
what does kind score mean?,Help_ThriveScore
what does the activity score mean?,Help_ThriveScore
program cleaned iboost,Default Fallback Intent
how will i know when my professional adjusted my hearing aids?,Help_RemoteProgramming
remember to wash the car,reminders.add
reset the hearing aids,Default Fallback Intent
where would i cancel a fall alert text?,Help_FallAlert
what does the brain score mean?,Help_ThriveScore
how do i open the data log,Default Fallback Intent
pairing my aids on the phone,Help_Pairing
what does the engagement score mean?,Help_ThriveScore
how to use streamboost,Default Fallback Intent
how will i know when the audiologist adjusted my hearing aids?,Help_RemoteProgramming
pairing my aids with the thrive app,Help_Pairing
hearing aid device settings,Default Fallback Intent
why can't i get 200 points with the ipro score?,Help_ThriveScore
i need help with streaming.,Help_Accessories
why can't i get 200 points with the kind score?,Help_ThriveScore
help with tinnitus masker adjustments in my aid,Help_Tinnitus
why can't i get 200 points with the thrive score?,Help_ThriveScore
do i have charleston,Default Fallback Intent
why can't i get 200 points with the wellness score?,Help_ThriveScore
help with streaming,Help_Accessories
pair my left hearing aid,Help_Pairing
how will i know when the professional adjusted the hearing aid?,Help_RemoteProgramming
how do i turn up the loudness on my hearing aids?,Help_Volume
where is remote programming,Help_RemoteProgramming
why can't i submit another help request?,Help_RemoteProgramming
remind me every day,reminders.add
did my hearing aids volume set correctly?,Help_Volume
remind me every day to read a book at 6 p.m.,reminders.add
give me so much i don't know it's another problem,Default Fallback Intent
how to increase volume,Help_Volume
how to decrease volume,Help_Volume
remind me from monday till wednesday,reminders.add
what is bluetooth,Help_Pairing
bluetooth is not working,Help_Pairing
link to my hearing aid,Help_Pairing
how many minutes have i been walking,Cmd.ActivityWalk
how do i link two,Help_Pairing
remind me of my doctor's appointment,reminders.add
here on this,Default Fallback Intent
remind me of video every day at noon,reminders.add
connect up to my telephone,Help_Pairing
remind me on,reminders.add
my iphone is not recognizing my left hearing aids,Help_Pairing
remind me on weekdays,reminders.add
remind me the day before,reminders.add
how much further do i need to walk?,Cmd.ActivityWalk
remind me to,reminders.add
how do i get out of,Default Fallback Intent
how do i get the numbers falling in,Default Fallback Intent
how do i stop my phone ringing in my,Default Fallback Intent
how do i turn,Default Fallback Intent
remind me to take medicine in 2 minutes,reminders.add
remind me to take medicine in 3 minutes,reminders.add
remind me to take medicine in 5 minutes,reminders.add
remind me to take my medicine in 1 minute,reminders.add
remind me to turn off my phone every day at 11 p.m.,reminders.add
i can't hear him so it's good,Default Fallback Intent
i can't hear you my left hearing aid does not show up on my,Default Fallback Intent
remind me to wear green on st. patrick's day,reminders.add
remind us,reminders.add
reminder for me,reminders.add
reminder me to take medicine in 2 minutes,reminders.add
reminder set,reminders.add
reminder to play with my cat every workday at 7 p.m.,reminders.add
send me a reminder,reminders.add
set a reminder for,reminders.add
set a reminder for me please,reminders.add
set a reminder please,reminders.add
iphone,Default Fallback Intent
set my reminders,reminders.add
set reminder,reminders.add
set reminder about dog walking repeat it every day at 9 a.m.,reminders.add
set reminder buy milk for every monday and wednesday at 5 p.m.,reminders.add
it's in charge of the armory,Default Fallback Intent
j-lo and a-rod,Default Fallback Intent
set reminder for every day,reminders.add
set reminder for me,reminders.add
set reminder set reminder,reminders.add
set the reminder,reminders.add
set up reminder,reminders.add
set up reminders,reminders.add
setup a reminder,reminders.add
little one. please. call me back from,Default Fallback Intent
setup reminder,reminders.add
will you set a reminder for me,reminders.add
yes please remind me,reminders.add
max burger,Default Fallback Intent
set an alarm for doctor's appointment tomorrow morning,reminders.add
my left hearing aids,Default Fallback Intent
my telephone my,Default Fallback Intent
open google map.,Default Fallback Intent
play shins kennedy.,Default Fallback Intent
pretty much every year,Default Fallback Intent
pull down right here in alice question,Default Fallback Intent
rain. the the app me,Default Fallback Intent
scan options,Default Fallback Intent
seto,Default Fallback Intent
she keeps talking to me,Default Fallback Intent
since my letter needs to be updated,Default Fallback Intent
siri got turned on on my hearing aids and i was turning it off,Default Fallback Intent
there's an! over my right hearing aid,Default Fallback Intent
"this away 10 minutes, then we can put it in the container.",Default Fallback Intent
"tony's office, i myself india.",Default Fallback Intent
too many things back there,Default Fallback Intent
we expect an update,Default Fallback Intent
what is the highest mountain in new zealand,Default Fallback Intent
when using my iphone,Default Fallback Intent
where's my son,Default Fallback Intent
where's the nearest oil change,Default Fallback Intent
it sounds too loud,Cmd.VolumeDecrease
that sounds too loud,Cmd.VolumeDecrease
this sounds too loud,Cmd.VolumeDecrease
its loudy here,Cmd.VolumeDecrease
too loudy,Cmd.VolumeDecrease
its to loud,Cmd.VolumeDecrease
change memory,Cmd.MemoryChange
switch memory,Cmd.MemoryChange
change my memory,Cmd.MemoryChange
switch my memory,Cmd.MemoryChange
change the memory,Cmd.MemoryChange
change program,Cmd.MemoryChange
switch program,Cmd.MemoryChange
change my program,Cmd.MemoryChange
switch my hearing aid program,Cmd.MemoryChange
select a different memory,Cmd.MemoryChange
i want to change memory,Cmd.MemoryChange
i want to switch memory,Cmd.MemoryChange
can you change the memory,Cmd.MemoryChange
start a run,Cmd.ActivityRun
go for a run,Cmd.ActivityRun
start running,Cmd.ActivityRun
log a run,Cmd.ActivityRun
i want to go for a run,Cmd.ActivityRun
show my running activity,Cmd.ActivityRun
running activity,Cmd.ActivityRun
go for a walk,Cmd.ActivityWalk
start a walk,Cmd.ActivityWalk
start walking,Cmd.ActivityWalk
log a walk,Cmd.ActivityWalk
i want to go for a walk,Cmd.ActivityWalk
walking activity,Cmd.ActivityWalk
don't let me forget to call grandma,reminders.add
don't let me forget to take my medication tomorrow morning,reminders.add
do not let me forget to call the doctor at 3 pm,reminders.add
do not let me forget to pick up groceries tonight,reminders.add
do not let me forget to pay the rent tomorrow,reminders.add
don't let me forget my appointment tomorrow at 10 am,reminders.add
make sure i don't forget to take my pills at 8 am,reminders.add
help me remember to call grandma this evening,reminders.add
help me remember to take medication at 9 am,reminders.add
send a message,Cmd.SendMessage
send message,Cmd.SendMessage
send a voice message,Cmd.SendMessage
send voice message,Cmd.SendMessage
send audio message,Cmd.SendMessage
send a push to talk message,Cmd.SendMessage
leave a voice message,Cmd.SendMessage
can you send a message,Cmd.SendMessage
can you send message,Cmd.SendMessage
could you send a message,Cmd.SendMessage
please send a message,Cmd.SendMessage
can you please send a message,Cmd.SendMessage
i need to send a message,Cmd.SendMessage
i need to send a voice message,Cmd.SendMessage
i would like to send a message,Cmd.SendMessage
help me send a message,Cmd.SendMessage
help me send a voice message,Cmd.SendMessage
send a quick message,Cmd.SendMessage
send a short message,Cmd.SendMessage
send a voice note,Cmd.SendMessage
send a note,Cmd.SendMessage
drop a message,Cmd.SendMessage
fire off a message,Cmd.SendMessage
message someone,Cmd.SendMessage
hey send a message,Cmd.SendMessage
ok send a message,Cmd.SendMessage
okay send a message,Cmd.SendMessage
can i send a message,Cmd.SendMessage
let me send a message,Cmd.SendMessage
let me send a voice message,Cmd.SendMessage
start a message,Cmd.SendMessage
begin a message,Cmd.SendMessage
send it,Cmd.SendMessage
send one,Cmd.SendMessage
text someone,Cmd.SendMessage
voice text someone,Cmd.SendMessage
send a quick voice note,Cmd.SendMessage
i want to leave a message,Cmd.SendMessage
can you help me send a message,Cmd.SendMessage
would you send a message for me,Cmd.SendMessage
please help me send a message,Cmd.SendMessage
can you pelase send a message,Cmd.SendMessage
please send message,Cmd.SendMessage
send the message,Cmd.SendMessage
send my message,Cmd.SendMessage
get a message out,Cmd.SendMessage
put a message out,Cmd.SendMessage
need to send a message,Cmd.SendMessage
like to send a message,Cmd.SendMessage
could you send a voice message,Cmd.SendMessage
could you please send a message,Cmd.SendMessage
would you send a message,Cmd.SendMessage
would you please send a message,Cmd.SendMessage
pelase send a message,Cmd.SendMessage
pls send a message,Cmd.SendMessage
plz send a message,Cmd.SendMessage
i can't hear very well,Cmd.VolumeIncrease
everything sounds too quiet,Cmd.VolumeIncrease
can you make things easier to hear?,Cmd.VolumeIncrease
i'm struggling to hear people,Cmd.VolumeIncrease
boost the sound a little,Cmd.VolumeIncrease
the audio feels weak,Cmd.VolumeIncrease
people sound too soft,Cmd.VolumeIncrease
the tv is hard to hear,Cmd.VolumeIncrease
make speech clearer,Cmd.VolumeIncrease
the sound feels distant,Cmd.VolumeIncrease
give me a little more sound,Cmd.VolumeIncrease
everyone is mumbling,Cmd.VolumeIncrease
i need stronger audio,Cmd.VolumeIncrease
raise the listening level,Cmd.VolumeIncrease
make voices stand out more,Cmd.VolumeIncrease
help me hear better,Cmd.VolumeIncrease
increase what i'm hearing,Cmd.VolumeIncrease
pump up the sound,Cmd.VolumeIncrease
it sounds too low,Cmd.VolumeIncrease
it sounds low,Cmd.VolumeIncrease
the sound is too low,Cmd.VolumeIncrease
the volume is too low,Cmd.VolumeIncrease
the volume sounds low,Cmd.VolumeIncrease
it's too quiet,Cmd.VolumeIncrease
too quiet,Cmd.VolumeIncrease
it sounds too quiet,Cmd.VolumeIncrease
it sounds too soft,Cmd.VolumeIncrease
the sound is too soft,Cmd.VolumeIncrease
i can hardly hear it,Cmd.VolumeIncrease
i can hardly hear anything,Cmd.VolumeIncrease
the sound is faint,Cmd.VolumeIncrease
it sounds faint,Cmd.VolumeIncrease
the volume feels low,Cmd.VolumeIncrease
can you soften things a little?,Cmd.VolumeDecrease
the sound is overwhelming,Cmd.VolumeDecrease
i need it quieter,Cmd.VolumeDecrease
lower the listening level,Cmd.VolumeDecrease
the tv is too loud,Cmd.VolumeDecrease
tone it down,Cmd.VolumeDecrease
it's uncomfortably loud,Cmd.VolumeDecrease
make it less intense,Cmd.VolumeDecrease
the sound is piercing,Cmd.VolumeDecrease
bring the volume down,Cmd.VolumeDecrease
i'm getting too much sound,Cmd.VolumeDecrease
speech is too sharp,Cmd.VolumeDecrease
this is overwhelming,Cmd.VolumeDecrease
turn it down a bit,Cmd.VolumeDecrease
the environment sounds harsh,Cmd.VolumeDecrease
ease off the volume,Cmd.VolumeDecrease
make everything quieter,Cmd.VolumeDecrease
put me in restaurant mode,Cmd.MemoryChange
i'm somewhere noisy,Cmd.MemoryChange
help me hear better in this crowd,Cmd.MemoryChange
move me back to my normal setting,Cmd.MemoryChange
change how my hearing aids are behaving,Cmd.MemoryChange
i'm outdoors now,Cmd.MemoryChange
switch programs,Cmd.MemoryChange
change my hearing mode,Cmd.MemoryChange
use a different listening setup,Cmd.MemoryChange
activate the noisy environment setting,Cmd.MemoryChange
i walked into a restaurant,Cmd.MemoryChange
use the outdoor profile,Cmd.MemoryChange
change the current memory,Cmd.MemoryChange
pick a better mode for this place,Cmd.MemoryChange
i need another hearing program,Cmd.MemoryChange
switch listening modes,Cmd.MemoryChange
use my everyday setting,Cmd.MemoryChange
go back to normal mode,Cmd.MemoryChange
put me in speech mode,Cmd.MemoryChange
choose a different memory,Cmd.MemoryChange
set the hearing aids differently,Cmd.MemoryChange
how much power is left?,Cmd.BatteryLevel
will these last all day?,Cmd.BatteryLevel
do i need to recharge them?,Cmd.BatteryLevel
are my hearing aids getting low?,Cmd.BatteryLevel
how are my batteries doing?,Cmd.BatteryLevel
will i make it through the afternoon?,Cmd.BatteryLevel
check battery level,Cmd.BatteryLevel
what's my remaining charge?,Cmd.BatteryLevel
are they running out of power?,Cmd.BatteryLevel
can i get through today?,Cmd.BatteryLevel
do i need a charger soon?,Cmd.BatteryLevel
how much juice is left?,Cmd.BatteryLevel
are the batteries healthy?,Cmd.BatteryLevel
what percentage remains?,Cmd.BatteryLevel
am i close to empty?,Cmd.BatteryLevel
will they survive the evening?,Cmd.BatteryLevel
how much energy is left?,Cmd.BatteryLevel
i've misplaced my hearing aids,Help_FindMyHearingAids
i don't know where i left them,Help_FindMyHearingAids
can you locate my hearing aids?,Help_FindMyHearingAids
i've lost one of them,Help_FindMyHearingAids
track down my hearing aids,Help_FindMyHearingAids
where did i put my devices?,Help_FindMyHearingAids
help me track them,Help_FindMyHearingAids
i misplaced my devices,Help_FindMyHearingAids
can you make them ring?,Help_FindMyHearingAids
help me locate one device,Help_FindMyHearingAids
track my devices,Help_FindMyHearingAids
find the missing aid,Help_FindMyHearingAids
find my equipment,Help_FindMyHearingAids
can you keep track of this for me?,reminders.add
make sure i remember this tonight,reminders.add
i could use a reminder later,reminders.add
help me remember this evening,reminders.add
i need a nudge tomorrow morning,reminders.add
set something up so i don't forget,reminders.add
help me remember an appointment,reminders.add
make a note for later,reminders.add
remember this for me,reminders.add
i need to be reminded,reminders.add
give me a reminder later today,reminders.add
help me keep track of this,reminders.add
i don't want to forget this,reminders.add
set an alert for me,reminders.add
keep this on my radar,reminders.add
remind me when the time comes,reminders.add
create a future reminder,reminders.add
i need to tell someone something,Cmd.SendMessage
can i leave a note for somebody?,Cmd.SendMessage
i'd like to pass along a message,Cmd.SendMessage
i want to send an update,Cmd.SendMessage
let me record something for someone,Cmd.SendMessage
help me communicate with someone,Cmd.SendMessage
record a message for a friend,Cmd.SendMessage
can i contact somebody?,Cmd.SendMessage
help me send information,Cmd.SendMessage
i need to notify someone,Cmd.SendMessage
leave a recording,Cmd.SendMessage
send a quick update,Cmd.SendMessage
get a message to my family,Cmd.SendMessage
i want to reach someone,Cmd.SendMessage
let me leave a note,Cmd.SendMessage
forward a message,Cmd.SendMessage
create a voice message,Cmd.SendMessage
help me send a note,Cmd.SendMessage
record something for another person,Cmd.SendMessage
route the sound to my hearing aids,Cmd.StreamingStart
connect my hearing aids to the tv,Cmd.StreamingStart
pipe the audio into my devices,Cmd.StreamingStart
connect to the streamer,Cmd.StreamingStart
play media through my hearing aids,Cmd.StreamingStart
stream the television audio,Cmd.StreamingStart
route audio to my devices,Cmd.StreamingStart
use hearing aid streaming,Cmd.StreamingStart
connect me to tv audio,Cmd.StreamingStart
send the sound to my aids,Cmd.StreamingStart
listen via my hearing aids,Cmd.StreamingStart
enable streaming mode,Cmd.StreamingStart
play sound in my hearing aids,Cmd.StreamingStart
use the audio streamer,Cmd.StreamingStart
connect streaming audio,Cmd.StreamingStart
can you guide me?,Help_Home
i need some assistance,Help_Home
what are my options?,Help_Home
show me how this works,Help_Home
i'm stuck,Help_Home
can you walk me through it?,Default Fallback Intent
i need instructions,Help_Home
what can i do here?,Help_Home
how does this work?,Help_Home
assist me,Help_Home
i'm confused,Help_Home
teach me how to use this,Help_Home
i need support,Help_Home
can you explain?,Help_Home
what should i do next?,Help_Home
i need directions,Help_Home
guide me through it,Help_Home
who is the prime minister of india?,Default Fallback Intent
what's the weather tomorrow?,Default Fallback Intent
how tall is mount everest?,Default Fallback Intent
what's the stock price of apple?,Default Fallback Intent
how old is tom cruise?,Default Fallback Intent
translate hello to french,Default Fallback Intent
write a poem,Default Fallback Intent
who invented the telephone?,Default Fallback Intent
book me a flight,Default Fallback Intent
what's the meaning of life?,Default Fallback Intent
solve this math problem,Default Fallback Intent
who won the world cup?,Default Fallback Intent
what is quantum physics?,Default Fallback Intent
recommend a movie,Default Fallback Intent
teach me spanish,Default Fallback Intent
find me a hotel,Default Fallback Intent
how do rockets work?,Default Fallback Intent
what's the latest cricket score?,Default Fallback Intent
dim the audio,Cmd.VolumeDecrease
dim the sound,Cmd.VolumeDecrease
kill the audio,Cmd.VolumeMute
my aid keeps cutting out,Help_DeviceSettings
the sound keeps dropping out,Help_DeviceSettings
my hearing aid keeps disconnecting,Help_DeviceSettings
everything sounds muffled,Help_DeviceSettings
sound is crackling in my aid,Help_DeviceSettings
how do i make pasta,Default Fallback Intent
give me a recipe for dinner,Default Fallback Intent
how do i fix my car,Default Fallback Intent
how do i learn guitar,Default Fallback Intent
the tv is on but i miss what they say,Cmd.VolumeIncrease
people sound far away,Cmd.VolumeIncrease
voices seem distant to me,Cmd.VolumeIncrease
i keep missing parts of the conversation,Cmd.VolumeIncrease
amplify the sound a bit,Cmd.VolumeIncrease
amplify things for me,Cmd.VolumeIncrease
everything sounds dull and flat,Cmd.VolumeIncrease
people sound like they are whispering,Cmd.VolumeIncrease
speech is not coming through clearly,Cmd.VolumeIncrease
everyone has to say things twice for me,Cmd.VolumeIncrease
sounds are not clear enough,Cmd.VolumeIncrease
take the edge off the volume,Cmd.VolumeDecrease
i just arrived at a noisy cafe,Cmd.MemoryChange
adjust my aids for this loud place,Cmd.MemoryChange
load my normal configuration,Cmd.MemoryChange
i am heading outdoors switch my program,Cmd.MemoryChange
give me a battery reading,Cmd.BatteryLevel
what is the power level,Cmd.BatteryLevel
show the last known location of my aids,Help_FindMyHearingAids
nudge me in an hour,reminders.add
write this down so i remember,reminders.add
get a message to my daughter,Cmd.SendMessage
send word to my friend,Cmd.SendMessage
message my brother an update,Cmd.SendMessage
put the tv sound in my ears,Cmd.StreamingStart
send the movie audio to my hearing aids,Cmd.StreamingStart
patch the tv audio through to my aids,Cmd.StreamingStart
i am lost in this app,Help_Home
point me to what i can do here,Help_Home
what features does this app have,Help_Home
list what you can help me with,Help_Home
nudge me about this later,reminders.add
give me a gentle nudge at 9,reminders.add
don't let me forget this,reminders.add
jot this down so i remember,reminders.add
it's coming in too hot,Cmd.VolumeDecrease
the sound is way too hot,Cmd.VolumeDecrease
the noise is unbearable,Cmd.VolumeDecrease
are my aids running low on power,Cmd.BatteryLevel
how long before the battery dies,Cmd.BatteryLevel
how much life is left in the battery,Cmd.BatteryLevel
how much charge do i have left,Cmd.BatteryLevel
ping my aids,Help_FindMyHearingAids
locate my hearing aids for me,Help_FindMyHearingAids
reach out to my family for me,Cmd.SendMessage
drop a message to my husband,Cmd.SendMessage
stream the audio directly to my aids,Cmd.StreamingStart
connect the audio from my phone to my aids,Cmd.StreamingStart
what does this app do,Help_Home
my hearing aid won't charge,Help_Battery
why isn't my hearing aid charging,Help_Battery
how long does a charge last,Help_Battery
my battery dies too quickly,Help_Battery
which battery do i need for my hearing aid,Help_Battery
where do i put the battery,Help_Battery
how do i open the battery door,Help_Battery
how long to fully charge my hearing aid,Help_Battery
can i overcharge my hearing aid,Help_Battery
how often should i change the battery,Help_Battery
where do i buy new batteries,Help_Battery
the charger isn't working,Help_Battery
battery life is getting shorter,Help_Battery
does edge mode help in noisy places,Help_EdgeMode
how do i activate edge mode,Help_EdgeMode
how do i exit edge mode,Help_EdgeMode
can i customize edge mode,Help_EdgeMode
what settings does edge mode change,Help_EdgeMode
does edge mode improve speech clarity,Help_EdgeMode
how long does edge mode stay on,Help_EdgeMode
does edge mode drain the battery faster,Help_EdgeMode
edge mode isn't working,Help_EdgeMode
why would i use edge mode,Help_EdgeMode
edge mode help,Help_EdgeMode
tell me about edge mode,Help_EdgeMode
benefits of edge mode,Help_EdgeMode
when does edge mode turn off,Help_EdgeMode
start tracking my aerobics,Cmd.ActivityAerobics
log an aerobics workout,Cmd.ActivityAerobics
begin aerobics session,Cmd.ActivityAerobics
how far am i from my aerobics goal,Cmd.ActivityAerobics
track my aerobic exercise,Cmd.ActivityAerobics
record my aerobics activity,Cmd.ActivityAerobics
show my aerobics progress,Cmd.ActivityAerobics
how much aerobics have i done today,Cmd.ActivityAerobics
did i hit my aerobics target,Cmd.ActivityAerobics
how many aerobic minutes this week,Cmd.ActivityAerobics
log aerobics,Cmd.ActivityAerobics
am i close to my aerobics goal,Cmd.ActivityAerobics
track aerobics workout,Cmd.ActivityAerobics
begin tracking aerobics,Cmd.ActivityAerobics
how much more aerobics do i need today,Cmd.ActivityAerobics
how many calories have i burned this week,Cmd.ActivityCalories
what's my total calorie count,Cmd.ActivityCalories
calories burned this month,Cmd.ActivityCalories
am i close to my calorie goal,Cmd.ActivityCalories
what's my calorie goal,Cmd.ActivityCalories
how many more calories to reach my goal,Cmd.ActivityCalories
calories burned so far today,Cmd.ActivityCalories
my calorie total,Cmd.ActivityCalories
did i meet my calorie goal,Cmd.ActivityCalories
how many calories left to burn,Cmd.ActivityCalories
weekly calorie summary,Cmd.ActivityCalories
does mask mode help when wearing a face mask,Help_MaskMode
how does mask mode work,Help_MaskMode
is mask mode useful with masks,Help_MaskMode
can i adjust mask mode,Help_MaskMode
tell me about mask mode,Help_MaskMode
why can't i hear people in masks,Help_MaskMode
mask mode settings,Help_MaskMode
how do i access mask mode,Help_MaskMode
turn mask mode on,Help_MaskMode
benefits of mask mode,Help_MaskMode
when does mask mode help,Help_MaskMode
how do i connect with my hearing professional,Help_HearingCareAnywhereConnect
can my audiologist adjust my settings remotely,Help_HearingCareAnywhereConnect
set up a remote appointment,Help_HearingCareAnywhereConnect
connect to my hearing care provider,Help_HearingCareAnywhereConnect
how do i use hearing care anywhere,Help_HearingCareAnywhereConnect
how do i sync my settings to the cloud,Help_HearingCareAnywhereConnect
where is my data backed up,Help_HearingCareAnywhereConnect
restore my settings from the cloud,Help_HearingCareAnywhereConnect
how do i get remote support,Help_HearingCareAnywhereConnect
how do i save my settings online,Help_HearingCareAnywhereConnect
recover my hearing aid settings,Help_HearingCareAnywhereConnect
tell me about hearing care anywhere,Help_HearingCareAnywhereConnect
show me my health overview,Help_Health
what's on the health screen,Help_Health
how do i view my activity summary,Help_Health
where can i see my daily goals,Help_Health
how do i set my health goals,Help_Health
track my wellness,Help_Health
where are my fitness goals,Help_Health
how do i view my health progress,Help_Health
show me my weekly health summary,Help_Health
how do i reset my health goals,Help_Health
view my body and brain health,Help_Health
where do i find my engagement goals,Help_Health
show me my heart rate history,Help_HeartRate
is my heart rate normal,Help_HeartRate
what's my resting heart rate,Help_HeartRate
how accurate is the heart rate reading,Help_HeartRate
where do i see my heart rate trends,Help_HeartRate
can i track heart rate during exercise,Help_HeartRate
view my heart rate data,Help_HeartRate
does the app record my heart rate,Help_HeartRate
explain the heart rate feature,Help_HeartRate
how do i enable heart rate tracking,Help_HeartRate
what's a healthy heart rate,Help_HeartRate
track my heart rate,Help_HeartRate
stop the audio stream,Cmd.StreamingStop
end the tv connection,Cmd.StreamingStop
stop casting to my hearing aids,Cmd.StreamingStop
halt streaming,Cmd.StreamingStop
cut off the stream,Cmd.StreamingStop
stop streaming from my phone,Cmd.StreamingStop
disconnect the remote microphone,Cmd.StreamingStop
end the music stream,Cmd.StreamingStop
stop streaming media,Cmd.StreamingStop
stop streaming audio,Cmd.StreamingStop
start tracking my workout,Cmd.ActivityExercise
record my exercise,Cmd.ActivityExercise
how's my exercise progress,Cmd.ActivityExercise
track this workout,Cmd.ActivityExercise
start an exercise session,Cmd.ActivityExercise
how many minutes have i exercised this week,Cmd.ActivityExercise
log my training session,Cmd.ActivityExercise
show me my exercise summary,Cmd.ActivityExercise
how much exercise have i done today,Cmd.ActivityExercise
am i close to my exercise goal,Cmd.ActivityExercise
how do i improve my recovery rate,Help_HeartRateRecovery
what affects heart rate recovery,Help_HeartRateRecovery
show my heart rate recovery trend,Help_HeartRateRecovery
where can i view heart rate recovery,Help_HeartRateRecovery
track my heart rate recovery,Help_HeartRateRecovery
what's a good recovery number,Help_HeartRateRecovery
view my recovery score,Help_HeartRateRecovery
does recovery indicate fitness,Help_HeartRateRecovery
help with heart rate recovery,Help_HeartRateRecovery
show me demo mode,Help_DemoMode
how do i exit demo mode,Help_DemoMode
turn off demo mode,Help_DemoMode
what can i do in demo mode,Help_DemoMode
let me try the app features,Help_DemoMode
show app capabilities without hearing aids,Help_DemoMode
demonstrate the app,Help_DemoMode
how do reminders work,Help_Reminder
how do i delete a reminder,Help_Reminder
where do i manage my reminders,Help_Reminder
can i set recurring reminders,Help_Reminder
how do i turn off a reminder,Help_Reminder
do reminders sync to my hearing aids,Help_Reminder
how do i see all my reminders,Help_Reminder
how often should i clean my hearing aids,Help_CleanCare
what's the best way to clean my hearing aids,Help_CleanCare
can i clean the wax guard,Help_CleanCare
how do i replace the wax filter,Help_CleanCare
should i clean my hearing aids daily,Help_CleanCare
how do i clean the microphone,Help_CleanCare
tips for maintaining my hearing aids,Help_CleanCare
write down what people are saying,Cmd.TranscribeStart
show me a transcript,Cmd.TranscribeStart
turn speech into text,Cmd.TranscribeStart
write out this meeting,Cmd.TranscribeStart
give me text of this conversation,Cmd.TranscribeStart
log a cycling session,Cmd.ActivityCycle
record my cycling,Cmd.ActivityCycle
show me my cycling stats,Cmd.ActivityCycle
track this ride,Cmd.ActivityCycle
did i reach my cycling goal,Cmd.ActivityCycle
track my steps,Cmd.ActivityStep
did i hit my step goal,Cmd.ActivityStep
show my step progress,Cmd.ActivityStep
how many steps until my goal,Cmd.ActivityStep
record my steps,Cmd.ActivityStep
track my walking distance,Cmd.ActivityWalk
begin tracking my walk,Cmd.ActivityWalk
where do i manage notifications,Help_AppSettings
how do i update the app,Help_AppSettings
how does wicros work,Help_WiCROS
what is wicros used for,Help_WiCROS
track my standing time,Cmd.ActivityStand
how do i personalize my sound settings,Help_Customize
can loud music cause tinnitus permanently,Help_Tinnitus
what are symptoms of ear wax buildup,Help_CleanCare
i can barely make out what people say,Cmd.VolumeIncrease
boost the loudness please,Cmd.VolumeIncrease
make speech louder,Cmd.VolumeIncrease
turn the level up,Cmd.VolumeIncrease
i'm missing half the conversation,Cmd.VolumeIncrease
speech is too quiet,Cmd.VolumeIncrease
could you raise the volume,Cmd.VolumeIncrease
bump it up a little,Cmd.VolumeIncrease
everything is too low,Cmd.VolumeIncrease
i want it louder,Cmd.VolumeIncrease
amplify the sound for me,Cmd.VolumeIncrease
the tv is too quiet for me,Cmd.VolumeIncrease
i keep missing words,Cmd.VolumeIncrease
sound feels weak,Cmd.VolumeIncrease
give me a bit more volume,Cmd.VolumeIncrease
step the volume up,Cmd.VolumeIncrease
louder please,Cmd.VolumeIncrease
i can't hear the speaker well,Cmd.VolumeIncrease
turn things up so i can hear,Cmd.VolumeIncrease
make my aids louder,Cmd.VolumeIncrease
increase how loud it is,Cmd.VolumeIncrease
people sound muffled and faint,Cmd.VolumeIncrease
i need to hear better turn it up,Cmd.VolumeIncrease
turn the sound down a bit,Cmd.VolumeDecrease
lower the volume,Cmd.VolumeDecrease
it's too loud for me,Cmd.VolumeDecrease
bring the level down,Cmd.VolumeDecrease
quieter please,Cmd.VolumeDecrease
ease the volume back,Cmd.VolumeDecrease
that's painfully loud,Cmd.VolumeDecrease
the sound is too strong,Cmd.VolumeDecrease
cut the volume a little,Cmd.VolumeDecrease
drop the level down,Cmd.VolumeDecrease
tone the loudness down,Cmd.VolumeDecrease
i need it softer,Cmd.VolumeDecrease
too much volume right now,Cmd.VolumeDecrease
soften things up,Cmd.VolumeDecrease
knock the sound back,Cmd.VolumeDecrease
scale the volume down,Cmd.VolumeDecrease
everything is way too loud,Cmd.VolumeDecrease
make speech quieter,Cmd.VolumeDecrease
lower how loud it is,Cmd.VolumeDecrease
trim the volume,Cmd.VolumeDecrease
ratchet it down a notch,Cmd.VolumeDecrease
i need it more quiet,Cmd.VolumeDecrease
give me a little quiet,Cmd.VolumeDecrease
quiet it down for me,Cmd.VolumeDecrease
make my surroundings quieter,Cmd.VolumeDecrease
my ears are taking a beating,Cmd.VolumeDecrease
the noise is pounding my ears,Cmd.VolumeDecrease
this is hammering my ears,Cmd.VolumeDecrease
the sound is battering my ears,Cmd.VolumeDecrease
total silence please,Cmd.VolumeMute
kill the audio completely,Cmd.VolumeMute
i want absolute quiet,Cmd.VolumeMute
shut the sound off,Cmd.VolumeMute
silence everything,Cmd.VolumeMute
stop all audio,Cmd.VolumeMute
mute it entirely,Cmd.VolumeMute
block out every sound,Cmd.VolumeMute
i need complete silence now,Cmd.VolumeMute
zero volume please,Cmd.VolumeMute
switch the sound off,Cmd.VolumeMute
quiet everything down to nothing,Cmd.VolumeMute
mute right now,Cmd.VolumeMute
i want pure silence,Cmd.VolumeMute
kill all the noise completely,Cmd.VolumeMute
shut off all sound for me,Cmd.VolumeMute
silence the aids entirely,Cmd.VolumeMute
i need it perfectly quiet,Cmd.VolumeMute
turn the sound back on,Cmd.VolumeUnmute
bring the audio back,Cmd.VolumeUnmute
switch sound back on,Cmd.VolumeUnmute
take my aids off mute,Cmd.VolumeUnmute
let the audio return,Cmd.VolumeUnmute
end the silence,Cmd.VolumeUnmute
undo the mute,Cmd.VolumeUnmute
stop muting now,Cmd.VolumeUnmute
i can listen again turn it on,Cmd.VolumeUnmute
give me sound again,Cmd.VolumeUnmute
put the volume back on,Cmd.VolumeUnmute
unmute everything,Cmd.VolumeUnmute
bring my sound back,Cmd.VolumeUnmute
let me hear things again,Cmd.VolumeUnmute
i can hear now turn it on,Cmd.VolumeUnmute
give me audio again,Cmd.VolumeUnmute
return the sound to my aids,Cmd.VolumeUnmute
i'd like sound again please,Cmd.VolumeUnmute
wake the sound back up,Cmd.VolumeUnmute
put my hearing back on,Cmd.VolumeUnmute
i want my aids making sound again,Cmd.VolumeUnmute
unmute me,Cmd.VolumeUnmute
turn the mute off,Cmd.VolumeUnmute
get me off mute,Cmd.VolumeUnmute
reactivate my hearing aid sound,Cmd.VolumeUnmute
i'd like to hear once more,Cmd.VolumeUnmute
let me hear things once again,Cmd.VolumeUnmute
restore my hearing now,Cmd.VolumeUnmute
i want sound coming through again,Cmd.VolumeUnmute
end the mute let me hear,Cmd.VolumeUnmute
i'm walking into a loud bar,Cmd.MemoryChange
switch me to the restaurant setting,Cmd.MemoryChange
i'm sitting down in a crowded diner,Cmd.MemoryChange
change to my outdoor program,Cmd.MemoryChange
set my aids for a noisy party,Cmd.MemoryChange
put me in the music listening mode,Cmd.MemoryChange
i'm heading into a meeting,Cmd.MemoryChange
tune for this windy weather,Cmd.MemoryChange
i'm at the gym now,Cmd.MemoryChange
give me my tv watching program,Cmd.MemoryChange
change into the quiet mode,Cmd.MemoryChange
i just walked into church,Cmd.MemoryChange
set it up for a concert hall,Cmd.MemoryChange
move me to the speech in noise mode,Cmd.MemoryChange
use the setting for outdoors,Cmd.MemoryChange
i'm in a loud cafeteria now,Cmd.MemoryChange
i'm settling in to watch a film,Cmd.MemoryChange
load my driving profile,Cmd.MemoryChange
set my hearing for a busy street,Cmd.MemoryChange
i'm in a big echoey room now,Cmd.MemoryChange
this setting doesn't suit this place,Cmd.MemoryChange
switch me to something better for this spot,Cmd.MemoryChange
i'm now seated in a loud coffee shop,Cmd.MemoryChange
i'm seated in a crowded noisy spot,Cmd.MemoryChange
how much charge is left,Cmd.BatteryLevel
do i need to recharge,Cmd.BatteryLevel
how long will the battery last,Cmd.BatteryLevel
tell me the battery percentage,Cmd.BatteryLevel
will these last till tonight,Cmd.BatteryLevel
check my charge level,Cmd.BatteryLevel
are the batteries about to run out,Cmd.BatteryLevel
how many hours of charge remain,Cmd.BatteryLevel
is there plenty of battery,Cmd.BatteryLevel
should i charge them now,Cmd.BatteryLevel
battery level please,Cmd.BatteryLevel
is my charge running low,Cmd.BatteryLevel
is it time to charge,Cmd.BatteryLevel
how depleted is the battery,Cmd.BatteryLevel
send the tv audio to my aids,Cmd.StreamingStart
start streaming the television,Cmd.StreamingStart
play my phone audio through my aids,Cmd.StreamingStart
stream the music into my ears,Cmd.StreamingStart
connect the tv sound to me,Cmd.StreamingStart
let me hear the show through my aids,Cmd.StreamingStart
stream the podcast to my hearing aids,Cmd.StreamingStart
put the audio into my ears,Cmd.StreamingStart
stream from my tv now,Cmd.StreamingStart
i want to listen to the tv through my aids,Cmd.StreamingStart
beam the audio over to me,Cmd.StreamingStart
turn on streaming to my ears,Cmd.StreamingStart
stop streaming to my aids,Cmd.StreamingStop
end the tv audio stream,Cmd.StreamingStop
i'm finished listening to the stream,Cmd.StreamingStop
turn streaming off now,Cmd.StreamingStop
end streaming from the tv,Cmd.StreamingStop
halt the streaming,Cmd.StreamingStop
no more streaming please,Cmd.StreamingStop
stop playing the tv through my aids,Cmd.StreamingStop
disconnect me from the stream,Cmd.StreamingStop
shut off the streamed sound,Cmd.StreamingStop
close the audio streaming,Cmd.StreamingStop
stop the music going to my aids,Cmd.StreamingStop
end my tv streaming,Cmd.StreamingStop
quit streaming the television,Cmd.StreamingStop
turn off the tv streaming,Cmd.StreamingStop
cut the streamed audio to my aids,Cmd.StreamingStop
finish the streaming session,Cmd.StreamingStop
cut the tv connection to my aids,Cmd.StreamingStop
disconnect the television audio,Cmd.StreamingStop
end the tv link to my aids,Cmd.StreamingStop
stop the tv feed to my hearing aids,Cmd.StreamingStop
i'm about to go for a run,Cmd.ActivityRun
start recording my run,Cmd.ActivityRun
begin my running workout,Cmd.ActivityRun
record this run for me,Cmd.ActivityRun
capture my running session,Cmd.ActivityRun
log this running workout,Cmd.ActivityRun
log the run i just did,Cmd.ActivityRun
save the run i just finished,Cmd.ActivityRun
log my finished run,Cmd.ActivityRun
i'm going for a stroll,Cmd.ActivityWalk
log my walk,Cmd.ActivityWalk
start my walk tracking,Cmd.ActivityWalk
record this walk,Cmd.ActivityWalk
i'm off for a walk,Cmd.ActivityWalk
time my stroll,Cmd.ActivityWalk
capture my walking session,Cmd.ActivityWalk
i'm taking a walk now,Cmd.ActivityWalk
track my stroll,Cmd.ActivityWalk
begin my walking workout,Cmd.ActivityWalk
log a walk for me,Cmd.ActivityWalk
log the stroll i just took,Cmd.ActivityWalk
record the walking i just finished,Cmd.ActivityWalk
save my walk,Cmd.ActivityWalk
note down my walk,Cmd.ActivityWalk
i'm off for a stroll please track it,Cmd.ActivityWalk
heading out for a stroll record it,Cmd.ActivityWalk
going for a walk track it for me,Cmd.ActivityWalk
start tracking this stroll,Cmd.ActivityWalk
how many steps today,Cmd.ActivityStep
show my steps so far,Cmd.ActivityStep
step count please,Cmd.ActivityStep
am i close to my step goal,Cmd.ActivityStep
tell me my steps for today,Cmd.ActivityStep
steps so far today,Cmd.ActivityStep
what's my standing time,Cmd.ActivityStand
how many stand hours today,Cmd.ActivityStand
track my standing,Cmd.ActivityStand
show my stand count,Cmd.ActivityStand
how much have i stood today,Cmd.ActivityStand
standing time please,Cmd.ActivityStand
have i stood enough today,Cmd.ActivityStand
my standing total please,Cmd.ActivityStand
track my bike ride,Cmd.ActivityCycle
i'm going cycling,Cmd.ActivityCycle
log my ride,Cmd.ActivityCycle
start my cycling workout,Cmd.ActivityCycle
record this bike ride,Cmd.ActivityCycle
how far have i cycled,Cmd.ActivityCycle
begin tracking my ride,Cmd.ActivityCycle
i'm heading out on the bike,Cmd.ActivityCycle
capture my cycling session,Cmd.ActivityCycle
start logging my cycling,Cmd.ActivityCycle
track my biking,Cmd.ActivityCycle
how many miles have i biked,Cmd.ActivityCycle
log this cycling session,Cmd.ActivityCycle
track my aerobics,Cmd.ActivityAerobics
start my aerobics workout,Cmd.ActivityAerobics
log my aerobics session,Cmd.ActivityAerobics
record my aerobics,Cmd.ActivityAerobics
capture my aerobics class,Cmd.ActivityAerobics
time my aerobics,Cmd.ActivityAerobics
log this aerobics workout,Cmd.ActivityAerobics
i'm starting aerobics,Cmd.ActivityAerobics
record my aerobic exercise,Cmd.ActivityAerobics
begin my aerobics session,Cmd.ActivityAerobics
log my cardio dance,Cmd.ActivityAerobics
track my workout,Cmd.ActivityExercise
i'm about to exercise,Cmd.ActivityExercise
start my workout,Cmd.ActivityExercise
begin tracking my exercise,Cmd.ActivityExercise
i'm working out now,Cmd.ActivityExercise
time my exercise,Cmd.ActivityExercise
track this gym session,Cmd.ActivityExercise
record my workout for me,Cmd.ActivityExercise
i'm hitting the gym track it,Cmd.ActivityExercise
what's my calorie burn today,Cmd.ActivityCalories
check my burned calories,Cmd.ActivityCalories
calorie count please,Cmd.ActivityCalories
display my calorie total,Cmd.ActivityCalories
how many calories today,Cmd.ActivityCalories
my calorie burn please,Cmd.ActivityCalories
give me my energy burn,Cmd.ActivityCalories
how many calories did i burn,Cmd.ActivityCalories
i want to message my son,Cmd.SendMessage
send word to my daughter,Cmd.SendMessage
drop my brother a message,Cmd.SendMessage
write a text to my neighbor,Cmd.SendMessage
let my friend know i'm on my way,Cmd.SendMessage
send a note to dad,Cmd.SendMessage
compose a message to my coworker,Cmd.SendMessage
i need to text someone,Cmd.SendMessage
fire off a text,Cmd.SendMessage
send a text to my doctor,Cmd.SendMessage
message my family,Cmd.SendMessage
start a text to my partner,Cmd.SendMessage
send my update to someone,Cmd.SendMessage
text a contact with my news,Cmd.SendMessage
i want to tell someone my news in a message,Cmd.SendMessage
message a contact an update,Cmd.SendMessage
share my news with a contact by text,Cmd.SendMessage
read my messages out loud,Cmd.ListenMessage
play back my texts,Cmd.ListenMessage
what messages do i have,Cmd.ListenMessage
read my latest text,Cmd.ListenMessage
play my new messages,Cmd.ListenMessage
read out who texted me,Cmd.ListenMessage
any new messages read them,Cmd.ListenMessage
speak my messages,Cmd.ListenMessage
play the text i just got,Cmd.ListenMessage
read my unread messages,Cmd.ListenMessage
tell me my messages,Cmd.ListenMessage
hear my texts please,Cmd.ListenMessage
read me the latest message,Cmd.ListenMessage
play my incoming texts,Cmd.ListenMessage
play the messages i received,Cmd.ListenMessage
what texts came in for me,Cmd.ListenMessage
read my new texts aloud,Cmd.ListenMessage
tell me what messages i got,Cmd.ListenMessage
play back the texts i received,Cmd.ListenMessage
read my message inbox,Cmd.ListenMessage
what did my contacts send me,Cmd.ListenMessage
play what people sent me,Cmd.ListenMessage
where did i leave my phone,Cmd.FindMyPhone
help me find my phone,Cmd.FindMyPhone
make my phone ring,Cmd.FindMyPhone
i can't find my phone,Cmd.FindMyPhone
locate my phone for me,Cmd.FindMyPhone
ping my phone,Cmd.FindMyPhone
where's my cell phone,Cmd.FindMyPhone
find my handset,Cmd.FindMyPhone
sound an alert on my phone,Cmd.FindMyPhone
track down my phone,Cmd.FindMyPhone
my phone is lost ring it,Cmd.FindMyPhone
buzz my phone so i hear it,Cmd.FindMyPhone
where is my mobile,Cmd.FindMyPhone
help me track down my phone,Cmd.FindMyPhone
i lost my phone make it sound,Cmd.FindMyPhone
where could my phone be ring it,Cmd.FindMyPhone
my handset is missing please ring it,Cmd.FindMyPhone
sound my phone so i can locate it,Cmd.FindMyPhone
i can't locate my phone ping it,Cmd.FindMyPhone
make my lost phone beep,Cmd.FindMyPhone
find where my phone went,Cmd.FindMyPhone
locate my handset,Cmd.FindMyPhone
track down my mobile,Cmd.FindMyPhone
start transcribing this,Cmd.TranscribeStart
write down what's being said,Cmd.TranscribeStart
turn speech into text now,Cmd.TranscribeStart
begin the live transcript,Cmd.TranscribeStart
transcribe what i'm hearing,Cmd.TranscribeStart
put this conversation into writing,Cmd.TranscribeStart
capture this talk as text,Cmd.TranscribeStart
convert what they're saying to text,Cmd.TranscribeStart
transcribe this meeting,Cmd.TranscribeStart
caption what people are saying around me,Cmd.TranscribeStart
put captions on everyone's speech,Cmd.TranscribeStart
show me text of what people say,Cmd.TranscribeStart
caption the people talking,Cmd.TranscribeStart
start translating what they say,Cmd.TranslationStart
translate their speech into english,Cmd.TranslationStart
begin live translation,Cmd.TranslationStart
switch on translate mode,Cmd.TranslationStart
translate this person's words,Cmd.TranslationStart
they're speaking a foreign language translate it,Cmd.TranslationStart
i can't understand their language translate,Cmd.TranslationStart
i can't understand this foreign language,Cmd.TranslationStart
they're speaking another language i can't follow,Cmd.TranslationStart
understand this foreign speaker for me,Cmd.TranslationStart
put their foreign words into my language,Cmd.TranslationStart
i don't understand their foreign language,Cmd.TranslationStart
remind me to take my pills at 8,reminders.add
set a reminder to call the clinic,reminders.add
make a reminder to charge my aids,reminders.add
set something to remind me tomorrow,reminders.add
add a reminder for my meeting,reminders.add
remind me to call my daughter later,reminders.add
put a reminder for my checkup,reminders.add
help me remember to buy milk,reminders.add
set a reminder for my pills tonight,reminders.add
nudge me to stretch in an hour,reminders.add
remind me about the doctor on friday,reminders.add
set a daily reminder for my vitamins,reminders.add
remind me to take out the trash,reminders.add
i want a reminder for my class,reminders.add
alert me when it's time to leave,reminders.add
give me an alert at the scheduled time,reminders.add
set an alert so i don't miss it,reminders.add
buzz me when it's time,reminders.add
notify me when the time comes,reminders.add
set an alert for my appointment,reminders.add
poke me when the time arrives,reminders.add
mark my reminder done,reminders.complete
check off my reminder,reminders.complete
that reminder is complete,reminders.complete
clear that reminder,reminders.complete
i did it cross it off,reminders.complete
mark that task finished,reminders.complete
i handled that remove the reminder,reminders.complete
done with that reminder,reminders.complete
i already did that mark complete,reminders.complete
i already did that one clear it,reminders.complete
that task is taken care of,reminders.complete
go ahead and finish that reminder,reminders.complete
i wrapped that up mark it done,reminders.complete
you can clear that reminder now,reminders.complete
i completed it remove the reminder,reminders.complete
done dealt with that reminder,reminders.complete
i finished that reminder mark it,reminders.complete
that reminder is done remove it,reminders.complete
i'm done with that task clear the reminder,reminders.complete
that to-do is finished mark it complete,reminders.complete
wrap up that reminder it's done,reminders.complete
i've completed that reminder,reminders.complete
explain the volume controls,Help_Volume
how can i set volume per ear,Help_Volume
how do i tweak the volume on each side,Help_Volume
explain how to make it louder or softer,Help_Volume
volume settings help,Help_Volume
how does the volume control work,Help_Volume
what's the way to change volume,Help_Volume
help with the volume feature,Help_Volume
how do i make one side louder,Help_Volume
explain adjusting volume per ear,Help_Volume
what's the volume control feature,Help_Volume
guide me on volume adjustment,Help_Volume
where are the loudness settings,Help_Volume
how do volume changes get saved,Help_Volume
explain the loudness controls,Help_Volume
help me understand volume per side,Help_Volume
can i have a different volume in each ear,Help_Volume
different volume for my left and right,Help_Volume
adjust each ear's volume separately,Help_Volume
control the loudness of each aid on its own,Help_Volume
how do i move between settings,Help_ChangingMemories
what's the way to change my program,Help_ChangingMemories
how do different programs work,Help_ChangingMemories
guide me through changing memories,Help_ChangingMemories
how can i flip between modes,Help_ChangingMemories
explain how memory switching works,Help_ChangingMemories
how do i toggle my hearing programs,Help_ChangingMemories
what does changing memory do,Help_ChangingMemories
how do i go from one program to another,Help_ChangingMemories
explain how to move between my programs,Help_ChangingMemories
help understanding program switching,Help_ChangingMemories
how does changing profiles work,Help_ChangingMemories
what's the way to change between settings,Help_ChangingMemories
explain switching my hearing modes,Help_ChangingMemories
help with moving between memories,Help_ChangingMemories
how do program changes work on my aids,Help_ChangingMemories
help me switch between profiles,Help_ChangingMemories
how do i switch profiles,Help_ChangingMemories
walk me through switching profiles,Help_ChangingMemories
can i rename my memories,Help_MemoryOptions
explain memory options,Help_MemoryOptions
how do i delete a program,Help_MemoryOptions
how do i save a favorite program,Help_MemoryOptions
can i set a program for a place,Help_MemoryOptions
help with memory presets,Help_MemoryOptions
how do custom programs work,Help_MemoryOptions
explain the program options,Help_MemoryOptions
how many memories can i have,Help_MemoryOptions
what are my program choices,Help_MemoryOptions
help me set up a custom memory,Help_MemoryOptions
how do i organize my memories,Help_MemoryOptions
what can i do with program presets,Help_MemoryOptions
how do i add or remove a program,Help_MemoryOptions
guide me on program options,Help_MemoryOptions
explain bluetooth pairing,Help_Pairing
my aids won't connect to the app,Help_Pairing
how to set up bluetooth,Help_Pairing
why won't my aids pair,Help_Pairing
how do i link my aids to bluetooth,Help_Pairing
steps to pair my devices,Help_Pairing
bluetooth pairing help,Help_Pairing
i lost the connection to my hearing aids,Help_Pairing
my hearing aids disconnected reconnect them,Help_Pairing
the connection to my aids dropped,Help_Pairing
reconnect my hearing aids to the app,Help_Pairing
my aids keep losing the bluetooth link,Help_Pairing
how do i find lost hearing aids,Help_FindMyHearingAids
explain the find my aids feature,Help_FindMyHearingAids
where is the locator for my aids,Help_FindMyHearingAids
what's the find my hearing aids tool,Help_FindMyHearingAids
how can the app help me find my aids,Help_FindMyHearingAids
guide me to the aid finder,Help_FindMyHearingAids
how do i track down my aids,Help_FindMyHearingAids
where do i see my aids last location,Help_FindMyHearingAids
help finding my hearing aids feature,Help_FindMyHearingAids
how do i use find my hearing aids,Help_FindMyHearingAids
what does the locate aids feature do,Help_FindMyHearingAids
find my aids help,Help_FindMyHearingAids
how do i search for my hearing aids in the app,Help_FindMyHearingAids
what accessories work with my aids,Help_Accessories
explain the remote microphone,Help_Accessories
what add-ons are available,Help_Accessories
help with the remote mic,Help_Accessories
do my aids support a tv connector,Help_Accessories
explain the accessory options,Help_Accessories
accessories help please,Help_Accessories
what hardware can i add,Help_Accessories
guide me on accessories,Help_Accessories
can i use a clip on microphone,Help_Accessories
can i connect an external mic,Help_Accessories
what microphones can i pair,Help_Accessories
is there a tv streaming accessory,Help_Accessories
can i add a partner mic,Help_Accessories
does a remote microphone work with my aids,Help_Accessories
what extra mics are supported,Help_Accessories
can i use a lapel mic with my aids,Help_Accessories
can i stream using a remote microphone,Help_Accessories
does a clip on mic send audio to my aids,Help_Accessories
use an external mic accessory with my aids,Help_Accessories
does the partner mic stream to my hearing aids,Help_Accessories
can i pair a wearable microphone,Help_Accessories
what microphone accessories can stream to me,Help_Accessories
connect a remote mic accessory,Help_Accessories
can my audiologist tune my aids remotely,Help_RemoteProgramming
explain remote adjustments,Help_RemoteProgramming
how do i get remote fine tuning,Help_RemoteProgramming
what is remote tuning,Help_RemoteProgramming
explain how remote tuning works,Help_RemoteProgramming
how do remote updates to my aids work,Help_RemoteProgramming
guide me on remote programming,Help_RemoteProgramming
what does remote programming let me do,Help_RemoteProgramming
help understanding remote tuning,Help_RemoteProgramming
explain how my audiologist tunes me remotely,Help_RemoteProgramming
help with getting a remote adjustment,Help_RemoteProgramming
how do remote fittings work,Help_RemoteProgramming
guide me on remote fine tuning,Help_RemoteProgramming
what is the remote fitting process,Help_RemoteProgramming
my ears keep ringing what can i do,Help_Tinnitus
what does the tinnitus tool do,Help_Tinnitus
how do i use tinnitus relief,Help_Tinnitus
is there a feature for ear ringing,Help_Tinnitus
how does the masking sound help tinnitus,Help_Tinnitus
help for the constant ringing,Help_Tinnitus
what are my options for tinnitus,Help_Tinnitus
how do i turn on tinnitus relief,Help_Tinnitus
guide me on tinnitus management,Help_Tinnitus
tinnitus feature help,Help_Tinnitus
how can my aids help with ringing,Help_Tinnitus
help with the ringing in my ears feature,Help_Tinnitus
how do i manage my tinnitus,Help_Tinnitus
the masking sound feature help,Help_Tinnitus
how do i start the tinnitus relief sound,Help_Tinnitus
explain how the aids help with ringing,Help_Tinnitus
guide me on tinnitus relief,Help_Tinnitus
what does the tinnitus feature do,Help_Tinnitus
how do i use the masking noise,Help_Tinnitus
explain the relief sound for ringing ears,Help_Tinnitus
the ringing in my ears is unbearable,Help_Tinnitus
the constant ringing is maddening,Help_Tinnitus
explain the self check feature,Help_SelfCheck
how do i test my hearing aids,Help_SelfCheck
what does the self check do,Help_SelfCheck
help me check if my aids work,Help_SelfCheck
how to run diagnostics on my aids,Help_SelfCheck
self check help please,Help_SelfCheck
where is the device test,Help_SelfCheck
how do i make sure my aids are okay,Help_SelfCheck
run me through the self check,Help_SelfCheck
what does a self check tell me,Help_SelfCheck
how do i diagnose my hearing aids,Help_SelfCheck
help checking if something is wrong with my aid,Help_SelfCheck
guide me on running a device test,Help_SelfCheck
what does running a diagnostic check do,Help_SelfCheck
what is my thrive score,Help_ThriveScore
how is my score calculated,Help_ThriveScore
help me understand the thrive score,Help_ThriveScore
what does my body and brain score mean,Help_ThriveScore
explain the engagement score,Help_ThriveScore
what's a good thrive score,Help_ThriveScore
how do i check my wellness score,Help_ThriveScore
explain my brain score,Help_ThriveScore
show my daily wellness rating,Help_ThriveScore
what's my total thrive number,Help_ThriveScore
where is my engagement rating,Help_ThriveScore
my overall score for the day,Help_ThriveScore
how do i view my thrive rating,Help_ThriveScore
where's my combined body and brain rating,Help_ThriveScore
what is my daily achievement score,Help_ThriveScore
the audio keeps cutting out what do i do,Help_DeviceSettings
my aids sound distorted help,Help_DeviceSettings
why does the sound drop sometimes,Help_DeviceSettings
everything sounds fuzzy how do i fix it,Help_DeviceSettings
help my aids sound off,Help_DeviceSettings
the sound quality went bad,Help_DeviceSettings
my aids keep glitching,Help_DeviceSettings
sound is crackling in my hearing aids,Help_DeviceSettings
help with bad audio from my aids,Help_DeviceSettings
why do my aids sound strange,Help_DeviceSettings
my hearing aids aren't sounding right,Help_DeviceSettings
my hearing aids keep cutting out,Help_DeviceSettings
help my aids sound crackly,Help_DeviceSettings
the sound quality is poor lately,Help_DeviceSettings
why do my aids buzz,Help_DeviceSettings
my aids keep dropping sound,Help_DeviceSettings
help fixing the sound on my aids,Help_DeviceSettings
the audio is distorted on my hearing aids,Help_DeviceSettings
my aids sound tinny,Help_DeviceSettings
why is my hearing aid quiet on one side,Help_DeviceSettings
troubleshoot my hearing aid sound,Help_DeviceSettings
my aids cut out intermittently,Help_DeviceSettings
help with poor audio from my aids,Help_DeviceSettings
fix the static in my aids,Help_DeviceSettings
help my hearing aids aren't sounding right,Help_DeviceSettings
sort out the sound issue on my aids,Help_DeviceSettings
help with my hearing aid sound settings,Help_DeviceSettings
sort out my device audio,Help_DeviceSettings
my aids need adjusting they sound bad,Help_DeviceSettings
repair the audio on my hearing aids,Help_DeviceSettings
help me fix my aid settings,Help_DeviceSettings
my audio quality has gone downhill,Help_DeviceSettings
the sound from my aids has gotten worse,Help_DeviceSettings
my hearing aid sound keeps glitching,Help_DeviceSettings
explain the smart voice feature,Help_IntelliVoice
what does intelligent voice do,Help_IntelliVoice
how do i turn on intellivoice,Help_IntelliVoice
help with the speech enhancement feature,Help_IntelliVoice
how does the voice clarity feature work,Help_IntelliVoice
explain dnn speech enhancement,Help_IntelliVoice
guide me on intelligent voice,Help_IntelliVoice
how do i enable speech enhancement,Help_IntelliVoice
tell me about the intelligent voice feature,Help_IntelliVoice
how does fall detection work,Help_FallAlert
explain the fall alert feature,Help_FallAlert
help with fall alerts,Help_FallAlert
how do i turn on fall detection,Help_FallAlert
what does the fall alert do,Help_FallAlert
guide me on fall alerts,Help_FallAlert
who gets notified if i fall,Help_FallAlert
how reliable is the fall alert,Help_FallAlert
how do fall notifications work,Help_FallAlert
will it notice if i take a tumble,Help_FallAlert
does it catch a fall,Help_FallAlert
will it know if i fall over,Help_FallAlert
does it spot a fall and alert someone,Help_FallAlert
will a tumble trigger an alert,Help_FallAlert
how do i share what i hear,Help_HearShare
explain hearshare,Help_HearShare
can someone listen along with me,Help_HearShare
help setting up hearshare,Help_HearShare
how do i add a person to hearshare,Help_HearShare
what is the hearshare feature,Help_HearShare
how do i let a caregiver listen,Help_HearShare
guide me through hearshare,Help_HearShare
how does hearshare connect another person,Help_HearShare
what does shared listening do,Help_HearShare
help me use hearshare,Help_HearShare
how do i let another person hear with me,Help_HearShare
explain sharing my audio with family,Help_HearShare
help with the shared listening feature,Help_HearShare
can a caregiver listen to what i hear,Help_HearShare
how do i invite someone to hearshare,Help_HearShare
how do i share my hearing aid audio,Help_HearShare
guide me on sharing what i hear,Help_HearShare
can two people listen together,Help_HearShare
how does sharing audio with another person work,Help_HearShare
let a friend hear what i hear,Help_HearShare
i want someone to listen along,Help_HearShare
can my spouse hear through my aids,Help_HearShare
share my audio with a loved one,Help_HearShare
let another person hear what i hear,Help_HearShare
stream my hearing to someone else,Help_HearShare
can a friend listen along with me,Help_HearShare
share my hearing aid audio with someone,Help_HearShare
let a family member listen in,Help_HearShare
send what i hear to another person,Help_HearShare
how do i let someone listen with me,Help_HearShare
share my audio so others can hear,Help_HearShare
what voice assistants can i use,Help_VoiceAssistant
can i use siri with my aids,Help_VoiceAssistant
explain the voice assistant feature,Help_VoiceAssistant
how do i set up google assistant,Help_VoiceAssistant
does it work with alexa,Help_VoiceAssistant
how do i talk to my voice assistant,Help_VoiceAssistant
explain how voice control works,Help_VoiceAssistant
what can the voice assistant do,Help_VoiceAssistant
voice assistant help please,Help_VoiceAssistant
can i control my aids by voice,Help_VoiceAssistant
explain using a voice assistant with my aids,Help_VoiceAssistant
can i pair siri to my hearing aids,Help_VoiceAssistant
guide me on the voice assistant feature,Help_VoiceAssistant
how do i use google assistant with my aids,Help_VoiceAssistant
explain how to insert my aids,Help_InsertDevice
which way does the aid go in my ear,Help_InsertDevice
help putting in my hearing aids,Help_InsertDevice
my aid keeps falling out how do i fit it,Help_InsertDevice
guide me on inserting my hearing aids,Help_InsertDevice
how should the aid sit in my ear,Help_InsertDevice
tips for putting in my aids,Help_InsertDevice
how do i place the dome in my ear,Help_InsertDevice
help me fit my hearing aids,Help_InsertDevice
what's the right way to insert my aids,Help_InsertDevice
how do i get the aid to stay in,Help_InsertDevice
inserting hearing aids help,Help_InsertDevice
my hearing aid keeps slipping out,Help_InsertDevice
the aid won't stay in my ear,Help_InsertDevice
my device won't sit properly,Help_InsertDevice
the hearing aid falls out when i chew,Help_InsertDevice
my aid feels loose in my ear,Help_InsertDevice
why does my aid keep coming out,Help_InsertDevice
the dome won't stay put,Help_InsertDevice
my aid keeps working its way out,Help_InsertDevice
how do i keep my aid from falling out,Help_InsertDevice
my hearing aid falls out of my ear,Help_InsertDevice
the device won't stay seated in my ear,Help_InsertDevice
my hearing aid won't stay in it keeps coming out,Help_InsertDevice
where are the app preferences,Help_AppSettings
how do i reset the app,Help_AppSettings
help with the app configuration,Help_AppSettings
how do i update my app preferences,Help_AppSettings
how do i change the app language,Help_AppSettings
guide me through app settings,Help_AppSettings
how do i adjust notifications in the app,Help_AppSettings
how do i set up the app the way i want,Help_AppSettings
how do i clean my hearing aids,Help_CleanCare
what's the best way to clean my aids,Help_CleanCare
tips for cleaning my aids,Help_CleanCare
how do i remove wax from my aids,Help_CleanCare
how should i store my aids overnight,Help_CleanCare
how do i keep moisture out of my aids,Help_CleanCare
explain hearing aid maintenance,Help_CleanCare
is it safe to get my aids wet,Help_CleanCare
can my hearing aids handle water,Help_CleanCare
what if my aids get damp,Help_CleanCare
can i wear my aids in the shower,Help_CleanCare
what happens if my aids get wet,Help_CleanCare
can i clean my aids with water,Help_CleanCare
how do i deal with sweat on my aids,Help_CleanCare
how do i take care of my aids,Help_CleanCare
how do i look after my hearing aids,Help_CleanCare
caring for and maintaining my aids,Help_CleanCare
how do i personalize my sound,Help_Customize
explain how to customize my aids,Help_Customize
how do i tailor my hearing experience,Help_Customize
help customizing my settings,Help_Customize
what can i personalize on my aids,Help_Customize
guide me on customizing sound,Help_Customize
customization help please,Help_Customize
how do i customize how things sound,Help_Customize
how do i fine tune my sound preferences,Help_Customize
help tailoring my hearing experience,Help_Customize
how do i set my own sound profile,Help_Customize
guide me on customizing my sound,Help_Customize
how do i change the tone of my aids,Help_Customize
help customizing how things sound,Help_Customize
any new updates to know about,Help_WhatsNew
explain what changed in this version,Help_WhatsNew
what improvements are new,Help_WhatsNew
what features were just added,Help_WhatsNew
catch me up on new stuff,Help_WhatsNew
recent feature updates please,Help_WhatsNew
how does the cros system work,Help_WiCROS
what is a cros hearing aid,Help_WiCROS
help with my cros setup,Help_WiCROS
how does cros send sound to my good ear,Help_WiCROS
what does the cros do,Help_WiCROS
explain how cros and bicros work,Help_WiCROS
guide me on the cros feature,Help_WiCROS
how do i set up cros,Help_WiCROS
tell me about the cros system,Help_WiCROS
what can this app do for me,Help_Home
i'm new help me get started,Help_Home
give me an overview of the app,Help_Home
help me figure out the app,Help_Home
explain the main screen to me,Help_Home
where do i go to do things,Help_Home
help me get oriented,Help_Home
what are the main things i can do,Help_Home
introduce me to the app,Help_Home
i'm completely lost in here,Help_Home
i can't make sense of the app,Help_Home
help i'm overwhelmed by the app,Help_Home
explain battery options for my aids,Help_Battery
my battery drains too fast why,Help_Battery
how long should a battery last,Help_Battery
help with battery questions,Help_Battery
what battery size do my aids use,Help_Battery
tips to make my batteries last longer,Help_Battery
how do i change the battery,Help_Battery
what's the best battery for my aids,Help_Battery
guide me on battery care,Help_Battery
why do batteries die quickly in my aids,Help_Battery
how do i manage my reminders,Help_Reminder
help with setting up reminders,Help_Reminder
where do i see my reminders,Help_Reminder
what can the reminder feature do,Help_Reminder
guide me on using reminders,Help_Reminder
how do i make a repeating reminder,Help_Reminder
how do reminder notifications work,Help_Reminder
can i set up a daily reminder,Help_Reminder
how do i make a reminder repeat daily,Help_Reminder
can reminders repeat every day,Help_Reminder
how does translation work in the app,Help_Translate
is spanish supported for translation,Help_Translate
help with the translate function,Help_Translate
what is the translate feature,Help_Translate
guide me on using translate,Help_Translate
does translate save conversations,Help_Translate
how do i set the translation language,Help_Translate
how do i use the translation tool,Help_Translate
explain real time translation,Help_Translate
help with the language translation feature,Help_Translate
how good is the translation feature,Help_Translate
which languages does translation support,Help_Translate
tell me about the translation feature,Help_Translate
can the app translate languages for me,Help_Translate
explain how translation works on my aids,Help_Translate
what's the translate feature for,Help_Translate
help understanding the translate feature,Help_Translate
does translation work both ways,Help_Translate
what translation languages are offered,Help_Translate
how do i pick a translation language,Help_Translate
is spanish available for translation,Help_Translate
are there many languages to translate,Help_Translate
is my language offered for translation,Help_Translate
what languages does the translate feature offer,Help_Translate
is german one of the translation options,Help_Translate
help with transcription,Help_Transcribe
how accurate is the transcription,Help_Transcribe
guide me on using transcribe,Help_Transcribe
where do i find transcription,Help_Transcribe
how do i read what was transcribed,Help_Transcribe
explain how captions work in the app,Help_Transcribe
what does the transcribe feature do,Help_Transcribe
how do i use speech to text,Help_Transcribe
help with the captioning feature,Help_Transcribe
is there a way to caption conversations,Help_Transcribe
what's the transcription feature for,Help_Transcribe
how do captions work on my aids,Help_Transcribe
explain the speech to text feature,Help_Transcribe
help understanding transcription,Help_Transcribe
how do i view a transcript,Help_Transcribe
where do transcripts get saved,Help_Transcribe
where do i see my health data,Help_Health
how do i view my fitness summary,Help_Health
where is my activity overview,Help_Health
help with the health screen,Help_Health
what health info does the app track,Help_Health
where do i see steps and exercise together,Help_Health
what's on the health dashboard,Help_Health
how do i check my overall activity,Help_Health
explain my fitness tracking,Help_Health
where do my health metrics show,Help_Health
where is my fitness overview,Help_Health
show my activity and exercise summary,Help_Health
my daily health metrics,Help_Health
where do my steps and workouts show together,Help_Health
open my wellness dashboard,Help_Health
my overall activity stats,Help_Health
can my aids track my heart rate,Help_HeartRate
how do i see my heart rate,Help_HeartRate
where do i find my pulse readings,Help_HeartRate
help with heart rate tracking,Help_HeartRate
how does heart rate monitoring work,Help_HeartRate
where do i see my beats per minute,Help_HeartRate
how accurate is the heart rate,Help_HeartRate
how do i check my pulse on the app,Help_HeartRate
what does the heart rate feature show,Help_HeartRate
where do i check my bpm,Help_HeartRate
show me my bpm,Help_HeartRate
what's my current bpm,Help_HeartRate
my bpm please,Help_HeartRate
track my bpm on the app,Help_HeartRate
see my pulse in bpm,Help_HeartRate
what is heart rate recovery,Help_HeartRateRecovery
explain the recovery metric,Help_HeartRateRecovery
what does my recovery score mean,Help_HeartRateRecovery
explain how recovery is tracked,Help_HeartRateRecovery
why does heart rate recovery matter,Help_HeartRateRecovery
where do i find recovery data,Help_HeartRateRecovery
what's a healthy recovery rate,Help_HeartRateRecovery
how do i connect for a remote appointment,Help_HearingCareAnywhereConnect
explain hearing care anywhere,Help_HearingCareAnywhereConnect
how do i reach my audiologist through the app,Help_HearingCareAnywhereConnect
help connecting to my provider remotely,Help_HearingCareAnywhereConnect
how do i request remote care,Help_HearingCareAnywhereConnect
how do i send a request to my specialist,Help_HearingCareAnywhereConnect
guide me on connecting with my clinician,Help_HearingCareAnywhereConnect
how does remote care connect work,Help_HearingCareAnywhereConnect
set up a remote session with my provider,Help_HearingCareAnywhereConnect
how do i get new settings from my audiologist,Help_HearingCareAnywhereConnect
how do i link with my hearing professional,Help_HearingCareAnywhereConnect
explain connecting for remote support,Help_HearingCareAnywhereConnect
how do i start a remote care request,Help_HearingCareAnywhereConnect
explain the mask mode feature,Help_MaskMode
help with mask mode,Help_MaskMode
how does mask mode help with face masks,Help_MaskMode
guide me on mask mode,Help_MaskMode
how do i enable mask mode for masks,Help_MaskMode
does mask mode help me hear masked voices,Help_MaskMode
when is mask mode useful,Help_MaskMode
how do i switch on mask mode for masks,Help_MaskMode
help with edge mode,Help_EdgeMode
how does edge mode improve sound,Help_EdgeMode
guide me on edge mode,Help_EdgeMode
how do i turn on edge mode for tough situations,Help_EdgeMode
edge mode help please,Help_EdgeMode
when is edge mode helpful,Help_EdgeMode
help me understand edge mode,Help_EdgeMode
what situations is edge mode for,Help_EdgeMode
guide me on using edge mode,Help_EdgeMode
how does edge mode adapt the sound,Help_EdgeMode
there's too much wind noise what setting helps,Help_EdgeMode
the wind outside is overwhelming what can i do,Help_EdgeMode
reduce wind noise in tough conditions,Help_EdgeMode
how do i turn on demo mode,Help_DemoMode
what does demo mode do,Help_DemoMode
how do i use the demo feature,Help_DemoMode
guide me on demo mode,Help_DemoMode
demo mode help please,Help_DemoMode
when would i use demo mode,Help_DemoMode
tell me about demo mode,Help_DemoMode
who won the game last night,Default Fallback Intent
what's a good movie to watch,Default Fallback Intent
what's the score of the match,Default Fallback Intent
tell me a fun fact,Default Fallback Intent
give me a recipe for soup,Default Fallback Intent
what's a good restaurant nearby,Default Fallback Intent
what should i watch tonight,Default Fallback Intent
who is the president,Default Fallback Intent
what's on tv tonight,Default Fallback Intent
plan my vacation,Default Fallback Intent
what should i wear today,Default Fallback Intent
what's a good gift idea,Default Fallback Intent
tell me about the news,Default Fallback Intent
how far is the nearest store,Default Fallback Intent
tone it down a bit,Cmd.VolumeDecrease
it's too loud in here,Cmd.VolumeDecrease
turn down a notch,Cmd.VolumeDecrease
cut the volume,Cmd.VolumeDecrease
reduce the sound,Cmd.VolumeDecrease
pump the brakes on the volume,Cmd.VolumeDecrease
pull back the volume,Cmd.VolumeDecrease
can you quiet it down,Cmd.VolumeDecrease
get that volume out of my ear,Cmd.VolumeDecrease
please make this quieter,Cmd.VolumeDecrease
switch my hearing program,Cmd.MemoryChange
i need a different memory for this location,Cmd.MemoryChange
activate my office program,Cmd.MemoryChange
set it to the outdoor setting,Cmd.MemoryChange
use the music program instead,Cmd.MemoryChange
i need my quiet program,Cmd.MemoryChange
go back to my standard setting,Cmd.MemoryChange
pick my telephone program,Cmd.MemoryChange
i'm in the car now,Cmd.MemoryChange
use my driving setting,Cmd.MemoryChange
apply wind noise reduction,Cmd.MemoryChange
will i make it through the day,Cmd.BatteryLevel
check the battery level,Cmd.BatteryLevel
are the batteries low,Cmd.BatteryLevel
do i need to charge soon,Cmd.BatteryLevel
what's my power level,Cmd.BatteryLevel
battery status please,Cmd.BatteryLevel
is there enough power remaining,Cmd.BatteryLevel
will they last all day,Cmd.BatteryLevel
what's the current battery level,Cmd.BatteryLevel
i'm running low aren't i,Cmd.BatteryLevel
am i good on batteries,Cmd.BatteryLevel
tell me the charge status,Cmd.BatteryLevel
show me the hearing aid battery level,Cmd.BatteryLevel
i lost track of my aids,Help_FindMyHearingAids
did i drop my aids somewhere,Help_FindMyHearingAids
which room did i leave my aid in,Help_FindMyHearingAids
have you seen my aids,Help_FindMyHearingAids
where's the find my hearing aid feature,Help_FindMyHearingAids
i need to remember this,reminders.add
save this for me please,reminders.add
i might forget this,reminders.add
set up a reminder for that,reminders.add
help me remember to do that,reminders.add
can you remind me about this later,reminders.add
i'll need a reminder for this,reminders.add
make a note to remind me,reminders.add
keep this in mind for me,reminders.add
remind me i need to do this,reminders.add
i have something i need to remember,reminders.add
jot that down as a reminder,reminders.add
send an sms to my friend,Cmd.SendMessage
text someone for me,Cmd.SendMessage
i need to contact someone quickly,Cmd.SendMessage
text a quick note,Cmd.SendMessage
send word to my family,Cmd.SendMessage
i need to reach out to someone,Cmd.SendMessage
transmit a message,Cmd.SendMessage
forward this to someone,Cmd.SendMessage
reach out with this message,Cmd.SendMessage
i want to message someone,Cmd.SendMessage
shoot a message to someone,Cmd.SendMessage
stream the audio to my devices,Cmd.StreamingStart
connect the sound to my hearing aids,Cmd.StreamingStart
send the television audio to my aids,Cmd.StreamingStart
i want to hear the tv in my aids,Cmd.StreamingStart
direct the audio to my hearing devices,Cmd.StreamingStart
pipe the sound through my aids,Cmd.StreamingStart
beam the tv sound to me,Cmd.StreamingStart
wireless stream the audio,Cmd.StreamingStart
use my hearing aids as speakers,Cmd.StreamingStart
deliver the sound to my aids,Cmd.StreamingStart
transfer audio to my devices,Cmd.StreamingStart
enable audio streaming,Cmd.StreamingStart
activate sound streaming,Cmd.StreamingStart
let me hear the tv through my aids,Cmd.StreamingStart
sync the audio to my aids,Cmd.StreamingStart
transmit the sound wirelessly,Cmd.StreamingStart
can you explain the basics,Help_Home
where should i start,Help_Home
i don't know what to do,Help_Home
show me the fundamentals,Help_Home
what's the simplest way to begin,Help_Home
i'm new to this,Help_Home
guide me through the main features,Help_Home
what's the overview,Help_Home
take me on a tour,Help_Home
explain the main screen,Help_Home
break it down for me,Help_Home
make it quieter,Cmd.VolumeDecrease
soften it,Cmd.VolumeDecrease
dial down the volume,Cmd.VolumeDecrease
quiet this down,Cmd.VolumeDecrease
sounds too loud for me,Cmd.VolumeDecrease
please lower the volume,Cmd.VolumeDecrease
make the sound quieter,Cmd.VolumeDecrease
turn down the gain,Cmd.VolumeDecrease
decrease the loudness,Cmd.VolumeDecrease
it needs to be softer,Cmd.VolumeDecrease
can it be less loud,Cmd.VolumeDecrease
back off the volume,Cmd.VolumeDecrease
roll back the sound level,Cmd.VolumeDecrease
lower it down please,Cmd.VolumeDecrease
hush it up,Cmd.VolumeDecrease
tamp down the volume,Cmd.VolumeDecrease
reduce the noise level,Cmd.VolumeDecrease
i need quieter sound,Cmd.VolumeDecrease
turn down the level,Cmd.VolumeDecrease
the audio is too hot,Cmd.VolumeDecrease
dim the volume,Cmd.VolumeDecrease
quiet it please,Cmd.VolumeDecrease
battery information,Cmd.BatteryLevel
check the power,Cmd.BatteryLevel
charge status,Cmd.BatteryLevel
battery check now,Cmd.BatteryLevel
what is the charge,Cmd.BatteryLevel
what can i do with this app,Help_Home
what is this app for,Help_Home
what does this do,Help_Home
how do i use this,Help_Home
what can the app do,Help_Home
guide me through the interface,Help_Home
what should i know first,Help_Home
what is this screen for,Help_Home
explain what i can do here,Help_Home
where do i start learning,Help_Home
what do all these buttons do,Help_Home
where is the help,Help_Home
how do i navigate,Help_Home
what is this interface,Help_Home
how do i access settings,Help_Home
what does each button do,Help_Home
where can i learn more,Help_Home
what features should i know about,Help_Home
send a message to someone,Cmd.SendMessage
i want to text a contact,Cmd.SendMessage
send a message to a person,Cmd.SendMessage
write a message,Cmd.SendMessage
message my friend,Cmd.SendMessage
send an email,Cmd.SendMessage
contact someone by text,Cmd.SendMessage
send a text message,Cmd.SendMessage
text this person,Cmd.SendMessage
message this contact,Cmd.SendMessage
send word,Cmd.SendMessage
reach out to a contact,Cmd.SendMessage
send a text to someone,Cmd.SendMessage
message a friend,Cmd.SendMessage
text a family member,Cmd.SendMessage
communicate via text,Cmd.SendMessage
enable streaming,Cmd.StreamingStart
stream sound,Cmd.StreamingStart
activate streaming,Cmd.StreamingStart
hear audio in my aids,Cmd.StreamingStart
send audio to my aids,Cmd.StreamingStart
stream this to my aids,Cmd.StreamingStart
wireless hearing aid connection,Cmd.StreamingStart
stream the podcast,Cmd.StreamingStart
wireless stream audio,Cmd.StreamingStart
receive audio streaming,Cmd.StreamingStart
set up audio streaming,Cmd.StreamingStart
stream to both hearing aids,Cmd.StreamingStart
audio connection to aids,Cmd.StreamingStart
hearing aid audio link,Cmd.StreamingStart
enable direct audio,Cmd.StreamingStart
hearing aid audio stream,Cmd.StreamingStart
connect directly to aids,Cmd.StreamingStart
my ears can't handle this level,Cmd.VolumeDecrease
ease off the volume a little,Cmd.VolumeDecrease
this is blasting my eardrums,Cmd.VolumeDecrease
knock the sound down a bit,Cmd.VolumeDecrease
drop it down a few clicks,Cmd.VolumeDecrease
the sound is overwhelming me,Cmd.VolumeDecrease
ratchet the volume back,Cmd.VolumeDecrease
trim the loudness please,Cmd.VolumeDecrease
i'm at a noisy restaurant now,Cmd.MemoryChange
shift into the outdoor profile,Cmd.MemoryChange
set me up for a concert,Cmd.MemoryChange
i need the setting for dining out,Cmd.MemoryChange
move to my church program,Cmd.MemoryChange
change profiles for this room,Cmd.MemoryChange
dial in the mode for traffic noise,Cmd.MemoryChange
i'm settling in for tv time,Cmd.MemoryChange
switch over to my gym preset,Cmd.MemoryChange
how charged are my aids,Cmd.BatteryLevel
got enough battery for a movie,Cmd.BatteryLevel
is my battery about to run out,Cmd.BatteryLevel
are these almost dead,Cmd.BatteryLevel
percentage of battery left please,Cmd.BatteryLevel
is my power almost gone,Cmd.BatteryLevel
i've misplaced both my aids,Help_FindMyHearingAids
track down where my aids are,Help_FindMyHearingAids
locate my missing earpiece,Help_FindMyHearingAids
i set my aids down and lost them,Help_FindMyHearingAids
show me around the app,Help_Home
help me find my way around,Help_Home
make sure i remember to take my meds,reminders.add
set a reminder so i don't forget,reminders.add
route the tv audio into my aids,Cmd.StreamingStart
play the audio directly in my ears,Cmd.StreamingStart
stream the broadcast to my devices,Cmd.StreamingStart
fire off a text to a contact,Cmd.SendMessage
i need to write a message to someone,Cmd.SendMessage
it's a bit quieter here can you make it audible,Cmd.VolumeIncrease
