text,intent,source
please change program to television,Cmd.MemoryChange,reference_train
run me through the self check,Help_SelfCheck,reference_train
do you support italian translation,Help_Translate,reference_train
please i need a car battery,Default Fallback Intent,reference_train
can you remind me tomorrow to,reminders.add,reference_train
please set program to one,Cmd.MemoryChange,reference_train
where do i initiate a manual alert message?,Help_FallAlert,reference_train
please set memory to quiet,Cmd.MemoryChange,reference_train
change to program one,Cmd.MemoryChange,reference_train
please set reminder for 7 am tomorrow yoga,reminders.add,reference_train
just keep me that you searching,Default Fallback Intent,reference_train
can you whats my battery charge,Cmd.BatteryLevel,reference_train
send what i hear to another person,Help_HearShare,reference_train
can you turn volume on,Cmd.VolumeUnmute,reference_train
can you phone,Default Fallback Intent,reference_train
what is wicros,Help_WiCROS,reference_train
can you provincial hearing this is waiting to see how can i help you,Default Fallback Intent,reference_train
set to personal memory,Cmd.MemoryChange,reference_train
please set setting to four,Cmd.MemoryChange,reference_train
program one,Cmd.MemoryChange,reference_train
please volume on left aid,Cmd.VolumeUnmute,reference_train
please change program to four,Cmd.MemoryChange,reference_train
explain when edge mode helps,Help_EdgeMode,reference_train
change the program for this place,Cmd.MemoryChange,reference_train
meeting setting,Cmd.MemoryChange,reference_train
please remind me to pick up my prescription at 5 p.m. on sunday,reminders.add,reference_train
disconnect the remote microphone,Cmd.StreamingStop,reference_train
new reminder eat an apple every day at 9 a.m.,reminders.add,reference_train
have i reached my jogging goal?,Cmd.ActivityRun,reference_train
remind me of blood brothers,reminders.add,reference_train
how do i set up language translation,Help_Translate,reference_train
please send me a reminder to leave for work in 10 minutes,reminders.add,reference_train
thank you so much,Default Fallback Intent,reference_train
can you change to meeting,Cmd.MemoryChange,reference_train
please and push it down for dramatics,Default Fallback Intent,reference_train
please play the microphone,Cmd.StreamingStart,reference_train
can you speech memory,Cmd.MemoryChange,reference_train
please switch to theater,Cmd.MemoryChange,reference_train
step the volume up,Cmd.VolumeIncrease,reference_train
i need a car battery,Default Fallback Intent,reference_train
what features does this app have,Help_Home,reference_train
where should i start,Help_Home,reference_train
please 328 cedar falls,Default Fallback Intent,reference_train
can you turn up the volume on the hearing aid,Cmd.VolumeIncrease,reference_train
can you set program to three,Cmd.MemoryChange,reference_train
please the score of the minnesota twins game,Default Fallback Intent,reference_train
help me hear better,Cmd.VolumeIncrease,reference_train
can you hearing aids transcribe help,Help_Transcribe,reference_train
can you turn volume down,Cmd.VolumeDecrease,reference_train
help with bad audio from my aids,Help_DeviceSettings,reference_train
end the silence,Cmd.VolumeUnmute,reference_train
how do i adjust my loudness of the tinnitus volume in the hearing aid?,Help_Tinnitus,reference_train
can you set memory to tinnitus,Cmd.MemoryChange,reference_train
please i need an adjustment to my aids,Help_RemoteProgramming,reference_train
it's less the fucking thing altogether,Default Fallback Intent,reference_train
help me remember to call grandma this evening,reminders.add,reference_train
please change memory to train,Cmd.MemoryChange,reference_train
can you help for transcribe,Help_Transcribe,reference_train
can you turn my left hearing aid up,Cmd.VolumeIncrease,reference_train
set memory to home,Cmd.MemoryChange,reference_train
how much power do i have left,Cmd.BatteryLevel,reference_train
turn down the sound,Cmd.VolumeDecrease,reference_train
how do i change the cros balance on the transmitter?,Help_WiCROS,reference_train
how do i increase the treble,Help_Customize,reference_train
how can my aids help with ringing,Help_Tinnitus,reference_train
battery charge remaining,Cmd.BatteryLevel,reference_train
is it ok to push the mold in deep?,Help_InsertDevice,reference_train
reach out to a contact,Cmd.SendMessage,reference_train
how do i increase my activity score?,Help_ThriveScore,reference_train
i'm heading into a meeting,Cmd.MemoryChange,reference_train
change to quiet program,Cmd.MemoryChange,reference_train
how do i know if my hearing aid is working?,Help_SelfCheck,reference_train
can you tinnitus setting,Cmd.MemoryChange,reference_train
that's painfully loud,Cmd.VolumeDecrease,reference_train
guide me on the voice assistant feature,Help_VoiceAssistant,reference_train
please volume down left aid,Cmd.VolumeDecrease,reference_train
please help with changing programs on the phone,Help_ChangingMemories,reference_train
percentage of battery left please,Cmd.BatteryLevel,reference_train
can you sentences with more,Default Fallback Intent,reference_train
can you set reminder for everyday,reminders.add,reference_train
change memory to number two,Cmd.MemoryChange,reference_train
where’s the transcribe feature?,Help_Transcribe,reference_train
how do i change the name of my tv streamer?,Help_Accessories,reference_train
explain how to share my sound,Help_HearShare,reference_train
how many steps have i walked,Cmd.ActivityStep,reference_train
send a voice note,Cmd.SendMessage,reference_train
please have i stood an hour,Cmd.ActivityStand,reference_train
does my balance control stay the same if i change memories?,Help_WiCROS,reference_train
can you mute sound on hearing aids,Cmd.VolumeMute,reference_train
change memory to tinnitus,Cmd.MemoryChange,reference_train
please there is a problem with my hearing aids,Help_SelfCheck,reference_train
help with demo mode,Help_DemoMode,reference_train
remind me at noon,reminders.add,reference_train
turn down the volume in my left hearing aid,Cmd.VolumeDecrease,reference_train
can i restore default settings,Help_AppSettings,reference_train
switch memory to three,Cmd.MemoryChange,reference_train
please remind me today,reminders.add,reference_train
the tv is on but i miss what they say,Cmd.VolumeIncrease,reference_train
everything is coming in too hot,Cmd.VolumeDecrease,reference_train
how do i share my welness data?,Help_HearShare,reference_train
can the professional adjust the hearing aids remotely?,Help_RemoteProgramming,reference_train
please switch to noise program,Cmd.MemoryChange,reference_train
can you switch to school,Cmd.MemoryChange,reference_train
how do i invite a person with hearshare?,Help_HearShare,reference_train
how do i enable the sensitivity of double tap?,Help_DeviceSettings,reference_train
who won the ipl?,Default Fallback Intent,reference_train
i need an adjustment to my aids,Help_RemoteProgramming,reference_train
share information with my daughter,Help_HearShare,reference_train
what's new in the thrive app?,Help_WhatsNew,reference_train
where do i initiate a manual alert?,Help_FallAlert,reference_train
can i demo my hearing aids,Help_DemoMode,reference_train
i can't hear him so it's good,Default Fallback Intent,reference_train
how do i adjust the cros balance?,Help_WiCROS,reference_train
change memory to automatic,Cmd.MemoryChange,reference_train
can you start tv streaming,Cmd.StreamingStart,reference_train
how do i set up social notifications?,Help_DeviceSettings,reference_train
i took my pills mark it done,reminders.complete,reference_train
please i've got wax buildup,Help_CleanCare,reference_train
my aids dropped their bluetooth connection,Help_Pairing,reference_train
can you set program to worship,Cmd.MemoryChange,reference_train
help me with thrive assistant,Help_VoiceAssistant,reference_train
i'm stuck,Help_Home,reference_train
please set memory to number two,Cmd.MemoryChange,reference_train
give me audio again,Cmd.VolumeUnmute,reference_train
please switch to worship program,Cmd.MemoryChange,reference_train
please self check user guide,Help_SelfCheck,reference_train
how do i clean my itc hearing aids?,Help_CleanCare,reference_train
can you change memory to golf,Cmd.MemoryChange,reference_train
save the run i just finished,Cmd.ActivityRun,reference_train
please turn volume down,Cmd.VolumeDecrease,reference_train
complete reminder.,reminders.complete,reference_train
please help with changing programs using my thrive app,Help_ChangingMemories,reference_train
please send me a reminder to pay the cable bill on march 3,reminders.add,reference_train
i cannot find my other aid,Help_FindMyHearingAids,reference_train
switch to pub program,Cmd.MemoryChange,reference_train
can you volume up right aid,Cmd.VolumeIncrease,reference_train
please change to automatic,Cmd.MemoryChange,reference_train
please turn my right hearing aid on,Cmd.VolumeUnmute,reference_train
please change to mute memory,Cmd.MemoryChange,reference_train
i misplaced my devices,Help_FindMyHearingAids,reference_train
add a reminder,reminders.add,reference_train
can you new edema,Default Fallback Intent,reference_train
can you i need to pair my hearing aid to my phone,Help_Pairing,reference_train
help me find my phone,Cmd.FindMyPhone,reference_train
can you lost android phone,Cmd.FindMyPhone,reference_train
begin the live transcript,Cmd.TranscribeStart,reference_train
can you i need to pair the hearing aids with the phone,Help_Pairing,reference_train
open it up,Default Fallback Intent,reference_train
can you remind me to pick up my prescription at 5 p.m. on thursday,reminders.add,reference_train
i would like to set a reminder,reminders.add,reference_train
can you locate android phone,Cmd.FindMyPhone,reference_train
where do i stop a fall alert text?,Help_FallAlert,reference_train
how do i tie a tie,Default Fallback Intent,reference_train
pairing my aids with my phone,Help_Pairing,reference_train
golf program,Cmd.MemoryChange,reference_train
how do i enable the assistant,Help_VoiceAssistant,reference_train
when could i initiate a manual alert?,Help_FallAlert,reference_train
remind me to take medicine in 3 minutes,reminders.add,reference_train
how do i put this right hearing aid in?,Help_InsertDevice,reference_train
please self check help,Help_SelfCheck,reference_train
please raise up the volume,Cmd.VolumeIncrease,reference_train
get a message out,Cmd.SendMessage,reference_train
set program to telephone,Cmd.MemoryChange,reference_train
can you mute my aids,Cmd.VolumeMute,reference_train
switch to meeting,Cmd.MemoryChange,reference_train
what is available with the basic app?,Help_AppSettings,reference_train
can you change to crowd,Cmd.MemoryChange,reference_train
remember to study tomorrow,reminders.add,reference_train
can you program four,Cmd.MemoryChange,reference_train
please alex good manasseh. okay. i'll see you back at the desk up here.,Default Fallback Intent,reference_train
please remind me tomorrow to,reminders.add,reference_train
listen via my hearing aids,Cmd.StreamingStart,reference_train
how do i adjust my loudness of the tinnitus noise in the right aid?,Help_Tinnitus,reference_train
please pretty sure that's mine but i can't put it on now,Default Fallback Intent,reference_train
how do i adjust the volume on just the right aid?,Help_Volume,reference_train
please increase the volume in my aids,Cmd.VolumeIncrease,reference_train
how long have i danced,Cmd.ActivityExercise,reference_train
can you change to auditorium program,Cmd.MemoryChange,reference_train
how many steps to my goal,Cmd.ActivityStep,reference_train
can you turn it down,Cmd.VolumeDecrease,reference_train
zero volume please,Cmd.VolumeMute,reference_train
how many more steps do i need today,Cmd.ActivityStep,reference_train
i'm in the car now,Cmd.MemoryChange,reference_train
what adjustments can i make on the home screen?,Help_Home,reference_train
how do i use the demo feature,Help_DemoMode,reference_train
how much longer do i need to exercise today?,Cmd.ActivityExercise,reference_train
its laud here,Cmd.VolumeDecrease,reference_train
what does mask mode do,Help_MaskMode,reference_train
what is quantum physics?,Default Fallback Intent,reference_train
like to send a message,Cmd.SendMessage,reference_train
guide me on volume adjustment,Help_Volume,reference_train
send the tv audio to my aids,Cmd.StreamingStart,reference_train
please remind me to clean hearing aids today,reminders.add,reference_train
please set reminder to drink water at 9 p.m. every tuesday,reminders.add,reference_train
send me a reminder to pay the cable bill on march 3,reminders.add,reference_train
can i save my transcripts,Help_Transcribe,reference_train
i need an adjustment to my hearing aids,Help_RemoteProgramming,reference_train
fix the sound problems on my aids,Help_DeviceSettings,reference_train
set program to speech,Cmd.MemoryChange,reference_train
how much further do i need to walk?,Cmd.ActivityWalk,reference_train
show me my walking history?,Cmd.ActivityWalk,reference_train
can i change batteries in peach please,Default Fallback Intent,reference_train
can you help with changing programs using my app,Help_ChangingMemories,reference_train
how do i change to a different program on the hearing aid?,Help_ChangingMemories,reference_train
please change setting to one,Cmd.MemoryChange,reference_train
i want to turn on the right stream boost,Default Fallback Intent,reference_train
make it stretchy like that,Default Fallback Intent,reference_train
when do i cancel an alert message?,Help_FallAlert,reference_train
please i lost my aid. can you help me find it?,Help_FindMyHearingAids,reference_train
help with noise stimulus adjustment on my aids,Help_Tinnitus,reference_train
what is my location,Default Fallback Intent,reference_train
how many calories have i used while running?,Cmd.ActivityRun,reference_train
when do the olympics start,Default Fallback Intent,reference_train
please show me my standing history,Cmd.ActivityStand,reference_train
master memory,Cmd.MemoryChange,reference_train
explain what i can do here,Help_Home,reference_train
how many aerobics calories,Cmd.ActivityAerobics,reference_train
how do i know where my aid is?,Help_FindMyHearingAids,reference_train
please locate my right aid,Help_FindMyHearingAids,reference_train
can you detect telephone,Cmd.FindMyPhone,reference_train
what does edge mode do?,Help_EdgeMode,reference_train
how do i adjust my noise masker in the aid?,Help_Tinnitus,reference_train
how do i view my health progress,Help_Health,reference_train
please set to kitchen memory,Cmd.MemoryChange,reference_train
can you change program to mute,Cmd.MemoryChange,reference_train
speech is too quiet,Cmd.VolumeIncrease,reference_train
hearing aid volume on,Cmd.VolumeUnmute,reference_train
set reminder for 5 minutes,reminders.add,reference_train
listen again.,Cmd.ListenMessage,reference_train
i need to remember to water the plants tomorrow,reminders.add,reference_train
change memory to mute,Cmd.MemoryChange,reference_train
please switch to memory one,Cmd.MemoryChange,reference_train
"can you hello, just a hearing aid the volume on my hearing aids. bye. bye.",Default Fallback Intent,reference_train
please list items not working,Default Fallback Intent,reference_train
can you set to mute program,Cmd.MemoryChange,reference_train
switch to automatic,Cmd.MemoryChange,reference_train
please change to school,Cmd.MemoryChange,reference_train
how do i create my own memory?,Help_MemoryOptions,reference_train
show me my exercise summary,Cmd.ActivityExercise,reference_train
right on,Default Fallback Intent,reference_train
please change to speech,Cmd.MemoryChange,reference_train
begin live translation,Cmd.TranslationStart,reference_train
can you turn down the sound,Cmd.VolumeDecrease,reference_train
use an external mic accessory with my aids,Help_Accessories,reference_train
turn off the audio streaming,Cmd.StreamingStop,reference_train
send word,Cmd.SendMessage,reference_train
please sorry about this okay i got it,Default Fallback Intent,reference_train
please thrive assistant help,Help_VoiceAssistant,reference_train
how will i know when the hearing specialist adjusted my aids?,Help_RemoteProgramming,reference_train
switch setting to four,Cmd.MemoryChange,reference_train
how do i activate the default settings on the hearing aids,Default Fallback Intent,reference_train
please remind me to pay my credit card bill,reminders.add,reference_train
put this conversation into writing,Cmd.TranscribeStart,reference_train
help with changing memories on the phone,Help_ChangingMemories,reference_train
remind me at 7 p.m. on november 11 to do homework,reminders.add,reference_train
can you i can't find my other aid,Help_FindMyHearingAids,reference_train
can you set program to kitchen,Cmd.MemoryChange,reference_train
finish my latest reminder.,reminders.complete,reference_train
how do i use edge mode?,Help_EdgeMode,reference_train
send it,Cmd.SendMessage,reference_train
how can i change the fall alert settings?,Help_AppSettings,reference_train
can you turn down the volume on the hearing aid,Cmd.VolumeDecrease,reference_train
how's it going,Default Fallback Intent,reference_train
make sure i remember this tonight,reminders.add,reference_train
remind me to call my brother on veterans day,reminders.add,reference_train
open transcription,Cmd.TranscribeStart,reference_train
show me the latest features,Help_WhatsNew,reference_train
can you stream tv,Cmd.StreamingStart,reference_train
how do i make the hearing aids louder?,Help_Volume,reference_train
please help with tinnitus stimulus adjustment on my hearing aids,Help_Tinnitus,reference_train
how do i use accessories with my hearing aids,Help_Accessories,reference_train
please change program to auditorium,Cmd.MemoryChange,reference_train
show me text of what people say,Cmd.TranscribeStart,reference_train
locate,Default Fallback Intent,reference_train
what is the power level,Cmd.BatteryLevel,reference_train
enable streaming,Cmd.StreamingStart,reference_train
please intellivoice user guide,Help_IntelliVoice,reference_train
please voice ai help,Help_IntelliVoice,reference_train
can you switch check out her,Default Fallback Intent,reference_train
where's voice ai?,Help_IntelliVoice,reference_train
please have i reached my stand goal,Cmd.ActivityStand,reference_train
how do i get to swimsuits,Default Fallback Intent,reference_train
can you calories used today,Cmd.ActivityCalories,reference_train
switch to kitchen memory,Cmd.MemoryChange,reference_train
please turn off the volume,Cmd.VolumeMute,reference_train
can you change memory to kitchen,Cmd.MemoryChange,reference_train
switch to quiet memory,Cmd.MemoryChange,reference_train
direction of the sound,Default Fallback Intent,reference_train
how many calories used today,Cmd.ActivityCalories,reference_train
begin my workout tracking,Cmd.ActivityExercise,reference_train
how do i customize the hearing aid?,Help_Customize,reference_train
can you set setting to number four,Cmd.MemoryChange,reference_train
create a voice message,Cmd.SendMessage,reference_train
can you meeting memory,Cmd.MemoryChange,reference_train
can you switch program to home,Cmd.MemoryChange,reference_train
how do i check if my hearing aids are paired to the phone?,Help_Pairing,reference_train
can you let me know you're up,Default Fallback Intent,reference_train
reminder for me,reminders.add,reference_train
make the volume less,Cmd.VolumeDecrease,reference_train
can you help with tinnitus masker adjustments,Help_Tinnitus,reference_train
can you help with white noise adjustments in my hearing aids,Help_Tinnitus,reference_train
please hearing aid volume down,Cmd.VolumeDecrease,reference_train
how do i tailor my hearing experience,Help_Customize,reference_train
she's staying with my phone,Default Fallback Intent,reference_train
please creating a demo with your capabilities,Default Fallback Intent,reference_train
automatic program,Cmd.MemoryChange,reference_train
tell me a fun fact,Default Fallback Intent,reference_train
change program to number one,Cmd.MemoryChange,reference_train
locate the nearest golf course,Default Fallback Intent,reference_train
what's my aerobics count this week,Cmd.ActivityAerobics,reference_train
please change program to telephone,Cmd.MemoryChange,reference_train
switch to speech program,Cmd.MemoryChange,reference_train
how do i stop streaming from the tv streamer?,Help_Accessories,reference_train
how do i tie my shoes,Default Fallback Intent,reference_train
please turn on first plug,Default Fallback Intent,reference_train
does it work with alexa,Help_VoiceAssistant,reference_train
please i want to make sure i also cleaned but nuflex filters in them,Default Fallback Intent,reference_train
can you change program to three,Cmd.MemoryChange,reference_train
show me an overview of this engage app,Help_WhatsNew,reference_train
how do i use google assistant with my aids,Help_VoiceAssistant,reference_train
how many calories did i burn,Cmd.ActivityCalories,reference_train
guide me on inserting my hearing aids,Help_InsertDevice,reference_train
can you set program to noise,Cmd.MemoryChange,reference_train
the connection to my aids dropped,Help_Pairing,reference_train
sorry i didn't give you a kiss,Default Fallback Intent,reference_train
can you turn the lights on,Default Fallback Intent,reference_train
how do i adjust the sensitivity of double tap?,Help_DeviceSettings,reference_train
wireless audio to aids,Cmd.StreamingStart,reference_train
what is my biking count for the month?,Cmd.ActivityCycle,reference_train
going for a walk track it for me,Cmd.ActivityWalk,reference_train
does the app have a demo mode?,Help_DemoMode,reference_train
remind me about dinner at 1523,reminders.add,reference_train
capture my aerobics class,Cmd.ActivityAerobics,reference_train
can you remind me at 11 o'clock in the morning,reminders.add,reference_train
can you remind me to buy shoes in paris,reminders.add,reference_train
will i make it through the day,Cmd.BatteryLevel,reference_train
how do i geotag a memory?,Help_MemoryOptions,reference_train
guide me to my wellness data,Help_Health,reference_train
how much energy is left?,Cmd.BatteryLevel,reference_train
how does the translation feature work?,Help_Translate,reference_train
please help with tinnitus volume adjustments on my aids,Help_Tinnitus,reference_train
please change program to automatic,Cmd.MemoryChange,reference_train
change into the quiet mode,Cmd.MemoryChange,reference_train
please turn off the sound,Cmd.VolumeMute,reference_train
begin my running workout,Cmd.ActivityRun,reference_train
can you set to home program,Cmd.MemoryChange,reference_train
show me how to put my hearing aid in,Help_InsertDevice,reference_train
how would i stop an alert text?,Help_FallAlert,reference_train
can i access the cloud?,Help_HearingCareAnywhereConnect,reference_train
what is on the main screen?,Help_Home,reference_train
switch program to personal,Cmd.MemoryChange,reference_train
change to gym program,Cmd.MemoryChange,reference_train
i want silence,Cmd.VolumeDecrease,reference_train
change to personal memory,Cmd.MemoryChange,reference_train
please change setting to number four,Cmd.MemoryChange,reference_train
can you it would appear sound like,Default Fallback Intent,reference_train
check power levels,Cmd.BatteryLevel,reference_train
set to 90% volume,Cmd.VolumeIncrease,reference_train
please switch memory to three,Cmd.MemoryChange,reference_train
check the battery level,Cmd.BatteryLevel,reference_train
help setting up voice control,Help_VoiceAssistant,reference_train
clear that reminder,reminders.complete,reference_train
help i fallen and i can't get up,Help_FallAlert,reference_train
switch me to the setting for conversations,Cmd.MemoryChange,reference_train
add reminder for me,reminders.add,reference_train
do not let me forget to call the doctor at 3 pm,reminders.add,reference_train
please change program to outdoors,Cmd.MemoryChange,reference_train
how do i adjust the volume on just the left aid?,Help_Volume,reference_train
setting two,Cmd.MemoryChange,reference_train
what do i need to know first,Help_Home,reference_train
can you stop listening please ask you a question,Default Fallback Intent,reference_train
turn my right hearing aid off,Cmd.VolumeMute,reference_train
can you help with changing memories on my aids,Help_ChangingMemories,reference_train
can you remind me to clean hearing aids today,reminders.add,reference_train
how do i adjust my noise masker on the aids?,Help_Tinnitus,reference_train
can you volume on right aid,Cmd.VolumeUnmute,reference_train
are the batteries about to run out,Cmd.BatteryLevel,reference_train
can i send a message,Cmd.SendMessage,reference_train
change to restaurant program,Cmd.MemoryChange,reference_train
i need help with my settings,Help_DeviceSettings,reference_train
can you change to tinnitus,Cmd.MemoryChange,reference_train
guide me through a self check,Help_SelfCheck,reference_train
turn the volume down,Cmd.VolumeDecrease,reference_train
please intelligent voice user guide,Help_IntelliVoice,reference_train
explain how fall alerts are sent,Help_FallAlert,reference_train
set an alarm for doctor's appointment tomorrow morning,reminders.add,reference_train
start tracking my bike ride,Cmd.ActivityCycle,reference_train
good to see you,Default Fallback Intent,reference_train
can my hearing aids use dnn speech enhancement,Help_IntelliVoice,reference_train
switch sound back on,Cmd.VolumeUnmute,reference_train
give me a recipe for dinner,Default Fallback Intent,reference_train
how do i set up the app the way i want,Help_AppSettings,reference_train
please hey google turn on the master lamps,Default Fallback Intent,reference_train
is it ok to push the hearing aid in far?,Help_InsertDevice,reference_train
what's the firmware version of my aid?,Help_DeviceSettings,reference_train
tell me about new features,Help_WhatsNew,reference_train
where do i manage my reminders,Help_Reminder,reference_train
can you car program,Cmd.MemoryChange,reference_train
can you i can't remember where my aid is,Help_FindMyHearingAids,reference_train
can you golf setting,Cmd.MemoryChange,reference_train
can you she's staying with my phone,Default Fallback Intent,reference_train
change to gym memory,Cmd.MemoryChange,reference_train
switch to telephone memory,Cmd.MemoryChange,reference_train
help me switch between profiles,Help_ChangingMemories,reference_train
can you switch memory to quiet,Cmd.MemoryChange,reference_train
how do i restore the settings in my aids?,Help_HearingCareAnywhereConnect,reference_train
how do i delete my accessory?,Help_Accessories,reference_train
what can this app do for me,Help_Home,reference_train
how do i stop my phone ringing in my,Default Fallback Intent,reference_train
can you search for my phone,Cmd.FindMyPhone,reference_train
where's the find my hearing aid feature,Help_FindMyHearingAids,reference_train
how do i create a custom memory?,Help_MemoryOptions,reference_train
can you remind me of blood brothers,reminders.add,reference_train
can you location suddenly,Default Fallback Intent,reference_train
can you remind me to pick up joe in 30 minutes,reminders.add,reference_train
please angry orchard beer,Default Fallback Intent,reference_train
how do i adjust my noise masker on my hearing aids?,Help_Tinnitus,reference_train
stream what i hear to a family member,Help_HearShare,reference_train
please help with pairing my hearing aids with the phone,Help_Pairing,reference_train
change program to quiet,Cmd.MemoryChange,reference_train
how do i check if the hearing aids are paired to the phone?,Help_Pairing,reference_train
can you mute memory,Cmd.MemoryChange,reference_train
please make volume off,Cmd.VolumeMute,reference_train
please used calories today,Cmd.ActivityCalories,reference_train
automatic memory,Cmd.MemoryChange,reference_train
increase the left hearing aid,Cmd.VolumeIncrease,reference_train
my right hearing aid is at 0%,Default Fallback Intent,reference_train
help with tinnitus masker adjustment on my aids,Help_Tinnitus,reference_train
what does my aids do when i fall?,Help_FallAlert,reference_train
show me an overview of the app,Help_WhatsNew,reference_train
savory someone sucking reasons,Default Fallback Intent,reference_train
step goal,Cmd.ActivityStep,reference_train
please change to pub memory,Cmd.MemoryChange,reference_train
i already did that mark complete,reminders.complete,reference_train
change the current memory,Cmd.MemoryChange,reference_train
how does this work?,Help_Home,reference_train
help me figure out the app,Help_Home,reference_train
please i don't know what i what you doing this missing a different,Default Fallback Intent,reference_train
can you my hearing aid is missing,Help_FindMyHearingAids,reference_train
can you show me my exercise goal,Cmd.ActivityExercise,reference_train
locate the nearest park,Default Fallback Intent,reference_train
done streaming,Cmd.StreamingStop,reference_train
relay this information,Cmd.SendMessage,reference_train
can you s&s side working,Default Fallback Intent,reference_train
personal program,Cmd.MemoryChange,reference_train
can you switch program to restaurant,Cmd.MemoryChange,reference_train
what does the brain score mean?,Help_ThriveScore,reference_train
how do i check if the hearing aids are paired with my phone?,Help_Pairing,reference_train
please he did just change it,Default Fallback Intent,reference_train
turn mask mode on,Help_MaskMode,reference_train
can moisture damage my hearing aids,Help_CleanCare,reference_train
how to run intellivoice,Help_IntelliVoice,reference_train
let me hear the show through my aids,Cmd.StreamingStart,reference_train
can you remind me to drink water today,reminders.add,reference_train
please turn the volume off,Cmd.VolumeMute,reference_train
stream sound,Cmd.StreamingStart,reference_train
look up the southwire this wire here go anywhere with this way yet,Default Fallback Intent,reference_train
where did i leave my other aid?,Help_FindMyHearingAids,reference_train
please switch program to telephone,Cmd.MemoryChange,reference_train
how do i insert hearing aids into my ears?,Help_InsertDevice,reference_train
how do i get my left aid to stream,Help_Accessories,reference_train
i'm floating on the road,Default Fallback Intent,reference_train
what is intelligent voice for,Help_IntelliVoice,reference_train
how does virtual assistant work?,Help_VoiceAssistant,reference_train
how do i adjust my tinnitus masker on my right aid?,Help_Tinnitus,reference_train
monthly,Default Fallback Intent,reference_train
can you change program to four,Cmd.MemoryChange,reference_train
how do i make chicken,Default Fallback Intent,reference_train
how much juice is left,Cmd.BatteryLevel,reference_train
please switch to mute memory,Cmd.MemoryChange,reference_train
explain how cros and bicros work,Help_WiCROS,reference_train
translate what i'm hearing,Cmd.TranslationStart,reference_train
how do i turn,Default Fallback Intent,reference_train
please by the time khan academy silence,Default Fallback Intent,reference_train
lower the volume,Cmd.VolumeDecrease,reference_train
find my equipment,Help_FindMyHearingAids,reference_train
how do i geotag my current program?,Help_MemoryOptions,reference_train
begin aerobics session,Cmd.ActivityAerobics,reference_train
pairing aids on my app,Help_Pairing,reference_train
can you change setting to three,Cmd.MemoryChange,reference_train
how do i reset all my memories,Help_MemoryOptions,reference_train
can you so where is brewster,Default Fallback Intent,reference_train
how do i unmute my hearing aids?,Help_Volume,reference_train
please i wonder if i put it in here somewhere,Default Fallback Intent,reference_train
can you riley's a manager connected scott.,Default Fallback Intent,reference_train
turn it to hit the button minute furniture in there like siri,Default Fallback Intent,reference_train
can you television memory,Cmd.MemoryChange,reference_train
give me a little quiet,Cmd.VolumeDecrease,reference_train
how could i initiate a manual alert?,Help_FallAlert,reference_train
trim the loudness please,Cmd.VolumeDecrease,reference_train
battery percentage,Cmd.BatteryLevel,reference_train
set new reminder,reminders.add,reference_train
i can hardly hear it,Cmd.VolumeIncrease,reference_train
can you turn on restaurant program,Cmd.MemoryChange,reference_train
why won't the hearing aids?,Default Fallback Intent,reference_train
how to share my wellness data?,Help_HearShare,reference_train
begin tracking aerobics,Cmd.ActivityAerobics,reference_train
can you switch to work,Cmd.MemoryChange,reference_train
can you i cannot remember where my hearing aids are,Help_FindMyHearingAids,reference_train
please complete this reminder.,reminders.complete,reference_train
can you turn off the volume,Cmd.VolumeMute,reference_train
i want to hear the television in my aids,Cmd.StreamingStart,reference_train
can you should my hearing aid look like the one in the video?,Help_InsertDevice,reference_train
can you please call the karate program,Default Fallback Intent,reference_train
how do i decrease the loudness in just the right aid?,Help_Volume,reference_train
please play last voice message.,Cmd.ListenMessage,reference_train
explain hearing care anywhere,Help_HearingCareAnywhereConnect,reference_train
please program number four,Cmd.MemoryChange,reference_train
can you show me how long i've walked?,Cmd.ActivityWalk,reference_train
can you monday,Default Fallback Intent,reference_train
how do i know if my hearing aids are connected to my thrive app?,Help_Pairing,reference_train
remember to wash the car,reminders.add,reference_train
right,Default Fallback Intent,reference_train
where do i find my pulse readings,Help_HeartRate,reference_train
what's wrong,Default Fallback Intent,reference_train
can i clean my aids with water,Help_CleanCare,reference_train
where’s the app settings?,Help_AppSettings,reference_train
read my unread messages,Cmd.ListenMessage,reference_train
can i charge my battery?,Help_Battery,reference_train
put the tv sound in my ears,Cmd.StreamingStart,reference_train
help for transcribe,Help_Transcribe,reference_train
can you help me,Default Fallback Intent,reference_train
what's new in this thrive app?,Help_WhatsNew,reference_train
can you reminder for today,reminders.add,reference_train
change to car program,Cmd.MemoryChange,reference_train
reminder for 4.15 p.m. today visit grandma please,reminders.add,reference_train
can you make sound on,Cmd.VolumeUnmute,reference_train
view my heart rate data,Help_HeartRate,reference_train
can a caregiver listen to what i hear,Help_HearShare,reference_train
set to auditorium program,Cmd.MemoryChange,reference_train
switch memory to everyday,Cmd.MemoryChange,reference_train
can you switch to mute program,Cmd.MemoryChange,reference_train
log an exercise session,Cmd.ActivityExercise,reference_train
what did you say,Default Fallback Intent,reference_train
is there a tv streaming accessory,Help_Accessories,reference_train
"hey maggie, ready for telephone.",Default Fallback Intent,reference_train
switch to worship,Cmd.MemoryChange,reference_train
change program to master,Cmd.MemoryChange,reference_train
help me fix my aid settings,Help_DeviceSettings,reference_train
how will i know when my professional adjusted my hearing aids?,Help_RemoteProgramming,reference_train
get a text to my friend,Cmd.SendMessage,reference_train
how do i make lasagna,Default Fallback Intent,reference_train
please set program to gym,Cmd.MemoryChange,reference_train
please i give up,Default Fallback Intent,reference_train
will it notice if i take a tumble,Help_FallAlert,reference_train
the audio is breaking up,Help_DeviceSettings,reference_train
can you salat someone is aspect,Default Fallback Intent,reference_train
how do i get a better engagement score?,Help_ThriveScore,reference_train
can you i can’t get my hearing aid in,Help_InsertDevice,reference_train
help with tinnitus stimulus adjustments in my hearing aid,Help_Tinnitus,reference_train
florist off screen,Default Fallback Intent,reference_train
please hey find me a way to white oaks mall,Default Fallback Intent,reference_train
solve this math problem,Default Fallback Intent,reference_train
start logging my training,Cmd.ActivityExercise,reference_train
stop listening to the tv,Cmd.StreamingStop,reference_train
turn up the volume on the hearing aid,Cmd.VolumeIncrease,reference_train
can you setting number two,Cmd.MemoryChange,reference_train
what's my current bpm,Help_HeartRate,reference_train
how many calories did i use working out,Cmd.ActivityExercise,reference_train
can you change memory to master,Cmd.MemoryChange,reference_train
can you so this is your hearing aids,Default Fallback Intent,reference_train
did i hit my step goal,Cmd.ActivityStep,reference_train
turn off remote microphone streaming,Cmd.StreamingStop,reference_train
calories burned this month,Cmd.ActivityCalories,reference_train
how do i send a note to my hearing doctor,Help_RemoteProgramming,reference_train
turn mute off,Cmd.VolumeUnmute,reference_train
turn my hearing aids up,Cmd.VolumeIncrease,reference_train
please set to telephone memory,Cmd.MemoryChange,reference_train
remind me for tomorrow,reminders.add,reference_train
look for my hearing aids,Help_FindMyHearingAids,reference_train
i need help pairing my hearing aid to the phone,Help_Pairing,reference_train
write a program of research institute,Default Fallback Intent,reference_train
can you remind me friday,reminders.add,reference_train
off volume,Cmd.VolumeMute,reference_train
reminder,reminders.add,reference_train
can you start translation to german,Cmd.TranslationStart,reference_train
can you change program to train,Cmd.MemoryChange,reference_train
please i'd like to know how far it is to the moon,Default Fallback Intent,reference_train
please set to outdoors program,Cmd.MemoryChange,reference_train
can i set monthly health goals,Help_Health,reference_train
please volume down right aid,Cmd.VolumeDecrease,reference_train
i just took a seat in a noisy cafe,Cmd.MemoryChange,reference_train
will these last till tonight,Cmd.BatteryLevel,reference_train
"yeah, i've been updated.",Default Fallback Intent,reference_train
can you i can't hear anything,Default Fallback Intent,reference_train
can you i need to talk t to my audiologist,Help_RemoteProgramming,reference_train
how do i decrease the volume on the aids?,Help_Volume,reference_train
can you music setting,Cmd.MemoryChange,reference_train
can you i can't find my right aid,Help_FindMyHearingAids,reference_train
where is my ios phone,Cmd.FindMyPhone,reference_train
program number three,Cmd.MemoryChange,reference_train
and so now the what happens is if it is in streaming mode cuz waiting for you to ask a question,Default Fallback Intent,reference_train
can you memory button,Help_ChangingMemories,reference_train
halt the streaming,Cmd.StreamingStop,reference_train
help with the buzzing in my ears,Help_Tinnitus,reference_train
please change memory to four,Cmd.MemoryChange,reference_train
can you lower hearing down,Cmd.VolumeDecrease,reference_train
can you set program to train,Cmd.MemoryChange,reference_train
can you send me a reminder to leave for work in 10 minutes,reminders.add,reference_train
how do i see all my reminders,Help_Reminder,reference_train
can you set to music program,Cmd.MemoryChange,reference_train
can you i've got wax buildup,Help_CleanCare,reference_train
track my heart rate recovery,Help_HeartRateRecovery,reference_train
can you set to outdoors program,Cmd.MemoryChange,reference_train
show me my cycling stats,Cmd.ActivityCycle,reference_train
can you mavis by stupid hearing aids,Default Fallback Intent,reference_train
it sounds faint,Cmd.VolumeIncrease,reference_train
switch to worship memory,Cmd.MemoryChange,reference_train
please lexus assembly to new,Default Fallback Intent,reference_train
please connect left aid,Help_Pairing,reference_train
can you kitchen program,Cmd.MemoryChange,reference_train
help transcribe,Help_Transcribe,reference_train
can you change to personal program,Cmd.MemoryChange,reference_train
please help with remote mic,Help_Accessories,reference_train
i'm done with that task clear the reminder,reminders.complete,reference_train
help with loudness changes,Help_Volume,reference_train
how do i turn up the loudness on just the left hearing aid?,Help_Volume,reference_train
as far as far as cleaning up over there i went pretty,Default Fallback Intent,reference_train
how do i switch to a different memory when streaming,Help_DeviceSettings,reference_train
how do i delete the accessory?,Help_Accessories,reference_train
please change to golf memory,Cmd.MemoryChange,reference_train
please set memory to television,Cmd.MemoryChange,reference_train
can i make a custom memory?,Help_MemoryOptions,reference_train
are foreign languages supported,Help_Translate,reference_train
please go up in volume,Cmd.VolumeIncrease,reference_train
please remind me once about running,reminders.add,reference_train
will it know if i fall over,Help_FallAlert,reference_train
why is the right hearing aids not functioning,Help_SelfCheck,reference_train
exercise goal,Cmd.ActivityExercise,reference_train
how do i see how much i have biked this month?,Help_Health,reference_train
enable right hearing aid,Cmd.VolumeUnmute,reference_train
wednesday,Default Fallback Intent,reference_train
please remind me nutrition research tomorrow at 8 a.m.,reminders.add,reference_train
enable streaming mode,Cmd.StreamingStart,reference_train
what’s heart rate recovery?,Help_HeartRateRecovery,reference_train
change memory to two,Cmd.MemoryChange,reference_train
help with stream,Help_Accessories,reference_train
can you remember to take my medicine tuesday morning at 10 a.m.,reminders.add,reference_train
i want a reminder for my class,reminders.add,reference_train
i'm at the gym now,Cmd.MemoryChange,reference_train
please going to call them in and see whether they want me to send this enormous,Default Fallback Intent,reference_train
remind me to take my medicine in 1 minute,reminders.add,reference_train
set to speech program,Cmd.MemoryChange,reference_train
can you write a program of research institute,Default Fallback Intent,reference_train
please i cannot find my right aid,Help_FindMyHearingAids,reference_train
how do i delete my tv streamer?,Help_Accessories,reference_train
please set to automatic memory,Cmd.MemoryChange,reference_train
how do i remove a sliver,Default Fallback Intent,reference_train
how would i cancel a manual alert text?,Help_FallAlert,reference_train
turn on first plug,Default Fallback Intent,reference_train
can you start remote streaming,Cmd.StreamingStart,reference_train
how tall is mount everest?,Default Fallback Intent,reference_train
can you remember to take medicine today at 5 p.m.,reminders.add,reference_train
maximum loudness,Cmd.VolumeIncrease,reference_train
can you set to office memory,Cmd.MemoryChange,reference_train
please don't tell me that's the problem,Default Fallback Intent,reference_train
please dnn speech enhancement help,Help_IntelliVoice,reference_train
please there is a problem with my hearing aid,Help_SelfCheck,reference_train
can you on the phone with pt ptt,Default Fallback Intent,reference_train
how to use streamboost,Default Fallback Intent,reference_train
i'd like things quieter,Cmd.VolumeDecrease,reference_train
write a message,Cmd.SendMessage,reference_train
please switch to school memory,Cmd.MemoryChange,reference_train
can you hearing aid volume down,Cmd.VolumeDecrease,reference_train
"please hey maggie, ready for telephone.",Default Fallback Intent,reference_train
message this contact,Cmd.SendMessage,reference_train
how do i make it quieter?,Help_Volume,reference_train
please turn my aids down,Cmd.VolumeDecrease,reference_train
can thrive set reminder,Help_Reminder,reference_train
tell me what my stand goal is?,Cmd.ActivityStand,reference_train
provincial hearing this is waiting to see how can i help you,Default Fallback Intent,reference_train
can you recover iphone,Cmd.FindMyPhone,reference_train
please set to office memory,Cmd.MemoryChange,reference_train
every year,reminders.add,reference_train
send a note to dad,Cmd.SendMessage,reference_train
please i want to hear my message.,Cmd.ListenMessage,reference_train
i need a nudge later about this,reminders.add,reference_train
make the hearing aids quieter,Cmd.VolumeDecrease,reference_train
can you switch to noise memory,Cmd.MemoryChange,reference_train
how is it going,Default Fallback Intent,reference_train
how do i make the sound suit me,Help_Customize,reference_train
what is wicros used for,Help_WiCROS,reference_train
set my aids for a noisy party,Cmd.MemoryChange,reference_train
explain the settings menu,Help_AppSettings,reference_train
can you remind me to wash my car,reminders.add,reference_train
please listen to it.,Cmd.ListenMessage,reference_train
help understanding transcription,Help_Transcribe,reference_train
how to invite my daughter to hearshare?,Help_HearShare,reference_train
is there a video on how to insert hearing aids into my ears?,Help_InsertDevice,reference_train
please turn on my left aid,Cmd.VolumeUnmute,reference_train
can you listen to my tv,Cmd.StreamingStart,reference_train
car battery,Default Fallback Intent,reference_train
how do i change programs on my aids?,Help_ChangingMemories,reference_train
can you i can't remember where my other hearing aid is,Help_FindMyHearingAids,reference_train
please program number one,Cmd.MemoryChange,reference_train
hey find me a way to white oaks mall,Default Fallback Intent,reference_train
how do i add an automatic phone program?,Help_DeviceSettings,reference_train
more like this is,Default Fallback Intent,reference_train
i'm getting too much sound,Cmd.VolumeDecrease,reference_train
can you quiet it down,Cmd.VolumeDecrease,reference_train
how do i change my automatic settings?,Help_DeviceSettings,reference_train
how do i down cls,Default Fallback Intent,reference_train
how much have i stood today,Cmd.ActivityStand,reference_train
what's the capital of japan,Default Fallback Intent,reference_train
i want sound coming through again,Cmd.VolumeUnmute,reference_train
how much charge is left,Cmd.BatteryLevel,reference_train
please help with changing programs on my aids,Help_ChangingMemories,reference_train
turn up the sound,Cmd.VolumeIncrease,reference_train
where's my iphone,Cmd.FindMyPhone,reference_train
can you set to mute memory,Cmd.MemoryChange,reference_train
send out a message,Cmd.SendMessage,reference_train
can you right swift code of binary search,Default Fallback Intent,reference_train
please find my other hearing aid,Help_FindMyHearingAids,reference_train
what is my step count for the month?,Cmd.ActivityStep,reference_train
please turn down my hearing aids,Cmd.VolumeDecrease,reference_train
how to change my steps goal from daily to weekly?,Help_Health,reference_train
why would i use edge mode,Help_EdgeMode,reference_train
change to memory two,Cmd.MemoryChange,reference_train
how do i change to a different memory on my aid?,Help_ChangingMemories,reference_train
remind me to refill my prescription tomorrow afternoon,reminders.add,reference_train
where do i see steps and exercise together,Help_Health,reference_train
sunday,Default Fallback Intent,reference_train
can you switch to meeting program,Cmd.MemoryChange,reference_train
can you set a reminder,reminders.add,reference_train
please change program to mute,Cmd.MemoryChange,reference_train
how do i use intelligent voice,Help_IntelliVoice,reference_train
how do i adjust my loudness of the white noise in the left hearing aid?,Help_Tinnitus,reference_train
how do i change to a different program on my aid?,Help_ChangingMemories,reference_train
how do i change to another memory on my hearing aid?,Help_ChangingMemories,reference_train
iphone missing,Cmd.FindMyPhone,reference_train
please where's the memory button?,Help_ChangingMemories,reference_train
how do i go the home screen?,Help_Home,reference_train
where is my aid?,Help_FindMyHearingAids,reference_train
how do i set my health goals,Help_Health,reference_train
new reminder about washing car,reminders.add,reference_train
play the last one.,Cmd.ListenMessage,reference_train
using the app without hearing aids connected,Help_DemoMode,reference_train
hearing aids,Default Fallback Intent,reference_train
can i compare the adjustments made by my audiologist?,Help_RemoteProgramming,reference_train
please molesting hearing aids to cousin,Default Fallback Intent,reference_train
school memory,Cmd.MemoryChange,reference_train
can you set to train program,Cmd.MemoryChange,reference_train
help with activity score,Help_ThriveScore,reference_train
can you turn streaming on,Cmd.StreamingStart,reference_train
track my dance workout,Cmd.ActivityAerobics,reference_train
bring the level down,Cmd.VolumeDecrease,reference_train
please help with tinnitus masker adjustments in my aids,Help_Tinnitus,reference_train
let me hear the tv through my aids,Cmd.StreamingStart,reference_train
intelligent voice user guide,Help_IntelliVoice,reference_train
can you start streaming remote to my hearing aids,Cmd.StreamingStart,reference_train
pairing hearing aids with my app,Help_Pairing,reference_train
can you switch to office memory,Cmd.MemoryChange,reference_train
please change to personal program,Cmd.MemoryChange,reference_train
how do i change options for notification on my hearing aid?,Help_DeviceSettings,reference_train
put a reminder,reminders.add,reference_train
i need to be reminded,reminders.add,reference_train
can you just didn't you didn't hit the ground but will check it,Default Fallback Intent,reference_train
help me translate,Help_Translate,reference_train
can you please send a message,Cmd.SendMessage,reference_train
hearing aid not charging,Help_SelfCheck,reference_train
please change to television program,Cmd.MemoryChange,reference_train
what is advanced mode?,Help_AppSettings,reference_train
can you memory two,Cmd.MemoryChange,reference_train
why is my right hearing aid not working,Help_SelfCheck,reference_train
absolutely no sound please,Cmd.VolumeMute,reference_train
message someone,Cmd.SendMessage,reference_train
remember to wake up at 6 a.m.,reminders.add,reference_train
help with fall alerts,Help_FallAlert,reference_train
remind me to take medicine in 2 minutes,reminders.add,reference_train
help with reminders,Help_Reminder,reference_train
everyday is exciting,Default Fallback Intent,reference_train
you need some help,Default Fallback Intent,reference_train
can you but their counterparts of the white pieces of fabric,Default Fallback Intent,reference_train
can you show me an overview of this app,Help_WhatsNew,reference_train
how to run dnn speech enhancement,Help_IntelliVoice,reference_train
remember to take my medicine tuesday morning at 10 a.m.,reminders.add,reference_train
hurt my ears please,Cmd.VolumeDecrease,reference_train
please the hearing innovation expo is a global event hosted by starkey hearing technologies,Default Fallback Intent,reference_train
how many calories did i burn with my steps,Cmd.ActivityStep,reference_train
how do i reset the volume on the hearing aids?,Help_Volume,reference_train
what's the capital of japan?,Default Fallback Intent,reference_train
what's happening,Default Fallback Intent,reference_train
can you remind me to pick up my prescription tuesday at 5 p.m.,reminders.add,reference_train
can you sound on,Cmd.VolumeUnmute,reference_train
what’s voice assistant?,Help_VoiceAssistant,reference_train
can you speech program,Cmd.MemoryChange,reference_train
find my right hearing aid,Help_FindMyHearingAids,reference_train
unmute the aids,Cmd.VolumeUnmute,reference_train
decrease the volume in my hearing aids,Cmd.VolumeDecrease,reference_train
can you volume softer,Cmd.VolumeDecrease,reference_train
can you the left hearing aid,Default Fallback Intent,reference_train
how do i know if an alert text message is sent?,Help_FallAlert,reference_train
teach me spanish,Default Fallback Intent,reference_train
turn on my right aid,Cmd.VolumeUnmute,reference_train
help me find my left hearing aid,Help_FindMyHearingAids,reference_train
how do i adjust my loudness of the tinnitus noise in my hearing aid?,Help_Tinnitus,reference_train
can you switch to gym,Cmd.MemoryChange,reference_train
please i cannot remember where my aids are,Help_FindMyHearingAids,reference_train
can you make my hearing aids silent,Cmd.VolumeMute,reference_train
why does the volume on my hearing aid go down to nothing,Help_Volume,reference_train
program number one,Cmd.MemoryChange,reference_train
can you change to master program,Cmd.MemoryChange,reference_train
give me my tv watching program,Cmd.MemoryChange,reference_train
can you media find us wherever you get your podcast,Default Fallback Intent,reference_train
switch program to number three,Cmd.MemoryChange,reference_train
remind me to take medicine today at 5 p.m.,reminders.add,reference_train
set a reminder for my pills tonight,reminders.add,reference_train
please call the karate program,Default Fallback Intent,reference_train
can you remind me about dinner in 1 hour,reminders.add,reference_train
how do i customize my right hearing aid?,Help_Customize,reference_train
can you i misplaced my left aid,Help_FindMyHearingAids,reference_train
how do i personalize my hearing aid memory?,Help_MemoryOptions,reference_train
hello again,Default Fallback Intent,reference_train
where are my new settings?,Help_RemoteProgramming,reference_train
please remind me to pick up my prescription this afternoon,reminders.add,reference_train
what are the new features for?,Help_WhatsNew,reference_train
can you memory settings,Help_MemoryOptions,reference_train
can you change program to two,Cmd.MemoryChange,reference_train
can you who has the best chinese food in sioux falls,Default Fallback Intent,reference_train
what translation languages are offered,Help_Translate,reference_train
how do i make coffee,Default Fallback Intent,reference_train
please set memory to kitchen,Cmd.MemoryChange,reference_train
can you lower the level of my hearing aids,Cmd.VolumeDecrease,reference_train
change to personal,Cmd.MemoryChange,reference_train
can you i remember all that took,Default Fallback Intent,reference_train
calories burned so far today,Cmd.ActivityCalories,reference_train
please change program to golf,Cmd.MemoryChange,reference_train
turn the sound up,Cmd.VolumeIncrease,reference_train
can you alexa turn off porch light,Default Fallback Intent,reference_train
explain how to insert my aids,Help_InsertDevice,reference_train
turn off the volume in my right hearing aid,Cmd.VolumeMute,reference_train
did my hearing aids volume set correctly?,Help_Volume,reference_train
change memory to quiet,Cmd.MemoryChange,reference_train
can you max loudness,Cmd.VolumeIncrease,reference_train
how do i start the tinnitus relief sound,Help_Tinnitus,reference_train
can you set reminder for 5 minutes,reminders.add,reference_train
please calorie count today,Cmd.ActivityCalories,reference_train
can you take a look at a distance,Default Fallback Intent,reference_train
please play my voice message.,Cmd.ListenMessage,reference_train
seto,Default Fallback Intent,reference_train
can you remind me to call,reminders.add,reference_train
can you change program to theater,Cmd.MemoryChange,reference_train
please switch to kitchen,Cmd.MemoryChange,reference_train
change my program,Cmd.MemoryChange,reference_train
change program to auditorium,Cmd.MemoryChange,reference_train
find my other hearing aid,Help_FindMyHearingAids,reference_train
remind me to take my medicine tuesday morning at 10 a.m.,reminders.add,reference_train
listen to my tv,Cmd.StreamingStart,reference_train
please show me how to put my hearing aid in,Help_InsertDevice,reference_train
log the run i just did,Cmd.ActivityRun,reference_train
how do i connect my aids?,Help_Pairing,reference_train
turn down the volume in my right hearing aid,Cmd.VolumeDecrease,reference_train
share information with my son,Help_HearShare,reference_train
walking activity,Cmd.ActivityWalk,reference_train
set to tinnitus program,Cmd.MemoryChange,reference_train
make the sound quieter,Cmd.VolumeDecrease,reference_train
please listen to the microphone,Cmd.StreamingStart,reference_train
set it up for a concert hall,Cmd.MemoryChange,reference_train
can you should my hearing aids get all check marks in self-check?,Help_SelfCheck,reference_train
the sound keeps cutting in and out,Help_DeviceSettings,reference_train
please change to telephone memory,Cmd.MemoryChange,reference_train
can you remaining battery,Cmd.BatteryLevel,reference_train
how do i personalize my hearing aid settings?,Help_MemoryOptions,reference_train
have i stood enough today,Cmd.ActivityStand,reference_train
assistant professor jobs,Default Fallback Intent,reference_train
please switch memory to television,Cmd.MemoryChange,reference_train
how do i turn down the volume on my aid?,Help_Volume,reference_train
muffle it a bit,Cmd.VolumeDecrease,reference_train
reduce the loudness,Cmd.VolumeDecrease,reference_train
help me check if my aids work,Help_SelfCheck,reference_train
can you take a break and come back,Default Fallback Intent,reference_train
forward a message,Cmd.SendMessage,reference_train
reduce wind noise in tough conditions,Help_EdgeMode,reference_train
how do i change to another program on my aids?,Help_ChangingMemories,reference_train
can you golf program,Cmd.MemoryChange,reference_train
my hearing aids disconnected reconnect them,Help_Pairing,reference_train
information on the kind score,Help_ThriveScore,reference_train
please increase the volume,Cmd.VolumeIncrease,reference_train
explain how translation works on my aids,Help_Translate,reference_train
find iphone,Cmd.FindMyPhone,reference_train
please switch to pub memory,Cmd.MemoryChange,reference_train
cut off the stream,Cmd.StreamingStop,reference_train
decrease the loudness,Cmd.VolumeDecrease,reference_train
how do i change to another program on the hearing aid?,Help_ChangingMemories,reference_train
make sure i remember to take my meds,reminders.add,reference_train
battery status,Cmd.BatteryLevel,reference_train
can you train setting,Cmd.MemoryChange,reference_train
how do i start streaming from the accessories?,Help_Accessories,reference_train
how do i go the the home screen?,Help_Home,reference_train
stop streaming media,Cmd.StreamingStop,reference_train
change memory to kitchen,Cmd.MemoryChange,reference_train
how do i improve my hearing with edge mode?,Help_EdgeMode,reference_train
i'm at a noisy restaurant now,Cmd.MemoryChange,reference_train
track down my hearing aids,Help_FindMyHearingAids,reference_train
i don't remember i don't remember this being such a big fish,Default Fallback Intent,reference_train
complete the reminder,reminders.complete,reference_train
please change memory to school,Cmd.MemoryChange,reference_train
log the stroll i'm taking,Cmd.ActivityWalk,reference_train
show me my bpm,Help_HeartRate,reference_train
can you begin transcribe,Cmd.TranscribeStart,reference_train
what does remote programming let me do,Help_RemoteProgramming,reference_train
can you tv steam,Cmd.StreamingStart,reference_train
i got this free guys swinging stage fright one of those up,Default Fallback Intent,reference_train
can you savory someone sucking reasons,Default Fallback Intent,reference_train
can i set the program to a location?,Help_MemoryOptions,reference_train
are both of my hearing aids operating properly,Help_SelfCheck,reference_train
what's a good thrive score,Help_ThriveScore,reference_train
can you remind me to exercise tonight,reminders.add,reference_train
notify me when the time comes,reminders.add,reference_train
what is mask mode?,Help_MaskMode,reference_train
how does the mini remote work,Help_Accessories,reference_train
not so loud,Cmd.VolumeDecrease,reference_train
please change to car memory,Cmd.MemoryChange,reference_train
can you switch program to school,Cmd.MemoryChange,reference_train
can you remember how to do it,Default Fallback Intent,reference_train
can you guide me?,Help_Home,reference_train
how do i increase the loudness in my aids?,Help_Volume,reference_train
worship setting,Cmd.MemoryChange,reference_train
i want to leave a message,Cmd.SendMessage,reference_train
can you let me hear the remote mic,Cmd.StreamingStart,reference_train
can you switch to pub program,Cmd.MemoryChange,reference_train
show me where my telephone is,Cmd.FindMyPhone,reference_train
how do i adjust my tinnitus masker in the aids?,Help_Tinnitus,reference_train
tell me about the voice assistant,Help_VoiceAssistant,reference_train
how does heart rate recovery work?,Help_HeartRateRecovery,reference_train
what does wellness score mean?,Help_ThriveScore,reference_train
please set to gym memory,Cmd.MemoryChange,reference_train
can you switch to auditorium memory,Cmd.MemoryChange,reference_train
change memory to outdoors,Cmd.MemoryChange,reference_train
remind me to wake up at 7 a.m.,reminders.add,reference_train
when would i stop an alert message?,Help_FallAlert,reference_train
how long to fully charge my hearing aid,Help_Battery,reference_train
how do i check if my hearing aids are connected to my app?,Help_Pairing,reference_train
please remind me to pick up my prescription at 5 p.m. on thursday,reminders.add,reference_train
please connect right aid,Help_Pairing,reference_train
i've got wax buildup,Help_CleanCare,reference_train
how do i check what accessories i have paired to my hearing aids?,Help_Accessories,reference_train
can you take us to see forget it we are in the car and the drone noise will cost if i have them in the road noises being amplified as well,Default Fallback Intent,reference_train
where's my android,Cmd.FindMyPhone,reference_train
please switch to kitchen memory,Cmd.MemoryChange,reference_train
can you yeah just take a little off yeah,Default Fallback Intent,reference_train
set to home memory,Cmd.MemoryChange,reference_train
what's new in this update,Help_WhatsNew,reference_train
show me help for my accessories,Help_Accessories,reference_train
setting number two,Cmd.MemoryChange,reference_train
change memory to noise,Cmd.MemoryChange,reference_train
can i rename my memories,Help_MemoryOptions,reference_train
can you switch program to work,Cmd.MemoryChange,reference_train
help with the main screen,Help_Home,reference_train
how do i turn down the tinnitus noise?,Help_Tinnitus,reference_train
finish reminder.,reminders.complete,reference_train
get started,Help_WhatsNew,reference_train
drop the volume by 50%,Cmd.VolumeDecrease,reference_train
what would i hear when an alert text message is canceled?,Help_FallAlert,reference_train
perfect how are things with you,Default Fallback Intent,reference_train
change to office memory,Cmd.MemoryChange,reference_train
can you shelley my phone,Default Fallback Intent,reference_train
is the aid paired to the phone?,Help_Pairing,reference_train
can my audiologist adjust my settings remotely,Help_HearingCareAnywhereConnect,reference_train
please memory number one,Cmd.MemoryChange,reference_train
change to mute memory,Cmd.MemoryChange,reference_train
help with volume changes in my hearing aids,Help_Volume,reference_train
please remind me to call dad,reminders.add,reference_train
switch to mute,Cmd.MemoryChange,reference_train
can i tag a location to my memory?,Help_MemoryOptions,reference_train
nudge me at 3,reminders.add,reference_train
the sound is overwhelming me,Cmd.VolumeDecrease,reference_train
how do i send a note to my doctor,Help_RemoteProgramming,reference_train
i need you to remind me something,reminders.add,reference_train
can you my left aid is missing,Help_FindMyHearingAids,reference_train
louder please,Cmd.VolumeIncrease,reference_train
please i'd like to stream now,Cmd.StreamingStart,reference_train
please remind flight at 6 a.m.,reminders.add,reference_train
the microphone,Default Fallback Intent,reference_train
how do i play notifications through my aids?,Help_DeviceSettings,reference_train
help pairing with my phone,Help_Pairing,reference_train
how do i create my own memory for my aid?,Help_MemoryOptions,reference_train
remind me at 1 p.m. that i have to eat,reminders.add,reference_train
do i have a normal memory,Help_ChangingMemories,reference_train
i want to create a new program?,Help_MemoryOptions,reference_train
how do i use speech to text,Help_Transcribe,reference_train
can you change memory to everyday,Cmd.MemoryChange,reference_train
how do i get more information on the body score?,Help_ThriveScore,reference_train
how long have i been working out,Cmd.ActivityExercise,reference_train
how do i use the charging case,Help_Battery,reference_train
set to outdoors memory,Cmd.MemoryChange,reference_train
turn my hearing aid volume up,Cmd.VolumeIncrease,reference_train
please more volume on hearing aid,Cmd.VolumeIncrease,reference_train
edge mode isn't working,Help_EdgeMode,reference_train
can i use edge mode with streaming,Help_EdgeMode,reference_train
how do i contact my clinician about an issue?,Help_RemoteProgramming,reference_train
how do i set my own preferences,Help_Customize,reference_train
can you help with changing memories,Help_ChangingMemories,reference_train
please remember to watch,reminders.add,reference_train
can you unmute sound on hearing aids,Cmd.VolumeUnmute,reference_train
when should i use the balance control?,Help_WiCROS,reference_train
can you switch to golf,Cmd.MemoryChange,reference_train
maximum sound,Cmd.VolumeIncrease,reference_train
can you show me my step count,Cmd.ActivityStep,reference_train
why do batteries die quickly in my aids,Help_Battery,reference_train
set to automatic memory,Cmd.MemoryChange,reference_train
can you switch memory to four,Cmd.MemoryChange,reference_train
can you it smooths down is forced down,Default Fallback Intent,reference_train
please alter metal plates myrtle beach storm,Default Fallback Intent,reference_train
where is the heart rate function?,Help_HeartRate,reference_train
how do i clean my hearing aids,Help_CleanCare,reference_train
alexa not connecting,Default Fallback Intent,reference_train
can you set memory to number four,Cmd.MemoryChange,reference_train
can you change to speech memory,Cmd.MemoryChange,reference_train
its loudy here,Cmd.VolumeDecrease,reference_train
stream the music,Cmd.StreamingStart,reference_train
please switch memory to worship,Cmd.MemoryChange,reference_train
can you turn the engine off of,Default Fallback Intent,reference_train
please remind me to pick up joe in 30 minutes,reminders.add,reference_train
how is the brain score calculated?,Help_ThriveScore,reference_train
how do i view my activity summary,Help_Health,reference_train
assist me,Default Fallback Intent,reference_train
can you change to everyday,Cmd.MemoryChange,reference_train
please change program to noise,Cmd.MemoryChange,reference_train
i cannot find my aid,Help_FindMyHearingAids,reference_train
how much energy have i burned,Cmd.ActivityCalories,reference_train
how accurate is the translation,Help_Translate,reference_train
bring the sound up,Cmd.VolumeIncrease,reference_train
please switch to car memory,Cmd.MemoryChange,reference_train
how will i know when my audiologist adjusted my hearing aids?,Help_RemoteProgramming,reference_train
how do i add caregiver?,Help_HearShare,reference_train
set to office program,Cmd.MemoryChange,reference_train
how do i change,Default Fallback Intent,reference_train
adjustments didn't hear it in the office but i am out to your there,Default Fallback Intent,reference_train
can you volume lower,Cmd.VolumeDecrease,reference_train
how do i change the name of the tv streamer?,Help_Accessories,reference_train
are my hearing aids charged enough,Cmd.BatteryLevel,reference_train
what is the weather today,Default Fallback Intent,reference_train
guide me through hearshare,Help_HearShare,reference_train
can loud music cause tinnitus permanently,Help_Tinnitus,reference_train
can you turn the volume up,Cmd.VolumeIncrease,reference_train
where is self-check?,Help_SelfCheck,reference_train
can you set to everyday memory,Cmd.MemoryChange,reference_train
show me my heart rate history,Help_HeartRate,reference_train
need to send a message,Cmd.SendMessage,reference_train
how should i start a manual alert message?,Help_FallAlert,reference_train
what is a reminder,Help_Reminder,reference_train
can you trader reminder,reminders.add,reference_train
what's new with my hearing aids,Help_WhatsNew,reference_train
thrive voice assistant help,Help_VoiceAssistant,reference_train
can you i said i'll shut up,Default Fallback Intent,reference_train
the ringing in my ears is unbearable,Help_Tinnitus,reference_train
set to outdoors program,Cmd.MemoryChange,reference_train
can you set memory to golf,Cmd.MemoryChange,reference_train
how do i send a request to my audiologist for help?,Help_RemoteProgramming,reference_train
switch program to mute,Cmd.MemoryChange,reference_train
help me locate one device,Help_FindMyHearingAids,reference_train
where do i stop a fall alert?,Help_FallAlert,reference_train
information on the thrive score,Help_ThriveScore,reference_train
running calories,Cmd.ActivityRun,reference_train
how to turn my left terry a tan,Default Fallback Intent,reference_train
wow that's intense intense number,Default Fallback Intent,reference_train
please stop listening please ask you a question,Default Fallback Intent,reference_train
can you set memory to kitchen,Cmd.MemoryChange,reference_train
remind me to go to the grocery story every sunday at noon,reminders.add,reference_train
should i use rechargeable or disposable batteries,Help_Battery,reference_train
use the music program instead,Cmd.MemoryChange,reference_train
add reminder with title washing car,reminders.add,reference_train
show me the translate user guide,Help_Translate,reference_train
it's coming in too hot,Cmd.VolumeDecrease,reference_train
can you change program to number two,Cmd.MemoryChange,reference_train
will mask mode help me,Help_MaskMode,reference_train
can you help with changing programs on my hearing aid,Help_ChangingMemories,reference_train
remind me to drink water in 10 minutes,reminders.add,reference_train
can you walk me through it?,Default Fallback Intent,reference_train
i lost my hearing aid,Help_FindMyHearingAids,reference_train
belittle friend sharon dell one personal check your music from the others definition only find,Default Fallback Intent,reference_train
capture this talk as text,Cmd.TranscribeStart,reference_train
where did i put my aids?,Help_FindMyHearingAids,reference_train
how do i adjust the volume on the hearing aids?,Help_Volume,reference_train
can you volume off left aid,Cmd.VolumeMute,reference_train
how do i change the hearing aid program?,Help_ChangingMemories,reference_train
how do i put my hearing aids in,Help_InsertDevice,reference_train
just finding duncan's,Default Fallback Intent,reference_train
can you play my audio message.,Cmd.ListenMessage,reference_train
latest reminder completed.,reminders.complete,reference_train
remind me to call someone every day at 4 p.m.,reminders.add,reference_train
please help me with transcribe,Help_Transcribe,reference_train
track my standing,Cmd.ActivityStand,reference_train
change to train,Cmd.MemoryChange,reference_train
can my audiologist adjust my hearing aid remotely?,Help_RemoteProgramming,reference_train
can you change program to telephone,Cmd.MemoryChange,reference_train
log my finished run,Cmd.ActivityRun,reference_train
where do i find the settings page,Help_AppSettings,reference_train
you want me to say i love you,Default Fallback Intent,reference_train
how do i change memories on my hearing aid?,Help_ChangingMemories,reference_train
when would i start a manual alert?,Help_FallAlert,reference_train
how do i adjust my loudness of the tinnitus masker on the hearing aid?,Help_Tinnitus,reference_train
switch setting to number four,Cmd.MemoryChange,reference_train
can you help for tele here,Help_HearingCareAnywhereConnect,reference_train
let my friend know i'm on my way,Cmd.SendMessage,reference_train
change program to one,Cmd.MemoryChange,reference_train
turn down my left aid,Cmd.VolumeDecrease,reference_train
customization help please,Help_Customize,reference_train
can you switch to school memory,Cmd.MemoryChange,reference_train
where iphone,Cmd.FindMyPhone,reference_train
can you send message,Cmd.SendMessage,reference_train
can you automatic program,Cmd.MemoryChange,reference_train
please change memory to television,Cmd.MemoryChange,reference_train
memory number three,Cmd.MemoryChange,reference_train
how do i turn on the tinnitus,Help_Tinnitus,reference_train
help me find my way around,Help_Home,reference_train
please set to pub memory,Cmd.MemoryChange,reference_train
where can i create a new program,Help_MemoryOptions,reference_train
how do i decrease the loudness in the hearing aid?,Help_Volume,reference_train
please set memory to meeting,Cmd.MemoryChange,reference_train
what's the model of my hearing aids?,Help_DeviceSettings,reference_train
remind me to feed my cat please,reminders.add,reference_train
there's too much wind noise what setting helps,Help_EdgeMode,reference_train
can you switch program to number one,Cmd.MemoryChange,reference_train
please i need help pairing to the phone,Help_Pairing,reference_train
can you change to car memory,Cmd.MemoryChange,reference_train
how do i change the loudness on the aid?,Help_Volume,reference_train
please not screaming loud enough,Default Fallback Intent,reference_train
can you telephone audio input,Default Fallback Intent,reference_train
can you i can't find my android phone,Cmd.FindMyPhone,reference_train
how do i get remote fine tuning,Help_RemoteProgramming,reference_train
where is the device test,Help_SelfCheck,reference_train
none of this app makes sense,Help_Home,reference_train
how do i increase low pitch?,Help_Customize,reference_train
how do i show the app without aids connected?,Help_DemoMode,reference_train
where is transcribe,Help_Transcribe,reference_train
can you start translate for french,Cmd.TranslationStart,reference_train
this reminder is complete,reminders.complete,reference_train
please drop the volume by 50%,Cmd.VolumeDecrease,reference_train
write a poem,Default Fallback Intent,reference_train
does transcribe save my conversations?,Help_Transcribe,reference_train
please remind me that i have a doctor's appointment,reminders.add,reference_train
could you remind me,reminders.add,reference_train
people wearing masks are hard to hear,Help_MaskMode,reference_train
explain hearing aid batteries,Help_Battery,reference_train
can you show me voice assistant help,Help_VoiceAssistant,reference_train
please remind me to call someone everyday at 4 p.m.,reminders.add,reference_train
remind me when the time comes,reminders.add,reference_train
music program,Cmd.MemoryChange,reference_train
how long does the battery last,Help_Battery,reference_train
please change memory to pub,Cmd.MemoryChange,reference_train
how do i access virtual assistant?,Help_VoiceAssistant,reference_train
please turn on the sound,Cmd.VolumeUnmute,reference_train
everything is too soft,Cmd.VolumeIncrease,reference_train
keep this on my radar,reminders.add,reference_train
what does the hearing aid look like when it is in my ear?,Help_InsertDevice,reference_train
please turn body off,Default Fallback Intent,reference_train
i'm here. it's in 7 days. they're going to be paired recap again. bye.,Default Fallback Intent,reference_train
connect to remote,Cmd.StreamingStart,reference_train
share some news with a contact,Cmd.SendMessage,reference_train
send a message to my wife,Cmd.SendMessage,reference_train
how do i sent a request to my professional for help?,Help_RemoteProgramming,reference_train
can you help with tinnitus noise adjustments in my aids,Help_Tinnitus,reference_train
show me where they are,Help_FindMyHearingAids,reference_train
play my last message,Cmd.ListenMessage,reference_train
raise the listening level,Cmd.VolumeIncrease,reference_train
remind me about dinner in 1 hour,reminders.add,reference_train
set a reminder for 5 minutes,reminders.add,reference_train
where is the home screen?,Help_Home,reference_train
can you turn on the sound,Cmd.VolumeUnmute,reference_train
ease the volume back,Cmd.VolumeDecrease,reference_train
how do i check if my hearing aid is paired to the phone?,Help_Pairing,reference_train
can you just like siri,Default Fallback Intent,reference_train
can you it's bothering you about the fit,Default Fallback Intent,reference_train
good evening,Default Fallback Intent,reference_train
how do i get a better wellness score?,Help_ThriveScore,reference_train
there's an! over my right hearing aid,Default Fallback Intent,reference_train
how do i improve my kind score?,Help_ThriveScore,reference_train
how do i save the adjustments made by my audiologist?,Help_RemoteProgramming,reference_train
what's the volume control feature,Help_Volume,reference_train
can you address change,Default Fallback Intent,reference_train
transcribe what i hear,Cmd.TranscribeStart,reference_train
track my steps,Cmd.ActivityStep,reference_train
can i change the name of my tv streamer?,Help_Accessories,reference_train
how do i disable mask mode,Help_MaskMode,reference_train
the noise level is too high,Cmd.VolumeDecrease,reference_train
set to home program,Cmd.MemoryChange,reference_train
it's blasting in my ears,Cmd.VolumeDecrease,reference_train
unmute,Cmd.VolumeUnmute,reference_train
please find my left hearing aid,Help_FindMyHearingAids,reference_train
it's too loud in here,Cmd.VolumeDecrease,reference_train
can you switch to music,Cmd.MemoryChange,reference_train
can you set memory to four,Cmd.MemoryChange,reference_train
do i need new batteries,Cmd.BatteryLevel,reference_train
start tracking this stroll,Cmd.ActivityWalk,reference_train
how do i turn down the volume on just one side?,Help_Volume,reference_train
what is heart help recovery,Help_HeartRateRecovery,reference_train
sizzlers in initiated by cham tap here to inform them that you received this order,Default Fallback Intent,reference_train
can you volume off,Cmd.VolumeMute,reference_train
change to automatic program,Cmd.MemoryChange,reference_train
i need to remember something later,reminders.add,reference_train
calories used today,Cmd.ActivityCalories,reference_train
help me track them,Help_FindMyHearingAids,reference_train
where can i see what someone is saying?,Help_Transcribe,reference_train
how do i increase the volume in the left aid?,Help_Volume,reference_train
volume down right aid,Cmd.VolumeDecrease,reference_train
how long have i been standing?,Cmd.ActivityStand,reference_train
message my family,Cmd.SendMessage,reference_train
i want less volume,Cmd.VolumeDecrease,reference_train
show me my standing history?,Cmd.ActivityStand,reference_train
help with changing programs on my hearing aid,Help_ChangingMemories,reference_train
when do i use comfort boost?,Help_DeviceSettings,reference_train
i need to pair my hearing aids to my phone,Help_Pairing,reference_train
please set memory to crowd,Cmd.MemoryChange,reference_train
why can't i get 200 points with the wellness score?,Help_ThriveScore,reference_train
remind me every day,reminders.add,reference_train
how do i make a reminder repeat daily,Help_Reminder,reference_train
please pairing my hearing aids with the thrive app,Help_Pairing,reference_train
guide me on remote programming,Help_RemoteProgramming,reference_train
can you turn off source plugs,Default Fallback Intent,reference_train
show recent changes,Help_WhatsNew,reference_train
is my hearing aid connected to the phone?,Help_Pairing,reference_train
can you change to restaurant program,Cmd.MemoryChange,reference_train
can you school program,Cmd.MemoryChange,reference_train
show me my standing goal,Cmd.ActivityStand,reference_train
can you fix face mask problems,Help_MaskMode,reference_train
please set memory to office,Cmd.MemoryChange,reference_train
too quiet,Cmd.VolumeIncrease,reference_train
what's the transcription feature for,Help_Transcribe,reference_train
is spanish supported for translation,Help_Translate,reference_train
can you listen to the microphone,Cmd.StreamingStart,reference_train
it sounds too loud,Cmd.VolumeDecrease,reference_train
route the tv audio into my aids,Cmd.StreamingStart,reference_train
that to-do is finished mark it complete,reminders.complete,reference_train
track my biking,Cmd.ActivityCycle,reference_train
log my walking session,Cmd.ActivityWalk,reference_train
telephone audio input,Default Fallback Intent,reference_train
turn down a notch,Cmd.VolumeDecrease,reference_train
please set to everyday memory,Cmd.MemoryChange,reference_train
how do i get my left hearing aid to stream,Help_Accessories,reference_train
can you intellivoice user guide,Help_IntelliVoice,reference_train
can you help with loudness changes on my aid,Help_Volume,reference_train
please find my song,Default Fallback Intent,reference_train
can you translate for russian,Cmd.TranslationStart,reference_train
help my hearing aids aren't sounding right,Help_DeviceSettings,reference_train
where is the adjustment for the transmitter and receiver?,Help_WiCROS,reference_train
save this for me please,reminders.add,reference_train
help me hear better in this crowd,Cmd.MemoryChange,reference_train
the volume feels low,Cmd.VolumeIncrease,reference_train
heart rate help,Help_HeartRate,reference_train
can you switch to theater program,Cmd.MemoryChange,reference_train
show help guide for wellness,Help_ThriveScore,reference_train
can you help with tinnitus masker adjustments on my aid,Help_Tinnitus,reference_train
can you i can't hear the,Default Fallback Intent,reference_train
now its making noises,Default Fallback Intent,reference_train
how has engage changed?,Help_WhatsNew,reference_train
can you gym setting,Cmd.MemoryChange,reference_train
please so she had it up when i come home,Default Fallback Intent,reference_train
where is the heart feature within the app?,Help_HeartRate,reference_train
i lost my phone make it sound,Cmd.FindMyPhone,reference_train
stream from device,Cmd.StreamingStart,reference_train
set to gym program,Cmd.MemoryChange,reference_train
what is remote tuning,Help_RemoteProgramming,reference_train
help with tinnitus volume adjustments,Help_Tinnitus,reference_train
disconnect the television audio,Cmd.StreamingStop,reference_train
how do i pair my hearing aids,Help_Pairing,reference_train
can you intelligent voice help,Help_IntelliVoice,reference_train
read last text message,Cmd.ListenMessage,reference_train
please volume off right aid,Cmd.VolumeMute,reference_train
goodbye,Default Fallback Intent,reference_train
i just sat down somewhere really loud,Cmd.MemoryChange,reference_train
how do i adjust my noise masker in my hearing aids?,Help_Tinnitus,reference_train
how do i know my hearing aid is charging,Help_Battery,reference_train
set setting to number two,Cmd.MemoryChange,reference_train
help with switching between programs,Help_ChangingMemories,reference_train
how do i adjust my loudness of the tinnitus volume in the aid?,Help_Tinnitus,reference_train
can you stream on,Cmd.StreamingStart,reference_train
how do i adjust my tinnitus masker in the hearing aid?,Help_Tinnitus,reference_train
can you i need to disconnect the hearing aids from the phone,Help_Pairing,reference_train
can you set to meeting program,Cmd.MemoryChange,reference_train
create a reminder to pay the bill,reminders.add,reference_train
how do i get my aids to stream,Help_Accessories,reference_train
make sure i remember tomorrow,reminders.add,reference_train
guide me on intelligent voice,Help_IntelliVoice,reference_train
how do i customize my right hearing aid settings?,Help_Customize,reference_train
more volume please,Cmd.VolumeIncrease,reference_train
what's the way to change between settings,Help_ChangingMemories,reference_train
hiya,Default Fallback Intent,reference_train
please switch to personal memory,Cmd.MemoryChange,reference_train
please change to auditorium,Cmd.MemoryChange,reference_train
turn streaming off now,Cmd.StreamingStop,reference_train
how do i clean my hearing aid?,Help_CleanCare,reference_train
any battery warnings?,Cmd.BatteryLevel,reference_train
what can i do in demo mode,Help_DemoMode,reference_train
can you switch setting to three,Cmd.MemoryChange,reference_train
how do i turn off tinnitus,Help_Tinnitus,reference_train
help me find my hearing aids,Help_FindMyHearingAids,reference_train
how long does it take to measure heart rate recovery?,Help_HeartRateRecovery,reference_train
please set memory to pub,Cmd.MemoryChange,reference_train
begin tracking my ride,Cmd.ActivityCycle,reference_train
please change to car program,Cmd.MemoryChange,reference_train
turn it down a bit,Cmd.VolumeDecrease,reference_train
please new reminder for everyday,reminders.add,reference_train
which languages does translation support,Help_Translate,reference_train
can you switch to train program,Cmd.MemoryChange,reference_train
things sound too strong,Cmd.VolumeDecrease,reference_train
please help me intercept a fall alert,Help_FallAlert,reference_train
how many calories have i burned,Cmd.ActivityCalories,reference_train
can you now its making noises,Default Fallback Intent,reference_train
please switch to quiet memory,Cmd.MemoryChange,reference_train
cancel the mute please,Cmd.VolumeUnmute,reference_train
please help with tinnitus stimulus adjustment in my hearing aids,Help_Tinnitus,reference_train
battery remaining,Cmd.BatteryLevel,reference_train
can you thunder message,Default Fallback Intent,reference_train
i cannot find my right aid,Help_FindMyHearingAids,reference_train
return to initial settings,Default Fallback Intent,reference_train
can you quiet setting,Cmd.MemoryChange,reference_train
how do i adjust the loudness on the hearing aids?,Help_Volume,reference_train
to us number one hits,Default Fallback Intent,reference_train
please switch check out her,Default Fallback Intent,reference_train
wax build up,Help_CleanCare,reference_train
can you switch to restaurant,Cmd.MemoryChange,reference_train
can you remind me to go running at 6 a.m.,reminders.add,reference_train
change memory to meeting,Cmd.MemoryChange,reference_train
what are you up to,Default Fallback Intent,reference_train
log my standing time,Cmd.ActivityStand,reference_train
can you i need a car battery,Default Fallback Intent,reference_train
can you please remind me to take my medication every morning at 7:00,reminders.add,reference_train
what are my biking minutes for the week?,Cmd.ActivityCycle,reference_train
turn the sound off,Cmd.VolumeMute,reference_train
please change to kitchen memory,Cmd.MemoryChange,reference_train
how do i use the equalizer,Help_Customize,reference_train
please switch to car,Cmd.MemoryChange,reference_train
can you switch memory to outdoors,Cmd.MemoryChange,reference_train
how do i make a repeating reminder,Help_Reminder,reference_train
can you change program to tinnitus,Cmd.MemoryChange,reference_train
how do i take care of my aids,Help_CleanCare,reference_train
please i need help pairing,Help_Pairing,reference_train
set to golf memory,Cmd.MemoryChange,reference_train
can you switch to television program,Cmd.MemoryChange,reference_train
that sounds too loud,Cmd.VolumeDecrease,reference_train
please turn off cable,Default Fallback Intent,reference_train
when do i cancel a fall alert message?,Help_FallAlert,reference_train
voice ai help,Help_IntelliVoice,reference_train
did i hit my aerobics target,Cmd.ActivityAerobics,reference_train
how do i get to,Default Fallback Intent,reference_train
make volume off,Cmd.VolumeMute,reference_train
please i misplaced my hearing aids,Help_FindMyHearingAids,reference_train
can you play my last message,Cmd.ListenMessage,reference_train
can you switch to personal program,Cmd.MemoryChange,reference_train
can you remember to wake up at 7 a.m.,reminders.add,reference_train
how do i activate edge mode,Help_EdgeMode,reference_train
what does this voice ai do?,Help_IntelliVoice,reference_train
please set program to number four,Cmd.MemoryChange,reference_train
please sausages after using my location,Default Fallback Intent,reference_train
can you change program to gym,Cmd.MemoryChange,reference_train
how do i check if my hearing aids are connected to the thrive app?,Help_Pairing,reference_train
help me recover them,Help_FindMyHearingAids,reference_train
setting three,Cmd.MemoryChange,reference_train
please hey jeannie tv sanders. this is iris. it's all about.,Default Fallback Intent,reference_train
i want some quiet,Cmd.VolumeDecrease,reference_train
turn my left hearing aid up,Cmd.VolumeIncrease,reference_train
can you i want to hear my message.,Cmd.ListenMessage,reference_train
does my balance control stay the same if i change programs?,Help_WiCROS,reference_train
how accurate is the heart rate,Help_HeartRate,reference_train
check that reminder off the list,reminders.complete,reference_train
switch to mute program,Cmd.MemoryChange,reference_train
what is the weather in las vegas today,Default Fallback Intent,reference_train
can you switch setting to number one,Cmd.MemoryChange,reference_train
can you tone change,Help_DeviceSettings,reference_train
please i misplaced my aids,Help_FindMyHearingAids,reference_train
please right here does not work,Help_SelfCheck,reference_train
volume on left aid,Cmd.VolumeUnmute,reference_train
how do i adjust my loudness of the tinnitus noise in the aids?,Help_Tinnitus,reference_train
tell me about reminders,Help_Reminder,reference_train
can you switch program to number four,Cmd.MemoryChange,reference_train
i bet you those talking 7-eleven,Default Fallback Intent,reference_train
alexa learn my voice,Default Fallback Intent,reference_train
how do i adjust my loudness of the tinnitus volume on the hearing aid?,Help_Tinnitus,reference_train
help me locate misplaced aids,Help_FindMyHearingAids,reference_train
set memory to crowd,Cmd.MemoryChange,reference_train
how do remote updates to my aids work,Help_RemoteProgramming,reference_train
i misplaced my left hearing aid,Help_FindMyHearingAids,reference_train
can you streaming,Cmd.StreamingStart,reference_train
my hearing aids sound muffled,Help_DeviceSettings,reference_train
how do i save a favorite program,Help_MemoryOptions,reference_train
suggest that if you've been vaccinated,Default Fallback Intent,reference_train
remind me to pick up my prescription at 5 p.m. on tuesday,reminders.add,reference_train
tell me what how much do i owe you is in español,Cmd.TranslationStart,reference_train
can you yearly,Default Fallback Intent,reference_train
how do i adjust the cros balance on the receiver?,Help_WiCROS,reference_train
can you master program,Cmd.MemoryChange,reference_train
can you set program to theater,Cmd.MemoryChange,reference_train
can you remind me at 1 p.m. that i have to eat,reminders.add,reference_train
help with white noise adjustment on my hearing aid,Help_Tinnitus,reference_train
can you change to gym memory,Cmd.MemoryChange,reference_train
how do i change the volume of the accessory?,Help_Accessories,reference_train
special tools needed to clean hearing aids,Help_CleanCare,reference_train
how much walking have i done this week?,Cmd.ActivityWalk,reference_train
please special tools needed to clean hearing aids,Help_CleanCare,reference_train
how far have i walked,Cmd.ActivityWalk,reference_train
maximum volume,Cmd.VolumeIncrease,reference_train
what can i do with the advanced app?,Help_AppSettings,reference_train
please hearing aid volume on,Cmd.VolumeUnmute,reference_train
send a message to a contact,Cmd.SendMessage,reference_train
where is the hearing aid model,Help_DeviceSettings,reference_train
how do i know if an alert is received?,Help_FallAlert,reference_train
where is dnn speech enhancement?,Help_IntelliVoice,reference_train
can you but they live here i remember when jerry told me,Default Fallback Intent,reference_train
turn things up a notch,Cmd.VolumeIncrease,reference_train
set memory to number four,Cmd.MemoryChange,reference_train
set memory to number two,Cmd.MemoryChange,reference_train
please turn my left hearing aid off,Cmd.VolumeMute,reference_train
please can't find bose,Default Fallback Intent,reference_train
remind me about the doctor on friday,reminders.add,reference_train
can you change to speech,Cmd.MemoryChange,reference_train
how do i view my thrive rating,Help_ThriveScore,reference_train
dial in the mode for traffic noise,Cmd.MemoryChange,reference_train
can you switch to television memory,Cmd.MemoryChange,reference_train
how do i change the name of my accessory?,Help_Accessories,reference_train
please set to theater program,Cmd.MemoryChange,reference_train
how do i find my right hearing aid?,Help_FindMyHearingAids,reference_train
i want it louder,Cmd.VolumeIncrease,reference_train
please sizzlers in initiated by cham tap here to inform them that you received this order,Default Fallback Intent,reference_train
leave a recording,Cmd.SendMessage,reference_train
do i need to walk longer to reach my goal?,Cmd.ActivityWalk,reference_train
turn down the loudness on my hearing aids,Cmd.VolumeDecrease,reference_train
can you drop the sound in my hearing aid,Cmd.VolumeDecrease,reference_train
golf memory,Cmd.MemoryChange,reference_train
record my aerobic exercise,Cmd.ActivityAerobics,reference_train
can you show me where my telephone is,Cmd.FindMyPhone,reference_train
can you open it up,Default Fallback Intent,reference_train
the charger isn't working,Help_Battery,reference_train
remind me to pick up my prescription wednesday at 5 p.m.,reminders.add,reference_train
can you remember to wash my car,reminders.add,reference_train
can you my volume is too soft,Cmd.VolumeIncrease,reference_train
the sound isn't strong enough,Cmd.VolumeIncrease,reference_train
what is my daily achievement score,Help_ThriveScore,reference_train
can you just curls up in your ears yet,Default Fallback Intent,reference_train
can you change to gym program,Cmd.MemoryChange,reference_train
shoot a voice message,Cmd.SendMessage,reference_train
particular product you wanted to check specifically,Default Fallback Intent,reference_train
please help with loudness adjustments in my hearing aids,Help_Volume,reference_train
write out this meeting,Cmd.TranscribeStart,reference_train
show me bowls of food for you,Default Fallback Intent,reference_train
please switch program to meeting,Cmd.MemoryChange,reference_train
how long do hearing aids last,Default Fallback Intent,reference_train
how do i turn up the volume on just the right hearing aid?,Help_Volume,reference_train
can you connect to remote,Cmd.StreamingStart,reference_train
restore my hearing now,Cmd.VolumeUnmute,reference_train
explain how demo mode works,Help_DemoMode,reference_train
how do i sync my hearing aids to the app?,Help_HearingCareAnywhereConnect,reference_train
how do i enable mask mode,Help_MaskMode,reference_train
computer turn off dylan's lamp,Default Fallback Intent,reference_train
can i go back to my old settings?,Help_RemoteProgramming,reference_train
can you set to 90% volume,Cmd.VolumeIncrease,reference_train
please remind me to wash the car in 4 hours,reminders.add,reference_train
turn the sound on,Cmd.VolumeUnmute,reference_train
how close am i to my standing goal.,Cmd.ActivityStand,reference_train
remind me to take medicine next thursday at 4 p.m.,reminders.add,reference_train
how do i pair to my car's bluetooth?,Help_Pairing,reference_train
please don't let me forget to pick up milk today,reminders.add,reference_train
can you wednesday,Default Fallback Intent,reference_train
can you i said other program,Default Fallback Intent,reference_train
explain the remote microphone,Help_Accessories,reference_train
remind me to go to sleep,reminders.add,reference_train
can you new reminder about washing car,reminders.add,reference_train
please remember to wash my car,reminders.add,reference_train
amplify things for me,Cmd.VolumeIncrease,reference_train
i need help pairing my hearing aids to the phone,Help_Pairing,reference_train
schedule reminders,reminders.add,reference_train
can you switch program to one,Cmd.MemoryChange,reference_train
change to meeting,Cmd.MemoryChange,reference_train
how do i contact my audiologist for help?,Help_RemoteProgramming,reference_train
it would appear sound like,Default Fallback Intent,reference_train
what's been updated lately,Help_WhatsNew,reference_train
how do i increase my body score?,Help_ThriveScore,reference_train
please replay my message.,Cmd.ListenMessage,reference_train
i need to pair the hearing aid to my phone,Help_Pairing,reference_train
how do i set up email notifications?,Help_DeviceSettings,reference_train
can you pick up tv stream signal,Cmd.StreamingStart,reference_train
dim the volume,Cmd.VolumeDecrease,reference_train
please remind me friday,reminders.add,reference_train
can you set a reminder for 5 minutes,reminders.add,reference_train
can you i need an adjustment to my hearing aids,Help_RemoteProgramming,reference_train
put me in restaurant mode,Cmd.MemoryChange,reference_train
how do i manage ringing in my ears,Help_Tinnitus,reference_train
can you i want to talk to my audiologist,Help_RemoteProgramming,reference_train
have i reached my running goal?,Cmd.ActivityRun,reference_train
can you smile so we're going to go to that,Default Fallback Intent,reference_train
cros help please,Help_WiCROS,reference_train
how can i access the fall alert settings?,Help_AppSettings,reference_train
message a contact an update,Cmd.SendMessage,reference_train
how will i know when my audiologist adjusted my aid?,Help_RemoteProgramming,reference_train
how good is my heart rate recovery,Help_HeartRateRecovery,reference_train
where is help for self check,Help_SelfCheck,reference_train
can you remind me to take medicine,reminders.add,reference_train
how would i know if my manual alert has started?,Help_FallAlert,reference_train
can you remind me to take my medicine tuesday morning at 10 a.m.,reminders.add,reference_train
can you adjustments didn't hear it in the office but i am out to your there,Default Fallback Intent,reference_train
please belittle friend sharon dell one personal check your music from the others definition only find,Default Fallback Intent,reference_train
can you change memory to four,Cmd.MemoryChange,reference_train
please remind me to have a dinner every sunday at 8 a.m.,reminders.add,reference_train
please set program to car,Cmd.MemoryChange,reference_train
can you more like this is,Default Fallback Intent,reference_train
how do i see how many steps i walked today?,Help_Health,reference_train
help with the health screen,Help_Health,reference_train
route audio to my devices,Cmd.StreamingStart,reference_train
switch to noise program,Cmd.MemoryChange,reference_train
please change to pub,Cmd.MemoryChange,reference_train
weekly calorie summary,Cmd.ActivityCalories,reference_train
turn my left hearing aid off,Cmd.VolumeMute,reference_train
guide me on demo mode,Help_DemoMode,reference_train
how does translation work in the app,Help_Translate,reference_train
please make the sound higher,Cmd.VolumeIncrease,reference_train
can you that's the one who's having problems with,Default Fallback Intent,reference_train
how do i turn off a reminder,Help_Reminder,reference_train
change program to three,Cmd.MemoryChange,reference_train
help with white noise adjustments on my hearing aid,Help_Tinnitus,reference_train
switch to pub memory,Cmd.MemoryChange,reference_train
i misplaced my phone find it,Cmd.FindMyPhone,reference_train
please change to kitchen program,Cmd.MemoryChange,reference_train
how do i change memories on the hearing aid?,Help_ChangingMemories,reference_train
stop the silence i want sound,Cmd.VolumeUnmute,reference_train
can you switch memory to home,Cmd.MemoryChange,reference_train
can you volume down left aid,Cmd.VolumeDecrease,reference_train
can a friend listen along with me,Help_HearShare,reference_train
bring my sound back,Cmd.VolumeUnmute,reference_train
please turn the sound on,Cmd.VolumeUnmute,reference_train
write me an example,Default Fallback Intent,reference_train
can you i want to be reminded,reminders.add,reference_train
right here does not work,Help_SelfCheck,reference_train
how do i save the adjustments made by my hearing specialist?,Help_RemoteProgramming,reference_train
please intelligent voice help,Help_IntelliVoice,reference_train
please complete my reminder.,reminders.complete,reference_train
explore the app in demo mode,Help_DemoMode,reference_train
can you switch to automatic,Cmd.MemoryChange,reference_train
can you remind me to boil water every morning by 7 a.m.,reminders.add,reference_train
how do i get to the homepage,Help_Home,reference_train
please set to work program,Cmd.MemoryChange,reference_train
am i close to my exercise goal,Cmd.ActivityExercise,reference_train
why does heart rate recovery matter,Help_HeartRateRecovery,reference_train
connect streaming audio,Cmd.StreamingStart,reference_train
benefits of edge mode,Help_EdgeMode,reference_train
no tv remote in fry's app,Default Fallback Intent,reference_train
does edge mode drain the battery faster,Help_EdgeMode,reference_train
can you change to memory two,Cmd.MemoryChange,reference_train
what do i need to know about the home app,Help_Home,reference_train
how to set up bluetooth,Help_Pairing,reference_train
can you help with changing memories using the app,Help_ChangingMemories,reference_train
please show me where decrease the background,Default Fallback Intent,reference_train
i need some quiet,Cmd.VolumeDecrease,reference_train
scan options,Default Fallback Intent,reference_train
can you change to telephone,Cmd.MemoryChange,reference_train
how do i pair my hearing aids?,Help_Pairing,reference_train
where do i see my heart rate trends,Help_HeartRate,reference_train
please turn down the loudness on my hearing aid,Cmd.VolumeDecrease,reference_train
start translation,Cmd.TranslationStart,reference_train
can you change to noise memory,Cmd.MemoryChange,reference_train
switch memory to number two,Cmd.MemoryChange,reference_train
please let me hear my tv,Cmd.StreamingStart,reference_train
hearshare help please,Help_HearShare,reference_train
just saying hi,Default Fallback Intent,reference_train
switch program to automatic,Cmd.MemoryChange,reference_train
turn my right hearing aid down,Cmd.VolumeDecrease,reference_train
she goes,Default Fallback Intent,reference_train
can you start translating in french,Cmd.TranslationStart,reference_train
search for my phone,Cmd.FindMyPhone,reference_train
please change memory to quiet,Cmd.MemoryChange,reference_train
can you setting three,Cmd.MemoryChange,reference_train
i can't find my hearing aids,Help_FindMyHearingAids,reference_train
can you switch program to music,Cmd.MemoryChange,reference_train
listen to it.,Cmd.ListenMessage,reference_train
explain the reminder feature,Help_Reminder,reference_train
can you turn down the loudness on my aids,Cmd.VolumeDecrease,reference_train
how do i adjust the loudness on just one aid?,Help_Volume,reference_train
please switch to everyday,Cmd.MemoryChange,reference_train
switch memory to master,Cmd.MemoryChange,reference_train
please set a reminder to clean hearing aids today,reminders.add,reference_train
can you less volume please,Cmd.VolumeDecrease,reference_train
can you turn mute off,Cmd.VolumeUnmute,reference_train
how do custom programs work,Help_MemoryOptions,reference_train
what is translate,Help_Translate,reference_train
please turn up the loudness on my hearing aid,Cmd.VolumeIncrease,reference_train
set to music memory,Cmd.MemoryChange,reference_train
am i good on batteries,Cmd.BatteryLevel,reference_train
please set to work memory,Cmd.MemoryChange,reference_train
it's nice talking to you,Default Fallback Intent,reference_train
change program to music,Cmd.MemoryChange,reference_train
how do i access transcribe?,Help_Transcribe,reference_train
set reminder about dog walking repeat it every day at 9 a.m.,reminders.add,reference_train
can you new amsterdam,Default Fallback Intent,reference_train
please there's really no,Default Fallback Intent,reference_train
it's blasting my ears,Cmd.VolumeDecrease,reference_train
the hearing innovation expo is a global event hosted by starkey hearing technologies,Default Fallback Intent,reference_train
log my ride,Cmd.ActivityCycle,reference_train
are my aids connected to the phone?,Help_Pairing,reference_train
my iphone is not recognizing my left hearing aids,Help_Pairing,reference_train
start running,Cmd.ActivityRun,reference_train
i need to remember this,reminders.add,reference_train
change memory to music,Cmd.MemoryChange,reference_train
show me the quick guide,Help_WhatsNew,reference_train
different kind of needs,Default Fallback Intent,reference_train
can you shut up,Default Fallback Intent,reference_train
please remind me to go to the grocery story every sunday at noon,reminders.add,reference_train
i need to set up a reminder,reminders.add,reference_train
how do reminders work,Help_Reminder,reference_train
can you set to car memory,Cmd.MemoryChange,reference_train
how do i turn up the tv sound?,Help_Accessories,reference_train
mask mode,Cmd.MemoryChange,reference_train
my handset is missing please ring it,Cmd.FindMyPhone,reference_train
wireless hearing aid connection,Cmd.StreamingStart,reference_train
how do i get my hearing aids to stream,Help_Accessories,reference_train
feed the audio into my devices,Cmd.StreamingStart,reference_train
how long does it hurt for the hearing aids in my ears,Default Fallback Intent,reference_train
how do i turn off my headlights,Default Fallback Intent,reference_train
can my hearing aid be set up to an iphone and an ipad at the same time,Help_Pairing,reference_train
set reminder buy milk for every monday and wednesday at 5 p.m.,reminders.add,reference_train
please start tv stream,Cmd.StreamingStart,reference_train
turn my aids down,Cmd.VolumeDecrease,reference_train
how do i change the sound profile,Help_Customize,reference_train
how do i check what accessories i have paired?,Help_Accessories,reference_train
set to train program,Cmd.MemoryChange,reference_train
it was discouraging and then i found balance of nature it's just being a no-brainer ever since i feel good,Default Fallback Intent,reference_train
please create a daily reminder to take medication at 5 p.m.,reminders.add,reference_train
shut off the streamed sound,Cmd.StreamingStop,reference_train
change program to noise,Cmd.MemoryChange,reference_train
my audio quality has gone downhill,Help_DeviceSettings,reference_train
what's my resting heart rate,Help_HeartRate,reference_train
what's the condition of my batteries,Cmd.BatteryLevel,reference_train
please remind me to take medication today at 5 p.m.,reminders.add,reference_train
change memory to personal,Cmd.MemoryChange,reference_train
can you detect iphone,Cmd.FindMyPhone,reference_train
please or put on 6-month cleaning,Default Fallback Intent,reference_train
remind me to call my daughter later,reminders.add,reference_train
please change memory to worship,Cmd.MemoryChange,reference_train
please check them off like pink lady,Default Fallback Intent,reference_train
drop a voice message,Cmd.SendMessage,reference_train
can you stone jesus pine or,Default Fallback Intent,reference_train
can you help with white noise adjustments,Help_Tinnitus,reference_train
can you remind me tomorrow at 9 a.m.,reminders.add,reference_train
can you remind me at noon,reminders.add,reference_train
take a look at a distance,Default Fallback Intent,reference_train
please switch to automatic memory,Cmd.MemoryChange,reference_train
please remind me to take medicine tomorrow morning,reminders.add,reference_train
can you switch your hand sweetheart,Default Fallback Intent,reference_train
why doesn’t my hearing aid look the same?,Help_InsertDevice,reference_train
please change program to restaurant,Cmd.MemoryChange,reference_train
can you aerobic calories,Cmd.ActivityAerobics,reference_train
how do i reconnect my aids,Help_Pairing,reference_train
where would i send a manual alert?,Help_FallAlert,reference_train
how do i adjust my tinnitus noise settings?,Help_Tinnitus,reference_train
stop all audio,Cmd.VolumeMute,reference_train
what does body score mean?,Help_ThriveScore,reference_train
cut the tv connection to my aids,Cmd.StreamingStop,reference_train
can you any help you,Default Fallback Intent,reference_train
i'm up,Default Fallback Intent,reference_train
calories jogging,Cmd.ActivityRun,reference_train
how to change my walking goals from weekly to daily?,Help_Health,reference_train
remind me to wear green on st. patrick's day,reminders.add,reference_train
can you i can’t get my hearing aid on,Help_InsertDevice,reference_train
this is barely audible,Cmd.VolumeIncrease,reference_train
help with pairing devices with the thrive app,Help_Pairing,reference_train
how will i know if i've received new settings?,Help_RemoteProgramming,reference_train
pairing hearing aids on the thrive app,Help_Pairing,reference_train
set memory to one,Cmd.MemoryChange,reference_train
please mute my hearing aids,Cmd.VolumeMute,reference_train
dailly,Default Fallback Intent,reference_train
show me an overview of the thrive app,Help_WhatsNew,reference_train
ek divas jam to send the money,Default Fallback Intent,reference_train
can you change to school memory,Cmd.MemoryChange,reference_train
can you i don’t hear a difference when i change my balance control,Help_WiCROS,reference_train
how do i adjust my loudness of the noise masker on my aids?,Help_Tinnitus,reference_train
please switch to mask,Cmd.MemoryChange,reference_train
streaming,Cmd.StreamingStart,reference_train
i don't know what to do,Help_Home,reference_train
turn on translation,Cmd.TranslationStart,reference_train
stream audio to my hearing aids,Cmd.StreamingStart,reference_train
its too lound,Cmd.VolumeDecrease,reference_train
can i tag a location to a memory?,Help_MemoryOptions,reference_train
explain how intellivoice helps,Help_IntelliVoice,reference_train
how many more steps do i need today?,Cmd.ActivityStep,reference_train
how do i hook up my watch,Default Fallback Intent,reference_train
federal assistance up to my energy,Default Fallback Intent,reference_train
smile so we're going to go to that,Default Fallback Intent,reference_train
help with memory presets,Help_MemoryOptions,reference_train
please switch memory to pub,Cmd.MemoryChange,reference_train
please change program to home,Cmd.MemoryChange,reference_train
remind me friday,reminders.add,reference_train
how many calories left to burn,Cmd.ActivityCalories,reference_train
can you have i reached my aerobics goal?,Cmd.ActivityAerobics,reference_train
can you sound bar,Default Fallback Intent,reference_train
can you switch to golf memory,Cmd.MemoryChange,reference_train
please now its making noises,Default Fallback Intent,reference_train
kitchen memory,Cmd.MemoryChange,reference_train
please set program to worship,Cmd.MemoryChange,reference_train
explain the self check feature,Help_SelfCheck,reference_train
fix the static in my aids,Help_DeviceSettings,reference_train
please remember to take medication today at 5 p.m.,reminders.add,reference_train
please set a reminder to pick up prescription today at 5 p.m.,reminders.add,reference_train
help with changing memories on my aid,Help_ChangingMemories,reference_train
lower the listening level,Cmd.VolumeDecrease,reference_train
can you tell me about amharic language,Default Fallback Intent,reference_train
how do i adjust my loudness of the tinnitus noise in the aid?,Help_Tinnitus,reference_train
how do program changes work on my aids,Help_ChangingMemories,reference_train
how do i unpair my hearing aid from my phone?,Help_Pairing,reference_train
can you turn on wi-fi,Default Fallback Intent,reference_train
please change to home memory,Cmd.MemoryChange,reference_train
app version,Help_AppSettings,reference_train
set to mute memory,Cmd.MemoryChange,reference_train
why is my left hearing aid not connected,Help_Pairing,reference_train
why does my right ear cut keep cutting off,Help_SelfCheck,reference_train
can you he's on stomach,Default Fallback Intent,reference_train
volume decrease,Cmd.VolumeDecrease,reference_train
read my messages out loud,Cmd.ListenMessage,reference_train
please switch to restaurant memory,Cmd.MemoryChange,reference_train
how do i tag a location to my memory?,Help_MemoryOptions,reference_train
switch to mask,Cmd.MemoryChange,reference_train
please the weather outside today,Default Fallback Intent,reference_train
please remember to take medicine,reminders.add,reference_train
how to decrease volume,Help_Volume,reference_train
explain the health dashboard,Help_Health,reference_train
can you change to mute memory,Cmd.MemoryChange,reference_train
record a message for a friend,Cmd.SendMessage,reference_train
send the sound to my aids,Cmd.StreamingStart,reference_train
can you memory one,Cmd.MemoryChange,reference_train
can you train program,Cmd.MemoryChange,reference_train
where's my phone,Cmd.FindMyPhone,reference_train
please i lost my other hearing aid,Help_FindMyHearingAids,reference_train
switch to theater,Cmd.MemoryChange,reference_train
please s&s side working,Default Fallback Intent,reference_train
why can't i hear anything through my hearing aids,Help_SelfCheck,reference_train
please open it up,Default Fallback Intent,reference_train
please switch setting to number four,Cmd.MemoryChange,reference_train
what are my running minutes for the week?,Cmd.ActivityRun,reference_train
help with tv streamer,Help_Accessories,reference_train
change my hearing aid memory,Cmd.MemoryChange,reference_train
track my bpm on the app,Help_HeartRate,reference_train
how do i turn the volume up,Help_Volume,reference_train
please assistant professor jobs,Default Fallback Intent,reference_train
increase what i'm hearing,Cmd.VolumeIncrease,reference_train
can you help with changing memories on my aid,Help_ChangingMemories,reference_train
activate streaming,Cmd.StreamingStart,reference_train
can you switch to worship memory,Cmd.MemoryChange,reference_train
please switch program to golf,Cmd.MemoryChange,reference_train
please help with changing memories on my aid,Help_ChangingMemories,reference_train
can you set to television program,Cmd.MemoryChange,reference_train
can you make a reminder,reminders.add,reference_train
stop the tv feed to my hearing aids,Cmd.StreamingStop,reference_train
what sounds will i hear in my hearing aids if i fall?,Help_FallAlert,reference_train
how do i increase my ipro score?,Help_ThriveScore,reference_train
please switch to music,Cmd.MemoryChange,reference_train
help with tinnitus masker adjustments,Help_Tinnitus,reference_train
power level status,Cmd.BatteryLevel,reference_train
where can i find tele here,Help_HearingCareAnywhereConnect,reference_train
can you elsa texas off huh,Default Fallback Intent,reference_train
please remind me to pick up my prescription thursday at 5 p.m.,reminders.add,reference_train
can you show me my walking goal?,Cmd.ActivityWalk,reference_train
i need a prompt later,reminders.add,reference_train
what can i ask thrive assistant?,Help_VoiceAssistant,reference_train
turn things up so i can hear,Cmd.VolumeIncrease,reference_train
can i listen to the adjustments made by my audiologist?,Help_RemoteProgramming,reference_train
how to hear less wind with edge mode,Help_EdgeMode,reference_train
how long have i stood this week,Cmd.ActivityStand,reference_train
please show me user manual for my accessory,Help_Accessories,reference_train
turn my hearing aid volume on,Cmd.VolumeUnmute,reference_train
volume lower,Cmd.VolumeDecrease,reference_train
can you hear last message.,Cmd.ListenMessage,reference_train
i lost my aids,Help_FindMyHearingAids,reference_train
golf setting,Cmd.MemoryChange,reference_train
can you remind me,reminders.add,reference_train
how do i save the adjustments made by the hearing specialist?,Help_RemoteProgramming,reference_train
can you increase the volume in my hearing aids,Cmd.VolumeIncrease,reference_train
bank number to car,Default Fallback Intent,reference_train
can you set memory to number two,Cmd.MemoryChange,reference_train
pairing aids with my phone,Help_Pairing,reference_train
can you i misplaced my hearing aids,Help_FindMyHearingAids,reference_train
please remind me to vitamin d at 7 p.m. everyday,reminders.add,reference_train
can you show me my stand goal,Cmd.ActivityStand,reference_train
please change to crowd,Cmd.MemoryChange,reference_train
show me my standing goal?,Cmd.ActivityStand,reference_train
i can't hear the speaker well,Cmd.VolumeIncrease,reference_train
can you play the last one.,Cmd.ListenMessage,reference_train
can you walking down,Default Fallback Intent,reference_train
connect the audio source,Cmd.StreamingStart,reference_train
can you remind me about the parent/teacher meeting on friday,reminders.add,reference_train
how do i perform a dnn speech enhancement?,Help_IntelliVoice,reference_train
record something for another person,Cmd.SendMessage,reference_train
can you change to telephone program,Cmd.MemoryChange,reference_train
can you i need help with my settings,Help_DeviceSettings,reference_train
can you home setting,Cmd.MemoryChange,reference_train
how do i relax at home,Default Fallback Intent,reference_train
why is my left hearing aid not putting out any sound,Help_SelfCheck,reference_train
kill the sound,Cmd.VolumeMute,reference_train
how do i adjust the volume on the hearing aid?,Help_Volume,reference_train
please change to theater program,Cmd.MemoryChange,reference_train
can you remind me on the 27th of august tomy flight,reminders.add,reference_train
please set to crowd program,Cmd.MemoryChange,reference_train
so where is brewster,Default Fallback Intent,reference_train
quiet setting,Cmd.MemoryChange,reference_train
that one's finished,reminders.complete,reference_train
tell my son i said hello,Cmd.SendMessage,reference_train
thrive score help,Help_ThriveScore,reference_train
can you switch to outdoors,Cmd.MemoryChange,reference_train
how do i link two,Help_Pairing,reference_train
help with poor audio from my aids,Help_DeviceSettings,reference_train
close the stream,Cmd.StreamingStop,reference_train
do my aids support a tv connector,Help_Accessories,reference_train
make my aids louder,Cmd.VolumeIncrease,reference_train
can you there's really no,Default Fallback Intent,reference_train
how to use hearshare?,Help_HearShare,reference_train
i'm missing half the conversation,Cmd.VolumeIncrease,reference_train
i would like to set up a reminder,reminders.add,reference_train
set memory to auditorium,Cmd.MemoryChange,reference_train
in just 3 minutes to provide,Default Fallback Intent,reference_train
is my heart rate normal,Help_HeartRate,reference_train
can you call my contact,Default Fallback Intent,reference_train
how to check hearing aids are working,Help_SelfCheck,reference_train
help with the voice assistant,Help_VoiceAssistant,reference_train
set my aids for a party,Cmd.MemoryChange,reference_train
please change to personal,Cmd.MemoryChange,reference_train
how do i change the automatic settings?,Help_DeviceSettings,reference_train
please switch to everyday memory,Cmd.MemoryChange,reference_train
how do i get a better thrive score?,Help_ThriveScore,reference_train
can you wish you would have been with me it is so crowded on their john's pass you can't find a parking spot,Default Fallback Intent,reference_train
please turn on wi-fi,Default Fallback Intent,reference_train
i want to be reminded,reminders.add,reference_train
please switch to home memory,Cmd.MemoryChange,reference_train
switch to theater program,Cmd.MemoryChange,reference_train
help customizing how things sound,Help_Customize,reference_train
unmute my hearing aids,Cmd.VolumeUnmute,reference_train
what does edge mode do,Help_EdgeMode,reference_train
give me a demonstration,Help_DemoMode,reference_train
where’s the heart rate recovery feature?,Help_HeartRateRecovery,reference_train
as long as you hear the noise,Default Fallback Intent,reference_train
please i cannot remember where my left hearing aid is,Help_FindMyHearingAids,reference_train
please switch to home program,Cmd.MemoryChange,reference_train
please heart rate recovery guide,Help_HeartRateRecovery,reference_train
how do i adjust the loudness on the aid?,Help_Volume,reference_train
switch to tinnitus program,Cmd.MemoryChange,reference_train
remind me i need to do this,reminders.add,reference_train
sound feels weak,Cmd.VolumeIncrease,reference_train
good not seen a lot of fluid on that side,Default Fallback Intent,reference_train
is tinnitus in the app?,Help_Tinnitus,reference_train
how do i adjust my tinnitus masker in my hearing aid?,Help_Tinnitus,reference_train
please switch program to television,Cmd.MemoryChange,reference_train
remind me every day except sundays,reminders.add,reference_train
show me the transcribe user guide,Help_Transcribe,reference_train
can you chelsea down at least you try,Default Fallback Intent,reference_train
please help with tinnitus volume adjustment on my aids,Help_Tinnitus,reference_train
halt streaming,Cmd.StreamingStop,reference_train
how do i read my health stats,Help_Health,reference_train
how do i change the volume on just the left aid?,Help_Volume,reference_train
can you whats up,Default Fallback Intent,reference_train
can you turn on first plug,Default Fallback Intent,reference_train
can you locate the nearest golf course,Default Fallback Intent,reference_train
please i'm in butterbrodt new delhi,Default Fallback Intent,reference_train
how can i use my hearing aids,Help_Home,reference_train
gym setting,Cmd.MemoryChange,reference_train
what are you doing to check adventure to children,Default Fallback Intent,reference_train
use a different listening setup,Cmd.MemoryChange,reference_train
can you memory number two,Cmd.MemoryChange,reference_train
what adjustments can i make on the main screen?,Help_Home,reference_train
demo mode,Help_DemoMode,reference_train
do i need to recharge,Cmd.BatteryLevel,reference_train
how do i read my bpm,Help_HeartRate,reference_train
please switch program to three,Cmd.MemoryChange,reference_train
capture my workout,Cmd.ActivityExercise,reference_train
please set to auditorium memory,Cmd.MemoryChange,reference_train
drop my brother a message,Cmd.SendMessage,reference_train
transmit a message,Cmd.SendMessage,reference_train
switch check out her,Default Fallback Intent,reference_train
did anyone send me anything read it,Cmd.ListenMessage,reference_train
tinnitus feature help,Help_Tinnitus,reference_train
can you schedule appointment tomorrow,reminders.add,reference_train
can my audiologist adjust the aids remotely?,Help_RemoteProgramming,reference_train
how far have i biked?,Cmd.ActivityCycle,reference_train
please help with changing programs using the app,Help_ChangingMemories,reference_train
help with the brain score,Help_ThriveScore,reference_train
can reminders repeat every day,Help_Reminder,reference_train
how do i adjust my noise masker on the left aid?,Help_Tinnitus,reference_train
can you who is home minister of india,Default Fallback Intent,reference_train
how do i get back to the main screen?,Help_Home,reference_train
can you make volume lower,Cmd.VolumeDecrease,reference_train
please remind me about the teacher meeting on friday,reminders.add,reference_train
jot that down as a reminder,reminders.add,reference_train
how much power is left?,Cmd.BatteryLevel,reference_train
how does the thrive score work?,Help_ThriveScore,reference_train
can you set program to auditorium,Cmd.MemoryChange,reference_train
can you remind me to take medicine today at 5 p.m.,reminders.add,reference_train
make sure i don't miss my appointment,reminders.add,reference_train
reminder for this evening,reminders.add,reference_train
please please show me where decrease the background,Default Fallback Intent,reference_train
don't let me forget to call grandma,reminders.add,reference_train
can you switch to telephone program,Cmd.MemoryChange,reference_train
please i've lost my hearing aids,Help_FindMyHearingAids,reference_train
how do i access the cloud?,Help_HearingCareAnywhereConnect,reference_train
can i set the program to this location?,Help_MemoryOptions,reference_train
don't let me forget my appointment tomorrow at 10 am,reminders.add,reference_train
this ear ringing is driving me crazy,Help_Tinnitus,reference_train
what's on the homepage,Help_Home,reference_train
go to hell,Default Fallback Intent,reference_train
i need to program new stamping to my phone,Default Fallback Intent,reference_train
can you remember i came in here and,Default Fallback Intent,reference_train
can you locate my other hearing aid,Help_FindMyHearingAids,reference_train
please tell me what my stand goal is,Cmd.ActivityStand,reference_train
switch memory to one,Cmd.MemoryChange,reference_train
can you i seen some of the models out there and they lose,Default Fallback Intent,reference_train
help with tinnitus stimulus adjustments on my aid,Help_Tinnitus,reference_train
remind me to drink water today,reminders.add,reference_train
remind me to study tomorrow,reminders.add,reference_train
memory one,Cmd.MemoryChange,reference_train
where did i put my other aid?,Help_FindMyHearingAids,reference_train
can you set to home memory,Cmd.MemoryChange,reference_train
how do i adjust the volume on my hearing aid?,Help_Volume,reference_train
can you remind about business meeting every monday at 4 p.m.,reminders.add,reference_train
start translating to spanish,Cmd.TranslationStart,reference_train
i would like to add a reminder,reminders.add,reference_train
can the app translate languages for me,Help_Translate,reference_train
change to golf program,Cmd.MemoryChange,reference_train
can you iphone missing,Cmd.FindMyPhone,reference_train
what other fun things to do in baltimore,Default Fallback Intent,reference_train
note this down for me,reminders.add,reference_train
help me transcribe,Help_Transcribe,reference_train
information on the activity score,Help_ThriveScore,reference_train
my hearing aids sound off today,Help_DeviceSettings,reference_train
can you search phone,Cmd.FindMyPhone,reference_train
please remind me to wake up at 7 a.m.,reminders.add,reference_train
please set to worship program,Cmd.MemoryChange,reference_train
track my devices,Help_FindMyHearingAids,reference_train
what do my aids do when i've fallen?,Help_FallAlert,reference_train
how do i insert my right hearing aid?,Help_InsertDevice,reference_train
please set program to tinnitus,Cmd.MemoryChange,reference_train
help with changing memories,Help_ChangingMemories,reference_train
what is thrive transcribe,Help_Transcribe,reference_train
how do i add or remove a program,Help_MemoryOptions,reference_train
turn off my right aid,Cmd.VolumeMute,reference_train
track my stroll,Cmd.ActivityWalk,reference_train
can you switch program to speech,Cmd.MemoryChange,reference_train
set to 80% volume,Cmd.VolumeIncrease,reference_train
how do i unpair my tv streamer?,Help_Accessories,reference_train
please turn down the loudness on my aids,Cmd.VolumeDecrease,reference_train
please switch program to noise,Cmd.MemoryChange,reference_train
okay send a message,Cmd.SendMessage,reference_train
guide me through pairing,Help_Pairing,reference_train
how can i use my voice to control thrive,Help_VoiceAssistant,reference_train
start a bike workout,Cmd.ActivityCycle,reference_train
can you mute the aids,Cmd.VolumeMute,reference_train
can you go to outdoors,Cmd.MemoryChange,reference_train
intelligent voice help,Help_IntelliVoice,reference_train
can you isn't the charge for electricity similar to the charge for gasoline,Default Fallback Intent,reference_train
how do i turn up the loudness in just the left side?,Help_Volume,reference_train
tell me about edge mode,Help_EdgeMode,reference_train
translate them into my language,Cmd.TranslationStart,reference_train
please go to hell,Default Fallback Intent,reference_train
outdoors setting,Cmd.MemoryChange,reference_train
log my exercise,Cmd.ActivityExercise,reference_train
can you change setting to four,Cmd.MemoryChange,reference_train
save my walk,Cmd.ActivityWalk,reference_train
can you checking that you're on,Default Fallback Intent,reference_train
can you search genesis,Default Fallback Intent,reference_train
i'm interested in my location,Default Fallback Intent,reference_train
please change to meeting program,Cmd.MemoryChange,reference_train
message my brother an update,Cmd.SendMessage,reference_train
how's your day going,Default Fallback Intent,reference_train
can you increase volume,Cmd.VolumeIncrease,reference_train
can you battery level,Cmd.BatteryLevel,reference_train
can you hi there i don't,Default Fallback Intent,reference_train
can you master setting,Cmd.MemoryChange,reference_train
switch to noise memory,Cmd.MemoryChange,reference_train
sup,Default Fallback Intent,reference_train
please remind me to pick up my prescription on monday at 5 p.m.,reminders.add,reference_train
where do i change loudness,Help_Volume,reference_train
add reminder,reminders.add,reference_train
how can i find out what time it is,Default Fallback Intent,reference_train
what's wrong with my right hearing aid,Help_SelfCheck,reference_train
can you i need help pairing my hearing aid to the phone,Help_Pairing,reference_train
i need help,Default Fallback Intent,reference_train
please listen to the presenter,Cmd.StreamingStart,reference_train
can you sorry i didn't give you a kiss,Default Fallback Intent,reference_train
remember to watch,reminders.add,reference_train
how do i add the car program?,Help_DeviceSettings,reference_train
set to kitchen memory,Cmd.MemoryChange,reference_train
can you reduce volume,Cmd.VolumeDecrease,reference_train
change to television,Cmd.MemoryChange,reference_train
please i need help with pairing the aids,Help_Pairing,reference_train
i am heading outdoors switch my program,Cmd.MemoryChange,reference_train
connect to the streamer,Cmd.StreamingStart,reference_train
can you remind me to buy movie tickets for friday evening,reminders.add,reference_train
mark last reminder complete,reminders.complete,reference_train
appreciate it,Default Fallback Intent,reference_train
can you remind me to charge my phone everyday at 11:00 p.m.,reminders.add,reference_train
can you link drive to hearing aid,Help_Pairing,reference_train
i need help pairing the hearing aids to my phone,Help_Pairing,reference_train
what is the bi-cros control?,Help_WiCROS,reference_train
can i track heart rate during exercise,Help_HeartRate,reference_train
make the sound higher,Cmd.VolumeIncrease,reference_train
how do you charge my battery?,Help_Battery,reference_train
can my hearing aids use intelligent voice,Help_IntelliVoice,reference_train
volume up left aid,Cmd.VolumeIncrease,reference_train
what does shared listening do,Help_HearShare,reference_train
remind me to book a parking spot for my carnival cruise,reminders.add,reference_train
volume louder,Cmd.VolumeIncrease,reference_train
guide me on using reminders,Help_Reminder,reference_train
set memory to theater,Cmd.MemoryChange,reference_train
what are stock options,Default Fallback Intent,reference_train
can i change my preferences?,Help_DeviceSettings,reference_train
how do i delete a program,Help_MemoryOptions,reference_train
turn on bluetooth,Help_Pairing,reference_train
send word to my family,Cmd.SendMessage,reference_train
please decrease the left hearing aid,Cmd.VolumeDecrease,reference_train
why do my aids sound muffled,Help_DeviceSettings,reference_train
can you reminder user guide,Help_Reminder,reference_train
please i need help pairing the hearing aids to my phone,Help_Pairing,reference_train
can you set memory to restaurant,Cmd.MemoryChange,reference_train
is real time translation available,Help_Translate,reference_train
how do i delete memories,Help_MemoryOptions,reference_train
pairing my hearing aids on the phone,Help_Pairing,reference_train
please set memory to golf,Cmd.MemoryChange,reference_train
turn off the volume,Cmd.VolumeMute,reference_train
change program to mask,Cmd.MemoryChange,reference_train
please set up a reminder,reminders.add,reference_train
i wish i could wake up,Default Fallback Intent,reference_train
stream the television audio,Cmd.StreamingStart,reference_train
how do i make the aid softer?,Help_Volume,reference_train
remember how to do it,Default Fallback Intent,reference_train
reminder done.,reminders.complete,reference_train
i want direct audio,Cmd.StreamingStart,reference_train
can you switch setting to four,Cmd.MemoryChange,reference_train
adjusted with my phone,Default Fallback Intent,reference_train
can you help me with transcribe,Help_Transcribe,reference_train
the weather outside today,Default Fallback Intent,reference_train
write out what folks are saying,Cmd.TranscribeStart,reference_train
please set reminder about dog walking repeat it everyday at 9 a.m.,reminders.add,reference_train
can you help i fallen and i can't get up,Help_FallAlert,reference_train
how do i adjust my loudness of the tinnitus masker in the aid?,Help_Tinnitus,reference_train
can you complete reminder.,reminders.complete,reference_train
turn up the volume in my right hearing aid,Cmd.VolumeIncrease,reference_train
can you connect me to my audiologist,Help_RemoteProgramming,reference_train
can you pub program,Cmd.MemoryChange,reference_train
please reduce the volume,Cmd.VolumeDecrease,reference_train
can you help with changing programs on my hearing aids,Help_ChangingMemories,reference_train
do i need to remove the battery at night,Help_Battery,reference_train
please make a reminder,reminders.add,reference_train
does it notify family if i take a tumble,Help_FallAlert,reference_train
where is my model number,Help_DeviceSettings,reference_train
"dr. dee 74% increase over february of last year. yes, the bike teams still not calling it a crisis.",Default Fallback Intent,reference_train
can you find iphone,Cmd.FindMyPhone,reference_train
can you switch program to mask,Cmd.MemoryChange,reference_train
how do i change the battery,Help_Battery,reference_train
let me leave a note,Cmd.SendMessage,reference_train
set program to tinnitus,Cmd.MemoryChange,reference_train
can you set memory to quiet,Cmd.MemoryChange,reference_train
what messages did people send me,Cmd.ListenMessage,reference_train
start transcribing this,Cmd.TranscribeStart,reference_train
how will i know when the audiologist adjusted the aid?,Help_RemoteProgramming,reference_train
switch memory to theater,Cmd.MemoryChange,reference_train
please set to speech memory,Cmd.MemoryChange,reference_train
can you turn up volume,Cmd.VolumeIncrease,reference_train
please set memory to work,Cmd.MemoryChange,reference_train
please set reminder to take medicine at 1 p.m.,reminders.add,reference_train
can you switch to quiet,Cmd.MemoryChange,reference_train
switch to theater memory,Cmd.MemoryChange,reference_train
connect audio to hearing aids,Cmd.StreamingStart,reference_train
good night,Default Fallback Intent,reference_train
make sound quieter,Cmd.VolumeDecrease,reference_train
can you the score of the minnesota twins game,Default Fallback Intent,reference_train
thrive assistant help,Help_VoiceAssistant,reference_train
set to theater program,Cmd.MemoryChange,reference_train
new reminder please,reminders.add,reference_train
can you help with white noise adjustment,Help_Tinnitus,reference_train
please computer turn off dylan's lamp,Default Fallback Intent,reference_train
i want my aids making sound again,Cmd.VolumeUnmute,reference_train
please am i close enough to the car,Default Fallback Intent,reference_train
can you google,Default Fallback Intent,reference_train
set memory to number three,Cmd.MemoryChange,reference_train
please set to meeting memory,Cmd.MemoryChange,reference_train
please i cannot remember where my hearing aids are,Help_FindMyHearingAids,reference_train
reduce volume,Cmd.VolumeDecrease,reference_train
help with the activity score,Help_ThriveScore,reference_train
how do i search for my hearing aid?,Help_FindMyHearingAids,reference_train
i went for a walk log it,Cmd.ActivityWalk,reference_train
make my aid silent,Cmd.VolumeMute,reference_train
when do i intercept a fall alert text?,Help_FallAlert,reference_train
i was down 17 grand earlier today,Default Fallback Intent,reference_train
please i cannot find my hearing aids,Help_FindMyHearingAids,reference_train
start my workout,Cmd.ActivityExercise,reference_train
help with tinnitus sound adjustments in my hearing aid,Help_Tinnitus,reference_train
please set memory to theater,Cmd.MemoryChange,reference_train
explain the fall alert feature,Help_FallAlert,reference_train
change to everyday,Cmd.MemoryChange,reference_train
how to reduce noise with edge mode?,Help_EdgeMode,reference_train
voice text someone,Cmd.SendMessage,reference_train
please play i'm carrying it,Default Fallback Intent,reference_train
can you wendy's double tapped it and has not worked,Default Fallback Intent,reference_train
please we searched for relief you can go in,Default Fallback Intent,reference_train
please change to gym,Cmd.MemoryChange,reference_train
can you remind me i have a doctor's appointment,reminders.add,reference_train
can i compare the adjustments made by my hearing specialist?,Help_RemoteProgramming,reference_train
fire off a message,Cmd.SendMessage,reference_train
how long until i reach my aerobics goal,Cmd.ActivityAerobics,reference_train
help with tinnitus volume adjustments on my aids,Help_Tinnitus,reference_train
put the volume back on,Cmd.VolumeUnmute,reference_train
please set program to restaurant,Cmd.MemoryChange,reference_train
how have you been,Default Fallback Intent,reference_train
where is my heart rate,Help_HeartRate,reference_train
play last message,Cmd.ListenMessage,reference_train
my hearing aids have too much treble,Help_Customize,reference_train
what are my options,Help_Home,reference_train
increase volume,Cmd.VolumeIncrease,reference_train
play hank williams junior,Default Fallback Intent,reference_train
please have i reached my biking goal?,Cmd.ActivityCycle,reference_train
how do i change the battery in my hearing aid?,Help_Battery,reference_train
can you stream from the microphone,Cmd.StreamingStart,reference_train
how do i change the volume of the accessories?,Help_Accessories,reference_train
record this walk,Cmd.ActivityWalk,reference_train
please set program to office,Cmd.MemoryChange,reference_train
test hearing aids,Help_SelfCheck,reference_train
i wrapped that up mark it done,reminders.complete,reference_train
please pairing aids on my app,Help_Pairing,reference_train
how do i check what accessories i have paired to my hearing aid?,Help_Accessories,reference_train
how do i unpair my hearing aids?,Help_Pairing,reference_train
how much more running do i need to do today?,Cmd.ActivityRun,reference_train
how do i make my hearing aid softer?,Help_Volume,reference_train
remind us,reminders.add,reference_train
help with thrive score,Help_ThriveScore,reference_train
please find android phone,Cmd.FindMyPhone,reference_train
how do i set up google assistant,Help_VoiceAssistant,reference_train
train memory,Cmd.MemoryChange,reference_train
turn on the volume in my left hearing aid,Cmd.VolumeUnmute,reference_train
please set program to everyday,Cmd.MemoryChange,reference_train
can i make a reminder,reminders.add,reference_train
please i can't find my right aid,Help_FindMyHearingAids,reference_train
where's my cell phone,Cmd.FindMyPhone,reference_train
please throw it on the floor,Default Fallback Intent,reference_train
change program to automatic,Cmd.MemoryChange,reference_train
help for translate,Help_Translate,reference_train
how do i change the machine noise setting,Help_Customize,reference_train
can you set memory to school,Cmd.MemoryChange,reference_train
help my aids sound off,Help_DeviceSettings,reference_train
set program to everyday,Cmd.MemoryChange,reference_train
please disable my hearing aids,Cmd.VolumeMute,reference_train
please turn up the loudness on my aids,Cmd.VolumeIncrease,reference_train
my hearing aid keeps slipping out,Help_InsertDevice,reference_train
how much aerobics have i done today,Cmd.ActivityAerobics,reference_train
set program to worship,Cmd.MemoryChange,reference_train
how do i adjust my tinnitus noise in the hearing aid?,Help_Tinnitus,reference_train
can you work program,Cmd.MemoryChange,reference_train
can you set program to number four,Cmd.MemoryChange,reference_train
can you set to auditorium memory,Cmd.MemoryChange,reference_train
play tv,Cmd.StreamingStart,reference_train
help my aids lost connection to the phone,Help_Pairing,reference_train
how does intelligent voice work?,Help_IntelliVoice,reference_train
transmit the sound wirelessly,Cmd.StreamingStart,reference_train
"please yeah, i've been updated.",Default Fallback Intent,reference_train
please switch to program number two,Cmd.MemoryChange,reference_train
switch program to crowd,Cmd.MemoryChange,reference_train
change program to home,Cmd.MemoryChange,reference_train
"can you hey spec, hello good stats heart. i didn't get that coverage. but the cardboard that was hanging in the fall.",Default Fallback Intent,reference_train
please i can't remember where my other aid is,Help_FindMyHearingAids,reference_train
how to see my weekly eviorment goals?,Help_Health,reference_train
can you set program to speech,Cmd.MemoryChange,reference_train
record this run for me,Cmd.ActivityRun,reference_train
where is my data backed up,Help_HearingCareAnywhereConnect,reference_train
where is the homepage,Help_Home,reference_train
change to pub program,Cmd.MemoryChange,reference_train
please switch to telephone memory,Cmd.MemoryChange,reference_train
how do i enable sensitivity of the double tap?,Help_DeviceSettings,reference_train
how do i invite a caregiver to hear share?,Help_HearShare,reference_train
can you play last push-to-talk.,Cmd.ListenMessage,reference_train
what does self-check test?,Help_SelfCheck,reference_train
send a text,Cmd.SendMessage,reference_train
can you every year,reminders.add,reference_train
can you i need help pairing the hearing aids to my phone,Help_Pairing,reference_train
how do i stop streaming from the remote mic?,Help_Accessories,reference_train
set memory to gym,Cmd.MemoryChange,reference_train
please play message i got.,Cmd.ListenMessage,reference_train
change program to meeting,Cmd.MemoryChange,reference_train
translate this for me now,Cmd.TranslationStart,reference_train
how do i adjust the loudness on just the right aid?,Help_Volume,reference_train
how do i open the battery door,Help_Battery,reference_train
please help with white noise adjustments in my hearing aids,Help_Tinnitus,reference_train
switch to auditorium,Cmd.MemoryChange,reference_train
how do i use the heart rate function?,Help_HeartRate,reference_train
can you create a reminder to take medicine today at 8 p.m.,reminders.add,reference_train
please adidas women boots,Default Fallback Intent,reference_train
i can't remember where my other hearing aid is,Help_FindMyHearingAids,reference_train
please turn on light.,Default Fallback Intent,reference_train
how far have i cycled,Cmd.ActivityCycle,reference_train
can you connect to tv,Cmd.StreamingStart,reference_train
good morning,Default Fallback Intent,reference_train
can you monthly,Default Fallback Intent,reference_train
is demo mode available,Help_DemoMode,reference_train
can you remember to take medicine tomorrow morning,reminders.add,reference_train
can you used calories today,Cmd.ActivityCalories,reference_train
how to clean my itc hearing aid?,Help_CleanCare,reference_train
please remember to wake up at 7 a.m.,reminders.add,reference_train
daddy's got to find the same stock now one might be in with suitcase in the garage,Default Fallback Intent,reference_train
schedule physical therapy appointment tomorrow morning 8:40 a.m.,reminders.add,reference_train
it's uncomfortably loud,Cmd.VolumeDecrease,reference_train
please start translation for spanish,Cmd.TranslationStart,reference_train
can you add mask as a customized memory,Help_MemoryOptions,reference_train
quit streaming the television,Cmd.StreamingStop,reference_train
please i need to pair my hearing aid to my phone,Help_Pairing,reference_train
please west winds blowing it up,Default Fallback Intent,reference_train
please i can’t get my hearing aid on,Help_InsertDevice,reference_train
how do i start streaming from the remote mic?,Help_Accessories,reference_train
please set to quiet memory,Cmd.MemoryChange,reference_train
how does edge mode improve sound,Help_EdgeMode,reference_train
please show me an overview of ipro,Help_WhatsNew,reference_train
remind me on the 27th of august tomy flight,reminders.add,reference_train
can you play my voice message.,Cmd.ListenMessage,reference_train
switch program to kitchen,Cmd.MemoryChange,reference_train
set program to mask,Cmd.MemoryChange,reference_train
remind about party at 12 p.m. on friday,reminders.add,reference_train
please thanks for changing,Default Fallback Intent,reference_train
fix face mask problems,Help_MaskMode,reference_train
please start streaming tv to my hearing aids,Cmd.StreamingStart,reference_train
please lost android phone,Cmd.FindMyPhone,reference_train
how do i disable double tap on my hearing aids?,Help_DeviceSettings,reference_train
can you remind me nutrition research tomorrow at 8 a.m.,reminders.add,reference_train
how long have i been standing up,Cmd.ActivityStand,reference_train
can you work setting,Cmd.MemoryChange,reference_train
how do i access the heart rate recovery feature?,Help_HeartRateRecovery,reference_train
microphone,Default Fallback Intent,reference_train
please memory number three,Cmd.MemoryChange,reference_train
pls send a message,Cmd.SendMessage,reference_train
play the text i just got,Cmd.ListenMessage,reference_train
switch to golf memory,Cmd.MemoryChange,reference_train
how often should i clean my hearing aids,Help_CleanCare,reference_train
raise the loudness,Cmd.VolumeIncrease,reference_train
can you help with tinnitus stimulus adjustments on my hearing aid,Help_Tinnitus,reference_train
how do i enable mask mode?,Help_MaskMode,reference_train
please make it stretchy like that,Default Fallback Intent,reference_train
please change setting to three,Cmd.MemoryChange,reference_train
i'm completely lost in here,Help_Home,reference_train
please remind about running at 6 a.m. on 7th december,reminders.add,reference_train
hey there,Default Fallback Intent,reference_train
can you dnn speech enhancement help,Help_IntelliVoice,reference_train
decrease the loudness in my aids,Cmd.VolumeDecrease,reference_train
can you receiver,Help_WiCROS,reference_train
can you remember her,Default Fallback Intent,reference_train
help for the constant ringing,Help_Tinnitus,reference_train
change program to mute,Cmd.MemoryChange,reference_train
how do i request a remote adjustment,Help_HearingCareAnywhereConnect,reference_train
please mute the hearing aids,Cmd.VolumeMute,reference_train
can you switch to speech memory,Cmd.MemoryChange,reference_train
can you restaurant setting,Cmd.MemoryChange,reference_train
how many calories have i lost this week,Cmd.ActivityCalories,reference_train
please change to auditorium program,Cmd.MemoryChange,reference_train
how do i back up my profile,Help_HearingCareAnywhereConnect,reference_train
how do i turn down the loudness on the hearing aids?,Help_Volume,reference_train
my ears are taking a beating,Cmd.VolumeDecrease,reference_train
please change program to personal,Cmd.MemoryChange,reference_train
how do i make a custom memory?,Help_MemoryOptions,reference_train
how do i make double tap less sensitive?,Help_DeviceSettings,reference_train
please trying to get my hearing age to work,Help_SelfCheck,reference_train
how do i check what accessories i have paired to my aid?,Help_Accessories,reference_train
can you set program to work,Cmd.MemoryChange,reference_train
help with tinnitus noise adjustments,Help_Tinnitus,reference_train
can you i need to pair my hearing aids to my phone,Help_Pairing,reference_train
how do i enable double tap on my aids?,Help_DeviceSettings,reference_train
please set program to quiet,Cmd.MemoryChange,reference_train
should i use basic or advanced mode?,Help_AppSettings,reference_train
let the stream begin,Cmd.StreamingStart,reference_train
how do i use my hearing aids with an accessory,Help_Accessories,reference_train
i need a better program for here,Cmd.MemoryChange,reference_train
i want to send an update,Cmd.SendMessage,reference_train
the sound feels distant,Cmd.VolumeIncrease,reference_train
can you turn on the answer double tap slept here.,Default Fallback Intent,reference_train
view my recovery score,Help_HeartRateRecovery,reference_train
how do i change beeps?,Help_DeviceSettings,reference_train
can you min sound,Cmd.VolumeDecrease,reference_train
what's my weekly calorie burn,Cmd.ActivityCalories,reference_train
can you set memory to three,Cmd.MemoryChange,reference_train
how do i transcribe my words?,Help_Transcribe,reference_train
can you detect android phone,Cmd.FindMyPhone,reference_train
please set setting to two,Cmd.MemoryChange,reference_train
please turn volume on,Cmd.VolumeUnmute,reference_train
help for tele here,Help_HearingCareAnywhereConnect,reference_train
switch to the program for restaurants,Cmd.MemoryChange,reference_train
how do i view my fitness summary,Help_Health,reference_train
start writing this down for me,Cmd.TranscribeStart,reference_train
please sync hearing aid to tv,Help_Pairing,reference_train
this is hammering my ears,Cmd.VolumeDecrease,reference_train
please help with changing programs on my phone,Help_ChangingMemories,reference_train
can you show me my activity goal?,Cmd.ActivityAerobics,reference_train
why won't my aids pair,Help_Pairing,reference_train
help with tinnitus masker adjustments on my aids,Help_Tinnitus,reference_train
everyday memory,Cmd.MemoryChange,reference_train
please help me find my aid,Help_FindMyHearingAids,reference_train
how does sharing audio with another person work,Help_HearShare,reference_train
how does the volume control work,Help_Volume,reference_train
can you set reminder for 7 am tomorrow yoga,reminders.add,reference_train
can you change to worship program,Cmd.MemoryChange,reference_train
thanks,Default Fallback Intent,reference_train
can you unmute my hearing aids,Cmd.VolumeUnmute,reference_train
can you set to school program,Cmd.MemoryChange,reference_train
can you okay microphone,Default Fallback Intent,reference_train
please good not seen a lot of fluid on that side,Default Fallback Intent,reference_train
tell me what people texted,Cmd.ListenMessage,reference_train
do i put the right hearing aid behind my ear?,Help_InsertDevice,reference_train
knock the sound down a bit,Cmd.VolumeDecrease,reference_train
please i want to connect to my audiologist,Help_RemoteProgramming,reference_train
can you find the product name hearing aids starkly,Help_DeviceSettings,reference_train
please change to meeting memory,Cmd.MemoryChange,reference_train
set to television program,Cmd.MemoryChange,reference_train
locate my wife,Default Fallback Intent,reference_train
how do i change the loudness on just the right aid?,Help_Volume,reference_train
how do i unmute the hearing aid?,Help_Volume,reference_train
record this bike ride,Cmd.ActivityCycle,reference_train
record my exercise,Cmd.ActivityExercise,reference_train
what are all the features of health?,Help_Health,reference_train
can you battery life left,Cmd.BatteryLevel,reference_train
help with remote mic,Help_Accessories,reference_train
change to master memory,Cmd.MemoryChange,reference_train
can i change the name of the accessory?,Help_Accessories,reference_train
please switch memory to two,Cmd.MemoryChange,reference_train
i don't want the stream anymore,Cmd.StreamingStop,reference_train
can you i need more volume,Cmd.VolumeIncrease,reference_train
set memory to kitchen,Cmd.MemoryChange,reference_train
i can hear now turn it on,Cmd.VolumeUnmute,reference_train
track my workout,Cmd.ActivityExercise,reference_train
please switch program to automatic,Cmd.MemoryChange,reference_train
open translation,Cmd.TranslationStart,reference_train
help the ringing won't stop,Help_Tinnitus,reference_train
log this aerobics workout,Cmd.ActivityAerobics,reference_train
please unmute sound on hearing aids,Cmd.VolumeUnmute,reference_train
dispatch a text,Cmd.SendMessage,reference_train
stop the music going to my aids,Cmd.StreamingStop,reference_train
work out goal,Cmd.ActivityExercise,reference_train
read out who texted me,Cmd.ListenMessage,reference_train
can you switch program to outdoors,Cmd.MemoryChange,reference_train
how do i deal with sweat on my aids,Help_CleanCare,reference_train
set to everyday program,Cmd.MemoryChange,reference_train
please remind me everyday,reminders.add,reference_train
how do i insert my hearing aid?,Help_InsertDevice,reference_train
set to quiet program,Cmd.MemoryChange,reference_train
can you set memory to auditorium,Cmd.MemoryChange,reference_train
how do i preview new hearing aid settings?,Help_RemoteProgramming,reference_train
how to charge my ric hearing aid?,Help_Battery,reference_train
can you remind me at 2:35 p.m. tomorrow to not park in the back parking lot,reminders.add,reference_train
my ears sweat,Default Fallback Intent,reference_train
can you make the volume more,Cmd.VolumeIncrease,reference_train
can you in just 3 minutes to provide,Default Fallback Intent,reference_train
help me remember to buy milk,reminders.add,reference_train
change to personal program,Cmd.MemoryChange,reference_train
can you i need to disconnect my hearing aid from my phone,Help_Pairing,reference_train
can you find my song,Default Fallback Intent,reference_train
how do i get a better activity score?,Help_ThriveScore,reference_train
change memory to worship,Cmd.MemoryChange,reference_train
can you dial,Default Fallback Intent,reference_train
how do i go from one program to another,Help_ChangingMemories,reference_train
can you remind me to brush my teeth,reminders.add,reference_train
can you these keeps doing this,Default Fallback Intent,reference_train
how long should a battery last,Help_Battery,reference_train
how do i access self check?,Help_SelfCheck,reference_train
switch memory to music,Cmd.MemoryChange,reference_train
how does the body score work?,Help_ThriveScore,reference_train
what's changed in this new version?,Help_WhatsNew,reference_train
i keep missing words,Cmd.VolumeIncrease,reference_train
hearing aid is not work,Help_SelfCheck,reference_train
i lost my aid. can you help me find it?,Help_FindMyHearingAids,reference_train
change memory to mask,Cmd.MemoryChange,reference_train
please calories burned today,Cmd.ActivityCalories,reference_train
what's a healthy recovery rate,Help_HeartRateRecovery,reference_train
please switch to speech,Cmd.MemoryChange,reference_train
show help guide for ipro,Help_ThriveScore,reference_train
please change hearing aids to car,Cmd.MemoryChange,reference_train
how is my score calculated,Help_ThriveScore,reference_train
how do i increase the volume in my left hearing aid?,Help_Volume,reference_train
how to invite my son to hearshare?,Help_HearShare,reference_train
switch memory to auditorium,Cmd.MemoryChange,reference_train
please first washing machine,Default Fallback Intent,reference_train
set off an alert on my phone,Cmd.FindMyPhone,reference_train
switch program to gym,Cmd.MemoryChange,reference_train
where do i stop an alert message text message?,Help_FallAlert,reference_train
cut the volume,Cmd.VolumeDecrease,reference_train
long time no see,Default Fallback Intent,reference_train
how do i update my app preferences,Help_AppSettings,reference_train
how depleted are the batteries,Cmd.BatteryLevel,reference_train
send one,Cmd.SendMessage,reference_train
how will i know when my hearing care specialist adjusted my aids?,Help_RemoteProgramming,reference_train
read me what was sent,Cmd.ListenMessage,reference_train
can you set memory to theater,Cmd.MemoryChange,reference_train
the sound quality went bad,Help_DeviceSettings,reference_train
can you send a message,Cmd.SendMessage,reference_train
remember to wake up at 7 a.m.,reminders.add,reference_train
"stream, youtube music.",Default Fallback Intent,reference_train
can you remind me about dinner in 1 minute,reminders.add,reference_train
how do i save settings to my memory?,Help_MemoryOptions,reference_train
how do i reconnect my right hearing aid,Help_Pairing,reference_train
guide me on sharing what i hear,Help_HearShare,reference_train
can you pair left aid,Help_Pairing,reference_train
please switch to train memory,Cmd.MemoryChange,reference_train
please i got a chica phone if you can find her something right,Default Fallback Intent,reference_train
please show me tinnitus settings,Help_Tinnitus,reference_train
where did i leave my phone,Cmd.FindMyPhone,reference_train
can you change to work memory,Cmd.MemoryChange,reference_train
can you remind me to wash the car,reminders.add,reference_train
can you discover phone,Cmd.FindMyPhone,reference_train
my aid keeps working its way out,Help_InsertDevice,reference_train
how do i search for my other aid?,Help_FindMyHearingAids,reference_train
please heart rate recovery user guide,Help_HeartRateRecovery,reference_train
set memory to outdoors,Cmd.MemoryChange,reference_train
please remind me to deliver to saint barbara catholic church on friday 9 to 9:30,reminders.add,reference_train
please nothing i can share publicly,Default Fallback Intent,reference_train
can you change program to music,Cmd.MemoryChange,reference_train
please switch memory to noise,Cmd.MemoryChange,reference_train
cheers,Default Fallback Intent,reference_train
can you it was discouraging and then i found balance of nature it's just being a no-brainer ever since i feel good,Default Fallback Intent,reference_train
go to personal,Cmd.MemoryChange,reference_train
can you remind me at 12 o'clock,reminders.add,reference_train
can you turn on my left aid,Cmd.VolumeUnmute,reference_train
voice ai,Help_IntelliVoice,reference_train
go back to a high,Default Fallback Intent,reference_train
how are you today,Default Fallback Intent,reference_train
change to restaurant mode,Cmd.MemoryChange,reference_train
please help with tinnitus sound adjustments in my hearing aids,Help_Tinnitus,reference_train
tell me about the translation feature,Help_Translate,reference_train
girls do that i want to go to italy,Default Fallback Intent,reference_train
change memory to theater,Cmd.MemoryChange,reference_train
start streaming,Cmd.StreamingStart,reference_train
how do i fine tune my sound preferences,Help_Customize,reference_train
can you show me how to insert hearing aids into my ears.,Help_InsertDevice,reference_train
please mark my last reminder complete,reminders.complete,reference_train
please show me thrive assistant help,Help_VoiceAssistant,reference_train
someone was supposed to call me and i never do,Default Fallback Intent,reference_train
crank the sound up a bit,Cmd.VolumeIncrease,reference_train
pretty much every year,Default Fallback Intent,reference_train
help fixing the sound on my aids,Help_DeviceSettings,reference_train
remember this for me,reminders.add,reference_train
how do i change memories on my aid?,Help_ChangingMemories,reference_train
start tracking my jog,Cmd.ActivityRun,reference_train
set a reminder,reminders.add,reference_train
help for tele hear,Help_HearingCareAnywhereConnect,reference_train
leave a voice message,Cmd.SendMessage,reference_train
can i leave a note for somebody?,Cmd.SendMessage,reference_train
please show me my standing goal,Cmd.ActivityStand,reference_train
help me use hearshare,Help_HearShare,reference_train
where telephone,Cmd.FindMyPhone,reference_train
please lower the volume,Cmd.VolumeDecrease,reference_train
can you i can't find my hearing aids,Help_FindMyHearingAids,reference_train
schedule an appointment tomorrow,reminders.add,reference_train
start remote stream,Cmd.StreamingStart,reference_train
switch to television,Cmd.MemoryChange,reference_train
please switch memory to number four,Cmd.MemoryChange,reference_train
begin translation,Cmd.TranslationStart,reference_train
can i clean the wax guard,Help_CleanCare,reference_train
how long have i stood,Cmd.ActivityStand,reference_train
can you set to 80% volume,Cmd.VolumeIncrease,reference_train
calories biking,Cmd.ActivityCycle,reference_train
help with loudness adjustments in my hearing aids,Help_Volume,reference_train
contact someone by text,Cmd.SendMessage,reference_train
when do i stop a manual alert message?,Help_FallAlert,reference_train
what is my friends score?,Default Fallback Intent,reference_train
what is my hearing aid's firmware version?,Help_DeviceSettings,reference_train
can you set reminder,reminders.add,reference_train
how do i check to see if my hearing aid is working?,Help_SelfCheck,reference_train
where did i place my aid?,Help_FindMyHearingAids,reference_train
can you switch to worship,Cmd.MemoryChange,reference_train
how do i adjust my noise masker in my aids?,Help_Tinnitus,reference_train
what are the dining options in the clubhouse,Default Fallback Intent,reference_train
can you play me the microphone,Cmd.StreamingStart,reference_train
pairing devices with my thrive app,Help_Pairing,reference_train
show me my exercise goal?,Cmd.ActivityExercise,reference_train
please transcribe this conversation,Cmd.TranscribeStart,reference_train
can you decrease the volume,Cmd.VolumeDecrease,reference_train
i need it perfectly quiet,Cmd.VolumeMute,reference_train
my walking time is?,Cmd.ActivityWalk,reference_train
please help with changing programs on my hearing aid,Help_ChangingMemories,reference_train
live in your ear if there's a wire,Default Fallback Intent,reference_train
can you help with noise stimulus adjustment in my aid,Help_Tinnitus,reference_train
iconic store,Default Fallback Intent,reference_train
can you or put on 6-month cleaning,Default Fallback Intent,reference_train
can you please show me where decrease the background,Default Fallback Intent,reference_train
help me find my aid,Help_FindMyHearingAids,reference_train
explain how the aids help with ringing,Help_Tinnitus,reference_train
switch setting to number one,Cmd.MemoryChange,reference_train
switch to meeting program,Cmd.MemoryChange,reference_train
can you mark last reminder complete,reminders.complete,reference_train
help me get oriented,Help_Home,reference_train
does transcribe keep my conversations,Help_Transcribe,reference_train
please create a reminder,reminders.add,reference_train
yeah just take a little off yeah,Default Fallback Intent,reference_train
translate to english,Cmd.TranslationStart,reference_train
how do i get back to the home screen?,Help_Home,reference_train
reduce the volume,Cmd.VolumeDecrease,reference_train
give me a battery reading,Cmd.BatteryLevel,reference_train
what sounds will i hear in my hearing aid if i fall?,Help_FallAlert,reference_train
help for streaming,Help_Accessories,reference_train
remind me to charge my phone everyday at 11:00 p.m.,reminders.add,reference_train
discover revelation,Default Fallback Intent,reference_train
let me listen through my hearing aids,Cmd.StreamingStart,reference_train
hear audio in my aids,Cmd.StreamingStart,reference_train
please show me my walking history?,Cmd.ActivityWalk,reference_train
i need to disconnect my hearing aid from my phone,Help_Pairing,reference_train
please help me find my hearing aids,Help_FindMyHearingAids,reference_train
stream the audio directly to my aids,Cmd.StreamingStart,reference_train
please tell me about the reminders feature,Help_Reminder,reference_train
please switch to pub,Cmd.MemoryChange,reference_train
please you can always add,Default Fallback Intent,reference_train
please remind me to workout tomorrow morning at 6,reminders.add,reference_train
turn on streaming,Cmd.StreamingStart,reference_train
my hearing aid sound keeps glitching,Help_DeviceSettings,reference_train
i need to reach out to someone,Cmd.SendMessage,reference_train
i want to tell someone my news in a message,Cmd.SendMessage,reference_train
help with changing programs using the app,Help_ChangingMemories,reference_train
where's my combined body and brain rating,Help_ThriveScore,reference_train
can you switch to everyday,Cmd.MemoryChange,reference_train
switch to gym,Cmd.MemoryChange,reference_train
please i'll see you then you help me,Default Fallback Intent,reference_train
please provincial hearing this is waiting to see how can i help you,Default Fallback Intent,reference_train
how do i know if the hearing aids are connected to my thrive app?,Help_Pairing,reference_train
tell me today's news,Default Fallback Intent,reference_train
what are some of my options for memories,Help_MemoryOptions,reference_train
can you remind me to go to the doctor,reminders.add,reference_train
can you girls do that i want to go to italy,Default Fallback Intent,reference_train
i need a reminder tomorrow,reminders.add,reference_train
locate my missing earpiece,Help_FindMyHearingAids,reference_train
please change program to gym,Cmd.MemoryChange,reference_train
please help for speech to text,Help_Transcribe,reference_train
how do i access translate,Help_Translate,reference_train
can my professional adjust my aid remotely?,Help_RemoteProgramming,reference_train
please add a reminder for tomorrow,reminders.add,reference_train
can you quick start,Help_WhatsNew,reference_train
end the mute let me hear,Cmd.VolumeUnmute,reference_train
can you reminder done.,reminders.complete,reference_train
help me understand this app,Help_Home,reference_train
remember to turn off my phone every day at 11 p.m.,reminders.add,reference_train
how do i contact my professional for help?,Help_RemoteProgramming,reference_train
please set to train program,Cmd.MemoryChange,reference_train
please remind me at 1 p.m. that i have to eat,reminders.add,reference_train
what's up with you,Default Fallback Intent,reference_train
remind me in 15 minutes to go to the bar,reminders.add,reference_train
mark reminder complete,reminders.complete,reference_train
how do i adjust my loudness of the tinnitus volume on my aid?,Help_Tinnitus,reference_train
please remind me to pick up my car next friday morning,reminders.add,reference_train
remind flight at 6 a.m.,reminders.add,reference_train
can you set memory to office,Cmd.MemoryChange,reference_train
please help with tinnitus noise adjustments in my aids,Help_Tinnitus,reference_train
please make my aids listen to the remote microphone,Cmd.StreamingStart,reference_train
how do i change programs on the aids?,Help_ChangingMemories,reference_train
please remind me everyday to read a book at 6 p.m.,reminders.add,reference_train
help with the thrive score,Help_ThriveScore,reference_train
please write a program of research institute,Default Fallback Intent,reference_train
turn volume to normal,Cmd.VolumeUnmute,reference_train
please restaurant near me,Default Fallback Intent,reference_train
please set program to theater,Cmd.MemoryChange,reference_train
can you begin recording,Cmd.TranscribeStart,reference_train
please set to school memory,Cmd.MemoryChange,reference_train
how do i invite someone to hearshare,Help_HearShare,reference_train
play the audio directly in my ears,Cmd.StreamingStart,reference_train
my hearing aid keeps disconnecting,Help_DeviceSettings,reference_train
to take lipitor,Default Fallback Intent,reference_train
how do i connect to my car's bluetooth?,Help_Pairing,reference_train
please these keeps doing this,Default Fallback Intent,reference_train
remind me to pick up my prescription saturday at 5 p.m.,reminders.add,reference_train
what does the locate aids feature do,Help_FindMyHearingAids,reference_train
how do i fix my car,Default Fallback Intent,reference_train
how do i change the cros balance?,Help_WiCROS,reference_train
hear last message.,Cmd.ListenMessage,reference_train
steps taken?,Cmd.ActivityStep,reference_train
can i go back to my original settings?,Help_RemoteProgramming,reference_train
how do i change to another program on my aid?,Help_ChangingMemories,reference_train
give me some help,Default Fallback Intent,reference_train
show me my exercise goal,Cmd.ActivityExercise,reference_train
onkyo receiver,Default Fallback Intent,reference_train
read me what people sent,Cmd.ListenMessage,reference_train
please help with tinnitus sound adjustments in my hearing aid,Help_Tinnitus,reference_train
help me keep track of this,reminders.add,reference_train
where could my phone be ring it,Cmd.FindMyPhone,reference_train
please set to car memory,Cmd.MemoryChange,reference_train
can you set program to office,Cmd.MemoryChange,reference_train
check the power,Cmd.BatteryLevel,reference_train
help with noise stimulus adjustments in my hearing aids,Help_Tinnitus,reference_train
can you locate my hearing aid,Help_FindMyHearingAids,reference_train
can you remind me about the teacher meeting on friday,reminders.add,reference_train
can you direction of the sound,Default Fallback Intent,reference_train
how do i adjust the tv sound?,Help_Accessories,reference_train
when do i cancel an alert?,Help_FallAlert,reference_train
set reminder for 7 a.m. tomorrow about dinner please,reminders.add,reference_train
how do i adjust my noise masker on the right aid?,Help_Tinnitus,reference_train
start recording for me,Cmd.TranscribeStart,reference_train
i need help with pairing the hearing aids,Help_Pairing,reference_train
please switch to music program,Cmd.MemoryChange,reference_train
how do i change to another program on the aid?,Help_ChangingMemories,reference_train
begin converting speech to text,Cmd.TranscribeStart,reference_train
run me through testing my hearing aids,Help_SelfCheck,reference_train
activate sound streaming,Cmd.StreamingStart,reference_train
please help with volume changes in my hearing aids,Help_Volume,reference_train
reactivate my hearing aid sound,Cmd.VolumeUnmute,reference_train
meeting program,Cmd.MemoryChange,reference_train
volume increase,Cmd.VolumeIncrease,reference_train
can my hearing aids track my heart rate,Help_HeartRate,reference_train
please i can't hear anything,Default Fallback Intent,reference_train
please have i reached my activity goal?,Cmd.ActivityAerobics,reference_train
please remind me about dinner at 15 p.m.,reminders.add,reference_train
can i adjust settings for my taste,Help_Customize,reference_train
please help with changing memories on my phone,Help_ChangingMemories,reference_train
what does this dnn speech enhancement do?,Help_IntelliVoice,reference_train
change to everyday program,Cmd.MemoryChange,reference_train
please remind me to work out,reminders.add,reference_train
can you this reminder is complete,reminders.complete,reference_train
can you change program to speech,Cmd.MemoryChange,reference_train
find my aids help,Help_FindMyHearingAids,reference_train
please play my last recording.,Cmd.ListenMessage,reference_train
can you kitchen setting,Cmd.MemoryChange,reference_train
please make the volume less,Cmd.VolumeDecrease,reference_train
stop streaming,Cmd.StreamingStop,reference_train
how charged are my aids,Cmd.BatteryLevel,reference_train
log my training session,Cmd.ActivityExercise,reference_train
can you remind me to study tomorrow,reminders.add,reference_train
add to reminder,reminders.add,reference_train
battery help please,Help_Battery,reference_train
it was pitch-black out in the store,Default Fallback Intent,reference_train
since you're coming up pretty soon,Default Fallback Intent,reference_train
stream tv,Cmd.StreamingStart,reference_train
send me a reminder to leave for work in 10 minutes,reminders.add,reference_train
can i preview the adjustments made by my professional?,Help_RemoteProgramming,reference_train
stop streaming from my phone,Cmd.StreamingStop,reference_train
can you i want to listen to the presenter,Cmd.StreamingStart,reference_train
i need to pair my hearing aid to my phone,Help_Pairing,reference_train
please florist off screen,Default Fallback Intent,reference_train
please please diagnose my hearing aids,Help_SelfCheck,reference_train
can you remind me to pick up my prescription at 5 p.m. on wednesday,reminders.add,reference_train
give me an overview of the app,Help_Home,reference_train
how do i make chili,Default Fallback Intent,reference_train
how do i access dnn speech enhancement?,Help_IntelliVoice,reference_train
hearing aids translate user guide,Help_Translate,reference_train
where should i send a manual alert?,Help_FallAlert,reference_train
order a pizza,Default Fallback Intent,reference_train
how do i get better body scores?,Help_ThriveScore,reference_train
where would i stop a fall alert?,Help_FallAlert,reference_train
switch program to train,Cmd.MemoryChange,reference_train
what's my hearing aid's serial number?,Help_DeviceSettings,reference_train
how does voice assistant work?,Help_VoiceAssistant,reference_train
please turn on streaming,Cmd.StreamingStart,reference_train
how do i adjust my loudness of the tinnitus masker in my hearing aids?,Help_Tinnitus,reference_train
help understanding the translate feature,Help_Translate,reference_train
modeling agency,Default Fallback Intent,reference_train
switch to mute memory,Cmd.MemoryChange,reference_train
please set to golf memory,Cmd.MemoryChange,reference_train
remind me tomorrow to call,reminders.add,reference_train
remind me to send out christmas cards every year on december 1st at 5 p.m.,reminders.add,reference_train
why is only one of my hearing aids working,Help_SelfCheck,reference_train
how do i charge my itc hearing aid?,Help_Battery,reference_train
help with volume changes in my aids,Help_Volume,reference_train
i have an appointment coming up don't let me miss it,reminders.add,reference_train
aerobic calories,Cmd.ActivityAerobics,reference_train
where do i tweak my sound settings,Help_Customize,reference_train
remember to take medicine today at 5 p.m.,reminders.add,reference_train
switch memory to noise,Cmd.MemoryChange,reference_train
can you change program to meeting,Cmd.MemoryChange,reference_train
can you switch program to worship,Cmd.MemoryChange,reference_train
please change to pub program,Cmd.MemoryChange,reference_train
change program to train,Cmd.MemoryChange,reference_train
what is dnn speech enhancement for,Help_IntelliVoice,reference_train
when would i use demo mode,Help_DemoMode,reference_train
set it to the outdoor setting,Cmd.MemoryChange,reference_train
can you modeling agency,Default Fallback Intent,reference_train
change memory to gym,Cmd.MemoryChange,reference_train
guide me on the voice assistant,Help_VoiceAssistant,reference_train
how has ipro changed?,Help_WhatsNew,reference_train
show my activity and exercise summary,Help_Health,reference_train
how do i turn down the loudness in just one hearing aid?,Help_Volume,reference_train
boost the sound a little,Cmd.VolumeIncrease,reference_train
can my professional adjust the hearing aid remotely?,Help_RemoteProgramming,reference_train
how do i turn up the volume on the hearing aid?,Help_Volume,reference_train
please change to meeting,Cmd.MemoryChange,reference_train
please fisher is jacking off in the car so it's in the closet,Default Fallback Intent,reference_train
explain how to ease tinnitus,Help_Tinnitus,reference_train
please play last message,Cmd.ListenMessage,reference_train
please i want to listen to my tv,Cmd.StreamingStart,reference_train
it's on you,Default Fallback Intent,reference_train
please set a reminder,reminders.add,reference_train
please change to worship memory,Cmd.MemoryChange,reference_train
time my bike ride,Cmd.ActivityCycle,reference_train
can you switch memory to number one,Cmd.MemoryChange,reference_train
where's self check?,Help_SelfCheck,reference_train
how will i know when the professional adjusted the aid?,Help_RemoteProgramming,reference_train
can you let me listen to my message.,Cmd.ListenMessage,reference_train
please change to master,Cmd.MemoryChange,reference_train
set memory to mute,Cmd.MemoryChange,reference_train
program number two,Cmd.MemoryChange,reference_train
please set memory to home,Cmd.MemoryChange,reference_train
please help with changing memories using my app,Help_ChangingMemories,reference_train
can you my walking time is?,Cmd.ActivityWalk,reference_train
please locate my other hearing aid,Help_FindMyHearingAids,reference_train
can you set memory to television,Cmd.MemoryChange,reference_train
start walking,Cmd.ActivityWalk,reference_train
how to self check,Help_SelfCheck,reference_train
please this reminder is complete,reminders.complete,reference_train
what’s my heart rate?,Help_HeartRate,reference_train
is there a tutorial,Help_Home,reference_train
can you running calories,Cmd.ActivityRun,reference_train
how would i intercept an alert message text message?,Help_FallAlert,reference_train
please show me where my telephone is,Cmd.FindMyPhone,reference_train
please switch to golf memory,Cmd.MemoryChange,reference_train
can you transcribe this conversation,Cmd.TranscribeStart,reference_train
how do i use the app without aids?,Help_DemoMode,reference_train
did i reach my walking goal today,Cmd.ActivityWalk,reference_train
how do i get the aid to stay in,Help_InsertDevice,reference_train
information on the wellness score,Help_ThriveScore,reference_train
how do i customize my hearing aid?,Help_Customize,reference_train
change to worship,Cmd.MemoryChange,reference_train
where’s the translate feature?,Help_Translate,reference_train
can you train memory,Cmd.MemoryChange,reference_train
android phone to listen to spotify,Default Fallback Intent,reference_train
give me sound again,Cmd.VolumeUnmute,reference_train
how many calories did i burn working out,Cmd.ActivityExercise,reference_train
please switch program to mask,Cmd.MemoryChange,reference_train
nudge me in an hour,reminders.add,reference_train
how do i adjust my loudness of the white noise in my aid?,Help_Tinnitus,reference_train
can i use the phone to check the volume of my hearing aids,Help_Volume,reference_train
record the walking i just finished,Cmd.ActivityWalk,reference_train
please hearing aid is not work,Help_SelfCheck,reference_train
create a message,Cmd.SendMessage,reference_train
please help with tinnitus masker adjustments on my aid,Help_Tinnitus,reference_train
get that volume out of my ear,Cmd.VolumeDecrease,reference_train
change setting to three,Cmd.MemoryChange,reference_train
remind me to buy bread at 11 a.m. tomorrow,reminders.add,reference_train
what's my hearing aid's firmware version?,Help_DeviceSettings,reference_train
please i need to pair the hearing aid to my phone,Help_Pairing,reference_train
elsa texas off huh,Default Fallback Intent,reference_train
everyday,reminders.add,reference_train
how do i use intellivoice,Help_IntelliVoice,reference_train
can you calories running,Cmd.ActivityRun,reference_train
please change to personal memory,Cmd.MemoryChange,reference_train
route the movie sound to my hearing aids,Cmd.StreamingStart,reference_train
switch to master,Cmd.MemoryChange,reference_train
make my phone ring,Cmd.FindMyPhone,reference_train
cleaning and care help,Help_CleanCare,reference_train
how do i pair my hearing aid to my phone?,Help_Pairing,reference_train
it's too loud for me,Cmd.VolumeDecrease,reference_train
set setting to number one,Cmd.MemoryChange,reference_train
can you turn on streaming,Cmd.StreamingStart,reference_train
please switch to speech program,Cmd.MemoryChange,reference_train
how to see my daily hearing aid goals?,Help_Health,reference_train
can you my hearing aids have too much treble,Help_Customize,reference_train
pairing aids on my thrive app,Help_Pairing,reference_train
please change setting to number one,Cmd.MemoryChange,reference_train
help me change tinnitus program,Help_Tinnitus,reference_train
turn down the volume on the hearing aid,Cmd.VolumeDecrease,reference_train
hope you are well,Default Fallback Intent,reference_train
turn off mute,Cmd.VolumeUnmute,reference_train
help with noise stimulus adjustment in my aids,Help_Tinnitus,reference_train
please set to kitchen program,Cmd.MemoryChange,reference_train
how many calories have i burned today?,Cmd.ActivityCalories,reference_train
please turn up the volume in my right hearing aid,Cmd.VolumeIncrease,reference_train
where is my daily score,Help_ThriveScore,reference_train
what can i control here,Help_Home,reference_train
can you finish this reminder.,reminders.complete,reference_train
please add reminder for meeting,reminders.add,reference_train
can you turn up the volume in my right hearing aid,Cmd.VolumeIncrease,reference_train
set to everyday memory,Cmd.MemoryChange,reference_train
can i connect an external mic,Help_Accessories,reference_train
please help me,Default Fallback Intent,reference_train
can you they are trying to reduce the temperature right now,Default Fallback Intent,reference_train
how do i access intellivoice?,Help_IntelliVoice,reference_train
can you make volume louder,Cmd.VolumeIncrease,reference_train
can you i don't like my current hearing aid settings,Help_MemoryOptions,reference_train
send a voice message,Cmd.SendMessage,reference_train
can you set memory to personal,Cmd.MemoryChange,reference_train
please switch to quiet program,Cmd.MemoryChange,reference_train
please set memory to school,Cmd.MemoryChange,reference_train
write a program in switch,Default Fallback Intent,reference_train
set my reminders,reminders.add,reference_train
how do i customize how things sound,Help_Customize,reference_train
show me my activity goal?,Cmd.ActivityAerobics,reference_train
how's life,Default Fallback Intent,reference_train
will i hear what is being transcribed?,Help_Transcribe,reference_train
can my hearing care specialist adjust the hearing aids remotely?,Help_RemoteProgramming,reference_train
stream the music into my ears,Cmd.StreamingStart,reference_train
help streaming,Help_Accessories,reference_train
help for speech to text,Help_Transcribe,reference_train
how do i adjust my loudness of the white noise in the hearing aids?,Help_Tinnitus,reference_train
can you set to meeting memory,Cmd.MemoryChange,reference_train
can you look up your nose real quick to,Default Fallback Intent,reference_train
please i need an adjustment to my hearing aids,Help_RemoteProgramming,reference_train
can you set reminder buy milk on november 11 at 5 p.m.,reminders.add,reference_train
i might be off or something about leaving.,Default Fallback Intent,reference_train
can you change setting to number one,Cmd.MemoryChange,reference_train
can you mute the hearing aids,Cmd.VolumeMute,reference_train
begin tracking my walk,Cmd.ActivityWalk,reference_train
how do i ask for a remote fitting,Help_RemoteProgramming,reference_train
can you complete my latest reminder,reminders.complete,reference_train
can you only if it's not a problem for cdl,Default Fallback Intent,reference_train
please translate for russian,Cmd.TranslationStart,reference_train
please remind me to pick up my prescription saturday at 5 p.m.,reminders.add,reference_train
how do i switch to music memory?,Help_ChangingMemories,reference_train
end stream,Cmd.StreamingStop,reference_train
how many calories today,Cmd.ActivityCalories,reference_train
can you auditorium memory,Cmd.MemoryChange,reference_train
please start recording for me,Cmd.TranscribeStart,reference_train
how do i measure my heart rate?,Help_HeartRate,reference_train
how do i reconnect my hearing aids,Help_Pairing,reference_train
please change program to crowd,Cmd.MemoryChange,reference_train
can you let me hear my tv,Cmd.StreamingStart,reference_train
please remind me at 11 o'clock in the morning,reminders.add,reference_train
can you maximum sound,Cmd.VolumeIncrease,reference_train
i want to send a message,Cmd.SendMessage,reference_train
please change memory to office,Cmd.MemoryChange,reference_train
setup a reminder,reminders.add,reference_train
how do i change the caregiver settings?,Help_AppSettings,reference_train
help with the speech enhancement feature,Help_IntelliVoice,reference_train
how do i geotag my current memory?,Help_MemoryOptions,reference_train
switch memory to four,Cmd.MemoryChange,reference_train
explain the heart rate feature,Help_HeartRate,reference_train
remind me at 2:35 p.m. tomorrow to not park in the back parking lot,reminders.add,reference_train
can you switch to theater memory,Cmd.MemoryChange,reference_train
set program to restaurant,Cmd.MemoryChange,reference_train
do reminders sync to my hearing aids,Help_Reminder,reference_train
turn stream off,Cmd.StreamingStop,reference_train
please change to outdoors memory,Cmd.MemoryChange,reference_train
can you switch on ps4,Default Fallback Intent,reference_train
how many languages are in translate?,Help_Translate,reference_train
"this jena fuller. can you trying to fill out way, too?",Default Fallback Intent,reference_train
dnn speech enhancement help,Help_IntelliVoice,reference_train
how to see my weekly environment goals?,Help_Health,reference_train
when should i initiate a manual alert text?,Help_FallAlert,reference_train
i need my quiet program,Cmd.MemoryChange,reference_train
please i can't remember where my aid is,Help_FindMyHearingAids,reference_train
please change memory to everyday,Cmd.MemoryChange,reference_train
how do i sync my aid to the app?,Help_HearingCareAnywhereConnect,reference_train
can you personalize my hearing aid settings,Help_MemoryOptions,reference_train
please change program to theater,Cmd.MemoryChange,reference_train
how do i access intelligent voice?,Help_IntelliVoice,reference_train
change to school program,Cmd.MemoryChange,reference_train
i would like to send a message,Cmd.SendMessage,reference_train
change memory to home,Cmd.MemoryChange,reference_train
information on the body score,Help_ThriveScore,reference_train
please remind me about dinner at 1523,reminders.add,reference_train
can you theater program,Cmd.MemoryChange,reference_train
please he forgot them and you need them let me know if i have a free afternoon i can drive over,Default Fallback Intent,reference_train
every morning,Default Fallback Intent,reference_train
please set memory to tinnitus,Cmd.MemoryChange,reference_train
adjust my aids for this loud place,Cmd.MemoryChange,reference_train
switch memory to train,Cmd.MemoryChange,reference_train
what happens if my aids get wet,Help_CleanCare,reference_train
please i can't remember where my aids are,Help_FindMyHearingAids,reference_train
i can barely hear the conversation,Cmd.VolumeIncrease,reference_train
please syracuse a bad home,Default Fallback Intent,reference_train
can my hearing aids be set up to an iphone and an ipad at the same,Help_Pairing,reference_train
what does running a diagnostic check do,Help_SelfCheck,reference_train
can you mask program,Cmd.MemoryChange,reference_train
can you show me my running goal,Cmd.ActivityRun,reference_train
can you lexus assembly to new,Default Fallback Intent,reference_train
this massive program to influence the united states politically,Default Fallback Intent,reference_train
"can you i'm just like oh, so that's the point that down.",Default Fallback Intent,reference_train
can i customize edge mode,Help_EdgeMode,reference_train
can you turn off toshiba,Default Fallback Intent,reference_train
steps taken,Cmd.ActivityStep,reference_train
please i'll let you sleep,Default Fallback Intent,reference_train
how do i clean the microphone,Help_CleanCare,reference_train
transfer audio to my devices,Cmd.StreamingStart,reference_train
can you set reminder to drink water at 9 p.m. every tuesday,reminders.add,reference_train
alexa,Default Fallback Intent,reference_train
pull down right here in alice question,Default Fallback Intent,reference_train
can you he did just change it,Default Fallback Intent,reference_train
can you help with pairing hearing aids on the thrive app,Help_Pairing,reference_train
what is the hearshare feature,Help_HearShare,reference_train
show me my biking goal,Cmd.ActivityCycle,reference_train
how good is the translation feature,Help_Translate,reference_train
how do i change from the hearing aids to my car bluetooth?,Help_Pairing,reference_train
show me how long i've stood,Cmd.ActivityStand,reference_train
fisher is jacking off in the car so it's in the closet,Default Fallback Intent,reference_train
remind me to turn off my phone every day at 11 p.m.,reminders.add,reference_train
can you switch to work program,Cmd.MemoryChange,reference_train
wrap up that reminder it's done,reminders.complete,reference_train
turn off the sound,Cmd.VolumeMute,reference_train
connect the audio from my phone to my aids,Cmd.StreamingStart,reference_train
the score of the minnesota twins game,Default Fallback Intent,reference_train
how much exercise have i done today,Cmd.ActivityExercise,reference_train
can you hey find me a way to white oaks mall,Default Fallback Intent,reference_train
this setting doesn't suit this place,Cmd.MemoryChange,reference_train
where are the loudness settings,Help_Volume,reference_train
could you help me,Default Fallback Intent,reference_train
please i need help with pairing my aid to the phone,Help_Pairing,reference_train
personal setting,Cmd.MemoryChange,reference_train
please change to home program,Cmd.MemoryChange,reference_train
can you unmute on,Cmd.VolumeUnmute,reference_train
can you my hearing aids are missing,Help_FindMyHearingAids,reference_train
throw it on the floor,Default Fallback Intent,reference_train
decrease volume in my hearing aids,Cmd.VolumeDecrease,reference_train
transcribe this conversation,Cmd.TranscribeStart,reference_train
please telephone audio input,Default Fallback Intent,reference_train
how do i turn down the volume in the aid?,Help_Volume,reference_train
please change program to speech,Cmd.MemoryChange,reference_train
send the message,Cmd.SendMessage,reference_train
can i go to a different program?,Help_ChangingMemories,reference_train
can you change memory to three,Cmd.MemoryChange,reference_train
can you set reminder about washing car,reminders.add,reference_train
i cannot remember where my left hearing aid is,Help_FindMyHearingAids,reference_train
log my aerobics session,Cmd.ActivityAerobics,reference_train
what do the fall indicators sound like?,Help_FallAlert,reference_train
please remind me to take medicine next thursday at 4 p.m.,reminders.add,reference_train
please close at notre dame score yesterday,Default Fallback Intent,reference_train
how do volume changes get saved,Help_Volume,reference_train
how to do dnn speech enhancement,Help_IntelliVoice,reference_train
can you switch to home memory,Cmd.MemoryChange,reference_train
set to work memory,Cmd.MemoryChange,reference_train
do i need to stand longer to reach my goal,Cmd.ActivityStand,reference_train
please i want to talk to my audiologist,Help_RemoteProgramming,reference_train
please right swift code of binary search,Default Fallback Intent,reference_train
how do i adjust the volume on my tv streamer?,Help_Accessories,reference_train
how do i turn down the loudness in my hearing aid?,Help_Volume,reference_train
can you add reminder with title washing car,reminders.add,reference_train
crowd setting,Cmd.MemoryChange,reference_train
please adjustments didn't hear it in the office but i am out to your there,Default Fallback Intent,reference_train
how do i get more information on the thrive score?,Help_ThriveScore,reference_train
put a reminder for my checkup,reminders.add,reference_train
can you play message,Cmd.ListenMessage,reference_train
yo,Default Fallback Intent,reference_train
can you every week,reminders.add,reference_train
can you add a reminder,reminders.add,reference_train
please remember to study tomorrow,reminders.add,reference_train
the sound is too low,Cmd.VolumeIncrease,reference_train
find my handset,Cmd.FindMyPhone,reference_train
how do i enable the auto car feature,Help_DeviceSettings,reference_train
please set setting to number four,Cmd.MemoryChange,reference_train
i need directions,Help_Home,reference_train
can you remind me about exams every friday at 7 p.m.,reminders.add,reference_train
can you i want to create a new program?,Help_MemoryOptions,reference_train
please start remote streaming,Cmd.StreamingStart,reference_train
link to my hearing aid,Help_Pairing,reference_train
please i can't hear the,Default Fallback Intent,reference_train
what are some river cruise options in the united states (1),Default Fallback Intent,reference_train
ask my house,Default Fallback Intent,reference_train
please switch to tinnitus memory,Cmd.MemoryChange,reference_train
how will i know when the hearing specialist adjusted my aid?,Help_RemoteProgramming,reference_train
what's the serial number of my aids?,Help_DeviceSettings,reference_train
is my sign,Default Fallback Intent,reference_train
can you remind,reminders.add,reference_train
address change,Default Fallback Intent,reference_train
i'm walking and they didn't working,Default Fallback Intent,reference_train
when would i stop a manual alert text message?,Help_FallAlert,reference_train
can you remind me to pick up my prescription sunday at 5 p.m.,reminders.add,reference_train
can you change memory to mask,Cmd.MemoryChange,reference_train
translate help,Help_Translate,reference_train
let a contact know my news by text,Cmd.SendMessage,reference_train
how reliable is the fall alert,Help_FallAlert,reference_train
can you up volume,Cmd.VolumeIncrease,reference_train
put the audio into my ears,Cmd.StreamingStart,reference_train
mask memory,Cmd.MemoryChange,reference_train
please distance from new jersey,Default Fallback Intent,reference_train
can you heart rate recovery guide,Help_HeartRateRecovery,reference_train
how do i change ringtones?,Help_DeviceSettings,reference_train
can you set setting to number one,Cmd.MemoryChange,reference_train
please pair right aid,Help_Pairing,reference_train
can you turn up the loudness on my aids,Cmd.VolumeIncrease,reference_train
can you master memory,Cmd.MemoryChange,reference_train
please i need help with my settings,Help_DeviceSettings,reference_train
turn the lights off,Default Fallback Intent,reference_train
remind me tomorrow,reminders.add,reference_train
play me the microphone,Cmd.StreamingStart,reference_train
show me the transcribe help,Help_Transcribe,reference_train
how do i ask for new aid settings?,Help_RemoteProgramming,reference_train
how to clean my ric hearing aid?,Help_CleanCare,reference_train
where can i find brain activity,Default Fallback Intent,reference_train
give me text of this conversation,Cmd.TranscribeStart,reference_train
latest reminder finished.,reminders.complete,reference_train
i need support,Help_Home,reference_train
switch memory to golf,Cmd.MemoryChange,reference_train
how do i return to my default volume?,Help_Volume,reference_train
how do i change to a different program on my aids?,Help_ChangingMemories,reference_train
track the run i completed,Cmd.ActivityRun,reference_train
can you latest reminder completed.,reminders.complete,reference_train
can it translate two languages at once,Help_Translate,reference_train
can you write me an example of a sympathy card,Default Fallback Intent,reference_train
hey you,Default Fallback Intent,reference_train
can you i'm floating on the road,Default Fallback Intent,reference_train
it's busy being born,Default Fallback Intent,reference_train
how do i access translation,Help_Translate,reference_train
please switch memory to school,Cmd.MemoryChange,reference_train
where is heart help recovery,Help_HeartRateRecovery,reference_train
how can i customize my hearing aids?,Help_Customize,reference_train
can it be less loud,Cmd.VolumeDecrease,reference_train
can you set an doctors appointment for tomorrow at 10 am,reminders.add,reference_train
how do i save settings to a new memory?,Help_MemoryOptions,reference_train
please play hank williams junior,Default Fallback Intent,reference_train
how will i know when my professional adjusted my hearing aid?,Help_RemoteProgramming,reference_train
my device keeps falling out of my ear,Help_InsertDevice,reference_train
change program to two,Cmd.MemoryChange,reference_train
see my pulse in bpm,Help_HeartRate,reference_train
please show me a quick start guide,Help_WhatsNew,reference_train
i said other program,Default Fallback Intent,reference_train
how do i use this,Help_Home,reference_train
how do i change the tinnitus sounds,Help_Tinnitus,reference_train
gentle on the volume,Cmd.VolumeDecrease,reference_train
adjust each ear's volume separately,Help_Volume,reference_train
please set memory to outdoors,Cmd.MemoryChange,reference_train
chelsea down at least you try,Default Fallback Intent,reference_train
can you locate my other aid,Help_FindMyHearingAids,reference_train
please help with noise stimulus adjustment in my aid,Help_Tinnitus,reference_train
where phone,Cmd.FindMyPhone,reference_train
can you switch to gym memory,Cmd.MemoryChange,reference_train
can you let me hear the microphone,Cmd.StreamingStart,reference_train
can you decrease hearing,Cmd.VolumeDecrease,reference_train
monday,Default Fallback Intent,reference_train
show me voice assistant help,Help_VoiceAssistant,reference_train
can you change memory to restaurant,Cmd.MemoryChange,reference_train
am i running low on battery?,Cmd.BatteryLevel,reference_train
help with tinnitus volume adjustment in my aid,Help_Tinnitus,reference_train
can you hearing aids every time the stupid phone goes,Default Fallback Intent,reference_train
let me record something for someone,Cmd.SendMessage,reference_train
used calories today,Cmd.ActivityCalories,reference_train
turn the lights on,Default Fallback Intent,reference_train
can you switch to tinnitus memory,Cmd.MemoryChange,reference_train
please turn the sound off,Cmd.VolumeMute,reference_train
how to share information with caregiver,Help_HearShare,reference_train
how do i customize my hearing aids?,Help_Customize,reference_train
please latest reminder finished.,reminders.complete,reference_train
can you saturday,Default Fallback Intent,reference_train
please find my aids,Help_FindMyHearingAids,reference_train
set memory to two,Cmd.MemoryChange,reference_train
remind me to do homework on november 11 at 7 p.m.,reminders.add,reference_train
please remind me to call jose tomorrow,reminders.add,reference_train
which room did i leave my aid in,Help_FindMyHearingAids,reference_train
what is wrong with my left hearing aid,Help_SelfCheck,reference_train
can you help with changing programs using the app,Help_ChangingMemories,reference_train
can you change memory to test one,Cmd.MemoryChange,reference_train
remind me to pick up my prescription thursday at 5 p.m.,reminders.add,reference_train
can you change to work program,Cmd.MemoryChange,reference_train
location,Default Fallback Intent,reference_train
flip into my everyday program,Cmd.MemoryChange,reference_train
i'd like to send a message,Cmd.SendMessage,reference_train
can you salsa on my left,Default Fallback Intent,reference_train
what does engagement score mean?,Help_ThriveScore,reference_train
how do i change the volume on my aids?,Help_Volume,reference_train
increase the volume in my aids,Cmd.VolumeIncrease,reference_train
change to worship program,Cmd.MemoryChange,reference_train
stop tv streaming,Cmd.StreamingStop,reference_train
how do i get rid of wax in my hearing aid,Help_CleanCare,reference_train
what if i don't like the adjustments made by my professional?,Help_RemoteProgramming,reference_train
where would i send a manual alert text?,Help_FallAlert,reference_train
can you change to mask mode,Cmd.MemoryChange,reference_train
keeping my aids in good shape,Help_CleanCare,reference_train
thanks a lot,Default Fallback Intent,reference_train
change to memory number two,Cmd.MemoryChange,reference_train
can you set memory to music,Cmd.MemoryChange,reference_train
can you switch program to quiet,Cmd.MemoryChange,reference_train
can you set setting to number three,Cmd.MemoryChange,reference_train
please switch setting to three,Cmd.MemoryChange,reference_train
how do i pair my hearing aids to my phone?,Help_Pairing,reference_train
how to check hearing aids state,Help_SelfCheck,reference_train
can i change my battery?,Help_Battery,reference_train
can you go to personal,Cmd.MemoryChange,reference_train
please unmute the aids,Cmd.VolumeUnmute,reference_train
how do i open the data log,Default Fallback Intent,reference_train
what's the stock price of apple?,Default Fallback Intent,reference_train
poke me when the time arrives,reminders.add,reference_train
can you set up a reminder,reminders.add,reference_train
how do i share my hearing aid audio,Help_HearShare,reference_train
how do i increase the volume in just the left hearing aid?,Help_Volume,reference_train
can you increase the volume in my aids,Cmd.VolumeIncrease,reference_train
how do i contact my clinician for help?,Help_RemoteProgramming,reference_train
can you i need help pairing to the phone,Help_Pairing,reference_train
can you create a reminder,reminders.add,reference_train
tv steam,Cmd.StreamingStart,reference_train
i want to go for a walk,Cmd.ActivityWalk,reference_train
wassup,Default Fallback Intent,reference_train
telehear,Help_HearingCareAnywhereConnect,reference_train
how to change my health goals?,Help_Health,reference_train
how do i switch from the basic app to the advanced app?,Help_AppSettings,reference_train
what does translate do,Help_Translate,reference_train
please switch to home,Cmd.MemoryChange,reference_train
how do i reduce machine noise,Help_Customize,reference_train
help stream,Help_Accessories,reference_train
do i put the hearing aid behind my ear?,Help_InsertDevice,reference_train
please everyday is exciting,Default Fallback Intent,reference_train
turn off the kitchen light,Default Fallback Intent,reference_train
please pump up the volume,Cmd.VolumeIncrease,reference_train
remember to wake up tomorrow,reminders.add,reference_train
please my hearing aids are missing,Help_FindMyHearingAids,reference_train
please i'm here. it's in 7 days. they're going to be paired recap again. bye.,Default Fallback Intent,reference_train
why am i not getting any sound,Help_Volume,reference_train
send the movie audio to my hearing aids,Cmd.StreamingStart,reference_train
can you change memory to telephone,Cmd.MemoryChange,reference_train
please change to master memory,Cmd.MemoryChange,reference_train
send an email,Cmd.SendMessage,reference_train
help my aids sound crackly,Help_DeviceSettings,reference_train
record this conversation,Cmd.TranscribeStart,reference_train
turn,Default Fallback Intent,reference_train
where do i control my hearing aid balance?,Help_WiCROS,reference_train
adjust right ear for higher sound,Cmd.VolumeIncrease,reference_train
how many calories have i burned doing aerobics?,Cmd.ActivityAerobics,reference_train
can you set reminder for 7 a.m. tomorrow about dinner please,reminders.add,reference_train
note my jog,Cmd.ActivityRun,reference_train
how do i unpair my remote mic?,Help_Accessories,reference_train
what's the model of my hearing aid?,Help_DeviceSettings,reference_train
how do i turn up the loudness on the hearing aids?,Help_Volume,reference_train
turn off microphone streaming,Cmd.StreamingStop,reference_train
make reminder,reminders.add,reference_train
how do i test my hearing aids,Help_SelfCheck,reference_train
make a new reminder,reminders.add,reference_train
the voices are hard to hear,Cmd.VolumeIncrease,reference_train
can you remind me of a meeting on the 27th of august,reminders.add,reference_train
please switch to office program,Cmd.MemoryChange,reference_train
can you microphone,Default Fallback Intent,reference_train
how do i search for my hearing aids in the app,Help_FindMyHearingAids,reference_train
what's the model of my aid?,Help_DeviceSettings,reference_train
can you i need to,Default Fallback Intent,reference_train
can you change memory to auditorium,Cmd.MemoryChange,reference_train
can you setting number four,Cmd.MemoryChange,reference_train
remind me to charge my phone every day at 11:00 p.m.,reminders.add,reference_train
turn volume on,Cmd.VolumeUnmute,reference_train
please any help you,Default Fallback Intent,reference_train
set memory to speech,Cmd.MemoryChange,reference_train
send a text to someone,Cmd.SendMessage,reference_train
how do i use the voice asisstant,Help_VoiceAssistant,reference_train
please play my message.,Cmd.ListenMessage,reference_train
dial the loudness down,Cmd.VolumeDecrease,reference_train
i need to tell someone something,Cmd.SendMessage,reference_train
change program to restaurant,Cmd.MemoryChange,reference_train
help with the translate function,Help_Translate,reference_train
how do i sync these together,Help_Pairing,reference_train
switch my hearing aid program,Cmd.MemoryChange,reference_train
how do i save the adjustments made by the hearing care specialist?,Help_RemoteProgramming,reference_train
tell me about live captions,Help_Transcribe,reference_train
remember to turn the lights on at 8 p.m.,reminders.add,reference_train
how do i set it up for stereo,Default Fallback Intent,reference_train
can you switch to outdoors program,Cmd.MemoryChange,reference_train
switch to worship program,Cmd.MemoryChange,reference_train
it's bothering you about the fit,Default Fallback Intent,reference_train
i seen some of the models out there and they lose,Default Fallback Intent,reference_train
please look up the southwire this wire here go anywhere with this way yet,Default Fallback Intent,reference_train
show me help for translate,Help_Translate,reference_train
self check user guide,Help_SelfCheck,reference_train
lay down here,Default Fallback Intent,reference_train
how many calories have i burned this week,Cmd.ActivityCalories,reference_train
set reminder for tomorrow,reminders.add,reference_train
please remind me to pick up my prescription at 5 p.m. on tuesday,reminders.add,reference_train
can you i'm in butterbrodt new delhi,Default Fallback Intent,reference_train
can you raise the volume up,Cmd.VolumeIncrease,reference_train
can you debony logging up,Default Fallback Intent,reference_train
guide me to my heart rate,Help_HeartRate,reference_train
please change program to number three,Cmd.MemoryChange,reference_train
please remind me to pick up my prescription on friday at 5 p.m.,reminders.add,reference_train
can i see my step goal,Cmd.ActivityStep,reference_train
please find my right aid,Help_FindMyHearingAids,reference_train
please help with pairing hearing aids on the phone,Help_Pairing,reference_train
track down my mobile,Cmd.FindMyPhone,reference_train
can you switch memory to work,Cmd.MemoryChange,reference_train
how would i cancel a fall alert message?,Help_FallAlert,reference_train
where do i see words being said in real time?,Help_Transcribe,reference_train
how do i charge my battery?,Help_Battery,reference_train
how do i locate my other hearing aid?,Help_FindMyHearingAids,reference_train
change program,Cmd.MemoryChange,reference_train
increase how loud it is,Cmd.VolumeIncrease,reference_train
this is blasting my eardrums,Cmd.VolumeDecrease,reference_train
what did my contacts send me,Cmd.ListenMessage,reference_train
i can't find my phone,Cmd.FindMyPhone,reference_train
can you complete my reminder.,reminders.complete,reference_train
how do i change the tone of my aids,Help_Customize,reference_train
help to adjust tinnitus settings,Help_Tinnitus,reference_train
can you remember to take medication today at 5 p.m.,reminders.add,reference_train
make my hearing aids beep so i can find them,Help_FindMyHearingAids,reference_train
how do i find my hearing aid?,Help_FindMyHearingAids,reference_train
switch program to everyday,Cmd.MemoryChange,reference_train
what's good,Default Fallback Intent,reference_train
please speech to text help,Help_Transcribe,reference_train
change memory to restaurant,Cmd.MemoryChange,reference_train
please help me find my aids,Help_FindMyHearingAids,reference_train
how many memories can i have,Help_MemoryOptions,reference_train
what is heart rate recovery,Help_HeartRateRecovery,reference_train
how do i stop streaming from my accessory?,Help_Accessories,reference_train
please show me my running goal,Cmd.ActivityRun,reference_train
everything is too low,Cmd.VolumeIncrease,reference_train
please make volume lower,Cmd.VolumeDecrease,reference_train
track my wellness,Help_Health,reference_train
i could use a hand with this app,Help_Home,reference_train
can you set reminder for tomorrow morning,reminders.add,reference_train
how many calories have i burned while running?,Cmd.ActivityRun,reference_train
i can't understand this foreign language,Cmd.TranslationStart,reference_train
is there a place to change my app settings?,Help_AppSettings,reference_train
change to outdoors memory,Cmd.MemoryChange,reference_train
i'd like to pass along a message,Cmd.SendMessage,reference_train
please help with changing memories using my thrive app,Help_ChangingMemories,reference_train
can you saab wanted control,Default Fallback Intent,reference_train
set reminder for tomorrow morning,reminders.add,reference_train
can you remind me for tomorrow,reminders.add,reference_train
please set to personal program,Cmd.MemoryChange,reference_train
please my volume is too soft,Cmd.VolumeIncrease,reference_train
do i need to charge my battery,Cmd.BatteryLevel,reference_train
how do i use the masking noise,Help_Tinnitus,reference_train
switch to meeting memory,Cmd.MemoryChange,reference_train
search iphone,Cmd.FindMyPhone,reference_train
please remind me to feed my cat please,reminders.add,reference_train
please where's the button for memory?,Help_ChangingMemories,reference_train
how do i disconnect my hearing aid from my phone?,Help_Pairing,reference_train
how do i enable double tap on my hearing aids?,Help_DeviceSettings,reference_train
i cannot remember where my hearing aids are,Help_FindMyHearingAids,reference_train
please where's my iphone,Cmd.FindMyPhone,reference_train
how do i connect my hearing aids?,Help_Pairing,reference_train
how do i adjust my loudness of the white noise in the right hearing aid?,Help_Tinnitus,reference_train
where did i put my phone,Cmd.FindMyPhone,reference_train
please it's going to be our little ring bearer dude,Default Fallback Intent,reference_train
how do i set up the tv,Default Fallback Intent,reference_train
how do you allow someone else to key in normal tv,Default Fallback Intent,reference_train
please change to quiet memory,Cmd.MemoryChange,reference_train
stone jesus pine or,Default Fallback Intent,reference_train
how do i share my information with my daughter?,Help_HearShare,reference_train
i need help pairing to my phone,Help_Pairing,reference_train
decrease the right hearing aid,Cmd.VolumeDecrease,reference_train
how do i balance the volume between ears,Help_Volume,reference_train
add a new reminder,reminders.add,reference_train
can my audiologist adjust my hearing aids remotely?,Help_RemoteProgramming,reference_train
set reminder for 25th november,reminders.add,reference_train
the sound is piercing,Cmd.VolumeDecrease,reference_train
how do i personalize my sound,Help_Customize,reference_train
forward this to someone,Cmd.SendMessage,reference_train
how do i turn the volume up in the app,Help_Volume,reference_train
can you i want to create a new memory?,Help_MemoryOptions,reference_train
end streaming,Cmd.StreamingStop,reference_train
set program to master,Cmd.MemoryChange,reference_train
change memory to school,Cmd.MemoryChange,reference_train
please turn the lights on,Default Fallback Intent,reference_train
reactivate the sound,Cmd.VolumeUnmute,reference_train
why is my right hearing aid not connected,Help_Pairing,reference_train
what will my aid do when i've fallen?,Help_FallAlert,reference_train
let a family member listen in,Help_HearShare,reference_train
where could i send a manual alert?,Help_FallAlert,reference_train
can you friday,Default Fallback Intent,reference_train
captions feature help,Help_Transcribe,reference_train
how do i exit edge mode,Help_EdgeMode,reference_train
please set memory to train,Cmd.MemoryChange,reference_train
how has this app changed?,Help_WhatsNew,reference_train
write down what people are saying,Cmd.TranscribeStart,reference_train
tell me a joke i need to be cheered up,Default Fallback Intent,reference_train
track my aerobics,Cmd.ActivityAerobics,reference_train
please show me how to use reminder,Help_Reminder,reference_train
please change to outdoors,Cmd.MemoryChange,reference_train
please switch to golf program,Cmd.MemoryChange,reference_train
ping my wife,Cmd.SendMessage,reference_train
please and if the size is a little side street they sent angels church,Default Fallback Intent,reference_train
set to noise program,Cmd.MemoryChange,reference_train
please add reminder feed a cat in 3 minutes,reminders.add,reference_train
are there many languages to translate,Help_Translate,reference_train
it sounds too quiet,Cmd.VolumeIncrease,reference_train
please help with pairing my aids,Help_Pairing,reference_train
how do i check what accessories i have paired to my aids?,Help_Accessories,reference_train
text levitar,Default Fallback Intent,reference_train
please set to home memory,Cmd.MemoryChange,reference_train
how do i turn on edge mode for tough situations,Help_EdgeMode,reference_train
start my walk tracking,Cmd.ActivityWalk,reference_train
can you switch to office program,Cmd.MemoryChange,reference_train
please help with tinnitus stimulus adjustment on my aid,Help_Tinnitus,reference_train
how do i find mask mode,Help_MaskMode,reference_train
sausages after using my location,Default Fallback Intent,reference_train
decrease the left hearing aid,Cmd.VolumeDecrease,reference_train
can you fall alert isn't working,Help_FallAlert,reference_train
switch memory to work,Cmd.MemoryChange,reference_train
"hey, mark, okay.",Default Fallback Intent,reference_train
remind me to visit my family on thanksgiving day,reminders.add,reference_train
i can't understand their language translate,Cmd.TranslationStart,reference_train
can you locate my aid,Help_FindMyHearingAids,reference_train
set to meeting program,Cmd.MemoryChange,reference_train
use the outdoor profile,Cmd.MemoryChange,reference_train
change memory to office,Cmd.MemoryChange,reference_train
can you set to work program,Cmd.MemoryChange,reference_train
more volume,Cmd.VolumeIncrease,reference_train
help understanding recovery rate,Help_HeartRateRecovery,reference_train
can you set program to car,Cmd.MemoryChange,reference_train
please set program to two,Cmd.MemoryChange,reference_train
can you set memory to automatic,Cmd.MemoryChange,reference_train
can you switch memory to worship,Cmd.MemoryChange,reference_train
how do i change tone?,Help_DeviceSettings,reference_train
can you change to meeting memory,Cmd.MemoryChange,reference_train
make a voice message,Cmd.SendMessage,reference_train
set to car memory,Cmd.MemoryChange,reference_train
can you remind me of an appointment,reminders.add,reference_train
can you help with changing memories on my phone,Help_ChangingMemories,reference_train
tell me what my stand goal is,Cmd.ActivityStand,reference_train
can you i don't like the double tap feature. how do i turn it off?,Help_DeviceSettings,reference_train
how do i improve my body score?,Help_ThriveScore,reference_train
how do i check my overall activity,Help_Health,reference_train
how many minutes have i been walking,Cmd.ActivityWalk,reference_train
open google map.,Default Fallback Intent,reference_train
can you help with intelligent voice,Help_IntelliVoice,reference_train
please change to television memory,Cmd.MemoryChange,reference_train
explain the tinnitus features,Help_Tinnitus,reference_train
how do i see how much i have walked this week?,Help_Health,reference_train
how to turn the volume up on my hearing aids,Help_Volume,reference_train
calories standing,Cmd.ActivityStand,reference_train
can you there is a problem with my hearing aids,Help_SelfCheck,reference_train
how do i turn off the tv volume,Help_Accessories,reference_train
how do i use voice assistant,Help_VoiceAssistant,reference_train
where is voice ai?,Help_IntelliVoice,reference_train
turn streaming off,Cmd.StreamingStop,reference_train
please compose a message,Cmd.SendMessage,reference_train
change to office program,Cmd.MemoryChange,reference_train
how to clean hearing aids,Help_CleanCare,reference_train
please help me transcribe,Help_Transcribe,reference_train
where do i intercept an alert message text message?,Help_FallAlert,reference_train
what hardware can i add,Help_Accessories,reference_train
no sound whatsoever please,Cmd.VolumeMute,reference_train
can you the hearing innovation expo is a global event hosted by starkey hearing technologies,Default Fallback Intent,reference_train
set an doctors appointment for tomorrow at 10 am,reminders.add,reference_train
can you make sound quieter,Cmd.VolumeDecrease,reference_train
can you alex good manasseh. okay. i'll see you back at the desk up here.,Default Fallback Intent,reference_train
tell me my battery level,Cmd.BatteryLevel,reference_train
switch to office,Cmd.MemoryChange,reference_train
how do i use accessories with my hearing aid,Help_Accessories,reference_train
can you pairing my hearing aids on the phone,Help_Pairing,reference_train
please set to home program,Cmd.MemoryChange,reference_train
can you set to golf memory,Cmd.MemoryChange,reference_train
please show me my walking goal?,Cmd.ActivityWalk,reference_train
what's new in this version?,Help_WhatsNew,reference_train
please remind me to refill prescription tomorrow,reminders.add,reference_train
that's way too loud,Cmd.VolumeDecrease,reference_train
remind me to pick up my prescription tuesday at 5 p.m.,reminders.add,reference_train
help me remember this evening,reminders.add,reference_train
what's the difference between an iphone and an android phone,Default Fallback Intent,reference_train
switch memory to car,Cmd.MemoryChange,reference_train
what's different about engage?,Help_WhatsNew,reference_train
what does this balance control do?,Help_WiCROS,reference_train
what's going on,Default Fallback Intent,reference_train
remind about business meeting every monday at 4 p.m.,reminders.add,reference_train
can you calories jogging,Cmd.ActivityRun,reference_train
how do i test my left hearing aid,Help_SelfCheck,reference_train
how do i search for my other hearing aid?,Help_FindMyHearingAids,reference_train
can you turn the sound off,Cmd.VolumeMute,reference_train
how do i check if my hearing aids are paired with the phone?,Help_Pairing,reference_train
i can't find my other hearing aid,Help_FindMyHearingAids,reference_train
how far am i from my aerobics goal,Cmd.ActivityAerobics,reference_train
can come off,Default Fallback Intent,reference_train
where is the main screen?,Help_Home,reference_train
how does wicros work,Help_WiCROS,reference_train
record my steps,Cmd.ActivityStep,reference_train
please locate my wife,Default Fallback Intent,reference_train
only if it's not a problem for cdl,Default Fallback Intent,reference_train
can you change to restaurant memory,Cmd.MemoryChange,reference_train
braves score,Default Fallback Intent,reference_train
please pairing aids with my phone,Help_Pairing,reference_train
how long have i been standing up?,Cmd.ActivityStand,reference_train
help with the kind score,Help_ThriveScore,reference_train
turn mask mode off,Help_MaskMode,reference_train
stand goal,Cmd.ActivityStand,reference_train
can you play last audio message.,Cmd.ListenMessage,reference_train
can you help with tinnitus masker adjustments in my hearing aid,Help_Tinnitus,reference_train
please todays calorie count,Cmd.ActivityCalories,reference_train
how do i reduce noise with edge mode?,Help_EdgeMode,reference_train
how far is the nearest store,Default Fallback Intent,reference_train
how do i use dnn speech enhancement feature?,Help_IntelliVoice,reference_train
at home,Default Fallback Intent,reference_train
let me listen to my message.,Cmd.ListenMessage,reference_train
how do i see how fast my heart recovers,Help_HeartRateRecovery,reference_train
make it softer please,Cmd.VolumeDecrease,reference_train
help with setting up reminders,Help_Reminder,reference_train
what is the volume control,Help_Volume,reference_train
please set to golf program,Cmd.MemoryChange,reference_train
can you remind me of video everyday at noon,reminders.add,reference_train
text someone for me,Cmd.SendMessage,reference_train
please change program to music,Cmd.MemoryChange,reference_train
please change to automatic program,Cmd.MemoryChange,reference_train
i need help with streaming.,Help_Accessories,reference_train
can you start transcription,Cmd.TranscribeStart,reference_train
how do i mute the sound?,Help_Volume,reference_train
search android,Cmd.FindMyPhone,reference_train
"hello, just a hearing aid the volume on my hearing aids. bye. bye.",Default Fallback Intent,reference_train
change program to school,Cmd.MemoryChange,reference_train
can you change to pub program,Cmd.MemoryChange,reference_train
take me to reminder help,Help_Reminder,reference_train
where do i stop an alert text?,Help_FallAlert,reference_train
debony logging up,Default Fallback Intent,reference_train
how do i set up auto streaming,Help_DeviceSettings,reference_train
how do i reconnect my left hearing aid,Help_Pairing,reference_train
drop a message to my husband,Cmd.SendMessage,reference_train
how do i unpair my accessory?,Help_Accessories,reference_train
explain hearing aid maintenance,Help_CleanCare,reference_train
what is a normal heart rate recovery number?,Help_HeartRateRecovery,reference_train
please remind me to turn the lights on at 8 p.m.,reminders.add,reference_train
by the time khan academy silence,Default Fallback Intent,reference_train
can you florist off screen,Default Fallback Intent,reference_train
where do i control the loudness,Help_Volume,reference_train
where is mask mode?,Help_MaskMode,reference_train
is my recovery rate healthy,Help_HeartRateRecovery,reference_train
switch memory to tinnitus,Cmd.MemoryChange,reference_train
can you set an alarm for 15 minutes,reminders.add,reference_train
discover telephone,Cmd.FindMyPhone,reference_train
switch to school program,Cmd.MemoryChange,reference_train
change program to everyday,Cmd.MemoryChange,reference_train
switch to gym program,Cmd.MemoryChange,reference_train
please remind me to boil water every morning by 7 a.m.,reminders.add,reference_train
help me understand the thrive score,Help_ThriveScore,reference_train
show me the fundamentals,Help_Home,reference_train
what's my step count,Cmd.ActivityStep,reference_train
can you switch memory to train,Cmd.MemoryChange,reference_train
can you turn my right hearing aid off,Cmd.VolumeMute,reference_train
what are my program choices,Help_MemoryOptions,reference_train
how do i turn mask mode off?,Help_MaskMode,reference_train
remind me to buy milk on tuesday at 8 p.m.,reminders.add,reference_train
please amazon screen is dark,Default Fallback Intent,reference_train
switch to everyday program,Cmd.MemoryChange,reference_train
set to mask program,Cmd.MemoryChange,reference_train
change memory to four,Cmd.MemoryChange,reference_train
i want to message someone,Cmd.SendMessage,reference_train
switch to master memory,Cmd.MemoryChange,reference_train
please switch to restaurant program,Cmd.MemoryChange,reference_train
stream the podcast,Cmd.StreamingStart,reference_train
give me live captions now,Cmd.TranscribeStart,reference_train
please i need help pairing my aid to my phone,Help_Pairing,reference_train
personal memory,Cmd.MemoryChange,reference_train
how do i delete the tv streamer?,Help_Accessories,reference_train
make a reminder to charge my aids,reminders.add,reference_train
help with tinnitus stimulus adjustment on my aids,Help_Tinnitus,reference_train
why is my left hearing aid,Default Fallback Intent,reference_train
can you set to automatic memory,Cmd.MemoryChange,reference_train
please isn't the charge for electricity similar to the charge for gasoline,Default Fallback Intent,reference_train
please remember to wake up tomorrow,reminders.add,reference_train
please concussion rehabilitation team works collaboratively in designing and implementing a treatment program,Default Fallback Intent,reference_train
can you one hearing aid is not being found,Help_SelfCheck,reference_train
can you program one,Cmd.MemoryChange,reference_train
can you sewing machine,Default Fallback Intent,reference_train
please play last audio message.,Cmd.ListenMessage,reference_train
can you everyday program,Cmd.MemoryChange,reference_train
this is all confusing to me,Help_Home,reference_train
how do i check my pulse on the app,Help_HeartRate,reference_train
can i use siri with my aids,Help_VoiceAssistant,reference_train
is it time to change my batteries,Cmd.BatteryLevel,reference_train
saturday,Default Fallback Intent,reference_train
how do i create a contact for fall alert?,Help_FallAlert,reference_train
my left ear doesn't work good,Help_SelfCheck,reference_train
let me hear it.,Cmd.ListenMessage,reference_train
remind me to workout tomorrow morning at 6,reminders.add,reference_train
control the loudness of each aid on its own,Help_Volume,reference_train
please set reminder for everyday,reminders.add,reference_train
sewing machine,Default Fallback Intent,reference_train
media find us wherever you get your podcast,Default Fallback Intent,reference_train
how long have i stood this month,Cmd.ActivityStand,reference_train
i lost my left hearing aid,Help_FindMyHearingAids,reference_train
how does intellivoice work?,Help_IntelliVoice,reference_train
pair right aid,Help_Pairing,reference_train
how are you,Default Fallback Intent,reference_train
text my friend,Cmd.SendMessage,reference_train
broadcast a message,Cmd.SendMessage,reference_train
how do i adjust the loudness on just the left aid?,Help_Volume,reference_train
please set to crowd memory,Cmd.MemoryChange,reference_train
can you find my right aid,Help_FindMyHearingAids,reference_train
how does transcribe work?,Help_Transcribe,reference_train
can i demonstrate my hearing aids,Help_DemoMode,reference_train
what percentage remains?,Cmd.BatteryLevel,reference_train
look up your nose real quick to,Default Fallback Intent,reference_train
how do i change to a different memory on the hearing aids?,Help_ChangingMemories,reference_train
will these last all day?,Cmd.BatteryLevel,reference_train
please switch memory to four,Cmd.MemoryChange,reference_train
text this person,Cmd.SendMessage,reference_train
remind me on,reminders.add,reference_train
please it is a weekend. tell everybody how the pretty mutual customize your car insurance.,Default Fallback Intent,reference_train
can you getting customers exactly with a free wireless.,Default Fallback Intent,reference_train
please i need to pair the hearing aids with the phone,Help_Pairing,reference_train
help me understand this,Default Fallback Intent,reference_train
are my aids waterproof,Help_CleanCare,reference_train
can you no tv remote in fry's app,Default Fallback Intent,reference_train
guide me on customizing my sound,Help_Customize,reference_train
can i contact somebody?,Cmd.SendMessage,reference_train
how's everything,Default Fallback Intent,reference_train
please but i want to see,Default Fallback Intent,reference_train
change program to number two,Cmd.MemoryChange,reference_train
how often should i use dnn speech enhancement?,Help_IntelliVoice,reference_train
switch my hearing program,Cmd.MemoryChange,reference_train
can you switch memory to automatic,Cmd.MemoryChange,reference_train
how do i set the program to this location?,Help_MemoryOptions,reference_train
write down what's being said,Cmd.TranscribeStart,reference_train
help me with voice assistant,Help_VoiceAssistant,reference_train
how do i request remote care,Help_HearingCareAnywhereConnect,reference_train
please i can't remember where my other hearing aid is,Help_FindMyHearingAids,reference_train
make voices stand out more,Cmd.VolumeIncrease,reference_train
explain how to move between my programs,Help_ChangingMemories,reference_train
on north koreans office will the fuckers off here.,Default Fallback Intent,reference_train
noise memory,Cmd.MemoryChange,reference_train
translate this conversation,Cmd.TranslationStart,reference_train
salsa on my left,Default Fallback Intent,reference_train
please switch memory to music,Cmd.MemoryChange,reference_train
connecting sony nikon,Default Fallback Intent,reference_train
can you set to worship program,Cmd.MemoryChange,reference_train
how to share hearing aid information with my son?,Help_HearShare,reference_train
please switch memory to restaurant,Cmd.MemoryChange,reference_train
can you help with changing memories using the thrive app,Help_ChangingMemories,reference_train
how do i locate my aid?,Help_FindMyHearingAids,reference_train
what is voice assistant,Help_VoiceAssistant,reference_train
can you every day,reminders.add,reference_train
i can't take how loud this is,Cmd.VolumeDecrease,reference_train
please switch program to mute,Cmd.MemoryChange,reference_train
please switch memory to master,Cmd.MemoryChange,reference_train
please pairing my hearing aids on the phone,Help_Pairing,reference_train
help with tinnitus stimulus adjustment on my aid,Help_Tinnitus,reference_train
should my hearing aids get all check marks in self-check?,Help_SelfCheck,reference_train
beam the audio over to me,Cmd.StreamingStart,reference_train
help with ipro score,Help_ThriveScore,reference_train
can you calories burned today,Cmd.ActivityCalories,reference_train
can you my other aid is missing,Help_FindMyHearingAids,reference_train
how do i change to another program on the hearing aids?,Help_ChangingMemories,reference_train
turn down my hearing aids,Cmd.VolumeDecrease,reference_train
guide me on edge mode,Help_EdgeMode,reference_train
why is there static in my aids,Help_DeviceSettings,reference_train
there is a problem with my left hearing aid,Help_SelfCheck,reference_train
help me with transcribe,Help_Transcribe,reference_train
i can hardly hear anything,Cmd.VolumeIncrease,reference_train
does the app record my heart rate,Help_HeartRate,reference_train
please switch memory to auditorium,Cmd.MemoryChange,reference_train
how do i share my activity data?,Help_HearShare,reference_train
how do i use hearing care anywhere,Help_HearingCareAnywhereConnect,reference_train
i want to make a reminder,reminders.add,reference_train
telephone setting,Cmd.MemoryChange,reference_train
what is the charge,Cmd.BatteryLevel,reference_train
can you set program to home,Cmd.MemoryChange,reference_train
get a message to my family,Cmd.SendMessage,reference_train
is my battery about to run out,Cmd.BatteryLevel,reference_train
please remember i came in here and,Default Fallback Intent,reference_train
help with the body score,Help_ThriveScore,reference_train
and i think it's supposed to work,Default Fallback Intent,reference_train
what's on tv tonight,Default Fallback Intent,reference_train
remember to wash my car,reminders.add,reference_train
please diagnose my hearing aids,Help_SelfCheck,reference_train
where can i see the words someone is saying?,Help_Transcribe,reference_train
start tv,Cmd.StreamingStart,reference_train
how do i adjust my tinnitus masker?,Help_Tinnitus,reference_train
where did i leave my left aid?,Help_FindMyHearingAids,reference_train
can you set reminder for 25th november,reminders.add,reference_train
can you switch to train,Cmd.MemoryChange,reference_train
what is starkey hearing aids,Default Fallback Intent,reference_train
please help with pairing devices with the thrive app,Help_Pairing,reference_train
how does mask mode help with face masks,Help_MaskMode,reference_train
can you switch to worship program,Cmd.MemoryChange,reference_train
how do i access the app settings?,Help_AppSettings,reference_train
can you remind me to get groceries every month on the 15th at 1 p.m.,reminders.add,reference_train
can you switch to mute memory,Cmd.MemoryChange,reference_train
please help with volume changes in my aids,Help_Volume,reference_train
please turn my hearing aid volume back on,Cmd.VolumeUnmute,reference_train
capture my cycling session,Cmd.ActivityCycle,reference_train
how do i change to another memory on my aids?,Help_ChangingMemories,reference_train
just curls up in your ears yet,Default Fallback Intent,reference_train
please it's too quiet turn it up,Cmd.VolumeIncrease,reference_train
don't let me forget to pick up milk today,reminders.add,reference_train
how many hours of battery remain,Cmd.BatteryLevel,reference_train
start tv stream,Cmd.StreamingStart,reference_train
how do i decrease the loudness in my aid?,Help_Volume,reference_train
how do i change my mini remote mic?,Help_Accessories,reference_train
please remind me to go to sleep,reminders.add,reference_train
is the transcribe feature free,Help_Transcribe,reference_train
can my spouse hear through my aids,Help_HearShare,reference_train
hearing aid battery,Cmd.BatteryLevel,reference_train
can you change to train program,Cmd.MemoryChange,reference_train
how do i change to a different program on the hearing aids?,Help_ChangingMemories,reference_train
finish this reminder.,reminders.complete,reference_train
can you i can't find my hearing aid,Help_FindMyHearingAids,reference_train
play what people sent me,Cmd.ListenMessage,reference_train
list what you can help me with,Help_Home,reference_train
switch to automatic memory,Cmd.MemoryChange,reference_train
check cashing,Default Fallback Intent,reference_train
start a walk,Cmd.ActivityWalk,reference_train
start remote streaming,Cmd.StreamingStart,reference_train
can you turn the volume down,Cmd.VolumeDecrease,reference_train
i'm lost in all these options,Help_Home,reference_train
the aid keeps dropping out of my ear,Help_InsertDevice,reference_train
can you please more volume,Cmd.VolumeIncrease,reference_train
re-enable the audio,Cmd.VolumeUnmute,reference_train
please remind me to go running at 6 a.m.,reminders.add,reference_train
can you help with volume changes in my aids,Help_Volume,reference_train
hey google turn on the master lamps,Default Fallback Intent,reference_train
drop the sound in my hearing aid,Cmd.VolumeDecrease,reference_train
please switch setting to four,Cmd.MemoryChange,reference_train
can you the stage sign,Default Fallback Intent,reference_train
translate this person's words,Cmd.TranslationStart,reference_train
caring for and maintaining my aids,Help_CleanCare,reference_train
can you change program to worship,Cmd.MemoryChange,reference_train
please have long have i been jogging?,Cmd.ActivityRun,reference_train
can you help with the home screen,Help_Home,reference_train
what is my exercise goal,Cmd.ActivityExercise,reference_train
remind me to drink water everyday at 10 in the morning,reminders.add,reference_train
can you find my right hearing aid,Help_FindMyHearingAids,reference_train
change to music program,Cmd.MemoryChange,reference_train
please help with stream,Help_Accessories,reference_train
ashes to ashes all fall down,Default Fallback Intent,reference_train
help me contact a friend,Cmd.SendMessage,reference_train
i'll let you sleep,Default Fallback Intent,reference_train
how do i turn up the loudness on my hearing aids?,Help_Volume,reference_train
what is the highest mountain in new zealand,Default Fallback Intent,reference_train
can you turn my right hearing aid down,Cmd.VolumeDecrease,reference_train
can you enable right hearing aid,Cmd.VolumeUnmute,reference_train
adidas women boots,Default Fallback Intent,reference_train
i can barely make out what people say,Cmd.VolumeIncrease,reference_train
mute setting,Cmd.MemoryChange,reference_train
can you change program to car,Cmd.MemoryChange,reference_train
can you turn off the volume in my right hearing aid,Cmd.VolumeMute,reference_train
i'm sitting down in a crowded diner,Cmd.MemoryChange,reference_train
decrease the volume in my aids,Cmd.VolumeDecrease,reference_train
can you i give up,Default Fallback Intent,reference_train
can you help with tinnitus volume adjustment in my hearing aid,Help_Tinnitus,reference_train
can i compare the adjustments made by the audiologist?,Help_RemoteProgramming,reference_train
settling into a busy restaurant,Cmd.MemoryChange,reference_train
please start translation for german,Cmd.TranslationStart,reference_train
how do i change programs on my hearing aids?,Help_ChangingMemories,reference_train
start recording my run,Cmd.ActivityRun,reference_train
what is the ai voice feature,Help_IntelliVoice,reference_train
i need help pairing my aid to my phone,Help_Pairing,reference_train
calorie count please,Cmd.ActivityCalories,reference_train
how do i turn down the loudness on just one hearing aid?,Help_Volume,reference_train
how do i turn my hearing aids off?,Help_Volume,reference_train
help with intellivoice,Help_IntelliVoice,reference_train
how do i get rid of wax build-up,Help_CleanCare,reference_train
please switch setting to two,Cmd.MemoryChange,reference_train
how do i set up the tv accessory,Help_Accessories,reference_train
end the broadcast to my hearing aids,Cmd.StreamingStop,reference_train
can you help me change tinnitus program,Help_Tinnitus,reference_train
how do i customize my aids?,Help_Customize,reference_train
change to telephone memory,Cmd.MemoryChange,reference_train
make my hearing aids silent,Cmd.VolumeMute,reference_train
how do i adjust my loudness of the white noise in the aids?,Help_Tinnitus,reference_train
please just curls up in your ears yet,Default Fallback Intent,reference_train
can you add reminder feed a cat in 3 minutes,reminders.add,reference_train
kick off my run tracking,Cmd.ActivityRun,reference_train
how do i add a person to hearshare,Help_HearShare,reference_train
speech to text help,Help_Transcribe,reference_train
please switch setting to one,Cmd.MemoryChange,reference_train
please set to meeting program,Cmd.MemoryChange,reference_train
please connect right hearing aid,Help_Pairing,reference_train
how do i turn up the loudness in just the right hearing aid?,Help_Volume,reference_train
how can i go there,Default Fallback Intent,reference_train
android phone missing,Cmd.FindMyPhone,reference_train
turn my hearing aids down,Cmd.VolumeDecrease,reference_train
please remind me in 15 minutes to go to the bar,reminders.add,reference_train
connect left aid,Help_Pairing,reference_train
please remind me 10:30 p.m. to close the restaurant,reminders.add,reference_train
convert what they're saying to text,Cmd.TranscribeStart,reference_train
can you set to restaurant memory,Cmd.MemoryChange,reference_train
can you i want more volume,Cmd.VolumeIncrease,reference_train
where did i place my right hearing aid?,Help_FindMyHearingAids,reference_train
please did my son accept my hearshare invitation?,Help_HearShare,reference_train
can you set reminder for 2 p.m.,reminders.add,reference_train
can you right here does not work,Help_SelfCheck,reference_train
show me how long i've stood?,Cmd.ActivityStand,reference_train
mute right now,Cmd.VolumeMute,reference_train
can you help with pairing my aids,Help_Pairing,reference_train
can you show me a help guide for my accessories,Help_Accessories,reference_train
start tracking my workout,Cmd.ActivityExercise,reference_train
how do i increase high pitch?,Help_Customize,reference_train
help me find my other hearing aid,Help_FindMyHearingAids,reference_train
how do i take out the hearing aids?,Help_InsertDevice,reference_train
can you pub setting,Cmd.MemoryChange,reference_train
can you show me an overview of the app,Help_WhatsNew,reference_train
can you heart rate recovery help,Help_HeartRateRecovery,reference_train
can you find my device,Cmd.FindMyPhone,reference_train
guide me on connecting with my clinician,Help_HearingCareAnywhereConnect,reference_train
will a tumble trigger an alert,Help_FallAlert,reference_train
i need to notify someone,Cmd.SendMessage,reference_train
can you show me an overview of ipro,Help_WhatsNew,reference_train
how do i manage my tinnitus,Help_Tinnitus,reference_train
how does the cros system work,Help_WiCROS,reference_train
please change to golf,Cmd.MemoryChange,reference_train
please remind me to go to the doctor,reminders.add,reference_train
make a reminder,reminders.add,reference_train
can you set program to personal,Cmd.MemoryChange,reference_train
where's the button for memory?,Help_ChangingMemories,reference_train
guide me on tinnitus management,Help_Tinnitus,reference_train
plz send a message,Cmd.SendMessage,reference_train
can you turn off cable,Default Fallback Intent,reference_train
can delete a memory,Help_MemoryOptions,reference_train
how do i turn mask mode on?,Help_MaskMode,reference_train
how do i delete my remote mic?,Help_Accessories,reference_train
can you change to train memory,Cmd.MemoryChange,reference_train
how many minutes have i been jogging?,Cmd.ActivityRun,reference_train
beep change,Help_DeviceSettings,reference_train
can you i need help pairing the aid,Help_Pairing,reference_train
how do i disable double tap on my aid?,Help_DeviceSettings,reference_train
change to mute program,Cmd.MemoryChange,reference_train
please remind me at 12 o'clock,reminders.add,reference_train
"please hey spec, hello good stats heart. i didn't get that coverage. but the cardboard that was hanging in the fall.",Default Fallback Intent,reference_train
decrease the volume,Cmd.VolumeDecrease,reference_train
what does the engagement score mean?,Help_ThriveScore,reference_train
you can clear that reminder now,reminders.complete,reference_train
remind me to pick up joe in 30 minutes,reminders.add,reference_train
set up a reminder for that,reminders.add,reference_train
send a push to talk message,Cmd.SendMessage,reference_train
how do i turn down the volume on just one aid?,Help_Volume,reference_train
can my aids get wet,Help_CleanCare,reference_train
change to crowd program,Cmd.MemoryChange,reference_train
please switch to work program,Cmd.MemoryChange,reference_train
what to use to clean my hearing aids?,Help_CleanCare,reference_train
please my other aid is missing,Help_FindMyHearingAids,reference_train
please you know where they have the check we have to have to shift to put in there. that's fine.,Default Fallback Intent,reference_train
switch to train program,Cmd.MemoryChange,reference_train
explain how to make it louder or softer,Help_Volume,reference_train
explain the accessory options,Help_Accessories,reference_train
please set to television memory,Cmd.MemoryChange,reference_train
can you unmute the hearing aids,Cmd.VolumeUnmute,reference_train
minimum loudness,Cmd.VolumeDecrease,reference_train
can you switch program to noise,Cmd.MemoryChange,reference_train
what's new,Default Fallback Intent,reference_train
please remind me to wash my car,reminders.add,reference_train
nothing i can share publicly,Default Fallback Intent,reference_train
please discover android phone,Cmd.FindMyPhone,reference_train
how do i wash my hearing aid?,Help_CleanCare,reference_train
set program to three,Cmd.MemoryChange,reference_train
how do i adjust the volume?,Help_Volume,reference_train
it was a specialist contact 800-3334.,Default Fallback Intent,reference_train
how do i set up calendar notifications?,Help_DeviceSettings,reference_train
can you stream remote,Cmd.StreamingStart,reference_train
can i contact my audiologist for help?,Help_RemoteProgramming,reference_train
my calorie total,Cmd.ActivityCalories,reference_train
how long does edge mode stay on,Help_EdgeMode,reference_train
does recovery indicate fitness,Help_HeartRateRecovery,reference_train
can you remember to vitamin d at 7 p.m. everyday,reminders.add,reference_train
can you help with tinnitus volume adjustment on my hearing aids,Help_Tinnitus,reference_train
please decrease the loudness in my aids,Cmd.VolumeDecrease,reference_train
reminder for 4:15 p.m. today visit grandma please,reminders.add,reference_train
set program to outdoors,Cmd.MemoryChange,reference_train
please record this conversation,Cmd.TranscribeStart,reference_train
explain switching my hearing modes,Help_ChangingMemories,reference_train
please personalize my hearing aid settings,Help_MemoryOptions,reference_train
explain the mask mode feature,Help_MaskMode,reference_train
can you i cannot find my right hearing aid,Help_FindMyHearingAids,reference_train
is my charge running low,Cmd.BatteryLevel,reference_train
can you tell me what how much do i owe you would be in español,Cmd.TranslationStart,reference_train
can you volume off right aid,Cmd.VolumeMute,reference_train
connect directly to aids,Cmd.StreamingStart,reference_train
please switch program to four,Cmd.MemoryChange,reference_train
remind me to go to bed in 5 minutes,reminders.add,reference_train
information on the engagement score,Help_ThriveScore,reference_train
gym program,Cmd.MemoryChange,reference_train
when could i send a manual alert?,Help_FallAlert,reference_train
please change to telephone,Cmd.MemoryChange,reference_train
somebody from motel in boise,Default Fallback Intent,reference_train
how do i charge my hearing aid ric,Help_Battery,reference_train
can you set program to gym,Cmd.MemoryChange,reference_train
sync the audio to my aids,Cmd.StreamingStart,reference_train
what i need to hear the question again,Default Fallback Intent,reference_train
need to set a reminder,reminders.add,reference_train
can you start streaming tv to my hearing aids,Cmd.StreamingStart,reference_train
help with battery questions,Help_Battery,reference_train
can you change program to personal,Cmd.MemoryChange,reference_train
can i hear my last message?,Cmd.ListenMessage,reference_train
can you switch program to crowd,Cmd.MemoryChange,reference_train
calories steps,Cmd.ActivityStep,reference_train
send an audio note,Cmd.SendMessage,reference_train
can you decrease the left hearing aid,Cmd.VolumeDecrease,reference_train
can you pair my right hearing aid,Help_Pairing,reference_train
change to outdoors program,Cmd.MemoryChange,reference_train
right hearing aid doesn't work,Help_SelfCheck,reference_train
how to connect my spies,Default Fallback Intent,reference_train
increase the volume,Cmd.VolumeIncrease,reference_train
can you turn my hearing aids up,Cmd.VolumeIncrease,reference_train
please set to train memory,Cmd.MemoryChange,reference_train
explain how to customize my aids,Help_Customize,reference_train
can you it's busy being born,Default Fallback Intent,reference_train
do these have enough power left,Cmd.BatteryLevel,reference_train
help with changing programs on my hearing aids,Help_ChangingMemories,reference_train
restaurant memory,Cmd.MemoryChange,reference_train
lost android phone,Cmd.FindMyPhone,reference_train
can you set reminder to 5 p.m.,reminders.add,reference_train
mark my reminder done,reminders.complete,reference_train
will they survive the evening?,Cmd.BatteryLevel,reference_train
sound off,Cmd.VolumeMute,reference_train
play my voice message.,Cmd.ListenMessage,reference_train
volume off left aid,Cmd.VolumeMute,reference_train
how long have i been bicycling,Cmd.ActivityCycle,reference_train
what is my step count for the week,Cmd.ActivityStep,reference_train
can you $148 added to your social security check every month,Default Fallback Intent,reference_train
remind me to get groceries every month on the 15th at 1 p.m.,reminders.add,reference_train
show my step progress,Cmd.ActivityStep,reference_train
can you remind me to pick up my prescription at 5 p.m. on sunday,reminders.add,reference_train
how do i know where my aids are?,Help_FindMyHearingAids,reference_train
so she had it up when i come home,Default Fallback Intent,reference_train
how do i check if the hearing aids are connected to the app?,Help_Pairing,reference_train
what can i do with this app,Help_Home,reference_train
can i listen to the adjustments made by my hearing specialist?,Help_RemoteProgramming,reference_train
please change memory to speech,Cmd.MemoryChange,reference_train
do i need to stand longer to reach my goal?,Cmd.ActivityStand,reference_train
change setting to one,Cmd.MemoryChange,reference_train
what situations is edge mode for,Help_EdgeMode,reference_train
please start streaming remote to my hearing aids,Cmd.StreamingStart,reference_train
how do i adjust the background noise,Help_Customize,reference_train
please switch to crowd,Cmd.MemoryChange,reference_train
change to car,Cmd.MemoryChange,reference_train
log my cardio dance,Cmd.ActivityAerobics,reference_train
can you help with pairing the aids with the phone,Help_Pairing,reference_train
speech memory,Cmd.MemoryChange,reference_train
can you switch program to office,Cmd.MemoryChange,reference_train
whats up,Default Fallback Intent,reference_train
what are the differences between the advanced and basic app?,Help_AppSettings,reference_train
what does heart rate recovery mean?,Help_HeartRateRecovery,reference_train
pairing help please,Help_Pairing,reference_train
what gadgets are compatible,Help_Accessories,reference_train
how to run diagnostics on my aids,Help_SelfCheck,reference_train
where is help for intelligent voice,Help_IntelliVoice,reference_train
fire on friday,Default Fallback Intent,reference_train
can you help me with voice assistant,Help_VoiceAssistant,reference_train
can you i need help with pairing the aids,Help_Pairing,reference_train
how to change my hearing aid battery ?,Help_Battery,reference_train
please electric car battery,Default Fallback Intent,reference_train
how many calories did i use while exercising,Cmd.ActivityExercise,reference_train
show my calories,Cmd.ActivityCalories,reference_train
give me a recipe for soup,Default Fallback Intent,reference_train
how do i change my hearing aid memory?,Help_ChangingMemories,reference_train
change program to speech,Cmd.MemoryChange,reference_train
help with tinnitus volume adjustment on my aids,Help_Tinnitus,reference_train
please turn my hearing aid volume off,Cmd.VolumeMute,reference_train
restore my settings from the cloud,Help_HearingCareAnywhereConnect,reference_train
how do i adjust my loudness of the noise masker on my hearing aids?,Help_Tinnitus,reference_train
how much running have i done this week?,Cmd.ActivityRun,reference_train
switch to kitchen program,Cmd.MemoryChange,reference_train
please reminder to play with my cat everyday at 7 p.m.,reminders.add,reference_train
school setting,Cmd.MemoryChange,reference_train
kill the audio,Cmd.VolumeMute,reference_train
set reminder for 7 am tomorrow yoga,reminders.add,reference_train
how do i get more information on the ipro score?,Help_ThriveScore,reference_train
what if the language i want to translate is not listed?,Help_Translate,reference_train
explain the main screen,Help_Home,reference_train
can you change to tinnitus program,Cmd.MemoryChange,reference_train
please turn up my right aid,Cmd.VolumeIncrease,reference_train
steps so far today,Cmd.ActivityStep,reference_train
please find my device,Cmd.FindMyPhone,reference_train
set memory to master,Cmd.MemoryChange,reference_train
what's the firmware version of my hearing aids?,Help_DeviceSettings,reference_train
set to pub program,Cmd.MemoryChange,reference_train
how do i create my own custom memory?,Help_MemoryOptions,reference_train
i need complete silence now,Cmd.VolumeMute,reference_train
change memory to telephone,Cmd.MemoryChange,reference_train
don't let me forget my appointment,reminders.add,reference_train
can you am i close to my cycling goal?,Cmd.ActivityCycle,reference_train
i want to record a message,Cmd.SendMessage,reference_train
set an doctor's appointment for tomorrow at 10 am,reminders.add,reference_train
please have i reached my exercise goal,Cmd.ActivityExercise,reference_train
please remind me to pick up my prescription wednesday at 5 p.m.,reminders.add,reference_train
how do i share my information with a caregiver?,Help_HearShare,reference_train
can you and that's a sign of war,Default Fallback Intent,reference_train
stream,Cmd.StreamingStart,reference_train
can you lost iphone,Cmd.FindMyPhone,reference_train
please fix face mask problems,Help_MaskMode,reference_train
please she's staying with my phone,Default Fallback Intent,reference_train
can my hearing aids be set up to multiple devices,Help_Pairing,reference_train
stop the audio coming to my aids,Cmd.StreamingStop,reference_train
please it was a specialist contact 800-3334.,Default Fallback Intent,reference_train
please ask my house,Default Fallback Intent,reference_train
can you alter metal plates myrtle beach storm,Default Fallback Intent,reference_train
the constant ringing is maddening,Help_Tinnitus,reference_train
please turn the volume on,Cmd.VolumeUnmute,reference_train
translate how much do i owe you to spanish,Cmd.TranslationStart,reference_train
my other aid is missing,Help_FindMyHearingAids,reference_train
can you help with accessories,Help_Accessories,reference_train
please make sound on,Cmd.VolumeUnmute,reference_train
begin translating for me,Cmd.TranslationStart,reference_train
please remind me of my doctors appointment,reminders.add,reference_train
hold on,Default Fallback Intent,reference_train
can you change the memory,Cmd.MemoryChange,reference_train
stop tv stream,Cmd.StreamingStop,reference_train
how much charge remains?,Cmd.BatteryLevel,reference_train
switch program to quiet,Cmd.MemoryChange,reference_train
detect telephone,Cmd.FindMyPhone,reference_train
what translation languages are available?,Help_Translate,reference_train
can you set program to meeting,Cmd.MemoryChange,reference_train
what's my calorie goal,Cmd.ActivityCalories,reference_train
is there a closed caption feature?,Help_Transcribe,reference_train
change to train program,Cmd.MemoryChange,reference_train
pairing devices with the thrive app,Help_Pairing,reference_train
step goal?,Cmd.ActivityStep,reference_train
set program to work,Cmd.MemoryChange,reference_train
can you switch to train memory,Cmd.MemoryChange,reference_train
please pairing aids on my thrive app,Help_Pairing,reference_train
how would i cancel an alert message text message?,Help_FallAlert,reference_train
are the hearing aids connected to the phone?,Help_Pairing,reference_train
can you change settings to three,Cmd.MemoryChange,reference_train
can you will i hear what is being transcribed?,Help_Transcribe,reference_train
hi,Default Fallback Intent,reference_train
how to bond my aids with the app,Help_Pairing,reference_train
change to home,Cmd.MemoryChange,reference_train
how do i increase the volume in my aids?,Help_Volume,reference_train
switch to personal memory,Cmd.MemoryChange,reference_train
how do i monitor my heart rate?,Help_HeartRate,reference_train
how do i adjust with edge mode?,Help_EdgeMode,reference_train
please set program to mute,Cmd.MemoryChange,reference_train
what's a good movie to watch,Default Fallback Intent,reference_train
how do i show the app without hearing aids connected?,Help_DemoMode,reference_train
please memory number four,Cmd.MemoryChange,reference_train
can you i need help pairing to my phone,Help_Pairing,reference_train
how do i make the sound my own,Help_Customize,reference_train
set to 100% volume,Cmd.VolumeIncrease,reference_train
please i got this free guys swinging stage fright one of those up,Default Fallback Intent,reference_train
my aid feels loose in my ear,Help_InsertDevice,reference_train
where's the cros balance feature?,Help_WiCROS,reference_train
on volume,Cmd.VolumeUnmute,reference_train
how do i set up audio streaming?,Help_DeviceSettings,reference_train
how do i get better ipro scores?,Help_ThriveScore,reference_train
set an alarm for 8 a.m.,reminders.add,reference_train
set setting to three,Cmd.MemoryChange,reference_train
please perfect how are things with you,Default Fallback Intent,reference_train
can the professional adjust my aid remotely?,Help_RemoteProgramming,reference_train
use the setting for outdoors,Cmd.MemoryChange,reference_train
set program to train,Cmd.MemoryChange,reference_train
turn my left hearing aid on,Cmd.VolumeUnmute,reference_train
can you new delhi,Default Fallback Intent,reference_train
please make my aid silent,Cmd.VolumeMute,reference_train
take everything to silence,Cmd.VolumeMute,reference_train
help with the wellness score,Help_ThriveScore,reference_train
what's demo mode,Help_DemoMode,reference_train
change memory to number one,Cmd.MemoryChange,reference_train
can you help with intellivoice,Help_IntelliVoice,reference_train
change program to television,Cmd.MemoryChange,reference_train
program two,Cmd.MemoryChange,reference_train
and if the size is a little side street they sent angels church,Default Fallback Intent,reference_train
switch memory to mute,Cmd.MemoryChange,reference_train
they don't speak english help me understand them,Cmd.TranslationStart,reference_train
where can i find videos for the hearing aid for instructions,Default Fallback Intent,reference_train
i've lost my hearing aids,Help_FindMyHearingAids,reference_train
set a reminder to drink water today,reminders.add,reference_train
change memory to auditorium,Cmd.MemoryChange,reference_train
have i reached my stand goal,Cmd.ActivityStand,reference_train
show me my step count?,Cmd.ActivityStep,reference_train
can you telehear,Help_HearingCareAnywhereConnect,reference_train
remind me i have a doctor's appointment,reminders.add,reference_train
how much distance have i covered today,Cmd.ActivityStep,reference_train
please change memory to test one,Cmd.MemoryChange,reference_train
locate my aids,Help_FindMyHearingAids,reference_train
show me an overview of this app,Help_WhatsNew,reference_train
worship memory,Cmd.MemoryChange,reference_train
tips to make my batteries last longer,Help_Battery,reference_train
how do i change the app language,Help_AppSettings,reference_train
where is my android,Cmd.FindMyPhone,reference_train
what is basic mode?,Help_AppSettings,reference_train
turn my hearing aid down,Cmd.VolumeDecrease,reference_train
can you remind me to see the table in 5 minutes,reminders.add,reference_train
can you thrive assistant help,Help_VoiceAssistant,reference_train
how do i access settings,Help_Home,reference_train
where is my left aid?,Help_FindMyHearingAids,reference_train
i misplaced my right aid,Help_FindMyHearingAids,reference_train
can you pairing my hearing aids with the thrive app,Help_Pairing,reference_train
walk me through the basics,Help_Home,reference_train
set program to car,Cmd.MemoryChange,reference_train
can you change to car,Cmd.MemoryChange,reference_train
can you switch to memory one,Cmd.MemoryChange,reference_train
i'm working out now,Cmd.ActivityExercise,reference_train
start translating what they say,Cmd.TranslationStart,reference_train
can you start streaming,Cmd.StreamingStart,reference_train
set to master program,Cmd.MemoryChange,reference_train
no more streaming please,Cmd.StreamingStop,reference_train
return the sound to my aids,Cmd.VolumeUnmute,reference_train
can you reminder,reminders.add,reference_train
can you remind about running at 6 a.m. on 7th december,reminders.add,reference_train
when should i use voice ai?,Help_IntelliVoice,reference_train
please play tv stream,Cmd.StreamingStart,reference_train
send a message to someone,Cmd.SendMessage,reference_train
how far along my steps am i,Cmd.ActivityStep,reference_train
remind me to take medicine today in one minute,reminders.add,reference_train
can you help me remind me to call bae tomorrow at 9,reminders.add,reference_train
how do i start streaming from my accessories?,Help_Accessories,reference_train
progeria ganchos wedding a number of years ago,Default Fallback Intent,reference_train
battery power,Cmd.BatteryLevel,reference_train
change to speech,Cmd.MemoryChange,reference_train
please switch program to number three,Cmd.MemoryChange,reference_train
send message,Cmd.SendMessage,reference_train
can you beep change,Help_DeviceSettings,reference_train
switch to work,Cmd.MemoryChange,reference_train
will i make it through the afternoon?,Cmd.BatteryLevel,reference_train
can you remind me that i have a doctor's appointment,reminders.add,reference_train
thanks for my child when i was a little girl with a grandfather who taught me the heart of my face,Default Fallback Intent,reference_train
guide me on caring for my hearing aids,Help_CleanCare,reference_train
switch your hand sweetheart,Default Fallback Intent,reference_train
when do i intercept an alert?,Help_FallAlert,reference_train
send a message,Cmd.SendMessage,reference_train
please start translate for french,Cmd.TranslationStart,reference_train
i'm somewhere noisy,Cmd.MemoryChange,reference_train
what is my step count for the month,Cmd.ActivityStep,reference_train
please increase the volume in my hearing aids,Cmd.VolumeIncrease,reference_train
can you remind me to exercise today,reminders.add,reference_train
please switch to mute,Cmd.MemoryChange,reference_train
can you calories standing,Cmd.ActivityStand,reference_train
please change to speech memory,Cmd.MemoryChange,reference_train
can you change memory to meeting,Cmd.MemoryChange,reference_train
you know where they have the check we have to have to shift to put in there. that's fine.,Default Fallback Intent,reference_train
make volume louder,Cmd.VolumeIncrease,reference_train
how do i change the loudness on the aids?,Help_Volume,reference_train
can you translate how much do i owe you in español,Cmd.TranslationStart,reference_train
where do i find recovery data,Help_HeartRateRecovery,reference_train
can you ashes to ashes all fall down,Default Fallback Intent,reference_train
how will i know when the professional adjusted the hearing aids?,Help_RemoteProgramming,reference_train
stream to both hearing aids,Cmd.StreamingStart,reference_train
what's different about kind?,Help_WhatsNew,reference_train
i could use some help,Default Fallback Intent,reference_train
is demo mode for trying features,Help_DemoMode,reference_train
how does a caregiver set up hearshare?,Help_HearShare,reference_train
please switch memory to personal,Cmd.MemoryChange,reference_train
can you heart rate user guide,Help_HeartRate,reference_train
can you switch to meeting,Cmd.MemoryChange,reference_train
text a family member,Cmd.SendMessage,reference_train
minimum sound,Cmd.VolumeDecrease,reference_train
what's my daily step number,Cmd.ActivityStep,reference_train
please change memory to mute,Cmd.MemoryChange,reference_train
new amsterdam,Default Fallback Intent,reference_train
set an alert for me,reminders.add,reference_train
set memory to worship,Cmd.MemoryChange,reference_train
how do i adjust my loudness of the tinnitus stimulus on my aids?,Help_Tinnitus,reference_train
change the active profile,Cmd.MemoryChange,reference_train
what does the heart rate feature show,Help_HeartRate,reference_train
patch the tv audio through to my aids,Cmd.StreamingStart,reference_train
can you intellivoice help,Help_IntelliVoice,reference_train
can you throw it on the floor,Default Fallback Intent,reference_train
can you dailly,Default Fallback Intent,reference_train
can you set memory to pub,Cmd.MemoryChange,reference_train
please quiet my hearing aids,Cmd.VolumeDecrease,reference_train
please set to telephone program,Cmd.MemoryChange,reference_train
when would i stop a text alert?,Help_FallAlert,reference_train
complete my reminder.,reminders.complete,reference_train
please i bet you those talking 7-eleven,Default Fallback Intent,reference_train
please help with white noise adjustment on my hearing aid,Help_Tinnitus,reference_train
please change to tinnitus program,Cmd.MemoryChange,reference_train
how does comfort boost work?,Help_DeviceSettings,reference_train
can you this is very disappointing fart noise,Default Fallback Intent,reference_train
is my hearing aid paired to the phone?,Help_Pairing,reference_train
how do i check what accessories i have connected to my aids?,Help_Accessories,reference_train
make my hearing aids softer,Cmd.VolumeDecrease,reference_train
please and i think it's supposed to work,Default Fallback Intent,reference_train
please see how it moves all the way across.,Default Fallback Intent,reference_train
please i don't like my current hearing aid settings,Help_MemoryOptions,reference_train
can you since you're coming up pretty soon,Default Fallback Intent,reference_train
can you remind me about this later,reminders.add,reference_train
remind me to run at 2 p.m. on halloween,reminders.add,reference_train
can you change to music program,Cmd.MemoryChange,reference_train
please switch program to crowd,Cmd.MemoryChange,reference_train
please set to master memory,Cmd.MemoryChange,reference_train
turn up the volume,Cmd.VolumeIncrease,reference_train
remind me to take out the trash,reminders.add,reference_train
can you unmute,Cmd.VolumeUnmute,reference_train
can you show me my walking history?,Cmd.ActivityWalk,reference_train
can you setting number three,Cmd.MemoryChange,reference_train
set program to two,Cmd.MemoryChange,reference_train
please set reminder for 7 a.m. tomorrow about dinner please,reminders.add,reference_train
turn the volume off,Cmd.VolumeMute,reference_train
what's the starting point here,Help_Home,reference_train
how do i use the app without hearing aids connected?,Help_DemoMode,reference_train
how do i share my hearing aid usage with a caregiver?,Help_HearShare,reference_train
can i use the app without hearing aids,Help_DemoMode,reference_train
mute off,Cmd.VolumeUnmute,reference_train
explain how to configure the app,Help_AppSettings,reference_train
give me a bit more volume,Cmd.VolumeIncrease,reference_train
switch setting to one,Cmd.MemoryChange,reference_train
what is this interface,Help_Home,reference_train
can i listen to the adjustments made by the professional?,Help_RemoteProgramming,reference_train
does translate save my conversations?,Help_Translate,reference_train
where is intellivoice?,Help_IntelliVoice,reference_train
can you help with tv streamer,Help_Accessories,reference_train
ping my hearing aids,Help_FindMyHearingAids,reference_train
what's up,Default Fallback Intent,reference_train
please i lost my hearing aids. can you help me find them?,Help_FindMyHearingAids,reference_train
please my left hearing aid does not respond,Help_SelfCheck,reference_train
what is up,Default Fallback Intent,reference_train
please turn up volume,Cmd.VolumeIncrease,reference_train
setting number one,Cmd.MemoryChange,reference_train
please switch to outdoors program,Cmd.MemoryChange,reference_train
how do i turn on demo mode,Help_DemoMode,reference_train
roll back the sound level,Cmd.VolumeDecrease,reference_train
how would i stop a fall alert message?,Help_FallAlert,reference_train
too much volume right now,Cmd.VolumeDecrease,reference_train
everything sounds way too harsh,Cmd.VolumeDecrease,reference_train
can you help with tinnitus stimulus adjustment on my aids,Help_Tinnitus,reference_train
please locate the nearest park,Default Fallback Intent,reference_train
best iphone,Default Fallback Intent,reference_train
can you set program to tinnitus,Cmd.MemoryChange,reference_train
set to crowd memory,Cmd.MemoryChange,reference_train
i need another hearing program,Cmd.MemoryChange,reference_train
change memory to test one,Cmd.MemoryChange,reference_train
how do i geotag a location to my memory?,Help_MemoryOptions,reference_train
set an alert for my appointment,reminders.add,reference_train
how much battery remains,Cmd.BatteryLevel,reference_train
can you the weather outside today,Default Fallback Intent,reference_train
how can i ask thrive to do things for me,Help_VoiceAssistant,reference_train
can you help with stream,Help_Accessories,reference_train
can you set a reminder for me tomorrow,reminders.add,reference_train
can you switch memory to television,Cmd.MemoryChange,reference_train
show me translate user guide,Help_Translate,reference_train
fall detection help,Help_FallAlert,reference_train
change program to number three,Cmd.MemoryChange,reference_train
help with tinnitus volume adjustment on my hearing aids,Help_Tinnitus,reference_train
volume on right aid,Cmd.VolumeUnmute,reference_train
please help with noise stimulus adjustment on my aids,Help_Tinnitus,reference_train
please show me my step count,Cmd.ActivityStep,reference_train
please getting customers exactly with a free wireless.,Default Fallback Intent,reference_train
reminder set,reminders.add,reference_train
can you help with changing programs on my phone,Help_ChangingMemories,reference_train
how do i charge my hearing aid?,Help_Battery,reference_train
can you change to pub memory,Cmd.MemoryChange,reference_train
please remind me to call mom on christmas,reminders.add,reference_train
can you hearing aid is not work,Help_SelfCheck,reference_train
can you live in your ear if there's a wire,Default Fallback Intent,reference_train
please set setting to number three,Cmd.MemoryChange,reference_train
please change memory to mask,Cmd.MemoryChange,reference_train
switch to crowd program,Cmd.MemoryChange,reference_train
translate guide,Help_Translate,reference_train
change settings to number three,Cmd.MemoryChange,reference_train
change program to office,Cmd.MemoryChange,reference_train
mute my hearing aids,Cmd.VolumeMute,reference_train
remind me to take medication today at 5 p.m.,reminders.add,reference_train
please set to restaurant program,Cmd.MemoryChange,reference_train
how do i adjust my loudness of the tinnitus masker on my aid?,Help_Tinnitus,reference_train
why should i visit in poopy,Default Fallback Intent,reference_train
can you locate iphone,Cmd.FindMyPhone,reference_train
can you set memory to home,Cmd.MemoryChange,reference_train
please i want to create a new program?,Help_MemoryOptions,reference_train
open transcribe,Cmd.TranscribeStart,reference_train
set to television memory,Cmd.MemoryChange,reference_train
please new reminder eat an apple everyday at 9 a.m.,reminders.add,reference_train
can you set to kitchen program,Cmd.MemoryChange,reference_train
what are the main things i can do,Help_Home,reference_train
please set to 100% volume,Cmd.VolumeIncrease,reference_train
where's the translation feature?,Help_Translate,reference_train
please switch to auditorium,Cmd.MemoryChange,reference_train
please remind me to pick up prescription today at 5 p.m.,reminders.add,reference_train
turn off tv,Default Fallback Intent,reference_train
please show me the jury,Default Fallback Intent,reference_train
electric car battery,Default Fallback Intent,reference_train
tell me my steps for today,Cmd.ActivityStep,reference_train
please change to mask mode,Cmd.MemoryChange,reference_train
tone it down,Cmd.VolumeDecrease,reference_train
please help with noise stimulus adjustment on my hearing aids,Help_Tinnitus,reference_train
decrease hearing,Cmd.VolumeDecrease,reference_train
can you change to kitchen,Cmd.MemoryChange,reference_train
switch to mask program,Cmd.MemoryChange,reference_train
can you sync hearing aid to tv,Help_Pairing,reference_train
can you restaurant program,Cmd.MemoryChange,reference_train
where is my apple phone,Cmd.FindMyPhone,reference_train
can you locate my right aid,Help_FindMyHearingAids,reference_train
set to noise memory,Cmd.MemoryChange,reference_train
can you change to car program,Cmd.MemoryChange,reference_train
can my hearing care specialist adjust my hearing aid remotely?,Help_RemoteProgramming,reference_train
show my aerobics progress,Cmd.ActivityAerobics,reference_train
battery,Cmd.BatteryLevel,reference_train
is there a daily reminder option,Help_Reminder,reference_train
change program to outdoors,Cmd.MemoryChange,reference_train
please pairing my aids with my phone,Help_Pairing,reference_train
turn off demo mode,Help_DemoMode,reference_train
syracuse a bad home,Default Fallback Intent,reference_train
deliver the sound to my aids,Cmd.StreamingStart,reference_train
sound is crackling in my hearing aids,Help_DeviceSettings,reference_train
can you switch to everyday memory,Cmd.MemoryChange,reference_train
stream my device audio,Cmd.StreamingStart,reference_train
can you help with pairing devices,Help_Pairing,reference_train
can you change to meeting program,Cmd.MemoryChange,reference_train
how do turn the volume up,Help_Volume,reference_train
what battery size do my aids use,Help_Battery,reference_train
how do i adjust notifications in the app,Help_AppSettings,reference_train
please change to outdoors program,Cmd.MemoryChange,reference_train
can you switch to office,Cmd.MemoryChange,reference_train
where would i intercept an alert message text?,Help_FallAlert,reference_train
how do i get a better brain score?,Help_ThriveScore,reference_train
please switch to television,Cmd.MemoryChange,reference_train
can you remind me to go to the grocery story every sunday at noon,reminders.add,reference_train
who won the world cup?,Default Fallback Intent,reference_train
show my calorie history,Cmd.ActivityCalories,reference_train
search nearby for my aids,Help_FindMyHearingAids,reference_train
please set a reminder to exercise today,reminders.add,reference_train
how am i doing on steps,Cmd.ActivityStep,reference_train
please turn volume off,Cmd.VolumeMute,reference_train
please remind me to brush my teeth,reminders.add,reference_train
how do i change programs on the hearing aid?,Help_ChangingMemories,reference_train
who gets notified if i fall,Help_FallAlert,reference_train
send word to my friend,Cmd.SendMessage,reference_train
please remind me to refill my prescription tomorrow afternoon,reminders.add,reference_train
hi there,Default Fallback Intent,reference_train
send a short message,Cmd.SendMessage,reference_train
switch to golf,Cmd.MemoryChange,reference_train
please remind me on weekend,reminders.add,reference_train
can you misplaced telephone,Cmd.FindMyPhone,reference_train
can you help with pairing devices with the thrive app,Help_Pairing,reference_train
can you set setting to two,Cmd.MemoryChange,reference_train
what's the firmware version of my aids?,Help_DeviceSettings,reference_train
show the last known location of my aids,Help_FindMyHearingAids,reference_train
how do you calculate the thrive score?,Help_ThriveScore,reference_train
can you i can't even hardly hear that,Default Fallback Intent,reference_train
see you,Default Fallback Intent,reference_train
can you soften things a little?,Cmd.VolumeDecrease,reference_train
demonstrate the app,Help_DemoMode,reference_train
can you change to program number one,Cmd.MemoryChange,reference_train
please i seen some of the models out there and they lose,Default Fallback Intent,reference_train
i want to go for a run,Cmd.ActivityRun,reference_train
disconnect the streaming,Cmd.StreamingStop,reference_train
see how it moves all the way across.,Default Fallback Intent,reference_train
please did they accept my hearshare invitation?,Help_HearShare,reference_train
battery life left,Cmd.BatteryLevel,reference_train
the audio is too hot,Cmd.VolumeDecrease,reference_train
what does the health screen show?,Help_Health,reference_train
how do rockets work?,Default Fallback Intent,reference_train
remind me to pick up my prescription on friday at 5 p.m.,reminders.add,reference_train
guide me on customizing sound,Help_Customize,reference_train
please direction of the sound,Default Fallback Intent,reference_train
what's new in the app?,Help_WhatsNew,reference_train
alert me when it's time to leave,reminders.add,reference_train
can you remind me to pick up my prescription saturday at 5 p.m.,reminders.add,reference_train
david soul alert,Default Fallback Intent,reference_train
noise program,Cmd.MemoryChange,reference_train
where are my aids?,Help_FindMyHearingAids,reference_train
can you remind me to pick up my prescription on monday at 5 p.m.,reminders.add,reference_train
can you change setting to number two,Cmd.MemoryChange,reference_train
what percentage of my step goal have i taken today?,Cmd.ActivityStep,reference_train
got to getting a text message at boston,Default Fallback Intent,reference_train
how do i decrease the loudness in just the left side?,Help_Volume,reference_train
can you turn volume off,Cmd.VolumeMute,reference_train
what's a good restaurant nearby,Default Fallback Intent,reference_train
please complete my latest reminder,reminders.complete,reference_train
change hearing aids to car,Cmd.MemoryChange,reference_train
guide me on remote fine tuning,Help_RemoteProgramming,reference_train
can you i need help with pairing my aid,Help_Pairing,reference_train
could you please send a message,Cmd.SendMessage,reference_train
switch memory to pub,Cmd.MemoryChange,reference_train
why isn't my hearing aid on my right ear,Help_SelfCheck,reference_train
how do i check my heart rate?,Help_HeartRate,reference_train
can you help me with the voice assistant,Help_VoiceAssistant,reference_train
turn streaming on,Cmd.StreamingStart,reference_train
kill the audio completely,Cmd.VolumeMute,reference_train
i can't remember where my other aid is,Help_FindMyHearingAids,reference_train
help with white noise adjustments,Help_Tinnitus,reference_train
i can't remember where i left them,Help_FindMyHearingAids,reference_train
can you turn it to hit the button minute furniture in there like siri,Default Fallback Intent,reference_train
please turn my left hearing aid down,Cmd.VolumeDecrease,reference_train
switch program to home,Cmd.MemoryChange,reference_train
my right hearing aid will not turn,Help_SelfCheck,reference_train
school program,Cmd.MemoryChange,reference_train
change to work memory,Cmd.MemoryChange,reference_train
let another person hear what i hear,Help_HearShare,reference_train
my hearing aids lost connection to the phone,Help_Pairing,reference_train
stream from my tv now,Cmd.StreamingStart,reference_train
read my message inbox,Cmd.ListenMessage,reference_train
please set program to telephone,Cmd.MemoryChange,reference_train
change program to kitchen,Cmd.MemoryChange,reference_train
can you remind me to watch,reminders.add,reference_train
please somebody from motel in boise,Default Fallback Intent,reference_train
set program to number two,Cmd.MemoryChange,reference_train
set program to theater,Cmd.MemoryChange,reference_train
please i got a ton of recommendation completely wireless,Default Fallback Intent,reference_train
please set to restaurant memory,Cmd.MemoryChange,reference_train
it needs to be softer,Cmd.VolumeDecrease,reference_train
can you decrease volume,Cmd.VolumeDecrease,reference_train
can you set program to automatic,Cmd.MemoryChange,reference_train
can you set program to pub,Cmd.MemoryChange,reference_train
stream the broadcast to my devices,Cmd.StreamingStart,reference_train
can you distance from new jersey,Default Fallback Intent,reference_train
pandora,Default Fallback Intent,reference_train
how do i stop pandora from playing on my hearing aids,Default Fallback Intent,reference_train
please more volume,Cmd.VolumeIncrease,reference_train
little one. please. call me back from,Default Fallback Intent,reference_train
can you hearing aid volume up,Cmd.VolumeIncrease,reference_train
locate telephone,Cmd.FindMyPhone,reference_train
help with volume on each aid,Help_Volume,reference_train
please show me an overview of the app,Help_WhatsNew,reference_train
can you remember to wash the car in 4 hours,reminders.add,reference_train
pub setting,Cmd.MemoryChange,reference_train
how do i change the smart assistant settings?,Help_AppSettings,reference_train
every week,reminders.add,reference_train
i'm confused by all these screens,Help_Home,reference_train
how does the engagement score work?,Help_ThriveScore,reference_train
what is intelligent voice,Help_IntelliVoice,reference_train
can you everyday,reminders.add,reference_train
help with heart rate recovery,Help_HeartRateRecovery,reference_train
apply wind noise reduction,Cmd.MemoryChange,reference_train
please switch to telephone program,Cmd.MemoryChange,reference_train
can you switch to crowd,Cmd.MemoryChange,reference_train
lyrics,Default Fallback Intent,reference_train
please where's the speed bus,Default Fallback Intent,reference_train
change the memory,Cmd.MemoryChange,reference_train
how do i unpair the tv streamer?,Help_Accessories,reference_train
she keeps talking to me,Default Fallback Intent,reference_train
help for my ear ringing,Help_Tinnitus,reference_train
please change to mute program,Cmd.MemoryChange,reference_train
switch to tinnitus,Cmd.MemoryChange,reference_train
are my aids running out of power,Cmd.BatteryLevel,reference_train
can you change memory to pub,Cmd.MemoryChange,reference_train
can you step goal,Cmd.ActivityStep,reference_train
can you down volume,Cmd.VolumeDecrease,reference_train
can you off volume,Cmd.VolumeMute,reference_train
can you i want to listen to my tv,Cmd.StreamingStart,reference_train
"please this jena fuller. can you trying to fill out way, too?",Default Fallback Intent,reference_train
show app capabilities without hearing aids,Help_DemoMode,reference_train
can you set reminders for me,reminders.add,reference_train
i'm seated in a crowded noisy spot,Cmd.MemoryChange,reference_train
so it goes back it goes back to the memory or in,Default Fallback Intent,reference_train
book me a flight,Default Fallback Intent,reference_train
generative ai,Default Fallback Intent,reference_train
can you program two,Cmd.MemoryChange,reference_train
its too loudy,Cmd.VolumeDecrease,reference_train
what are memory options,Help_MemoryOptions,reference_train
can you switch to quiet memory,Cmd.MemoryChange,reference_train
show me the jury,Default Fallback Intent,reference_train
can you change memory to train,Cmd.MemoryChange,reference_train
how do i share my hearing aid info?,Help_HearShare,reference_train
can you aerobics goal,Cmd.ActivityAerobics,reference_train
please set memory to number one,Cmd.MemoryChange,reference_train
turn off alarm,Default Fallback Intent,reference_train
stream from the remote microphone,Cmd.StreamingStart,reference_train
can i listen to my message?,Cmd.ListenMessage,reference_train
change to school memory,Cmd.MemoryChange,reference_train
where can i buy a phone,Default Fallback Intent,reference_train
send an sms to my friend,Cmd.SendMessage,reference_train
how do i get rid of wax in my hearing aids,Help_CleanCare,reference_train
remember to visit my family on thanksgiving day,reminders.add,reference_train
please make the hearing aids quieter,Cmd.VolumeDecrease,reference_train
switch to music,Cmd.MemoryChange,reference_train
please help with the main screen,Help_Home,reference_train
can you i'm up,Default Fallback Intent,reference_train
battery good enough for the evening,Cmd.BatteryLevel,reference_train
please switch to automatic,Cmd.MemoryChange,reference_train
show me an overview of the engage app,Help_WhatsNew,reference_train
can you change hearing aids to car,Cmd.MemoryChange,reference_train
where are my preferences?,Help_DeviceSettings,reference_train
tell me about the cros system,Help_WiCROS,reference_train
can you remind me everyday,reminders.add,reference_train
please turn off the kitchen light,Default Fallback Intent,reference_train
can you don't let me forget,reminders.add,reference_train
please test hearing aids,Help_SelfCheck,reference_train
can you personal program,Cmd.MemoryChange,reference_train
please have i reached my aerobics goal?,Cmd.ActivityAerobics,reference_train
the wind outside is overwhelming what can i do,Help_EdgeMode,reference_train
change to school,Cmd.MemoryChange,reference_train
how do i connect for a remote appointment,Help_HearingCareAnywhereConnect,reference_train
what can the voice assistant do,Help_VoiceAssistant,reference_train
change setting to four,Cmd.MemoryChange,reference_train
can you set memory to gym,Cmd.MemoryChange,reference_train
ping my phone,Cmd.FindMyPhone,reference_train
everything sounds too quiet,Cmd.VolumeIncrease,reference_train
how do i change my table mic?,Help_Accessories,reference_train
can you complete this reminder.,reminders.complete,reference_train
"can you dr. dee 74% increase over february of last year. yes, the bike teams still not calling it a crisis.",Default Fallback Intent,reference_train
please remind me i have a meeting,reminders.add,reference_train
how do i restore default app settings,Help_AppSettings,reference_train
log this cycling session,Cmd.ActivityCycle,reference_train
can you listen to the tv,Cmd.StreamingStart,reference_train
can you and so now the what happens is if it is in streaming mode cuz waiting for you to ask a question,Default Fallback Intent,reference_train
can you write a program in switch,Default Fallback Intent,reference_train
can you remind me to go to bed in 5 minutes,reminders.add,reference_train
what can i personalize on my hearing aids,Help_Customize,reference_train
can you noise setting,Cmd.MemoryChange,reference_train
connect right aid,Help_Pairing,reference_train
remind me to clean hearing aids today,reminders.add,reference_train
how do i check my radiator to see if it's working,Default Fallback Intent,reference_train
can you every morning,Default Fallback Intent,reference_train
how do i turn on mask mode,Help_MaskMode,reference_train
please change memory to golf,Cmd.MemoryChange,reference_train
can you this massive program to influence the united states politically,Default Fallback Intent,reference_train
my aids won't connect to the app,Help_Pairing,reference_train
transmitter,Help_WiCROS,reference_train
i want to change memory,Cmd.MemoryChange,reference_train
can you i misplaced my aids,Help_FindMyHearingAids,reference_train
please set a reminder for 1 hour,reminders.add,reference_train
can you set memory to work,Cmd.MemoryChange,reference_train
can you help with self check,Help_SelfCheck,reference_train
what is good morning in russian,Cmd.TranslationStart,reference_train
i'm struggling to hear people,Cmd.VolumeIncrease,reference_train
please set memory to worship,Cmd.MemoryChange,reference_train
does it catch a fall,Help_FallAlert,reference_train
please go to meeting,Cmd.MemoryChange,reference_train
explain remote adjustments,Help_RemoteProgramming,reference_train
please make the volume more on hearing aids,Cmd.VolumeIncrease,reference_train
what can the reminder feature do,Help_Reminder,reference_train
start captioning,Cmd.TranscribeStart,reference_train
how much power is left,Cmd.BatteryLevel,reference_train
can you help with tinnitus stimulus adjustment in my hearing aids,Help_Tinnitus,reference_train
can you change to restaurant,Cmd.MemoryChange,reference_train
please i cannot tell a lie,Default Fallback Intent,reference_train
please remind me to turn off my phone everyday at 11 p.m.,reminders.add,reference_train
aerobics goal,Cmd.ActivityAerobics,reference_train
can you make them ring?,Help_FindMyHearingAids,reference_train
switch memory to outdoors,Cmd.MemoryChange,reference_train
where's dnn speech enhancement?,Help_IntelliVoice,reference_train
what's the current battery level,Cmd.BatteryLevel,reference_train
can you change to music,Cmd.MemoryChange,reference_train
can you add one more to that what does that equal,Default Fallback Intent,reference_train
can you switch memory to office,Cmd.MemoryChange,reference_train
change memory to everyday,Cmd.MemoryChange,reference_train
how does remote programming work?,Help_RemoteProgramming,reference_train
tell me the charge status,Cmd.BatteryLevel,reference_train
min loudness,Cmd.VolumeDecrease,reference_train
when should i use edge mode,Help_EdgeMode,reference_train
how to dnn speech enhancement,Help_IntelliVoice,reference_train
please change to work,Cmd.MemoryChange,reference_train
track this workout,Cmd.ActivityExercise,reference_train
how do i use transcribe,Help_Transcribe,reference_train
can you remind me everyday to read a book at 6 p.m.,reminders.add,reference_train
connect a remote mic accessory,Help_Accessories,reference_train
turn the sound back on,Cmd.VolumeUnmute,reference_train
how do i dispose of a body,Default Fallback Intent,reference_train
can you remind me to drink water later today at 5 p.m.,reminders.add,reference_train
how's the weather treating you,Default Fallback Intent,reference_train
howdy,Default Fallback Intent,reference_train
can you i got this free guys swinging stage fright one of those up,Default Fallback Intent,reference_train
can you increase the right hearing aid,Cmd.VolumeIncrease,reference_train
set memory to personal,Cmd.MemoryChange,reference_train
what does the cros do,Help_WiCROS,reference_train
please show me an overview of thrive,Help_WhatsNew,reference_train
please it's different both of them are different,Default Fallback Intent,reference_train
can you show me my biking goal,Cmd.ActivityCycle,reference_train
switch to television memory,Cmd.MemoryChange,reference_train
remind me to pick up my prescription at 5 p.m. on friday,reminders.add,reference_train
locate my other hearing aid,Help_FindMyHearingAids,reference_train
pick my telephone program,Cmd.MemoryChange,reference_train
self check help,Help_SelfCheck,reference_train
can you tell me a joke i need to be cheered up,Default Fallback Intent,reference_train
please switch to quiet,Cmd.MemoryChange,reference_train
please change memory to telephone,Cmd.MemoryChange,reference_train
can you change program to number three,Cmd.MemoryChange,reference_train
please change to everyday program,Cmd.MemoryChange,reference_train
can i share my hearing aid sound with family,Help_HearShare,reference_train
can you switch memory to gym,Cmd.MemoryChange,reference_train
help me send a voice message,Cmd.SendMessage,reference_train
how does remote care connect work,Help_HearingCareAnywhereConnect,reference_train
setting number four,Cmd.MemoryChange,reference_train
how do i have if i have cros hearing aids?,Help_WiCROS,reference_train
remind about running every day at 6 a.m.,reminders.add,reference_train
can you start tv stream,Cmd.StreamingStart,reference_train
can you switch to quiet program,Cmd.MemoryChange,reference_train
speech is too sharp,Cmd.VolumeDecrease,reference_train
how do i change the name of the remote mic?,Help_Accessories,reference_train
start an exercise session,Cmd.ActivityExercise,reference_train
activate my office program,Cmd.MemoryChange,reference_train
hey,Default Fallback Intent,reference_train
memory number four,Cmd.MemoryChange,reference_train
how do i get better brain scores?,Help_ThriveScore,reference_train
please he's on stomach,Default Fallback Intent,reference_train
can you set to gym memory,Cmd.MemoryChange,reference_train
please start remote stream,Cmd.StreamingStart,reference_train
what happens when i fall,Help_FallAlert,reference_train
can you bustling hearing aid,Default Fallback Intent,reference_train
where did i put my left aid?,Help_FindMyHearingAids,reference_train
how do i use my hearing aid with an accessory?,Help_Accessories,reference_train
change to telephone program,Cmd.MemoryChange,reference_train
can you set a reminder to take medication today at 5 p.m.,reminders.add,reference_train
start streaming audio now,Cmd.StreamingStart,reference_train
guide me through the main features,Help_Home,reference_train
stream remote,Cmd.StreamingStart,reference_train
plan my vacation,Default Fallback Intent,reference_train
what does activity score mean?,Help_ThriveScore,reference_train
please it would appear sound like,Default Fallback Intent,reference_train
how do i perform a intellivoice?,Help_IntelliVoice,reference_train
sweet car,Default Fallback Intent,reference_train
open translation in spanish,Cmd.TranslationStart,reference_train
i want more volume,Cmd.VolumeIncrease,reference_train
explain my fitness tracking,Help_Health,reference_train
please help with remote programming,Help_RemoteProgramming,reference_train
there is a problem with my hearing aids,Help_SelfCheck,reference_train
please change to office program,Cmd.MemoryChange,reference_train
remaining battery,Cmd.BatteryLevel,reference_train
help managing my saved programs,Help_MemoryOptions,reference_train
how do i disabled mask mode?,Help_MaskMode,reference_train
can i adjust mask mode,Help_MaskMode,reference_train
remind me to pick up my prescription at 5 p.m. on monday,reminders.add,reference_train
they're speaking a foreign language translate it,Cmd.TranslationStart,reference_train
can you set to telephone memory,Cmd.MemoryChange,reference_train
how do i check my aids to make sure they’re working properly?,Help_SelfCheck,reference_train
how will i know when the audiologist adjusted the aids?,Help_RemoteProgramming,reference_train
explain bluetooth pairing,Help_Pairing,reference_train
how to share my hearing data?,Help_HearShare,reference_train
i'm starting my commute,Cmd.MemoryChange,reference_train
how do i get better kind scores?,Help_ThriveScore,reference_train
can you auditorium program,Cmd.MemoryChange,reference_train
who is the prime minister of india?,Default Fallback Intent,reference_train
help me send a note,Cmd.SendMessage,reference_train
can you change to master,Cmd.MemoryChange,reference_train
create a reminder,reminders.add,reference_train
your needs cut off.,Default Fallback Intent,reference_train
can you i need to disconnect my hearing aids from my phone,Help_Pairing,reference_train
play last voice message.,Cmd.ListenMessage,reference_train
help me intercept a fall alert,Help_FallAlert,reference_train
ratchet it down a notch,Cmd.VolumeDecrease,reference_train
where did i leave my hearing aids?,Help_FindMyHearingAids,reference_train
link drive to hearing aid,Help_Pairing,reference_train
hearing aid doesn't work,Help_SelfCheck,reference_train
can you change to mute program,Cmd.MemoryChange,reference_train
i need to hear better turn it up,Cmd.VolumeIncrease,reference_train
please set program to television,Cmd.MemoryChange,reference_train
please to us number one hits,Default Fallback Intent,reference_train
tell me what how much do i owe you would be in español,Cmd.TranslationStart,reference_train
so do i unable to caesar,Default Fallback Intent,reference_train
remind me i have a meeting,reminders.add,reference_train
pump the brakes on the volume,Cmd.VolumeDecrease,reference_train
please kid pushes the top button real quick and let it go the volume goes up,Default Fallback Intent,reference_train
what is the translate feature,Help_Translate,reference_train
can you turn up the volume,Cmd.VolumeIncrease,reference_train
change program to four,Cmd.MemoryChange,reference_train
battery level,Cmd.BatteryLevel,reference_train
volume softer,Cmd.VolumeDecrease,reference_train
switch program to theater,Cmd.MemoryChange,reference_train
can you i lost my aid. can you help me find it?,Help_FindMyHearingAids,reference_train
please switch to meeting memory,Cmd.MemoryChange,reference_train
please change memory to restaurant,Cmd.MemoryChange,reference_train
start streaming audio,Cmd.StreamingStart,reference_train
can you remember to turn the lights on at 8 p.m.,reminders.add,reference_train
turn my hearing aid volume down,Cmd.VolumeDecrease,reference_train
tips for maintaining my hearing aids,Help_CleanCare,reference_train
can you change to auditorium,Cmd.MemoryChange,reference_train
locate my aid,Help_FindMyHearingAids,reference_train
new reminder about fitness,reminders.add,reference_train
can you switch program to personal,Cmd.MemoryChange,reference_train
what if i don't like the adjustments made by the audiologist?,Help_RemoteProgramming,reference_train
calorie count today,Cmd.ActivityCalories,reference_train
i need to contact someone quickly,Cmd.SendMessage,reference_train
when the new warranty,Default Fallback Intent,reference_train
intellivoice user guide,Help_IntelliVoice,reference_train
what's the simplest way to begin,Help_Home,reference_train
i do not know how to use this app,Help_Home,reference_train
show me my stand goal,Cmd.ActivityStand,reference_train
please switch to everyday program,Cmd.MemoryChange,reference_train
change to quiet,Cmd.MemoryChange,reference_train
switch program to tinnitus,Cmd.MemoryChange,reference_train
let me listen to my messages,Cmd.ListenMessage,reference_train
can you turn on the volume,Cmd.VolumeUnmute,reference_train
who is the president,Default Fallback Intent,reference_train
how do i adjust my loudness of the tinnitus masker on the aids?,Help_Tinnitus,reference_train
i can't remember where my left aid is,Help_FindMyHearingAids,reference_train
change to master,Cmd.MemoryChange,reference_train
can i set up a daily reminder,Help_Reminder,reference_train
how do i connect my hearing aid?,Help_Pairing,reference_train
how do i locate my left aid?,Help_FindMyHearingAids,reference_train
please federal assistance up to my energy,Default Fallback Intent,reference_train
help with wellness score,Help_ThriveScore,reference_train
can you there is a problem with my right hearing aid,Help_SelfCheck,reference_train
please more volume please,Cmd.VolumeIncrease,reference_train
please change to auditorium memory,Cmd.MemoryChange,reference_train
change settings to three,Cmd.MemoryChange,reference_train
can you turn off the volume in my left hearing aid,Cmd.VolumeMute,reference_train
any new updates to know about,Help_WhatsNew,reference_train
can you tell me what how much do i owe you is in español,Cmd.TranslationStart,reference_train
locate my hearing aid,Help_FindMyHearingAids,reference_train
please switch to crowd program,Cmd.MemoryChange,reference_train
switch program to outdoors,Cmd.MemoryChange,reference_train
how do i reset my health goals,Help_Health,reference_train
how do i access demo mode?,Help_DemoMode,reference_train
please set to noise memory,Cmd.MemoryChange,reference_train
can you play message i got.,Cmd.ListenMessage,reference_train
please exclusive 30 to 1 odds,Default Fallback Intent,reference_train
what is dnn speech enhancement?,Help_IntelliVoice,reference_train
change program to telephone,Cmd.MemoryChange,reference_train
change memory to car,Cmd.MemoryChange,reference_train
the audio feels weak,Cmd.VolumeIncrease,reference_train
are they running out of power?,Cmd.BatteryLevel,reference_train
different volume for my left and right,Help_Volume,reference_train
get translation going,Cmd.TranslationStart,reference_train
please switch program to everyday,Cmd.MemoryChange,reference_train
track this ride,Cmd.ActivityCycle,reference_train
can you remind me to pick up my prescription thursday at 5 p.m.,reminders.add,reference_train
what is available with the advanced app?,Help_AppSettings,reference_train
how do i turn up the loudness on my hearing aid?,Help_Volume,reference_train
can you make things easier to hear?,Cmd.VolumeIncrease,reference_train
please remind me to take medicine today at 5 p.m.,reminders.add,reference_train
can you outdoors memory,Cmd.MemoryChange,reference_train
don't tell me that's the problem,Default Fallback Intent,reference_train
mask setting,Cmd.MemoryChange,reference_train
i have news to text a contact,Cmd.SendMessage,reference_train
the hearing aid falls out when i chew,Help_InsertDevice,reference_train
heart rate recovery guide,Help_HeartRateRecovery,reference_train
can you worship setting,Cmd.MemoryChange,reference_train
remind me to refill prescription tomorrow,reminders.add,reference_train
can i get through today?,Cmd.BatteryLevel,reference_train
does the partner mic stream to my hearing aids,Help_Accessories,reference_train
why would i need to worry about health guidelines,Default Fallback Intent,reference_train
create a reminder to take medicine today at 8 p.m.,reminders.add,reference_train
can you change memory to number three,Cmd.MemoryChange,reference_train
can you switch to auditorium program,Cmd.MemoryChange,reference_train
help me understand switching memories,Help_ChangingMemories,reference_train
why are my hearing aids not working,Help_SelfCheck,reference_train
track the walk i did,Cmd.ActivityWalk,reference_train
change memory to number three,Cmd.MemoryChange,reference_train
what is intellivoice?,Help_IntelliVoice,reference_train
how do i use edge mode,Help_EdgeMode,reference_train
i want absolute quiet,Cmd.VolumeMute,reference_train
i need help changing between my programs,Help_ChangingMemories,reference_train
please switch to master memory,Cmd.MemoryChange,reference_train
please remember to visit my family on thanksgiving day,reminders.add,reference_train
can you turn the sound down,Cmd.VolumeDecrease,reference_train
molesting hearing aids to cousin,Default Fallback Intent,reference_train
isn't the charge for electricity similar to the charge for gasoline,Default Fallback Intent,reference_train
how do i change the loudness on my hearing aids?,Help_Volume,reference_train
can you set an alarm for 8 a.m.,reminders.add,reference_train
what is mask mode good for,Help_MaskMode,reference_train
can you work out goal,Cmd.ActivityExercise,reference_train
send my update to someone,Cmd.SendMessage,reference_train
can you switch to restaurant memory,Cmd.MemoryChange,reference_train
change to automatic memory,Cmd.MemoryChange,reference_train
help with white noise adjustments in my aid,Help_Tinnitus,reference_train
can you iconic store,Default Fallback Intent,reference_train
work memory,Cmd.MemoryChange,reference_train
can you turn the sound up,Cmd.VolumeIncrease,reference_train
change to television program,Cmd.MemoryChange,reference_train
choose a different memory,Cmd.MemoryChange,reference_train
how do you fix mask issues,Help_MaskMode,reference_train
who is ministry of home affairs for india,Default Fallback Intent,reference_train
sound back please,Cmd.VolumeUnmute,reference_train
it's too low turn it up,Cmd.VolumeIncrease,reference_train
can you change to outdoors,Cmd.MemoryChange,reference_train
please switch memory to golf,Cmd.MemoryChange,reference_train
can you show me an overview of thrive,Help_WhatsNew,reference_train
sort out my device audio,Help_DeviceSettings,reference_train
receiver,Help_WiCROS,reference_train
how do i change my hearing aid program?,Help_ChangingMemories,reference_train
i need to reach out to somebody,Cmd.SendMessage,reference_train
new delhi,Default Fallback Intent,reference_train
quit the audio stream,Cmd.StreamingStop,reference_train
send a text to my doctor,Cmd.SendMessage,reference_train
audio connection to aids,Cmd.StreamingStart,reference_train
can the audiologist adjust my aids remotely?,Help_RemoteProgramming,reference_train
the tv is too loud,Cmd.VolumeDecrease,reference_train
turn down the volume,Cmd.VolumeDecrease,reference_train
every month,reminders.add,reference_train
can i stream using a remote microphone,Help_Accessories,reference_train
hi receipt with your new balance on the bottom and that's it.,Default Fallback Intent,reference_train
please switch to meeting,Cmd.MemoryChange,reference_train
stop streaming remote to my hearing aids,Cmd.StreamingStop,reference_train
switch to outdoors memory,Cmd.MemoryChange,reference_train
why should i eat,Default Fallback Intent,reference_train
how do i pair my aid to my phone?,Help_Pairing,reference_train
i need to send a voice message,Cmd.SendMessage,reference_train
set up a remote session with my provider,Help_HearingCareAnywhereConnect,reference_train
please turn it to hit the button minute furniture in there like siri,Default Fallback Intent,reference_train
check my stand hours,Cmd.ActivityStand,reference_train
max sound,Cmd.VolumeIncrease,reference_train
what's my hearing aid's model?,Help_DeviceSettings,reference_train
hearing aid volume down,Cmd.VolumeDecrease,reference_train
i need to locate my hearing aids,Help_FindMyHearingAids,reference_train
how do i adjust my tinnitus noise in the hearing aids?,Help_Tinnitus,reference_train
please increase the loudness in my aids,Cmd.VolumeIncrease,reference_train
please locate a restaurant,Default Fallback Intent,reference_train
battery status please,Cmd.BatteryLevel,reference_train
please set to tinnitus program,Cmd.MemoryChange,reference_train
please mark last reminder complete,reminders.complete,reference_train
switch memory to automatic,Cmd.MemoryChange,reference_train
how do i connect alexa,Default Fallback Intent,reference_train
can you change to train,Cmd.MemoryChange,reference_train
send word to my daughter,Cmd.SendMessage,reference_train
when should i use intelligent voice?,Help_IntelliVoice,reference_train
i want to listen to my tv,Cmd.StreamingStart,reference_train
can you you know where they have the check we have to have to shift to put in there. that's fine.,Default Fallback Intent,reference_train
how is heart rate recovery calculated?,Help_HeartRateRecovery,reference_train
please set program to automatic,Cmd.MemoryChange,reference_train
please it's too loud turn it down,Cmd.VolumeDecrease,reference_train
help with edge mode,Help_EdgeMode,reference_train
can you help with tinnitus stimulus adjustment on my aid,Help_Tinnitus,reference_train
how is heart rate recovery measured?,Help_HeartRateRecovery,reference_train
set to theater memory,Cmd.MemoryChange,reference_train
change to tinnitus memory,Cmd.MemoryChange,reference_train
please remind me to study tomorrow,reminders.add,reference_train
how do i make sure my aids are okay,Help_SelfCheck,reference_train
can you help for speech to text,Help_Transcribe,reference_train
can you sunday,Default Fallback Intent,reference_train
please remind me to buy shoes in paris,reminders.add,reference_train
quit streaming,Cmd.StreamingStop,reference_train
can you memory three,Cmd.MemoryChange,reference_train
show me the app features,Help_Home,reference_train
how does cros send sound to my good ear,Help_WiCROS,reference_train
can i try the app without my hearing aids,Help_DemoMode,reference_train
how do i change the name of the accessory?,Help_Accessories,reference_train
please heart rate help,Help_HeartRate,reference_train
switch program to three,Cmd.MemoryChange,reference_train
please set program to golf,Cmd.MemoryChange,reference_train
what is wrong with my hearing aid near me?,Help_SelfCheck,reference_train
please i said other program,Default Fallback Intent,reference_train
can you change to outdoors memory,Cmd.MemoryChange,reference_train
can you turn my hearing aid volume off,Cmd.VolumeMute,reference_train
telephone memory,Cmd.MemoryChange,reference_train
what is edge mode,Help_EdgeMode,reference_train
can you switch to program number two,Cmd.MemoryChange,reference_train
remind me to vitamin d at 7 p.m. every day,reminders.add,reference_train
help with noise stimulus adjustment on my hearing aids,Help_Tinnitus,reference_train
please help with changing programs using my app,Help_ChangingMemories,reference_train
what is my battery level,Cmd.BatteryLevel,reference_train
can you switch memory to restaurant,Cmd.MemoryChange,reference_train
how many calories have i burned while biking,Cmd.ActivityCycle,reference_train
please stream from the microphone,Cmd.StreamingStart,reference_train
how does the ipro score work?,Help_ThriveScore,reference_train
please show me the quick guide,Help_WhatsNew,reference_train
can you set reminders,reminders.add,reference_train
talk to you later,Default Fallback Intent,reference_train
remind me about exams every friday at 7 p.m.,reminders.add,reference_train
you can always add,Default Fallback Intent,reference_train
i can't remember where my aids are,Help_FindMyHearingAids,reference_train
can you gym program,Cmd.MemoryChange,reference_train
please my walking time is?,Cmd.ActivityWalk,reference_train
please set an alarm for doctors appointment tomorrow morning,reminders.add,reference_train
where do i start a manual alert message?,Help_FallAlert,reference_train
please help with tinnitus noise adjustment in my hearing aid,Help_Tinnitus,reference_train
new reminder eat an apple everyday at 9 a.m.,reminders.add,reference_train
mask program,Cmd.MemoryChange,reference_train
riley's a manager connected scott.,Default Fallback Intent,reference_train
where are the app preferences,Help_AppSettings,reference_train
end the music stream,Cmd.StreamingStop,reference_train
how do i get new settings from my audiologist,Help_HearingCareAnywhereConnect,reference_train
can you switch to theater,Cmd.MemoryChange,reference_train
how do i save setting on edge mode?,Help_EdgeMode,reference_train
remind me to turn off my phone everyday at 11 p.m.,reminders.add,reference_train
how do i assign a location to a memory?,Help_MemoryOptions,reference_train
there's really no,Default Fallback Intent,reference_train
guide me through app settings,Help_AppSettings,reference_train
fully mute the aids,Cmd.VolumeMute,reference_train
please help with pairing hearing aids with the phone,Help_Pairing,reference_train
when should i use intellivoice?,Help_IntelliVoice,reference_train
does thrive have reminders,Help_Reminder,reference_train
can you switch memory to tinnitus,Cmd.MemoryChange,reference_train
what's new in my app?,Help_WhatsNew,reference_train
telephone program,Cmd.MemoryChange,reference_train
please switch to program two,Cmd.MemoryChange,reference_train
can you on a good day,Default Fallback Intent,reference_train
explain adjusting volume per ear,Help_Volume,reference_train
can the hearing care specialist adjust the hearing aids remotely?,Help_RemoteProgramming,reference_train
can you change to theater,Cmd.MemoryChange,reference_train
set a reminder for,reminders.add,reference_train
how do i find lost hearing aids,Help_FindMyHearingAids,reference_train
can you change to outdoors program,Cmd.MemoryChange,reference_train
please set memory to mask,Cmd.MemoryChange,reference_train
please less volume please,Cmd.VolumeDecrease,reference_train
how do i change to a different program on the aids?,Help_ChangingMemories,reference_train
disable my hearing aids,Cmd.VolumeMute,reference_train
how to setup geotagging,Help_MemoryOptions,reference_train
worship program,Cmd.MemoryChange,reference_train
can you turn down the loudness on my hearing aid,Cmd.VolumeDecrease,reference_train
how do i pair my hearing aids to my car's bluetooth?,Help_Pairing,reference_train
how long have i stood this week?,Cmd.ActivityStand,reference_train
please please play my message.,Cmd.ListenMessage,reference_train
how do i rename accessories in the app?,Help_Accessories,reference_train
just like siri,Default Fallback Intent,reference_train
can the professional adjust my hearing aid remotely?,Help_RemoteProgramming,reference_train
how do i stop streaming from the accessory?,Help_Accessories,reference_train
connect left hearing aid,Help_Pairing,reference_train
find my right aid,Help_FindMyHearingAids,reference_train
schedule a reminder,reminders.add,reference_train
when would i intercept a manual alert text message?,Help_FallAlert,reference_train
can you volume increase,Cmd.VolumeIncrease,reference_train
i've completed that reminder,reminders.complete,reference_train
i'm going jogging now,Cmd.ActivityRun,reference_train
hey jeannie tv sanders. this is iris. it's all about.,Default Fallback Intent,reference_train
what's new in my thrive app?,Help_WhatsNew,reference_train
can you show me my standing history,Cmd.ActivityStand,reference_train
can you set setting to number two,Cmd.MemoryChange,reference_train
switch program to number four,Cmd.MemoryChange,reference_train
please change to gym memory,Cmd.MemoryChange,reference_train
how long have i walked.,Cmd.ActivityWalk,reference_train
how do i turn on auto alert?,Help_FallAlert,reference_train
can you theater setting,Cmd.MemoryChange,reference_train
how long have i been exercising?,Cmd.ActivityExercise,reference_train
can you i need help pairing,Help_Pairing,reference_train
please remind me to pick up my prescription at 5 p.m. on saturday,reminders.add,reference_train
can you create a new reminder,reminders.add,reference_train
can you mute my hearing aids,Cmd.VolumeMute,reference_train
how do i switch profiles,Help_ChangingMemories,reference_train
please on a good day,Default Fallback Intent,reference_train
can you switch memory to meeting,Cmd.MemoryChange,reference_train
how to wash my hearing aids,Help_CleanCare,reference_train
how do i check my wellness score,Help_ThriveScore,reference_train
lost phone,Cmd.FindMyPhone,reference_train
please change to school memory,Cmd.MemoryChange,reference_train
please checking that you're on,Default Fallback Intent,reference_train
my aids keep glitching,Help_DeviceSettings,reference_train
please help with noise stimulus adjustment in my aids,Help_Tinnitus,reference_train
make the hearing aids louder,Cmd.VolumeIncrease,reference_train
please change to theater memory,Cmd.MemoryChange,reference_train
complete my latest reminder,reminders.complete,reference_train
help me remember an appointment,reminders.add,reference_train
can you step calories,Cmd.ActivityStep,reference_train
memory number one,Cmd.MemoryChange,reference_train
how do i backup the settings in my right aid?,Help_HearingCareAnywhereConnect,reference_train
can you lay down here,Default Fallback Intent,reference_train
please change to noise program,Cmd.MemoryChange,reference_train
can you memory four,Cmd.MemoryChange,reference_train
please take a look at a distance,Default Fallback Intent,reference_train
where is the hearing aid model ?,Help_DeviceSettings,reference_train
where is remote programming,Help_RemoteProgramming,reference_train
please where's voice ai?,Help_IntelliVoice,reference_train
what can i do with program presets,Help_MemoryOptions,reference_train
how do i share my information with my wife?,Help_HearShare,reference_train
can you take me to quick start,Help_WhatsNew,reference_train
he's on stomach,Default Fallback Intent,reference_train
reduce the intensity,Cmd.VolumeDecrease,reference_train
please remind me to pick up my prescription tuesday at 5 p.m.,reminders.add,reference_train
help with pairing hearing aids on the thrive app,Help_Pairing,reference_train
just didn't you didn't hit the ground but will check it,Default Fallback Intent,reference_train
what is thrive translate,Help_Translate,reference_train
please so that your hearing,Default Fallback Intent,reference_train
can i go to a different hearing aid memory?,Help_ChangingMemories,reference_train
can you numbers,Default Fallback Intent,reference_train
please play last push-to-talk.,Cmd.ListenMessage,reference_train
please i want more volume,Cmd.VolumeIncrease,reference_train
is the hearing aid connected to my app?,Help_Pairing,reference_train
please heart rate user guide,Help_HeartRate,reference_train
my aid keeps falling out how do i fit it,Help_InsertDevice,reference_train
can you particular product you wanted to check specifically,Default Fallback Intent,reference_train
change memory to work,Cmd.MemoryChange,reference_train
drop the level down,Cmd.VolumeDecrease,reference_train
please you need some help,Default Fallback Intent,reference_train
how do i say take me to the hotel in spanish,Cmd.TranslationStart,reference_train
can you syracuse a bad home,Default Fallback Intent,reference_train
show me how this works,Help_Home,reference_train
i have to ask people to repeat themselves,Cmd.VolumeIncrease,reference_train
can you change program to mask,Cmd.MemoryChange,reference_train
can you please remind me,reminders.add,reference_train
please remind me to go to bed in 5 minutes,reminders.add,reference_train
how much charge do i have left,Cmd.BatteryLevel,reference_train
start the live translation,Cmd.TranslationStart,reference_train
is it time to charge my hearing aids,Cmd.BatteryLevel,reference_train
give me my step tally,Cmd.ActivityStep,reference_train
my aids sound distorted help,Help_DeviceSettings,reference_train
please switch setting to number one,Cmd.MemoryChange,reference_train
how do i contact my professional about an issue?,Help_RemoteProgramming,reference_train
cooking pork ribs on the bbq,Default Fallback Intent,reference_train
how often should somebody exercise every week,Default Fallback Intent,reference_train
how do i change the volume of the tv streamer?,Help_Accessories,reference_train
can you change program to one,Cmd.MemoryChange,reference_train
can you change to automatic memory,Cmd.MemoryChange,reference_train
turn volume up,Cmd.VolumeIncrease,reference_train
set setting to number three,Cmd.MemoryChange,reference_train
how do i change memories on the aid?,Help_ChangingMemories,reference_train
where do i find my engagement goals,Help_Health,reference_train
can you shake it off,Default Fallback Intent,reference_train
make a u-turn,Default Fallback Intent,reference_train
how do i look after my hearing aids,Help_CleanCare,reference_train
how can i see what my hearing aids can do,Help_DemoMode,reference_train
please remind about running everyday at 6 a.m.,reminders.add,reference_train
please turn down the volume,Cmd.VolumeDecrease,reference_train
take a break and come back,Default Fallback Intent,reference_train
when should i start a manual alert text?,Help_FallAlert,reference_train
can you have i reached my jogging goal?,Cmd.ActivityRun,reference_train
switch memory to gym,Cmd.MemoryChange,reference_train
this sounds too loud,Cmd.VolumeDecrease,reference_train
how long have i been cycling.,Cmd.ActivityCycle,reference_train
how's my cycling progress,Cmd.ActivityCycle,reference_train
can you trust you need to check out news max tv the fastest growing news channel in america?,Default Fallback Intent,reference_train
please help with tinnitus volume adjustment in my aid,Help_Tinnitus,reference_train
please ek divas jam to send the money,Default Fallback Intent,reference_train
please change program to train,Cmd.MemoryChange,reference_train
how will i know when my audiologist adjusted the aids?,Help_RemoteProgramming,reference_train
please my left aid is missing,Help_FindMyHearingAids,reference_train
change to work program,Cmd.MemoryChange,reference_train
please return to initial settings,Default Fallback Intent,reference_train
your permit on my cellphone,Default Fallback Intent,reference_train
can you maximum volume,Cmd.VolumeIncrease,reference_train
please i can't find my hearing aid,Help_FindMyHearingAids,reference_train
please burned calories today,Cmd.ActivityCalories,reference_train
what can my hearing aid do when i fall?,Help_FallAlert,reference_train
is my language offered for translation,Help_Translate,reference_train
how do i change my walking goals from daily to weekly?,Help_Health,reference_train
connect me to tv audio,Cmd.StreamingStart,reference_train
can you help me with thive assistant,Help_VoiceAssistant,reference_train
transcribe this meeting,Cmd.TranscribeStart,reference_train
please help with the home screen,Help_Home,reference_train
can you that keeps popping up please listen listen listen,Default Fallback Intent,reference_train
can you switch memory to number four,Cmd.MemoryChange,reference_train
how do i change tinnitus levels,Help_Tinnitus,reference_train
connect to my hearing care provider,Help_HearingCareAnywhereConnect,reference_train
volume on,Cmd.VolumeUnmute,reference_train
go back to my standard setting,Cmd.MemoryChange,reference_train
can you turn on light.,Default Fallback Intent,reference_train
please phone phone phone phone phone,Default Fallback Intent,reference_train
"please i'm just like oh, so that's the point that down.",Default Fallback Intent,reference_train
"i'm just like oh, so that's the point that down.",Default Fallback Intent,reference_train
make me a reminder,reminders.add,reference_train
please i misplaced my aid,Help_FindMyHearingAids,reference_train
set memory to train,Cmd.MemoryChange,reference_train
how do i mute the volume?,Help_Volume,reference_train
checking that you're on,Default Fallback Intent,reference_train
remind me about dinner at 15 p.m.,reminders.add,reference_train
please turn my hearing aids up,Cmd.VolumeIncrease,reference_train
stream my hearing to someone else,Help_HearShare,reference_train
dutch translation,Cmd.TranslationStart,reference_train
please please more volume,Cmd.VolumeIncrease,reference_train
what kind of fun things is there to do in minnesota,Default Fallback Intent,reference_train
please remind me to charge my phone everyday at 11:00 p.m.,reminders.add,reference_train
please switch memory to theater,Cmd.MemoryChange,reference_train
change to home program,Cmd.MemoryChange,reference_train
help setting up hearshare,Help_HearShare,reference_train
how do i view a transcript,Help_Transcribe,reference_train
how long have i been standing,Cmd.ActivityStand,reference_train
please set to music program,Cmd.MemoryChange,reference_train
where is the bi-cros control?,Help_WiCROS,reference_train
how to set up hearshare?,Help_HearShare,reference_train
can you change to tinnitus memory,Cmd.MemoryChange,reference_train
please change to program number one,Cmd.MemoryChange,reference_train
i want to hear my message.,Cmd.ListenMessage,reference_train
can you turn off tv,Default Fallback Intent,reference_train
disconnect me from the stream,Cmd.StreamingStop,reference_train
change memory to three,Cmd.MemoryChange,reference_train
can i activate the default settings on the hearing aids,Help_DeviceSettings,reference_train
when would i hear alert sent?,Help_FallAlert,reference_train
can you switch memory to school,Cmd.MemoryChange,reference_train
reset,Default Fallback Intent,reference_train
why can't i submit another help request?,Help_RemoteProgramming,reference_train
how do i adjust the tone of my aids,Help_Customize,reference_train
please tell me what my step goal is,Cmd.ActivityStep,reference_train
set program to home,Cmd.MemoryChange,reference_train
please tell me about amharic language,Default Fallback Intent,reference_train
please change setting to number three,Cmd.MemoryChange,reference_train
set memory to automatic,Cmd.MemoryChange,reference_train
help me please,Default Fallback Intent,reference_train
what can i ask?,Default Fallback Intent,reference_train
i need some guidance,Help_Home,reference_train
can you will mask mode help me,Help_MaskMode,reference_train
how long have i been riding?,Cmd.ActivityCycle,reference_train
i want a reminder,reminders.add,reference_train
add reminder feed a cat in 3 minutes,reminders.add,reference_train
please i said i'll shut up,Default Fallback Intent,reference_train
can you turn down my hearing aids,Cmd.VolumeDecrease,reference_train
record this meeting,Cmd.TranscribeStart,reference_train
is there plenty of battery,Cmd.BatteryLevel,reference_train
start streaming tv to my hearing aids,Cmd.StreamingStart,reference_train
how do i improve my ipro score?,Help_ThriveScore,reference_train
can you change setting to number four,Cmd.MemoryChange,reference_train
can you change to personal,Cmd.MemoryChange,reference_train
please set to pub program,Cmd.MemoryChange,reference_train
can you help with changing programs on my aids,Help_ChangingMemories,reference_train
can you help with loudness changes on my hearing aids,Help_Volume,reference_train
how will i know when my hearing care specialist adjusted my aid?,Help_RemoteProgramming,reference_train
can you make it stretchy like that,Default Fallback Intent,reference_train
show me help for transcribe,Help_Transcribe,reference_train
do i need a charger soon?,Cmd.BatteryLevel,reference_train
can you speech to text help,Help_Transcribe,reference_train
music setting,Cmd.MemoryChange,reference_train
unmute my aids,Cmd.VolumeUnmute,reference_train
bluetooth,Help_Pairing,reference_train
program four,Cmd.MemoryChange,reference_train
can you remind me to vitamin d at 7 p.m. everyday,reminders.add,reference_train
my hearing aid sounds fuzzy,Help_DeviceSettings,reference_train
show me the user guide for transcribe,Help_Transcribe,reference_train
please i remember all that took,Default Fallback Intent,reference_train
volume settings help,Help_Volume,reference_train
please to take lipitor,Default Fallback Intent,reference_train
how do i adjust my loudness of the tinnitus noise in my hearing aids?,Help_Tinnitus,reference_train
can you did they accept my hearshare invitation?,Help_HearShare,reference_train
lower the level of my hearing aids,Cmd.VolumeDecrease,reference_train
do i need to recharge them?,Cmd.BatteryLevel,reference_train
how do i change the volume of my remote mic?,Help_Accessories,reference_train
play shins kennedy.,Default Fallback Intent,reference_train
can you i can't remember where my left aid is,Help_FindMyHearingAids,reference_train
switch program to master,Cmd.MemoryChange,reference_train
how do i get a better body score?,Help_ThriveScore,reference_train
can you set program to everyday,Cmd.MemoryChange,reference_train
what about the impact of mining the materials for those batteries,Default Fallback Intent,reference_train
can you make volume on,Cmd.VolumeUnmute,reference_train
please change to television,Cmd.MemoryChange,reference_train
how do i enable the sensitivity of the double tap?,Help_DeviceSettings,reference_train
how do i put this hearing aid in?,Help_InsertDevice,reference_train
turn off my left aid,Cmd.VolumeMute,reference_train
help with changing memories on my hearing aids,Help_ChangingMemories,reference_train
how do i reconnect my left aid,Help_Pairing,reference_train
i need the setting for dining out,Cmd.MemoryChange,reference_train
where is my hearing aid?,Help_FindMyHearingAids,reference_train
can you set a reminder to drink water today,reminders.add,reference_train
please search for my phone,Cmd.FindMyPhone,reference_train
how do i delete the remote mic?,Help_Accessories,reference_train
please pair left aid,Help_Pairing,reference_train
what's the overview,Help_Home,reference_train
the sound quality is poor lately,Help_DeviceSettings,reference_train
please switch to master program,Cmd.MemoryChange,reference_train
begin my workout,Cmd.ActivityExercise,reference_train
turn down the gain,Cmd.VolumeDecrease,reference_train
how do i accept the adjustments made by the audiologist?,Help_RemoteProgramming,reference_train
remind me to call mom on christmas,reminders.add,reference_train
help with the language translation feature,Help_Translate,reference_train
power level check,Cmd.BatteryLevel,reference_train
get me off mute,Cmd.VolumeUnmute,reference_train
lower hearing down,Cmd.VolumeDecrease,reference_train
what does the self check do,Help_SelfCheck,reference_train
how do i decrease the volume in the aids?,Help_Volume,reference_train
can you remind me to,reminders.add,reference_train
when is mask mode useful,Help_MaskMode,reference_train
load my driving profile,Cmd.MemoryChange,reference_train
how many minutes have i been biking?,Cmd.ActivityCycle,reference_train
can you set a reminder to pick up prescription today at 5 p.m.,reminders.add,reference_train
how do i change to a different program on the aid?,Help_ChangingMemories,reference_train
thunder message,Default Fallback Intent,reference_train
find telephone,Cmd.FindMyPhone,reference_train
show me the help for transcribe,Help_Transcribe,reference_train
why is my battery life getting shorter,Help_Battery,reference_train
please help with tv streamer,Help_Accessories,reference_train
can you show me an overview of this thrive app,Help_WhatsNew,reference_train
please in a way this cause i just kind of taking away the,Default Fallback Intent,reference_train
can you raise up the volume,Cmd.VolumeIncrease,reference_train
help keeping my hearing aids clean,Help_CleanCare,reference_train
demo mode help please,Help_DemoMode,reference_train
everyday setting,Cmd.MemoryChange,reference_train
the volume is too low,Cmd.VolumeIncrease,reference_train
please i can't find my left hearing aid,Help_FindMyHearingAids,reference_train
remember when they are unloading the truck you get exasperated,Default Fallback Intent,reference_train
please self check failed.,Help_SelfCheck,reference_train
please set to tight,Default Fallback Intent,reference_train
change to kitchen memory,Cmd.MemoryChange,reference_train
turn down the level,Cmd.VolumeDecrease,reference_train
exclusive 30 to 1 odds,Default Fallback Intent,reference_train
please change to theater,Cmd.MemoryChange,reference_train
turn on streaming to my ears,Cmd.StreamingStart,reference_train
change to the comfortable indoor mode,Cmd.MemoryChange,reference_train
please look up your nose real quick to,Default Fallback Intent,reference_train
ping someone,Cmd.SendMessage,reference_train
can you but i want to see,Default Fallback Intent,reference_train
change to music memory,Cmd.MemoryChange,reference_train
please switch program to number four,Cmd.MemoryChange,reference_train
start translating in french,Cmd.TranslationStart,reference_train
thanks for changing,Default Fallback Intent,reference_train
my device won't sit properly,Help_InsertDevice,reference_train
i'm done with the stream,Cmd.StreamingStop,reference_train
can you worship memory,Cmd.MemoryChange,reference_train
don't let me forget this,reminders.add,reference_train
hearing aids every time the stupid phone goes,Default Fallback Intent,reference_train
"please alpha bail, again. swelling down in rio.",Default Fallback Intent,reference_train
what memory and i currently in?,Help_ChangingMemories,reference_train
set to speech memory,Cmd.MemoryChange,reference_train
pretty sure that's mine but i can't put it on now,Default Fallback Intent,reference_train
send the television audio to my aids,Cmd.StreamingStart,reference_train
can you retrieve phone,Cmd.FindMyPhone,reference_train
can you turn my left hearing aid down,Cmd.VolumeDecrease,reference_train
remind me to watch,reminders.add,reference_train
dial down the volume,Cmd.VolumeDecrease,reference_train
how do i store spare batteries,Help_Battery,reference_train
shut the sound off,Cmd.VolumeMute,reference_train
please change to mask mode memory,Cmd.MemoryChange,reference_train
how do i learn about changing programs,Help_ChangingMemories,reference_train
how do i get more information on the activity score?,Help_ThriveScore,reference_train
how many calories did i burn standing,Cmd.ActivityStand,reference_train
where would i intercept a fall alert message?,Help_FallAlert,reference_train
i cannot find my hearing aids,Help_FindMyHearingAids,reference_train
can you create a daily reminder to take medication at 5 p.m.,reminders.add,reference_train
how do i adjust my tinnitus masker in my aids?,Help_Tinnitus,reference_train
change to auditorium memory,Cmd.MemoryChange,reference_train
can you quiet program,Cmd.MemoryChange,reference_train
can you program three,Cmd.MemoryChange,reference_train
turn the sound down,Cmd.VolumeDecrease,reference_train
can you record this meeting,Cmd.TranscribeStart,reference_train
what should i learn first,Help_Home,reference_train
can you pelase send a message,Cmd.SendMessage,reference_train
do i need to charge soon,Cmd.BatteryLevel,reference_train
can you volume up,Cmd.VolumeIncrease,reference_train
go down in volume,Cmd.VolumeDecrease,reference_train
turn the volume on,Cmd.VolumeUnmute,reference_train
can you don't make any noise for a minute,Default Fallback Intent,reference_train
have i stood an hour,Cmd.ActivityStand,reference_train
can you help for tele hear,Help_HearingCareAnywhereConnect,reference_train
can i use water to clean my hearing aid?,Help_CleanCare,reference_train
how do i set up cros,Help_WiCROS,reference_train
complete reminder,reminders.complete,reference_train
please i don't remember i don't remember this being such a big fish,Default Fallback Intent,reference_train
gym memory,Cmd.MemoryChange,reference_train
how do reminder notifications work,Help_Reminder,reference_train
new reminder for everyday,reminders.add,reference_train
please create a new reminder,reminders.add,reference_train
please change to music memory,Cmd.MemoryChange,reference_train
i'm off for a walk,Cmd.ActivityWalk,reference_train
can you thanks for changing,Default Fallback Intent,reference_train
can you help with pairing hearing aids on the phone,Help_Pairing,reference_train
can you change to school,Cmd.MemoryChange,reference_train
undo the mute,Cmd.VolumeUnmute,reference_train
can they make it until tomorrow,Cmd.BatteryLevel,reference_train
the double tap feature is too sensitive. can i adjust the sensitivity?,Help_DeviceSettings,reference_train
switch to school memory,Cmd.MemoryChange,reference_train
and here's my heart it's closer to you,Default Fallback Intent,reference_train
please change to mute,Cmd.MemoryChange,reference_train
unmute sound on hearing aids,Cmd.VolumeUnmute,reference_train
can you by the time khan academy silence,Default Fallback Intent,reference_train
change to speech memory,Cmd.MemoryChange,reference_train
turn up my hearing aids,Cmd.VolumeIncrease,reference_train
can you find my android,Cmd.FindMyPhone,reference_train
can my aids track my heart rate,Help_HeartRate,reference_train
where is my activity overview,Help_Health,reference_train
phone phone phone phone phone,Default Fallback Intent,reference_train
what does the heart rate recovery number mean?,Help_HeartRateRecovery,reference_train
can you change to test one,Cmd.MemoryChange,reference_train
guide me on program options,Help_MemoryOptions,reference_train
can you remind me to call dad,reminders.add,reference_train
please change to speech program,Cmd.MemoryChange,reference_train
how do i move between settings,Help_ChangingMemories,reference_train
can you set memory to master,Cmd.MemoryChange,reference_train
help with tinnitus stimulus adjustment on my hearing aids,Help_Tinnitus,reference_train
please i need help pairing to my phone,Help_Pairing,reference_train
how do i customize my hearing aid settings?,Help_Customize,reference_train
please remind me tomorrow,reminders.add,reference_train
how do i adjust my hearing aid volume,Help_Volume,reference_train
please set program to outdoors,Cmd.MemoryChange,reference_train
take me on a tour,Help_Home,reference_train
end the tv audio stream,Cmd.StreamingStop,reference_train
please find the product name hearing aids starkly,Help_DeviceSettings,reference_train
have i run for an hour?,Cmd.ActivityRun,reference_train
i'm new help me get started,Help_Home,reference_train
can you set to master memory,Cmd.MemoryChange,reference_train
can you hey google turn on the master lamps,Default Fallback Intent,reference_train
thrive siri,Help_VoiceAssistant,reference_train
how do i change programs on the aid?,Help_ChangingMemories,reference_train
switch to tinnitus memory,Cmd.MemoryChange,reference_train
can you remind me to go running every wednesday at 7 a.m.,reminders.add,reference_train
show me how to put my hearing aid on,Help_InsertDevice,reference_train
help with intelligent voice,Help_IntelliVoice,reference_train
how many biking calories,Cmd.ActivityCycle,reference_train
mute,Cmd.VolumeMute,reference_train
my bpm please,Help_HeartRate,reference_train
explain the voice assistant feature,Help_VoiceAssistant,reference_train
end the tv connection,Cmd.StreamingStop,reference_train
record my steps on this walk,Cmd.ActivityWalk,reference_train
how to change the battery in my hearing aid?,Help_Battery,reference_train
please i misplaced my right aid,Help_FindMyHearingAids,reference_train
recover my hearing aid settings,Help_HearingCareAnywhereConnect,reference_train
how do i play notifications through my aid?,Help_DeviceSettings,reference_train
speak my latest texts to me,Cmd.ListenMessage,reference_train
how do i activate default setting on the hearing aids,Help_DeviceSettings,reference_train
increase the loudness in my aids,Cmd.VolumeIncrease,reference_train
how do i change the hearing aid memory?,Help_ChangingMemories,reference_train
where is the equalizer,Help_Customize,reference_train
right swift code of binary search,Default Fallback Intent,reference_train
you can't keep it in okay remind me of your nice,Default Fallback Intent,reference_train
when is edge mode helpful,Help_EdgeMode,reference_train
please finish my reminder.,reminders.complete,reference_train
why does my aid keep coming out,Help_InsertDevice,reference_train
pick a better mode for this place,Cmd.MemoryChange,reference_train
how do i get to the home screen?,Help_Home,reference_train
please show me my biking goal,Cmd.ActivityCycle,reference_train
siri,Default Fallback Intent,reference_train
where is my other aid?,Help_FindMyHearingAids,reference_train
please change memory to master,Cmd.MemoryChange,reference_train
use my driving setting,Cmd.MemoryChange,reference_train
please the left hearing aid,Default Fallback Intent,reference_train
switch memory to home,Cmd.MemoryChange,reference_train
can you home program,Cmd.MemoryChange,reference_train
how to share my hearing aid info?,Help_HearShare,reference_train
please play my audio message.,Cmd.ListenMessage,reference_train
memory settings,Help_MemoryOptions,reference_train
what is heart rate,Help_HeartRate,reference_train
what is on the home screen?,Help_Home,reference_train
so this is your hearing aids,Default Fallback Intent,reference_train
can you help with tinnitus stimulus adjustment on my hearing aids,Help_Tinnitus,reference_train
show me the basics,Help_Home,reference_train
buzz me when it's time,reminders.add,reference_train
please change memory to noise,Cmd.MemoryChange,reference_train
where did i place my hearing aids?,Help_FindMyHearingAids,reference_train
what is left on my battery,Cmd.BatteryLevel,reference_train
please remind me about the parent/teacher meeting on friday,reminders.add,reference_train
please set memory to noise,Cmd.MemoryChange,reference_train
please suggest that if you've been vaccinated,Default Fallback Intent,reference_train
i don't know how to use this app,Help_Home,reference_train
calories burned so far,Cmd.ActivityCalories,reference_train
please where's my google phone,Cmd.FindMyPhone,reference_train
sound an alert on my phone,Cmd.FindMyPhone,reference_train
how do i connect my aids to my phone?,Help_Pairing,reference_train
everything sounds too loud,Cmd.VolumeDecrease,reference_train
can you sausages after using my location,Default Fallback Intent,reference_train
quiet it please,Cmd.VolumeDecrease,reference_train
can you have i run for an hour?,Cmd.ActivityRun,reference_train
can you more volume please,Cmd.VolumeIncrease,reference_train
how do i tag a location to a memory?,Help_MemoryOptions,reference_train
can you car battery,Default Fallback Intent,reference_train
how do i start a remote care request,Help_HearingCareAnywhereConnect,reference_train
can you app version,Help_AppSettings,reference_train
how do i change my activity goals,Help_Health,reference_train
where do my steps and workouts show together,Help_Health,reference_train
turn off the streaming,Cmd.StreamingStop,reference_train
can you switch to music program,Cmd.MemoryChange,reference_train
set memory to car,Cmd.MemoryChange,reference_train
set memory to quiet,Cmd.MemoryChange,reference_train
basically,Default Fallback Intent,reference_train
set memory to golf,Cmd.MemoryChange,reference_train
can i use the equalizer to customize my memory,Help_Customize,reference_train
can i contact my hearing care specialist for adjustments?,Help_RemoteProgramming,reference_train
please help with loudness changes on my aid,Help_Volume,reference_train
can you show me a summary of new app,Help_WhatsNew,reference_train
please bustling hearing aid,Default Fallback Intent,reference_train
how do i adjust my tinnitus masker on my left aid?,Help_Tinnitus,reference_train
where did i put my hearing aid?,Help_FindMyHearingAids,reference_train
track my heart rate,Help_HeartRate,reference_train
can you change memory to gym,Cmd.MemoryChange,reference_train
how everything's working for us,Default Fallback Intent,reference_train
please help with changing memories using the app,Help_ChangingMemories,reference_train
change to pub,Cmd.MemoryChange,reference_train
how can i acess the smart assistant settings?,Help_AppSettings,reference_train
change to speech program,Cmd.MemoryChange,reference_train
can you score of the twins game,Default Fallback Intent,reference_train
what is my step count,Cmd.ActivityStep,reference_train
can you help me find my aids,Help_FindMyHearingAids,reference_train
how will i know when my hearing care specialist adjusted the hearing aid?,Help_RemoteProgramming,reference_train
the audio keeps cutting out what do i do,Help_DeviceSettings,reference_train
please change to restaurant,Cmd.MemoryChange,reference_train
can you mute on,Cmd.VolumeMute,reference_train
volume up right aid,Cmd.VolumeIncrease,reference_train
please switch memory to mask,Cmd.MemoryChange,reference_train
how do i make the aids quieter?,Help_Volume,reference_train
locate android phone,Cmd.FindMyPhone,reference_train
can you remind me to pick up my prescription at 5 p.m. on tuesday,reminders.add,reference_train
i'm now seated in a loud coffee shop,Cmd.MemoryChange,reference_train
change program to tinnitus,Cmd.MemoryChange,reference_train
trying to get my hearing age to work,Help_SelfCheck,reference_train
please i can't find my other hearing aid,Help_FindMyHearingAids,reference_train
hearing aids translate help,Help_Translate,reference_train
how many steps have i taken this week,Cmd.ActivityStep,reference_train
please remind about party at 12 p.m. on friday,reminders.add,reference_train
i can't hear you my left hearing aid does not show up on my,Default Fallback Intent,reference_train
remind me in a while,reminders.add,reference_train
remind me to work out,reminders.add,reference_train
remind me at 12 o'clock,reminders.add,reference_train
explain how memory switching works,Help_ChangingMemories,reference_train
please i'd like to know the average airspeed of an unburdened swallow,Default Fallback Intent,reference_train
please ashes to ashes all fall down,Default Fallback Intent,reference_train
i can't find my android phone,Cmd.FindMyPhone,reference_train
remind me to have a dinner every sunday at 8 a.m.,reminders.add,reference_train
switch to the program made for crowds,Cmd.MemoryChange,reference_train
less volume please,Cmd.VolumeDecrease,reference_train
how to intellivoice,Help_IntelliVoice,reference_train
please show me my step goal,Cmd.ActivityStep,reference_train
heart rate recovery user guide,Help_HeartRateRecovery,reference_train
bye,Default Fallback Intent,reference_train
what is hearing care anywhere,Help_HearingCareAnywhereConnect,reference_train
how do i get more information on the kind score?,Help_ThriveScore,reference_train
please switch memory to office,Cmd.MemoryChange,reference_train
please change memory to outdoors,Cmd.MemoryChange,reference_train
set reminder buy milk on november 11 at 5 p.m.,reminders.add,reference_train
schedule appointment,reminders.add,reference_train
please switch to tinnitus,Cmd.MemoryChange,reference_train
when could i send a manual alert text message?,Help_FallAlert,reference_train
remind me to,reminders.add,reference_train
how do i create my own memory for my hearing aids?,Help_MemoryOptions,reference_train
how do i use the transcribe feature?,Help_Transcribe,reference_train
remind me at 11 o'clock in the morning,reminders.add,reference_train
how to add another person on hearshare?,Help_HearShare,reference_train
can you decrease the loudness in my aids,Cmd.VolumeDecrease,reference_train
can you switch program to mute,Cmd.MemoryChange,reference_train
what should i see when i'm there,Default Fallback Intent,reference_train
help with pairing my aids,Help_Pairing,reference_train
help face mask issues,Help_MaskMode,reference_train
what mode handles a windy environment,Help_EdgeMode,reference_train
what percentage of my step goal have i taken today,Cmd.ActivityStep,reference_train
what time is the sunset,Default Fallback Intent,reference_train
please set a reminder for 5 minutes,reminders.add,reference_train
the wind is ruining my hearing outside,Help_EdgeMode,reference_train
please switch memory to work,Cmd.MemoryChange,reference_train
get down south,Default Fallback Intent,reference_train
pick a memory,Cmd.MemoryChange,reference_train
troubleshoot my hearing aid sound,Help_DeviceSettings,reference_train
my aid keeps popping out,Help_InsertDevice,reference_train
please put hearing aids in auditorium setting,Cmd.MemoryChange,reference_train
work program,Cmd.MemoryChange,reference_train
please i need a reminder tomorrow,reminders.add,reference_train
can you find android phone,Cmd.FindMyPhone,reference_train
i'm in a big echoey room now,Cmd.MemoryChange,reference_train
what time does falls park open,Default Fallback Intent,reference_train
please set setting to one,Cmd.MemoryChange,reference_train
reminder me to take medicine in 2 minutes,reminders.add,reference_train
switch memory to two,Cmd.MemoryChange,reference_train
can you i wish i could wake up,Default Fallback Intent,reference_train
start the captions,Cmd.TranscribeStart,reference_train
can you set setting to one,Cmd.MemoryChange,reference_train
can you my right hearing aid is at 0%,Default Fallback Intent,reference_train
show my stand count,Cmd.ActivityStand,reference_train
have i reached my exercise goal,Cmd.ActivityExercise,reference_train
what's the way to change my program,Help_ChangingMemories,reference_train
is my aid connected to the phone?,Help_Pairing,reference_train
can you help me find my hearing aids,Help_FindMyHearingAids,reference_train
can you it was a specialist contact 800-3334.,Default Fallback Intent,reference_train
score of the twins game,Default Fallback Intent,reference_train
how do i see my exercise activity?,Help_Health,reference_train
please nothing wrong with me,Default Fallback Intent,reference_train
wireless stream the audio,Cmd.StreamingStart,reference_train
can you switch to master memory,Cmd.MemoryChange,reference_train
time my stroll,Cmd.ActivityWalk,reference_train
reconnect my hearing aids to the app,Help_Pairing,reference_train
does translate save conversations,Help_Translate,reference_train
how do i improve my activity score?,Help_ThriveScore,reference_train
the device won't stay seated in my ear,Help_InsertDevice,reference_train
can you set a reminder to refill prescription tomorrow,reminders.add,reference_train
help with mask mode,Help_MaskMode,reference_train
please set program to four,Cmd.MemoryChange,reference_train
how do i set up the automatic car memory,Default Fallback Intent,reference_train
why can't i get 200 points with the ipro score?,Help_ThriveScore,reference_train
friday,Default Fallback Intent,reference_train
remember to take medication today at 5 p.m.,reminders.add,reference_train
can you set setting to four,Cmd.MemoryChange,reference_train
can you i lost my memory for restaurants and meetings,Help_MemoryOptions,reference_train
can you change to memory number two,Cmd.MemoryChange,reference_train
pub memory,Cmd.MemoryChange,reference_train
can you remind me to wake up at 6 a.m.,reminders.add,reference_train
where do i create a reminder,Help_Reminder,reference_train
how to install a garage door,Default Fallback Intent,reference_train
guide me through it,Help_Home,reference_train
please help me with voice assistant,Help_VoiceAssistant,reference_train
please more like this is,Default Fallback Intent,reference_train
can you mark my last reminder complete,reminders.complete,reference_train
stop recording,Cmd.TranscribeStart,reference_train
please i misplaced my left aid,Help_FindMyHearingAids,reference_train
can you remember to turn off my phone everyday at 11 p.m.,reminders.add,reference_train
what is my walking goal?,Cmd.ActivityWalk,reference_train
please remind me at noon,reminders.add,reference_train
how to create event,Help_Reminder,reference_train
please only if it's not a problem for cdl,Default Fallback Intent,reference_train
what's new in the app,Help_WhatsNew,reference_train
please stream from the remote mic,Cmd.StreamingStart,reference_train
can you change to automatic,Cmd.MemoryChange,reference_train
can you change to mask mode memory,Cmd.MemoryChange,reference_train
can you i'd like to know the average airspeed of an unburdened swallow,Default Fallback Intent,reference_train
help with changing programs on my phone,Help_ChangingMemories,reference_train
please change program to tinnitus,Cmd.MemoryChange,reference_train
nothing wrong with me,Default Fallback Intent,reference_train
how do i spell machine,Default Fallback Intent,reference_train
fuck off,Default Fallback Intent,reference_train
what is my battery strength,Cmd.BatteryLevel,reference_train
track my walk,Cmd.ActivityWalk,reference_train
how do volume adjustments work,Help_Volume,reference_train
see you later,Default Fallback Intent,reference_train
can you pairing my aids with my phone,Help_Pairing,reference_train
how do i change my volume,Help_Volume,reference_train
can you sweet car,Default Fallback Intent,reference_train
can you molesting hearing aids to cousin,Default Fallback Intent,reference_train
please so do i unable to caesar,Default Fallback Intent,reference_train
how do i improve my thrive score,Help_ThriveScore,reference_train
setting one,Cmd.MemoryChange,reference_train
how do i fix my,Default Fallback Intent,reference_train
alter metal plates myrtle beach storm,Default Fallback Intent,reference_train
when does edge mode turn off,Help_EdgeMode,reference_train
my hearing aid battery is low,Help_Battery,reference_train
please change program to number two,Cmd.MemoryChange,reference_train
sorry about this okay i got it,Default Fallback Intent,reference_train
please where's the current,Default Fallback Intent,reference_train
end the tv link to my aids,Cmd.StreamingStop,reference_train
can you setting number one,Cmd.MemoryChange,reference_train
how do i use my hearing aid with an accessory,Help_Accessories,reference_train
should i clean my hearing aids daily,Help_CleanCare,reference_train
how many minutes have i been doing aerobics?,Cmd.ActivityAerobics,reference_train
what does each button do,Help_Home,reference_train
start translation to german,Cmd.TranslationStart,reference_train
how do i turn up the loudness in just the right aid?,Help_Volume,reference_train
can you reminder to play with my cat everyday at 7 p.m.,reminders.add,reference_train
what's the tinnitus relief feature,Help_Tinnitus,reference_train
go up in volume,Cmd.VolumeIncrease,reference_train
turn on this is my life,Default Fallback Intent,reference_train
how do i change programs on my aid?,Help_ChangingMemories,reference_train
switch to personal,Cmd.MemoryChange,reference_train
switch to restaurant,Cmd.MemoryChange,reference_train
where do i find the translation function?,Help_Translate,reference_train
how do i adjust my noise masker in the left aid?,Help_Tinnitus,reference_train
can you she goes,Default Fallback Intent,reference_train
where's the speed bus,Default Fallback Intent,reference_train
can you remind me to take medicine tomorrow morning,reminders.add,reference_train
can the audiologist adjust my hearing aids remotely?,Help_RemoteProgramming,reference_train
can you change program to crowd,Cmd.MemoryChange,reference_train
set reminder for 2 p.m.,reminders.add,reference_train
does it work with a remote mic,Help_Accessories,reference_train
how do i delete accessories from my app?,Help_Accessories,reference_train
have i stood an hour?,Cmd.ActivityStand,reference_train
track my run,Cmd.ActivityRun,reference_train
can you stand goal,Cmd.ActivityStand,reference_train
can you find phone,Cmd.FindMyPhone,reference_train
can you remind me to pick up prescription today at 5 p.m.,reminders.add,reference_train
how much battery do i have?,Cmd.BatteryLevel,reference_train
please switch to office memory,Cmd.MemoryChange,reference_train
did my daughter accept my hearshare invitation?,Help_HearShare,reference_train
make my hearing aids louder,Cmd.VolumeIncrease,reference_train
please girls do that i want to go to italy,Default Fallback Intent,reference_train
can you pairing aids with my phone,Help_Pairing,reference_train
how do i pick a translation language,Help_Translate,reference_train
can you take me to reminder help,Help_Reminder,reference_train
my hearing aid is missing,Help_FindMyHearingAids,reference_train
crowd memory,Cmd.MemoryChange,reference_train
please help me remind me to call bae tomorrow at 9,reminders.add,reference_train
can you test hearing aids,Help_SelfCheck,reference_train
please set a reminder for thursday,reminders.add,reference_train
can you connect right hearing aid,Help_Pairing,reference_train
play it again.,Cmd.ListenMessage,reference_train
phone,Default Fallback Intent,reference_train
how will i know when my hearing care specialist adjusted my hearing aid?,Help_RemoteProgramming,reference_train
are my aids fully charged,Cmd.BatteryLevel,reference_train
help me understand what they're saying in another language,Cmd.TranslationStart,reference_train
step count please,Cmd.ActivityStep,reference_train
show me my standing history,Cmd.ActivityStand,reference_train
can you switch memory to one,Cmd.MemoryChange,reference_train
that works to change it,Default Fallback Intent,reference_train
please show me transcribe user guide,Help_Transcribe,reference_train
how many calories have i used doing aerobics?,Cmd.ActivityAerobics,reference_train
i lost my hearing aids. can you help me find them?,Help_FindMyHearingAids,reference_train
can you switch memory to personal,Cmd.MemoryChange,reference_train
how long did i work out,Cmd.ActivityExercise,reference_train
make sound on,Cmd.VolumeUnmute,reference_train
can you switch setting to two,Cmd.MemoryChange,reference_train
turn down the loudness on my aids,Cmd.VolumeDecrease,reference_train
set to automatic program,Cmd.MemoryChange,reference_train
set reminder for dinner with tom please,reminders.add,reference_train
where is the simba,Default Fallback Intent,reference_train
quick start,Help_WhatsNew,reference_train
can you telephone program,Cmd.MemoryChange,reference_train
can you volume down right aid,Cmd.VolumeDecrease,reference_train
take the edge off the volume,Cmd.VolumeDecrease,reference_train
where do my health metrics show,Help_Health,reference_train
did i reach my cycling goal,Cmd.ActivityCycle,reference_train
set a reminder please,reminders.add,reference_train
please change to golf program,Cmd.MemoryChange,reference_train
tell me what my step goal is?,Cmd.ActivityStep,reference_train
show me an overview of ipro,Help_WhatsNew,reference_train
send a quick message,Cmd.SendMessage,reference_train
can you discover telephone,Cmd.FindMyPhone,reference_train
please change setting to four,Cmd.MemoryChange,reference_train
it is a weekend. tell everybody how the pretty mutual customize your car insurance.,Default Fallback Intent,reference_train
how do i take out the left hearing aid?,Help_InsertDevice,reference_train
set to school program,Cmd.MemoryChange,reference_train
please take me to reminder help,Help_Reminder,reference_train
set up reminders,reminders.add,reference_train
how does intellivoice work,Help_IntelliVoice,reference_train
j-lo and a-rod,Default Fallback Intent,reference_train
too many things back there,Default Fallback Intent,reference_train
replay my message.,Cmd.ListenMessage,reference_train
switch program to speech,Cmd.MemoryChange,reference_train
make sound off,Cmd.VolumeMute,reference_train
how would i stop a fall alert?,Help_FallAlert,reference_train
please change to train,Cmd.MemoryChange,reference_train
please set program to personal,Cmd.MemoryChange,reference_train
silence,Cmd.VolumeMute,reference_train
how will i know when my audiologist adjusted the hearing aid?,Help_RemoteProgramming,reference_train
can you speech setting,Cmd.MemoryChange,reference_train
catch me up on new stuff,Help_WhatsNew,reference_train
set my hearing for a busy street,Cmd.MemoryChange,reference_train
silence my hearing aids,Cmd.VolumeMute,reference_train
how will i know when my hearing care specialist adjusted the aid?,Help_RemoteProgramming,reference_train
switch to car program,Cmd.MemoryChange,reference_train
please program number three,Cmd.MemoryChange,reference_train
can you help with changing programs on the phone,Help_ChangingMemories,reference_train
can you i don't remember i don't remember this being such a big fish,Default Fallback Intent,reference_train
would you send a message,Cmd.SendMessage,reference_train
can you so she had it up when i come home,Default Fallback Intent,reference_train
how do i reset the volume on the hearing aid?,Help_Volume,reference_train
can you concussion rehabilitation team works collaboratively in designing and implementing a treatment program,Default Fallback Intent,reference_train
how do i reduce the background noise,Help_Customize,reference_train
i need a nudge tomorrow morning,reminders.add,reference_train
restore the sound,Cmd.VolumeUnmute,reference_train
explain the engagement score,Help_ThriveScore,reference_train
please help with pairing hearing aids on the thrive app,Help_Pairing,reference_train
can you change to school program,Cmd.MemoryChange,reference_train
set reminder to take medicine at 1 p.m.,reminders.add,reference_train
show battery information,Cmd.BatteryLevel,reference_train
do i need to change my balance control?,Help_WiCROS,reference_train
what is streamboost,Default Fallback Intent,reference_train
go to outdoors,Cmd.MemoryChange,reference_train
how much more aerobics do i need today,Cmd.ActivityAerobics,reference_train
can you turn my right hearing aid up,Cmd.VolumeIncrease,reference_train
can you wow that's intense intense number,Default Fallback Intent,reference_train
can i change the name of my accessory?,Help_Accessories,reference_train
i don't like my current hearing aid settings,Help_MemoryOptions,reference_train
i don’t hear a difference when i change my balance control,Help_WiCROS,reference_train
can you change to gym,Cmd.MemoryChange,reference_train
can't find bose,Default Fallback Intent,reference_train
can i preview the adjustments made by the professional?,Help_RemoteProgramming,reference_train
please program number two,Cmd.MemoryChange,reference_train
please i misplaced my other aid,Help_FindMyHearingAids,reference_train
can you switch program to number two,Cmd.MemoryChange,reference_train
i lost my hearing aids,Help_FindMyHearingAids,reference_train
can you hey google,Default Fallback Intent,reference_train
please change to memory number two,Cmd.MemoryChange,reference_train
please reduce the hearing aid volume,Cmd.VolumeDecrease,reference_train
how do i increase my brain score?,Help_ThriveScore,reference_train
help with streaming,Help_Accessories,reference_train
remind me to exercise today,reminders.add,reference_train
how can i change the smart assistant settings?,Help_AppSettings,reference_train
i need stronger audio,Cmd.VolumeIncrease,reference_train
are my aids running low on power,Cmd.BatteryLevel,reference_train
how do fall notifications work,Help_FallAlert,reference_train
can you tuesday,Default Fallback Intent,reference_train
what got added recently,Help_WhatsNew,reference_train
what is my hearing aid's model?,Help_DeviceSettings,reference_train
what is my thrive score,Help_ThriveScore,reference_train
can you quiet memory,Cmd.MemoryChange,reference_train
can you nevermind,Default Fallback Intent,reference_train
what texts came in for me,Cmd.ListenMessage,reference_train
can you help me get a message to someone?,Cmd.SendMessage,reference_train
how do i edit a reminder,Help_Reminder,reference_train
my battery dies too quickly,Help_Battery,reference_train
please remind me to drink water later today at 5 p.m.,reminders.add,reference_train
set setting to two,Cmd.MemoryChange,reference_train
my aids won't stay connected to my phone,Help_Pairing,reference_train
i can't miss this appointment remind me,reminders.add,reference_train
write this down so i remember,reminders.add,reference_train
my hearing aid won't charge,Help_Battery,reference_train
can you set to quiet program,Cmd.MemoryChange,reference_train
how do i change to another program on the aids?,Help_ChangingMemories,reference_train
remind me from monday till wednesday,reminders.add,reference_train
i handled that remove the reminder,reminders.complete,reference_train
pair left aid,Help_Pairing,reference_train
can you set to music memory,Cmd.MemoryChange,reference_train
tell me about mask mode,Help_MaskMode,reference_train
how many minutes have i jogged?,Cmd.ActivityRun,reference_train
please reminder for today,reminders.add,reference_train
can you play it again.,Cmd.ListenMessage,reference_train
the left hearing aid,Default Fallback Intent,reference_train
auditorium memory,Cmd.MemoryChange,reference_train
can you adjust right ear for higher sound,Cmd.VolumeIncrease,reference_train
please start tv streaming,Cmd.StreamingStart,reference_train
can i listen to the adjustments made by the hearing specialist?,Help_RemoteProgramming,reference_train
please i don’t hear a difference when i change my balance control,Help_WiCROS,reference_train
greetings,Default Fallback Intent,reference_train
i might forget this,reminders.add,reference_train
what does this intellivoice do?,Help_IntelliVoice,reference_train
how do i turn off mask mode?,Help_MaskMode,reference_train
office setting,Cmd.MemoryChange,reference_train
can you locate,Default Fallback Intent,reference_train
log the stroll i just took,Cmd.ActivityWalk,reference_train
how do i change to another memory on my aid?,Help_ChangingMemories,reference_train
please remind me to see the table in 5 minutes,reminders.add,reference_train
please go down in volume,Cmd.VolumeDecrease,reference_train
remind me to pick up my car next friday morning,reminders.add,reference_train
what is my step count for the week?,Cmd.ActivityStep,reference_train
can you switch to home program,Cmd.MemoryChange,reference_train
my hearing aids keep cutting out,Help_DeviceSettings,reference_train
where's the current,Default Fallback Intent,reference_train
please help with changing programs,Help_ChangingMemories,reference_train
going to call them in and see whether they want me to send this enormous,Default Fallback Intent,reference_train
how much biking have i done this week?,Cmd.ActivityCycle,reference_train
can you switch memory to everyday,Cmd.MemoryChange,reference_train
can you i cannot find my hearing aids,Help_FindMyHearingAids,reference_train
i'll need a reminder for this,reminders.add,reference_train
can you thrive assistant user guide,Help_VoiceAssistant,reference_train
switch to outdoors program,Cmd.MemoryChange,reference_train
can you remind me of appointment,reminders.add,reference_train
can you memory number three,Cmd.MemoryChange,reference_train
change program to gym,Cmd.MemoryChange,reference_train
take us to see forget it we are in the car and the drone noise will cost if i have them in the road noises being amplified as well,Default Fallback Intent,reference_train
help me send a message,Cmd.SendMessage,reference_train
volume quieter,Cmd.VolumeDecrease,reference_train
how do i unmute the sound?,Help_Volume,reference_train
i can listen again turn it on,Cmd.VolumeUnmute,reference_train
salat someone is aspect,Default Fallback Intent,reference_train
i want to make sure i also cleaned but nuflex filters in them,Default Fallback Intent,reference_train
please riley's a manager connected scott.,Default Fallback Intent,reference_train
play my phone audio through my aids,Cmd.StreamingStart,reference_train
does edge mode improve speech clarity,Help_EdgeMode,reference_train
change to train memory,Cmd.MemoryChange,reference_train
how do i turn on the soothing sound,Help_Tinnitus,reference_train
can you set to crowd program,Cmd.MemoryChange,reference_train
how do i change to a different memory on the aids?,Help_ChangingMemories,reference_train
how is the ipro score calculated?,Help_ThriveScore,reference_train
find phone,Cmd.FindMyPhone,reference_train
please switch program to auditorium,Cmd.MemoryChange,reference_train
what's new in the world today,Default Fallback Intent,reference_train
how do i link with my hearing professional,Help_HearingCareAnywhereConnect,reference_train
i misplaced my hearing aids,Help_FindMyHearingAids,reference_train
how far do i have to ride to meet my goal?,Cmd.ActivityCycle,reference_train
can you on north koreans office will the fuckers off here.,Default Fallback Intent,reference_train
change program to number four,Cmd.MemoryChange,reference_train
when will the batteries run out,Cmd.BatteryLevel,reference_train
he did just change it,Default Fallback Intent,reference_train
why doesn't my wife hearing aid work,Help_SelfCheck,reference_train
how can i create my own memory?,Help_MemoryOptions,reference_train
can you remember to wake up tomorrow,reminders.add,reference_train
do i put the left hearing aid behind my ear?,Help_InsertDevice,reference_train
can you show me the jury,Default Fallback Intent,reference_train
please remind me to buy milk on tuesday at 8 p.m.,reminders.add,reference_train
how do i change the app settings,Help_AppSettings,reference_train
sentences with more,Default Fallback Intent,reference_train
please remember to turn off my phone everyday at 11 p.m.,reminders.add,reference_train
how often should i use intelligent voice?,Help_IntelliVoice,reference_train
how do i use my hearing aids with an accessory?,Help_Accessories,reference_train
help translate,Help_Translate,reference_train
how do i accept the adjustments made by the professional?,Help_RemoteProgramming,reference_train
how do i adjust my table mic?,Help_Accessories,reference_train
please turn on the answer double tap slept here.,Default Fallback Intent,reference_train
how many minutes have i ran?,Cmd.ActivityRun,reference_train
can you close at notre dame score yesterday,Default Fallback Intent,reference_train
remind me to wash the car in 4 hours,reminders.add,reference_train
can you change to personal memory,Cmd.MemoryChange,reference_train
can you golf memory,Cmd.MemoryChange,reference_train
show me how to use reminder,Help_Reminder,reference_train
can you turn volume to normal,Cmd.VolumeUnmute,reference_train
memory three,Cmd.MemoryChange,reference_train
where do i cancel a manual alert text?,Help_FallAlert,reference_train
new reminder for every day,reminders.add,reference_train
can you i misplaced my right aid,Help_FindMyHearingAids,reference_train
guide me on switching profiles,Help_ChangingMemories,reference_train
can you gym memory,Cmd.MemoryChange,reference_train
why is my left hearing aids not working,Help_SelfCheck,reference_train
please change program to pub,Cmd.MemoryChange,reference_train
out of your phone okay,Default Fallback Intent,reference_train
can you locate my hearing aids?,Help_FindMyHearingAids,reference_train
is mask mode useful with masks,Help_MaskMode,reference_train
please i need to disconnect my hearing aid from my phone,Help_Pairing,reference_train
can you switch memory to kitchen,Cmd.MemoryChange,reference_train
can you locate the nearest park,Default Fallback Intent,reference_train
can you pretty sure that's mine but i can't put it on now,Default Fallback Intent,reference_train
listen to the remote microphone,Cmd.StreamingStart,reference_train
the aid won't stay in my ear,Help_InsertDevice,reference_train
i'm about to go for a run,Cmd.ActivityRun,reference_train
i'm settling in for tv time,Cmd.MemoryChange,reference_train
how do i turn on tinnitus relief,Help_Tinnitus,reference_train
please just keep me that you searching,Default Fallback Intent,reference_train
troubleshoot my hearing aids,Help_SelfCheck,reference_train
please mute the aids,Cmd.VolumeMute,reference_train
set memory to four,Cmd.MemoryChange,reference_train
what is my running count for the month?,Cmd.ActivityRun,reference_train
how do i adjust the volume on my accessories?,Help_Accessories,reference_train
why doesn't my right when work,Help_SelfCheck,reference_train
please set a reminder to refill prescription tomorrow,reminders.add,reference_train
change to tinnitus program,Cmd.MemoryChange,reference_train
i'm heading out running,Cmd.ActivityRun,reference_train
how do i adjust for wind,Help_Customize,reference_train
can you i cannot tell a lie,Default Fallback Intent,reference_train
bump it up a little,Cmd.VolumeIncrease,reference_train
can you set to quiet memory,Cmd.MemoryChange,reference_train
how do i mute my transmitter?,Help_WiCROS,reference_train
set program to television,Cmd.MemoryChange,reference_train
my volume is too soft,Cmd.VolumeIncrease,reference_train
locate my hearing aids,Help_FindMyHearingAids,reference_train
play last push-to-talk.,Cmd.ListenMessage,reference_train
unmute me,Cmd.VolumeUnmute,reference_train
switch to car memory,Cmd.MemoryChange,reference_train
go ahead and finish that reminder,reminders.complete,reference_train
please have i run for an hour?,Cmd.ActivityRun,reference_train
change to automatic,Cmd.MemoryChange,reference_train
is there a feature for ear ringing,Help_Tinnitus,reference_train
i remember all that took,Default Fallback Intent,reference_train
mute memory,Cmd.MemoryChange,reference_train
start stream,Cmd.StreamingStart,reference_train
insert the sun for,Default Fallback Intent,reference_train
mask mode help please,Help_MaskMode,reference_train
please switch to gym,Cmd.MemoryChange,reference_train
youtube videos,Default Fallback Intent,reference_train
where is help for voice ai,Help_IntelliVoice,reference_train
please set reminder for 25th november,reminders.add,reference_train
can you focus on sleep?,Default Fallback Intent,reference_train
guide me on fall alerts,Help_FallAlert,reference_train
can you change to crowd program,Cmd.MemoryChange,reference_train
the noise is unbearable,Cmd.VolumeDecrease,reference_train
use my usual program,Cmd.MemoryChange,reference_train
remind me to drink some water in 5 minutes,reminders.add,reference_train
turn on wi-fi,Default Fallback Intent,reference_train
please show me the transcribe user guide,Help_Transcribe,reference_train
please mute hearing aids,Cmd.VolumeMute,reference_train
how do i adjust my loudness of the tinnitus volume on the aid?,Help_Tinnitus,reference_train
how is the engagement score calculated?,Help_ThriveScore,reference_train
can you connect left hearing aid,Help_Pairing,reference_train
current battery,Cmd.BatteryLevel,reference_train
how to set calendar event,Help_Reminder,reference_train
show me around the app,Help_Home,reference_train
how do i start streaming from the tv streamer?,Help_Accessories,reference_train
i've got a pc gaming receiver,Default Fallback Intent,reference_train
how do i use reminders,Help_Reminder,reference_train
hearing aid volume up,Cmd.VolumeIncrease,reference_train
why doesn’t my hearing aid look the same as the one in the video?,Help_InsertDevice,reference_train
please remember how to do it,Default Fallback Intent,reference_train
can you remind me to pick up my prescription at 5 p.m. on saturday,reminders.add,reference_train
please change memory to gym,Cmd.MemoryChange,reference_train
how do i turn down the loudness on my hearing aid?,Help_Volume,reference_train
why does one of your sound louder than the other,Default Fallback Intent,reference_train
what is edge mode?,Help_EdgeMode,reference_train
can you turn down the loudness on my hearing aids,Cmd.VolumeDecrease,reference_train
how do i get better wellness scores?,Help_ThriveScore,reference_train
how far have i ran?,Cmd.ActivityRun,reference_train
can you change program to quiet,Cmd.MemoryChange,reference_train
how will i know when my hearing specialist adjusted the hearing aids?,Help_RemoteProgramming,reference_train
people sound far away,Cmd.VolumeIncrease,reference_train
how do i fix poor sound quality,Help_DeviceSettings,reference_train
i can't find my right hearing aid,Help_FindMyHearingAids,reference_train
heading out for a stroll record it,Cmd.ActivityWalk,reference_train
please switch to outdoors memory,Cmd.MemoryChange,reference_train
there is a problem with my right hearing aid,Help_SelfCheck,reference_train
how do i disable double tap on my hearing aid?,Help_DeviceSettings,reference_train
please fire on friday,Default Fallback Intent,reference_train
please change to quiet program,Cmd.MemoryChange,reference_train
what are my options?,Help_Home,reference_train
is my heart rate recovery bad?,Help_HeartRateRecovery,reference_train
can you remember to watch,reminders.add,reference_train
everything sounds dull and flat,Cmd.VolumeIncrease,reference_train
i could use a reminder later,reminders.add,reference_train
please thrive assistant user guide,Help_VoiceAssistant,reference_train
can you outdoors program,Cmd.MemoryChange,reference_train
how do i customize my hearing aid memories?,Help_MemoryOptions,reference_train
how do i turn my hearing a song.,Default Fallback Intent,reference_train
catch you later,Default Fallback Intent,reference_train
can you bank number to car,Default Fallback Intent,reference_train
where can i get my hearing checked,Default Fallback Intent,reference_train
thank you,Default Fallback Intent,reference_train
can you start stream,Cmd.StreamingStart,reference_train
can you set memory to meeting,Cmd.MemoryChange,reference_train
guide me on using edge mode,Help_EdgeMode,reference_train
please change to tinnitus,Cmd.MemoryChange,reference_train
can you dutch translation,Cmd.TranslationStart,reference_train
please i can't even hardly hear that,Default Fallback Intent,reference_train
"can you hey maggie, ready for telephone.",Default Fallback Intent,reference_train
please decrease the right hearing aid,Cmd.VolumeDecrease,reference_train
can you you can always add,Default Fallback Intent,reference_train
does it spot a fall and alert someone,Help_FallAlert,reference_train
can you it was pitch-black out in the store,Default Fallback Intent,reference_train
please switch to theater memory,Cmd.MemoryChange,reference_train
please adjusted with my phone,Default Fallback Intent,reference_train
can you turn volume up,Cmd.VolumeIncrease,reference_train
the sound keeps breaking up,Help_DeviceSettings,reference_train
help with accessories,Help_Accessories,reference_train
can you office setting,Cmd.MemoryChange,reference_train
please my hearing aid is missing,Help_FindMyHearingAids,reference_train
set program to automatic,Cmd.MemoryChange,reference_train
how do i perform a self-check?,Help_SelfCheck,reference_train
how accurate is the transcription,Help_Transcribe,reference_train
pelase send a message,Cmd.SendMessage,reference_train
how tall is mount everest,Default Fallback Intent,reference_train
benefits of mask mode,Help_MaskMode,reference_train
please remind me about dinner in 1 hour,reminders.add,reference_train
switch to master program,Cmd.MemoryChange,reference_train
can you switch to car memory,Cmd.MemoryChange,reference_train
i can't hear anything,Default Fallback Intent,reference_train
change to auditorium program,Cmd.MemoryChange,reference_train
record my aerobics activity,Cmd.ActivityAerobics,reference_train
change to gym,Cmd.MemoryChange,reference_train
show me my health overview,Help_Health,reference_train
how do i check the connection status of my hearing aid?,Help_Pairing,reference_train
i need to add a reminder,reminders.add,reference_train
do not let me forget,reminders.add,reference_train
siri got turned on on my hearing aids and i was turning it off,Default Fallback Intent,reference_train
set program to four,Cmd.MemoryChange,reference_train
please switch program to music,Cmd.MemoryChange,reference_train
tell me about english language,Default Fallback Intent,reference_train
please salsa on my left,Default Fallback Intent,reference_train
help with tinnitus sound adjustments in my hearing aids,Help_Tinnitus,reference_train
lost iphone,Cmd.FindMyPhone,reference_train
show me my jogging goal,Cmd.ActivityRun,reference_train
please i need to program new stamping to my phone,Default Fallback Intent,reference_train
remind me about dinner at six,reminders.add,reference_train
enable live captions,Cmd.TranscribeStart,reference_train
please elsa texas off huh,Default Fallback Intent,reference_train
can you change memory to music,Cmd.MemoryChange,reference_train
have i reached my exercise goal?,Cmd.ActivityExercise,reference_train
can you the microphone,Default Fallback Intent,reference_train
can you change memory to number one,Cmd.MemoryChange,reference_train
i'm starting aerobics,Cmd.ActivityAerobics,reference_train
how do i cook rice,Default Fallback Intent,reference_train
how do i get better engagement scores?,Help_ThriveScore,reference_train
whats my battery charge,Cmd.BatteryLevel,reference_train
what's new in my engage app?,Help_WhatsNew,reference_train
don't let me forget,reminders.add,reference_train
completely,Default Fallback Intent,reference_train
set program to school,Cmd.MemoryChange,reference_train
give me a little more sound,Cmd.VolumeIncrease,reference_train
how do i change memories on my aids?,Help_ChangingMemories,reference_train
how do i sync my thrive app settings?,Help_HearingCareAnywhereConnect,reference_train
can my hearing aids handle water,Help_CleanCare,reference_train
set the hearing aids differently,Cmd.MemoryChange,reference_train
i can't remember where my right aid is,Help_FindMyHearingAids,reference_train
can my son use hearshare?,Help_HearShare,reference_train
switch program to golf,Cmd.MemoryChange,reference_train
how would i intercept an alert text?,Help_FallAlert,reference_train
i can’t get my hearing aid on,Help_InsertDevice,reference_train
should i tell him how i feel,Default Fallback Intent,reference_train
switch program to one,Cmd.MemoryChange,reference_train
am i close to my calorie goal,Cmd.ActivityCalories,reference_train
hear my texts please,Cmd.ListenMessage,reference_train
change program to crowd,Cmd.MemoryChange,reference_train
can you change to mask memory,Cmd.MemoryChange,reference_train
how many minutes have i been standing,Cmd.ActivityStand,reference_train
please decrease the volume in my hearing aids,Cmd.VolumeDecrease,reference_train
please tap and then you see like restaurant where you as a question sure you can set it to different mode so you can hear better,Default Fallback Intent,reference_train
how do i show the app without aids?,Help_DemoMode,reference_train
explain the speech to text feature,Help_Transcribe,reference_train
please translate how much do i owe you to spanish,Cmd.TranslationStart,reference_train
i hear the voice,Default Fallback Intent,reference_train
can you switch memory to telephone,Cmd.MemoryChange,reference_train
capture my aerobics class,Cmd.ActivityAerobics,training_error_targeted_copy
my calorie total,Cmd.ActivityCalories,training_error_targeted_copy
time my bike ride,Cmd.ActivityCycle,training_error_targeted_copy
log this cycling session,Cmd.ActivityCycle,training_error_targeted_copy
how far do i have to ride to meet my goal?,Cmd.ActivityCycle,training_error_targeted_copy
how many calories did i use while exercising,Cmd.ActivityExercise,training_error_targeted_copy
have i reached my running goal?,Cmd.ActivityRun,training_error_targeted_copy
begin my running workout,Cmd.ActivityRun,training_error_targeted_copy
show me my jogging goal,Cmd.ActivityRun,training_error_targeted_copy
can you calories jogging,Cmd.ActivityRun,training_error_targeted_copy
can you show me my standing history,Cmd.ActivityStand,training_error_targeted_copy
show me my step count?,Cmd.ActivityStep,training_error_targeted_copy
walking activity,Cmd.ActivityWalk,training_error_targeted_copy
give me a battery reading,Cmd.BatteryLevel,training_error_targeted_copy
is it time to change my batteries,Cmd.BatteryLevel,training_error_targeted_copy
is my battery about to run out,Cmd.BatteryLevel,training_error_targeted_copy
is it time to charge my hearing aids,Cmd.BatteryLevel,training_error_targeted_copy
please search for my phone,Cmd.FindMyPhone,training_error_targeted_copy
android phone missing,Cmd.FindMyPhone,training_error_targeted_copy
set off an alert on my phone,Cmd.FindMyPhone,training_error_targeted_copy
listen to it.,Cmd.ListenMessage,training_error_targeted_copy
read out who texted me,Cmd.ListenMessage,training_error_targeted_copy
switch program to personal,Cmd.MemoryChange,training_error_targeted_copy
please change memory to master,Cmd.MemoryChange,training_error_targeted_copy
change to office program,Cmd.MemoryChange,training_error_targeted_copy
switch program to master,Cmd.MemoryChange,training_error_targeted_copy
i want to leave a message,Cmd.SendMessage,training_error_targeted_copy
send an audio note,Cmd.SendMessage,training_error_targeted_copy
connect the audio source,Cmd.StreamingStart,training_error_targeted_copy
stream sound,Cmd.StreamingStart,training_error_targeted_copy
please start tv streaming,Cmd.StreamingStart,training_error_targeted_copy
start streaming,Cmd.StreamingStart,training_error_targeted_copy
stop streaming media,Cmd.StreamingStop,training_error_targeted_copy
disconnect the streaming,Cmd.StreamingStop,training_error_targeted_copy
give me text of this conversation,Cmd.TranscribeStart,training_error_targeted_copy
can you transcribe this conversation,Cmd.TranscribeStart,training_error_targeted_copy
put this conversation into writing,Cmd.TranscribeStart,training_error_targeted_copy
begin converting speech to text,Cmd.TranscribeStart,training_error_targeted_copy
they're speaking a foreign language translate it,Cmd.TranslationStart,training_error_targeted_copy
dutch translation,Cmd.TranslationStart,training_error_targeted_copy
translate to english,Cmd.TranslationStart,training_error_targeted_copy
i want silence,Cmd.VolumeDecrease,training_error_targeted_copy
that sounds too loud,Cmd.VolumeDecrease,training_error_targeted_copy
can you turn down the loudness on my aids,Cmd.VolumeDecrease,training_error_targeted_copy
turn down the level,Cmd.VolumeDecrease,training_error_targeted_copy
turn up the volume,Cmd.VolumeIncrease,training_error_targeted_copy
can you turn up the volume in my right hearing aid,Cmd.VolumeIncrease,training_error_targeted_copy
volume increase,Cmd.VolumeIncrease,training_error_targeted_copy
turn the sound up,Cmd.VolumeIncrease,training_error_targeted_copy
kill the audio,Cmd.VolumeMute,training_error_targeted_copy
i need it perfectly quiet,Cmd.VolumeMute,training_error_targeted_copy
can you mute on,Cmd.VolumeMute,training_error_targeted_copy
absolutely no sound please,Cmd.VolumeMute,training_error_targeted_copy
switch sound back on,Cmd.VolumeUnmute,training_error_targeted_copy
sound back please,Cmd.VolumeUnmute,training_error_targeted_copy
return the sound to my aids,Cmd.VolumeUnmute,training_error_targeted_copy
please hearing aid volume on,Cmd.VolumeUnmute,training_error_targeted_copy
please can't find bose,Default Fallback Intent,training_error_targeted_copy
please make it stretchy like that,Default Fallback Intent,training_error_targeted_copy
please only if it's not a problem for cdl,Default Fallback Intent,training_error_targeted_copy
ek divas jam to send the money,Default Fallback Intent,training_error_targeted_copy
can i stream using a remote microphone,Help_Accessories,training_error_targeted_copy
how do i get my left hearing aid to stream,Help_Accessories,training_error_targeted_copy
how do i start streaming from the tv streamer?,Help_Accessories,training_error_targeted_copy
how do i change the name of my tv streamer?,Help_Accessories,training_error_targeted_copy
what is basic mode?,Help_AppSettings,training_error_targeted_copy
how do i switch from the basic app to the advanced app?,Help_AppSettings,training_error_targeted_copy
the charger isn't working,Help_Battery,training_error_targeted_copy
how do i charge my itc hearing aid?,Help_Battery,training_error_targeted_copy
how do i charge my hearing aid?,Help_Battery,training_error_targeted_copy
how do i change to a different program on the hearing aid?,Help_ChangingMemories,training_error_targeted_copy
explain how to move between my programs,Help_ChangingMemories,training_error_targeted_copy
how do i take care of my aids,Help_CleanCare,training_error_targeted_copy
can you i've got wax buildup,Help_CleanCare,training_error_targeted_copy
what happens if my aids get wet,Help_CleanCare,training_error_targeted_copy
how do i reduce machine noise,Help_Customize,training_error_targeted_copy
what can i personalize on my hearing aids,Help_Customize,training_error_targeted_copy
how do i customize my hearing aid?,Help_Customize,training_error_targeted_copy
how do i show the app without hearing aids connected?,Help_DemoMode,training_error_targeted_copy
how do i use the app without hearing aids connected?,Help_DemoMode,training_error_targeted_copy
how do i change ringtones?,Help_DeviceSettings,training_error_targeted_copy
what's the serial number of my aids?,Help_DeviceSettings,training_error_targeted_copy
what's my hearing aid's model?,Help_DeviceSettings,training_error_targeted_copy
help me fix my aid settings,Help_DeviceSettings,training_error_targeted_copy
please i can't find my right aid,Help_FindMyHearingAids,training_error_targeted_copy
please locate my other hearing aid,Help_FindMyHearingAids,training_error_targeted_copy
help with the health screen,Help_Health,training_error_targeted_copy
how do i view my activity summary,Help_Health,training_error_targeted_copy
explain how to share my sound,Help_HearShare,training_error_targeted_copy
how do i share my information with my wife?,Help_HearShare,training_error_targeted_copy
how to add another person on hearshare?,Help_HearShare,training_error_targeted_copy
how do i restore the settings in my aids?,Help_HearingCareAnywhereConnect,training_error_targeted_copy
where is my data backed up,Help_HearingCareAnywhereConnect,training_error_targeted_copy
what is hearing care anywhere,Help_HearingCareAnywhereConnect,training_error_targeted_copy
connect to my hearing care provider,Help_HearingCareAnywhereConnect,training_error_targeted_copy
what is heart help recovery,Help_HeartRateRecovery,training_error_targeted_copy
what are my options?,Help_Home,training_error_targeted_copy
where is the main screen?,Help_Home,training_error_targeted_copy
i need support,Help_Home,training_error_targeted_copy
i do not know how to use this app,Help_Home,training_error_targeted_copy
why does my aid keep coming out,Help_InsertDevice,training_error_targeted_copy
my hearing aid keeps slipping out,Help_InsertDevice,training_error_targeted_copy
how to run dnn speech enhancement,Help_IntelliVoice,training_error_targeted_copy
how do i geotag a memory?,Help_MemoryOptions,training_error_targeted_copy
help with memory presets,Help_MemoryOptions,training_error_targeted_copy
pairing hearing aids with my app,Help_Pairing,training_error_targeted_copy
can you help with pairing devices,Help_Pairing,training_error_targeted_copy
can i set up a daily reminder,Help_Reminder,training_error_targeted_copy
please tell me about the reminders feature,Help_Reminder,training_error_targeted_copy
how will i know when my audiologist adjusted the hearing aid?,Help_RemoteProgramming,training_error_targeted_copy
how will i know when the professional adjusted the aid?,Help_RemoteProgramming,training_error_targeted_copy
how do i accept the adjustments made by the audiologist?,Help_RemoteProgramming,training_error_targeted_copy
how will i know when my audiologist adjusted my hearing aids?,Help_RemoteProgramming,training_error_targeted_copy
are both of my hearing aids operating properly,Help_SelfCheck,training_error_targeted_copy
why is only one of my hearing aids working,Help_SelfCheck,training_error_targeted_copy
hearing aid is not work,Help_SelfCheck,training_error_targeted_copy
please hearing aid is not work,Help_SelfCheck,training_error_targeted_copy
information on the engagement score,Help_ThriveScore,training_error_targeted_copy
tinnitus feature help,Help_Tinnitus,training_error_targeted_copy
how do i adjust my noise masker in the left aid?,Help_Tinnitus,training_error_targeted_copy
how do i adjust my loudness of the white noise in the hearing aids?,Help_Tinnitus,training_error_targeted_copy
help transcribe,Help_Transcribe,training_error_targeted_copy
help for translate,Help_Translate,training_error_targeted_copy
please help me with voice assistant,Help_VoiceAssistant,training_error_targeted_copy
what can i ask thrive assistant?,Help_VoiceAssistant,training_error_targeted_copy
please help with volume changes in my aids,Help_Volume,training_error_targeted_copy
how do i turn up the volume on the hearing aid?,Help_Volume,training_error_targeted_copy
please help with volume changes in my hearing aids,Help_Volume,training_error_targeted_copy
how do i adjust the loudness on just one aid?,Help_Volume,training_error_targeted_copy
receiver,Help_WiCROS,training_error_targeted_copy
can you set a reminder for me tomorrow,reminders.add,training_error_targeted_copy
can you remind me about the teacher meeting on friday,reminders.add,training_error_targeted_copy
set reminder about dog walking repeat it every day at 9 a.m.,reminders.add,training_error_targeted_copy
remind me i have a meeting,reminders.add,training_error_targeted_copy
i already did that mark complete,reminders.complete,training_error_targeted_copy
