row_number,text,true_intent,predicted_intent,true_id,predicted_id,correct,confidence
8086,the wind is ruining my hearing outside,Help_EdgeMode,Cmd.VolumeMute,30,19,0,0.11066414762573419
6571,switch listening modes,Cmd.MemoryChange,Default Fallback Intent,11,21,0,0.1195365367693793
1918,saturday,Default Fallback Intent,Cmd.TranscribeStart,21,15,0,0.12534654890975896
6886,how do i back up my profile,Help_HearingCareAnywhereConnect,Cmd.FindMyPhone,35,9,0,0.12545710428452073
8364,good morning,Default Fallback Intent,Cmd.VolumeUnmute,21,20,0,0.1293978636384199
6188,how do i set up audio streaming?,Help_DeviceSettings,Cmd.VolumeIncrease,29,18,0,0.13421360463387122
1854,how do i make chili,Default Fallback Intent,Help_FallAlert,21,31,0,0.13578499064278485
1856,how do i make chicken,Default Fallback Intent,Help_FallAlert,21,31,0,0.13578499064278485
1857,how do i make eggs,Default Fallback Intent,Help_FallAlert,21,31,0,0.13578499064278485
1858,how do i make lasagna,Default Fallback Intent,Help_FallAlert,21,31,0,0.13578499064278485
8113,how do i make coffee,Default Fallback Intent,Help_FallAlert,21,31,0,0.13578499064278485
8368,morning,Default Fallback Intent,Cmd.TranslationStart,21,16,0,0.13582672303841758
641,unmute the aids,Cmd.VolumeUnmute,Help_Pairing,20,43,0,0.13626294934953054
640,unmute the hearing aids,Cmd.VolumeUnmute,Help_Pairing,20,43,0,0.13856005499055432
6267,hearing aid device settings,Default Fallback Intent,Help_CleanCare,21,26,0,0.13908905605345143
4012,please i can’t get my hearing aid on,Help_InsertDevice,Help_CleanCare,39,26,0,0.13958846850652976
6540,lower the listening level,Cmd.VolumeDecrease,Cmd.VolumeIncrease,17,18,0,0.14097803207115084
2139,youtube videos,Default Fallback Intent,Cmd.VolumeDecrease,21,17,0,0.14157471381567516
494,how to setup geotagging,Help_MemoryOptions,Help_AppSettings,42,23,0,0.14569469346022312
2149,alexa,Default Fallback Intent,Help_HearShare,21,34,0,0.14598122879779238
2032,the stage sign,Default Fallback Intent,Help_RemoteProgramming,21,45,0,0.14601053754448423
4265,please bustling hearing aid,Default Fallback Intent,Help_Pairing,21,43,0,0.1467325672257589
8243,charge status,Cmd.BatteryLevel,Cmd.StreamingStart,8,13,0,0.14717549205197222
6726,kill the audio,Cmd.VolumeMute,Help_Tinnitus,19,48,0,0.14737435575231597
2707,switch to auditorium,Cmd.MemoryChange,Cmd.TranslationStart,11,16,0,0.1492845987849536
5546,please switch to automatic,Cmd.MemoryChange,reminders.complete,11,56,0,0.14968346528229215
8356,hey there,Default Fallback Intent,Cmd.VolumeIncrease,21,18,0,0.15052450429789854
6732,how do i cook rice,Default Fallback Intent,Help_AppSettings,21,23,0,0.15544390492583995
7955,can it translate two languages at once,Help_Translate,Help_MaskMode,50,41,0,0.15622093306785725
7455,nudge me to stretch in an hour,reminders.add,Help_HeartRateRecovery,55,37,0,0.15715216536885265
7376,what did my contacts send me,Cmd.ListenMessage,Cmd.FindMyPhone,10,9,0,0.15753691548792517
6288,give me so much i don't know it's another problem,Default Fallback Intent,Help_Tinnitus,21,48,0,0.15886076177306596
7024,i keep missing words,Cmd.VolumeIncrease,Cmd.VolumeUnmute,18,20,0,0.15967249488926877
2722,switch to school,Cmd.MemoryChange,Cmd.StreamingStart,11,13,0,0.16052309050601402
4315,can you alexa learn my voice,Default Fallback Intent,Help_HearingCareAnywhereConnect,21,35,0,0.1609447941977928
2667,master setting,Cmd.MemoryChange,Help_WiCROS,11,54,0,0.16161708648187906
3488,please remember to take medicine today at 5 p.m.,reminders.add,Help_InsertDevice,55,39,0,0.1621613031134272
6417,begin a walk,Cmd.ActivityWalk,Help_FindMyHearingAids,7,32,0,0.16281562268257938
2745,setting one,Cmd.MemoryChange,Cmd.VolumeIncrease,11,18,0,0.16364905836095878
6180,different kind of needs,Default Fallback Intent,Cmd.TranscribeStart,21,15,0,0.16597173307757834
1968,how can i find out what time it is,Default Fallback Intent,Help_AppSettings,21,23,0,0.1665519536801915
1545,how can i ask thrive to do things for me,Help_VoiceAssistant,Help_HeartRate,51,36,0,0.16701477850968668
8107,what should i watch tonight,Default Fallback Intent,Cmd.FindMyPhone,21,9,0,0.16786436832710352
2708,switch to music,Cmd.MemoryChange,Cmd.ActivityRun,11,4,0,0.16862502937796162
8394,bye bye,Default Fallback Intent,Help_FindMyHearingAids,21,32,0,0.1690240163143965
6784,the noise is unbearable,Cmd.VolumeDecrease,Help_Tinnitus,17,48,0,0.16942884771091765
6085,hearing aid not charging,Help_SelfCheck,Cmd.StreamingStart,46,13,0,0.17041283719275832
1177,how do i play notifications through my aids?,Help_DeviceSettings,Cmd.ListenMessage,29,10,0,0.17103313767705375
7264,going for a walk track it for me,Cmd.ActivityWalk,Default Fallback Intent,7,21,0,0.17371438290316357
2072,i need to program new stamping to my phone,Default Fallback Intent,Help_Tinnitus,21,48,0,0.17414314755042462
1567,mute,Cmd.VolumeMute,Help_Translate,19,50,0,0.17473870419050938
1840,ashes to ashes all fall down,Default Fallback Intent,Cmd.FindMyPhone,21,9,0,0.17488894016445003
4461,can you sausages after using my location,Default Fallback Intent,Cmd.FindMyPhone,21,9,0,0.1755094129947438
1942,alexa learn my voice,Default Fallback Intent,Help_VoiceAssistant,21,51,0,0.17617946536706064
2665,gym setting,Cmd.MemoryChange,Cmd.TranscribeStart,11,15,0,0.17628867731803963
7463,buzz me when it's time,reminders.add,Default Fallback Intent,55,21,0,0.17672354487083006
8413,wanted to say hello,Default Fallback Intent,Cmd.StreamingStart,21,13,0,0.17726233018935766
8266,what does each button do,Help_Home,Help_ThriveScore,38,47,0,0.17781182493955086
2195,sunday,Default Fallback Intent,Help_IntelliVoice,21,40,0,0.17788442479319475
7899,what is wicros,Help_WiCROS,Help_HearingCareAnywhereConnect,54,35,0,0.17808611880002523
8325,i need the setting for dining out,Cmd.MemoryChange,Cmd.FindMyPhone,11,9,0,0.17819406887191247
7794,help setting up voice control,Help_VoiceAssistant,Cmd.TranscribeStart,51,15,0,0.17882260807468497
7807,what's the right way to insert my aids,Help_InsertDevice,Help_MaskMode,39,41,0,0.17884924810657005
1146,how to create event,Help_Reminder,Cmd.TranscribeStart,44,15,0,0.1803079389762847
2696,change to school,Cmd.MemoryChange,Default Fallback Intent,11,21,0,0.18084740659464676
2703,switch to personal,Cmd.MemoryChange,Cmd.TranscribeStart,11,15,0,0.1811078801511399
1560,mute the hearing aids,Cmd.VolumeMute,Help_Volume,19,52,0,0.1835458170927689
4766,please have i biked an hour?,Cmd.ActivityCycle,Cmd.ActivityStand,2,5,0,0.18366238577695185
2672,school setting,Cmd.MemoryChange,Help_HearShare,11,34,0,0.183801194021865
8153,am i good on batteries,Cmd.BatteryLevel,Cmd.ActivityAerobics,8,0,0,0.18420982123007779
4596,can you i got a ton of recommendation completely wireless,Default Fallback Intent,Help_HeartRate,21,36,0,0.18459502503978648
7516,adjust each ear's volume separately,Help_Volume,Default Fallback Intent,52,21,0,0.1853502808349245
7460,set an alert so i don't miss it,reminders.add,Cmd.FindMyPhone,55,9,0,0.1855335289808429
6646,i need to notify someone,Cmd.SendMessage,Help_DeviceSettings,12,29,0,0.18579311045656244
1932,hey find me a way to white oaks mall,Default Fallback Intent,Cmd.SendMessage,21,12,0,0.18582366113554813
1155,reminder user guide,Help_Reminder,Help_HeartRateRecovery,44,37,0,0.1862800662040064
1175,help with device settings,Help_DeviceSettings,Help_MemoryOptions,29,42,0,0.18705532282856382
7431,begin translating for me,Cmd.TranslationStart,Cmd.ListenMessage,16,10,0,0.1879201485873381
2168,how long do hearing aids last,Default Fallback Intent,Help_FindMyHearingAids,21,32,0,0.1880419384212721
6582,do i need to recharge them?,Cmd.BatteryLevel,Cmd.ListenMessage,8,10,0,0.18805487972067989
7534,explain switching my hearing modes,Help_ChangingMemories,Cmd.SendMessage,25,12,0,0.18853399114027014
2819,setting number four,Cmd.MemoryChange,Cmd.ListenMessage,11,10,0,0.18931595058259887
964,remind flight at 6 a.m.,reminders.add,Help_EdgeMode,55,30,0,0.19010838253875495
5821,help for translate,Help_Translate,Help_RemoteProgramming,50,45,0,0.19024349516668765
2140,how do i hook up my watch,Default Fallback Intent,Help_FindMyHearingAids,21,32,0,0.19067222879865967
7667,run me through testing my hearing aids,Help_SelfCheck,Help_CleanCare,46,26,0,0.19104042790316966
783,how do i reconnect my left hearing aid,Help_Pairing,Help_Battery,43,24,0,0.19131991051261998
8206,i don't know what to do,Help_Home,Help_RemoteProgramming,38,45,0,0.1921537310286676
6572,go back to normal mode,Cmd.MemoryChange,Help_AppSettings,11,23,0,0.19301839841985322
4454,please hearing aids every time the stupid phone goes,Default Fallback Intent,Cmd.BatteryLevel,21,8,0,0.19328730618011639
6372,thursday,Default Fallback Intent,Help_IntelliVoice,21,40,0,0.19395767145580786
2671,quiet setting,Cmd.MemoryChange,Cmd.TranscribeStart,11,15,0,0.19511281295531865
404,play the microphone,Cmd.StreamingStart,Cmd.FindMyPhone,13,9,0,0.19516512837849953
904,remind me to pick up my prescription sunday at 5 p.m.,reminders.add,Help_InsertDevice,55,39,0,0.19629203904090164
2679,change to personal,Cmd.MemoryChange,Default Fallback Intent,11,21,0,0.19637066651846563
6760,tell my son i said hello,Cmd.SendMessage,Help_SelfCheck,12,46,0,0.1967496940650434
3284,can you enable right hearing aid,Cmd.VolumeUnmute,Cmd.VolumeIncrease,20,18,0,0.1968285560138828
995,remind me about the teacher meeting on friday,reminders.add,Help_Translate,55,50,0,0.19712263766394994
3296,can you unmute my hearing aids,Cmd.VolumeUnmute,Help_DeviceSettings,20,29,0,0.19735940150418502
1054,i want to connect to my audiologist,Help_RemoteProgramming,Help_FindMyHearingAids,45,32,0,0.19831593173764342
7022,amplify the sound for me,Cmd.VolumeIncrease,Help_DeviceSettings,18,29,0,0.19877559399346967
3493,please remember to take medication today at 5 p.m.,reminders.add,Default Fallback Intent,55,21,0,0.19926864638937006
4385,please just like siri,Default Fallback Intent,Cmd.ListenMessage,21,10,0,0.1997305200124606
6560,move me back to my normal setting,Cmd.MemoryChange,Cmd.ListenMessage,11,10,0,0.19977835029398872
7713,sort out my device audio,Help_DeviceSettings,Default Fallback Intent,29,21,0,0.20043483743351498
384,calories standing,Cmd.ActivityStand,Default Fallback Intent,5,21,0,0.2008306252120169
4502,can you talking about my daughter,Default Fallback Intent,Help_Home,21,38,0,0.2014299421455707
6274,do i have charleston,Default Fallback Intent,Help_DeviceSettings,21,29,0,0.20269142083749553
8276,text my family,Cmd.SendMessage,Help_Health,12,33,0,0.20281080506425375
5976,how can i see what my hearing aid can do,Help_DemoMode,Help_HearingCareAnywhereConnect,28,35,0,0.20309367125058403
2155,what is the weather today,Default Fallback Intent,Help_WiCROS,21,54,0,0.20359152397894667
7459,alert me when it's time to leave,reminders.add,Help_FindMyHearingAids,55,32,0,0.2041292432646389
1630,how far have i ran?,Cmd.ActivityRun,Help_DeviceSettings,4,29,0,0.20416756607792336
1634,how far have i jogged?,Cmd.ActivityRun,Help_DeviceSettings,4,29,0,0.20416756607792336
7293,how far have i cycled,Cmd.ActivityCycle,Help_DeviceSettings,2,29,0,0.20416756607792336
6723,i want silence,Cmd.VolumeDecrease,Cmd.FindMyPhone,17,9,0,0.2042673645506937
6563,change my hearing mode,Cmd.MemoryChange,Help_FindMyHearingAids,11,32,0,0.20432904461580872
1910,don't make any noise for a minute,Default Fallback Intent,Cmd.SendMessage,21,12,0,0.20445238710172506
7466,set an alert for my appointment,reminders.add,Cmd.FindMyPhone,55,9,0,0.20446176986539444
8327,dial in the mode for traffic noise,Cmd.MemoryChange,Help_MaskMode,11,41,0,0.2046028748754103
445,what are the new features for?,Help_WhatsNew,Help_Home,53,38,0,0.2051998689129671
2723,switch to speech,Cmd.MemoryChange,Cmd.TranscribeStart,11,15,0,0.2053415999188091
7912,help me get oriented,Help_Home,Cmd.FindMyPhone,38,9,0,0.20552053053248392
5931,show me how to put my hearing aid on,Help_InsertDevice,Help_ChangingMemories,39,25,0,0.20557632102232698
6876,how does telehear work,Help_HearingCareAnywhereConnect,Default Fallback Intent,35,21,0,0.20559502398861754
7911,i need a hand getting going,Help_Home,Default Fallback Intent,38,21,0,0.20686609241116066
1381,lower the level of my hearing aids,Cmd.VolumeDecrease,Help_CleanCare,17,26,0,0.20714421779591016
6670,enable streaming mode,Cmd.StreamingStart,Cmd.StreamingStop,13,14,0,0.20758850248463862
3481,please remember to visit my family on thanksgiving day,reminders.add,Help_SelfCheck,55,46,0,0.2079950090721337
1943,hey google,Default Fallback Intent,Cmd.SendMessage,21,12,0,0.20829444142635922
3090,can you intellivoice user guide,Help_IntelliVoice,Help_HeartRateRecovery,40,37,0,0.20854298404562474
7203,stop sending sound to my hearing aids,Cmd.StreamingStop,Help_DeviceSettings,14,29,0,0.20863512172769313
4336,can you turn on this is my life,Default Fallback Intent,Cmd.TranscribeStart,21,15,0,0.20898979278161225
7144,use the setting for outdoors,Cmd.MemoryChange,Help_DeviceSettings,11,29,0,0.20945476993891096
7987,help with the captioning feature,Help_Transcribe,Help_Tinnitus,49,48,0,0.20975455334491053
7490,help me understand volume settings,Help_Volume,Help_DeviceSettings,52,29,0,0.21014986884241973
7049,knock the sound back,Cmd.VolumeDecrease,Help_DeviceSettings,17,29,0,0.21033026903245355
2141,wow that's intense intense number,Default Fallback Intent,Cmd.TranscribeStart,21,15,0,0.21099775779220703
2167,"stream, youtube music.",Default Fallback Intent,Help_FindMyHearingAids,21,32,0,0.211184939769905
2628,speech memory,Cmd.MemoryChange,Help_FindMyHearingAids,11,32,0,0.21159500312267535
872,every day,reminders.add,Help_MaskMode,55,41,0,0.2117077548667305
1336,how do i reduce the background noise,Help_Customize,Help_AppSettings,27,23,0,0.21224499715540576
7139,change into the quiet mode,Cmd.MemoryChange,Help_Home,11,38,0,0.21287080451665882
2686,change to automatic,Cmd.MemoryChange,Default Fallback Intent,11,21,0,0.21298962695856555
8351,play the audio directly in my ears,Cmd.StreamingStart,Help_SelfCheck,13,46,0,0.21313887082709349
4335,please turn on this is my life,Default Fallback Intent,Cmd.VolumeUnmute,21,20,0,0.21330683264827605
8211,what's the overview,Help_Home,Default Fallback Intent,38,21,0,0.2133341930491434
2695,change to quiet,Cmd.MemoryChange,Cmd.VolumeUnmute,11,20,0,0.21345486248435883
595,where is the homepage,Help_Home,Help_Transcribe,38,49,0,0.21375695047390955
2674,theater setting,Cmd.MemoryChange,Help_MemoryOptions,11,42,0,0.21381822369267375
2161,sweet car,Default Fallback Intent,Help_SelfCheck,21,46,0,0.21397558859449214
1872,tell me a joke i need to be cheered up,Default Fallback Intent,Help_FindMyHearingAids,21,32,0,0.21403634276871833
1757,replay my message.,Cmd.ListenMessage,Default Fallback Intent,10,21,0,0.2143054107894077
5959,how long have i danced,Cmd.ActivityExercise,Cmd.ActivityRun,3,4,0,0.21433224422472152
7493,guide me on changing volume,Help_Volume,Cmd.VolumeUnmute,52,20,0,0.21436965609120057
441,how much have i walked this week?,Cmd.ActivityWalk,Help_Health,7,33,0,0.21499641617187834
8398,take care,Default Fallback Intent,Help_DemoMode,21,28,0,0.2150669547813392
2257,locate,Default Fallback Intent,Help_Customize,21,27,0,0.21508489234866854
1955,android phone to listen to spotify,Default Fallback Intent,Cmd.FindMyPhone,21,9,0,0.21528396514903678
328,where is intellivoice?,Help_IntelliVoice,Help_HearingCareAnywhereConnect,40,35,0,0.2153309188514183
2082,lift device not registering,Default Fallback Intent,Help_HearingCareAnywhereConnect,21,35,0,0.21553508450099207
6590,do i need a charger soon?,Cmd.BatteryLevel,Help_Home,8,38,0,0.2161835612856272
2079,alter metal plates myrtle beach storm,Default Fallback Intent,reminders.add,21,55,0,0.21710264108464647
6371,there's an! over my right hearing aid,Default Fallback Intent,Help_Pairing,21,43,0,0.2180117320599709
7100,reactivate the sound,Cmd.VolumeUnmute,Default Fallback Intent,20,21,0,0.21807518293573427
7374,speak my latest texts to me,Cmd.ListenMessage,Cmd.ActivityStand,10,5,0,0.21828705655258202
1848,what is the impact to the environment of an electric battery for a vehicle,Default Fallback Intent,Help_EdgeMode,21,30,0,0.2184858662685246
6473,send one,Cmd.SendMessage,Help_HearingCareAnywhereConnect,12,35,0,0.21868897901194712
3175,can you show me how long i've walked?,Cmd.ActivityWalk,Help_Health,7,33,0,0.21966313114693714
1970,how everything's working for us,Default Fallback Intent,Help_DemoMode,21,28,0,0.2200262341377458
7662,explain how to test my devices,Help_SelfCheck,Help_Health,46,33,0,0.22035452743505263
6698,guide me through it,Help_Home,Cmd.ListenMessage,38,10,0,0.22065488798038246
6655,record something for another person,Cmd.SendMessage,Default Fallback Intent,12,21,0,0.22116058890878076
6959,can i edit a reminder,Help_Reminder,reminders.add,44,55,0,0.22139708856541312
6965,can i snooze a reminder,Help_Reminder,reminders.add,44,55,0,0.22139708856541312
1938,i hear the voice,Default Fallback Intent,Cmd.VolumeIncrease,21,18,0,0.22186335213879574
2743,program one,Cmd.MemoryChange,Help_MemoryOptions,11,42,0,0.22212313642848985
7628,help with the buzzing in my ears,Help_Tinnitus,Help_SelfCheck,48,46,0,0.22247316913522786
7729,explain how intellivoice helps,Help_IntelliVoice,Help_RemoteProgramming,40,45,0,0.222866566573349
6557,help me hear better in this crowd,Cmd.MemoryChange,Cmd.ListenMessage,11,10,0,0.22300550254605805
1375,minimum sound,Cmd.VolumeDecrease,Default Fallback Intent,17,21,0,0.2230216765189696
1393,min sound,Cmd.VolumeDecrease,Default Fallback Intent,17,21,0,0.2230216765189696
1569,mute my hearing aids,Cmd.VolumeMute,Help_FindMyHearingAids,19,32,0,0.2232380150176497
6678,i need some assistance,Default Fallback Intent,Cmd.VolumeUnmute,21,20,0,0.22331866541493545
2215,where can i buy a phone,Default Fallback Intent,Help_MemoryOptions,21,42,0,0.223527526199781
6796,what can you help me with,Help_Home,Help_ThriveScore,38,47,0,0.22385393115567623
4438,can you alexa turn off porch light,Default Fallback Intent,Cmd.VolumeIncrease,21,18,0,0.2239644194067685
8288,relay information,Cmd.SendMessage,Help_HearingCareAnywhereConnect,12,35,0,0.22437879788062245
6597,will they survive the evening?,Cmd.BatteryLevel,Help_AppSettings,8,23,0,0.22450232278755264
6672,i want direct audio,Cmd.StreamingStart,Cmd.VolumeIncrease,13,18,0,0.2249883194848391
1881,how do you fix your tv?,Default Fallback Intent,Cmd.StreamingStart,21,13,0,0.22502623173514974
6799,why isn't my hearing aid charging,Help_Battery,Help_Pairing,24,43,0,0.2250347832880228
2647,kitchen program,Cmd.MemoryChange,Help_HearingCareAnywhereConnect,11,35,0,0.22558820745735741
534,when should i use self-check?,Help_SelfCheck,Default Fallback Intent,46,21,0,0.22571007421234118
7104,i can listen again turn it on,Cmd.VolumeUnmute,Cmd.ActivityExercise,20,3,0,0.22606433041936946
1966,don't tell me that's the problem,Default Fallback Intent,Cmd.VolumeDecrease,21,17,0,0.22611533198989256
7321,start logging my training,Cmd.ActivityExercise,Cmd.ListenMessage,3,10,0,0.22613096804217064
7768,help setting up shared listening,Help_HearShare,Help_MemoryOptions,34,42,0,0.22625616362207085
6369,take me to amazon,Default Fallback Intent,Cmd.ListenMessage,21,10,0,0.22633825164881338
6987,how's my cycling progress,Cmd.ActivityCycle,Help_HearingCareAnywhereConnect,2,35,0,0.22655610319406191
7134,put me in the music listening mode,Cmd.MemoryChange,Help_ChangingMemories,11,25,0,0.22655627143997703
4778,please change hearing aids to car,Cmd.MemoryChange,Help_DeviceSettings,11,29,0,0.22729284259603838
1712,how do i unmute the hearing aid?,Help_Volume,Help_DeviceSettings,52,29,0,0.22750447409337685
1470,is it time to charge my hearing aids,Cmd.BatteryLevel,Cmd.StreamingStart,8,13,0,0.22761938202351345
7097,restore the sound,Cmd.VolumeUnmute,Help_HearingCareAnywhereConnect,20,35,0,0.22824137907043915
805,how do i set my phone to ring in my hearing aids,Help_Pairing,Help_MemoryOptions,43,42,0,0.228774101902194
3256,can you unmute,Cmd.VolumeUnmute,Default Fallback Intent,20,21,0,0.22894121826376246
4013,can you i can’t get my hearing aid on,Help_InsertDevice,Help_DeviceSettings,39,29,0,0.22901324503765133
1467,battery level,Cmd.BatteryLevel,Cmd.VolumeUnmute,8,20,0,0.22911553412929617
8122,reduce the sound,Cmd.VolumeDecrease,Help_Volume,17,52,0,0.2295016804828467
4470,please i'm walking and they didn't working,Default Fallback Intent,Cmd.VolumeIncrease,21,18,0,0.22952038861460594
6280,remind me at,reminders.add,Cmd.TranslationStart,55,16,0,0.22959541920818388
2669,office setting,Cmd.MemoryChange,Help_MemoryOptions,11,42,0,0.2297642000537024
7180,power level check,Cmd.BatteryLevel,Cmd.VolumeDecrease,8,17,0,0.2297706373854321
2613,auditorium memory,Cmd.MemoryChange,Help_MemoryOptions,11,42,0,0.22991950340388176
4430,can you but i want to see,Default Fallback Intent,Cmd.FindMyPhone,21,9,0,0.23038021756101223
427,play tv,Cmd.StreamingStart,Help_SelfCheck,13,46,0,0.23086166490468998
4252,please they are trying to reduce the temperature right now,Default Fallback Intent,Help_HearingCareAnywhereConnect,21,35,0,0.23183000204201648
2248,right,Default Fallback Intent,Help_SelfCheck,21,46,0,0.23193706161946082
908,remind me to pick up my prescription at 5 p.m. on tuesday,reminders.add,Cmd.TranslationStart,55,16,0,0.23245411962860166
7614,what is remote tuning,Help_RemoteProgramming,Cmd.FindMyPhone,45,9,0,0.23248985825682125
1945,how do i set it up for stereo,Default Fallback Intent,Help_DeviceSettings,21,29,0,0.2326007244466244
3761,can you reminder for this evening,reminders.add,reminders.complete,55,56,0,0.23268508477468253
4560,can you want to move up yeah i will,Default Fallback Intent,Help_RemoteProgramming,21,45,0,0.2327372992852151
4455,can you hearing aids every time the stupid phone goes,Default Fallback Intent,Help_Pairing,21,43,0,0.23279579046167853
4436,can you remember how to do it,Default Fallback Intent,reminders.complete,21,56,0,0.2336687565025289
871,every week,reminders.add,Help_MaskMode,55,41,0,0.23373573189892433
1930,basically,Default Fallback Intent,Help_HearingCareAnywhereConnect,21,35,0,0.23379808152576004
1951,nevermind,Default Fallback Intent,Help_HearingCareAnywhereConnect,21,35,0,0.23379808152576004
1979,dailly,Default Fallback Intent,Help_HearingCareAnywhereConnect,21,35,0,0.23379808152576004
2034,yearly,Default Fallback Intent,Help_HearingCareAnywhereConnect,21,35,0,0.23379808152576004
2083,lyrics,Default Fallback Intent,Help_HearingCareAnywhereConnect,21,35,0,0.23379808152576004
5996,unsilence,Cmd.VolumeUnmute,Help_HearingCareAnywhereConnect,20,35,0,0.23379808152576004
6363,seto,Default Fallback Intent,Help_HearingCareAnywhereConnect,21,35,0,0.23379808152576004
8359,heya,Default Fallback Intent,Help_HearingCareAnywhereConnect,21,35,0,0.23379808152576004
8360,howdy,Default Fallback Intent,Help_HearingCareAnywhereConnect,21,35,0,0.23379808152576004
8361,hiya,Default Fallback Intent,Help_HearingCareAnywhereConnect,21,35,0,0.23379808152576004
8369,greetings,Default Fallback Intent,Help_HearingCareAnywhereConnect,21,35,0,0.23379808152576004
8370,yo,Default Fallback Intent,Help_HearingCareAnywhereConnect,21,35,0,0.23379808152576004
8381,sup,Default Fallback Intent,Help_HearingCareAnywhereConnect,21,35,0,0.23379808152576004
8393,goodbye,Default Fallback Intent,Help_HearingCareAnywhereConnect,21,35,0,0.23379808152576004
8400,goodnight,Default Fallback Intent,Help_HearingCareAnywhereConnect,21,35,0,0.23379808152576004
8408,cheers,Default Fallback Intent,Help_HearingCareAnywhereConnect,21,35,0,0.23379808152576004
8430,wassup,Default Fallback Intent,Help_HearingCareAnywhereConnect,21,35,0,0.23379808152576004
465,what's new with my hearing aids,Help_WhatsNew,Help_SelfCheck,53,46,0,0.23401620905651044
8012,open my wellness dashboard,Help_Health,Cmd.FindMyPhone,33,9,0,0.2340562016229027
530,how do i perform a self-check?,Help_SelfCheck,Default Fallback Intent,46,21,0,0.23406946892454683
652,how do i adjust my noise masker in my left hearing aid?,Help_Tinnitus,Help_FindMyHearingAids,48,32,0,0.23411572934999586
7127,i want sound coming through again,Cmd.VolumeUnmute,Help_DeviceSettings,20,29,0,0.23436832506490876
7668,guide me on running a device test,Help_SelfCheck,Cmd.SendMessage,46,12,0,0.23481883292982836
4196,please ashes to ashes all fall down,Default Fallback Intent,Cmd.TranscribeStart,21,15,0,0.23536223358847394
6569,pick a better mode for this place,Cmd.MemoryChange,Help_HearingCareAnywhereConnect,11,35,0,0.23557204120040878
7065,my ears are taking a beating,Cmd.VolumeDecrease,Help_HearingCareAnywhereConnect,17,35,0,0.23581191075213379
6421,do not let me forget,reminders.add,Help_Reminder,55,44,0,0.23585194101737048
776,how do i reconnect my hearing aids,Help_Pairing,Help_FindMyHearingAids,43,32,0,0.23602963759589965
6658,route the sound to my hearing aids,Cmd.StreamingStart,Help_DeviceSettings,13,29,0,0.23638397225183042
6368,take,Default Fallback Intent,Help_FallAlert,21,31,0,0.23646401119531793
7585,how do i search for my hearing aids in the app,Help_FindMyHearingAids,Help_InsertDevice,32,39,0,0.23671624497892388
2056,i'm floating on the road,Default Fallback Intent,Cmd.TranscribeStart,21,15,0,0.23679015682651655
2185,completely,Default Fallback Intent,Cmd.ActivityCycle,21,2,0,0.2373482945960966
7587,explain the remote microphone,Help_Accessories,Help_RemoteProgramming,22,45,0,0.23798254894811613
2038,sausages after using my location,Default Fallback Intent,Cmd.StreamingStart,21,13,0,0.23845396150583173
8165,help me remember to do that,reminders.add,Default Fallback Intent,55,21,0,0.23853153542149777
4386,can you just like siri,Default Fallback Intent,Cmd.VolumeIncrease,21,18,0,0.23861939694340728
8254,guide me through the interface,Help_Home,Help_Customize,38,27,0,0.2387820151442769
8155,did i drop my aids somewhere,Help_FindMyHearingAids,Help_CleanCare,32,26,0,0.23886166096499234
4672,please telephone audio input,Default Fallback Intent,Cmd.VolumeIncrease,21,18,0,0.23922760238089724
3480,can you remember to vitamin d at 7 p.m. everyday,reminders.add,Default Fallback Intent,55,21,0,0.23937251504966459
2643,automatic program,Cmd.MemoryChange,Help_HearingCareAnywhereConnect,11,35,0,0.23941704124962507
8258,how does this app work,Help_Home,Help_DemoMode,38,28,0,0.24003052365465236
2125,fuck off,Default Fallback Intent,Help_CleanCare,21,26,0,0.24025817969103816
7989,tell me about live captions,Help_Transcribe,Cmd.TranscribeStart,49,15,0,0.24054343338887305
1974,what what's not working,Default Fallback Intent,Help_Home,21,38,0,0.24093570842705825
4197,can you ashes to ashes all fall down,Default Fallback Intent,Cmd.TranscribeStart,21,15,0,0.24109819242496552
7683,where's my combined body and brain rating,Help_ThriveScore,Help_DeviceSettings,47,29,0,0.24132046538127247
6213,how do i submit another help request?,Help_RemoteProgramming,Help_Customize,45,27,0,0.24155191273870294
2713,switch to everyday,Cmd.MemoryChange,Cmd.ActivityRun,11,4,0,0.24223536400381054
5408,can you golf memory,Cmd.MemoryChange,Default Fallback Intent,11,21,0,0.24246871625671382
147,maximum sound,Cmd.VolumeIncrease,Help_DeviceSettings,18,29,0,0.24266126477192712
5954,turn off my right aid,Cmd.VolumeMute,Help_SelfCheck,19,46,0,0.2426731191761239
7567,how to bond my aids with the app,Help_Pairing,Help_Accessories,43,22,0,0.24270086469634458
869,every year,reminders.add,Help_MaskMode,55,41,0,0.24276454606096268
7626,explain the tinnitus features,Help_Tinnitus,Help_Pairing,48,43,0,0.2429527710052831
2222,how do i remove a sliver,Default Fallback Intent,Help_InsertDevice,21,39,0,0.242968978571103
211,why can't you find the left hearing aid it is in my ear and working fine?,Help_FindMyHearingAids,Help_SelfCheck,32,46,0,0.24309459570140754
8424,what is up,Default Fallback Intent,Help_HearingCareAnywhereConnect,21,35,0,0.24319884267673003
6674,use the audio streamer,Cmd.StreamingStart,Help_DeviceSettings,13,29,0,0.24352868726293825
1990,the score of the minnesota twins game,Default Fallback Intent,Cmd.TranslationStart,21,16,0,0.24381835379394104
6239,remember to turn off my phone every day at 11 p.m.,reminders.add,Cmd.VolumeMute,55,19,0,0.24394753290959006
7230,i'm heading out running,Cmd.ActivityRun,Cmd.FindMyPhone,4,9,0,0.2441234753611913
7797,how do i use google assistant with my aids,Help_VoiceAssistant,Help_Accessories,51,22,0,0.24434529907232838
3802,please connect me to my audiologist,Help_RemoteProgramming,Cmd.FindMyPhone,45,9,0,0.2453067421304371
1903,reset,Default Fallback Intent,Cmd.ActivityRun,21,4,0,0.24545247845238613
6591,battery check please,Cmd.BatteryLevel,Cmd.FindMyPhone,8,9,0,0.24563833257350517
2107,how do i turn off my headlights,Default Fallback Intent,Help_Home,21,38,0,0.24564437436576866
3868,can you receiver,Help_WiCROS,Default Fallback Intent,54,21,0,0.24573128506971786
825,how do i reconnect my right hearing aid,Help_Pairing,Help_InsertDevice,43,39,0,0.2459200849754872
1752,listen to it.,Cmd.ListenMessage,Cmd.StreamingStart,10,13,0,0.2465821806663466
7642,how do i turn on the soothing sound,Help_Tinnitus,Help_Volume,48,52,0,0.24704042952661154
4612,can you youtube videos,Default Fallback Intent,Cmd.VolumeIncrease,21,18,0,0.24710034813487725
8333,battery good enough for the evening,Cmd.BatteryLevel,Cmd.ActivityStand,8,5,0,0.24720786504110176
1867,everyday is exciting,Default Fallback Intent,Help_Transcribe,21,49,0,0.2480590439951525
4260,can you florist off screen,Default Fallback Intent,Cmd.VolumeMute,21,19,0,0.24818415434833357
5891,how many calories did i use while exercising,Cmd.ActivityExercise,Cmd.ActivityRun,3,4,0,0.24852516195347057
8252,how do i use this,Help_Home,Help_Customize,38,27,0,0.24853587414815353
4784,please go to restaurant,Cmd.MemoryChange,Default Fallback Intent,11,21,0,0.24886249424064047
2164,can come off,Default Fallback Intent,Cmd.VolumeMute,21,19,0,0.24905446076494028
890,remember to take medication today at 5 p.m.,reminders.add,Cmd.VolumeDecrease,55,17,0,0.2492754198216365
3564,can you remind me to clean hearing aids today,reminders.add,Cmd.StreamingStart,55,13,0,0.24938383162559305
7844,cleaning and care help,Help_CleanCare,Help_HearingCareAnywhereConnect,26,35,0,0.2494085296227338
8407,thanks so much,Default Fallback Intent,Help_FindMyHearingAids,21,32,0,0.24961935961907566
2262,how can i go there,Default Fallback Intent,Help_DeviceSettings,21,29,0,0.24968852255430293
2069,tuesday,Default Fallback Intent,Cmd.VolumeIncrease,21,18,0,0.24991990896553942
7795,can i pair siri to my hearing aids,Help_VoiceAssistant,Help_DemoMode,51,28,0,0.25030483503170203
4674,please the left hearing aid,Default Fallback Intent,Help_Pairing,21,43,0,0.25041985714495946
1201,what is comfort boost?,Help_DeviceSettings,Cmd.VolumeDecrease,29,17,0,0.2504452370846652
7190,route the movie sound to my hearing aids,Cmd.StreamingStart,Help_SelfCheck,13,46,0,0.25092241699338025
7457,remind me to take out the trash,reminders.add,Cmd.TranslationStart,55,16,0,0.2516538535427797
7017,speech is too quiet,Cmd.VolumeIncrease,Cmd.VolumeDecrease,18,17,0,0.25178259545447434
5406,can you automatic memory,Cmd.MemoryChange,Default Fallback Intent,11,21,0,0.25189283590111095
1022,remind me 10:30 p.m. to close the restaurant,reminders.add,Default Fallback Intent,55,21,0,0.2520556934199062
2682,change to car,Cmd.MemoryChange,Default Fallback Intent,11,21,0,0.2521405909992308
7852,how do i take care of my aids,Help_CleanCare,Help_HearingCareAnywhereConnect,26,35,0,0.2523605027700319
7963,explain how translation works on my aids,Help_Translate,Help_FindMyHearingAids,50,32,0,0.25245655508357345
6056,best iphone,Default Fallback Intent,Cmd.FindMyPhone,21,9,0,0.25271639593649087
6550,speech is too sharp,Cmd.VolumeDecrease,Cmd.ActivityCalories,17,1,0,0.2529978822214965
6628,help me keep track of this,reminders.add,Help_WhatsNew,55,53,0,0.2530953282379287
6583,how are my batteries doing?,Cmd.BatteryLevel,Help_FallAlert,8,31,0,0.2532296885765869
2700,change to train,Cmd.MemoryChange,Cmd.ActivityRun,11,4,0,0.253474010769165
8139,pick my telephone program,Cmd.MemoryChange,Cmd.FindMyPhone,11,9,0,0.25350050582720074
2692,change to master,Cmd.MemoryChange,Default Fallback Intent,11,21,0,0.25366375227172894
1373,make my hearing aids softer,Cmd.VolumeDecrease,Cmd.VolumeIncrease,17,18,0,0.25382793453348323
6298,turn on bluetooth,Help_Pairing,Default Fallback Intent,43,21,0,0.25405858370950146
7591,explain the accessory options,Help_Accessories,Help_Health,22,33,0,0.25407274516372763
3964,can you drop the sound in my hearing aid,Cmd.VolumeDecrease,Help_DeviceSettings,17,29,0,0.254482500046241
5451,can you meeting setting,Cmd.MemoryChange,Default Fallback Intent,11,21,0,0.25508906083004057
7818,my device keeps falling out of my ear,Help_InsertDevice,Default Fallback Intent,39,21,0,0.2556761045302184
889,remember to take medicine next thursday at 4 p.m.,reminders.add,Cmd.VolumeMute,55,19,0,0.2557144860996076
1899,david soul alert,Default Fallback Intent,Help_FallAlert,21,31,0,0.2558471876219211
7600,what microphones can i pair,Help_Accessories,Help_DemoMode,22,28,0,0.25653451754818685
7499,what's the way to change volume,Help_Volume,Help_DeviceSettings,52,29,0,0.2566692612543486
1871,what time does falls park open,Default Fallback Intent,Help_HearShare,21,34,0,0.2567455699759046
7138,give me my tv watching program,Cmd.MemoryChange,Cmd.StreamingStart,11,13,0,0.25709140791028556
6633,remind me when the time comes,reminders.add,Default Fallback Intent,55,21,0,0.2572551018351884
3468,please remember to work out,reminders.add,Default Fallback Intent,55,21,0,0.25730817638178405
1855,how do i make,Default Fallback Intent,Help_IntelliVoice,21,40,0,0.2573263895262623
7718,my audio quality has gone downhill,Help_DeviceSettings,Cmd.VolumeDecrease,29,17,0,0.2573618091808356
1929,iconic store,Default Fallback Intent,Help_HearingCareAnywhereConnect,21,35,0,0.25747423561743155
1046,what is basic mode?,Help_AppSettings,Help_DemoMode,23,28,0,0.25767812234847537
866,schedule appointment,reminders.add,Cmd.VolumeDecrease,55,17,0,0.2577230202989097
2160,okay microphone,Default Fallback Intent,Help_CleanCare,21,26,0,0.2584422842580765
636,enable right hearing aid,Cmd.VolumeUnmute,Cmd.VolumeMute,20,19,0,0.2587068635370552
7197,hook my aids up to the tv sound,Cmd.StreamingStart,Help_Accessories,13,22,0,0.25883859723513564
7896,explain how cros and bicros work,Help_WiCROS,Help_HeartRate,54,36,0,0.2590247932813458
6374,too many things back there,Default Fallback Intent,Cmd.VolumeIncrease,21,18,0,0.25902810952219846
2727,switch to worship,Cmd.MemoryChange,Cmd.TranscribeStart,11,15,0,0.2591603079965283
2620,gym memory,Cmd.MemoryChange,Help_HearingCareAnywhereConnect,11,35,0,0.25917623126824374
8391,how's life,Default Fallback Intent,Cmd.VolumeDecrease,21,17,0,0.25921874074221385
6592,how much juice is left?,Cmd.BatteryLevel,Default Fallback Intent,8,21,0,0.25927714851298694
6593,how much juice is left,Cmd.BatteryLevel,Default Fallback Intent,8,21,0,0.25927714851298694
3230,please please diagnose my hearing aids,Help_SelfCheck,Default Fallback Intent,46,21,0,0.2594318715263652
1197,when do i use comfort boost?,Help_DeviceSettings,Help_Customize,29,27,0,0.2595437499769403
8375,how are you today,Default Fallback Intent,Cmd.ActivityCalories,21,1,0,0.25960209040509014
7728,what does the smart speech mode do,Help_IntelliVoice,Help_AppSettings,40,23,0,0.2599992981460214
6626,i need to be reminded,reminders.add,Help_MaskMode,55,41,0,0.26027057003347664
2776,memory four,Cmd.MemoryChange,Help_FindMyHearingAids,11,32,0,0.2603686489144346
6166,max sound,Cmd.VolumeIncrease,Help_HearingCareAnywhereConnect,18,35,0,0.260436153129886
3552,please set a reminder to clean hearing aids today,reminders.add,Cmd.SendMessage,55,12,0,0.2605011792573356
4267,please the weather outside today,Default Fallback Intent,Help_WiCROS,21,54,0,0.26051373294937574
6697,i need directions,Help_Home,Default Fallback Intent,38,21,0,0.2606029333610269
3156,can you play me the microphone,Cmd.StreamingStart,Cmd.FindMyPhone,13,9,0,0.26066677229289115
6780,don't let me forget this,reminders.add,Default Fallback Intent,55,21,0,0.2607189185515419
3291,can you unmute the aids,Cmd.VolumeUnmute,Default Fallback Intent,20,21,0,0.2609141409023473
2660,mute setting,Cmd.MemoryChange,Help_WiCROS,11,54,0,0.26110813081981743
7071,i want absolute quiet,Cmd.VolumeMute,Cmd.VolumeIncrease,19,18,0,0.2613714016042451
8285,text a family member,Cmd.SendMessage,Default Fallback Intent,12,21,0,0.261493601957059
8405,thanks a lot,Default Fallback Intent,Help_SelfCheck,21,46,0,0.2615656291165366
123,how long have i been exercising,Cmd.ActivityExercise,Cmd.ActivityRun,3,4,0,0.2616339136552819
124,how long have i been exercising?,Cmd.ActivityExercise,Cmd.ActivityRun,3,4,0,0.2616339136552819
2275,how long have i been riding?,Cmd.ActivityCycle,Cmd.ActivityRun,2,4,0,0.2616339136552819
2279,how long have i been bicycling,Cmd.ActivityCycle,Cmd.ActivityRun,2,4,0,0.2616339136552819
1329,how do i increase the treble,Help_Customize,Help_Home,27,38,0,0.2616953332978488
6769,i could use a hand with this app,Help_Home,Default Fallback Intent,38,21,0,0.262207770190197
7120,unmute me,Cmd.VolumeUnmute,Help_WiCROS,20,54,0,0.2622467224734961
6035,what's different about kind?,Help_WhatsNew,Default Fallback Intent,53,21,0,0.262480562024502
6127,what is wrong with my hearing aid near me?,Help_SelfCheck,Help_FindMyHearingAids,46,32,0,0.2627882583589644
2044,i'm walking and they didn't working,Default Fallback Intent,Cmd.VolumeIncrease,21,18,0,0.2628212192415571
7883,any new updates to know about,Help_WhatsNew,Default Fallback Intent,53,21,0,0.2628717542431947
7103,stop muting now,Cmd.VolumeUnmute,Help_HearingCareAnywhereConnect,20,35,0,0.2637169342025625
50,what do the fall indicators sound like?,Help_FallAlert,Cmd.ActivityStand,31,5,0,0.2642441744246826
4755,can you locate my wife,Default Fallback Intent,Help_FindMyHearingAids,21,32,0,0.2644243096839794
5909,how do i see how much i have biked today?,Help_Health,Help_AppSettings,33,23,0,0.2645842310179374
531,why doesn't my wife hearing aid work,Help_SelfCheck,Help_VoiceAssistant,46,51,0,0.26601128458922046
6978,transcribe what i hear,Cmd.TranscribeStart,Help_Transcribe,15,49,0,0.26603081961196573
8388,good to see you,Default Fallback Intent,Cmd.ListenMessage,21,10,0,0.2661460147660288
3700,can you remind me i have a meeting,reminders.add,Default Fallback Intent,55,21,0,0.26654550242403924
6742,i have to ask people to repeat themselves,Cmd.VolumeIncrease,Cmd.MemoryChange,18,11,0,0.26671793996041404
2192,my right hearing aid is at 0%,Default Fallback Intent,Help_FindMyHearingAids,21,32,0,0.26675192981736306
1958,she goes,Default Fallback Intent,Cmd.TranslationStart,21,16,0,0.267257292313583
3763,can you remind me to exercise tonight,reminders.add,Cmd.ActivityExercise,55,3,0,0.2672817643830819
1163,how do i add an automatic phone program?,Help_DeviceSettings,Help_Tinnitus,29,48,0,0.2674339756266034
2688,change to golf,Cmd.MemoryChange,Default Fallback Intent,11,21,0,0.26750100818405964
4281,please nothing wrong with me,Default Fallback Intent,Cmd.VolumeMute,21,19,0,0.26764324690747104
2153,why doesn't my drive app?,Default Fallback Intent,Cmd.FindMyPhone,21,9,0,0.2676925677118066
2287,go to personal,Cmd.MemoryChange,Help_Home,11,38,0,0.2678158919426502
8043,how do i reach my audiologist through the app,Help_HearingCareAnywhereConnect,Help_Customize,35,27,0,0.2683308413393145
3667,can you reminder to play with my cat everyday at 7 p.m.,reminders.add,Default Fallback Intent,55,21,0,0.268435112864104
5798,end streaming,Cmd.StreamingStop,Cmd.TranscribeStart,14,15,0,0.26846881657239763
1916,where do i find the mute button,Help_Volume,Help_DeviceSettings,52,29,0,0.2685417306670777
893,don't let me forget,reminders.add,Default Fallback Intent,55,21,0,0.2686305768779065
6725,kill the sound,Cmd.VolumeMute,Cmd.VolumeIncrease,19,18,0,0.26888098946388517
590,how can i use my hearing aids,Help_Home,Help_CleanCare,38,26,0,0.2689742096481288
2718,switch to master,Cmd.MemoryChange,Cmd.VolumeUnmute,11,20,0,0.26956100873431216
1346,what are all the features of health?,Help_Health,Default Fallback Intent,33,21,0,0.26978507313610756
7680,where do i find my overall rating,Help_ThriveScore,Help_Customize,47,27,0,0.270066248969433
8015,where do i find my pulse readings,Help_HeartRate,Help_Customize,36,27,0,0.270066248969433
7099,end the silence,Cmd.VolumeUnmute,Help_Tinnitus,20,48,0,0.2702187388810624
1392,reduce volume,Cmd.VolumeDecrease,Help_VoiceAssistant,17,51,0,0.27056530920570626
291,activity goal,Cmd.ActivityAerobics,Default Fallback Intent,0,21,0,0.2706658246370868
7016,i'm missing half the conversation,Cmd.VolumeIncrease,Default Fallback Intent,18,21,0,0.2709292741175707
7648,this ear ringing is driving me crazy,Help_Tinnitus,Default Fallback Intent,48,21,0,0.27106749507917444
5603,can you memory one,Cmd.MemoryChange,Help_MemoryOptions,11,42,0,0.2713059327890386
2068,talking about my daughter,Default Fallback Intent,Cmd.ActivityCalories,21,1,0,0.27149769882647035
5468,can you theater setting,Cmd.MemoryChange,Cmd.FindMyPhone,11,9,0,0.2715448185105339
7464,notify me when the time comes,reminders.add,Default Fallback Intent,55,21,0,0.2715450966715357
6503,boost the sound a little,Cmd.VolumeIncrease,Cmd.VolumeDecrease,18,17,0,0.27158524693077485
1011,remind me about exams every friday at 7 p.m.,reminders.add,Help_RemoteProgramming,55,45,0,0.271831963355615
7924,tips to make my batteries last longer,Help_Battery,Cmd.BatteryLevel,24,8,0,0.271844202986768
2676,train setting,Cmd.MemoryChange,Cmd.TranslationStart,11,16,0,0.2724900561302609
8343,where could my aids have gone,Help_FindMyHearingAids,Help_Customize,32,27,0,0.2726529708626341
6249,pairing devices with the thrive app,Help_Pairing,Help_DemoMode,43,28,0,0.2728063928079654
2180,the left hearing aid,Default Fallback Intent,Help_FindMyHearingAids,21,32,0,0.27293220741519447
1200,how do i play notifications through my hearing aids?,Help_DeviceSettings,Help_Customize,29,27,0,0.2730241668170086
847,why can't i get my hearing aids to go through on my phone to go through my hearing aids,Help_Pairing,Help_CleanCare,43,26,0,0.2735966078892506
7005,what is wicros used for,Help_WiCROS,Cmd.TranscribeStart,54,15,0,0.2736021021391454
125,how many calories did i burn while exercising,Cmd.ActivityExercise,Cmd.ActivityCalories,3,1,0,0.2737474116025231
6413,start a walk,Cmd.ActivityWalk,Help_InsertDevice,7,39,0,0.27427494022635807
7010,i can barely make out what people say,Cmd.VolumeIncrease,Cmd.TranscribeStart,18,15,0,0.2743975160506637
8419,help me please,Default Fallback Intent,Help_WiCROS,21,54,0,0.27449309400947736
547,please diagnose my hearing aids,Help_SelfCheck,Help_FindMyHearingAids,46,32,0,0.2746880664649315
7539,guide me on switching profiles,Help_ChangingMemories,Cmd.ActivityAerobics,25,0,0,0.2748085745147815
1416,drop the sound in my hearing aid,Cmd.VolumeDecrease,Help_InsertDevice,17,39,0,0.2749149552112384
2062,what is the weather in las vegas today,Default Fallback Intent,Help_Tinnitus,21,48,0,0.27499557511301087
2213,what's the difference between an iphone and an android phone,Default Fallback Intent,Help_RemoteProgramming,21,45,0,0.27509663259957484
3819,please help with device settings,Help_DeviceSettings,Help_Tinnitus,29,48,0,0.2751584688546574
2712,switch to automatic,Cmd.MemoryChange,Cmd.TranscribeStart,11,15,0,0.27541392146159827
5429,can you telephone program,Cmd.MemoryChange,Cmd.FindMyPhone,11,9,0,0.27559801901675823
1883,when is memorial day,Default Fallback Intent,Help_Transcribe,21,49,0,0.27561611543909037
8229,reduce the noise level,Cmd.VolumeDecrease,Help_Transcribe,17,49,0,0.2757896875528952
7111,i can hear now turn it on,Cmd.VolumeUnmute,Default Fallback Intent,20,21,0,0.2758986823510581
7046,i need it softer,Cmd.VolumeDecrease,Cmd.FindMyPhone,17,9,0,0.27597151674199816
1683,why can't i easily turn the sound on my hearing aid app,Help_Volume,Help_DeviceSettings,52,29,0,0.2760414029868709
7946,can reminders repeat every day,Help_Reminder,reminders.add,44,55,0,0.2760545898612289
7128,end the mute let me hear,Cmd.VolumeUnmute,Default Fallback Intent,20,21,0,0.2767295282713182
8308,stream to both hearing aids,Cmd.StreamingStart,Help_CleanCare,13,26,0,0.276807696365672
7709,fix the static in my aids,Help_DeviceSettings,Help_InsertDevice,29,39,0,0.27690332105177945
1148,how to set calendar event,Help_Reminder,Default Fallback Intent,44,21,0,0.2771660561872726
6654,help me send a note,Cmd.SendMessage,Help_CleanCare,12,26,0,0.27719463627982643
7116,put my hearing back on,Cmd.VolumeUnmute,Help_DeviceSettings,20,29,0,0.27757007303614606
1909,the weather outside today,Default Fallback Intent,Help_Home,21,38,0,0.27762199085594164
7090,i need it perfectly quiet,Cmd.VolumeMute,Cmd.VolumeDecrease,19,17,0,0.2780045652642033
2020,pandora,Default Fallback Intent,Help_DemoMode,21,28,0,0.2780775208677982
1462,battery remaining,Cmd.BatteryLevel,Cmd.ActivityStand,8,5,0,0.2781154605976623
3461,can you every day,reminders.add,Default Fallback Intent,55,21,0,0.2781332774483866
2662,automatic setting,Cmd.MemoryChange,Cmd.TranslationStart,11,16,0,0.2782503643549355
2791,program number one,Cmd.MemoryChange,Help_FindMyHearingAids,11,32,0,0.2783333904944325
8019,where do i see my beats per minute,Help_HeartRate,Help_HearShare,36,34,0,0.2785906432317347
3724,please remind about business meeting every monday at 4 p.m.,reminders.add,Default Fallback Intent,55,21,0,0.27936100706839917
1727,why am i not getting any sound,Help_Volume,Cmd.VolumeIncrease,52,18,0,0.27939507137825914
6562,i'm outdoors now,Cmd.MemoryChange,Default Fallback Intent,11,21,0,0.27953843966190406
1715,how do i unmute my hearing aids?,Help_Volume,Cmd.VolumeUnmute,52,20,0,0.2796157468208104
456,what's new in this version of my app?,Help_WhatsNew,Default Fallback Intent,53,21,0,0.2797494853159754
603,what's on the homepage,Help_Home,Help_Transcribe,38,49,0,0.2800032055969511
1960,siri,Default Fallback Intent,Help_VoiceAssistant,21,51,0,0.2805754732621498
7810,inserting hearing aids help,Help_InsertDevice,Help_CleanCare,39,26,0,0.2806614256189542
4420,can you somebody from motel in boise,Default Fallback Intent,Help_WhatsNew,21,53,0,0.28076976494919775
7428,start translating to spanish,Cmd.TranslationStart,Default Fallback Intent,16,21,0,0.28105617997820725
5547,can you switch to automatic,Cmd.MemoryChange,Help_AppSettings,11,23,0,0.28108881744659947
7113,stop the silence i want sound,Cmd.VolumeUnmute,Cmd.VolumeMute,20,19,0,0.28174770066558874
2227,why would i need to worry about health guidelines,Default Fallback Intent,Help_DeviceSettings,21,29,0,0.281839898749176
2690,change to home,Cmd.MemoryChange,Help_MaskMode,11,41,0,0.28197384798457964
2724,switch to theater,Cmd.MemoryChange,Cmd.StreamingStart,11,13,0,0.282313908200126
1095,can i preview the adjustments made by the professional?,Help_RemoteProgramming,Cmd.FindMyPhone,45,9,0,0.2823168761307876
3910,can you lower the level of my hearing aids,Cmd.VolumeDecrease,Default Fallback Intent,17,21,0,0.282357873382015
842,how do i sync these together,Help_Pairing,Help_Customize,43,27,0,0.2824033550393271
336,intellivoice help,Help_IntelliVoice,Help_FindMyHearingAids,40,32,0,0.2826437362826417
6709,tell me today's news,Default Fallback Intent,Help_Customize,21,27,0,0.2827432933800748
1154,what is a reminder,Help_Reminder,reminders.complete,44,56,0,0.28276970074063845
8281,send word,Cmd.SendMessage,Help_HearingCareAnywhereConnect,12,35,0,0.2828631388764272
8115,tell me about the news,Default Fallback Intent,Help_Customize,21,27,0,0.283117171545492
6358,pretty much every year,Default Fallback Intent,Cmd.SendMessage,21,12,0,0.2832001466875313
6916,end the tv connection,Cmd.StreamingStop,Cmd.StreamingStart,14,13,0,0.2833604681001707
6811,the charger isn't working,Help_Battery,Help_CleanCare,24,26,0,0.2835564080344795
442,how much have i walked?,Cmd.ActivityWalk,Help_Health,7,33,0,0.28365668517920556
6624,i need a prompt later,reminders.add,Default Fallback Intent,55,21,0,0.2836890490952227
6539,things sound too strong,Cmd.VolumeDecrease,Cmd.VolumeIncrease,17,18,0,0.2837232880322461
2194,you can always add,Default Fallback Intent,Cmd.ListenMessage,21,10,0,0.2839189342254149
2766,setting three,Cmd.MemoryChange,Cmd.FindMyPhone,11,9,0,0.28467110447517785
7106,re-enable the audio,Cmd.VolumeUnmute,Default Fallback Intent,20,21,0,0.2847572282789702
1809,how do i adjust the volume on my accessories?,Help_Accessories,Help_Volume,22,52,0,0.28520056342419176
5962,can i demonstrate my hearing aids,Help_DemoMode,Help_Pairing,28,43,0,0.28520125602461355
6365,she keeps talking to me,Default Fallback Intent,Help_Home,21,38,0,0.2853772742815218
6017,can you set reminders,reminders.add,Default Fallback Intent,55,21,0,0.28546234794506103
6506,the tv is hard to hear,Cmd.VolumeIncrease,Default Fallback Intent,18,21,0,0.2855527363340321
6687,show me available commands,Help_Home,Help_Health,38,33,0,0.2856080078660115
7851,how do i deal with sweat on my aids,Help_CleanCare,Help_DeviceSettings,26,29,0,0.2857513347612851
895,i want to be reminded,reminders.add,Help_HearingCareAnywhereConnect,55,35,0,0.28594745928013027
4637,please i said i'll shut up,Default Fallback Intent,Cmd.VolumeIncrease,21,18,0,0.2859745876545386
2026,remember how to do it,Default Fallback Intent,Help_Tinnitus,21,48,0,0.2862529670953075
6710,book me a flight,Default Fallback Intent,Cmd.ActivityStand,21,5,0,0.28654261886387067
1791,help stream,Help_Accessories,Help_HearingCareAnywhereConnect,22,35,0,0.2870028929559731
8257,explain what i can do here,Help_Home,Help_HearingCareAnywhereConnect,38,35,0,0.28789030837415747
3215,can you test hearing aids,Help_SelfCheck,Default Fallback Intent,46,21,0,0.28797828431735734
5448,can you personal setting,Cmd.MemoryChange,Default Fallback Intent,11,21,0,0.2881702631030599
5759,add a reminder,reminders.add,Help_HearShare,55,34,0,0.2882738984351532
8377,how is it going,Default Fallback Intent,Cmd.TranscribeStart,21,15,0,0.2884380691862086
8372,hello again,Default Fallback Intent,reminders.add,21,55,0,0.28863405562033045
3159,please turn streaming on,Cmd.StreamingStart,Cmd.VolumeUnmute,13,20,0,0.2888382997507857
7380,tell me what people texted,Cmd.ListenMessage,Default Fallback Intent,10,21,0,0.2888757692381341
7410,get a transcript going,Cmd.TranscribeStart,Cmd.VolumeDecrease,15,17,0,0.28911985414201197
8378,how are things,Default Fallback Intent,Help_Customize,21,27,0,0.28930595093405265
6608,track my devices,Help_FindMyHearingAids,Help_IntelliVoice,32,40,0,0.2896052909665193
6276,help streaming,Help_Accessories,Help_HearingCareAnywhereConnect,22,35,0,0.2901036172384767
6699,who is the prime minister of india?,Default Fallback Intent,Cmd.VolumeDecrease,21,17,0,0.290187970445934
2232,text levitar,Default Fallback Intent,Help_HearingCareAnywhereConnect,21,35,0,0.29028999659970556
2217,what i need to hear the question again,Default Fallback Intent,Cmd.StreamingStart,21,13,0,0.29053301664917847
6691,teach me how to use this,Help_Home,Help_Customize,38,27,0,0.2907328147409934
2687,change to everyday,Cmd.MemoryChange,Cmd.VolumeUnmute,11,20,0,0.2907748574966089
2122,turn off alarm,Default Fallback Intent,Cmd.VolumeDecrease,21,17,0,0.2909678576757027
4619,can you address change,Default Fallback Intent,Help_AppSettings,21,23,0,0.29107632914378817
62,what are the fall detections,Help_FallAlert,Default Fallback Intent,31,21,0,0.29159223610988666
6543,tone it down,Cmd.VolumeDecrease,Cmd.TranscribeStart,17,15,0,0.29177058572459064
2616,telephone memory,Cmd.MemoryChange,Help_FindMyHearingAids,11,32,0,0.29237863313655144
6566,i walked into a restaurant,Cmd.MemoryChange,Help_HeartRateRecovery,11,37,0,0.2924653761602027
2070,live in your ear if there's a wire,Default Fallback Intent,Cmd.VolumeDecrease,21,17,0,0.2925606065889765
800,how do i pair to my car's bluetooth?,Help_Pairing,Help_Health,43,33,0,0.2932305895086044
8248,what is this app for,Help_Home,Help_HearingCareAnywhereConnect,38,35,0,0.2933622340989987
3498,can you don't let me forget,reminders.add,Default Fallback Intent,55,21,0,0.29337246311521503
7142,move me to the speech in noise mode,Cmd.MemoryChange,Help_Transcribe,11,49,0,0.2934159188793454
2033,monday,Default Fallback Intent,Cmd.ListenMessage,21,10,0,0.2934302974638346
6402,pick a memory,Cmd.MemoryChange,Cmd.SendMessage,11,12,0,0.29343770420599596
1205,what is data log,Help_DeviceSettings,Cmd.FindMyPhone,29,9,0,0.29373749938172083
2714,switch to golf,Cmd.MemoryChange,Cmd.FindMyPhone,11,9,0,0.2938410610678628
155,turn my left hearing aid up,Cmd.VolumeIncrease,Help_FindMyHearingAids,18,32,0,0.2941247822467811
2706,switch to crowd,Cmd.MemoryChange,Cmd.ActivityRun,11,4,0,0.2945911755229637
1194,how do i set up auto streaming,Help_DeviceSettings,Cmd.VolumeIncrease,29,18,0,0.29471155415590017
1195,how do i set up auto streaming?,Help_DeviceSettings,Cmd.VolumeIncrease,29,18,0,0.29471155415590017
6063,get started,Help_WhatsNew,Cmd.SendMessage,53,12,0,0.29483576367593
7285,how long on my feet today,Cmd.ActivityStand,Cmd.ActivityCalories,5,1,0,0.2950107485316707
7028,louder please,Cmd.VolumeIncrease,Cmd.ActivityRun,18,4,0,0.29581238625399864
6893,track my wellness,Help_Health,Cmd.ActivityCycle,33,2,0,0.29600658326659895
6244,remember to vitamin d at 7 p.m. every day,reminders.add,Default Fallback Intent,55,21,0,0.296304576027357
2285,put hearing aids in auditorium setting,Cmd.MemoryChange,Help_SelfCheck,11,46,0,0.29638126748947063
8294,stream sound,Cmd.StreamingStart,Help_HearingCareAnywhereConnect,13,35,0,0.29655987925259214
959,remind me to charge my phone everyday at 11:00 p.m.,reminders.add,Help_FallAlert,55,31,0,0.29660825311368166
8235,muffle it a bit,Cmd.VolumeDecrease,Default Fallback Intent,17,21,0,0.29733886355784017
1963,turn the lights on,Default Fallback Intent,Cmd.VolumeUnmute,21,20,0,0.2975593350380411
7438,they're speaking another language i can't follow,Cmd.TranslationStart,Cmd.VolumeIncrease,16,18,0,0.29807070977224154
2622,master memory,Cmd.MemoryChange,Help_FindMyHearingAids,11,32,0,0.29812790506001163
6689,assist me,Default Fallback Intent,Help_HearingCareAnywhereConnect,21,35,0,0.2981394315672684
8175,text someone for me,Cmd.SendMessage,Default Fallback Intent,12,21,0,0.2982091425906497
1751,listen again.,Cmd.ListenMessage,Cmd.ActivityRun,10,4,0,0.2996549851663607
6027,as long as you hear the noise,Default Fallback Intent,Cmd.VolumeMute,21,19,0,0.2997837243700425
4761,please where's the current,Default Fallback Intent,Cmd.VolumeIncrease,21,18,0,0.2999797907060864
6797,what does this app do,Help_Home,Help_HearingCareAnywhereConnect,38,35,0,0.30014837917465215
6026,can you set reminders for me,reminders.add,Default Fallback Intent,55,21,0,0.30014846802816314
8379,how do you do,Default Fallback Intent,Help_HeartRateRecovery,21,37,0,0.3003323621605285
7091,mute all audio right now,Cmd.VolumeMute,Cmd.VolumeUnmute,19,20,0,0.3006446142386329
625,turn on my right aid,Cmd.VolumeUnmute,Help_SelfCheck,20,46,0,0.3010002552123485
1464,how much life is left in the hearing aid batteries,Cmd.BatteryLevel,Help_InsertDevice,8,39,0,0.30100754500439814
8363,hello hello,Default Fallback Intent,reminders.add,21,55,0,0.3011293155108662
8362,well hello,Default Fallback Intent,Cmd.VolumeUnmute,21,20,0,0.30136239499716133
6588,can i get through today?,Cmd.BatteryLevel,Help_Home,8,38,0,0.30154520556467396
4581,can you only if it's not a problem for cdl,Default Fallback Intent,Help_Transcribe,21,49,0,0.3020369198319161
4429,please but i want to see,Default Fallback Intent,Cmd.FindMyPhone,21,9,0,0.302176830616308
1905,how do i turn my hearing a song.,Default Fallback Intent,Help_ThriveScore,21,47,0,0.302239748640821
6980,start captioning,Cmd.TranscribeStart,Help_HearingCareAnywhereConnect,15,35,0,0.3024838049469582
1959,wednesday,Default Fallback Intent,Cmd.ActivityRun,21,4,0,0.30253771280670116
455,show me the quick guide,Help_WhatsNew,Help_Accessories,53,22,0,0.30287198698605927
985,remind me i have a meeting,reminders.add,Help_HeartRate,55,36,0,0.30299862369288516
4783,can you go to personal,Cmd.MemoryChange,Default Fallback Intent,11,21,0,0.30333460267001683
6594,are the batteries healthy?,Cmd.BatteryLevel,Default Fallback Intent,8,21,0,0.30377892024341757
444,how long have i walked.,Cmd.ActivityWalk,Help_Customize,7,27,0,0.30380055872868245
7073,silence everything,Cmd.VolumeMute,Cmd.VolumeUnmute,19,20,0,0.30394325863183747
5540,please switch to music,Cmd.MemoryChange,reminders.complete,11,56,0,0.3039832235166875
1863,how often should somebody exercise every week,Default Fallback Intent,Help_WhatsNew,21,53,0,0.3042102585664954
3957,can you not so loud,Cmd.VolumeDecrease,Cmd.FindMyPhone,17,9,0,0.30426061630195556
8347,make sure i remember to take my meds,reminders.add,Default Fallback Intent,55,21,0,0.3044127250638392
6124,what's wrong with my right hearing aid,Help_SelfCheck,Help_Tinnitus,46,48,0,0.3049045032874969
2245,write a program of research institute,Default Fallback Intent,Cmd.SendMessage,21,12,0,0.305071527588122
7821,my aid keeps popping out,Help_InsertDevice,Default Fallback Intent,39,21,0,0.30523107001709204
4298,please saab wanted control,Default Fallback Intent,Cmd.VolumeDecrease,21,17,0,0.3052574322419155
8382,how's your day going,Default Fallback Intent,Help_SelfCheck,21,46,0,0.3053959569952193
7994,how do i view a transcript,Help_Transcribe,Help_HeartRate,49,36,0,0.30550746297977854
1313,how do i increase the bass,Help_Customize,Help_Home,27,38,0,0.305698190828143
1961,turn on the answer double tap slept here.,Default Fallback Intent,Help_DeviceSettings,21,29,0,0.30581226554546986
2172,play i'm carrying it,Default Fallback Intent,Cmd.VolumeIncrease,21,18,0,0.30582684956293393
3469,please remember to watch,reminders.add,Default Fallback Intent,55,21,0,0.30597415264395667
5689,can you setting number one,Cmd.MemoryChange,Help_MemoryOptions,11,42,0,0.3060550378938603
1477,where do i see words being said in real time?,Help_Transcribe,Help_HearingCareAnywhereConnect,49,35,0,0.3062046954290103
4198,please electric car battery,Default Fallback Intent,Cmd.BatteryLevel,21,8,0,0.30622416509550227
6673,play sound in my hearing aids,Cmd.StreamingStart,Help_FindMyHearingAids,13,32,0,0.30666530772366285
2253,locate the nearest golf course,Default Fallback Intent,Help_HearingCareAnywhereConnect,21,35,0,0.30679444208359147
7193,put the audio into my ears,Cmd.StreamingStart,Help_SelfCheck,13,46,0,0.30714161163314474
1711,how do i mute my right hearing aid?,Help_Volume,Help_Tinnitus,52,48,0,0.30733810051055743
7086,kill all the noise completely,Cmd.VolumeMute,Help_DeviceSettings,19,29,0,0.3073523356593731
8101,how do i bake bread,Default Fallback Intent,Help_HeartRate,21,36,0,0.30744965662460816
8195,use my hearing aids as speakers,Cmd.StreamingStart,Help_Pairing,13,43,0,0.3075806752863265
1866,how do i know if i need hearing aids,Default Fallback Intent,Help_DeviceSettings,21,29,0,0.30781391808404457
7242,save the run i just finished,Cmd.ActivityRun,Cmd.ActivityCalories,4,1,0,0.3081827747856266
7210,disconnect me from the stream,Cmd.StreamingStop,Cmd.StreamingStart,14,13,0,0.3086057135220036
923,remind me to clean hearing aids today,reminders.add,Help_FindMyHearingAids,55,32,0,0.30870543635542724
6314,remind me to take my medicine in 1 minute,reminders.add,Help_HearShare,55,34,0,0.3088717914857335
3116,can you connect to remote,Cmd.StreamingStart,Default Fallback Intent,13,21,0,0.3092419424218665
162,turn up my right aid,Cmd.VolumeIncrease,Help_FindMyHearingAids,18,32,0,0.3092850770522019
5460,can you home setting,Cmd.MemoryChange,Default Fallback Intent,11,21,0,0.30940158567300435
940,remind me to wake up at 6 a.m.,reminders.add,Cmd.VolumeIncrease,55,18,0,0.30944572033891043
6195,how do i make the hearing aids louder?,Help_Volume,Cmd.VolumeIncrease,52,18,0,0.3096009552002845
7299,how many miles have i biked,Cmd.ActivityCycle,Cmd.ActivityRun,2,4,0,0.3099400947959994
6721,i need some quiet,Cmd.VolumeDecrease,Cmd.VolumeIncrease,17,18,0,0.3102435101173357
4762,please ek divas jam to send the money,Default Fallback Intent,Help_DeviceSettings,21,29,0,0.31035167771399347
2204,"i'm just like oh, so that's the point that down.",Default Fallback Intent,Help_Customize,21,27,0,0.31052504221124855
7685,the audio keeps cutting out what do i do,Help_DeviceSettings,Default Fallback Intent,29,21,0,0.3105658636825791
2035,hearing aids every time the stupid phone goes,Default Fallback Intent,Cmd.BatteryLevel,21,8,0,0.310745090134687
8202,transmit the sound wirelessly,Cmd.StreamingStart,Cmd.VolumeIncrease,13,18,0,0.31124508390159
4699,please so this is your hearing aids,Default Fallback Intent,Cmd.VolumeDecrease,21,17,0,0.3113235949391032
4187,can you help stream,Help_Accessories,Cmd.FindMyPhone,22,9,0,0.31194223537558685
2203,sound bar,Default Fallback Intent,Cmd.VolumeDecrease,21,17,0,0.3119490944459311
4786,can you go to meeting,Cmd.MemoryChange,Default Fallback Intent,11,21,0,0.31258764407709044
8416,can you help me,Default Fallback Intent,Cmd.FindMyPhone,21,9,0,0.31262087133431543
2183,show me the jury,Default Fallback Intent,Cmd.FindMyPhone,21,9,0,0.31268098942836053
6695,show me the basics,Help_Home,Cmd.FindMyPhone,38,9,0,0.31268098942836053
8207,show me the fundamentals,Help_Home,Cmd.FindMyPhone,38,9,0,0.31268098942836053
4483,please i'm floating on the road,Default Fallback Intent,Cmd.TranscribeStart,21,15,0,0.31294144489246317
630,turn on the volume,Cmd.VolumeUnmute,Cmd.VolumeDecrease,20,17,0,0.313489864228293
4723,please debony logging up,Default Fallback Intent,Cmd.FindMyPhone,21,9,0,0.3138066211474966
3866,please i don’t hear a difference when i change my balance control,Help_WiCROS,Default Fallback Intent,54,21,0,0.31412752654627035
3099,can you calories standing,Cmd.ActivityStand,Default Fallback Intent,5,21,0,0.31418968791343227
4652,please so do i unable to caesar,Default Fallback Intent,Help_Customize,21,27,0,0.314720850703048
3862,can you memory button,Help_ChangingMemories,Help_MemoryOptions,25,42,0,0.31484046764086976
6305,how do i down cls,Default Fallback Intent,Help_HearingCareAnywhereConnect,21,35,0,0.31502502502412333
6613,find my equipment,Help_FindMyHearingAids,Help_Customize,32,27,0,0.3151571791464797
7388,find my handset,Cmd.FindMyPhone,Help_Customize,9,27,0,0.3151571791464797
6684,i need some guidance,Help_Home,Cmd.VolumeMute,38,19,0,0.315268570251751
6885,recover my hearing aid settings,Help_HearingCareAnywhereConnect,Help_DeviceSettings,35,29,0,0.3158737823828572
1032,add reminder for meeting,reminders.add,reminders.complete,55,56,0,0.3163412129971016
7249,i'm off for a walk,Cmd.ActivityWalk,Help_Pairing,7,43,0,0.31635963839384895
6044,could you remind me,reminders.add,Cmd.VolumeIncrease,55,18,0,0.3167193986761032
7882,what got added recently,Help_WhatsNew,Default Fallback Intent,53,21,0,0.3170057690457666
6407,begin a run,Cmd.ActivityRun,Help_IntelliVoice,4,40,0,0.3172464242358871
1228,how do i access my hearing aid memories?,Help_ChangingMemories,Help_Battery,25,24,0,0.31758314727581516
2256,locate a restaurant,Default Fallback Intent,Help_HearingCareAnywhereConnect,21,35,0,0.31773054541164125
6708,who invented the telephone?,Default Fallback Intent,Cmd.VolumeIncrease,21,18,0,0.3179309881914114
1771,how do i adjust the volume on my accessory?,Help_Accessories,Help_DeviceSettings,22,29,0,0.31814875063558107
6197,how do i change my table mic?,Help_Accessories,Help_Customize,22,27,0,0.31816389799858147
3491,please remember to take medicine,reminders.add,Default Fallback Intent,55,21,0,0.3182764384379747
1801,show me help for my accessories,Help_Accessories,Help_Health,22,33,0,0.31854191408893484
8208,what's the simplest way to begin,Help_Home,Help_WhatsNew,38,53,0,0.3189030632954882
2042,hearing aid,Default Fallback Intent,Help_CleanCare,21,26,0,0.31897463342454135
466,how has this app changed?,Help_WhatsNew,Help_DemoMode,53,28,0,0.3190162638097342
2049,fire on friday,Default Fallback Intent,Help_HearingCareAnywhereConnect,21,35,0,0.3194261418802636
6625,remember this for me,reminders.add,Default Fallback Intent,55,21,0,0.3198054768439546
7235,capture my running session,Cmd.ActivityRun,Help_Health,4,33,0,0.31997701076175705
6415,log a walk,Cmd.ActivityWalk,Help_Battery,7,24,0,0.3200505824266144
8179,send word to my family,Cmd.SendMessage,Help_HearingCareAnywhereConnect,12,35,0,0.32015900718705387
2010,you need some help,Default Fallback Intent,Help_DeviceSettings,21,29,0,0.32020558373169083
3119,can you stream on,Cmd.StreamingStart,Cmd.FindMyPhone,13,9,0,0.320230531251271
7214,stop the music going to my aids,Cmd.StreamingStop,Cmd.StreamingStart,14,13,0,0.3208495562114346
8083,cut the wind noise with a setting,Help_EdgeMode,Cmd.MemoryChange,30,11,0,0.32090871157173895
6728,the sound keeps dropping out,Help_DeviceSettings,Default Fallback Intent,29,21,0,0.32101953515307585
5418,can you tinnitus memory,Cmd.MemoryChange,Help_ChangingMemories,11,25,0,0.3213388095555148
5861,how do i talk to someone that’s speaking a different language?,Help_Translate,Help_MemoryOptions,50,42,0,0.3213462731995205
2087,sorry about this okay i got it,Default Fallback Intent,Cmd.ActivityRun,21,4,0,0.32140283764926014
6623,help me remember an appointment,reminders.add,Help_RemoteProgramming,55,45,0,0.3215521689818063
2053,what can i ask?,Default Fallback Intent,Help_AppSettings,21,23,0,0.32194668997577625
628,turn off mute,Cmd.VolumeUnmute,Cmd.VolumeMute,20,19,0,0.3219618804658602
3454,can you schedule appointment,reminders.add,Cmd.ListenMessage,55,10,0,0.3221003266801305
7693,my aids keep glitching,Help_DeviceSettings,Help_CleanCare,29,26,0,0.32215231664996774
5916,make my hearing aids louder,Cmd.VolumeIncrease,Help_SelfCheck,18,46,0,0.32223600952551534
1616,start recording for me,Cmd.TranscribeStart,Default Fallback Intent,15,21,0,0.3222681950978705
7009,what is noise induced hearing loss,Help_Tinnitus,Default Fallback Intent,48,21,0,0.32234922831482543
7416,caption what people are saying around me,Cmd.TranscribeStart,Cmd.VolumeIncrease,15,18,0,0.32271757519665506
8355,hey,Default Fallback Intent,Help_HearShare,21,34,0,0.3230931650821318
7056,the noise level is too high,Cmd.VolumeDecrease,Default Fallback Intent,17,21,0,0.323811937787252
7881,show me the latest features,Help_WhatsNew,Cmd.ActivityCalories,53,1,0,0.32385547804703824
4568,please and push it down for dramatics,Default Fallback Intent,Cmd.VolumeDecrease,21,17,0,0.3244547129486188
2677,work setting,Cmd.MemoryChange,Help_MemoryOptions,11,42,0,0.32478322420471817
7717,the sound keeps cutting in and out,Help_DeviceSettings,Default Fallback Intent,29,21,0,0.32483127779496085
7119,cancel the mute please,Cmd.VolumeUnmute,Cmd.VolumeMute,20,19,0,0.3248689166936119
4364,please turn on light.,Default Fallback Intent,Cmd.VolumeUnmute,21,20,0,0.3251136253510511
777,how do i connect my hearing aids?,Help_Pairing,Help_FindMyHearingAids,43,32,0,0.3251599713923082
778,how do i connect my hearing aids,Help_Pairing,Help_FindMyHearingAids,43,32,0,0.3251599713923082
8183,relay this information,Cmd.SendMessage,Help_HearShare,12,34,0,0.3254064640013086
8310,hearing aid audio link,Cmd.StreamingStart,Cmd.VolumeMute,13,19,0,0.3256319071529416
6791,ping my wife,Cmd.SendMessage,Help_HeartRate,12,36,0,0.32566803139977774
435,how far have i walked,Cmd.ActivityWalk,Cmd.ActivityRun,7,4,0,0.32618962776342664
5435,can you kitchen program,Cmd.MemoryChange,Default Fallback Intent,11,21,0,0.32657397156738677
7456,remind me about the doctor on friday,reminders.add,Cmd.VolumeUnmute,55,20,0,0.32672427672316223
2201,dawsonville quick,Default Fallback Intent,Help_MaskMode,21,41,0,0.3267726177323341
6696,help me get started,Help_Home,Help_HeartRate,38,36,0,0.32681412083394246
8300,wireless hearing aid connection,Cmd.StreamingStart,Help_SelfCheck,13,46,0,0.32695509863379596
2015,i wish i could wake up,Default Fallback Intent,Cmd.VolumeIncrease,21,18,0,0.32703155707304327
7660,where is the device test,Help_SelfCheck,Default Fallback Intent,46,21,0,0.32713920464998125
7785,does it work with alexa,Help_VoiceAssistant,Cmd.TranscribeStart,51,15,0,0.327570969795564
6770,none of this app makes sense,Help_Home,Default Fallback Intent,38,21,0,0.32762950273222013
4460,please sausages after using my location,Default Fallback Intent,Help_FindMyHearingAids,21,32,0,0.32766786514274204
5454,can you auditorium setting,Cmd.MemoryChange,Cmd.VolumeIncrease,11,18,0,0.32788607982896417
2165,hold on,Default Fallback Intent,Cmd.VolumeUnmute,21,20,0,0.32812657420899044
2793,setting number one,Cmd.MemoryChange,Help_SelfCheck,11,46,0,0.32860730028146146
7189,stream the music into my ears,Cmd.StreamingStart,Help_InsertDevice,13,39,0,0.3288134120462453
1898,they are trying to reduce the temperature right now,Default Fallback Intent,Help_MemoryOptions,21,42,0,0.3290634994704098
4758,can you locate,Default Fallback Intent,Help_HearingCareAnywhereConnect,21,35,0,0.32923819442776214
2030,smile so we're going to go to that,Default Fallback Intent,Cmd.MemoryChange,21,11,0,0.3294105328421543
4261,please amazon screen is dark,Default Fallback Intent,Cmd.VolumeIncrease,21,18,0,0.32955422963160225
6739,amplify the sound a bit,Cmd.VolumeIncrease,Cmd.VolumeDecrease,18,17,0,0.3296928449911796
5943,turn stream off,Cmd.StreamingStop,Cmd.VolumeDecrease,14,17,0,0.32985148953935783
2218,how do i get to,Default Fallback Intent,Help_HearingCareAnywhereConnect,21,35,0,0.33013248986060556
2198,how do i use,Default Fallback Intent,Help_Customize,21,27,0,0.3301409313011374
2117,i can't hear anything,Default Fallback Intent,Cmd.FindMyPhone,21,9,0,0.33015346299122744
4780,please put hearing aids in auditorium setting,Cmd.MemoryChange,Help_FindMyHearingAids,11,32,0,0.3302108734288816
6762,share some news with a contact,Cmd.SendMessage,Help_HearShare,12,34,0,0.3305324292479014
4401,can you pretty sure that's mine but i can't put it on now,Default Fallback Intent,Help_Transcribe,21,49,0,0.3315852649611092
5467,can you speech setting,Cmd.MemoryChange,Default Fallback Intent,11,21,0,0.3316020269140259
6683,can you walk me through it?,Default Fallback Intent,Cmd.VolumeIncrease,21,18,0,0.33166685349567443
7803,how do i wear my aids properly,Help_InsertDevice,Help_Customize,39,27,0,0.33170688472940346
6272,help for streaming,Help_Accessories,Help_HearingCareAnywhereConnect,22,35,0,0.33178367482937243
7905,what can this app do for me,Help_Home,Help_HearingCareAnywhereConnect,38,35,0,0.33183705117460566
2095,walking down,Default Fallback Intent,Help_RemoteProgramming,21,45,0,0.33191057073146124
4268,can you the weather outside today,Default Fallback Intent,Help_Home,21,38,0,0.33197808453193683
2116,can't find bose,Default Fallback Intent,Cmd.FindMyPhone,21,9,0,0.3321174867894825
6025,where is the bi-cros control?,Help_WiCROS,Cmd.TranscribeStart,54,15,0,0.33224639693408625
5824,alexa not connecting,Default Fallback Intent,Help_Translate,21,50,0,0.3323863316916803
7208,no more streaming please,Cmd.StreamingStop,Cmd.VolumeIncrease,14,18,0,0.3324207197713419
7152,change to the comfortable indoor mode,Cmd.MemoryChange,Default Fallback Intent,11,21,0,0.3333273317961019
6660,let me listen through my hearing aids,Cmd.StreamingStart,Help_CleanCare,13,26,0,0.33363731294910975
924,remind me to pick up prescription today at 5 p.m.,reminders.add,Help_FallAlert,55,31,0,0.33368156730429815
7703,why is my hearing aid quiet on one side,Help_DeviceSettings,Help_SelfCheck,29,46,0,0.3337698633711113
3113,can you play the microphone,Cmd.StreamingStart,Default Fallback Intent,13,21,0,0.3338728624698544
5774,help with loudness changes,Help_Volume,Cmd.VolumeIncrease,52,18,0,0.33448362031522005
6776,nudge me at 3,reminders.add,Cmd.TranslationStart,55,16,0,0.33451455205373654
8249,help me understand this app,Help_Home,Help_AppSettings,38,23,0,0.33456445781720245
8087,a setting for very windy places,Help_EdgeMode,Help_CleanCare,30,26,0,0.3346055150865851
6656,play the tv through my hearing aids,Cmd.StreamingStart,Help_SelfCheck,13,46,0,0.3346628514807312
6354,my left hearing aids,Default Fallback Intent,Help_FindMyHearingAids,21,32,0,0.3349854115251388
7371,read my new texts aloud,Cmd.ListenMessage,Default Fallback Intent,10,21,0,0.3354621266815611
999,remind me to wake up at 7 a.m.,reminders.add,Default Fallback Intent,55,21,0,0.3356323288676648
2278,how far have i biked?,Cmd.ActivityCycle,Default Fallback Intent,2,21,0,0.33565087874167726
7765,guide me on sharing what i hear,Help_HearShare,Help_HearingCareAnywhereConnect,34,35,0,0.33573765181791465
953,reminder for 4:15 p.m. today visit grandma please,reminders.add,reminders.complete,55,56,0,0.33576791381199805
954,reminder for 4.15 p.m. today visit grandma please,reminders.add,reminders.complete,55,56,0,0.33576791381199805
7011,voices are too soft for me,Cmd.VolumeIncrease,Help_Home,18,38,0,0.33577217627401507
789,how do you sync to hearing aids,Help_Pairing,Help_FindMyHearingAids,43,32,0,0.3358978304835514
6704,how old is tom cruise?,Default Fallback Intent,Cmd.VolumeIncrease,21,18,0,0.3362186977747461
5462,can you master setting,Cmd.MemoryChange,Cmd.VolumeIncrease,11,18,0,0.3362503351907423
4603,can you not screaming loud enough,Default Fallback Intent,Help_Home,21,38,0,0.3363307941768372
7596,what hardware can i add,Help_Accessories,Help_HearingCareAnywhereConnect,22,35,0,0.33682558419328446
1555,turn my left hearing aid off,Cmd.VolumeMute,Help_SelfCheck,19,46,0,0.33708091232252807
5494,can you change to automatic,Cmd.MemoryChange,Help_AppSettings,11,23,0,0.337132071541257
6779,give me a gentle nudge at 9,reminders.add,Help_RemoteProgramming,55,45,0,0.3372567144674948
7037,lower the volume,Cmd.VolumeDecrease,Help_Volume,17,52,0,0.3377546150714771
759,how do i connect my hearing aid?,Help_Pairing,Help_InsertDevice,43,39,0,0.3379070506253317
7584,find my aids help,Help_FindMyHearingAids,Help_Accessories,32,22,0,0.3381337066084031
2081,wendy's double tapped it and has not worked,Default Fallback Intent,Help_DeviceSettings,21,29,0,0.3383527631948448
5780,test drive the app,Help_DemoMode,Cmd.TranslationStart,28,16,0,0.3384112662903405
2666,kitchen setting,Cmd.MemoryChange,Help_HearingCareAnywhereConnect,11,35,0,0.33841978752385
7363,play the text i just got,Cmd.ListenMessage,Default Fallback Intent,10,21,0,0.3385763169438363
8365,good afternoon,Default Fallback Intent,Cmd.VolumeUnmute,21,20,0,0.33863049669847134
7773,can my spouse hear through my aids,Help_HearShare,Cmd.StreamingStart,34,13,0,0.338655504953093
7887,what improvements are new,Help_WhatsNew,Default Fallback Intent,53,21,0,0.33890551703688676
2691,change to kitchen,Cmd.MemoryChange,Help_FindMyHearingAids,11,32,0,0.33900214840539794
6353,my hearing aids,Default Fallback Intent,Help_SelfCheck,21,46,0,0.3390150933074737
2664,golf setting,Cmd.MemoryChange,Cmd.TranslationStart,11,16,0,0.3392484239538668
5432,can you golf program,Cmd.MemoryChange,Default Fallback Intent,11,21,0,0.33954343600039055
3066,please have i reached my activity goal?,Cmd.ActivityAerobics,Cmd.ActivityRun,0,4,0,0.3398499848754792
2077,how to adjust these,Default Fallback Intent,Cmd.VolumeIncrease,21,18,0,0.34022685631062227
467,what's different about this app?,Help_WhatsNew,Help_Home,53,38,0,0.34032495994663065
8172,i better not forget this,reminders.add,Help_Home,55,38,0,0.3404810871248419
2792,memory number one,Cmd.MemoryChange,Help_FindMyHearingAids,11,32,0,0.34059978089853055
7130,i'm sitting down in a crowded diner,Cmd.MemoryChange,Default Fallback Intent,11,21,0,0.3406085353615345
2744,memory one,Cmd.MemoryChange,Help_MemoryOptions,11,42,0,0.3406737375045746
8409,much appreciated,Default Fallback Intent,Cmd.TranslationStart,21,16,0,0.34067423179057776
5896,turn on the volume in my left hearing aid,Cmd.VolumeUnmute,Cmd.VolumeIncrease,20,18,0,0.34090028135761874
2158,turn,Default Fallback Intent,Cmd.TranslationStart,21,16,0,0.3410454639098156
6730,the audio sounds distorted,Help_DeviceSettings,Cmd.VolumeIncrease,29,18,0,0.3413890594046621
749,how do i sync my hearing aids to the app?,Help_HearingCareAnywhereConnect,Help_Accessories,35,22,0,0.3414864193021015
5604,can you setting one,Cmd.MemoryChange,Default Fallback Intent,11,21,0,0.3415591760034133
7265,start tracking this stroll,Cmd.ActivityWalk,Default Fallback Intent,7,21,0,0.3415618966072853
3473,please remember to wash my car,reminders.add,Help_FindMyHearingAids,55,32,0,0.34159274876707285
6518,help me hear better,Cmd.VolumeIncrease,Help_ThriveScore,18,47,0,0.34159915951395003
5470,can you train setting,Cmd.MemoryChange,Default Fallback Intent,11,21,0,0.3417679934857088
3600,can you remind me on the 27th of august tomy flight,reminders.add,Default Fallback Intent,55,21,0,0.3419815149610566
6727,cut the sound completely,Cmd.VolumeMute,Cmd.VolumeIncrease,19,18,0,0.34210769935814034
6390,its laud here,Cmd.VolumeDecrease,Default Fallback Intent,17,21,0,0.34236647773054635
1935,is my sign,Default Fallback Intent,Cmd.FindMyPhone,21,9,0,0.3424317609471182
8006,what's on the health dashboard,Help_Health,Default Fallback Intent,33,21,0,0.34248093122604134
7176,battery level please,Cmd.BatteryLevel,Default Fallback Intent,8,21,0,0.34300084525324115
4259,please florist off screen,Default Fallback Intent,Cmd.VolumeDecrease,21,17,0,0.34307511335287255
8242,power level status,Cmd.BatteryLevel,Default Fallback Intent,8,21,0,0.3431021429731245
2717,switch to kitchen,Cmd.MemoryChange,Help_IntelliVoice,11,40,0,0.3431239236271259
2656,meeting setting,Cmd.MemoryChange,Help_HearingCareAnywhereConnect,11,35,0,0.34323140799508894
1531,what is thrive assistant,Help_VoiceAssistant,Cmd.VolumeDecrease,51,17,0,0.34337248656815056
7151,i'm about to join a phone call,Cmd.MemoryChange,Default Fallback Intent,11,21,0,0.34383277966426323
1994,where can i find videos for the hearing aid for instructions,Default Fallback Intent,Help_HearingCareAnywhereConnect,21,35,0,0.3441781516873805
8141,use my driving setting,Cmd.MemoryChange,Help_DeviceSettings,11,29,0,0.34494202328069795
7694,sound is crackling in my hearing aids,Help_DeviceSettings,Help_SelfCheck,29,46,0,0.34573817833439
7114,return the sound to my aids,Cmd.VolumeUnmute,Help_DeviceSettings,20,29,0,0.3457921634181271
4729,please to take lipitor,Default Fallback Intent,Cmd.VolumeDecrease,21,17,0,0.3460796651524946
424,start remote streaming,Cmd.StreamingStart,Help_CleanCare,13,26,0,0.3461287892160289
1843,what are stock options,Default Fallback Intent,Help_HearingCareAnywhereConnect,21,35,0,0.34632810147135584
7650,the constant ringing is maddening,Help_Tinnitus,Help_DeviceSettings,48,29,0,0.3466741700943289
6616,can you keep track of this for me?,reminders.add,Default Fallback Intent,55,21,0,0.34695270324001404
3255,can you make sound on,Cmd.VolumeUnmute,Default Fallback Intent,20,21,0,0.347041334726268
1574,wax build up,Help_CleanCare,Help_HearingCareAnywhereConnect,26,35,0,0.34710794698364583
5401,can you auditorium memory,Cmd.MemoryChange,Default Fallback Intent,11,21,0,0.3484011327493422
2052,more like this is,Default Fallback Intent,Cmd.VolumeIncrease,21,18,0,0.34851307516601876
7101,sound back please,Cmd.VolumeUnmute,Default Fallback Intent,20,21,0,0.3491906241318145
1071,can i go back to my original settings?,Help_RemoteProgramming,Help_DeviceSettings,45,29,0,0.34938228158594475
1107,can i go back to my old settings?,Help_RemoteProgramming,Help_DeviceSettings,45,29,0,0.34938228158594475
7560,how to set up bluetooth,Help_Pairing,Default Fallback Intent,43,21,0,0.3494017033470985
6575,change the active profile,Cmd.MemoryChange,Default Fallback Intent,11,21,0,0.3495098050953036
7665,how do i diagnose my hearing aids,Help_SelfCheck,Help_CleanCare,46,26,0,0.3496841465528669
8236,quiet it please,Cmd.VolumeDecrease,Cmd.VolumeIncrease,17,18,0,0.3497505421712629
3237,can you should my hearing aids get all check marks in self-check?,Help_SelfCheck,Default Fallback Intent,46,21,0,0.35050103231596896
6650,i want to reach someone,Cmd.SendMessage,Default Fallback Intent,12,21,0,0.35086379660204053
2697,change to speech,Cmd.MemoryChange,Cmd.VolumeUnmute,11,20,0,0.3512359959241154
7649,i can't stand the ringing in my ears,Help_Tinnitus,Help_DeviceSettings,48,29,0,0.35132966825818734
3160,can you turn streaming on,Cmd.StreamingStart,Default Fallback Intent,13,21,0,0.3514330542081441
6677,can you guide me?,Help_Home,Help_HearingCareAnywhereConnect,38,35,0,0.3521786353290473
7051,it's blasting my ears,Cmd.VolumeDecrease,Cmd.FindMyPhone,17,9,0,0.35242868541214045
7656,how to run diagnostics on my aids,Help_SelfCheck,Cmd.ActivityRun,46,4,0,0.3526869572486287
3236,can you there is a problem with my right hearing aid,Help_SelfCheck,Help_DeviceSettings,46,29,0,0.3527236941652296
7619,how does my provider adjust my aids remotely,Help_RemoteProgramming,Help_Customize,45,27,0,0.35273160770916395
1328,how do i turn down background noise?,Help_Customize,Cmd.ActivityStand,27,5,0,0.35298244276767526
7873,explain personalizing my hearing,Help_Customize,Help_HearingCareAnywhereConnect,27,35,0,0.3531115662665443
1920,nothing wrong with me,Default Fallback Intent,Cmd.VolumeMute,21,19,0,0.35322330504284805
6380,where's my son,Default Fallback Intent,Help_IntelliVoice,21,40,0,0.3536595680001021
8358,hi there,Default Fallback Intent,Cmd.VolumeIncrease,21,18,0,0.35372454064374814
7813,my device won't sit properly,Help_InsertDevice,Default Fallback Intent,39,21,0,0.3538057662820115
4239,"please hello, just a hearing aid the volume on my hearing aids. bye. bye.",Default Fallback Intent,Help_SelfCheck,21,46,0,0.3538215004524345
5430,can you automatic program,Cmd.MemoryChange,Default Fallback Intent,11,21,0,0.35407369220550183
1992,switch on ps4,Default Fallback Intent,Cmd.VolumeUnmute,21,20,0,0.35409138130209067
7055,back the level off,Cmd.VolumeDecrease,Cmd.VolumeMute,17,19,0,0.35415028893029027
8240,battery information,Cmd.BatteryLevel,Help_FindMyHearingAids,8,32,0,0.35429927112571047
8002,what health info does the app track,Help_Health,Help_AppSettings,33,23,0,0.35432620503289125
2009,lay down here,Default Fallback Intent,Help_HearingCareAnywhereConnect,21,35,0,0.3545730536109374
804,how do i change from the hearing aids to my car bluetooth?,Help_Pairing,Help_Accessories,43,22,0,0.35472613964841593
6422,don't let me forget to call grandma,reminders.add,Cmd.MemoryChange,55,11,0,0.35490371307004553
6399,switch my hearing aid program,Cmd.MemoryChange,Help_DeviceSettings,11,29,0,0.3552608162024288
7312,log my cardio dance,Cmd.ActivityAerobics,Help_Customize,0,27,0,0.35530587543270686
6744,sounds are not clear enough,Cmd.VolumeIncrease,Cmd.TranscribeStart,18,15,0,0.35535139565403046
7615,can settings be changed from afar,Help_RemoteProgramming,Help_AppSettings,45,23,0,0.35541631966745574
1016,reminder for this evening,reminders.add,reminders.complete,55,56,0,0.3554720524704023
6700,how tall is mount everest?,Default Fallback Intent,Help_DeviceSettings,21,29,0,0.356131151787499
6701,how tall is mount everest,Default Fallback Intent,Help_DeviceSettings,21,29,0,0.356131151787499
3269,can you turn on the volume,Cmd.VolumeUnmute,Cmd.VolumeIncrease,20,18,0,0.356436546170125
6693,give me some help,Default Fallback Intent,Cmd.VolumeIncrease,21,18,0,0.35649912659766153
3721,can you remind me about the teacher meeting on friday,reminders.add,Help_ChangingMemories,55,25,0,0.35652277329093873
4552,can you walking down,Default Fallback Intent,Cmd.VolumeDecrease,21,17,0,0.3565677498433471
4524,please alter metal plates myrtle beach storm,Default Fallback Intent,reminders.add,21,55,0,0.3566694124330604
7617,how do remote updates to my aids work,Help_RemoteProgramming,Help_DeviceSettings,45,29,0,0.3568426914806549
4309,please so where is brewster,Default Fallback Intent,Cmd.VolumeDecrease,21,17,0,0.3569569546822366
1491,where is transcribe,Help_Transcribe,Cmd.TranscribeStart,49,15,0,0.35705682157256324
557,are both of my hearing aids operating properly,Help_SelfCheck,Help_CleanCare,46,26,0,0.35741180522412014
1862,what should i see when i'm there,Default Fallback Intent,Help_Home,21,38,0,0.3575604683234032
4238,can you ask my house,Default Fallback Intent,Cmd.TranslationStart,21,16,0,0.35758502887721827
560,how often should i use self-check?,Help_SelfCheck,Default Fallback Intent,46,21,0,0.35792609712115586
1596,reminder finished.,reminders.complete,reminders.add,56,55,0,0.3580996908302738
148,adjust right ear for higher sound,Cmd.VolumeIncrease,Help_DeviceSettings,18,29,0,0.35888266457077883
4254,can you david soul alert,Default Fallback Intent,Help_FallAlert,21,31,0,0.3591703657566782
7136,tune for this windy weather,Cmd.MemoryChange,Default Fallback Intent,11,21,0,0.35930123660897006
6685,help me understand this,Default Fallback Intent,Help_HeartRate,21,36,0,0.3594015360404134
2137,i was down 17 grand earlier today,Default Fallback Intent,Cmd.VolumeDecrease,21,17,0,0.3597479792500682
3562,can you remind me to exercise today,reminders.add,Cmd.ActivityExercise,55,3,0,0.3599278290676524
998,remind about running at 6 a.m. on 7th december,reminders.add,Default Fallback Intent,55,21,0,0.36030897077537144
4570,can you sometimes it's okay to take a day off,Default Fallback Intent,Help_Pairing,21,43,0,0.3603847789203059
5807,quit streaming,Cmd.StreamingStop,Cmd.TranscribeStart,14,15,0,0.36045326753923146
4357,please as far as far as cleaning up over there i went pretty,Default Fallback Intent,Cmd.VolumeIncrease,21,18,0,0.36045625143954846
8084,what mode handles a windy environment,Help_EdgeMode,Help_MaskMode,30,41,0,0.3607616518576455
2621,kitchen memory,Cmd.MemoryChange,Help_MemoryOptions,11,42,0,0.3607673115398259
966,don't let me forget to pick up milk today,reminders.add,Cmd.VolumeIncrease,55,18,0,0.3608158201988028
6508,make speech clearer,Cmd.VolumeIncrease,Help_Transcribe,18,49,0,0.36090551777703
8311,enable direct audio,Cmd.StreamingStart,Default Fallback Intent,13,21,0,0.3610087074340972
6556,i'm somewhere noisy,Cmd.MemoryChange,Help_Home,11,38,0,0.36112169261762533
2208,adidas women boots,Default Fallback Intent,Cmd.VolumeDecrease,21,17,0,0.36112568276767226
7247,start my walk tracking,Cmd.ActivityWalk,Help_Health,7,33,0,0.3612115077307183
4501,please talking about my daughter,Default Fallback Intent,Cmd.VolumeMute,21,19,0,0.361224080394009
2147,i wonder if i put it in here somewhere,Default Fallback Intent,Help_InsertDevice,21,39,0,0.36175128407387463
3431,please connect right aid,Help_Pairing,Help_FindMyHearingAids,43,32,0,0.36210119354187403
815,how do i connect my aids?,Help_Pairing,Help_Accessories,43,22,0,0.3623242755006289
3584,can you create a daily reminder to take medication at 5 p.m.,reminders.add,Help_InsertDevice,55,39,0,0.36242039794138386
877,remember to work out,reminders.add,Cmd.ListenMessage,55,10,0,0.3625191067738726
6284,remind me every day except sundays,reminders.add,Help_EdgeMode,55,30,0,0.3626467907362129
1401,turn down the volume in my right hearing aid,Cmd.VolumeDecrease,Cmd.VolumeIncrease,17,18,0,0.36271965090171765
1410,turn my right hearing aid down,Cmd.VolumeDecrease,Help_SelfCheck,17,46,0,0.36293411765072753
2023,but i want to see,Default Fallback Intent,Cmd.FindMyPhone,21,9,0,0.3632161339600565
6373,"tony's office, i myself india.",Default Fallback Intent,Help_HearingCareAnywhereConnect,21,35,0,0.36340065058591103
6634,create a future reminder,reminders.add,reminders.complete,55,56,0,0.3635997511518038
4658,please play i'm carrying it,Default Fallback Intent,Cmd.VolumeIncrease,21,18,0,0.3637316684730055
6937,log my training session,Cmd.ActivityExercise,Help_Health,3,33,0,0.36380111634445755
7510,how do volume changes get saved,Help_Volume,Cmd.VolumeIncrease,52,18,0,0.36382392937098923
6602,track down my hearing aids,Help_FindMyHearingAids,Help_CleanCare,32,26,0,0.36405020975674146
8303,stream the podcast,Cmd.StreamingStart,Help_CleanCare,13,26,0,0.36405664708838403
6438,push to talk,Cmd.SendMessage,Default Fallback Intent,12,21,0,0.36415566730025345
4756,please locate a restaurant,Default Fallback Intent,Help_FindMyHearingAids,21,32,0,0.36428820165687664
1563,turn off the volume in my left hearing aid,Cmd.VolumeMute,Cmd.VolumeIncrease,19,18,0,0.364618777538494
5444,can you tinnitus program,Cmd.MemoryChange,Help_Tinnitus,11,48,0,0.3646739652890099
6665,use hearing aid streaming,Cmd.StreamingStart,Cmd.StreamingStop,13,14,0,0.3647288693643311
1939,so where is brewster,Default Fallback Intent,Cmd.VolumeIncrease,21,18,0,0.36473154035911526
4697,please so that your hearing,Default Fallback Intent,Cmd.VolumeIncrease,21,18,0,0.3648240816864297
8118,it's too loud in here,Cmd.VolumeDecrease,Default Fallback Intent,17,21,0,0.3649092629341044
1976,where can i find brain activity,Default Fallback Intent,Help_Customize,21,27,0,0.36518653567180775
6617,make sure i remember this tonight,reminders.add,Cmd.VolumeIncrease,55,18,0,0.3653805429248811
3935,can you quiet my hearing aids,Cmd.VolumeDecrease,Cmd.VolumeIncrease,17,18,0,0.3655527230483042
3084,can you intellivoice help,Help_IntelliVoice,Help_AppSettings,40,23,0,0.3659053168925186
7541,can i rename my memories,Help_MemoryOptions,Default Fallback Intent,42,21,0,0.3660154350075394
2619,golf memory,Cmd.MemoryChange,Help_MemoryOptions,11,42,0,0.3665348719312444
6606,can you make them ring?,Help_FindMyHearingAids,Cmd.VolumeIncrease,32,18,0,0.3668002410416788
6919,halt streaming,Cmd.StreamingStop,Help_HearingCareAnywhereConnect,14,35,0,0.36716449645312177
2259,how do i relax at home,Default Fallback Intent,Help_Customize,21,27,0,0.36754776112701726
7337,how many calories did i burn,Cmd.ActivityCalories,Cmd.ActivityExercise,1,3,0,0.36758235842759096
2225,debony logging up,Default Fallback Intent,Help_Health,21,33,0,0.36779675194462064
2239,tell me about english language,Default Fallback Intent,Help_RemoteProgramming,21,45,0,0.36803291665231835
7420,write out what folks are saying,Cmd.TranscribeStart,Default Fallback Intent,15,21,0,0.3681564227788251
6364,she doesn't have a skin check,Default Fallback Intent,Help_SelfCheck,21,46,0,0.36817313201799357
4384,can you switch on ps4,Default Fallback Intent,Help_AppSettings,21,23,0,0.3685718260150161
6740,amplify things for me,Cmd.VolumeIncrease,Default Fallback Intent,18,21,0,0.3687902719663437
1690,how do i mute the sound?,Help_Volume,Help_DeviceSettings,52,29,0,0.368875671951656
4608,please direction of the sound,Default Fallback Intent,Cmd.VolumeIncrease,21,18,0,0.369000724330791
6781,jot this down so i remember,reminders.add,Cmd.FindMyPhone,55,9,0,0.3693473143727278
1887,how do i get to swimsuits,Default Fallback Intent,Help_HearingCareAnywhereConnect,21,35,0,0.36941836026416414
6514,i need stronger audio,Cmd.VolumeIncrease,Cmd.VolumeMute,18,19,0,0.36950751741623794
7979,can i save my transcripts,Help_Transcribe,Cmd.FindMyPhone,49,9,0,0.36952393320370913
7590,do my aids support a tv connector,Help_Accessories,Help_Pairing,22,43,0,0.36975791619063136
5445,can you train program,Cmd.MemoryChange,Default Fallback Intent,11,21,0,0.36975953103419473
3820,can you help with device settings,Help_DeviceSettings,Help_AppSettings,29,23,0,0.3697703648786913
4572,please provincial hearing this is waiting to see how can i help you,Default Fallback Intent,Help_DeviceSettings,21,29,0,0.36997857023356784
6538,it's blasting in my ears,Cmd.VolumeDecrease,Default Fallback Intent,17,21,0,0.3706945664110743
1852,what's new in the world today,Default Fallback Intent,Help_WhatsNew,21,53,0,0.37072590093045726
6168,how do i make it quieter?,Help_Volume,Cmd.VolumeIncrease,52,18,0,0.37120635295239474
6736,the tv is on but i miss what they say,Cmd.VolumeIncrease,Help_FallAlert,18,31,0,0.3713285263180351
2179,telephone audio input,Default Fallback Intent,Help_FindMyHearingAids,21,32,0,0.37158498399217194
876,make a reminder,reminders.add,reminders.complete,55,56,0,0.37158738599530605
5414,can you quiet memory,Cmd.MemoryChange,Help_MemoryOptions,11,42,0,0.37163609072665643
3499,can you remind me,reminders.add,Cmd.TranslationStart,55,16,0,0.3718356893195178
7869,can i adjust settings for my taste,Help_Customize,Cmd.FindMyPhone,27,9,0,0.3719214947900178
4592,please on north koreans office will the fuckers off here.,Default Fallback Intent,Help_DeviceSettings,21,29,0,0.3722324708640024
1666,how do i unmute the sound?,Help_Volume,Help_DeviceSettings,52,29,0,0.3724024464120727
6719,how do rockets work?,Default Fallback Intent,Help_HearingCareAnywhereConnect,21,35,0,0.3724792645822483
7891,what's new in this update,Help_WhatsNew,Cmd.TranscribeStart,53,15,0,0.37251976264192993
8108,who is the president,Default Fallback Intent,Cmd.VolumeDecrease,21,17,0,0.37255188343765167
8367,good day,Default Fallback Intent,Help_Pairing,21,43,0,0.37284773603840293
8085,reduce wind noise in tough conditions,Help_EdgeMode,Default Fallback Intent,30,21,0,0.37335693025058975
5453,can you car setting,Cmd.MemoryChange,Cmd.VolumeIncrease,11,18,0,0.37356032628014496
5452,can you crowd setting,Cmd.MemoryChange,Cmd.ListenMessage,11,10,0,0.37381921149432334
6414,start walking,Cmd.ActivityWalk,Help_RemoteProgramming,7,45,0,0.37447913576076836
6309,how do i turn,Default Fallback Intent,Help_Home,21,38,0,0.3746385332102065
6559,use the profile for noisy places,Cmd.MemoryChange,Default Fallback Intent,11,21,0,0.37488836139595777
1861,what should i do when i am there,Default Fallback Intent,Help_RemoteProgramming,21,45,0,0.37553435161613885
5556,please switch to kitchen,Cmd.MemoryChange,Cmd.VolumeUnmute,11,20,0,0.3755361152994228
6099,can you fix my ear pieces,Help_SelfCheck,Default Fallback Intent,46,21,0,0.37568172220708246
918,set a reminder to exercise today,reminders.add,Cmd.ActivityExercise,55,3,0,0.37579749735433315
4433,please i said other program,Default Fallback Intent,Help_FindMyHearingAids,21,32,0,0.37582522727359713
4321,can you look up your nose real quick to,Default Fallback Intent,Cmd.TranslationStart,21,16,0,0.37597975856767457
3446,please set an alarm for 15 minutes,reminders.add,Default Fallback Intent,55,21,0,0.37622662536466267
6055,create reminder,reminders.add,Help_Reminder,55,44,0,0.37665688337289555
7319,i'm working out now,Cmd.ActivityExercise,Cmd.ListenMessage,3,10,0,0.3770536488340155
1783,show me user manual for my accessory,Help_Accessories,Help_Health,22,33,0,0.37750567709060523
7215,end the broadcast to my hearing aids,Cmd.StreamingStop,Help_Pairing,14,43,0,0.37776322935760337
2254,locate the nearest park,Default Fallback Intent,Help_FindMyHearingAids,21,32,0,0.3777683707440037
7306,start my cardio class tracking,Cmd.ActivityAerobics,Help_Health,0,33,0,0.3779576784088363
7158,i just took a seat in a noisy cafe,Cmd.MemoryChange,Help_MemoryOptions,11,42,0,0.3781508538892915
2238,go back to a high,Default Fallback Intent,Cmd.SendMessage,21,12,0,0.37823080248724894
7666,how do i diagnose a problem with my aids,Help_SelfCheck,Help_Accessories,46,22,0,0.3782681361174067
6011,can you set reminder,reminders.add,reminders.complete,55,56,0,0.37841977181066944
8225,roll back the sound level,Cmd.VolumeDecrease,Cmd.VolumeUnmute,17,20,0,0.37845348351106206
5565,please switch to speech,Cmd.MemoryChange,reminders.complete,11,56,0,0.3786404983304056
8431,what's good,Default Fallback Intent,Help_Translate,21,50,0,0.37870223202582826
1520,i can’t get my hearing aid on,Help_InsertDevice,Help_DeviceSettings,39,29,0,0.37910780047691106
6809,can i overcharge my hearing aid,Help_Battery,Help_FindMyHearingAids,24,32,0,0.3791290881785731
875,reminder,reminders.add,reminders.complete,55,56,0,0.37931330425882803
6134,i want to add a reminder,reminders.add,Help_HearShare,55,34,0,0.379371914631654
1526,show me voice assistant help,Help_VoiceAssistant,Help_IntelliVoice,51,40,0,0.37944212309271214
536,what if self-check says that my hearing aid is broken?,Help_SelfCheck,Default Fallback Intent,46,21,0,0.3794698630332446
4211,please everyday is exciting,Default Fallback Intent,Cmd.VolumeIncrease,21,18,0,0.37954881921654327
8052,how do i link with my hearing professional,Help_HearingCareAnywhereConnect,Help_Accessories,35,22,0,0.379724353547424
7317,record my training session,Cmd.ActivityExercise,Cmd.ActivityCalories,3,1,0,0.379936426622078
7843,guide me on caring for my hearing aids,Help_CleanCare,Help_FindMyHearingAids,26,32,0,0.3806559823629572
2101,want to move up yeah i will,Default Fallback Intent,Cmd.FindMyPhone,21,9,0,0.3808967132855691
2146,address change,Default Fallback Intent,Help_DeviceSettings,21,29,0,0.38122702255460994
6707,write a poem,Default Fallback Intent,Help_HearingCareAnywhereConnect,21,35,0,0.3814544128542918
2681,change to meeting,Cmd.MemoryChange,Cmd.TranscribeStart,11,15,0,0.3819266263819399
2260,what is starkey hearing aids,Default Fallback Intent,Help_SelfCheck,21,46,0,0.3822597937014296
944,remind me at 7 p.m. on november 11 to do homework,reminders.add,Default Fallback Intent,55,21,0,0.38230381680903097
7530,how does changing profiles work,Help_ChangingMemories,Help_IntelliVoice,25,40,0,0.3827105452758477
1403,turn down my hearing aids,Cmd.VolumeDecrease,Help_SelfCheck,17,46,0,0.38310238524991486
4541,can you score of the twins game,Default Fallback Intent,Cmd.TranslationStart,21,16,0,0.38318135368350004
8250,what does this do,Help_Home,Help_HearingCareAnywhereConnect,38,35,0,0.38330169779657075
7798,what voice helpers are supported,Help_VoiceAssistant,Help_HearingCareAnywhereConnect,51,35,0,0.3834127879857234
1954,turn the lights off,Default Fallback Intent,Cmd.VolumeMute,21,19,0,0.38351427333625515
4062,can you mute,Cmd.VolumeMute,Default Fallback Intent,19,21,0,0.38356253059797635
1904,microphone,Default Fallback Intent,Cmd.StreamingStart,21,13,0,0.3837429380897002
2214,turn off tv,Default Fallback Intent,Cmd.StreamingStop,21,14,0,0.3838554271981771
5639,can you setting three,Cmd.MemoryChange,Cmd.FindMyPhone,11,9,0,0.3839008789730338
3492,can you remember to take medicine,reminders.add,Default Fallback Intent,55,21,0,0.38399115595776695
4618,can you onkyo receiver,Default Fallback Intent,Help_WiCROS,21,54,0,0.3840644909515314
1566,off volume,Cmd.VolumeMute,Cmd.VolumeDecrease,19,17,0,0.38481810514946896
7846,is it safe to get my aids wet,Help_CleanCare,Default Fallback Intent,26,21,0,0.38528857186454096
858,can my hearing aid be set up to an iphone and an ipad at the same time,Help_Pairing,Help_RemoteProgramming,43,45,0,0.38554877820648953
1558,turn my hearing aid volume off,Cmd.VolumeMute,Help_Volume,19,52,0,0.3857189324759288
6525,everything is too soft,Cmd.VolumeIncrease,Cmd.VolumeDecrease,18,17,0,0.38629751842335824
171,turn my right hearing aid up,Cmd.VolumeIncrease,Help_SelfCheck,18,46,0,0.3864193355976812
2003,pretty sure that's mine but i can't put it on now,Default Fallback Intent,Cmd.TranscribeStart,21,15,0,0.3864288294569649
7346,text my sister,Cmd.SendMessage,Help_Health,12,33,0,0.3864533923584396
7827,help with the app configuration,Help_AppSettings,Help_DemoMode,23,28,0,0.38645953095767466
6248,i want to turn on the right stream boost,Default Fallback Intent,Cmd.VolumeIncrease,21,18,0,0.38663873897530904
1006,remind me to call mom on christmas,reminders.add,Cmd.TranslationStart,55,16,0,0.3867346502727019
843,how can i synchronize my hearing aids,Help_Pairing,Help_CleanCare,43,26,0,0.3874915574719909
4302,please check them off like pink lady,Default Fallback Intent,Help_DeviceSettings,21,29,0,0.38754378201752687
1412,decrease hearing,Cmd.VolumeDecrease,Cmd.TranscribeStart,17,15,0,0.3876242249849696
4425,please he did just change it,Default Fallback Intent,Help_DeviceSettings,21,29,0,0.3878479362688673
7603,what extra mics are supported,Help_Accessories,Default Fallback Intent,22,21,0,0.3879240224107969
7365,tell me my messages,Cmd.ListenMessage,Cmd.FindMyPhone,10,9,0,0.3883319627346917
4593,can you on north koreans office will the fuckers off here.,Default Fallback Intent,Help_DeviceSettings,21,29,0,0.3887056355174531
8261,what is this interface,Help_Home,Cmd.TranscribeStart,38,15,0,0.3889123482596035
6537,reduce the intensity,Cmd.VolumeDecrease,Help_ThriveScore,17,47,0,0.3893117811271799
4684,please i need a car battery,Default Fallback Intent,Cmd.BatteryLevel,21,8,0,0.38931340111374757
744,how do i backup the settings in my right aid?,Help_HearingCareAnywhereConnect,Help_DeviceSettings,35,29,0,0.38931419482096447
8267,where can i learn more,Help_Home,Help_HearingCareAnywhereConnect,38,35,0,0.38941772618835724
2774,set setting to four,Cmd.MemoryChange,Cmd.ListenMessage,11,10,0,0.3894361257006342
4788,please switch to mask,Cmd.MemoryChange,Help_MaskMode,11,41,0,0.38944775322375436
7155,this setting doesn't suit this place,Cmd.MemoryChange,Help_MemoryOptions,11,42,0,0.3897741280151381
8151,i'm running low aren't i,Cmd.BatteryLevel,Cmd.FindMyPhone,8,9,0,0.3898266624991069
8256,what is this screen for,Help_Home,Cmd.TranscribeStart,38,15,0,0.3900167626530188
475,can i setup geotagging,Help_MemoryOptions,Help_HearingCareAnywhereConnect,42,35,0,0.3902241161664804
3771,can you remind me 10:30 p.m. to close the restaurant,reminders.add,Default Fallback Intent,55,21,0,0.3906885989133962
6926,close the stream,Cmd.StreamingStop,Help_Accessories,14,22,0,0.39107920014404257
2663,everyday setting,Cmd.MemoryChange,Help_HearShare,11,34,0,0.3912326633696586
4754,please locate my wife,Default Fallback Intent,Help_FindMyHearingAids,21,32,0,0.39124284266096737
7930,battery help please,Help_Battery,Help_DeviceSettings,24,29,0,0.3915441959012115
7500,help with the volume feature,Help_Volume,Help_SelfCheck,52,46,0,0.3915664306616061
5426,can you car program,Cmd.MemoryChange,Default Fallback Intent,11,21,0,0.39181000512889175
1923,to us number one hits,Default Fallback Intent,Help_HearingCareAnywhereConnect,21,35,0,0.3920146546072262
6875,can my audiologist adjust my settings remotely,Help_HearingCareAnywhereConnect,Help_RemoteProgramming,35,45,0,0.3921147324655673
1921,friday,Default Fallback Intent,Help_HearShare,21,34,0,0.392407450521342
1156,how do i add the car program?,Help_DeviceSettings,Help_MemoryOptions,29,42,0,0.39272477686109414
4334,can you i'm up,Default Fallback Intent,Cmd.VolumeIncrease,21,18,0,0.3927710323314719
5929,how do i turn the wind noise down,Help_Customize,Help_Home,27,38,0,0.39299186264051345
2206,federal assistance up to my energy,Default Fallback Intent,Cmd.FindMyPhone,21,9,0,0.39327889300157215
7734,does it notify family if i take a tumble,Help_FallAlert,Help_HearShare,31,34,0,0.3932902919716645
6500,the voices are hard to hear,Cmd.VolumeIncrease,Help_HearingCareAnywhereConnect,18,35,0,0.393532986666702
6801,how long does a charge last,Help_Battery,Cmd.ActivityExercise,24,3,0,0.3935977459744471
4622,can you alexa,Default Fallback Intent,Cmd.VolumeIncrease,21,18,0,0.3938317478227882
5422,can you personal program,Cmd.MemoryChange,Default Fallback Intent,11,21,0,0.3939800477972489
1888,"hello, just a hearing aid the volume on my hearing aids. bye. bye.",Default Fallback Intent,Help_Volume,21,52,0,0.3944296564297645
4368,please s&s side working,Default Fallback Intent,Cmd.VolumeIncrease,21,18,0,0.39446509643934624
5772,hearing aids translate help,Help_Translate,Help_RemoteProgramming,50,45,0,0.3946718038083225
2188,what you can check in,Default Fallback Intent,Help_HearingCareAnywhereConnect,21,35,0,0.39505166448566337
7087,total quiet now please,Cmd.VolumeMute,Cmd.VolumeIncrease,19,18,0,0.39518901286730257
6746,take the edge off the volume,Cmd.VolumeDecrease,Cmd.VolumeMute,17,19,0,0.3956969298365653
8111,plan my vacation,Default Fallback Intent,Help_Customize,21,27,0,0.39573976590473114
1219,can i change my preferences?,Help_DeviceSettings,Help_Customize,29,27,0,0.3957885925403394
7592,how does the mini remote work,Help_Accessories,Help_HearingCareAnywhereConnect,22,35,0,0.3958194735114919
5402,can you music memory,Cmd.MemoryChange,Help_ChangingMemories,11,25,0,0.39590197405703836
4710,please adidas women boots,Default Fallback Intent,Cmd.VolumeDecrease,21,17,0,0.3964994447035528
1049,what is advanced mode?,Help_AppSettings,Help_HearingCareAnywhereConnect,23,35,0,0.39651859091745745
7608,can i pair a wearable microphone,Help_Accessories,Help_HearingCareAnywhereConnect,22,35,0,0.39680843331462656
4700,can you so this is your hearing aids,Default Fallback Intent,Cmd.VolumeIncrease,21,18,0,0.39704254674805517
3502,can you create a reminder,reminders.add,Help_Reminder,55,44,0,0.3974739058736893
2199,so this is your hearing aids,Default Fallback Intent,Cmd.VolumeIncrease,21,18,0,0.39756494028496264
2684,change to mute,Cmd.MemoryChange,Cmd.VolumeUnmute,11,20,0,0.3977683720011773
7467,poke me when the time arrives,reminders.add,Default Fallback Intent,55,21,0,0.39779080803714545
1926,every morning,Default Fallback Intent,Help_MaskMode,21,41,0,0.3985523050601368
5984,how can i see what my hearing aids can do,Help_DemoMode,Help_HearingCareAnywhereConnect,28,35,0,0.39890728753126786
7048,soften things up,Cmd.VolumeDecrease,Default Fallback Intent,17,21,0,0.3991297426254128
4204,please i'm in butterbrodt new delhi,Default Fallback Intent,Help_WhatsNew,21,53,0,0.39975448067707625
878,remember to watch,reminders.add,Default Fallback Intent,55,21,0,0.39978888557415004
3659,can you remind me of appointment,reminders.add,Default Fallback Intent,55,21,0,0.40033374327239996
3899,can you make my hearing aids softer,Cmd.VolumeDecrease,Cmd.VolumeIncrease,17,18,0,0.40043809986160417
3440,please i need to disconnect my hearing aid from my phone,Help_Pairing,Help_FindMyHearingAids,43,32,0,0.4010551900621398
6517,the sound isn't strong enough,Cmd.VolumeIncrease,Default Fallback Intent,18,21,0,0.40163651427264546
2142,and here's my heart it's closer to you,Default Fallback Intent,Help_HeartRate,21,36,0,0.4016853593900756
6782,note this down for me,reminders.add,Cmd.TranscribeStart,55,15,0,0.40180900662018953
6366,since my letter needs to be updated,Default Fallback Intent,Help_Pairing,21,43,0,0.40241433640754926
449,what's new in the app?,Help_WhatsNew,Default Fallback Intent,53,21,0,0.40245796521166427
450,what's new in the app,Help_WhatsNew,Default Fallback Intent,53,21,0,0.40245796521166427
6564,use a different listening setup,Cmd.MemoryChange,Cmd.SendMessage,11,12,0,0.4025063130570247
4587,can you i can't hear anything,Default Fallback Intent,Cmd.VolumeIncrease,21,18,0,0.40260613800849193
7848,are my aids waterproof,Help_CleanCare,Help_DeviceSettings,26,29,0,0.40299075922236405
2025,i said other program,Default Fallback Intent,Help_FindMyHearingAids,21,32,0,0.40315272788005246
4503,can you tuesday,Default Fallback Intent,Cmd.VolumeIncrease,21,18,0,0.40337527208733126
533,why doesn't my right when work,Help_SelfCheck,Help_FindMyHearingAids,46,32,0,0.4035403749683141
5427,can you auditorium program,Cmd.MemoryChange,Default Fallback Intent,11,21,0,0.4035834605186659
4220,please creating a demo with your capabilities,Default Fallback Intent,Help_HearingCareAnywhereConnect,21,35,0,0.4036687910834245
7578,how does finding my aids work,Help_FindMyHearingAids,Help_DeviceSettings,32,29,0,0.40374088444280953
2156,hearing aids,Default Fallback Intent,Help_Pairing,21,43,0,0.4039469498844237
2630,tinnitus memory,Cmd.MemoryChange,Help_Tinnitus,11,48,0,0.4039572535923661
2247,right swift code of binary search,Default Fallback Intent,Cmd.ActivityCalories,21,1,0,0.4042830918601295
6258,how do i open the data log,Default Fallback Intent,Cmd.ActivityStand,21,5,0,0.4045646034868222
6747,adjust my aids for this loud place,Cmd.MemoryChange,Cmd.FindMyPhone,11,9,0,0.40468441417000467
7597,can i use a clip on microphone,Help_Accessories,Default Fallback Intent,22,21,0,0.40475112378991784
4041,can you silence,Cmd.VolumeMute,Default Fallback Intent,19,21,0,0.40478997378059184
3121,can you stream remote,Cmd.StreamingStart,Cmd.StreamingStop,13,14,0,0.40494218499795037
4659,can you play i'm carrying it,Default Fallback Intent,Cmd.VolumeIncrease,21,18,0,0.40495504403102867
2284,change hearing aids to car,Cmd.MemoryChange,Help_DeviceSettings,11,29,0,0.40514343842807377
1708,how do i decrease the loudness in just the left side?,Help_Volume,Cmd.VolumeIncrease,52,18,0,0.40525803729440185
845,how do i disconnect my aid?,Help_Pairing,Cmd.ActivityExercise,43,3,0,0.4053669344473356
743,how do i backup the data in my aid?,Help_HearingCareAnywhereConnect,Help_DeviceSettings,35,29,0,0.4054262802962383
7917,i don't get how any of this works,Help_Home,Cmd.TranscribeStart,38,15,0,0.4055916982450825
8399,good night,Default Fallback Intent,Help_HearingCareAnywhereConnect,21,35,0,0.4057223508432895
6290,remind me from monday till wednesday,reminders.add,Cmd.ActivityStand,55,5,0,0.40579725741208666
1380,drop the volume by 50%,Cmd.VolumeDecrease,Cmd.VolumeIncrease,17,18,0,0.4058801642140813
627,turn volume to normal,Cmd.VolumeUnmute,Cmd.VolumeIncrease,20,18,0,0.40592816736193676
7461,i have an appointment coming up don't let me miss it,reminders.add,Cmd.FindMyPhone,55,9,0,0.4062423917819179
6069,my right hearing aid will not turn,Help_SelfCheck,Help_DeviceSettings,46,29,0,0.4063877717211506
2071,switch check out her,Default Fallback Intent,Cmd.ListenMessage,21,10,0,0.406404682796214
3500,can you i want to be reminded,reminders.add,Default Fallback Intent,55,21,0,0.4064613741117977
7207,halt the streaming,Cmd.StreamingStop,Help_Accessories,14,22,0,0.407021178821822
4691,can you my right hearing aid is at 0%,Default Fallback Intent,Help_FindMyHearingAids,21,32,0,0.4070744760702657
7350,message my family,Cmd.SendMessage,Help_Health,12,33,0,0.4074653188406952
2658,auditorium setting,Cmd.MemoryChange,Cmd.TranslationStart,11,16,0,0.40778887436451267
4294,please turn off cable,Default Fallback Intent,Cmd.VolumeMute,21,19,0,0.40780938736580896
6345,set up reminders,reminders.add,Cmd.VolumeIncrease,55,18,0,0.40788363271906
7521,help me understand switching memories,Help_ChangingMemories,Cmd.ActivityAerobics,25,0,0,0.4079940695887114
2626,quiet memory,Cmd.MemoryChange,Help_MemoryOptions,11,42,0,0.4085042687127527
4690,please my right hearing aid is at 0%,Default Fallback Intent,Help_DeviceSettings,21,29,0,0.40850498412725245
8420,please help me,Default Fallback Intent,Help_FindMyHearingAids,21,32,0,0.4086144546293723
4464,please first washing machine,Default Fallback Intent,Cmd.VolumeIncrease,21,18,0,0.4086199852895992
7077,mute it entirely,Cmd.VolumeMute,Default Fallback Intent,19,21,0,0.40899184048104464
1376,decrease the volume in my aids,Cmd.VolumeDecrease,Cmd.VolumeIncrease,17,18,0,0.41031551291923646
6868,people wearing masks are hard to hear,Help_MaskMode,Cmd.VolumeIncrease,41,18,0,0.41059770505151527
3632,can you remind me of a meeting on the 27th of august,reminders.add,Default Fallback Intent,55,21,0,0.4106710509246907
7160,settling into a busy restaurant,Cmd.MemoryChange,Cmd.SendMessage,11,12,0,0.4107518632092094
2765,memory three,Cmd.MemoryChange,Help_HearingCareAnywhereConnect,11,35,0,0.41085851520782124
7171,will these last till tonight,Cmd.BatteryLevel,Cmd.VolumeIncrease,8,18,0,0.4109478312868509
5415,can you school memory,Cmd.MemoryChange,Help_MemoryOptions,11,42,0,0.4111391192757785
8353,hello,Default Fallback Intent,Cmd.ActivityRun,21,4,0,0.4112009518806461
4673,can you telephone audio input,Default Fallback Intent,Cmd.VolumeIncrease,21,18,0,0.4122101316255141
7370,what texts came in for me,Cmd.ListenMessage,Default Fallback Intent,10,21,0,0.41275365927706237
5806,add reminder for me,reminders.add,Cmd.ListenMessage,55,10,0,0.4127807829162634
2135,how do i map a location to a map,Default Fallback Intent,Help_HearingCareAnywhereConnect,21,35,0,0.4131673515179224
1325,how do i adjust the background noise,Help_Customize,Cmd.ActivityStand,27,5,0,0.41382383790877786
7226,stop the tv feed to my hearing aids,Cmd.StreamingStop,Help_Pairing,14,43,0,0.4139552465365829
6925,stop streaming media,Cmd.StreamingStop,Cmd.TranscribeStart,14,15,0,0.4142583075663741
6735,how do i fix my car,Default Fallback Intent,Help_ThriveScore,21,47,0,0.41543290455469334
2872,can you work out goal,Cmd.ActivityExercise,Cmd.ActivityAerobics,3,0,0,0.4154627178229904
2240,tell me about amharic language,Default Fallback Intent,Help_DeviceSettings,21,29,0,0.41566280873216715
4792,can you mask program,Cmd.MemoryChange,Help_MaskMode,11,41,0,0.4156974077927991
2057,when is the king and i playing,Default Fallback Intent,Help_DeviceSettings,21,29,0,0.41610965234666064
2716,switch to home,Cmd.MemoryChange,Help_MaskMode,11,41,0,0.41626081595109105
4724,can you debony logging up,Default Fallback Intent,Cmd.FindMyPhone,21,9,0,0.41659539471918544
4011,can you should my hearing aid look like the one in the video?,Help_InsertDevice,Default Fallback Intent,39,21,0,0.4166059658434856
6296,how do i link two,Help_Pairing,Cmd.VolumeIncrease,43,18,0,0.41670482399151804
4506,please switch check out her,Default Fallback Intent,Cmd.ListenMessage,21,10,0,0.41692270970431594
5534,can you switch to meeting,Cmd.MemoryChange,Help_AppSettings,11,23,0,0.41705850324887644
7395,my handset is missing please ring it,Cmd.FindMyPhone,Help_DeviceSettings,9,29,0,0.41706976804280904
8227,hush it up,Cmd.VolumeDecrease,Cmd.VolumeIncrease,17,18,0,0.41716447978209525
5881,silence my hearing aids,Cmd.VolumeMute,Help_Pairing,19,43,0,0.417302782147442
1875,creating a demo with your capabilities,Default Fallback Intent,Help_DemoMode,21,28,0,0.4175642500930953
7040,ease the volume back,Cmd.VolumeDecrease,Cmd.VolumeIncrease,17,18,0,0.41778408375148907
8321,ratchet the volume back,Cmd.VolumeDecrease,Cmd.VolumeIncrease,17,18,0,0.41778408375148907
3686,can you new reminder about fitness,reminders.add,reminders.complete,55,56,0,0.418080760027088
6552,this is overwhelming,Cmd.VolumeDecrease,Cmd.TranscribeStart,17,15,0,0.41831906819071807
7194,send sound straight to my aids,Cmd.StreamingStart,Help_FindMyHearingAids,13,32,0,0.41916904571960073
6547,the sound is piercing,Cmd.VolumeDecrease,Cmd.VolumeIncrease,17,18,0,0.4198576828582587
5520,please change to tinnitus,Cmd.MemoryChange,Help_Tinnitus,11,48,0,0.41987887794275924
1459,battery life left,Cmd.BatteryLevel,Cmd.VolumeMute,8,19,0,0.42018006309965616
6599,how much energy is left?,Cmd.BatteryLevel,Cmd.ActivityCalories,8,1,0,0.42024621060350825
4289,can you so it goes back it goes back to the memory or in,Default Fallback Intent,Cmd.MemoryChange,21,11,0,0.42035655208056044
3239,can you there is a problem with my hearing aid,Help_SelfCheck,Help_DeviceSettings,46,29,0,0.4206671400429773
6718,find me a hotel,Default Fallback Intent,Help_FindMyHearingAids,21,32,0,0.42074017874852127
2041,he forgot them and you need them let me know if i have a free afternoon i can drive over,Default Fallback Intent,Cmd.ActivityRun,21,4,0,0.42079343322453283
7532,what's the way to change between settings,Help_ChangingMemories,Help_DeviceSettings,25,29,0,0.42146426016793576
461,show me an overview of the app,Help_WhatsNew,Help_AppSettings,53,23,0,0.42147764782048075
7258,track the walk i did,Cmd.ActivityWalk,Cmd.ActivityStand,7,5,0,0.4215808079871584
5834,stop stream,Cmd.StreamingStop,Cmd.StreamingStart,14,13,0,0.4217574719287554
1082,where are my new settings?,Help_RemoteProgramming,Help_HearingCareAnywhereConnect,45,35,0,0.4219162859332949
868,schedule physical therapy appointment tomorrow morning 8:40 a.m.,reminders.add,Default Fallback Intent,55,21,0,0.4223947126343176
8100,recommend me a book,Default Fallback Intent,Help_HearShare,21,34,0,0.42294277298880184
1009,new reminder about washing car,reminders.add,Default Fallback Intent,55,21,0,0.42294684139550653
1718,how do i adjust the loudness on just one aid?,Help_Volume,Help_DeviceSettings,52,29,0,0.42309911738695366
2255,locate my wife,Default Fallback Intent,Help_Customize,21,27,0,0.4232824710489834
7975,are foreign languages supported,Help_Translate,Help_FallAlert,50,31,0,0.42395134984289
8212,take me on a tour,Help_Home,Help_DemoMode,38,28,0,0.4240109918157862
4549,can you just didn't you didn't hit the ground but will check it,Default Fallback Intent,Cmd.FindMyPhone,21,9,0,0.424945122181482
2710,switch to mute,Cmd.MemoryChange,Cmd.VolumeUnmute,11,20,0,0.4255565380220692
6631,make sure i remember tomorrow,reminders.add,Help_Reminder,55,44,0,0.4256136911541505
2154,going to call them in and see whether they want me to send this enormous,Default Fallback Intent,Help_InsertDevice,21,39,0,0.42574727226431874
2661,telephone setting,Cmd.MemoryChange,Cmd.FindMyPhone,11,9,0,0.426113307291968
4720,can you who has the best chinese food in sioux falls,Default Fallback Intent,Help_InsertDevice,21,39,0,0.4264398230781548
3455,can you schedule appointment tomorrow,reminders.add,Default Fallback Intent,55,21,0,0.4269198358595243
6430,help me remember to take medication at 9 am,reminders.add,Help_Tinnitus,55,48,0,0.42699993057652
5656,can you program four,Cmd.MemoryChange,Default Fallback Intent,11,21,0,0.42702023900006986
7145,flip into my everyday program,Cmd.MemoryChange,Help_MemoryOptions,11,42,0,0.4270405342268611
8129,get that volume out of my ear,Cmd.VolumeDecrease,Cmd.VolumeIncrease,17,18,0,0.42708015888497813
2021,he did just change it,Default Fallback Intent,Help_DeviceSettings,21,29,0,0.42712152534673514
423,play me the microphone,Cmd.StreamingStart,Cmd.FindMyPhone,13,9,0,0.42725149702669585
6425,do not let me forget to pick up groceries tonight,reminders.add,reminders.complete,55,56,0,0.4274292865580921
7156,i need a better program for here,Cmd.MemoryChange,Help_HeartRate,11,36,0,0.42749166805268296
7681,what's my total thrive number,Help_ThriveScore,Help_HearingCareAnywhereConnect,47,35,0,0.42772031322083115
425,turn streaming on,Cmd.StreamingStart,Cmd.TranscribeStart,13,15,0,0.4278335979011088
2209,i can't hear the,Default Fallback Intent,Cmd.FindMyPhone,21,9,0,0.427935177293707
7509,where are the loudness settings,Help_Volume,Cmd.VolumeIncrease,52,18,0,0.42814726214813464
4713,can you i can't hear the,Default Fallback Intent,Cmd.VolumeIncrease,21,18,0,0.4282382703811028
7553,help managing my saved programs,Help_MemoryOptions,Help_Customize,42,27,0,0.42825445289138736
4634,please i can't even hardly hear that,Default Fallback Intent,Cmd.VolumeIncrease,21,18,0,0.4287478288761807
7126,restore my hearing now,Cmd.VolumeUnmute,Help_HearingCareAnywhereConnect,20,35,0,0.42925395135064365
8291,enable streaming,Cmd.StreamingStart,Help_CleanCare,13,26,0,0.429524336498142
6573,put me in speech mode,Cmd.MemoryChange,Help_Transcribe,11,49,0,0.4302340371245347
6164,how do i make it louder?,Help_Volume,Cmd.VolumeIncrease,52,18,0,0.43046635262545996
1997,riley's a manager connected scott.,Default Fallback Intent,Help_CleanCare,21,26,0,0.4310767752301595
3456,please schedule physical therapy appointment tomorrow morning 8:40 a.m.,reminders.add,Default Fallback Intent,55,21,0,0.43125629327776877
6504,the audio feels weak,Cmd.VolumeIncrease,Cmd.VolumeDecrease,18,17,0,0.4319608098799671
6348,setup reminder,reminders.add,Help_Reminder,55,44,0,0.4320176820912807
4481,can you it smooths down is forced down,Default Fallback Intent,Cmd.VolumeDecrease,21,17,0,0.4324575147830134
1397,quiet my hearing aids,Cmd.VolumeDecrease,Help_SelfCheck,17,46,0,0.4326814778060496
7154,the program isn't right for where i am,Cmd.MemoryChange,Help_FindMyHearingAids,11,32,0,0.43276192999156066
6692,i need support,Help_Home,Help_Customize,38,27,0,0.43297300494484775
2193,why does one of your sound louder than the other,Default Fallback Intent,Help_Customize,21,27,0,0.4331314036869987
3262,please turn volume to normal,Cmd.VolumeUnmute,Cmd.VolumeIncrease,20,18,0,0.433156014034015
4527,please wendy's double tapped it and has not worked,Default Fallback Intent,Help_DeviceSettings,21,29,0,0.4338510211119072
3131,can you stream,Cmd.StreamingStart,Help_HearingCareAnywhereConnect,13,35,0,0.43392843928386277
7343,message my husband,Cmd.SendMessage,Help_Health,12,33,0,0.4341916663395897
4219,can you should i tell him how i feel,Default Fallback Intent,Help_AppSettings,21,23,0,0.43445562594035425
3882,can you start translating in french,Cmd.TranslationStart,Default Fallback Intent,16,21,0,0.4344775972846751
6122,check cashing,Default Fallback Intent,Help_HearingCareAnywhereConnect,21,35,0,0.4345921487542063
5466,can you quiet setting,Cmd.MemoryChange,Cmd.VolumeIncrease,11,18,0,0.43465229076350664
7448,remind me to water the plants,reminders.add,Cmd.TranslationStart,55,16,0,0.4349736798967382
8295,activate streaming,Cmd.StreamingStart,Help_HearingCareAnywhereConnect,13,35,0,0.4351246773467358
7161,i just sat down somewhere really loud,Cmd.MemoryChange,Cmd.VolumeDecrease,11,17,0,0.43584712115228397
4759,please locate a bowling alley nearby,Default Fallback Intent,Help_HearingCareAnywhereConnect,21,35,0,0.4359611746309638
3472,can you remember to wash the car in 4 hours,reminders.add,Default Fallback Intent,55,21,0,0.43657286306508886
7239,i want to record a run,Cmd.ActivityRun,Help_SelfCheck,4,46,0,0.436876832533277
5420,can you work memory,Cmd.MemoryChange,Help_MemoryOptions,11,42,0,0.4368805225963728
5388,please set program to tinnitus,Cmd.MemoryChange,Help_Tinnitus,11,48,0,0.43733768964428743
2673,speech setting,Cmd.MemoryChange,Help_WiCROS,11,54,0,0.43772236421008254
3158,can you start remote streaming,Cmd.StreamingStart,Cmd.StreamingStop,13,14,0,0.43788076935213177
8021,how do i check my pulse on the app,Help_HeartRate,Help_AppSettings,36,23,0,0.43798142787436023
6596,show battery information,Cmd.BatteryLevel,Help_Battery,8,24,0,0.4380995368231615
4320,please look up your nose real quick to,Default Fallback Intent,Cmd.TranslationStart,21,16,0,0.43811274855848603
5766,turn streaming off,Cmd.StreamingStop,Help_CleanCare,14,26,0,0.4384429197624742
6459,shoot a message,Cmd.SendMessage,Default Fallback Intent,12,21,0,0.438781915384121
8181,transmit a message,Cmd.SendMessage,Default Fallback Intent,12,21,0,0.438781915384121
8287,dispatch a message,Cmd.SendMessage,Default Fallback Intent,12,21,0,0.438781915384121
3871,please tell me what how much do i owe you would be in español,Cmd.TranslationStart,Default Fallback Intent,16,21,0,0.43904363114133904
2219,yeah just take a little off yeah,Default Fallback Intent,Cmd.VolumeDecrease,21,17,0,0.4392922854436694
440,my walking time is?,Cmd.ActivityWalk,Cmd.ActivityStep,7,6,0,0.4394316776511703
5871,how do i see how much i have biked this month?,Help_Health,Help_AppSettings,33,23,0,0.4401121451798988
3483,please remember to turn off my phone everyday at 11 p.m.,reminders.add,Default Fallback Intent,55,21,0,0.4401168839177807
5493,please change to automatic,Cmd.MemoryChange,Help_DeviceSettings,11,29,0,0.4402329412319441
6595,what percentage remains?,Cmd.BatteryLevel,Default Fallback Intent,8,21,0,0.44023338105660664
8013,my overall activity stats,Help_Health,Cmd.FindMyPhone,33,9,0,0.44029239508494233
2615,mute memory,Cmd.MemoryChange,Cmd.VolumeUnmute,11,20,0,0.4403577525947073
140,more volume on hearing aid,Cmd.VolumeIncrease,Cmd.VolumeUnmute,18,20,0,0.4404194147184119
4686,please on a good day,Default Fallback Intent,Cmd.SendMessage,21,12,0,0.4406224837067926
3561,please remind me to exercise today,reminders.add,Cmd.ActivityExercise,55,3,0,0.4409333460054367
4615,can you wow that's intense intense number,Default Fallback Intent,Cmd.TranscribeStart,21,15,0,0.4411815290028628
5868,i need less volume,Cmd.VolumeDecrease,Cmd.VolumeIncrease,17,18,0,0.44156007973085254
7604,can i stream using a remote microphone,Help_Accessories,Cmd.StreamingStop,22,14,0,0.4422064590387783
3760,please reminder for this evening,reminders.add,reminders.complete,55,56,0,0.4425569763422109
1053,how do i send a note to my doctor,Help_RemoteProgramming,Help_CleanCare,45,26,0,0.4429515147327108
4485,can you google,Default Fallback Intent,Cmd.FindMyPhone,21,9,0,0.4431609429916235
7122,get me off mute,Cmd.VolumeUnmute,Cmd.VolumeMute,20,19,0,0.4432390153808935
4310,can you so where is brewster,Default Fallback Intent,Cmd.VolumeDecrease,21,17,0,0.44377624983088
3161,can you streaming,Cmd.StreamingStart,Default Fallback Intent,13,21,0,0.44434833326655937
8324,shift into the outdoor profile,Cmd.MemoryChange,Default Fallback Intent,11,21,0,0.444366869489668
7569,my aids dropped their bluetooth connection,Help_Pairing,Help_CleanCare,43,26,0,0.4455337995996698
4240,"can you hello, just a hearing aid the volume on my hearing aids. bye. bye.",Default Fallback Intent,Help_SelfCheck,21,46,0,0.44565472481436574
7102,undo the mute,Cmd.VolumeUnmute,Default Fallback Intent,20,21,0,0.4457244526770004
758,can my hearing aids be set up to multiple devices,Help_Pairing,Help_FindMyHearingAids,43,32,0,0.44588447972551987
6729,my hearing aid keeps disconnecting,Help_DeviceSettings,Help_InsertDevice,29,39,0,0.4460055122572944
7916,i can't make sense of the app,Help_Home,Help_AppSettings,38,23,0,0.4464698199286173
984,remind me to pay my credit card bill,reminders.add,Help_RemoteProgramming,55,45,0,0.4466584288699595
6792,reach out to my family for me,Cmd.SendMessage,Cmd.FindMyPhone,12,9,0,0.4471007398567662
4363,can you please call the karate program,Default Fallback Intent,Cmd.MemoryChange,21,11,0,0.4473732635850302
4578,please thanks for changing,Default Fallback Intent,Help_FindMyHearingAids,21,32,0,0.44761133895647987
4237,please ask my house,Default Fallback Intent,Cmd.FindMyPhone,21,9,0,0.44791283319397523
5407,can you everyday memory,Cmd.MemoryChange,Help_MemoryOptions,11,42,0,0.4488663508490983
8231,soften the volume,Cmd.VolumeDecrease,Help_Volume,17,52,0,0.44892921094371846
8234,dim the volume,Cmd.VolumeDecrease,Help_Volume,17,52,0,0.44892921094371846
3489,can you remember to take medicine today at 5 p.m.,reminders.add,Help_InsertDevice,55,39,0,0.4491509397636357
6619,help me remember this evening,reminders.add,Default Fallback Intent,55,21,0,0.449266888918518
7228,log my jog,Cmd.ActivityRun,Help_Customize,4,27,0,0.4493963910801513
6318,i can't hear him so it's good,Default Fallback Intent,Cmd.FindMyPhone,21,9,0,0.44949326394188527
775,how do i check the connection status of my hearing aid?,Help_Pairing,Help_SelfCheck,43,46,0,0.4495697793053834
5980,how do i adjust the volume on my hearing aid?,Help_Volume,Help_DeviceSettings,52,29,0,0.4500054636118169
8121,cut the volume,Cmd.VolumeDecrease,Cmd.VolumeIncrease,17,18,0,0.45009097909403417
6682,i'm stuck,Help_Home,Default Fallback Intent,38,21,0,0.4506244083185759
6690,i'm confused,Help_Home,Default Fallback Intent,38,21,0,0.4506244083185759
4694,can you sunday,Default Fallback Intent,Help_HearingCareAnywhereConnect,21,35,0,0.45133734387287455
1355,tell me what how much do i owe you is in español,Cmd.TranslationStart,Default Fallback Intent,16,21,0,0.4519688674510349
820,how do i pair my hearing aids,Help_Pairing,Help_CleanCare,43,26,0,0.4521783775454584
821,how do i pair my hearing aids?,Help_Pairing,Help_CleanCare,43,26,0,0.4521783775454584
6749,use my usual program,Cmd.MemoryChange,Help_DeviceSettings,11,29,0,0.4523761876534533
8123,pump the brakes on the volume,Cmd.VolumeDecrease,Cmd.VolumeIncrease,17,18,0,0.4523916345814984
4061,can you off volume,Cmd.VolumeMute,Cmd.VolumeIncrease,19,18,0,0.4526264179938822
698,how do i adjust my noise masker on the aids?,Help_Tinnitus,Help_DeviceSettings,48,29,0,0.45411629704431583
7236,start tracking my jog,Cmd.ActivityRun,Default Fallback Intent,4,21,0,0.45415479134119713
2163,"yeah, i've been updated.",Default Fallback Intent,Help_IntelliVoice,21,40,0,0.4542032955381471
6970,should i clean my hearing aids daily,Help_CleanCare,Help_FindMyHearingAids,26,32,0,0.4545769392819085
7124,reactivate my hearing aid sound,Cmd.VolumeUnmute,Help_DeviceSettings,20,29,0,0.4547798009346515
2177,how do i connect alexa,Default Fallback Intent,Help_Accessories,21,22,0,0.4548932177177672
4770,can you am i close to my cycling goal?,Cmd.ActivityCycle,Help_Customize,2,27,0,0.45491612701455497
1018,remind me to exercise tonight,reminders.add,Cmd.ActivityExercise,55,3,0,0.4550274164700088
2150,molesting hearing aids to cousin,Default Fallback Intent,Help_CleanCare,21,26,0,0.45535960135642206
7593,what gadgets are compatible,Help_Accessories,Default Fallback Intent,22,21,0,0.4554047231566364
1033,remind me to wash the car in 4 hours,reminders.add,Cmd.TranslationStart,55,16,0,0.455682158356413
7403,start transcribing this,Cmd.TranscribeStart,Default Fallback Intent,15,21,0,0.4564302877325461
7218,quit streaming the television,Cmd.StreamingStop,Cmd.StreamingStart,14,13,0,0.4568878983811857
8125,can you quiet it down,Cmd.VolumeDecrease,Cmd.VolumeIncrease,17,18,0,0.45835412699152916
6918,disconnect the streaming,Cmd.StreamingStop,Cmd.StreamingStart,14,13,0,0.45849011355371005
7462,make sure i don't miss my appointment,reminders.add,Cmd.FindMyPhone,55,9,0,0.45881934831009513
7150,set my hearing for a busy street,Cmd.MemoryChange,Help_SelfCheck,11,46,0,0.4596610253141269
8169,keep this in mind for me,reminders.add,Default Fallback Intent,55,21,0,0.4598813123186694
3466,please make a reminder,reminders.add,reminders.complete,55,56,0,0.46045194010343066
1469,do i need new batteries,Cmd.BatteryLevel,Help_Home,8,38,0,0.4605375794205079
8335,do these need charging right now,Cmd.BatteryLevel,Cmd.VolumeIncrease,8,18,0,0.4606135652951937
4380,can you the score of the minnesota twins game,Default Fallback Intent,Cmd.TranslationStart,21,16,0,0.46077153003289245
2236,why should i eat,Default Fallback Intent,Help_HearingCareAnywhereConnect,21,35,0,0.460840993908041
6688,how does this work?,Help_Home,Help_IntelliVoice,38,40,0,0.46111398164141304
2229,thunder message,Default Fallback Intent,Cmd.SendMessage,21,12,0,0.461319998004673
2002,sentences with more,Default Fallback Intent,Cmd.VolumeDecrease,21,17,0,0.46139026370107067
7877,explain the personalization options,Help_Customize,Help_HearingCareAnywhereConnect,27,35,0,0.46159525029733567
1385,turn down my right aid,Cmd.VolumeDecrease,Help_SelfCheck,17,46,0,0.4616497162273341
3649,can you remind flight at 6 a.m.,reminders.add,Cmd.TranslationStart,55,16,0,0.4619782231584213
8224,back off the volume,Cmd.VolumeDecrease,Cmd.VolumeMute,17,19,0,0.4626613339714717
5417,can you theater memory,Cmd.MemoryChange,Help_MemoryOptions,11,42,0,0.46282624592507277
6923,disconnect the remote microphone,Cmd.StreamingStop,Cmd.StreamingStart,14,13,0,0.4632692298821631
1889,take a look at a distance,Default Fallback Intent,Cmd.VolumeDecrease,21,17,0,0.4633596257400725
8328,i'm settling in for tv time,Cmd.MemoryChange,Default Fallback Intent,11,21,0,0.46364317558396295
2211,but they live here i remember when jerry told me,Default Fallback Intent,Help_FallAlert,21,31,0,0.46375284871850503
3479,please remember to wake up at 6 a.m.,reminders.add,Default Fallback Intent,55,21,0,0.4637693912756992
1821,how do i unpair my accessory?,Help_Accessories,Help_Health,22,33,0,0.46404613409689704
6686,what can i do here?,Help_Home,Help_Customize,38,27,0,0.46566674625313353
3947,can you hearing aid volume down,Cmd.VolumeDecrease,Cmd.VolumeIncrease,17,18,0,0.4659106057306292
4566,please stop listening please ask you a question,Default Fallback Intent,Cmd.MemoryChange,21,11,0,0.4659284799805058
3685,please new reminder about fitness,reminders.add,Default Fallback Intent,55,21,0,0.46636966369172034
7884,what's been updated lately,Help_WhatsNew,Default Fallback Intent,53,21,0,0.46644163203238564
3817,please reminder user guide,Help_Reminder,reminders.add,44,55,0,0.46646547077638956
1025,remind me to buy milk on tuesday at 8 p.m.,reminders.add,Help_FallAlert,55,31,0,0.4664763692727523
888,remember to take medicine today at 5 p.m.,reminders.add,Help_InsertDevice,55,39,0,0.4665539355254584
4183,please show me user manual for my accessory,Help_Accessories,Help_Customize,22,27,0,0.4666926925860531
4479,can you more like this is,Default Fallback Intent,Cmd.TranscribeStart,21,15,0,0.46716413079396557
4662,please all pre-program settings change when once changed,Default Fallback Intent,Help_DeviceSettings,21,29,0,0.4672283022777255
4233,can you am i close enough to the car,Default Fallback Intent,Cmd.VolumeIncrease,21,18,0,0.4674836583658176
7059,i need it more quiet,Cmd.VolumeDecrease,Cmd.VolumeIncrease,17,18,0,0.46748821381343647
8164,set up a reminder for that,reminders.add,reminders.complete,55,56,0,0.46801114163172847
7801,help putting in my hearing aids,Help_InsertDevice,Help_FindMyHearingAids,39,32,0,0.4684504681238015
8312,direct hearing aid connection,Cmd.StreamingStart,Help_CleanCare,13,26,0,0.46877128908314775
5935,battery,Cmd.BatteryLevel,Help_Battery,8,24,0,0.469062189074436
7914,i'm completely lost in here,Help_Home,Help_DeviceSettings,38,29,0,0.4692068443213038
2106,and push it down for dramatics,Default Fallback Intent,Cmd.VolumeDecrease,21,17,0,0.47002690340406234
3112,please play the microphone,Cmd.StreamingStart,Cmd.VolumeIncrease,13,18,0,0.47026366288884763
8205,where should i start,Help_Home,Help_AppSettings,38,23,0,0.47045861805792544
1984,bank number to car,Default Fallback Intent,Help_SelfCheck,21,46,0,0.4706429228615962
2617,automatic memory,Cmd.MemoryChange,Help_HearingCareAnywhereConnect,11,35,0,0.47091921085061367
5461,can you kitchen setting,Cmd.MemoryChange,Help_HearingCareAnywhereConnect,11,35,0,0.47093744009339067
6102,why does my right ear cut keep cutting off,Help_SelfCheck,Help_Tinnitus,46,48,0,0.4722425876927427
2173,she's staying with my phone,Default Fallback Intent,Cmd.FindMyPhone,21,9,0,0.47242383757443585
2249,write a program in switch,Default Fallback Intent,Cmd.MemoryChange,21,11,0,0.47244115822182137
1503,how do i take out the left hearing aid?,Help_InsertDevice,Help_Battery,39,24,0,0.47281854047476846
1140,how to set a reminder,Help_Reminder,reminders.add,44,55,0,0.47316869345264323
807,pairing hearing aids on the thrive app,Help_Pairing,Help_DemoMode,43,28,0,0.4733593486993527
6545,it's uncomfortably loud,Cmd.VolumeDecrease,Default Fallback Intent,17,21,0,0.47352254985489617
109,where iphone,Cmd.FindMyPhone,Help_HearingCareAnywhereConnect,9,35,0,0.47386170788145043
956,remind me at 12 o'clock,reminders.add,Cmd.VolumeIncrease,55,18,0,0.47400387311905967
8027,track my bpm on the app,Help_HeartRate,Help_AppSettings,36,23,0,0.4740568033182713
5877,can you add a reminder,reminders.add,Help_HearShare,55,34,0,0.4742275323358874
4075,can you wax build up,Help_CleanCare,Default Fallback Intent,26,21,0,0.47440784773766514
4288,please so it goes back it goes back to the memory or in,Default Fallback Intent,Cmd.MemoryChange,21,11,0,0.4746642709428292
7025,sound feels weak,Cmd.VolumeIncrease,Default Fallback Intent,18,21,0,0.47545195983593136
529,one hearing aid is not being found,Help_SelfCheck,Help_Transcribe,46,49,0,0.47557089135968583
1999,elsa texas off huh,Default Fallback Intent,Help_CleanCare,21,26,0,0.4757940531500345
5438,can you office program,Cmd.MemoryChange,Help_MemoryOptions,11,42,0,0.476174921555874
1980,please call the karate program,Default Fallback Intent,Cmd.MemoryChange,21,11,0,0.4762983577246822
1218,where are my preferences?,Help_DeviceSettings,Cmd.FindMyPhone,29,9,0,0.4763007488049423
2143,salsa on my left,Default Fallback Intent,Cmd.FindMyPhone,21,9,0,0.4764653282217222
7477,that task is taken care of,reminders.complete,Default Fallback Intent,56,21,0,0.4765266487425297
4586,please i can't hear anything,Default Fallback Intent,Cmd.VolumeIncrease,21,18,0,0.47655686015786813
4370,please bank number to car,Default Fallback Intent,Help_DeviceSettings,21,29,0,0.47714766336907555
7137,i'm at the gym now,Cmd.MemoryChange,Cmd.VolumeIncrease,11,18,0,0.4773810731404113
2145,onkyo receiver,Default Fallback Intent,Help_Translate,21,50,0,0.47783924916664905
8352,stream the broadcast to my devices,Cmd.StreamingStart,Help_DemoMode,13,28,0,0.47787081413027216
8102,what's the score of the match,Default Fallback Intent,Help_ThriveScore,21,47,0,0.4781072947368208
4801,can you set to mask program,Cmd.MemoryChange,Help_MaskMode,11,41,0,0.4784568759688008
7766,can two people listen together,Help_HearShare,Cmd.ListenMessage,34,10,0,0.4784653996176727
3458,can you every year,reminders.add,Default Fallback Intent,55,21,0,0.47858057097340206
4576,please open it up,Default Fallback Intent,Cmd.VolumeIncrease,21,18,0,0.47874160601044347
2649,office program,Cmd.MemoryChange,Help_MemoryOptions,11,42,0,0.47923028136688567
163,turn up my hearing aids,Cmd.VolumeIncrease,Help_FindMyHearingAids,18,32,0,0.4792724825269958
559,should my hearing aids get all check marks in self-check?,Help_SelfCheck,Help_InsertDevice,46,39,0,0.47939286908439915
8406,thank you so much,Default Fallback Intent,Cmd.ListenMessage,21,10,0,0.4800677009108321
2197,so that your hearing,Default Fallback Intent,Cmd.VolumeIncrease,21,18,0,0.48042745216962307
6513,everyone is mumbling,Cmd.VolumeIncrease,Default Fallback Intent,18,21,0,0.4804771309002047
8305,connect the audio source,Cmd.StreamingStart,Help_FindMyHearingAids,13,32,0,0.4805262570857522
5687,please memory number one,Cmd.MemoryChange,Help_MemoryOptions,11,42,0,0.4811502265275419
7143,i'm starting my commute,Cmd.MemoryChange,Cmd.FindMyPhone,11,9,0,0.4813036811988305
1721,how do i turn my hearing aids off?,Help_Volume,Help_CleanCare,52,26,0,0.48151439150028275
7661,how do i make sure my aids are okay,Help_SelfCheck,Help_Accessories,46,22,0,0.48152834223203356
8386,how's everything,Default Fallback Intent,Cmd.VolumeDecrease,21,17,0,0.48155725730232857
8421,i need help,Default Fallback Intent,Help_Customize,21,27,0,0.4822933167777744
1377,turn down the volume on the hearing aid,Cmd.VolumeDecrease,Help_Volume,17,52,0,0.48258355522923363
8196,deliver the sound to my aids,Cmd.StreamingStart,Help_DeviceSettings,13,29,0,0.4832209010337242
4790,please change to mask,Cmd.MemoryChange,Help_MaskMode,11,41,0,0.48387200767074995
4383,please switch on ps4,Default Fallback Intent,Cmd.VolumeUnmute,21,20,0,0.484268853032929
6611,help me recover them,Help_FindMyHearingAids,Cmd.FindMyPhone,32,9,0,0.484327745812304
785,how do i check if my hearing aids are connected to my app?,Help_Pairing,Help_Accessories,43,22,0,0.48441079726492653
8051,how do i get new settings from my audiologist,Help_HearingCareAnywhereConnect,Help_RemoteProgramming,35,45,0,0.4844742105440305
6289,how to decrease volume,Help_Volume,Cmd.VolumeDecrease,52,17,0,0.4845822849099347
3963,can you volume lower,Cmd.VolumeDecrease,Cmd.VolumeIncrease,17,18,0,0.4846750591719513
3371,can you help with pairing the aids with the phone,Help_Pairing,Help_Accessories,43,22,0,0.4849269906588968
7804,guide me on inserting my hearing aids,Help_InsertDevice,Help_CleanCare,39,26,0,0.48504571859843804
7291,start my cycling workout,Cmd.ActivityCycle,Cmd.ActivityExercise,2,3,0,0.48524058371509077
4340,please turn on the answer double tap slept here.,Default Fallback Intent,Help_DeviceSettings,21,29,0,0.48529079379394896
1850,new delhi,Default Fallback Intent,Cmd.VolumeDecrease,21,17,0,0.4854284673848762
7089,silence the aids entirely,Cmd.VolumeMute,Help_Pairing,19,43,0,0.4863549745756349
7564,pairing help please,Help_Pairing,Help_Accessories,43,22,0,0.4864814608463821
3805,can you i want to talk to my audiologist,Help_RemoteProgramming,Help_HearingCareAnywhereConnect,45,35,0,0.48654804653970346
8264,what is the app menu,Help_Home,Help_DemoMode,38,28,0,0.48657795694927924
4307,please i hear the voice,Default Fallback Intent,Cmd.VolumeIncrease,21,18,0,0.4867045075271847
6576,set the hearing aids differently,Cmd.MemoryChange,Help_CleanCare,11,26,0,0.48684756325458833
979,remind me i have a doctor's appointment,reminders.add,Help_HearShare,55,34,0,0.4869886268418438
2891,can you more volume on hearing aid,Cmd.VolumeIncrease,Cmd.VolumeUnmute,18,20,0,0.4871213378118887
8000,where is my activity overview,Help_Health,Cmd.FindMyPhone,33,9,0,0.48733707555029177
8112,what should i wear today,Default Fallback Intent,Help_Health,21,33,0,0.48747750970196707
7919,should i use rechargeable or disposable batteries,Help_Battery,Default Fallback Intent,24,21,0,0.48811024164254113
1524,help me with thive assistant,Help_VoiceAssistant,Help_Customize,51,27,0,0.4885064168219271
2085,right on,Default Fallback Intent,Cmd.VolumeUnmute,21,20,0,0.48912835183270686
1108,can i preview the adjustments made by my professional?,Help_RemoteProgramming,Cmd.FindMyPhone,45,9,0,0.489293261558476
7026,give me a bit more volume,Cmd.VolumeIncrease,Cmd.VolumeDecrease,18,17,0,0.48962549126487226
7149,load my driving profile,Cmd.MemoryChange,Default Fallback Intent,11,21,0,0.48982556866899807
331,what is intellivoice,Help_IntelliVoice,Help_HearingCareAnywhereConnect,40,35,0,0.48983012884075006
332,what is intellivoice?,Help_IntelliVoice,Help_HearingCareAnywhereConnect,40,35,0,0.48983012884075006
8392,bye,Default Fallback Intent,Help_IntelliVoice,21,40,0,0.4901642103139564
1539,how do i use the voice asisstant,Help_VoiceAssistant,Help_IntelliVoice,51,40,0,0.491007612059153
7209,stop playing the tv through my aids,Cmd.StreamingStop,Cmd.StreamingStart,14,13,0,0.4914843965619849
408,stream remote,Cmd.StreamingStart,Help_HearingCareAnywhereConnect,13,35,0,0.4915592404828507
5725,can you setting number three,Cmd.MemoryChange,Cmd.FindMyPhone,11,9,0,0.49194825000905773
6915,stop the audio stream,Cmd.StreamingStop,Cmd.StreamingStart,14,13,0,0.49245723334220176
7494,where is the loudness control,Help_Volume,Cmd.VolumeIncrease,52,18,0,0.49250325299417974
2689,change to gym,Cmd.MemoryChange,Cmd.TranscribeStart,11,15,0,0.492795830421874
7583,what does the locate aids feature do,Help_FindMyHearingAids,Help_HearingCareAnywhereConnect,32,35,0,0.4928214236828712
6059,what is quick start,Help_WhatsNew,Cmd.TranscribeStart,53,15,0,0.49315857484483805
873,everyday,reminders.add,Help_IntelliVoice,55,40,0,0.49347312704874474
2625,pub memory,Cmd.MemoryChange,Help_MemoryOptions,11,42,0,0.49397899996613104
2029,no tv remote in fry's app,Default Fallback Intent,Cmd.StreamingStop,21,14,0,0.49408743361945434
7133,i'm getting in the car now,Cmd.MemoryChange,Cmd.VolumeIncrease,11,18,0,0.49424311283801525
6722,i want some quiet,Cmd.VolumeDecrease,Cmd.VolumeIncrease,17,18,0,0.49432770453290553
7971,is spanish available for translation,Help_Translate,Cmd.TranslationStart,50,16,0,0.4950240929452241
5569,please switch to tinnitus,Cmd.MemoryChange,Help_Tinnitus,11,48,0,0.49575327062301655
4205,can you i'm in butterbrodt new delhi,Default Fallback Intent,Help_WhatsNew,21,53,0,0.4959131443158125
589,can i charge my battery?,Help_Battery,Cmd.BatteryLevel,24,8,0,0.49614021959750626
2286,go to outdoors,Cmd.MemoryChange,Cmd.FindMyPhone,11,9,0,0.4964173633580976
1732,can i use the phone to check the volume of my hearing aids,Help_Volume,Help_Pairing,52,43,0,0.4964822368079717
6561,change how my hearing aids are behaving,Cmd.MemoryChange,Help_DeviceSettings,11,29,0,0.4966569681583328
1390,decrease the loudness in my aids,Cmd.VolumeDecrease,Cmd.VolumeIncrease,17,18,0,0.49667445777429997
8162,save this for me please,reminders.add,Default Fallback Intent,55,21,0,0.4967677813333073
2178,how do i check my radiator to see if it's working,Default Fallback Intent,Help_HearShare,21,34,0,0.4978041859716423
1383,min loudness,Cmd.VolumeDecrease,Cmd.VolumeIncrease,17,18,0,0.49793963687355924
1398,minimum loudness,Cmd.VolumeDecrease,Cmd.VolumeIncrease,17,18,0,0.49793963687355924
3933,can you make volume lower,Cmd.VolumeDecrease,Cmd.VolumeIncrease,17,18,0,0.4982365239385104
865,set an alarm for 8 a.m.,reminders.add,Cmd.ActivityAerobics,55,0,0,0.49827357472970296
3477,please remember to wake up at 7 a.m.,reminders.add,Default Fallback Intent,55,21,0,0.49863668172483844
5808,can i change my battery?,Help_Battery,Cmd.BatteryLevel,24,8,0,0.498966903026449
7241,record the miles i ran,Cmd.ActivityRun,Default Fallback Intent,4,21,0,0.49900764208646836
2627,school memory,Cmd.MemoryChange,Cmd.SendMessage,11,12,0,0.49902058212095945
748,how do i sync my aid to the app?,Help_HearingCareAnywhereConnect,Help_Accessories,35,22,0,0.5001823279692568
3918,can you make the volume less,Cmd.VolumeDecrease,Cmd.VolumeIncrease,17,18,0,0.5012015913321096
1413,less volume please,Cmd.VolumeDecrease,Cmd.VolumeIncrease,17,18,0,0.5012342637134736
4106,can you start recording,Cmd.TranscribeStart,Default Fallback Intent,15,21,0,0.501415276146284
7019,bump it up a little,Cmd.VolumeIncrease,Default Fallback Intent,18,21,0,0.5023394308157549
5434,can you home program,Cmd.MemoryChange,Default Fallback Intent,11,21,0,0.5024591961499042
6300,my iphone is not recognizing my left hearing aids,Help_Pairing,Help_DeviceSettings,43,29,0,0.5029958241184788
4353,please i seen some of the models out there and they lose,Default Fallback Intent,Cmd.VolumeIncrease,21,18,0,0.5031015686166451
3799,can you i want to connect to my audiologist,Help_RemoteProgramming,Help_HearingCareAnywhereConnect,45,35,0,0.5031474545662779
5880,i want less volume,Cmd.VolumeDecrease,Cmd.VolumeIncrease,17,18,0,0.5035780191136485
2721,switch to quiet,Cmd.MemoryChange,Cmd.TranscribeStart,11,15,0,0.5039636678409588
4440,please shake it off,Default Fallback Intent,Cmd.VolumeMute,21,19,0,0.5041621307913708
4567,can you stop listening please ask you a question,Default Fallback Intent,Cmd.TranslationStart,21,16,0,0.5046926980622818
8317,this is blasting my eardrums,Cmd.VolumeDecrease,Default Fallback Intent,17,21,0,0.5049811398955589
3950,please change volume down,Cmd.VolumeDecrease,Cmd.VolumeIncrease,17,18,0,0.5051649600340118
3265,can you turn off mute,Cmd.VolumeUnmute,Cmd.VolumeMute,20,19,0,0.5052711347057475
5410,can you home memory,Cmd.MemoryChange,Default Fallback Intent,11,21,0,0.505899669757246
2202,how do i set up the tv,Default Fallback Intent,Help_Accessories,21,22,0,0.5059215228298557
6151,i would like to add a reminder,reminders.add,Help_Reminder,55,44,0,0.5059235653201823
7243,note my jog,Cmd.ActivityRun,Help_Customize,4,27,0,0.5077126042815178
8171,jot that down as a reminder,reminders.add,reminders.complete,55,56,0,0.5078040873447976
458,what's new in this version?,Help_WhatsNew,Default Fallback Intent,53,21,0,0.5078778331289413
2818,memory number four,Cmd.MemoryChange,Help_FindMyHearingAids,11,32,0,0.5084017063777346
4408,can you you need some help,Default Fallback Intent,Help_DeviceSettings,21,29,0,0.5085274837206882
6472,send it,Cmd.SendMessage,Cmd.TranscribeStart,12,15,0,0.5088680431596309
7198,feed the audio into my devices,Cmd.StreamingStart,Help_InsertDevice,13,39,0,0.5088738180144023
4338,can you wednesday,Default Fallback Intent,Cmd.FindMyPhone,21,9,0,0.5097268680492903
6787,how much charge do i have left,Cmd.BatteryLevel,Cmd.ActivityRun,8,4,0,0.5100067808049794
7118,i want my aids making sound again,Cmd.VolumeUnmute,Help_FindMyHearingAids,20,32,0,0.5103761502217146
1874,what is my location,Default Fallback Intent,Cmd.FindMyPhone,21,9,0,0.510376508868482
4295,can you turn off cable,Default Fallback Intent,Cmd.VolumeMute,21,19,0,0.5114961543169056
7446,make a reminder to charge my aids,reminders.add,Help_Reminder,55,44,0,0.5116066083174092
8032,how do i see how fast my heart recovers,Help_HeartRateRecovery,Help_HeartRate,37,36,0,0.5118953171701599
2157,i can't even hardly hear that,Default Fallback Intent,Cmd.VolumeIncrease,21,18,0,0.5123576359495146
3196,can you quick start,Help_WhatsNew,Default Fallback Intent,53,21,0,0.512564173143792
2084,what do i do to get my right,Default Fallback Intent,Help_Customize,21,27,0,0.512670185651935
4339,can you siri,Default Fallback Intent,Help_HearingCareAnywhereConnect,21,35,0,0.5126829862365412
7033,people sound muffled and faint,Cmd.VolumeIncrease,Default Fallback Intent,18,21,0,0.512862721741778
3748,can you remind me about the parent/teacher meeting on friday,reminders.add,Help_FallAlert,55,31,0,0.5130537591308846
6285,get down south,Default Fallback Intent,Cmd.VolumeDecrease,21,17,0,0.5131484667169111
2182,the microphone,Default Fallback Intent,Cmd.StreamingStart,21,13,0,0.5136292720971184
4785,please go to meeting,Cmd.MemoryChange,Help_AppSettings,11,23,0,0.5137687343434719
7225,end the tv link to my aids,Cmd.StreamingStop,Cmd.StreamingStart,14,13,0,0.51399356841536
8418,can you help,Default Fallback Intent,Help_HearingCareAnywhereConnect,21,35,0,0.514472498795274
700,how do i adjust my noise masker on my hearing aids?,Help_Tinnitus,Help_DeviceSettings,48,29,0,0.5148292662796466
6836,track my aerobic exercise,Cmd.ActivityAerobics,Cmd.ActivityExercise,0,3,0,0.5154370584168536
3253,can you make volume on,Cmd.VolumeUnmute,Cmd.VolumeIncrease,20,18,0,0.5154525477730936
2050,at home,Default Fallback Intent,Help_MaskMode,21,41,0,0.5155232065306021
1209,how do i change options for notification on my hearing aids?,Help_DeviceSettings,Help_Customize,29,27,0,0.5156184639151328
2131,not screaming loud enough,Default Fallback Intent,Cmd.VolumeDecrease,21,17,0,0.5156656970298783
7165,what's my battery at,Cmd.BatteryLevel,Help_Battery,8,24,0,0.5158601969435325
5602,can you program one,Cmd.MemoryChange,Default Fallback Intent,11,21,0,0.5160545593656518
3874,can you tell me what how much do i owe you is in español,Cmd.TranslationStart,Default Fallback Intent,16,21,0,0.5161091211125779
1402,volume softer,Cmd.VolumeDecrease,Cmd.VolumeIncrease,17,18,0,0.5163441824074111
4680,can you show me the jury,Default Fallback Intent,Help_AppSettings,21,23,0,0.516482911385022
7890,catch me up on new stuff,Help_WhatsNew,Default Fallback Intent,53,21,0,0.5167738938471689
3166,please turn on streaming,Cmd.StreamingStart,Cmd.StreamingStop,13,14,0,0.5175001865286081
6528,i can hardly hear it,Cmd.VolumeIncrease,Help_HearingCareAnywhereConnect,18,35,0,0.5177373554237936
4291,can you i need to,Default Fallback Intent,Cmd.FindMyPhone,21,9,0,0.517831947950583
3926,can you volume decrease,Cmd.VolumeDecrease,Cmd.VolumeIncrease,17,18,0,0.5182222450668482
7549,how many memories can i have,Help_MemoryOptions,Help_AppSettings,42,23,0,0.5182290041438199
632,turn on my left aid,Cmd.VolumeUnmute,Help_FindMyHearingAids,20,32,0,0.5187935606876148
8423,i could use some help,Default Fallback Intent,Help_DeviceSettings,21,29,0,0.5188104652196837
7157,this mode isn't working for my surroundings,Cmd.MemoryChange,Help_DemoMode,11,28,0,0.5191236006301202
4579,can you thanks for changing,Default Fallback Intent,Help_FindMyHearingAids,21,32,0,0.5193930352508381
1894,can you call my contact,Default Fallback Intent,Cmd.FindMyPhone,21,9,0,0.5203887251987827
8119,lower the level,Cmd.VolumeDecrease,Help_HearingCareAnywhereConnect,17,35,0,0.5208097422350543
6509,i can barely hear the conversation,Cmd.VolumeIncrease,Help_HearingCareAnywhereConnect,18,35,0,0.5210624432717199
2113,thanks for changing,Default Fallback Intent,Help_FindMyHearingAids,21,32,0,0.5219450649602191
5521,can you change to tinnitus,Cmd.MemoryChange,Help_Tinnitus,11,48,0,0.5222922746796692
7622,how do remote fittings work,Help_RemoteProgramming,Help_DeviceSettings,45,29,0,0.5236787824275457
7658,how do i verify my aids are working,Help_SelfCheck,Help_Customize,46,27,0,0.5239159467524821
1819,how do i turn up the tv sound?,Help_Accessories,Cmd.VolumeIncrease,22,18,0,0.524139955097576
3471,please remember to wash the car in 4 hours,reminders.add,Default Fallback Intent,55,21,0,0.5242174936520378
3790,please add reminder for meeting,reminders.add,Default Fallback Intent,55,21,0,0.5254076450908856
3782,can you add reminder with title washing car,reminders.add,Default Fallback Intent,55,21,0,0.525459889583424
4443,can you return to initial settings,Default Fallback Intent,Help_AppSettings,21,23,0,0.5262161234264376
6381,where's the nearest oil change,Default Fallback Intent,Help_DeviceSettings,21,29,0,0.5262234221408135
4478,please more like this is,Default Fallback Intent,Cmd.VolumeIncrease,21,18,0,0.5263734195845565
1278,memory button,Help_ChangingMemories,Help_HearingCareAnywhereConnect,25,35,0,0.526747027503301
6581,how much charge remains?,Cmd.BatteryLevel,Cmd.ActivityRun,8,4,0,0.5267764857898776
7903,i don't know how to use this app,Help_Home,Help_AppSettings,38,23,0,0.5269047304723636
6609,i can't remember where i left them,Help_FindMyHearingAids,Cmd.FindMyPhone,32,9,0,0.52714191013108
7581,help finding my hearing aids feature,Help_FindMyHearingAids,Help_SelfCheck,32,46,0,0.5271803156914456
3914,can you volume down right aid,Cmd.VolumeDecrease,Cmd.VolumeIncrease,17,18,0,0.5277939923623819
6668,send the sound to my aids,Cmd.StreamingStart,Help_DeviceSettings,13,29,0,0.5278240633167588
1886,ask my house,Default Fallback Intent,Help_Customize,21,27,0,0.527828024597887
7079,zero volume please,Cmd.VolumeMute,Cmd.VolumeIncrease,19,18,0,0.5278885498136667
1331,how do i adjust for wind,Help_Customize,Cmd.FindMyPhone,27,9,0,0.5282099062568366
6292,bluetooth is not working,Help_Pairing,Help_SelfCheck,43,46,0,0.5282686477724308
2007,just finding duncan's,Default Fallback Intent,Help_CleanCare,21,26,0,0.5285555296843946
1311,what is the bi-cros control?,Help_WiCROS,Cmd.TranscribeStart,54,15,0,0.5289747626190504
4712,please i can't hear the,Default Fallback Intent,Cmd.VolumeIncrease,21,18,0,0.5289920032788746
5971,give me a demonstration,Help_DemoMode,Default Fallback Intent,28,21,0,0.5290139545044958
5853,how can i access the fall alert settings?,Help_AppSettings,Help_FallAlert,23,31,0,0.5293361368478426
3264,please turn off mute,Cmd.VolumeUnmute,Cmd.VolumeMute,20,19,0,0.5299837015281591
2121,on north koreans office will the fuckers off here.,Default Fallback Intent,Help_DeviceSettings,21,29,0,0.5311222803604723
6772,what features does this app have,Help_Home,Help_AppSettings,38,23,0,0.5318107198478199
7889,what features were just added,Help_WhatsNew,Cmd.VolumeDecrease,53,17,0,0.5332291499688604
2636,meeting program,Cmd.MemoryChange,Help_MemoryOptions,11,42,0,0.5340338426586542
3453,can you set an alarm for 8 a.m.,reminders.add,Cmd.ActivityAerobics,55,0,0,0.534154486604277
6798,my hearing aid won't charge,Help_Battery,Help_InsertDevice,24,39,0,0.5347459460091071
7993,what can the caption feature do,Help_Transcribe,Help_HearShare,49,34,0,0.5348787195104896
8339,locate my missing earpiece,Help_FindMyHearingAids,Cmd.FindMyPhone,32,9,0,0.535048611653151
7121,turn the mute off,Cmd.VolumeUnmute,Cmd.VolumeMute,20,19,0,0.5351384332807433
7084,make it dead silent,Cmd.VolumeMute,Cmd.VolumeIncrease,19,18,0,0.5355577440626202
6235,is there a button for memory,Help_ChangingMemories,Cmd.MemoryChange,25,11,0,0.5361629344702761
4640,can you just curls up in your ears yet,Default Fallback Intent,Cmd.VolumeIncrease,21,18,0,0.5361982170111179
8134,activate my office program,Cmd.MemoryChange,Help_MemoryOptions,11,42,0,0.5365183402839576
176,raise volume,Cmd.VolumeIncrease,Cmd.VolumeDecrease,18,17,0,0.5369904245457021
6612,show me where they are,Help_FindMyHearingAids,Cmd.FindMyPhone,32,9,0,0.5370761583347187
7496,explain how to make it louder or softer,Help_Volume,Help_DeviceSettings,52,29,0,0.5371102040241147
8403,thanks,Default Fallback Intent,Help_FindMyHearingAids,21,32,0,0.5371259768444384
2300,change to mask mode memory,Cmd.MemoryChange,Help_MaskMode,11,41,0,0.5379822077004794
996,remind about business meeting every monday at 4 p.m.,reminders.add,Default Fallback Intent,55,21,0,0.5380758238442394
5398,can you outdoors memory,Cmd.MemoryChange,Help_MemoryOptions,11,42,0,0.5392712436982061
3895,can you volume quieter,Cmd.VolumeDecrease,Cmd.VolumeIncrease,17,18,0,0.539479539285084
4693,can you you can always add,Default Fallback Intent,Help_HearingCareAnywhereConnect,21,35,0,0.5396545877697235
3770,please remind me 10:30 p.m. to close the restaurant,reminders.add,Default Fallback Intent,55,21,0,0.53974060117692
1562,turn my right hearing aid off,Cmd.VolumeMute,Help_SelfCheck,19,46,0,0.5405830621200804
5405,can you telephone memory,Cmd.MemoryChange,Cmd.FindMyPhone,11,9,0,0.5411547939321936
3474,can you remember to wash my car,reminders.add,Default Fallback Intent,55,21,0,0.5413139875549008
3958,can you decrease hearing,Cmd.VolumeDecrease,Default Fallback Intent,17,21,0,0.5420809717518446
7175,what's the charge on my aids,Cmd.BatteryLevel,Help_DeviceSettings,8,29,0,0.5421233446479866
4717,can you turn off tv,Default Fallback Intent,Cmd.StreamingStop,21,14,0,0.542242732377189
7862,how do i adjust the tone of my aids,Help_Customize,Help_DeviceSettings,27,29,0,0.5426187713700261
8263,what can i control here,Help_Home,Help_AppSettings,38,23,0,0.5426499462974358
6927,stop the broadcast to my hearing aids,Cmd.StreamingStop,Help_Pairing,14,43,0,0.5431121992242567
880,remember to wash my car,reminders.add,Help_FindMyHearingAids,55,32,0,0.5433609095841816
7259,record the walking i just finished,Cmd.ActivityWalk,Help_Pairing,7,43,0,0.5435981322800499
7606,use an external mic accessory with my aids,Help_Accessories,Help_CleanCare,22,26,0,0.5443463749377613
6255,remember to wash the car,reminders.add,Default Fallback Intent,55,21,0,0.544486036402119
2136,direction of the sound,Default Fallback Intent,Cmd.VolumeIncrease,21,18,0,0.5445823753925114
4517,can you or put on 6-month cleaning,Default Fallback Intent,Help_DeviceSettings,21,29,0,0.5446248980217061
4525,can you alter metal plates myrtle beach storm,Default Fallback Intent,reminders.add,21,55,0,0.5448443320232668
85,search android,Cmd.FindMyPhone,Help_FindMyHearingAids,9,32,0,0.5448445880891912
3689,can you remind me i have a doctor's appointment,reminders.add,Help_HearShare,55,34,0,0.5449158284227071
6748,set my aids for a party,Cmd.MemoryChange,Help_FindMyHearingAids,11,32,0,0.54543689067046
1568,disable my hearing aids,Cmd.VolumeMute,Help_FindMyHearingAids,19,32,0,0.545727992131349
1246,how do i change memories?,Help_ChangingMemories,Help_AppSettings,25,23,0,0.5465161399702751
7775,stream my hearing to someone else,Help_HearShare,Help_Customize,34,27,0,0.5470959105472095
978,remind me of blood brothers,reminders.add,Default Fallback Intent,55,21,0,0.5471989677379577
2725,switch to tinnitus,Cmd.MemoryChange,Help_Tinnitus,11,48,0,0.547731500872301
7695,help with bad audio from my aids,Help_DeviceSettings,Help_FindMyHearingAids,29,32,0,0.5483312661239685
1738,how to turn the volume up on my hearing aids,Help_Volume,Cmd.VolumeIncrease,52,18,0,0.5484608779901062
4504,please live in your ear if there's a wire,Default Fallback Intent,Cmd.TranscribeStart,21,15,0,0.5485774828571626
6917,stop casting to my hearing aids,Cmd.StreamingStop,Help_SelfCheck,14,46,0,0.5486482836595967
2618,everyday memory,Cmd.MemoryChange,Help_MemoryOptions,11,42,0,0.5492449019618584
3901,can you minimum sound,Cmd.VolumeDecrease,Default Fallback Intent,17,21,0,0.549498073796056
3928,can you min sound,Cmd.VolumeDecrease,Default Fallback Intent,17,21,0,0.549498073796056
5895,stop streaming tv to my hearing aids,Cmd.StreamingStop,Cmd.StreamingStart,14,13,0,0.5498251589182487
4279,please turn off toshiba,Default Fallback Intent,Cmd.VolumeMute,21,19,0,0.5498474375757485
6349,location,Default Fallback Intent,Help_HearingCareAnywhereConnect,21,35,0,0.55002150119944
8301,stream the phone call,Cmd.StreamingStart,Cmd.FindMyPhone,13,9,0,0.5500291286995888
2017,these keeps doing this,Default Fallback Intent,Cmd.VolumeIncrease,21,18,0,0.5504900568846011
6743,everyone has to say things twice for me,Cmd.VolumeIncrease,Default Fallback Intent,18,21,0,0.550999772485297
3873,please tell me what how much do i owe you is in español,Cmd.TranslationStart,Default Fallback Intent,16,21,0,0.5512904768460807
7217,stop the audio coming to my aids,Cmd.StreamingStop,Cmd.StreamingStart,14,13,0,0.5516946113428148
6795,connect the audio from my phone to my aids,Cmd.StreamingStart,Help_Pairing,13,43,0,0.5526284930086727
879,remember to wash the car in 4 hours,reminders.add,Default Fallback Intent,55,21,0,0.5526933880591195
6096,where's the translation feature?,Help_Translate,Cmd.TranslationStart,50,16,0,0.5537617912655298
4523,can you find my song,Default Fallback Intent,Cmd.FindMyPhone,21,9,0,0.5538697838167511
7570,i lost the connection to my hearing aids,Help_Pairing,Help_SelfCheck,43,46,0,0.5546202844288161
6924,end the music stream,Cmd.StreamingStop,Cmd.StreamingStart,14,13,0,0.5547726498383598
817,pair left aid,Help_Pairing,Help_CleanCare,43,26,0,0.5549126603190728
1547,turn off the volume in my right hearing aid,Cmd.VolumeMute,Cmd.VolumeIncrease,19,18,0,0.5550450360686839
1249,where's the button for memory?,Help_ChangingMemories,Help_MemoryOptions,25,42,0,0.5553815281956304
2210,do i look good,Default Fallback Intent,Cmd.FindMyPhone,21,9,0,0.5554522742419277
7507,how do i turn the volume up in the app,Help_Volume,Cmd.VolumeIncrease,52,18,0,0.5556726978332521
8260,is there a tutorial,Help_Home,Default Fallback Intent,38,21,0,0.555734902543982
1982,so she had it up when i come home,Default Fallback Intent,Cmd.VolumeIncrease,21,18,0,0.5557513088504629
1110,how do i send a note to my hearing doctor,Help_RemoteProgramming,Help_CleanCare,45,26,0,0.5558060485106977
2132,i cannot tell a lie,Default Fallback Intent,Help_Customize,21,27,0,0.556048319195445
3898,please make my hearing aids softer,Cmd.VolumeDecrease,Cmd.VolumeIncrease,17,18,0,0.5563336799320154
4574,please turn on wi-fi,Default Fallback Intent,Cmd.VolumeUnmute,21,20,0,0.556374593519135
7166,do i need to recharge,Cmd.BatteryLevel,Help_Home,8,38,0,0.5566360860156471
6093,troubleshoot my hearing aids,Help_SelfCheck,Help_CleanCare,46,26,0,0.55685048051511
7295,i'm heading out on the bike,Cmd.ActivityCycle,Help_DemoMode,2,28,0,0.5569899589861843
7105,give me sound again,Cmd.VolumeUnmute,Cmd.VolumeIncrease,20,18,0,0.5570621114369192
4779,can you change hearing aids to car,Cmd.MemoryChange,Help_DeviceSettings,11,29,0,0.5573298005086084
976,new reminder about fitness,reminders.add,reminders.complete,55,56,0,0.5576229406700941
4704,can you sound bar,Default Fallback Intent,Cmd.VolumeIncrease,21,18,0,0.5579887274065015
2632,work memory,Cmd.MemoryChange,Help_MemoryOptions,11,42,0,0.5590178539293073
4590,can you set to tight,Default Fallback Intent,Cmd.TranslationStart,21,16,0,0.5590520614956955
3705,can you set reminder about washing car,reminders.add,Default Fallback Intent,55,21,0,0.5592820765575187
7602,does a remote microphone work with my aids,Help_Accessories,Help_CleanCare,22,26,0,0.5595147627422202
2635,restaurant program,Cmd.MemoryChange,Help_MemoryOptions,11,42,0,0.5595750654996225
3470,can you remember to watch,reminders.add,Default Fallback Intent,55,21,0,0.5601538684518729
7874,what can i personalize on my hearing aids,Help_Customize,Help_MemoryOptions,27,42,0,0.5606418273191054
8323,i'm at a noisy restaurant now,Cmd.MemoryChange,Default Fallback Intent,11,21,0,0.5614523196127621
526,how do i use self-check feature?,Help_SelfCheck,Help_HeartRate,46,36,0,0.5615321469690213
4323,can you fisher is jacking off in the car so it's in the closet,Default Fallback Intent,Help_Tinnitus,21,48,0,0.5617012874876366
4639,please just curls up in your ears yet,Default Fallback Intent,Cmd.VolumeIncrease,21,18,0,0.5618133678766114
2608,restaurant memory,Cmd.MemoryChange,Help_MemoryOptions,11,42,0,0.5619006413938958
634,turn mute off,Cmd.VolumeUnmute,Cmd.VolumeMute,20,19,0,0.5625593731007424
1695,how do turn the volume up,Help_Volume,Cmd.VolumeIncrease,52,18,0,0.5634796227016873
6614,search nearby for my aids,Help_FindMyHearingAids,Help_CleanCare,32,26,0,0.564603310788713
2054,it smooths down is forced down,Default Fallback Intent,Cmd.VolumeDecrease,21,17,0,0.5648508108806342
1953,what's on tv tonight on channel 3,Default Fallback Intent,Help_Transcribe,21,49,0,0.5658149414894806
7574,reconnect my hearing aids to the app,Help_Pairing,Help_DemoMode,43,28,0,0.5659428646798023
6087,where’s the translate feature?,Help_Translate,Cmd.TranslationStart,50,16,0,0.5662519535750553
1174,how do i change my preferences?,Help_DeviceSettings,Help_Customize,29,27,0,0.5667418698479687
1981,turn on light.,Default Fallback Intent,Help_WiCROS,21,54,0,0.5675036448407408
2109,why won't the hearing aids?,Default Fallback Intent,Help_Pairing,21,43,0,0.5677937449854283
5564,can you switch to school,Cmd.MemoryChange,Cmd.StreamingStart,11,13,0,0.5679587734042597
7310,record my aerobic exercise,Cmd.ActivityAerobics,Cmd.ActivityExercise,0,3,0,0.568322274964954
7629,is there a feature for ear ringing,Help_Tinnitus,Help_Transcribe,48,49,0,0.5691004953249036
8329,how charged are my aids,Cmd.BatteryLevel,Help_DeviceSettings,8,29,0,0.5697283718772806
6659,pipe the audio into my devices,Cmd.StreamingStart,Help_InsertDevice,13,39,0,0.5701298296991655
419,tv steam,Cmd.StreamingStart,Help_HearingCareAnywhereConnect,13,35,0,0.5703561116911128
1808,how do i rename accessories in the app?,Help_Accessories,Help_AppSettings,22,23,0,0.5708186190600443
3827,please i need help with my settings,Help_DeviceSettings,Help_Customize,29,27,0,0.5719221570980021
4331,can you turn the lights off,Default Fallback Intent,Cmd.VolumeMute,21,19,0,0.57354579692863
2775,program four,Cmd.MemoryChange,Help_FindMyHearingAids,11,32,0,0.5743950637033376
7865,how do i set my own preferences,Help_Customize,Help_MemoryOptions,27,42,0,0.5749270118517527
3145,can you tv steam,Cmd.StreamingStart,Default Fallback Intent,13,21,0,0.5758331947916453
7200,end the tv audio stream,Cmd.StreamingStop,Cmd.StreamingStart,14,13,0,0.5758544604333818
4516,please or put on 6-month cleaning,Default Fallback Intent,Help_DeviceSettings,21,29,0,0.5761705559903578
1924,turn off the kitchen light,Default Fallback Intent,Cmd.VolumeDecrease,21,17,0,0.576874504252099
3621,please reminder for 4:15 p.m. today visit grandma please,reminders.add,reminders.complete,55,56,0,0.5769048152387287
4051,can you mute sound on hearing aids,Cmd.VolumeMute,Cmd.VolumeUnmute,19,20,0,0.5770378071664852
6645,help me send information,Cmd.SendMessage,Help_FindMyHearingAids,12,32,0,0.5770513817607243
2060,phone a friend,Default Fallback Intent,Cmd.FindMyPhone,21,9,0,0.5771076815764246
7757,what does shared listening do,Help_HearShare,Help_HearingCareAnywhereConnect,34,35,0,0.5774415673156402
3699,please remind me i have a meeting,reminders.add,Cmd.ActivityCycle,55,2,0,0.5777958181780223
471,what do i need to know about this new app?,Help_WhatsNew,Help_Home,53,38,0,0.577832436764151
3791,can you add reminder for meeting,reminders.add,Default Fallback Intent,55,21,0,0.5782853977426116
5570,can you switch to tinnitus,Cmd.MemoryChange,Help_Tinnitus,11,48,0,0.5788419747153754
1730,how do i mute the aid?,Help_Volume,Cmd.VolumeMute,52,19,0,0.5793211138021067
7162,i'm seated in a crowded noisy spot,Cmd.MemoryChange,Cmd.SendMessage,11,12,0,0.580246497111139
7572,the connection to my aids dropped,Help_Pairing,Help_CleanCare,43,26,0,0.5803088461104029
6851,how many calories did i burn yesterday,Cmd.ActivityCalories,Cmd.ActivityRun,1,4,0,0.5803102751636785
4398,please sentences with more,Default Fallback Intent,Cmd.VolumeIncrease,21,18,0,0.5804724254828569
6567,use the outdoor profile,Cmd.MemoryChange,Default Fallback Intent,11,21,0,0.5807085255472743
2089,exclusive 30 to 1 odds,Default Fallback Intent,Cmd.VolumeIncrease,21,18,0,0.5807826719639076
3931,can you volume down,Cmd.VolumeDecrease,Cmd.VolumeIncrease,17,18,0,0.5809688389471186
1190,how do i automatically change to a different memory for phone calls,Help_DeviceSettings,Help_ChangingMemories,29,25,0,0.5816401533852883
7095,unmute my aids,Cmd.VolumeUnmute,Help_FindMyHearingAids,20,32,0,0.5819855718777746
6669,listen via my hearing aids,Cmd.StreamingStart,Help_FindMyHearingAids,13,32,0,0.5822888898680499
5400,can you car memory,Cmd.MemoryChange,Help_MemoryOptions,11,42,0,0.5828616748558422
7854,how do i look after my hearing aids,Help_CleanCare,Help_MemoryOptions,26,42,0,0.5831335322692843
3167,can you turn on streaming,Cmd.StreamingStart,Default Fallback Intent,13,21,0,0.5839085149059997
4735,please go back to a high,Default Fallback Intent,Cmd.SendMessage,21,12,0,0.5839136657564572
7886,show recent changes,Help_WhatsNew,Default Fallback Intent,53,21,0,0.5845979166899857
7501,how do i make one side louder,Help_Volume,Cmd.VolumeIncrease,52,18,0,0.5851822904220038
3750,can you remind me about exams every friday at 7 p.m.,reminders.add,Default Fallback Intent,55,21,0,0.5853728186685878
8315,everything sounds way too harsh,Cmd.VolumeDecrease,Cmd.VolumeIncrease,17,18,0,0.5856554337457268
1523,is it ok to push the mold in far?,Help_InsertDevice,Default Fallback Intent,39,21,0,0.5857432793395222
403,start streaming,Cmd.StreamingStart,Help_CleanCare,13,26,0,0.5859968993337058
7253,record my steps on this walk,Cmd.ActivityWalk,Cmd.ActivityStep,7,6,0,0.5866079697936911
7879,help customizing how things sound,Help_Customize,Help_DeviceSettings,27,29,0,0.586618542426376
3747,please remind me about the parent/teacher meeting on friday,reminders.add,Cmd.TranslationStart,55,16,0,0.5869885964197779
4407,please you need some help,Default Fallback Intent,Help_DeviceSettings,21,29,0,0.5875941751686379
4059,can you mute on,Cmd.VolumeMute,Cmd.VolumeUnmute,19,20,0,0.589395886978761
5458,can you golf setting,Cmd.MemoryChange,Cmd.FindMyPhone,11,9,0,0.5895384158231267
689,how do i adjust my noise masker on the left aid?,Help_Tinnitus,Help_DeviceSettings,48,29,0,0.5900814728141575
1967,how long does it hurt for the hearing aids in my ears,Default Fallback Intent,Help_InsertDevice,21,39,0,0.591440723591077
3932,please make volume lower,Cmd.VolumeDecrease,Cmd.VolumeIncrease,17,18,0,0.5916513796972133
919,set a reminder to pick up prescription today at 5 p.m.,reminders.add,Help_InsertDevice,55,39,0,0.5917219553225535
7876,how do i change the tone of my aids,Help_Customize,Help_DeviceSettings,27,29,0,0.5921879829546608
6786,how long before the battery dies,Cmd.BatteryLevel,Help_Battery,8,24,0,0.5947263892356974
3447,can you set an alarm for 15 minutes,reminders.add,Default Fallback Intent,55,21,0,0.5954248987720333
885,remember to turn the lights on at 8 p.m.,reminders.add,Default Fallback Intent,55,21,0,0.5956487381526719
2252,what are the dining options in the clubhouse,Default Fallback Intent,Help_HearingCareAnywhereConnect,21,35,0,0.5976155704926392
1925,so it goes back it goes back to the memory or in,Default Fallback Intent,Cmd.MemoryChange,21,11,0,0.5979330292805083
4782,can you go to outdoors,Cmd.MemoryChange,Cmd.FindMyPhone,11,9,0,0.5979551431747685
1726,what is the volume control,Help_Volume,Cmd.VolumeDecrease,52,17,0,0.5980464030136483
2631,train memory,Cmd.MemoryChange,Help_MemoryOptions,11,42,0,0.5984535817185975
7417,put captions on everyone's speech,Cmd.TranscribeStart,Help_Transcribe,15,49,0,0.5992457471630628
6530,this is barely audible,Cmd.VolumeIncrease,Default Fallback Intent,18,21,0,0.5995629735817475
3120,please i'd like to stream now,Cmd.StreamingStart,Cmd.MemoryChange,13,11,0,0.6003456708443488
7996,where do transcripts get saved,Help_Transcribe,Help_HearingCareAnywhereConnect,49,35,0,0.601041132679942
6546,make it less intense,Cmd.VolumeDecrease,Cmd.VolumeIncrease,17,18,0,0.6012876731999935
2675,tinnitus setting,Cmd.MemoryChange,Help_Tinnitus,11,48,0,0.6014931437407564
7705,my aids cut out intermittently,Help_DeviceSettings,Cmd.VolumeMute,29,19,0,0.6028763384552964
6759,let my family know something,Cmd.SendMessage,Help_Health,12,33,0,0.603133309297678
3460,can you every week,reminders.add,Default Fallback Intent,55,21,0,0.6035615079314569
6018,start tv,Cmd.StreamingStart,Help_Pairing,13,43,0,0.6058860903538383
4702,please turn body off,Default Fallback Intent,Cmd.VolumeMute,21,19,0,0.6058927151932002
551,where is self-check?,Help_SelfCheck,Help_HearingCareAnywhereConnect,46,35,0,0.6067452360871839
856,sync car bluetooth to hearing aid,Help_Pairing,Help_CleanCare,43,26,0,0.6077940153383709
4286,please turn off the kitchen light,Default Fallback Intent,Cmd.VolumeMute,21,19,0,0.6079403761143908
2277,how far do i have to ride to meet my goal?,Cmd.ActivityCycle,Help_Customize,2,27,0,0.6079679275041725
3443,can you create a new reminder,reminders.add,Help_Reminder,55,44,0,0.6082185704451532
1914,how do i stop pandora from playing on my hearing aids,Default Fallback Intent,Help_Volume,21,52,0,0.6082289023151906
8302,stream the music,Cmd.StreamingStart,Help_Accessories,13,22,0,0.6082432983055406
4602,please not screaming loud enough,Default Fallback Intent,Cmd.VolumeDecrease,21,17,0,0.608244241546007
7070,kill the audio completely,Cmd.VolumeMute,Help_DeviceSettings,19,29,0,0.6082910313388439
7444,don't let me forget my appointment,reminders.add,Cmd.FindMyPhone,55,9,0,0.6084218192163754
4623,please molesting hearing aids to cousin,Default Fallback Intent,Help_CleanCare,21,26,0,0.6093825647670198
5866,is it time to change my batteries,Cmd.BatteryLevel,Cmd.MemoryChange,8,11,0,0.6106921205856493
6555,put me in restaurant mode,Cmd.MemoryChange,Cmd.TranslationStart,11,16,0,0.6111032430351607
3228,can you there is a problem with my hearing aids,Help_SelfCheck,Help_DeviceSettings,46,29,0,0.6115739077392504
6113,i need to set up a reminder,reminders.add,Help_Reminder,55,44,0,0.6120536303035136
4714,can you but they live here i remember when jerry told me,Default Fallback Intent,Cmd.TranslationStart,21,16,0,0.612267941771429
1847,how do i dispose of a body,Default Fallback Intent,Help_ThriveScore,21,47,0,0.6123472512652965
2051,how to connect my spies,Default Fallback Intent,Help_Accessories,21,22,0,0.612773358346466
8320,the sound is overwhelming me,Cmd.VolumeDecrease,Cmd.VolumeIncrease,17,18,0,0.6129905022881472
1947,look up your nose real quick to,Default Fallback Intent,Cmd.TranslationStart,21,16,0,0.6131234224989474
7132,set my aids for a noisy party,Cmd.MemoryChange,Help_FindMyHearingAids,11,32,0,0.6131691167649305
6810,my hearing aid battery is low,Help_Battery,Cmd.BatteryLevel,24,8,0,0.614133191269195
6936,how many minutes have i exercised this week,Cmd.ActivityExercise,Cmd.ActivityRun,3,4,0,0.6151894243879205
3452,please set an alarm for 8 a.m.,reminders.add,Cmd.ActivityAerobics,55,0,0,0.6157743244150075
2640,television program,Cmd.MemoryChange,Help_MemoryOptions,11,42,0,0.6157869657054715
5752,disconnect from tv,Cmd.StreamingStop,Help_Pairing,14,43,0,0.61660188350056
8192,direct the audio to my hearing devices,Cmd.StreamingStart,Help_FindMyHearingAids,13,32,0,0.6170743752950957
1123,how do i sent a request to my professional for help?,Help_RemoteProgramming,Help_HeartRate,45,36,0,0.6179122268441661
1465,what's my battery life?,Cmd.BatteryLevel,Help_Battery,8,24,0,0.6180161838333885
6327,reminder to play with my cat every workday at 7 p.m.,reminders.add,Default Fallback Intent,55,21,0,0.6181997260132815
2261,where's the current,Default Fallback Intent,Help_HearingCareAnywhereConnect,21,35,0,0.6182595583479426
1922,i don't remember i don't remember this being such a big fish,Default Fallback Intent,Cmd.TranslationStart,21,16,0,0.6184087684401898
528,where can i see if my hearing aid is working?,Help_SelfCheck,Help_InsertDevice,46,39,0,0.6185014228351248
1115,how do i send a request to my audiologist for help?,Help_RemoteProgramming,Help_HearingCareAnywhereConnect,45,35,0,0.6186329396301761
1722,how do turn the volume down,Help_Volume,Cmd.VolumeDecrease,52,17,0,0.6187360293922576
4287,can you turn off the kitchen light,Default Fallback Intent,Cmd.VolumeMute,21,19,0,0.6194643871678209
870,every month,reminders.add,Help_MaskMode,55,41,0,0.6211517367696139
2127,how do i clean a how to do subject,Default Fallback Intent,Help_CleanCare,21,26,0,0.6221311733173348
746,how do i restore the settings in my aids?,Help_HearingCareAnywhereConnect,Help_AppSettings,35,23,0,0.6223038748104367
1906,florist off screen,Default Fallback Intent,Cmd.VolumeMute,21,19,0,0.6226279089470944
6146,i would like a reminder,reminders.add,Help_Reminder,55,44,0,0.622705515384862
406,connect to remote,Cmd.StreamingStart,Help_HearingCareAnywhereConnect,13,35,0,0.6229801852216387
7309,track my dance workout,Cmd.ActivityAerobics,Cmd.ActivityExercise,0,3,0,0.6230967781990004
4419,please somebody from motel in boise,Default Fallback Intent,Help_WhatsNew,21,53,0,0.6234274669775615
8253,what can the app do,Help_Home,Help_AppSettings,38,23,0,0.6234445114141991
816,how do i reconnect my left aid,Help_Pairing,Help_FindMyHearingAids,43,32,0,0.6236715998791998
6362,scan options,Default Fallback Intent,Help_HearingCareAnywhereConnect,21,35,0,0.62449908570113
6805,which battery do i need for my hearing aid,Help_Battery,Help_CleanCare,24,26,0,0.6249381598511049
5948,how to translate,Help_Translate,Cmd.TranslationStart,50,16,0,0.6253559349573551
2120,what was the indians score,Default Fallback Intent,Help_ThriveScore,21,47,0,0.6271971286928086
5397,can you restaurant memory,Cmd.MemoryChange,Help_MemoryOptions,11,42,0,0.6283476879136811
3829,can you tone change,Help_DeviceSettings,Cmd.MemoryChange,29,11,0,0.6291078765495851
6510,turn things up a notch,Cmd.VolumeIncrease,Default Fallback Intent,18,21,0,0.6300590967235459
2610,meeting memory,Cmd.MemoryChange,Help_MemoryOptions,11,42,0,0.6305531021142106
6361,rain. the the app me,Default Fallback Intent,Help_AppSettings,21,23,0,0.6312915048900952
7965,how do i set up language translation,Help_Translate,Cmd.TranslationStart,50,16,0,0.6329534460624762
1337,can i use the equalizer to customize my memory,Help_Customize,Help_MemoryOptions,27,42,0,0.6330249864025038
6379,where is,Default Fallback Intent,Help_HearingCareAnywhereConnect,21,35,0,0.6336560954056153
3457,can you schedule physical therapy appointment tomorrow morning 8:40 a.m.,reminders.add,Default Fallback Intent,55,21,0,0.6343744580547688
633,turn the volume on,Cmd.VolumeUnmute,Help_Volume,20,52,0,0.6369576910159073
7947,how does translation work in the app,Help_Translate,Help_AppSettings,50,23,0,0.6372196943595329
6533,the volume feels low,Cmd.VolumeIncrease,Cmd.VolumeDecrease,18,17,0,0.6373962709437353
1948,fisher is jacking off in the car so it's in the closet,Default Fallback Intent,Help_Tinnitus,21,48,0,0.6386667702315719
5688,can you memory number one,Cmd.MemoryChange,Help_MemoryOptions,11,42,0,0.6408345930814325
1461,whats my battery charge,Cmd.BatteryLevel,Help_Battery,8,24,0,0.6408698777441839
766,how do i reconnect my aids,Help_Pairing,Help_Customize,43,27,0,0.6413452343744427
6382,you can't keep it in okay remind me of your nice,Default Fallback Intent,reminders.add,21,55,0,0.6413707500673962
429,turn on streaming,Cmd.StreamingStart,Cmd.TranscribeStart,13,15,0,0.6418430504588946
7538,how do i switch profiles,Help_ChangingMemories,Help_AppSettings,25,23,0,0.6423709763270405
6586,what's my remaining charge?,Cmd.BatteryLevel,Help_DeviceSettings,8,29,0,0.6427487614924513
8346,help me find my way around,Help_Home,Help_Customize,38,27,0,0.6430943722298611
5972,what does self-check test?,Help_SelfCheck,Default Fallback Intent,46,21,0,0.6446612263112624
2699,change to tinnitus,Cmd.MemoryChange,Help_Tinnitus,11,48,0,0.6451900275946634
4747,can you write a program in switch,Default Fallback Intent,Cmd.MemoryChange,21,11,0,0.6452359421241988
4685,can you i need a car battery,Default Fallback Intent,Cmd.BatteryLevel,21,8,0,0.6460666224958737
7918,help i'm overwhelmed by the app,Help_Home,Help_AppSettings,38,23,0,0.6461076004348479
2612,car memory,Cmd.MemoryChange,Help_MemoryOptions,11,42,0,0.6469649546429201
696,how do i adjust my noise masker on the hearing aids?,Help_Tinnitus,Help_DeviceSettings,48,29,0,0.6470887363674096
4215,please i'd like to know how far it is to the moon,Default Fallback Intent,Help_DeviceSettings,21,29,0,0.6474251056028725
3279,can you turn mute off,Cmd.VolumeUnmute,Cmd.VolumeMute,20,19,0,0.6475257180184114
6694,walk me through the process,Default Fallback Intent,Cmd.BatteryLevel,21,8,0,0.6487283421784601
7904,walk me through the basics,Help_Home,Cmd.BatteryLevel,38,8,0,0.6487283421784601
4480,please it smooths down is forced down,Default Fallback Intent,Cmd.VolumeDecrease,21,17,0,0.6491684137902552
8163,i might forget this,reminders.add,Cmd.FindMyPhone,55,9,0,0.6497689383342873
8402,have a good one,Default Fallback Intent,Cmd.ListenMessage,21,10,0,0.6499369387646049
886,remember to take my medicine tuesday morning at 10 a.m.,reminders.add,Help_InsertDevice,55,39,0,0.6501887047664116
7223,cut the tv connection to my aids,Cmd.StreamingStop,Cmd.StreamingStart,14,13,0,0.6502887612301355
6154,i would like to set a reminder,reminders.add,Help_Reminder,55,44,0,0.6503428382711574
1853,where can i get my hearing checked,Default Fallback Intent,Help_HearingCareAnywhereConnect,21,35,0,0.6505202339481181
4322,please fisher is jacking off in the car so it's in the closet,Default Fallback Intent,Help_Tinnitus,21,48,0,0.6523402401234383
2189,how do i fix my,Default Fallback Intent,Help_Customize,21,27,0,0.6526164485830414
7327,show my calories,Cmd.ActivityCalories,Help_Health,1,33,0,0.6543361392356182
2061,out of your phone okay,Default Fallback Intent,Cmd.ActivityCalories,21,1,0,0.6547977663431888
8322,trim the loudness please,Cmd.VolumeDecrease,Cmd.VolumeIncrease,17,18,0,0.6557845020389991
4489,can you phone a friend,Default Fallback Intent,Cmd.FindMyPhone,21,9,0,0.6577696606086773
757,why is my left hearing aid not paired,Help_Pairing,Help_SelfCheck,43,46,0,0.6581740014738884
4451,can you the stage sign,Default Fallback Intent,Cmd.FindMyPhone,21,9,0,0.6586472913612661
6584,will i make it through the afternoon?,Cmd.BatteryLevel,Cmd.VolumeIncrease,8,18,0,0.6591982882891897
1245,what memory and i currently in?,Help_ChangingMemories,Help_MemoryOptions,25,42,0,0.6592164102006554
883,remember to wake up at 6 a.m.,reminders.add,Default Fallback Intent,55,21,0,0.6599655458189311
5480,can you change to meeting,Cmd.MemoryChange,Help_AppSettings,11,23,0,0.660113095177263
2099,what is the best phone,Default Fallback Intent,Cmd.FindMyPhone,21,9,0,0.6610277509896313
7691,how do i fix poor sound quality,Help_DeviceSettings,Help_Customize,29,27,0,0.661355446410063
2144,why is my left hearing aid,Default Fallback Intent,Help_FindMyHearingAids,21,32,0,0.6616594473120219
6814,battery life is getting shorter,Help_Battery,Cmd.VolumeIncrease,24,18,0,0.6627869782604976
922,remind me to exercise today,reminders.add,Cmd.ActivityExercise,55,3,0,0.6637381243130003
3482,can you remember to turn the lights on at 8 p.m.,reminders.add,Default Fallback Intent,55,21,0,0.6641145695168337
7973,is my language offered for translation,Help_Translate,Cmd.TranslationStart,50,16,0,0.6668577368988039
3484,can you remember to turn off my phone everyday at 11 p.m.,reminders.add,Default Fallback Intent,55,21,0,0.6675267467321205
7141,set it up for a concert hall,Cmd.MemoryChange,Default Fallback Intent,11,21,0,0.6677342136854199
882,remember to wake up at 7 a.m.,reminders.add,Default Fallback Intent,55,21,0,0.6692323554033996
6884,how do i save my settings online,Help_HearingCareAnywhereConnect,Help_AppSettings,35,23,0,0.6718158887012758
3620,can you remind me at 1 p.m. that i have to eat,reminders.add,Default Fallback Intent,55,21,0,0.672261282647163
7706,help with poor audio from my aids,Help_DeviceSettings,Help_FindMyHearingAids,29,32,0,0.6731031404189979
2118,search genesis,Default Fallback Intent,Help_FindMyHearingAids,21,32,0,0.6735027287751644
4663,can you all pre-program settings change when once changed,Default Fallback Intent,Help_AppSettings,21,23,0,0.6740081558778804
2018,somebody from motel in boise,Default Fallback Intent,Help_WhatsNew,21,53,0,0.674010169400893
7183,tell me how charged they are,Cmd.BatteryLevel,Help_DeviceSettings,8,29,0,0.674135256552834
4687,can you on a good day,Default Fallback Intent,Cmd.SendMessage,21,12,0,0.6744211986249894
7036,make it softer please,Cmd.VolumeDecrease,Cmd.VolumeIncrease,17,18,0,0.6753196622579222
7192,let me hear the show through my aids,Cmd.StreamingStart,Cmd.ListenMessage,13,10,0,0.6758944203347107
952,remind me at 1 p.m. that i have to eat,reminders.add,Default Fallback Intent,55,21,0,0.675903972034039
6724,give me some quiet,Cmd.VolumeDecrease,Cmd.VolumeIncrease,17,18,0,0.6759433644918532
4716,please turn off tv,Default Fallback Intent,Cmd.VolumeMute,21,19,0,0.6760789746851724
814,why is my right hearing aid not connected,Help_Pairing,Help_SelfCheck,43,46,0,0.6764704180119663
6334,set my reminders,reminders.add,Help_Reminder,55,44,0,0.676985439904021
7707,the sound keeps breaking up,Help_DeviceSettings,Cmd.VolumeIncrease,29,18,0,0.677904543508933
2609,outdoors memory,Cmd.MemoryChange,Help_MemoryOptions,11,42,0,0.6782770762763316
5789,end stream,Cmd.StreamingStop,Cmd.TranslationStart,14,16,0,0.6789646697017473
3278,please turn mute off,Cmd.VolumeUnmute,Cmd.VolumeMute,20,19,0,0.6791896619564192
6172,how do i request new settings fine tuning?,Help_RemoteProgramming,Help_AppSettings,45,23,0,0.6807093947049762
6157,i would like to set up a reminder,reminders.add,Help_Reminder,55,44,0,0.681149085363922
6392,its too lound,Cmd.VolumeDecrease,Default Fallback Intent,17,21,0,0.6811721285230187
971,reminder to play with my cat everyday at 7 p.m.,reminders.add,Help_HearShare,55,34,0,0.6813641402405194
5790,do i have a normal memory,Help_ChangingMemories,Help_MemoryOptions,25,42,0,0.6813926828478604
3960,can you less volume please,Cmd.VolumeDecrease,Cmd.VolumeIncrease,17,18,0,0.6827124107179844
2205,monthly,Default Fallback Intent,Cmd.TranscribeStart,21,15,0,0.6828309960309025
1564,mute on,Cmd.VolumeMute,Cmd.VolumeUnmute,19,20,0,0.6839963733158256
1670,how do i turn up the loudness in just the left side?,Help_Volume,Cmd.VolumeIncrease,52,18,0,0.6862245677354831
8344,show me around the app,Help_Home,Help_AppSettings,38,23,0,0.6876821446529063
6757,write this down so i remember,reminders.add,Cmd.FindMyPhone,55,9,0,0.6877773835196356
3917,please make the volume less,Cmd.VolumeDecrease,Cmd.VolumeIncrease,17,18,0,0.6884881204827381
1873,should i tell him how i feel,Default Fallback Intent,Help_Customize,21,27,0,0.6887164723140561
1957,turn on this is my life,Default Fallback Intent,Cmd.TranscribeStart,21,15,0,0.6890314562896525
7082,mute right now,Cmd.VolumeMute,Cmd.VolumeUnmute,19,20,0,0.6902235411277235
7047,too much volume right now,Cmd.VolumeDecrease,Cmd.VolumeIncrease,17,18,0,0.6912561104700443
4650,can you i give up,Default Fallback Intent,Cmd.VolumeIncrease,21,18,0,0.6914874224956099
5399,can you meeting memory,Cmd.MemoryChange,Help_MemoryOptions,11,42,0,0.6918733784966242
1559,mute sound on hearing aids,Cmd.VolumeMute,Cmd.VolumeUnmute,19,20,0,0.6922483992899212
3746,can you new reminder about washing car,reminders.add,Default Fallback Intent,55,21,0,0.6924343151578697
7135,i'm heading into a meeting,Cmd.MemoryChange,Cmd.TranscribeStart,11,15,0,0.6924867302535546
3688,can you remind me of blood brothers,reminders.add,Default Fallback Intent,55,21,0,0.6926370133194178
7224,disconnect the television audio,Cmd.StreamingStop,Cmd.StreamingStart,14,13,0,0.6942123064025382
8142,apply wind noise reduction,Cmd.MemoryChange,Default Fallback Intent,11,21,0,0.6950946716731917
782,why is my left hearing aid not connected,Help_Pairing,Help_SelfCheck,43,46,0,0.6963056269829545
1395,reduce the hearing aid volume,Cmd.VolumeDecrease,Help_Volume,17,52,0,0.6968745042700922
840,how do i connect to my car's bluetooth?,Help_Pairing,Help_Health,43,33,0,0.697638512635322
6828,is edge mode available on my hearing aid,Help_EdgeMode,Help_InsertDevice,30,39,0,0.6997274241094452
2014,discover revelation,Default Fallback Intent,Help_HearingCareAnywhereConnect,21,35,0,0.7007068575410826
7216,end my tv streaming,Cmd.StreamingStop,Cmd.StreamingStart,14,13,0,0.7010035325101948
5832,can i add a reminder,reminders.add,Help_HearShare,55,34,0,0.7014996956861523
5902,how do i adjust the loudness on just the right side?,Help_Volume,Cmd.VolumeIncrease,52,18,0,0.703076127695274
7511,explain the loudness controls,Help_Volume,Cmd.VolumeIncrease,52,18,0,0.7039634455408665
3150,please pick up tv stream signal,Cmd.StreamingStart,Cmd.StreamingStop,13,14,0,0.7052019848849747
1203,i need help with my settings,Help_DeviceSettings,Help_Customize,29,27,0,0.7062319099923204
7213,close the audio streaming,Cmd.StreamingStop,Cmd.StreamingStart,14,13,0,0.7071561973100189
7809,explain proper aid placement,Help_InsertDevice,Help_CleanCare,39,26,0,0.7087105777208996
4580,please only if it's not a problem for cdl,Default Fallback Intent,Help_SelfCheck,21,46,0,0.7090114161525711
2705,switch to meeting,Cmd.MemoryChange,Cmd.TranscribeStart,11,15,0,0.7093036394079807
6598,any battery warnings?,Cmd.BatteryLevel,Help_Battery,8,24,0,0.7094331529482056
3465,can you reminder,reminders.add,reminders.complete,55,56,0,0.7096020095823814
1723,how do i turn the volume up,Help_Volume,Cmd.VolumeIncrease,52,18,0,0.711088167973546
6647,leave a recording,Cmd.SendMessage,Cmd.TranscribeStart,12,15,0,0.7112676677201212
3959,please less volume please,Cmd.VolumeDecrease,Cmd.VolumeIncrease,17,18,0,0.7113531978302374
1210,how do i change tone?,Help_DeviceSettings,Help_AppSettings,29,23,0,0.7130675986231223
762,can my hearing aids be set up to an iphone and an ipad at the same,Help_Pairing,Help_RemoteProgramming,43,45,0,0.7137353769417286
6632,keep this on my radar,reminders.add,Default Fallback Intent,55,21,0,0.7137637686147206
1235,can i go to a different program?,Help_ChangingMemories,Cmd.MemoryChange,25,11,0,0.7149260543149132
4341,can you turn on the answer double tap slept here.,Default Fallback Intent,Help_DeviceSettings,21,29,0,0.7169620731104345
5791,how do i test drive the app?,Help_DemoMode,Help_AppSettings,28,23,0,0.7187606346145352
1946,any help you,Default Fallback Intent,Help_FindMyHearingAids,21,32,0,0.7192947771991749
8140,i'm in the car now,Cmd.MemoryChange,Default Fallback Intent,11,21,0,0.7197240987504581
2629,theater memory,Cmd.MemoryChange,Help_MemoryOptions,11,42,0,0.7199835456929292
1928,turn off cable,Default Fallback Intent,Cmd.VolumeDecrease,21,17,0,0.7200250262145198
7605,does a clip on mic send audio to my aids,Help_Accessories,Help_CleanCare,22,26,0,0.7214332223702732
7206,quit the audio stream,Cmd.StreamingStop,Cmd.StreamingStart,14,13,0,0.7223862975772899
1880,why isn't my heart mahira anaise bagri working,Default Fallback Intent,Help_HeartRate,21,36,0,0.7231492172553499
7177,are my hearing aids charged enough,Cmd.BatteryLevel,Help_DeviceSettings,8,29,0,0.7248180281883952
2187,i need a car battery,Default Fallback Intent,Cmd.BatteryLevel,21,8,0,0.7251062633559896
6492,could you compose a message,Cmd.SendMessage,Default Fallback Intent,12,21,0,0.7251365907437064
7514,set independent loudness per side,Help_Volume,Cmd.VolumeIncrease,52,18,0,0.7252763641834412
6319,i can't hear you my left hearing aid does not show up on my,Default Fallback Intent,Help_SelfCheck,21,46,0,0.7258600644956227
6297,here on this,Default Fallback Intent,Cmd.TranscribeStart,21,15,0,0.7272521801693548
7638,the masking sound feature help,Help_Tinnitus,Help_DeviceSettings,48,29,0,0.7273133002344511
6679,what are my options?,Help_Home,Cmd.FindMyPhone,38,9,0,0.72817228209833
6680,what are my options,Help_Home,Cmd.FindMyPhone,38,9,0,0.72817228209833
1178,how do i change my automatic settings?,Help_DeviceSettings,Help_AppSettings,29,23,0,0.7285394731759881
644,unmute my hearing aids,Cmd.VolumeUnmute,Help_FindMyHearingAids,20,32,0,0.7287648788939104
2715,switch to gym,Cmd.MemoryChange,Cmd.TranscribeStart,11,15,0,0.7291384109749528
781,how do i know if my hearing aids are connected to my app?,Help_Pairing,Help_Accessories,43,22,0,0.7297001810613889
4499,please turn the engine off of,Default Fallback Intent,Cmd.VolumeMute,21,19,0,0.7306208268654636
7164,are my aids fully charged,Cmd.BatteryLevel,Help_DeviceSettings,8,29,0,0.730863633728184
2614,television memory,Cmd.MemoryChange,Help_MemoryOptions,11,42,0,0.7336206469503003
7512,help me understand volume per side,Help_Volume,Cmd.VolumeIncrease,52,18,0,0.7336487045945208
7515,different volume for my left and right,Help_Volume,Cmd.VolumeIncrease,52,18,0,0.7339397311550814
4304,can you adjusted with my phone,Default Fallback Intent,Cmd.FindMyPhone,21,9,0,0.7346433204993876
7020,everything is too low,Cmd.VolumeIncrease,Cmd.VolumeDecrease,18,17,0,0.7356203891281966
7571,my hearing aids disconnected reconnect them,Help_Pairing,Help_SelfCheck,43,46,0,0.7368465554549247
2237,why should i visit in poopy,Default Fallback Intent,Help_DeviceSettings,21,29,0,0.7373533495198978
7974,can it translate into french,Help_Translate,Cmd.TranslationStart,50,16,0,0.7384027683723121
6523,too quiet,Cmd.VolumeIncrease,Cmd.VolumeDecrease,18,17,0,0.7386040087278974
5403,can you television memory,Cmd.MemoryChange,Help_MemoryOptions,11,42,0,0.7395177219946504
8157,i misplaced my hearing device,Help_FindMyHearingAids,Cmd.FindMyPhone,32,9,0,0.7395880049548325
7976,do you support italian translation,Help_Translate,Cmd.TranslationStart,50,16,0,0.739844704248772
1956,i'm up,Default Fallback Intent,Cmd.VolumeIncrease,21,18,0,0.7414656807181044
6141,how do i increase the volume in just the left side?,Help_Volume,Cmd.VolumeIncrease,52,18,0,0.7418058515406493
7125,i'd like to hear once more,Cmd.VolumeUnmute,Cmd.VolumeIncrease,20,18,0,0.7428902571564059
8366,good evening,Default Fallback Intent,Help_HearingCareAnywhereConnect,21,35,0,0.7448979968120376
473,can i set the program to a location?,Help_MemoryOptions,Cmd.MemoryChange,42,11,0,0.7449334481808573
3459,can you every month,reminders.add,Default Fallback Intent,55,21,0,0.7452598101382539
3478,can you remember to wake up at 7 a.m.,reminders.add,Default Fallback Intent,55,21,0,0.7468188073048285
1869,how do i tie my shoes,Default Fallback Intent,Help_Customize,21,27,0,0.7489521114307657
8279,text this person,Cmd.SendMessage,Cmd.TranscribeStart,12,15,0,0.7489758538608596
7491,what are the volume options,Help_Volume,Cmd.VolumeDecrease,52,17,0,0.7491700287476185
2624,office memory,Cmd.MemoryChange,Help_MemoryOptions,11,42,0,0.7504597646227625
5469,can you tinnitus setting,Cmd.MemoryChange,Help_Tinnitus,11,48,0,0.7529081540135669
7112,give me audio again,Cmd.VolumeUnmute,Cmd.VolumeIncrease,20,18,0,0.7532189512039742
8314,connect directly to aids,Cmd.StreamingStart,Help_CleanCare,13,26,0,0.7532894109837857
6644,can i contact somebody?,Cmd.SendMessage,Cmd.FindMyPhone,12,9,0,0.7549558408717361
6246,where is the mask setting on my hearing aids,Default Fallback Intent,Help_MaskMode,21,41,0,0.7556802976448173
8332,are these almost dead,Cmd.BatteryLevel,Default Fallback Intent,8,21,0,0.7557019147018486
7202,cut off the streamed audio,Cmd.StreamingStop,Cmd.VolumeMute,14,19,0,0.7560884337916501
7909,help me figure out the app,Help_Home,Help_AppSettings,38,23,0,0.758308122613347
5411,can you kitchen memory,Cmd.MemoryChange,Help_MemoryOptions,11,42,0,0.7588297916277141
7146,i'm in a loud cafeteria now,Cmd.MemoryChange,Default Fallback Intent,11,21,0,0.7609105735280312
6529,i can hardly hear anything,Cmd.VolumeIncrease,Help_HearingCareAnywhereConnect,18,35,0,0.7619038148051762
2288,mask memory,Cmd.MemoryChange,Help_MaskMode,11,41,0,0.7623306641079848
6226,how do i set up the automatic car memory,Default Fallback Intent,Help_DeviceSettings,21,29,0,0.7623806395732682
7580,how can the app help me find my aids,Help_FindMyHearingAids,Help_Customize,32,27,0,0.7649409456294427
6304,how do i change,Default Fallback Intent,Help_AppSettings,21,23,0,0.7652928053204067
1128,how many help requests can i submit?,Help_RemoteProgramming,Help_Customize,45,27,0,0.7655113130654163
7042,the sound is too strong,Cmd.VolumeDecrease,Cmd.VolumeIncrease,17,18,0,0.7665344790329601
1845,electric car battery,Default Fallback Intent,Help_Battery,21,24,0,0.7667160222156109
884,remember to visit my family on thanksgiving day,reminders.add,Cmd.SendMessage,55,12,0,0.7685880390630885
7211,shut off the streamed sound,Cmd.StreamingStop,Cmd.VolumeMute,14,19,0,0.7699862115929517
1725,how do i mute the hearing aids?,Help_Volume,Cmd.VolumeMute,52,19,0,0.7702541985177049
2114,only if it's not a problem for cdl,Default Fallback Intent,Help_SelfCheck,21,46,0,0.7708648487195634
1502,is it ok to push the mold in deep?,Help_InsertDevice,Default Fallback Intent,39,21,0,0.7709922677486611
1972,as far as far as cleaning up over there i went pretty,Default Fallback Intent,Cmd.VolumeIncrease,21,18,0,0.7709964921911542
1489,what is transcribe,Help_Transcribe,Cmd.TranscribeStart,49,15,0,0.7721135626295712
8082,the wind outside is overwhelming what can i do,Help_EdgeMode,Help_Home,30,38,0,0.7733908983312673
6754,make my hearing aids beep so i can find them,Help_FindMyHearingAids,Help_DeviceSettings,32,29,0,0.7746071742956505
4200,can you car battery,Default Fallback Intent,Cmd.BatteryLevel,21,8,0,0.7747873989420578
1161,how do i change beeps?,Help_DeviceSettings,Help_AppSettings,29,23,0,0.7748047054756291
1220,how do i change ringtones?,Help_DeviceSettings,Help_AppSettings,29,23,0,0.7748047054756291
7237,log this running workout,Cmd.ActivityRun,Cmd.ActivityExercise,4,3,0,0.7830894454958098
1964,phone,Default Fallback Intent,Cmd.FindMyPhone,21,9,0,0.7846617379781139
803,how do i check if the hearing aids are connected to the app?,Help_Pairing,Help_Accessories,43,22,0,0.7848615490740997
3257,can you mute off,Cmd.VolumeUnmute,Cmd.VolumeMute,20,19,0,0.7852362314466796
930,remind me to get groceries every month on the 15th at 1 p.m.,reminders.add,Default Fallback Intent,55,21,0,0.7866715359828772
418,let me hear the presenter,Cmd.StreamingStart,Cmd.ListenMessage,13,10,0,0.7872715496157388
185,how much distance have i covered today,Cmd.ActivityStep,Cmd.ActivityRun,6,4,0,0.787608762983825
7475,that one's finished,reminders.complete,Default Fallback Intent,56,21,0,0.7894895913381123
4332,please android phone to listen to spotify,Default Fallback Intent,Cmd.FindMyPhone,21,9,0,0.7895039376322708
1912,how do i spell machine,Default Fallback Intent,Help_Customize,21,27,0,0.7912992849748006
1386,make the volume less,Cmd.VolumeDecrease,Cmd.VolumeIncrease,17,18,0,0.7921640249673843
7782,explain the voice assistant feature,Help_VoiceAssistant,Help_HearShare,51,34,0,0.7933379058319984
7081,quiet everything down to nothing,Cmd.VolumeMute,Cmd.VolumeDecrease,19,17,0,0.7937251786994167
8390,what's new,Default Fallback Intent,Help_WhatsNew,21,53,0,0.7942737702136345
4303,please adjusted with my phone,Default Fallback Intent,Cmd.FindMyPhone,21,9,0,0.7953461695659954
3725,can you remind about business meeting every monday at 4 p.m.,reminders.add,Default Fallback Intent,55,21,0,0.796149512667774
2291,mask setting,Cmd.MemoryChange,Help_MaskMode,11,41,0,0.8001881860096813
6352,max burger,Default Fallback Intent,Help_HearingCareAnywhereConnect,21,35,0,0.8007374098097866
7791,how do i use voice commands,Help_VoiceAssistant,Help_IntelliVoice,51,40,0,0.8014476134467999
3940,can you volume softer,Cmd.VolumeDecrease,Cmd.VolumeIncrease,17,18,0,0.8017958670448757
8116,how far is the nearest store,Default Fallback Intent,Cmd.VolumeIncrease,21,18,0,0.8021698017403203
1186,how do i switch to a different memory when streaming,Help_DeviceSettings,Help_ChangingMemories,29,25,0,0.8035020527447634
4789,can you switch to mask,Cmd.MemoryChange,Help_MaskMode,11,41,0,0.8044715644061687
773,why aren't my hearing aids synced,Help_Pairing,Help_CleanCare,43,26,0,0.8049208602320016
1130,how do i preview new settings?,Help_RemoteProgramming,Help_AppSettings,45,23,0,0.8055201264712852
7948,is spanish supported for translation,Help_Translate,Cmd.TranslationStart,50,16,0,0.8064796684327874
7110,let me hear things again,Cmd.VolumeUnmute,Cmd.ListenMessage,20,10,0,0.8066244899591314
4522,please find my song,Default Fallback Intent,Cmd.FindMyPhone,21,9,0,0.8069741003910906
2292,mask program,Cmd.MemoryChange,Help_MaskMode,11,41,0,0.807390196797935
3794,can you trader reminder,reminders.add,reminders.complete,55,56,0,0.8086734104617607
6401,select a different memory,Cmd.MemoryChange,Help_MemoryOptions,11,42,0,0.8094642555346926
6574,choose a different memory,Cmd.MemoryChange,Help_MemoryOptions,11,42,0,0.8094642555346926
7221,cut the streamed audio to my aids,Cmd.StreamingStop,Cmd.StreamingStart,14,13,0,0.8095941926384348
2711,switch to telephone,Cmd.MemoryChange,Cmd.FindMyPhone,11,9,0,0.8177841186274436
8247,show me the app features,Help_Home,Help_AppSettings,38,23,0,0.8179801809688169
5926,hearing aid battery,Cmd.BatteryLevel,Help_Battery,8,24,0,0.8182645149477976
1839,got to getting a text message at boston,Default Fallback Intent,Cmd.SendMessage,21,12,0,0.8207768543475781
3353,can you telehear,Help_HearingCareAnywhereConnect,Default Fallback Intent,35,21,0,0.8230005496914199
3710,please reminder for today,reminders.add,reminders.complete,55,56,0,0.8307756721354566
4808,please change to mask mode,Cmd.MemoryChange,Help_MaskMode,11,41,0,0.8327772631791046
7231,begin my running workout,Cmd.ActivityRun,Cmd.ActivityExercise,4,3,0,0.8381992532760253
4585,please can't find bose,Default Fallback Intent,Cmd.FindMyPhone,21,9,0,0.8387706979370237
3579,can you remind me to get groceries every month on the 15th at 1 p.m.,reminders.add,Default Fallback Intent,55,21,0,0.8433133586563155
2076,what is my friends score?,Default Fallback Intent,Help_ThriveScore,21,47,0,0.8445621122841767
5457,can you telephone setting,Cmd.MemoryChange,Cmd.FindMyPhone,11,9,0,0.8482266998839338
6201,how do i activate the default settings on the hearing aids,Default Fallback Intent,Help_DeviceSettings,21,29,0,0.8483039020876849
2159,just curls up in your ears yet,Default Fallback Intent,Cmd.VolumeIncrease,21,18,0,0.8506616212822203
5413,can you office memory,Cmd.MemoryChange,Help_MemoryOptions,11,42,0,0.8545318523627055
5750,can i translate english to french?,Help_Translate,Cmd.TranslationStart,50,16,0,0.8551100194586694
1846,car battery,Default Fallback Intent,Cmd.BatteryLevel,21,8,0,0.8556315067657015
2220,braves score,Default Fallback Intent,Help_ThriveScore,21,47,0,0.856748537856029
750,how do i sync my thrive app settings?,Help_HearingCareAnywhereConnect,Help_AppSettings,35,23,0,0.856982580378274
7179,is my charge running low,Cmd.BatteryLevel,Cmd.ActivityRun,8,4,0,0.8576466314847518
6067,how do i change the automatic settings?,Help_DeviceSettings,Help_AppSettings,29,23,0,0.8592339785354624
4649,please i give up,Default Fallback Intent,Cmd.VolumeIncrease,21,18,0,0.8601656910582232
6536,can you soften things a little?,Cmd.VolumeDecrease,Default Fallback Intent,17,21,0,0.8636615285821647
6990,start a bike workout,Cmd.ActivityCycle,Cmd.ActivityExercise,2,3,0,0.8696649480044429
6308,how do i stop my phone ringing in my,Default Fallback Intent,Help_Tinnitus,21,48,0,0.8710744476406429
7159,i'm now seated in a loud coffee shop,Cmd.MemoryChange,Default Fallback Intent,11,21,0,0.8714974507361303
7322,track this gym session,Cmd.ActivityExercise,Cmd.TranscribeStart,3,15,0,0.8724731486611017
6176,make another reminder,reminders.add,reminders.complete,55,56,0,0.8819107032318914
1414,reduce the volume,Cmd.VolumeDecrease,Help_Volume,17,52,0,0.8827651005746773
6922,stop streaming from my phone,Cmd.StreamingStop,Cmd.FindMyPhone,14,9,0,0.8835420742675723
2685,change to telephone,Cmd.MemoryChange,Cmd.FindMyPhone,11,9,0,0.8840029194742548
7153,i'm in a big echoey room now,Cmd.MemoryChange,Default Fallback Intent,11,21,0,0.884883135680942
4791,can you mask setting,Cmd.MemoryChange,Help_MaskMode,11,41,0,0.8861245753943107
3711,can you reminder for today,reminders.add,reminders.complete,55,56,0,0.8861778673843628
5584,can you change settings to three,Cmd.MemoryChange,Help_AppSettings,11,23,0,0.8946772544225706
2216,your needs cut off.,Default Fallback Intent,Cmd.VolumeMute,21,19,0,0.8964801668532358
7870,explain personalizing my hearing aids,Help_Customize,Help_CleanCare,27,26,0,0.8979956650852476
1902,can you put my phone on chris home,Default Fallback Intent,Cmd.FindMyPhone,21,9,0,0.899130431645948
8246,what can i do with this app,Help_Home,Help_AppSettings,38,23,0,0.9031176758313602
4344,please turn the lights on,Default Fallback Intent,Cmd.VolumeUnmute,21,20,0,0.9057083085398078
3462,can you everyday,reminders.add,Default Fallback Intent,55,21,0,0.9065227160014678
4382,can you shelley my phone,Default Fallback Intent,Cmd.FindMyPhone,21,9,0,0.9126853738177969
4346,can you phone,Default Fallback Intent,Cmd.FindMyPhone,21,9,0,0.91988757166742
4264,please phone phone phone phone phone,Default Fallback Intent,Cmd.FindMyPhone,21,9,0,0.920109403749366
4809,can you change to mask mode,Cmd.MemoryChange,Help_MaskMode,11,41,0,0.9224582675966162
8265,how do i access settings,Help_Home,Help_AppSettings,38,23,0,0.9230746490012703
7692,the audio is breaking up,Help_DeviceSettings,Cmd.VolumeIncrease,29,18,0,0.9279577233735146
7520,what's the way to change my program,Help_ChangingMemories,Cmd.MemoryChange,25,11,0,0.9298113629931323
2289,mask mode,Cmd.MemoryChange,Help_MaskMode,11,41,0,0.9363118563147004
1991,shelley my phone,Default Fallback Intent,Cmd.FindMyPhone,21,9,0,0.9368985726495278
2102,is my phone an android phone?,Default Fallback Intent,Cmd.FindMyPhone,21,9,0,0.93774219255749
1280,how to change memory,Help_ChangingMemories,Cmd.MemoryChange,25,11,0,0.9399300137340911
4381,please shelley my phone,Default Fallback Intent,Cmd.FindMyPhone,21,9,0,0.949204504901069
1908,phone phone phone phone phone,Default Fallback Intent,Cmd.FindMyPhone,21,9,0,0.9505704719763763
1934,adjusted with my phone,Default Fallback Intent,Cmd.FindMyPhone,21,9,0,0.9544683739423585
4787,can you mask mode,Cmd.MemoryChange,Help_MaskMode,11,41,0,0.9563790518708091
2290,switch to mask,Cmd.MemoryChange,Help_MaskMode,11,41,0,0.9578718553046002
2301,change to mask mode,Cmd.MemoryChange,Help_MaskMode,11,41,0,0.9739329122099408
490,can i set the program to this location?,Help_MemoryOptions,Cmd.MemoryChange,42,11,0,0.9759394124696724
6355,my telephone my,Default Fallback Intent,Cmd.FindMyPhone,21,9,0,0.9760367903769759
6378,when using my iphone,Default Fallback Intent,Cmd.FindMyPhone,21,9,0,0.9831130123992078
747,how do i restore the thrive app settings?,Help_HearingCareAnywhereConnect,Help_AppSettings,35,23,0,0.984140375934248
